OMP: Warning #182: OMP_STACKSIZE: ignored because KMP_STACKSIZE has been defined
 Voltron Reading input deck from 
 tinyCase_sami3_moments_dsB_lmlt_recommended_long300.xml
  KAIJU/VOLTRON/threading/NumTh           :             8[34m     (XML)[0m 
  KAIJU/GAMERA/debug/writeGhosts          :             F[32m (DEFAULT)[0m 
  KAIJU/GAMERA/debug/writeMagFlux         :             F[32m (DEFAULT)[0m 
  KAIJU/GAMERA/threading/NumTh            :             8[34m     (XML)[0m 
 KAIJU/GAMERA running threaded ...
    # Threads =            8
    # Cores   =            8
 Checking stacksize, if the code crashes here fix your stack ...
  KAIJU/GAMERA/physics/doMHD              :             T[34m     (XML)[0m 
  KAIJU/GAMERA/physics/do25D              :             F[32m (DEFAULT)[0m 
  KAIJU/GAMERA/physics/doResistive        :             F[32m (DEFAULT)[0m 
  KAIJU/GAMERA/sim/pdmb                   :   1.00000E+00[34m     (XML)[0m 
  KAIJU/GAMERA/floors/dFloor              :   1.00000E-04[34m     (XML)[0m 
  KAIJU/GAMERA/floors/pFloor              :   1.00000E-06[34m     (XML)[0m 
  KAIJU/GAMERA/sim/CFL                    :   3.00000E-01[32m (DEFAULT)[0m 
 CFL # =   0.300000000000000     
  KAIJU/GAMERA/sim/Vd0                    :   5.00000E-01[32m (DEFAULT)[0m 
  KAIJU/GAMERA/physics/gamma              :   1.66667E+00[32m (DEFAULT)[0m 
  KAIJU/GAMERA/physics/doHogs             :             T[32m (DEFAULT)[0m 
  KAIJU/GAMERA/physics/cHogH              :   2.50000E-01[32m (DEFAULT)[0m 
  KAIJU/GAMERA/physics/cHogM              :   2.50000E-01[32m (DEFAULT)[0m 
  KAIJU/GAMERA/sim/doAB3                  :             F[32m (DEFAULT)[0m 
  KAIJU/GAMERA/time/tFin                  :   1.00000E+00[32m (DEFAULT)[0m 
  KAIJU/GAMERA/time/fixedTimestep         :  -1.00000E+00[32m (DEFAULT)[0m 
  KAIJU/GAMERA/timestep/limDT0            :   1.00000E-03[32m (DEFAULT)[0m 
  KAIJU/GAMERA/timestep/doCPR             :             T[34m     (XML)[0m 
  KAIJU/GAMERA/timestep/limCPR            :   2.50000E-01[34m     (XML)[0m 
 Please update the XML to use output/dtCon for console output
 Instead of the no longer used output/tsOut
  KAIJU/GAMERA/output/dtCon               :   5.00000E+00[32m (DEFAULT)[0m 
  KAIJU/GAMERA/output/dtOut               :   1.00000E+01[32m (DEFAULT)[0m 
  KAIJU/GAMERA/restart/dtRes              :   1.00000E+02[32m (DEFAULT)[0m 
  KAIJU/GAMERA/output/doTimer             :             F[32m (DEFAULT)[0m 
  KAIJU/GAMERA/output/doFat               :             F[32m (DEFAULT)[0m 
  KAIJU/GAMERA/output/doSlim              :             F[32m (DEFAULT)[0m 
  KAIJU/GAMERA/output/slimTimers          :             T[32m (DEFAULT)[0m 
  KAIJU/GAMERA/output/DivB                :             T[32m (DEFAULT)[0m 
  KAIJU/GAMERA/output/doFatIO             :             F[32m (DEFAULT)[0m 
  KAIJU/GAMERA/output/doHighPrecOut       :             F[32m (DEFAULT)[0m 
  KAIJU/GAMERA/restart/doRes              :             F[34m     (XML)[0m 
  KAIJU/GAMERA/physics/doBoris            :             T[34m     (XML)[0m 
  KAIJU/GAMERA/physics/Ca                 :   1.00000E+01[34m     (XML)[0m 
  KAIJU/GAMERA/multifluid/doMF            :             F[32m (DEFAULT)[0m 
  KAIJU/GAMERA/source/doSource            :             T[34m     (XML)[0m 
  KAIJU/GAMERA/source/nvSrc               :            10[32m (DEFAULT)[0m 
  KAIJU/GAMERA/sim/runid                  :  sami3_moment[34m     (XML)[0m 
  KAIJU/GAMERA/sim/rmeth                  :           7UP[34m     (XML)[0m 
 Using 7UP Reconstruction
  KAIJU/GAMERA/sim/lfmlim                 :             T[32m (DEFAULT)[0m 
  KAIJU/GAMERA/ring/rngrec                :           PPM[32m (DEFAULT)[0m 
  KAIJU/GAMERA/random/seed                :         31337[32m (DEFAULT)[0m 
  KAIJU/GAMERA/sim/doH5g                  :             T[34m     (XML)[0m 
  KAIJU/GAMERA/sim/H5Grid                 :       lfmD.h5[34m     (XML)[0m 
 Reading grid from file: lfmD.h5
  KAIJU/GAMERA/ring/doRing                :             T[34m     (XML)[0m 
  KAIJU/GAMERA/ring/gid                   :           lfm[34m     (XML)[0m 
  KAIJU/GAMERA/ringknobs/doMassRA         :             F[32m (DEFAULT)[0m 
  KAIJU/GAMERA/ringknobs/doClean          :             T[32m (DEFAULT)[0m 
  KAIJU/GAMERA/ringknobs/doFastClean      :             T[32m (DEFAULT)[0m 
  KAIJU/GAMERA/ringknobs/doShift          :             F[32m (DEFAULT)[0m 
  KAIJU/GAMERA/ringknobs/NMag             :             1[32m (DEFAULT)[0m 
  KAIJU/GAMERA/ringknobs/doVClean         :             T[34m     (XML)[0m 
  KAIJU/GAMERA/ringknobs/NVel             :             0[32m (DEFAULT)[0m 
  KAIJU/GAMERA/ring/doAggressive          :             F[34m     (XML)[0m 
  KAIJU/GAMERA/ring/Nr                    :             4[32m (DEFAULT)[0m 
  KAIJU/GAMERA/ring/Nc1                   :             8[32m (DEFAULT)[0m 
  KAIJU/GAMERA/ring/Nc2                   :            16[32m (DEFAULT)[0m 
  KAIJU/GAMERA/ring/Nc3                   :            32[32m (DEFAULT)[0m 
  KAIJU/GAMERA/ring/Nc4                   :            32[32m (DEFAULT)[0m 
  KAIJU/GAMERA/sim/doH5ic                 :             F[32m (DEFAULT)[0m 
  KAIJU/GAMERA/sim/icType                 :          user[34m     (XML)[0m 
  KAIJU/GAMERA/prob/Rho0                  :   2.00000E-01[32m (DEFAULT)[0m 
  KAIJU/GAMERA/prob/P0                    :   1.00000E-03[32m (DEFAULT)[0m 
  KAIJU/GAMERA/prob/doPP0                 :             F[32m (DEFAULT)[0m 
  KAIJU/GAMERA/prob/writeBC               :             T[32m (DEFAULT)[0m 
  /Kaiju/Gamera/prob/planet               :         Earth[32m (DEFAULT)[0m 
  /Kaiju/Gamera/prob/M0                   :   2.96174E-01[32m (DEFAULT)[0m 
  /Kaiju/Gamera/prob/period               :   8.64000E+04[32m (DEFAULT)[0m 
  /Kaiju/Gamera/prob/doCorot              :             T[32m (DEFAULT)[0m 
  KAIJU/GAMERA/floors/dFloor              :   1.00000E-04[34m     (XML)[0m 
  KAIJU/GAMERA/floors/pFloor              :   1.00000E-06[34m     (XML)[0m 
  KAIJU/GAMERA/timestep/doCPR             :             T[34m     (XML)[0m 
  KAIJU/GAMERA/timestep/limCPR            :   2.50000E-01[34m     (XML)[0m 
  KAIJU/GAMERA/chill/doGAMChill           :             F[32m (DEFAULT)[0m 
  KAIJU/GAMERA/chill/doLFMChill           :             F[32m (DEFAULT)[0m 
 ---------------
 Magnetosphere normalization
 T0   [s]    =    63.7810000000000     
 x0   [m]    =    6378100.00000000     
 v0   [m/s]  =    100000.000000000     
 P0   [nPa]  =   1.660539066600000E-002
 B0   [nT]   =    4.56803560959387     
 g    [m/s2] =    9.80700000000000     
 psi0 [kV]   =    87.6183892504483     
 ---------------
 doGrav      =  T
  KAIJU/GAMERA/source/doIngest            :             T[32m (DEFAULT)[0m 
  KAIJU/GAMERA/source/doIngestCold        :             T[32m (DEFAULT)[0m 
  KAIJU/GAMERA/source/coldDMax            :  -1.00000E+00[32m (DEFAULT)[0m 
  KAIJU/GAMERA/source/coldPMax            :  -1.00000E+00[32m (DEFAULT)[0m 
  /Kaiju/voltron/imag/doInit              :             T[34m     (XML)[0m 
  KAIJU/GAMERA/wind/tsfile                :     bcwind.h5[34m     (XML)[0m 
  KAIJU/GAMERA/source0/dz                 :   5.00000E+00[32m (DEFAULT)[0m 
  KAIJU/GAMERA/source0/dt0                :   3.00000E+02[32m (DEFAULT)[0m 
  KAIJU/GAMERA/prob/xMax                  :   2.00000E+01[32m (DEFAULT)[0m 
  KAIJU/GAMERA/prob/yMax                  :   7.50000E+01[32m (DEFAULT)[0m 
  KAIJU/GAMERA/prob/xMin                  :  -2.25000E+02[32m (DEFAULT)[0m 
  KAIJU/GAMERA/prob/sIn                   :   9.60000E-01[32m (DEFAULT)[0m 
  KAIJU/GAMERA/background/rCut            :   1.60000E+01[32m (DEFAULT)[0m 
  KAIJU/GAMERA/background/lCut            :   8.00000E+00[32m (DEFAULT)[0m 
  KAIJU/GAMERA/background/dcScl           :   4.00000E+00[32m (DEFAULT)[0m 
  /Kaiju/voltron/coupling/dt              :   5.00000E+00[32m (DEFAULT)[0m 
  KAIJU/GAMERA/ibc/doIonPush              :             T[32m (DEFAULT)[0m 
  KAIJU/GAMERA/ibc/nIonP                  :             1[32m (DEFAULT)[0m 
  KAIJU/GAMERA/wind/tsfile                :     bcwind.h5[34m     (XML)[0m 
 ---------------
 Solar wind data
 Reading wind data from bcwind.h5
 Assuming input units: t,D,V,T,B = [s],[#/cm3],[m/s],[K],[nT]
 SW Coefficients (Bx0,ByC,BzC) =    0.000   0.000   0.000
 Min solar wind Alfvenic Mach number =    7.587
 Finished reading solar wind data
 ---------------
  /Kaiju/voltron/spinup/doSeq             :             F[32m (DEFAULT)[0m 
[32m<Writing HDF5 DATA @ t =  0.00E+00 [sec] >[0m 
 [36m
 GAMERA
      Time =  0.00E+00 [sec]
        ts =        0
        dt =  1.19E-01 [sec]
    Spent     0.0% of time waiting for Voltron
[0m  Please update the XML to use output/dtCon for console output
 Instead of the no longer used output/tsOut
  KAIJU/GAMERA/output/dtCon               :   5.00000E+00[32m (DEFAULT)[0m 
  KAIJU/GAMERA/output/dtOut               :   1.00000E+01[32m (DEFAULT)[0m 
  KAIJU/GAMERA/restart/dtRes              :   1.00000E+02[32m (DEFAULT)[0m 
  KAIJU/GAMERA/output/doTimer             :             F[32m (DEFAULT)[0m 
  KAIJU/GAMERA/output/doFat               :             F[32m (DEFAULT)[0m 
  KAIJU/GAMERA/output/doSlim              :             F[32m (DEFAULT)[0m 
  KAIJU/GAMERA/output/slimTimers          :             T[32m (DEFAULT)[0m 
  KAIJU/GAMERA/output/DivB                :             T[32m (DEFAULT)[0m 
  KAIJU/GAMERA/output/doFatIO             :             F[32m (DEFAULT)[0m 
  /Kaiju/Gamera/prob/planet               :         Earth[32m (DEFAULT)[0m 
  /Kaiju/Gamera/prob/M0                   :   2.96174E-01[32m (DEFAULT)[0m 
  /Kaiju/Gamera/prob/period               :   8.64000E+04[32m (DEFAULT)[0m 
  /Kaiju/Gamera/prob/doCorot              :             T[32m (DEFAULT)[0m 
 -------------
 Planet params
 Name             : EARTH
 Planet Radius [m]:    6378100.00000000     
 Iono Radius   [m]:    6500000.00000000     
 Gravity    [m/s2]:    9.80700000000000     
 Use gravity      :  T
 Mag. Moment   [G]:   0.296173700000000     
 Corot Pot.   [kV]:    87.6183892504483     
 -------------
  /Kaiju/Gamera/prob/doGeoCorot           :             F[32m (DEFAULT)[0m 
 Going into geospace mode ...
  /Kaiju/Gamera/wind/tsfile               :     bcwind.h5[34m     (XML)[0m 
  KAIJU/VOLTRON/time/tFin                 :   3.00000E+02[34m     (XML)[0m 
 Please update the XML to use output/dtCon for console output
 Instead of the no longer used output/tsOut
  KAIJU/VOLTRON/output/dtCon              :   5.00000E+00[32m (DEFAULT)[0m 
  KAIJU/VOLTRON/output/dtOut              :   5.00000E+00[34m     (XML)[0m 
  KAIJU/VOLTRON/restart/dtRes             :   1.08000E+04[34m     (XML)[0m 
  KAIJU/VOLTRON/output/doTimer            :             F[32m (DEFAULT)[0m 
  KAIJU/VOLTRON/output/doFat              :             F[32m (DEFAULT)[0m 
  KAIJU/VOLTRON/output/doSlim             :             F[32m (DEFAULT)[0m 
  KAIJU/VOLTRON/output/slimTimers         :             T[32m (DEFAULT)[0m 
  KAIJU/VOLTRON/coupling/dtCouple         :   5.00000E+00[34m     (XML)[0m 
  KAIJU/VOLTRON/coupling/rTrc             :   4.00000E+01[32m (DEFAULT)[0m 
 Ending a simulation too close to a coupling interval can cause synchronization 
 issues
 Increasing the ending time by a fraction of a second to create a buffer
  KAIJU/VOLTRON/coupling/doDeep           :             T[32m (DEFAULT)[0m 
  KAIJU/VOLTRON/coupling/doGCM            :             F[32m (DEFAULT)[0m 
  KAIJU/VOLTRON/coupling/dtAvgB0          :   9.00000E+02[32m (DEFAULT)[0m 
  /Kaiju/gamera/restart/doRes             :             F[34m     (XML)[0m 
  KAIJU/VOLTRON/spinup/doSpin             :             T[34m     (XML)[0m 
  KAIJU/VOLTRON/spinup/tSpin              :   5.00000E+00[34m     (XML)[0m 
  KAIJU/VOLTRON/spinup/tIO                :   0.00000E+00[32m (DEFAULT)[0m 
  KAIJU/VOLTRON/coupling/tCouple          :  -5.00000E+00[32m (DEFAULT)[0m 
  KAIJU/VOLTRON/grid/Nt                   :            90[32m (DEFAULT)[0m 
  KAIJU/VOLTRON/grid/Np                   :           180[32m (DEFAULT)[0m 
  KAIJU/VOLTRON/grid/Ng                   :             4[32m (DEFAULT)[0m 
  KAIJU/VOLTRON/grid/gType                :        UNISPH[32m (DEFAULT)[0m 
  KAIJU/VOLTRON/coupling/doQkSquish       :             T[34m     (XML)[0m 
  KAIJU/VOLTRON/coupling/qkSquishStride   :             2[34m     (XML)[0m 
  KAIJU/VOLTRON/ebsquish/epsSquish        :   5.00000E-02[32m (DEFAULT)[0m 
  KAIJU/VOLTRON/coupling/imType           :         RAIJU[34m     (XML)[0m 
  /Kaiju/voltron/imag/doInit              :             T[34m     (XML)[0m 
 raijuInitModel is starting
  KAIJU/RAIJU/driver/isSA                 :             F[32m (DEFAULT)[0m 
  /Kaiju/Gamera/sim/runid                 :  sami3_moment[34m     (XML)[0m 
  KAIJU/RAIJU/time/T0                     :   0.00000E+00[32m (DEFAULT)[0m 
  KAIJU/RAIJU/time/tFin                   :   6.00000E+01[32m (DEFAULT)[0m 
  KAIJU/RAIJU/time/dt                     :   1.00000E+00[32m (DEFAULT)[0m 
  KAIJU/RAIJU/config/fname                :  raijuconfig.[34m     (XML)[0m 
  /Kaiju/Gamera/wind/tsFile               :     bcwind.h5[34m     (XML)[0m 
  KAIJU/RAIJU/mpi/isMPI                   :             F[32m (DEFAULT)[0m 
  /Kaiju/Gamera/restart/doRes             :             F[34m     (XML)[0m 
  KAIJU/RAIJU/plasmasphere/doPsphere      :             T[34m     (XML)[0m 
  KAIJU/RAIJU/plasmasphere/doEvol         :             T[32m (DEFAULT)[0m 
  KAIJU/RAIJU/plasmasphere/evolRad        :   2.25000E+00[32m (DEFAULT)[0m 
  KAIJU/RAIJU/plasmasphere/initKp         :   3.00000E+00[32m (DEFAULT)[0m 
  KAIJU/RAIJU/prob/doExcessMap            :             T[32m (DEFAULT)[0m 
  KAIJU/RAIJU/prob/nSpc                   :             3[32m (DEFAULT)[0m 
  KAIJU/RAIJU/domain/bndLim               :             3[32m (DEFAULT)[0m 
  KAIJU/RAIJU/domain/tail_buffer          :   1.50000E+01[34m     (XML)[0m 
  KAIJU/RAIJU/domain/sun_buffer           :   1.50000E+01[34m     (XML)[0m 
  KAIJU/RAIJU/domain/tail_active          :   1.20000E+01[34m     (XML)[0m 
  KAIJU/RAIJU/domain/sun_active           :   1.20000E+01[34m     (XML)[0m 
  KAIJU/RAIJU/domain/activeRad            :   3.00000E+00[32m (DEFAULT)[0m 
  KAIJU/RAIJU/sim/doSmoothGrads           :             T[32m (DEFAULT)[0m 
  KAIJU/RAIJU/sim/useVelLRs               :             T[32m (DEFAULT)[0m 
  KAIJU/RAIJU/sim/maxIter                 :          1000[32m (DEFAULT)[0m 
  KAIJU/RAIJU/sim/maxOrder                :             7[32m (DEFAULT)[0m 
  KAIJU/RAIJU/sim/pdmb                    :   7.50000E-01[34m     (XML)[0m 
  KAIJU/RAIJU/sim/cfl                     :   3.00000E-01[32m (DEFAULT)[0m 
 CFL # =   0.300000000000000     
  KAIJU/RAIJU/prob/tiote                  :   4.00000E+00[32m (DEFAULT)[0m 
  KAIJU/RAIJU/moments/useStateTioteForInge:             T[34m     (XML)[0m 
  KAIJU/RAIJU/activeShell/doAS            :             F[32m (DEFAULT)[0m 
  KAIJU/RAIJU/activeShell/worthyFrac      :   1.00000E-03[32m (DEFAULT)[0m 
  KAIJU/RAIJU/prob/doCorot                :             F[32m (DEFAULT)[0m 
  KAIJU/RAIJU/lambdas/dynamicRanges       :             F[32m (DEFAULT)[0m 
  KAIJU/RAIJU/moments/DP2EtaMap           :       MAXWELL[32m (DEFAULT)[0m 
  KAIJU/RAIJU/losses/doLosses             :             T[34m     (XML)[0m 
  KAIJU/RAIJU/losses/doCC                 :             T[34m     (XML)[0m 
  KAIJU/RAIJU/losses/doCX                 :             T[34m     (XML)[0m 
  KAIJU/RAIJU/losses/doEWM                :             T[32m (DEFAULT)[0m 
  KAIJU/RAIJU/losses/ewmType              :            SS[32m (DEFAULT)[0m 
  KAIJU/RAIJU/output/loudConsole          :             T[34m     (XML)[0m 
  KAIJU/RAIJU/output/writeGhosts          :             F[34m     (XML)[0m 
  KAIJU/RAIJU/output/doLossExtras         :             F[34m     (XML)[0m 
  KAIJU/RAIJU/output/doDebug              :             F[34m     (XML)[0m 
  KAIJU/RAIJU/hax/rcmEtaPush              :             F[32m (DEFAULT)[0m 
  KAIJU/RAIJU/domain/vaFrac_soft          :   6.00000E-01[32m (DEFAULT)[0m 
  KAIJU/RAIJU/domain/vaFrac_hard          :   4.00000E-01[32m (DEFAULT)[0m 
  KAIJU/RAIJU/domain/bmin_soft            :   5.00000E+00[32m (DEFAULT)[0m 
  KAIJU/RAIJU/domain/bmin_hard            :   2.00000E+00[32m (DEFAULT)[0m 
  KAIJU/RAIJU/cpl/nBounce                 :   3.00000E+00[32m (DEFAULT)[0m 
  KAIJU/RAIJU/cpl/nFluidsIn               :             1[34m     (XML)[0m 
  KAIJU/RAIJU/fluidIn1/imhd               :             0[34m     (XML)[0m 
  KAIJU/RAIJU/fluidIn1/flav               :             2[34m     (XML)[0m 
  KAIJU/RAIJU/fluidIn1/excessToPsph       :             T[34m     (XML)[0m 
  /Kaiju/Gamera/prob/planet               :         Earth[32m (DEFAULT)[0m 
  /Kaiju/Gamera/prob/M0                   :   2.96174E-01[32m (DEFAULT)[0m 
  /Kaiju/Gamera/prob/period               :   8.64000E+04[32m (DEFAULT)[0m 
  Calculated corotation potential [kV]:    87.6183892504483     
  /Kaiju/Gamera/prob/doCorot              :             T[32m (DEFAULT)[0m 
  KAIJU/RAIJU/grid/Nbnd                   :             4[32m (DEFAULT)[0m 
  KAIJU/RAIJU/grid/gType                  :        SHGRID[34m     (XML)[0m 
  KAIJU/RAIJU/grid/ThetaL                 :   1.50000E+01[34m     (XML)[0m 
 RAIJU theta range =    15.0000000000000        49.1066053508691     
  KAIJU/RAIJU/grid/Ng                     :             4[32m (DEFAULT)[0m 
  KAIJU/RAIJU/hax/doConstB                :             F[32m (DEFAULT)[0m 
  KAIJU/RAIJU/config/ignoreMismatch       :             F[32m (DEFAULT)[0m 
 Found spc group Species/0
  Flav:                    0
  N:                       1
  # nuc_p:                 1
  # nuc_n:                 0
  q:                       1
  spcType:                 2
  Fudge:          0.000000000000000E+000
  kStart:                  1
  kEnd:                    1
 Found spc group Species/1
  Flav:                    1
  N:                      39
  # nuc_p:                 0
  # nuc_n:                 0
  q:                      -1
  spcType:                 1
  Fudge:          0.333333333333333     
  kStart:                  2
  kEnd:                   40
 Found spc group Species/2
  Flav:                    2
  N:                     120
  # nuc_p:                 1
  # nuc_n:                 0
  q:                       1
  spcType:                 2
  Fudge:          0.000000000000000E+000
  kStart:                 41
  kEnd:                  160
           0 T
           1 F
           2 T
 ---------------
 Creating time series for Kp
 Reading data from bcwind.h5
 Finished reading data for Kp
 ---------------
  KAIJU/RAIJU/prob/IC                     :           DIP[32m (DEFAULT)[0m 
 Initializing a dipole field with XML-determined electrostatic potential and eta
  distribution
  KAIJU/RAIJU/prob/espotPreset            :         TOFFO[32m (DEFAULT)[0m 
  KAIJU/RAIJU/prob/cpcp                   :   5.00000E+01[32m (DEFAULT)[0m 
  KAIJU/RAIJU/prob/etaPreset              :          RING[32m (DEFAULT)[0m 
  KAIJU/RAIJU/prob/D                      :   1.00000E+01[32m (DEFAULT)[0m 
  KAIJU/RAIJU/prob/T                      :   3.00000E+01[32m (DEFAULT)[0m 
  KAIJU/RAIJU/prob/tiote                  :   4.00000E+00[32m (DEFAULT)[0m 
  KAIJU/RAIJU/prob/L                      :   4.00000E+00[32m (DEFAULT)[0m 
  KAIJU/RAIJU/prob/dL                     :   6.25000E-01[32m (DEFAULT)[0m 
 RAIJU initializing plasmasphere with Kp =   3.00000000000000     
  /Kaiju/RAIJU/losses/ssMult              :   1.00000E+00[32m (DEFAULT)[0m 
 Please update the XML to use output/dtCon for console output
 Instead of the no longer used output/tsOut
  KAIJU/VOLTRON/output/dtCon              :   5.00000E+00[32m (DEFAULT)[0m 
  KAIJU/VOLTRON/output/dtOut              :   5.00000E+00[34m     (XML)[0m 
  KAIJU/VOLTRON/restart/dtRes             :   1.08000E+04[34m     (XML)[0m 
  KAIJU/VOLTRON/output/doTimer            :             F[32m (DEFAULT)[0m 
  KAIJU/VOLTRON/output/doFat              :             F[32m (DEFAULT)[0m 
  KAIJU/VOLTRON/output/doSlim             :             F[32m (DEFAULT)[0m 
  KAIJU/VOLTRON/output/slimTimers         :             T[32m (DEFAULT)[0m 
  KAIJU/RAIJU/cpl/startupTscl             :   7.20000E+03[34m     (XML)[0m 
  KAIJU/RAIJU/cpl/tsclSm_dL               :   1.00000E+00[32m (DEFAULT)[0m 
  KAIJU/RAIJU/cpl/tsclSm_dMLT             :   1.00000E+00[32m (DEFAULT)[0m 
  KAIJU/RAIJU/sami3Moments/doIngest       :             T[34m     (XML)[0m 
  KAIJU/RAIJU/sami3Moments/file           :  /home/jiaoy_[34m     (XML)[0m 
  KAIJU/RAIJU/sami3Moments/group          :  /RaiCplMomen[34m     (XML)[0m 
  KAIJU/RAIJU/sami3Moments/alphaPavg      :   5.00000E-02[34m     (XML)[0m 
  KAIJU/RAIJU/sami3Moments/alphaDavg      :   5.00000E-02[34m     (XML)[0m 
  KAIJU/RAIJU/sami3Moments/alphaPstd      :   0.00000E+00[34m     (XML)[0m 
  KAIJU/RAIJU/sami3Moments/alphaDstd      :   0.00000E+00[34m     (XML)[0m 
  KAIJU/RAIJU/sami3Moments/alphaTiote     :   1.00000E+00[34m     (XML)[0m 
  KAIJU/RAIJU/sami3Moments/densityFloor   :   0.00000E+00[32m (DEFAULT)[0m 
  KAIJU/RAIJU/sami3Moments/pressureFloor  :   0.00000E+00[32m (DEFAULT)[0m 
  KAIJU/RAIJU/sami3Moments/tioteMin       :   0.00000E+00[32m (DEFAULT)[0m 
  KAIJU/RAIJU/sami3Moments/tioteMax       :   1.00000E+30[32m (DEFAULT)[0m 
  KAIJU/RAIJU/sami3Moments/abortOnNonfinit:             T[32m (DEFAULT)[0m 
  KAIJU/RAIJU/coldStarter/doCX            :             T[32m (DEFAULT)[0m 
  KAIJU/RAIJU/coldStarter/doUpdate        :             F[32m (DEFAULT)[0m 
  KAIJU/RAIJU/coldStarter/evalCadence     :   3.00000E+02[32m (DEFAULT)[0m 
  KAIJU/RAIJU/coldStarter/tEnd            :   7.20000E+03[32m (DEFAULT)[0m 
  KAIJU/RAIJU/grid/ThetaL                 :   1.50000E+01[34m     (XML)[0m 
 RAIJU theta range =    15.0000000000000        49.1066053508691     
  KAIJU/RAIJU/grid/Ng                     :             4[32m (DEFAULT)[0m 
 SAMI3 moments ingest enabled: 
 /home/jiaoy_group/jiaoy/data/MAGE1.25/kaiju_sami3_voltron_moments_20260523/anal
 ysis/sami3_voltron_raiju_diag_stubpayload_nfluid1_ds_over_B_l_mlt_20260524.h5
  group=/RaiCplMomentsOnly
 SAMI3 moments alpha Pavg/Davg/Pstd/Dstd/tiote:  5.000000000000000E-002
  5.000000000000000E-002  0.000000000000000E+000  0.000000000000000E+000
   1.00000000000000     
 SAMI3 moments floors density/pressure and tiote min/max:
  0.000000000000000E+000  0.000000000000000E+000  0.000000000000000E+000
  1.000000000000000E+030
 SAMI3 moments abortOnNonfinite: T
 RAIJU outputting to sami3_moments_dsB_lmlt_recommended_long300.raiju.h5
  KAIJU/VOLTRON/coupling/doDynDT          :             F[32m (DEFAULT)[0m 
 Voltron outputting to sami3_moments_dsB_lmlt_recommended_long300.volt.h5
  KAIJU/REMIX/conductance/euv_model_type  :         LOMPE[32m (DEFAULT)[0m 
  KAIJU/REMIX/conductance/et_model_type   :          NONE[32m (DEFAULT)[0m 
  KAIJU/REMIX/conductance/sigma_model_type:         KAE23[32m (DEFAULT)[0m 
  KAIJU/REMIX/precipitation/aurora_model_t:        LINMRG[34m     (XML)[0m 
  KAIJU/REMIX/precipitation/alpha         :   2.00000E-01[34m     (XML)[0m 
  KAIJU/REMIX/precipitation/beta          :   4.00000E-01[34m     (XML)[0m 
  KAIJU/REMIX/precipitation/R             :   8.00000E-02[32m (DEFAULT)[0m 
  KAIJU/REMIX/precipitation/doAuroralSmoot:             F[34m     (XML)[0m 
  KAIJU/REMIX/conductance/F107            :   1.20000E+02[32m (DEFAULT)[0m 
  KAIJU/REMIX/conductance/pedmin          :   2.00000E+00[32m (DEFAULT)[0m 
  KAIJU/REMIX/conductance/hallmin         :   1.00000E+00[32m (DEFAULT)[0m 
  KAIJU/REMIX/conductance/sigma_ratio     :   6.00000E+00[32m (DEFAULT)[0m 
  KAIJU/REMIX/conductance/ped0            :   1.00000E+01[32m (DEFAULT)[0m 
  KAIJU/REMIX/conductance/const_sigma     :             F[32m (DEFAULT)[0m 
  KAIJU/REMIX/conductance/doRamp          :             F[34m     (XML)[0m 
  KAIJU/REMIX/conductance/doChill         :             F[32m (DEFAULT)[0m 
  KAIJU/REMIX/conductance/doStarlight     :             T[34m     (XML)[0m 
  KAIJU/REMIX/conductance/doMR            :             F[32m (DEFAULT)[0m 
  KAIJU/REMIX/conductance/apply_cap       :             T[32m (DEFAULT)[0m 
  KAIJU/REMIX/precipitation/gamma         :   1.66667E+00[32m (DEFAULT)[0m 
  KAIJU/REMIX/conductance/doEMA           :             T[32m (DEFAULT)[0m 
  KAIJU/REMIX/conductance/doET            :             F[32m (DEFAULT)[0m 
  KAIJU/REMIX/conductance/doSWF107        :             T[32m (DEFAULT)[0m 
  KAIJU/REMIX/solver/maxitr               :           400[32m (DEFAULT)[0m 
  KAIJU/REMIX/solver/mr                   :            30[32m (DEFAULT)[0m 
  KAIJU/REMIX/solver/tol_abs              :   1.00000E-06[32m (DEFAULT)[0m 
  KAIJU/REMIX/solver/tol_rel              :   1.00000E-06[32m (DEFAULT)[0m 
  KAIJU/REMIX/solver/llbc_value           :   0.00000E+00[32m (DEFAULT)[0m 
  KAIJU/REMIX/grid/Np                     :           360[32m (DEFAULT)[0m 
  KAIJU/REMIX/grid/Nt                     :            45[32m (DEFAULT)[0m 
  KAIJU/REMIX/grid/LowLatBoundary         :   4.50000E+01[32m (DEFAULT)[0m 
  KAIJU/REMIX/grid/init_from_file         :             F[32m (DEFAULT)[0m 
  KAIJU/REMIX/output/dtOut                :   1.00000E+00[32m (DEFAULT)[0m 
  /Kaiju/gamera/restart/nRes              :             2[34m     (XML)[0m 
  KAIJU/REMIX/debug/mklmsglvl             :             0[32m (DEFAULT)[0m 
 [31m
 [0m 
 WARNING for ShellGrid with name: REMIX
 No radius provided, assuming Earth's ionosphere according to kdefs:
   1.01911227481538       Rp
  KAIJU/REMIX/conductance/euv_model_type  :         LOMPE[32m (DEFAULT)[0m 
  KAIJU/REMIX/conductance/et_model_type   :          NONE[32m (DEFAULT)[0m 
  KAIJU/REMIX/conductance/sigma_model_type:         KAE23[32m (DEFAULT)[0m 
  KAIJU/REMIX/precipitation/aurora_model_t:        LINMRG[34m     (XML)[0m 
  KAIJU/REMIX/precipitation/alpha         :   2.00000E-01[34m     (XML)[0m 
  KAIJU/REMIX/precipitation/beta          :   4.00000E-01[34m     (XML)[0m 
  KAIJU/REMIX/precipitation/R             :   8.00000E-02[32m (DEFAULT)[0m 
  KAIJU/REMIX/precipitation/doAuroralSmoot:             F[34m     (XML)[0m 
  KAIJU/REMIX/conductance/F107            :   1.20000E+02[32m (DEFAULT)[0m 
  KAIJU/REMIX/conductance/pedmin          :   2.00000E+00[32m (DEFAULT)[0m 
  KAIJU/REMIX/conductance/hallmin         :   1.00000E+00[32m (DEFAULT)[0m 
  KAIJU/REMIX/conductance/sigma_ratio     :   6.00000E+00[32m (DEFAULT)[0m 
  KAIJU/REMIX/conductance/ped0            :   1.00000E+01[32m (DEFAULT)[0m 
  KAIJU/REMIX/conductance/const_sigma     :             F[32m (DEFAULT)[0m 
  KAIJU/REMIX/conductance/doRamp          :             F[34m     (XML)[0m 
  KAIJU/REMIX/conductance/doChill         :             F[32m (DEFAULT)[0m 
  KAIJU/REMIX/conductance/doStarlight     :             T[34m     (XML)[0m 
  KAIJU/REMIX/conductance/doMR            :             F[32m (DEFAULT)[0m 
  KAIJU/REMIX/conductance/apply_cap       :             T[32m (DEFAULT)[0m 
  KAIJU/REMIX/precipitation/gamma         :   1.66667E+00[32m (DEFAULT)[0m 
  KAIJU/REMIX/conductance/doEMA           :             T[32m (DEFAULT)[0m 
  KAIJU/REMIX/conductance/doET            :             F[32m (DEFAULT)[0m 
  KAIJU/REMIX/conductance/doSWF107        :             T[32m (DEFAULT)[0m 
  KAIJU/REMIX/solver/maxitr               :           400[32m (DEFAULT)[0m 
  KAIJU/REMIX/solver/mr                   :            30[32m (DEFAULT)[0m 
  KAIJU/REMIX/solver/tol_abs              :   1.00000E-06[32m (DEFAULT)[0m 
  KAIJU/REMIX/solver/tol_rel              :   1.00000E-06[32m (DEFAULT)[0m 
  KAIJU/REMIX/solver/llbc_value           :   0.00000E+00[32m (DEFAULT)[0m 
  KAIJU/REMIX/grid/Np                     :           360[32m (DEFAULT)[0m 
  KAIJU/REMIX/grid/Nt                     :            45[32m (DEFAULT)[0m 
  KAIJU/REMIX/grid/LowLatBoundary         :   4.50000E+01[32m (DEFAULT)[0m 
  KAIJU/REMIX/grid/init_from_file         :             F[32m (DEFAULT)[0m 
  KAIJU/REMIX/output/dtOut                :   1.00000E+00[32m (DEFAULT)[0m 
  /Kaiju/gamera/restart/nRes              :             2[34m     (XML)[0m 
  KAIJU/REMIX/debug/mklmsglvl             :             0[32m (DEFAULT)[0m 
 [31m
 [0m 
 WARNING for ShellGrid with name: REMIX
 No radius provided, assuming Earth's ionosphere according to kdefs:
   1.01911227481538       Rp
 Using F10.7 =    100.000000000000     
 Using MJD0  =    52061.9583333333     
[32m<Writing HDF5 DATA @ t = -5.00E+00 [sec] >[0m 
 Overwriting group sami3_moments_dsB_lmlt_recommended_long300.gam.h5/Step#0
  KAIJU/CHIMP/domain/rClosed              :   2.25000E+00[32m (DEFAULT)[0m 
 ------------
 CHIMP Units
 inTScl =    2997.92458000000     
 inBScl =    17.0931245918848     
 inVScl =   3.335640951981520E-004
 ------------
  KAIJU/CHIMP/interp/wgt                  :           TSC[32m (DEFAULT)[0m 
  KAIJU/CHIMP/tracer/epsds                :   5.00000E-02[34m     (XML)[0m 
  KAIJU/CHIMP/tracer/doDip                :             F[32m (DEFAULT)[0m 
  KAIJU/CHIMP/streamline/steptype         :          MAGE[32m (DEFAULT)[0m 
  KAIJU/CHIMP/streamline/bMin_C           :   1.00000E-12[32m (DEFAULT)[0m 
<Grid size = (48,48,64)>
  KAIJU/CHIMP/fields/grType               :           LFM[34m     (XML)[0m 
 <Grid type = LFM>
 Doing grid calculations ...
 Finished grid calculations
 Initializing LFM locator
  KAIJU/CHIMP/domain/rmin                 :   1.01911E+00[32m (DEFAULT)[0m 
  KAIJU/CHIMP/domain/rmax                 :   2.69493E+01[32m (DEFAULT)[0m 
  KAIJU/CHIMP/domain/dtype                :          MAGE[34m     (XML)[0m 
 Using MAGE inDomain
  KAIJU/CHIMP/domain/xSun                 :   2.00000E+01[32m (DEFAULT)[0m 
  KAIJU/CHIMP/domain/xTail                :  -5.00000E+01[32m (DEFAULT)[0m 
  KAIJU/CHIMP/domain/yzMax                :   4.00000E+01[32m (DEFAULT)[0m 
  KAIJU/CHIMP/domain/gtype                :           LFM[32m (DEFAULT)[0m 
 Using spherical inGap
  KAIJU/CHIMP/domain/rgap                 :   2.81609E+00[32m (DEFAULT)[0m 
 MAXTUBESIZE =         5000
 [32m
 ---------------
 Kaiju configuration
Git branch = HEAD
Git hash   = 9e19bfc
Compiler   = Intel(R) Fortran Intel(R) 64 Compiler Classic for applications running on Intel(R) 64, Version 2021.10.0 Build 20230609_000000
Run starting on: Sun May 24 16:23:47 2026
 ---------------
[0m  [36m
 GAMERA
      Time = -5.00E+00 [sec]
        ts =        0
        dt =  1.19E-01 [sec]
    dt/dt0 =  100.000%
    Spent     0.0% of time waiting for Voltron
[0m       CPCP =    0.052   0.052 [kV, N/S]
 [34m
 VOLTRON
      UT   = 2001-06-01 22:59:55
      tilt =    0.000 [deg]
    Sym-H  =   -5.000 [nT]
    BSDst  ~    7.607 [nT]
           dSMRs  ~     0.24   -0.08   -0.08   -0.08 [nT, 12/18/00/06]
   Spent     0.0% of time waiting for Gamera
             0.0% of time processing Chimp(Helpers)
             0.0% of time processing IMAG
             0.0% of time processing Remix
             0.0% of time processing Tubes(Helpers)
             0.0% of time writing files
[0m [32m<Writing HDF5 DATA @ t = -5.00E+00 [sec] >[0m 
 Overwriting group sami3_moments_dsB_lmlt_recommended_long300.gam.h5/Step#0
[32m<Writing RAIJU HDF5 DATA @ t =  0.00E+00 [sec] >[0m 
 SAMI3 moments ingest applied after RAIJU realtime pack: 
 /home/jiaoy_group/jiaoy/data/MAGE1.25/kaiju_sami3_voltron_moments_20260523/anal
 ysis/sami3_voltron_raiju_diag_stubpayload_nfluid1_ds_over_B_l_mlt_20260524.h5
  group=/RaiCplMomentsOnly
 SAMI3 moments Pavg(0) min/max:  9.898480594555548E-004  1.218429505825043E-002
 SAMI3 moments Davg(0) min/max:  0.361082989747654        872.230859375000     
 SAMI3 moments tiote min/max:  0.874837875366211        1.00044798851013     
 RAIJU Cold starting...
  Real Dst             :   -5.00
  Model Dst            :    7.70
  Target DPS-Dst       :  -12.70
  Hot proton pre-loss  :  -28.73
            post-loss  :  -20.08
         post-rescale  :  -12.70
  Hot electron DPS-Dst :   -5.06
 RAIJU initializing plasmasphere with Kp =   3.00000000000000     
 [36m
 GAMERA
      Time =  1.17E-01 [sec]
        ts =       43
        dt =  1.19E-01 [sec]
    dt/dt0 =   99.907%
    Spent     0.0% of time waiting for Voltron
[0m       CPCP =    2.423   2.423 [kV, N/S]
 [34m
 VOLTRON
      UT   = 2001-06-01 23:00:00
      tilt =    0.000 [deg]
    Sym-H  =   -5.000 [nT]
    BSDst  ~    7.671 [nT]
           dSMRs  ~     0.25   -0.08   -0.09   -0.08 [nT, 12/18/00/06]
   DPSDst  ~   -5.798 [nT]
   Spent     4.6% of time waiting for Gamera
             2.2% of time processing Chimp(Helpers)
             3.1% of time processing IMAG
             2.3% of time processing Remix
             3.8% of time processing Tubes(Helpers)
             0.0% of time writing files
    Running @    2.463% of real-time (8 threads)
[0m  [35m
 RAIJU
      UT   = 2001-06-01 23:00:05
      Time =  5.00E+00 [sec]
     dtCpl =  5.00E+00 [sec]
     Max/Min dt @ k:
        Max    2.554 [min] @ 53
        Min 1.38E-01 [sec] @ 160
     Flav : max Press/Den @ L,MLT; DPS-dst
        0: P =   0.00, D =9075.91 @  1.54 Rp,12.07 MLT; DPS:   0.00
        1: P =   1.03, D =   0.40 @  4.00 Rp,15.69 MLT; DPS:  -2.01
        2: P =   2.67, D =   0.26 @  4.00 Rp,15.51 MLT; DPS:  -5.12
[0m [32m<Writing HDF5 DATA @ t =  1.17E-01 [sec] >[0m 
 Overwriting group sami3_moments_dsB_lmlt_recommended_long300.gamCpl.h5/Step#1
[32m<Writing RAIJU HDF5 DATA @ t =  5.00E+00 [sec] >[0m 
[32m<Writing HDF5 RESTART @ t =  1.17E-01 [sec] >[0m 
[32m<Writing RAIJU HDF5 RESTART @ t =  5.00E+00 [sec] >[0m 
 [36m
 GAMERA
      Time =  5.01E+00 [sec]
        ts =       83
        dt =  1.25E-01 [sec]
    dt/dt0 =  104.655%
    Spent     0.0% of time waiting for Voltron
      kZCs =   3505.22 /   1008.57 [MHD/TOT] (8 threads)
[0m       CPCP =    3.076   3.077 [kV, N/S]
 [34m
 VOLTRON
      UT   = 2001-06-01 23:00:05
      tilt =    0.000 [deg]
    Sym-H  =   -5.000 [nT]
    BSDst  ~    7.696 [nT]
           dSMRs  ~     0.25   -0.08   -0.09   -0.08 [nT, 12/18/00/06]
   DPSDst  ~   -5.677 [nT]
   Spent     8.9% of time waiting for Gamera
             4.4% of time processing Chimp(Helpers)
             4.0% of time processing IMAG
             4.0% of time processing Remix
             7.5% of time processing Tubes(Helpers)
             0.0% of time writing files
    Running @    4.888% of real-time (8 threads)
[0m  [35m
 RAIJU
      UT   = 2001-06-01 23:00:10
      Time =  1.00E+01 [sec]
     dtCpl =  5.00E+00 [sec]
     Max/Min dt @ k:
        Max    2.697 [min] @ 53
        Min 1.38E-01 [sec] @ 160
     Flav : max Press/Den @ L,MLT; DPS-dst
        0: P =   0.00, D =9075.91 @  1.54 Rp,12.07 MLT; DPS:   0.00
        1: P =   1.00, D =   0.41 @  4.16 Rp,16.22 MLT; DPS:  -1.99
        2: P =   2.67, D =   0.26 @  3.96 Rp,15.47 MLT; DPS:  -5.12
[0m [32m<Writing HDF5 DATA @ t =  5.01E+00 [sec] >[0m 
[32m<Writing RAIJU HDF5 DATA @ t =  1.00E+01 [sec] >[0m 
 [36m
 GAMERA
      Time =  1.00E+01 [sec]
        ts =      123
        dt =  1.27E-01 [sec]
    dt/dt0 =  106.441%
    Spent     0.0% of time waiting for Voltron
      kZCs =   3499.61 /    996.69 [MHD/TOT] (8 threads)
[0m       CPCP =    3.296   3.297 [kV, N/S]
 [34m
 VOLTRON
      UT   = 2001-06-01 23:00:10
      tilt =    0.000 [deg]
    Sym-H  =   -5.000 [nT]
    BSDst  ~    7.718 [nT]
           dSMRs  ~     0.28   -0.11   -0.07   -0.11 [nT, 12/18/00/06]
   DPSDst  ~   -5.637 [nT]
   Spent    12.4% of time waiting for Gamera
             6.2% of time processing Chimp(Helpers)
             4.8% of time processing IMAG
             5.7% of time processing Remix
            10.6% of time processing Tubes(Helpers)
             0.0% of time writing files
    Running @    7.467% of real-time (8 threads)
[0m  [35m
 RAIJU
      UT   = 2001-06-01 23:00:15
      Time =  1.50E+01 [sec]
     dtCpl =  5.00E+00 [sec]
     Max/Min dt @ k:
        Max    2.664 [min] @ 53
        Min 1.38E-01 [sec] @ 160
     Flav : max Press/Den @ L,MLT; DPS-dst
        0: P =   0.00, D =9075.91 @  1.54 Rp,12.07 MLT; DPS:   0.00
        1: P =   0.98, D =   0.40 @  4.16 Rp,16.22 MLT; DPS:  -1.94
        2: P =   2.68, D =   0.26 @  3.96 Rp,15.46 MLT; DPS:  -5.09
[0m [32m<Writing HDF5 DATA @ t =  1.00E+01 [sec] >[0m 
[32m<Writing RAIJU HDF5 DATA @ t =  1.50E+01 [sec] >[0m 
 [36m
 GAMERA
      Time =  1.50E+01 [sec]
        ts =      162
        dt =  1.28E-01 [sec]
    dt/dt0 =  107.155%
    Spent     0.0% of time waiting for Voltron
      kZCs =   3498.04 /    967.10 [MHD/TOT] (8 threads)
[0m       CPCP =    3.260   3.262 [kV, N/S]
 [34m
 VOLTRON
      UT   = 2001-06-01 23:00:15
      tilt =    0.000 [deg]
    Sym-H  =   -5.000 [nT]
    BSDst  ~    7.702 [nT]
           dSMRs  ~     0.28   -0.11   -0.04   -0.12 [nT, 12/18/00/06]
   DPSDst  ~   -5.621 [nT]
   Spent    15.3% of time waiting for Gamera
             7.8% of time processing Chimp(Helpers)
             5.4% of time processing IMAG
             7.3% of time processing Remix
            13.2% of time processing Tubes(Helpers)
             0.0% of time writing files
    Running @    9.852% of real-time (8 threads)
[0m  [35m
 RAIJU
      UT   = 2001-06-01 23:00:20
      Time =  2.00E+01 [sec]
     dtCpl =  5.00E+00 [sec]
     Max/Min dt @ k:
        Max    2.499 [min] @ 53
        Min 1.38E-01 [sec] @ 160
     Flav : max Press/Den @ L,MLT; DPS-dst
        0: P =   0.00, D =9075.91 @  1.54 Rp,12.07 MLT; DPS:   0.00
        1: P =   0.95, D =   0.39 @  4.21 Rp,16.26 MLT; DPS:  -1.92
        2: P =   2.67, D =   0.26 @  3.96 Rp,15.46 MLT; DPS:  -5.09
[0m [32m<Writing HDF5 DATA @ t =  1.50E+01 [sec] >[0m 
[32m<Writing RAIJU HDF5 DATA @ t =  2.00E+01 [sec] >[0m 
 [36m
 GAMERA
      Time =  2.01E+01 [sec]
        ts =      202
        dt =  1.28E-01 [sec]
    dt/dt0 =  107.571%
    Spent     0.0% of time waiting for Voltron
      kZCs =   3499.61 /    977.31 [MHD/TOT] (8 threads)
[0m       CPCP =    3.126   3.128 [kV, N/S]
 [34m
 VOLTRON
      UT   = 2001-06-01 23:00:20
      tilt =    0.000 [deg]
    Sym-H  =   -5.000 [nT]
    BSDst  ~    7.800 [nT]
           dSMRs  ~     0.27   -0.12   -0.03   -0.13 [nT, 12/18/00/06]
   DPSDst  ~   -5.603 [nT]
   Spent    17.7% of time waiting for Gamera
             9.0% of time processing Chimp(Helpers)
             6.0% of time processing IMAG
             8.8% of time processing Remix
            15.2% of time processing Tubes(Helpers)
             0.0% of time writing files
    Running @   12.256% of real-time (8 threads)
[0m  [35m
 RAIJU
      UT   = 2001-06-01 23:00:25
      Time =  2.50E+01 [sec]
     dtCpl =  5.00E+00 [sec]
     Max/Min dt @ k:
        Max    2.535 [min] @ 53
        Min 1.38E-01 [sec] @ 160
     Flav : max Press/Den @ L,MLT; DPS-dst
        0: P =   0.00, D =9075.91 @  1.54 Rp,12.07 MLT; DPS:   0.00
        1: P =   0.93, D =   0.38 @  4.21 Rp,16.26 MLT; DPS:  -1.89
        2: P =   2.67, D =   0.26 @  3.96 Rp,15.47 MLT; DPS:  -5.09
[0m [32m<Writing HDF5 DATA @ t =  2.01E+01 [sec] >[0m 
[32m<Writing RAIJU HDF5 DATA @ t =  2.50E+01 [sec] >[0m 
 [36m
 GAMERA
      Time =  2.51E+01 [sec]
        ts =      241
        dt =  1.28E-01 [sec]
    dt/dt0 =  107.834%
    Spent     0.0% of time waiting for Voltron
      kZCs =   3498.47 /    956.58 [MHD/TOT] (8 threads)
[0m       CPCP =    2.987   2.990 [kV, N/S]
 [34m
 VOLTRON
      UT   = 2001-06-01 23:00:25
      tilt =    0.000 [deg]
    Sym-H  =   -5.000 [nT]
    BSDst  ~    7.815 [nT]
           dSMRs  ~     0.25   -0.10   -0.05   -0.10 [nT, 12/18/00/06]
   DPSDst  ~   -5.610 [nT]
   Spent    19.7% of time waiting for Gamera
            10.1% of time processing Chimp(Helpers)
             6.4% of time processing IMAG
            10.1% of time processing Remix
            17.0% of time processing Tubes(Helpers)
             0.0% of time writing files
    Running @   14.539% of real-time (8 threads)
[0m  [35m
 RAIJU
      UT   = 2001-06-01 23:00:30
      Time =  3.00E+01 [sec]
     dtCpl =  5.00E+00 [sec]
     Max/Min dt @ k:
        Max    2.418 [min] @ 53
        Min 1.38E-01 [sec] @ 160
     Flav : max Press/Den @ L,MLT; DPS-dst
        0: P =   0.00, D =9075.91 @  1.54 Rp,12.07 MLT; DPS:   0.00
        1: P =   0.90, D =   0.38 @  4.21 Rp,16.27 MLT; DPS:  -1.87
        2: P =   2.66, D =   0.26 @  3.96 Rp,15.47 MLT; DPS:  -5.09
[0m [32m<Writing HDF5 DATA @ t =  2.51E+01 [sec] >[0m 
[32m<Writing RAIJU HDF5 DATA @ t =  3.00E+01 [sec] >[0m 
 [36m
 GAMERA
      Time =  3.01E+01 [sec]
        ts =      280
        dt =  1.29E-01 [sec]
    dt/dt0 =  108.025%
    Spent     0.0% of time waiting for Voltron
      kZCs =   3501.88 /    963.23 [MHD/TOT] (8 threads)
[0m       CPCP =    2.919   2.922 [kV, N/S]
 [34m
 VOLTRON
      UT   = 2001-06-01 23:00:30
      tilt =    0.000 [deg]
    Sym-H  =   -5.000 [nT]
    BSDst  ~    7.685 [nT]
           dSMRs  ~     0.24   -0.11   -0.03   -0.11 [nT, 12/18/00/06]
   DPSDst  ~   -5.579 [nT]
   Spent    21.4% of time waiting for Gamera
            11.0% of time processing Chimp(Helpers)
             6.8% of time processing IMAG
            11.2% of time processing Remix
            18.5% of time processing Tubes(Helpers)
             0.0% of time writing files
    Running @   16.556% of real-time (8 threads)
[0m  [35m
 RAIJU
      UT   = 2001-06-01 23:00:35
      Time =  3.50E+01 [sec]
     dtCpl =  5.00E+00 [sec]
     Max/Min dt @ k:
        Max    2.359 [min] @ 53
        Min 1.38E-01 [sec] @ 160
     Flav : max Press/Den @ L,MLT; DPS-dst
        0: P =   0.00, D =9075.91 @  1.54 Rp,12.07 MLT; DPS:   0.00
        1: P =   0.88, D =   0.37 @  4.21 Rp, 9.13 MLT; DPS:  -1.85
        2: P =   2.66, D =   0.26 @  3.96 Rp,15.47 MLT; DPS:  -5.10
[0m [32m<Writing HDF5 DATA @ t =  3.01E+01 [sec] >[0m 
[32m<Writing RAIJU HDF5 DATA @ t =  3.50E+01 [sec] >[0m 
 [36m
 GAMERA
      Time =  3.50E+01 [sec]
        ts =      318
        dt =  1.29E-01 [sec]
    dt/dt0 =  108.147%
    Spent     0.0% of time waiting for Voltron
      kZCs =   3499.24 /    948.93 [MHD/TOT] (8 threads)
[0m       CPCP =    2.822   2.830 [kV, N/S]
 [34m
 VOLTRON
      UT   = 2001-06-01 23:00:35
      tilt =    0.000 [deg]
    Sym-H  =   -5.000 [nT]
    BSDst  ~    7.508 [nT]
           dSMRs  ~     0.28   -0.12   -0.04   -0.12 [nT, 12/18/00/06]
   DPSDst  ~   -5.532 [nT]
   Spent    22.8% of time waiting for Gamera
            11.8% of time processing Chimp(Helpers)
             7.1% of time processing IMAG
            12.2% of time processing Remix
            19.8% of time processing Tubes(Helpers)
             0.0% of time writing files
    Running @   18.687% of real-time (8 threads)
[0m  [35m
 RAIJU
      UT   = 2001-06-01 23:00:40
      Time =  4.00E+01 [sec]
     dtCpl =  5.00E+00 [sec]
     Max/Min dt @ k:
        Max    2.213 [min] @ 54
        Min 1.38E-01 [sec] @ 160
     Flav : max Press/Den @ L,MLT; DPS-dst
        0: P =   0.00, D =9075.91 @  1.54 Rp,12.07 MLT; DPS:   0.00
        1: P =   0.86, D =   0.36 @  4.21 Rp, 9.13 MLT; DPS:  -1.82
        2: P =   2.66, D =   0.26 @  3.96 Rp,15.47 MLT; DPS:  -5.08
[0m [32m<Writing HDF5 DATA @ t =  3.50E+01 [sec] >[0m 
[32m<Writing RAIJU HDF5 DATA @ t =  4.00E+01 [sec] >[0m 
 [36m
 GAMERA
      Time =  4.00E+01 [sec]
        ts =      357
        dt =  1.29E-01 [sec]
    dt/dt0 =  108.236%
    Spent     0.0% of time waiting for Voltron
      kZCs =   3495.28 /    967.09 [MHD/TOT] (8 threads)
[0m       CPCP =    2.753   2.752 [kV, N/S]
 [34m
 VOLTRON
      UT   = 2001-06-01 23:00:40
      tilt =    0.000 [deg]
    Sym-H  =   -5.000 [nT]
    BSDst  ~    7.375 [nT]
           dSMRs  ~     0.30   -0.13   -0.05   -0.12 [nT, 12/18/00/06]
   DPSDst  ~   -5.531 [nT]
   Spent    24.1% of time waiting for Gamera
            12.4% of time processing Chimp(Helpers)
             7.4% of time processing IMAG
            12.9% of time processing Remix
            20.8% of time processing Tubes(Helpers)
             0.0% of time writing files
    Running @   20.800% of real-time (8 threads)
[0m  [35m
 RAIJU
      UT   = 2001-06-01 23:00:45
      Time =  4.50E+01 [sec]
     dtCpl =  5.00E+00 [sec]
     Max/Min dt @ k:
        Max    2.152 [min] @ 54
        Min 1.38E-01 [sec] @ 160
     Flav : max Press/Den @ L,MLT; DPS-dst
        0: P =   0.00, D =9075.91 @  1.54 Rp,12.07 MLT; DPS:   0.00
        1: P =   0.84, D =   0.36 @  4.21 Rp, 9.13 MLT; DPS:  -1.80
        2: P =   2.66, D =   0.26 @  3.96 Rp,15.47 MLT; DPS:  -5.10
[0m [32m<Writing HDF5 DATA @ t =  4.00E+01 [sec] >[0m 
[32m<Writing RAIJU HDF5 DATA @ t =  4.50E+01 [sec] >[0m 
 [36m
 GAMERA
      Time =  4.51E+01 [sec]
        ts =      396
        dt =  1.29E-01 [sec]
    dt/dt0 =  108.026%
    Spent     0.0% of time waiting for Voltron
      kZCs =   3503.80 /    971.60 [MHD/TOT] (8 threads)
[0m       CPCP =    2.880   2.869 [kV, N/S]
 [34m
 VOLTRON
      UT   = 2001-06-01 23:00:45
      tilt =    0.000 [deg]
    Sym-H  =   -5.000 [nT]
    BSDst  ~    7.269 [nT]
           dSMRs  ~     0.28   -0.12   -0.04   -0.12 [nT, 12/18/00/06]
   DPSDst  ~   -5.527 [nT]
   Spent    25.2% of time waiting for Gamera
            13.0% of time processing Chimp(Helpers)
             7.6% of time processing IMAG
            13.6% of time processing Remix
            21.7% of time processing Tubes(Helpers)
             0.0% of time writing files
    Running @   22.859% of real-time (8 threads)
[0m  [35m
 RAIJU
      UT   = 2001-06-01 23:00:50
      Time =  5.00E+01 [sec]
     dtCpl =  5.00E+00 [sec]
     Max/Min dt @ k:
        Max    1.869 [min] @ 54
        Min 1.38E-01 [sec] @ 160
     Flav : max Press/Den @ L,MLT; DPS-dst
        0: P =   0.00, D =9075.91 @  1.54 Rp,12.07 MLT; DPS:   0.00
        1: P =   0.81, D =   0.35 @  4.21 Rp, 9.13 MLT; DPS:  -1.79
        2: P =   2.65, D =   0.26 @  3.96 Rp,15.47 MLT; DPS:  -5.11
[0m [32m<Writing HDF5 DATA @ t =  4.51E+01 [sec] >[0m 
[32m<Writing RAIJU HDF5 DATA @ t =  5.00E+01 [sec] >[0m 
 [36m
 GAMERA
      Time =  5.00E+01 [sec]
        ts =      435
        dt =  1.26E-01 [sec]
    dt/dt0 =  105.487%
    Spent     0.0% of time waiting for Voltron
      kZCs =   3496.77 /    972.09 [MHD/TOT] (8 threads)
[0m       CPCP =    2.947   2.928 [kV, N/S]
 [34m
 VOLTRON
      UT   = 2001-06-01 23:00:50
      tilt =    0.000 [deg]
    Sym-H  =   -5.000 [nT]
    BSDst  ~    7.107 [nT]
           dSMRs  ~     0.26   -0.12   -0.02   -0.12 [nT, 12/18/00/06]
   DPSDst  ~   -5.516 [nT]
   Spent    26.1% of time waiting for Gamera
            13.4% of time processing Chimp(Helpers)
             7.8% of time processing IMAG
            14.1% of time processing Remix
            22.5% of time processing Tubes(Helpers)
             0.0% of time writing files
    Running @   24.816% of real-time (8 threads)
[0m  [35m
 RAIJU
      UT   = 2001-06-01 23:00:55
      Time =  5.50E+01 [sec]
     dtCpl =  5.00E+00 [sec]
     Max/Min dt @ k:
        Max    1.747 [min] @ 54
        Min 1.38E-01 [sec] @ 160
     Flav : max Press/Den @ L,MLT; DPS-dst
        0: P =   0.00, D =9075.91 @  1.54 Rp,12.07 MLT; DPS:   0.00
        1: P =   0.79, D =   0.34 @  4.21 Rp,14.87 MLT; DPS:  -1.77
        2: P =   2.65, D =   0.25 @  3.96 Rp,15.47 MLT; DPS:  -5.13
[0m [32m<Writing HDF5 DATA @ t =  5.00E+01 [sec] >[0m 
[32m<Writing RAIJU HDF5 DATA @ t =  5.50E+01 [sec] >[0m 
 [36m
 GAMERA
      Time =  5.51E+01 [sec]
        ts =      476
        dt =  1.22E-01 [sec]
    dt/dt0 =  102.830%
    Spent     0.0% of time waiting for Voltron
      kZCs =   3502.72 /   1006.81 [MHD/TOT] (8 threads)
[0m       CPCP =    3.223   3.197 [kV, N/S]
 [34m
 VOLTRON
      UT   = 2001-06-01 23:00:55
      tilt =    0.000 [deg]
    Sym-H  =   -5.000 [nT]
    BSDst  ~    6.891 [nT]
           dSMRs  ~     0.25   -0.13    0.00   -0.12 [nT, 12/18/00/06]
   DPSDst  ~   -5.512 [nT]
   Spent    27.1% of time waiting for Gamera
            13.8% of time processing Chimp(Helpers)
             8.0% of time processing IMAG
            14.5% of time processing Remix
            23.0% of time processing Tubes(Helpers)
             0.0% of time writing files
    Running @   26.725% of real-time (8 threads)
[0m  [35m
 RAIJU
      UT   = 2001-06-01 23:00:59
      Time =  6.00E+01 [sec]
     dtCpl =  5.00E+00 [sec]
     Max/Min dt @ k:
        Max    1.721 [min] @ 54
        Min 1.38E-01 [sec] @ 160
     Flav : max Press/Den @ L,MLT; DPS-dst
        0: P =   0.00, D =9075.91 @  1.54 Rp,12.07 MLT; DPS:   0.00
        1: P =   0.77, D =   0.34 @  4.21 Rp,15.14 MLT; DPS:  -1.76
        2: P =   2.64, D =   0.25 @  3.96 Rp,15.47 MLT; DPS:  -5.14
[0m [32m<Writing HDF5 DATA @ t =  5.51E+01 [sec] >[0m 
[32m<Writing RAIJU HDF5 DATA @ t =  6.00E+01 [sec] >[0m 
 [36m
 GAMERA
      Time =     1.002 [min]
        ts =      517
        dt =  1.21E-01 [sec]
    dt/dt0 =  101.331%
    Spent     0.0% of time waiting for Voltron
      kZCs =   3497.86 /   1012.71 [MHD/TOT] (8 threads)
[0m       CPCP =    3.258   3.237 [kV, N/S]
 [34m
 VOLTRON
      UT   = 2001-06-01 23:01:00
      tilt =    0.000 [deg]
    Sym-H  =   -5.000 [nT]
    BSDst  ~    6.664 [nT]
           dSMRs  ~     0.25   -0.13    0.01   -0.13 [nT, 12/18/00/06]
   DPSDst  ~   -5.507 [nT]
   Spent    27.9% of time waiting for Gamera
            14.1% of time processing Chimp(Helpers)
             8.1% of time processing IMAG
            14.8% of time processing Remix
            23.5% of time processing Tubes(Helpers)
             0.0% of time writing files
    Running @   28.541% of real-time (8 threads)
[0m  [35m
 RAIJU
      UT   = 2001-06-01 23:01:05
      Time =     1.083 [min]
     dtCpl =  5.00E+00 [sec]
     Max/Min dt @ k:
        Max    1.665 [min] @ 54
        Min 1.38E-01 [sec] @ 160
     Flav : max Press/Den @ L,MLT; DPS-dst
        0: P =   0.00, D =9075.91 @  1.54 Rp,12.07 MLT; DPS:   0.00
        1: P =   0.75, D =   0.33 @  4.21 Rp,15.13 MLT; DPS:  -1.74
        2: P =   2.64, D =   0.25 @  3.96 Rp,15.47 MLT; DPS:  -5.15
[0m [32m<Writing HDF5 DATA @ t =     1.002 [min] >[0m 
[32m<Writing RAIJU HDF5 DATA @ t =     1.083 [min] >[0m 
 [36m
 GAMERA
      Time =     1.084 [min]
        ts =      558
        dt =  1.21E-01 [sec]
    dt/dt0 =  101.445%
    Spent     0.0% of time waiting for Voltron
      kZCs =   3502.72 /   1017.35 [MHD/TOT] (8 threads)
[0m       CPCP =    3.485   3.450 [kV, N/S]
 [34m
 VOLTRON
      UT   = 2001-06-01 23:01:05
      tilt =    0.000 [deg]
    Sym-H  =   -5.000 [nT]
    BSDst  ~    6.462 [nT]
           dSMRs  ~     0.24   -0.13    0.03   -0.13 [nT, 12/18/00/06]
   DPSDst  ~   -5.494 [nT]
   Spent    28.6% of time waiting for Gamera
            14.4% of time processing Chimp(Helpers)
             8.2% of time processing IMAG
            15.1% of time processing Remix
            23.8% of time processing Tubes(Helpers)
             0.0% of time writing files
    Running @   30.264% of real-time (8 threads)
[0m  [35m
 RAIJU
      UT   = 2001-06-01 23:01:10
      Time =     1.167 [min]
     dtCpl =  5.00E+00 [sec]
     Max/Min dt @ k:
        Max    1.709 [min] @ 54
        Min 1.38E-01 [sec] @ 160
     Flav : max Press/Den @ L,MLT; DPS-dst
        0: P =   0.00, D =9075.91 @  1.54 Rp,12.07 MLT; DPS:   0.00
        1: P =   0.74, D =   0.32 @  4.21 Rp,23.00 MLT; DPS:  -1.73
        2: P =   2.64, D =   0.25 @  3.96 Rp,15.40 MLT; DPS:  -5.16
[0m [32m<Writing HDF5 DATA @ t =     1.084 [min] >[0m 
[32m<Writing RAIJU HDF5 DATA @ t =     1.167 [min] >[0m 
 [36m
 GAMERA
      Time =     1.167 [min]
        ts =      599
        dt =  1.22E-01 [sec]
    dt/dt0 =  102.230%
    Spent     0.0% of time waiting for Voltron
      kZCs =   3505.16 /   1020.27 [MHD/TOT] (8 threads)
[0m       CPCP =    3.740   3.676 [kV, N/S]
 [34m
 VOLTRON
      UT   = 2001-06-01 23:01:10
      tilt =    0.000 [deg]
    Sym-H  =   -5.000 [nT]
    BSDst  ~    6.289 [nT]
           dSMRs  ~     0.25   -0.13    0.01   -0.13 [nT, 12/18/00/06]
   DPSDst  ~   -5.485 [nT]
   Spent    29.2% of time waiting for Gamera
            14.6% of time processing Chimp(Helpers)
             8.3% of time processing IMAG
            15.3% of time processing Remix
            24.1% of time processing Tubes(Helpers)
             0.0% of time writing files
    Running @   31.774% of real-time (8 threads)
[0m  [35m
 RAIJU
      UT   = 2001-06-01 23:01:15
      Time =     1.250 [min]
     dtCpl =  5.00E+00 [sec]
     Max/Min dt @ k:
        Max    1.732 [min] @ 54
        Min 1.38E-01 [sec] @ 160
     Flav : max Press/Den @ L,MLT; DPS-dst
        0: P =   0.00, D =9075.91 @  1.54 Rp,12.07 MLT; DPS:   0.00
        1: P =   0.72, D =   0.32 @  4.21 Rp, 1.00 MLT; DPS:  -1.71
        2: P =   2.64, D =   0.25 @  3.96 Rp,15.40 MLT; DPS:  -5.18
[0m [32m<Writing HDF5 DATA @ t =     1.167 [min] >[0m 
[32m<Writing RAIJU HDF5 DATA @ t =     1.250 [min] >[0m 
 [36m
 GAMERA
      Time =     1.252 [min]
        ts =      641
        dt =  1.21E-01 [sec]
    dt/dt0 =  101.828%
    Spent     0.0% of time waiting for Voltron
      kZCs =   3502.32 /   1039.01 [MHD/TOT] (8 threads)
[0m       CPCP =    3.833   3.742 [kV, N/S]
 [34m
 VOLTRON
      UT   = 2001-06-01 23:01:15
      tilt =    0.000 [deg]
    Sym-H  =   -5.000 [nT]
    BSDst  ~    6.144 [nT]
           dSMRs  ~     0.26   -0.13   -0.00   -0.13 [nT, 12/18/00/06]
   DPSDst  ~   -5.488 [nT]
   Spent    29.9% of time waiting for Gamera
            14.8% of time processing Chimp(Helpers)
             8.4% of time processing IMAG
            15.4% of time processing Remix
            24.4% of time processing Tubes(Helpers)
             0.0% of time writing files
    Running @   33.496% of real-time (8 threads)
[0m  [35m
 RAIJU
      UT   = 2001-06-01 23:01:20
      Time =     1.333 [min]
     dtCpl =  5.00E+00 [sec]
     Max/Min dt @ k:
        Max    1.730 [min] @ 54
        Min 1.38E-01 [sec] @ 160
     Flav : max Press/Den @ L,MLT; DPS-dst
        0: P =   0.00, D =9075.91 @  1.54 Rp,12.07 MLT; DPS:   0.00
        1: P =   0.70, D =   0.31 @  4.21 Rp,21.00 MLT; DPS:  -1.70
        2: P =   2.63, D =   0.25 @  3.97 Rp, 0.20 MLT; DPS:  -5.19
[0m [32m<Writing HDF5 DATA @ t =     1.252 [min] >[0m 
[32m<Writing RAIJU HDF5 DATA @ t =     1.333 [min] >[0m 
 [36m
 GAMERA
      Time =     1.335 [min]
        ts =      682
        dt =  1.21E-01 [sec]
    dt/dt0 =  101.745%
    Spent     0.0% of time waiting for Voltron
      kZCs =   3503.13 /   1025.53 [MHD/TOT] (8 threads)
[0m       CPCP =    3.946   3.855 [kV, N/S]
 [34m
 VOLTRON
      UT   = 2001-06-01 23:01:20
      tilt =    0.000 [deg]
    Sym-H  =   -5.000 [nT]
    BSDst  ~    6.039 [nT]
           dSMRs  ~     0.26   -0.13    0.01   -0.13 [nT, 12/18/00/06]
   DPSDst  ~   -5.490 [nT]
   Spent    30.3% of time waiting for Gamera
            15.0% of time processing Chimp(Helpers)
             8.5% of time processing IMAG
            15.5% of time processing Remix
            24.6% of time processing Tubes(Helpers)
             0.0% of time writing files
    Running @   35.108% of real-time (8 threads)
[0m  [35m
 RAIJU
      UT   = 2001-06-01 23:01:25
      Time =     1.417 [min]
     dtCpl =  5.00E+00 [sec]
     Max/Min dt @ k:
        Max    1.669 [min] @ 54
        Min 1.38E-01 [sec] @ 160
     Flav : max Press/Den @ L,MLT; DPS-dst
        0: P =   0.00, D =9075.91 @  1.54 Rp,12.07 MLT; DPS:   0.00
        1: P =   0.70, D =   0.31 @  4.21 Rp,11.80 MLT; DPS:  -1.69
        2: P =   2.66, D =   0.27 @  4.21 Rp,12.20 MLT; DPS:  -5.21
[0m [32m<Writing HDF5 DATA @ t =     1.335 [min] >[0m 
[32m<Writing RAIJU HDF5 DATA @ t =     1.417 [min] >[0m 
 [36m
 GAMERA
      Time =     1.417 [min]
        ts =      723
        dt =  1.21E-01 [sec]
    dt/dt0 =  101.282%
    Spent     0.0% of time waiting for Voltron
      kZCs =   3504.75 /   1024.52 [MHD/TOT] (8 threads)
[0m       CPCP =    4.056   4.072 [kV, N/S]
 [34m
 VOLTRON
      UT   = 2001-06-01 23:01:25
      tilt =    0.000 [deg]
    Sym-H  =   -5.000 [nT]
    BSDst  ~    5.896 [nT]
           dSMRs  ~     0.16   -0.10    0.04   -0.10 [nT, 12/18/00/06]
   DPSDst  ~   -5.492 [nT]
   Spent    30.7% of time waiting for Gamera
            15.1% of time processing Chimp(Helpers)
             8.6% of time processing IMAG
            15.6% of time processing Remix
            24.8% of time processing Tubes(Helpers)
             0.0% of time writing files
    Running @   36.662% of real-time (8 threads)
[0m  [35m
 RAIJU
      UT   = 2001-06-01 23:01:30
      Time =     1.500 [min]
     dtCpl =  5.00E+00 [sec]
     Max/Min dt @ k:
        Max    1.611 [min] @ 54
        Min 1.38E-01 [sec] @ 160
     Flav : max Press/Den @ L,MLT; DPS-dst
        0: P =   0.00, D =9075.91 @  1.54 Rp,12.07 MLT; DPS:   0.00
        1: P =   0.70, D =   0.31 @  4.20 Rp,11.80 MLT; DPS:  -1.68
        2: P =   2.74, D =   0.28 @  4.19 Rp,12.47 MLT; DPS:  -5.22
[0m [32m<Writing HDF5 DATA @ t =     1.417 [min] >[0m 
[32m<Writing RAIJU HDF5 DATA @ t =     1.500 [min] >[0m 
 [36m
 GAMERA
      Time =     1.501 [min]
        ts =      765
        dt =  1.17E-01 [sec]
    dt/dt0 =   98.438%
    Spent     0.0% of time waiting for Voltron
      kZCs =   3499.55 /   1044.41 [MHD/TOT] (8 threads)
[0m       CPCP =    4.259   4.275 [kV, N/S]
 [34m
 VOLTRON
      UT   = 2001-06-01 23:01:30
      tilt =    0.000 [deg]
    Sym-H  =   -5.000 [nT]
    BSDst  ~    6.338 [nT]
           dSMRs  ~     0.77   -0.25   -0.27   -0.25 [nT, 12/18/00/06]
   DPSDst  ~   -5.491 [nT]
   Spent    31.1% of time waiting for Gamera
            15.2% of time processing Chimp(Helpers)
             8.6% of time processing IMAG
            15.7% of time processing Remix
            24.9% of time processing Tubes(Helpers)
             0.0% of time writing files
    Running @   38.192% of real-time (8 threads)
[0m  [35m
 RAIJU
      UT   = 2001-06-01 23:01:35
      Time =     1.583 [min]
     dtCpl =  5.00E+00 [sec]
     Max/Min dt @ k:
        Max    1.527 [min] @ 54
        Min 1.38E-01 [sec] @ 160
     Flav : max Press/Den @ L,MLT; DPS-dst
        0: P =   0.00, D =9075.91 @  1.54 Rp,12.07 MLT; DPS:   0.00
        1: P =   0.69, D =   0.31 @  4.18 Rp,11.53 MLT; DPS:  -1.67
        2: P =   2.79, D =   0.28 @  4.18 Rp,12.47 MLT; DPS:  -5.24
[0m [32m<Writing HDF5 DATA @ t =     1.501 [min] >[0m 
[32m<Writing RAIJU HDF5 DATA @ t =     1.583 [min] >[0m 
 [36m
 GAMERA
      Time =     1.585 [min]
        ts =      809
        dt =  1.11E-01 [sec]
    dt/dt0 =   93.190%
    Spent     0.0% of time waiting for Voltron
      kZCs =   3503.84 /   1086.00 [MHD/TOT] (8 threads)
[0m       CPCP =    4.597   4.427 [kV, N/S]
 [34m
 VOLTRON
      UT   = 2001-06-01 23:01:35
      tilt =    0.000 [deg]
    Sym-H  =   -5.000 [nT]
    BSDst  ~    8.013 [nT]
           dSMRs  ~     2.30   -0.58   -1.13   -0.59 [nT, 12/18/00/06]
   DPSDst  ~   -5.481 [nT]
   Spent    31.7% of time waiting for Gamera
            15.3% of time processing Chimp(Helpers)
             8.7% of time processing IMAG
            15.5% of time processing Remix
            25.0% of time processing Tubes(Helpers)
             0.0% of time writing files
    Running @   39.648% of real-time (8 threads)
[0m  [35m
 RAIJU
      UT   = 2001-06-01 23:01:40
      Time =     1.667 [min]
     dtCpl =  5.00E+00 [sec]
     Max/Min dt @ k:
        Max    1.419 [min] @ 54
        Min 1.38E-01 [sec] @ 160
     Flav : max Press/Den @ L,MLT; DPS-dst
        0: P =   0.00, D =9075.91 @  1.54 Rp,12.07 MLT; DPS:   0.00
        1: P =   0.67, D =   0.30 @  4.18 Rp,11.39 MLT; DPS:  -1.65
        2: P =   2.78, D =   0.28 @  4.18 Rp,12.61 MLT; DPS:  -5.24
[0m [32m<Writing HDF5 DATA @ t =     1.585 [min] >[0m 
[32m<Writing RAIJU HDF5 DATA @ t =     1.667 [min] >[0m 
 [36m
 GAMERA
      Time =     1.668 [min]
        ts =      855
        dt =  1.06E-01 [sec]
    dt/dt0 =   89.122%
    Spent     0.0% of time waiting for Voltron
      kZCs =   3505.05 /   1103.87 [MHD/TOT] (8 threads)
[0m       CPCP =    7.281   7.361 [kV, N/S]
 [34m
 VOLTRON
      UT   = 2001-06-01 23:01:40
      tilt =    0.000 [deg]
    Sym-H  =   -5.000 [nT]
    BSDst  ~    9.788 [nT]
           dSMRs  ~     3.22   -0.68   -1.85   -0.69 [nT, 12/18/00/06]
   DPSDst  ~   -5.462 [nT]
   Spent    32.3% of time waiting for Gamera
            15.3% of time processing Chimp(Helpers)
             8.7% of time processing IMAG
            15.6% of time processing Remix
            25.0% of time processing Tubes(Helpers)
             0.0% of time writing files
    Running @   40.971% of real-time (8 threads)
[0m  [35m
 RAIJU
      UT   = 2001-06-01 23:01:45
      Time =     1.750 [min]
     dtCpl =  5.00E+00 [sec]
     Max/Min dt @ k:
        Max    1.336 [min] @ 55
        Min 1.38E-01 [sec] @ 160
     Flav : max Press/Den @ L,MLT; DPS-dst
        0: P =   0.00, D =9075.91 @  1.54 Rp,12.07 MLT; DPS:   0.00
        1: P =   0.66, D =   0.29 @  4.18 Rp,11.40 MLT; DPS:  -1.63
        2: P =   2.78, D =   0.28 @  4.18 Rp,10.19 MLT; DPS:  -5.24
[0m [32m<Writing HDF5 DATA @ t =     1.668 [min] >[0m 
[32m<Writing RAIJU HDF5 DATA @ t =     1.750 [min] >[0m 
 [36m
 GAMERA
      Time =     1.751 [min]
        ts =      903
        dt =  1.03E-01 [sec]
    dt/dt0 =   86.182%
    Spent     0.0% of time waiting for Voltron
      kZCs =   3503.90 /   1132.82 [MHD/TOT] (8 threads)
[0m       CPCP =   12.454  12.480 [kV, N/S]
 [34m
 VOLTRON
      UT   = 2001-06-01 23:01:45
      tilt =    0.000 [deg]
    Sym-H  =   -5.000 [nT]
    BSDst  ~   10.692 [nT]
           dSMRs  ~     3.03   -0.50   -2.01   -0.53 [nT, 12/18/00/06]
   DPSDst  ~   -5.442 [nT]
   Spent    32.9% of time waiting for Gamera
            15.2% of time processing Chimp(Helpers)
             8.6% of time processing IMAG
            15.6% of time processing Remix
            24.9% of time processing Tubes(Helpers)
             0.0% of time writing files
    Running @   42.184% of real-time (8 threads)
[0m  [35m
 RAIJU
      UT   = 2001-06-01 23:01:50
      Time =     1.833 [min]
     dtCpl =  5.00E+00 [sec]
     Max/Min dt @ k:
        Max    1.247 [min] @ 55
        Min 1.38E-01 [sec] @ 160
     Flav : max Press/Den @ L,MLT; DPS-dst
        0: P =   0.00, D =9075.91 @  1.54 Rp,12.07 MLT; DPS:   0.00
        1: P =   0.64, D =   0.29 @  4.18 Rp,11.40 MLT; DPS:  -1.61
        2: P =   2.78, D =   0.28 @  4.18 Rp,10.19 MLT; DPS:  -5.23
[0m [32m<Writing HDF5 DATA @ t =     1.751 [min] >[0m 
[32m<Writing RAIJU HDF5 DATA @ t =     1.833 [min] >[0m 
 [36m
 GAMERA
      Time =     1.834 [min]
        ts =      952
        dt =  9.93E-02 [sec]
    dt/dt0 =   83.376%
    Spent     0.0% of time waiting for Voltron
      kZCs =   3504.22 /   1148.37 [MHD/TOT] (8 threads)
[0m       CPCP =   18.215  18.290 [kV, N/S]
 [34m
 VOLTRON
      UT   = 2001-06-01 23:01:50
      tilt =    0.000 [deg]
    Sym-H  =   -5.000 [nT]
    BSDst  ~   10.837 [nT]
           dSMRs  ~     2.44   -0.29   -1.84   -0.31 [nT, 12/18/00/06]
   DPSDst  ~   -5.441 [nT]
   Spent    33.5% of time waiting for Gamera
            15.2% of time processing Chimp(Helpers)
             8.6% of time processing IMAG
            15.6% of time processing Remix
            24.7% of time processing Tubes(Helpers)
             0.0% of time writing files
    Running @   43.337% of real-time (8 threads)
[0m  [35m
 RAIJU
      UT   = 2001-06-01 23:01:55
      Time =     1.917 [min]
     dtCpl =  5.00E+00 [sec]
     Max/Min dt @ k:
        Max 5.86E+01 [sec] @ 55
        Min 1.38E-01 [sec] @ 160
     Flav : max Press/Den @ L,MLT; DPS-dst
        0: P =   0.00, D =9075.91 @  1.54 Rp,12.07 MLT; DPS:   0.00
        1: P =   0.62, D =   0.28 @  4.19 Rp,11.40 MLT; DPS:  -1.60
        2: P =   2.77, D =   0.28 @  4.18 Rp,10.19 MLT; DPS:  -5.23
[0m [32m<Writing HDF5 DATA @ t =     1.834 [min] >[0m 
[32m<Writing RAIJU HDF5 DATA @ t =     1.917 [min] >[0m 
 [36m
 GAMERA
      Time =     1.917 [min]
        ts =     1003
        dt =  9.71E-02 [sec]
    dt/dt0 =   81.522%
    Spent     0.0% of time waiting for Voltron
      kZCs =   3503.17 /   1175.22 [MHD/TOT] (8 threads)
[0m       CPCP =   25.026  25.210 [kV, N/S]
 [34m
 VOLTRON
      UT   = 2001-06-01 23:01:55
      tilt =    0.000 [deg]
    Sym-H  =   -5.000 [nT]
    BSDst  ~   10.497 [nT]
           dSMRs  ~     1.85   -0.15   -1.53   -0.17 [nT, 12/18/00/06]
   DPSDst  ~   -5.442 [nT]
   Spent    34.1% of time waiting for Gamera
            15.1% of time processing Chimp(Helpers)
             8.6% of time processing IMAG
            15.5% of time processing Remix
            24.6% of time processing Tubes(Helpers)
             0.0% of time writing files
    Running @   44.437% of real-time (8 threads)
[0m  [35m
 RAIJU
      UT   = 2001-06-01 23:01:59
      Time =     2.000 [min]
     dtCpl =  5.00E+00 [sec]
     Max/Min dt @ k:
        Max 4.38E+01 [sec] @ 56
        Min 1.38E-01 [sec] @ 160
     Flav : max Press/Den @ L,MLT; DPS-dst
        0: P =   0.00, D =9075.91 @  1.54 Rp,12.07 MLT; DPS:   0.00
        1: P =   0.60, D =   0.27 @  4.18 Rp,15.48 MLT; DPS:  -1.58
        2: P =   2.75, D =   0.28 @  4.18 Rp, 8.52 MLT; DPS:  -5.22
[0m [32m<Writing HDF5 DATA @ t =     1.917 [min] >[0m 
[32m<Writing RAIJU HDF5 DATA @ t =     2.000 [min] >[0m 
 [36m
 GAMERA
      Time =     2.001 [min]
        ts =     1056
        dt =  9.33E-02 [sec]
    dt/dt0 =   78.360%
    Spent     0.0% of time waiting for Voltron
      kZCs =   3503.30 /   1204.22 [MHD/TOT] (8 threads)
[0m       CPCP =   29.336  29.514 [kV, N/S]
 [34m
 VOLTRON
      UT   = 2001-06-01 23:02:00
      tilt =    0.000 [deg]
    Sym-H  =   -5.000 [nT]
    BSDst  ~    9.911 [nT]
           dSMRs  ~     1.44   -0.10   -1.21   -0.13 [nT, 12/18/00/06]
   DPSDst  ~   -5.410 [nT]
   Spent    34.8% of time waiting for Gamera
            15.0% of time processing Chimp(Helpers)
             8.5% of time processing IMAG
            15.5% of time processing Remix
            24.4% of time processing Tubes(Helpers)
             0.0% of time writing files
    Running @   45.492% of real-time (8 threads)
[0m  [35m
 RAIJU
      UT   = 2001-06-01 23:02:05
      Time =     2.083 [min]
     dtCpl =  5.00E+00 [sec]
     Max/Min dt @ k:
        Max 3.60E+01 [sec] @ 57
        Min 1.38E-01 [sec] @ 160
     Flav : max Press/Den @ L,MLT; DPS-dst
        0: P =   0.00, D =9075.91 @  1.54 Rp,12.07 MLT; DPS:   0.00
        1: P =   0.58, D =   0.27 @  4.19 Rp,15.47 MLT; DPS:  -1.56
        2: P =   2.73, D =   0.27 @  4.19 Rp, 8.52 MLT; DPS:  -5.21
[0m [32m<Writing HDF5 DATA @ t =     2.001 [min] >[0m 
[32m<Writing RAIJU HDF5 DATA @ t =     2.083 [min] >[0m 
 [36m
 GAMERA
      Time =     2.084 [min]
        ts =     1110
        dt =  9.19E-02 [sec]
    dt/dt0 =   77.154%
    Spent     0.0% of time waiting for Voltron
      kZCs =   3502.98 /   1217.21 [MHD/TOT] (8 threads)
[0m       CPCP =   32.342  32.654 [kV, N/S]
 [34m
 VOLTRON
      UT   = 2001-06-01 23:02:05
      tilt =    0.000 [deg]
    Sym-H  =   -5.000 [nT]
    BSDst  ~    9.257 [nT]
           dSMRs  ~     1.19   -0.11   -0.93   -0.15 [nT, 12/18/00/06]
   DPSDst  ~   -5.371 [nT]
   Spent    35.5% of time waiting for Gamera
            14.9% of time processing Chimp(Helpers)
             8.5% of time processing IMAG
            15.4% of time processing Remix
            24.2% of time processing Tubes(Helpers)
             0.0% of time writing files
    Running @   46.463% of real-time (8 threads)
[0m  [35m
 RAIJU
      UT   = 2001-06-01 23:02:10
      Time =     2.167 [min]
     dtCpl =  5.00E+00 [sec]
     Max/Min dt @ k:
        Max 3.51E+01 [sec] @ 57
        Min 1.38E-01 [sec] @ 160
     Flav : max Press/Den @ L,MLT; DPS-dst
        0: P =   0.00, D =9075.91 @  1.54 Rp,12.07 MLT; DPS:   0.00
        1: P =   0.57, D =   0.26 @  4.19 Rp,15.47 MLT; DPS:  -1.54
        2: P =   2.71, D =   0.27 @  4.19 Rp, 8.53 MLT; DPS:  -5.19
[0m [32m<Writing HDF5 DATA @ t =     2.084 [min] >[0m 
[32m<Writing RAIJU HDF5 DATA @ t =     2.167 [min] >[0m 
 [36m
 GAMERA
      Time =     2.167 [min]
        ts =     1164
        dt =  9.08E-02 [sec]
    dt/dt0 =   76.258%
    Spent     0.0% of time waiting for Voltron
      kZCs =   3499.59 /   1218.33 [MHD/TOT] (8 threads)
[0m       CPCP =   34.898  35.254 [kV, N/S]
 [34m
 VOLTRON
      UT   = 2001-06-01 23:02:10
      tilt =    0.000 [deg]
    Sym-H  =   -5.000 [nT]
    BSDst  ~    8.589 [nT]
           dSMRs  ~     1.05   -0.12   -0.76   -0.17 [nT, 12/18/00/06]
   DPSDst  ~   -5.346 [nT]
   Spent    36.0% of time waiting for Gamera
            14.8% of time processing Chimp(Helpers)
             8.5% of time processing IMAG
            15.3% of time processing Remix
            24.0% of time processing Tubes(Helpers)
             0.0% of time writing files
    Running @   47.378% of real-time (8 threads)
[0m  [35m
 RAIJU
      UT   = 2001-06-01 23:02:15
      Time =     2.250 [min]
     dtCpl =  5.00E+00 [sec]
     Max/Min dt @ k:
        Max 3.62E+01 [sec] @ 57
        Min 1.38E-01 [sec] @ 160
     Flav : max Press/Den @ L,MLT; DPS-dst
        0: P =   0.00, D =9075.91 @  1.54 Rp,12.07 MLT; DPS:   0.00
        1: P =   0.55, D =   0.26 @  4.20 Rp, 8.73 MLT; DPS:  -1.52
        2: P =   2.70, D =   0.25 @  3.92 Rp, 8.31 MLT; DPS:  -5.18
[0m [32m<Writing HDF5 DATA @ t =     2.167 [min] >[0m 
[32m<Writing RAIJU HDF5 DATA @ t =     2.250 [min] >[0m 
 [36m
 GAMERA
      Time =     2.251 [min]
        ts =     1220
        dt =  9.07E-02 [sec]
    dt/dt0 =   76.199%
    Spent     0.0% of time waiting for Voltron
      kZCs =   3498.66 /   1246.65 [MHD/TOT] (8 threads)
[0m       CPCP =   35.687  36.286 [kV, N/S]
 [34m
 VOLTRON
      UT   = 2001-06-01 23:02:15
      tilt =    0.000 [deg]
    Sym-H  =   -5.000 [nT]
    BSDst  ~    7.960 [nT]
           dSMRs  ~     1.00   -0.12   -0.68   -0.19 [nT, 12/18/00/06]
   DPSDst  ~   -5.320 [nT]
   Spent    36.6% of time waiting for Gamera
            14.7% of time processing Chimp(Helpers)
             8.4% of time processing IMAG
            15.2% of time processing Remix
            23.9% of time processing Tubes(Helpers)
             0.0% of time writing files
    Running @   48.225% of real-time (8 threads)
[0m  [35m
 RAIJU
      UT   = 2001-06-01 23:02:20
      Time =     2.333 [min]
     dtCpl =  5.00E+00 [sec]
     Max/Min dt @ k:
        Max 3.47E+01 [sec] @ 57
        Min 1.38E-01 [sec] @ 160
     Flav : max Press/Den @ L,MLT; DPS-dst
        0: P =   0.00, D =9075.91 @  1.54 Rp,12.07 MLT; DPS:   0.00
        1: P =   0.53, D =   0.29 @  4.47 Rp, 8.59 MLT; DPS:  -1.50
        2: P =   2.69, D =   0.25 @  3.96 Rp, 9.80 MLT; DPS:  -5.16
[0m [32m<Writing HDF5 DATA @ t =     2.251 [min] >[0m 
[32m<Writing RAIJU HDF5 DATA @ t =     2.333 [min] >[0m 
 [36m
 GAMERA
      Time =     2.334 [min]
        ts =     1275
        dt =  9.01E-02 [sec]
    dt/dt0 =   75.667%
    Spent     0.0% of time waiting for Voltron
      kZCs =   3503.43 /   1234.79 [MHD/TOT] (8 threads)
[0m       CPCP =   34.892  35.558 [kV, N/S]
 [34m
 VOLTRON
      UT   = 2001-06-01 23:02:20
      tilt =    0.000 [deg]
    Sym-H  =   -5.000 [nT]
    BSDst  ~    7.465 [nT]
           dSMRs  ~     0.97   -0.13   -0.64   -0.20 [nT, 12/18/00/06]
   DPSDst  ~   -5.310 [nT]
   Spent    37.1% of time waiting for Gamera
            14.7% of time processing Chimp(Helpers)
             8.4% of time processing IMAG
            15.1% of time processing Remix
            23.7% of time processing Tubes(Helpers)
             0.0% of time writing files
    Running @   49.090% of real-time (8 threads)
[0m  [35m
 RAIJU
      UT   = 2001-06-01 23:02:25
      Time =     2.417 [min]
     dtCpl =  5.00E+00 [sec]
     Max/Min dt @ k:
        Max 3.34E+01 [sec] @ 57
        Min 1.38E-01 [sec] @ 160
     Flav : max Press/Den @ L,MLT; DPS-dst
        0: P =   0.00, D =9075.91 @  1.54 Rp,12.07 MLT; DPS:   0.00
        1: P =   0.52, D =   0.28 @  4.48 Rp, 8.59 MLT; DPS:  -1.49
        2: P =   2.68, D =   0.25 @  3.96 Rp, 9.80 MLT; DPS:  -5.15
[0m [32m<Writing HDF5 DATA @ t =     2.334 [min] >[0m 
[32m<Writing RAIJU HDF5 DATA @ t =     2.417 [min] >[0m 
 [36m
 GAMERA
      Time =     2.417 [min]
        ts =     1331
        dt =  8.57E-02 [sec]
    dt/dt0 =   72.007%
    Spent     0.0% of time waiting for Voltron
      kZCs =   3259.73 /   1210.92 [MHD/TOT] (8 threads)
[0m       CPCP =   33.570  33.741 [kV, N/S]
 [34m
 VOLTRON
      UT   = 2001-06-01 23:02:25
      tilt =    0.000 [deg]
    Sym-H  =   -5.000 [nT]
    BSDst  ~    7.065 [nT]
           dSMRs  ~     0.96   -0.13   -0.61   -0.21 [nT, 12/18/00/06]
   DPSDst  ~   -5.311 [nT]
   Spent    37.8% of time waiting for Gamera
            14.5% of time processing Chimp(Helpers)
             8.3% of time processing IMAG
            15.0% of time processing Remix
            23.5% of time processing Tubes(Helpers)
             0.0% of time writing files
    Running @   49.567% of real-time (8 threads)
[0m  [35m
 RAIJU
      UT   = 2001-06-01 23:02:30
      Time =     2.500 [min]
     dtCpl =  5.00E+00 [sec]
     Max/Min dt @ k:
        Max 3.24E+01 [sec] @ 57
        Min 1.38E-01 [sec] @ 160
     Flav : max Press/Den @ L,MLT; DPS-dst
        0: P =   0.00, D =9075.91 @  1.54 Rp,12.07 MLT; DPS:   0.00
        1: P =   0.51, D =   0.28 @  4.48 Rp, 8.73 MLT; DPS:  -1.48
        2: P =   2.68, D =   0.25 @  3.96 Rp, 9.80 MLT; DPS:  -5.15
[0m [32m<Writing HDF5 DATA @ t =     2.417 [min] >[0m 
[32m<Writing RAIJU HDF5 DATA @ t =     2.500 [min] >[0m 
 [36m
 GAMERA
      Time =     2.500 [min]
        ts =     1392
        dt =  7.80E-02 [sec]
    dt/dt0 =   65.549%
    Spent     0.0% of time waiting for Voltron
      kZCs =   3501.02 /   1310.85 [MHD/TOT] (8 threads)
[0m       CPCP =   33.810  33.486 [kV, N/S]
 [34m
 VOLTRON
      UT   = 2001-06-01 23:02:30
      tilt =    0.000 [deg]
    Sym-H  =   -5.000 [nT]
    BSDst  ~    6.739 [nT]
           dSMRs  ~     0.95   -0.12   -0.61   -0.21 [nT, 12/18/00/06]
   DPSDst  ~   -5.293 [nT]
   Spent    38.5% of time waiting for Gamera
            14.4% of time processing Chimp(Helpers)
             8.2% of time processing IMAG
            14.8% of time processing Remix
            23.3% of time processing Tubes(Helpers)
             0.0% of time writing files
    Running @   50.293% of real-time (8 threads)
[0m  [35m
 RAIJU
      UT   = 2001-06-01 23:02:35
      Time =     2.583 [min]
     dtCpl =  5.00E+00 [sec]
     Max/Min dt @ k:
        Max 3.18E+01 [sec] @ 58
        Min 1.38E-01 [sec] @ 160
     Flav : max Press/Den @ L,MLT; DPS-dst
        0: P =   0.00, D =9075.91 @  1.54 Rp,12.07 MLT; DPS:   0.00
        1: P =   0.50, D =   0.27 @  4.48 Rp, 8.73 MLT; DPS:  -1.46
        2: P =   2.67, D =   0.25 @  3.96 Rp, 9.80 MLT; DPS:  -5.13
[0m [32m<Writing HDF5 DATA @ t =     2.500 [min] >[0m 
[32m<Writing RAIJU HDF5 DATA @ t =     2.583 [min] >[0m 
 [36m
 GAMERA
      Time =     2.584 [min]
        ts =     1458
        dt =  7.67E-02 [sec]
    dt/dt0 =   64.399%
    Spent     0.0% of time waiting for Voltron
      kZCs =   3500.88 /   1372.23 [MHD/TOT] (8 threads)
[0m       CPCP =   33.714  33.208 [kV, N/S]
 [34m
 VOLTRON
      UT   = 2001-06-01 23:02:35
      tilt =    0.000 [deg]
    Sym-H  =   -5.000 [nT]
    BSDst  ~    6.483 [nT]
           dSMRs  ~     0.93   -0.12   -0.61   -0.20 [nT, 12/18/00/06]
   DPSDst  ~   -5.240 [nT]
   Spent    39.3% of time waiting for Gamera
            14.2% of time processing Chimp(Helpers)
             8.2% of time processing IMAG
            14.6% of time processing Remix
            23.0% of time processing Tubes(Helpers)
             0.0% of time writing files
    Running @   50.924% of real-time (8 threads)
[0m  [35m
 RAIJU
      UT   = 2001-06-01 23:02:40
      Time =     2.667 [min]
     dtCpl =  5.00E+00 [sec]
     Max/Min dt @ k:
        Max 3.13E+01 [sec] @ 58
        Min 1.38E-01 [sec] @ 160
     Flav : max Press/Den @ L,MLT; DPS-dst
        0: P =   0.00, D =9075.91 @  1.54 Rp,12.07 MLT; DPS:   0.00
        1: P =   0.49, D =   0.27 @  4.48 Rp, 8.73 MLT; DPS:  -1.44
        2: P =   2.67, D =   0.25 @  3.96 Rp, 9.80 MLT; DPS:  -5.11
[0m [32m<Writing HDF5 DATA @ t =     2.584 [min] >[0m 
[32m<Writing RAIJU HDF5 DATA @ t =     2.667 [min] >[0m 
 [36m
 GAMERA
      Time =     2.668 [min]
        ts =     1523
        dt =  7.89E-02 [sec]
    dt/dt0 =   66.255%
    Spent     0.0% of time waiting for Voltron
      kZCs =   3503.67 /   1359.75 [MHD/TOT] (8 threads)
[0m       CPCP =   33.011  32.747 [kV, N/S]
 [34m
 VOLTRON
      UT   = 2001-06-01 23:02:40
      tilt =    0.000 [deg]
    Sym-H  =   -5.000 [nT]
    BSDst  ~    6.266 [nT]
           dSMRs  ~     0.90   -0.11   -0.61   -0.19 [nT, 12/18/00/06]
   DPSDst  ~   -5.209 [nT]
   Spent    40.0% of time waiting for Gamera
            14.1% of time processing Chimp(Helpers)
             8.1% of time processing IMAG
            14.5% of time processing Remix
            22.8% of time processing Tubes(Helpers)
             0.0% of time writing files
    Running @   51.508% of real-time (8 threads)
[0m  [35m
 RAIJU
      UT   = 2001-06-01 23:02:45
      Time =     2.750 [min]
     dtCpl =  5.00E+00 [sec]
     Max/Min dt @ k:
        Max 3.17E+01 [sec] @ 58
        Min 1.38E-01 [sec] @ 160
     Flav : max Press/Den @ L,MLT; DPS-dst
        0: P =   0.00, D =9075.91 @  1.54 Rp,12.07 MLT; DPS:   0.00
        1: P =   0.48, D =   0.27 @  4.48 Rp, 8.73 MLT; DPS:  -1.42
        2: P =   2.66, D =   0.25 @  3.96 Rp, 9.67 MLT; DPS:  -5.10
[0m [32m<Writing HDF5 DATA @ t =     2.668 [min] >[0m 
[32m<Writing RAIJU HDF5 DATA @ t =     2.750 [min] >[0m 
 [36m
 GAMERA
      Time =     2.751 [min]
        ts =     1585
        dt =  8.13E-02 [sec]
    dt/dt0 =   68.287%
    Spent     0.0% of time waiting for Voltron
      kZCs =   3500.24 /   1325.12 [MHD/TOT] (8 threads)
[0m       CPCP =   31.604  31.565 [kV, N/S]
 [34m
 VOLTRON
      UT   = 2001-06-01 23:02:45
      tilt =    0.000 [deg]
    Sym-H  =   -5.000 [nT]
    BSDst  ~    6.086 [nT]
           dSMRs  ~     0.85   -0.10   -0.58   -0.18 [nT, 12/18/00/06]
   DPSDst  ~   -5.190 [nT]
   Spent    40.4% of time waiting for Gamera
            14.0% of time processing Chimp(Helpers)
             8.1% of time processing IMAG
            14.4% of time processing Remix
            22.7% of time processing Tubes(Helpers)
             0.0% of time writing files
    Running @   52.149% of real-time (8 threads)
[0m  [35m
 RAIJU
      UT   = 2001-06-01 23:02:50
      Time =     2.833 [min]
     dtCpl =  5.00E+00 [sec]
     Max/Min dt @ k:
        Max 3.28E+01 [sec] @ 57
        Min 1.38E-01 [sec] @ 160
     Flav : max Press/Den @ L,MLT; DPS-dst
        0: P =   0.00, D =9075.91 @  1.54 Rp,12.07 MLT; DPS:   0.00
        1: P =   0.47, D =   0.26 @  4.48 Rp, 8.73 MLT; DPS:  -1.40
        2: P =   2.66, D =   0.25 @  3.96 Rp, 8.20 MLT; DPS:  -5.09
[0m [32m<Writing HDF5 DATA @ t =     2.751 [min] >[0m 
[32m<Writing RAIJU HDF5 DATA @ t =     2.833 [min] >[0m 
 [36m
 GAMERA
      Time =     2.834 [min]
        ts =     1646
        dt =  8.25E-02 [sec]
    dt/dt0 =   69.267%
    Spent     0.0% of time waiting for Voltron
      kZCs =   3500.06 /   1314.21 [MHD/TOT] (8 threads)
[0m       CPCP =   29.992  29.993 [kV, N/S]
 [34m
 VOLTRON
      UT   = 2001-06-01 23:02:50
      tilt =    0.000 [deg]
    Sym-H  =   -5.000 [nT]
    BSDst  ~    5.935 [nT]
           dSMRs  ~     0.78   -0.08   -0.53   -0.16 [nT, 12/18/00/06]
   DPSDst  ~   -5.179 [nT]
   Spent    40.6% of time waiting for Gamera
            13.9% of time processing Chimp(Helpers)
             8.0% of time processing IMAG
            14.3% of time processing Remix
            22.6% of time processing Tubes(Helpers)
             0.0% of time writing files
    Running @   52.808% of real-time (8 threads)
[0m  [35m
 RAIJU
      UT   = 2001-06-01 23:02:55
      Time =     2.917 [min]
     dtCpl =  5.00E+00 [sec]
     Max/Min dt @ k:
        Max 3.38E+01 [sec] @ 57
        Min 1.38E-01 [sec] @ 160
     Flav : max Press/Den @ L,MLT; DPS-dst
        0: P =   0.00, D =9075.91 @  1.54 Rp,12.07 MLT; DPS:   0.00
        1: P =   0.46, D =   0.26 @  4.49 Rp, 8.73 MLT; DPS:  -1.39
        2: P =   2.65, D =   0.25 @  3.96 Rp, 8.06 MLT; DPS:  -5.09
[0m [32m<Writing HDF5 DATA @ t =     2.834 [min] >[0m 
[32m<Writing RAIJU HDF5 DATA @ t =     2.917 [min] >[0m 
 [36m
 GAMERA
      Time =     2.917 [min]
        ts =     1706
        dt =  8.23E-02 [sec]
    dt/dt0 =   69.103%
    Spent     0.0% of time waiting for Voltron
      kZCs =   3501.96 /   1305.40 [MHD/TOT] (8 threads)
[0m       CPCP =   28.406  28.439 [kV, N/S]
 [34m
 VOLTRON
      UT   = 2001-06-01 23:02:55
      tilt =    0.000 [deg]
    Sym-H  =   -5.000 [nT]
    BSDst  ~    5.817 [nT]
           dSMRs  ~     0.71   -0.08   -0.50   -0.14 [nT, 12/18/00/06]
   DPSDst  ~   -5.203 [nT]
   Spent    40.8% of time waiting for Gamera
            13.9% of time processing Chimp(Helpers)
             8.0% of time processing IMAG
            14.2% of time processing Remix
            22.6% of time processing Tubes(Helpers)
             0.0% of time writing files
    Running @   53.445% of real-time (8 threads)
[0m  [35m
 RAIJU
      UT   = 2001-06-01 23:02:59
      Time =     3.000 [min]
     dtCpl =  5.00E+00 [sec]
     Max/Min dt @ k:
        Max 3.62E+01 [sec] @ 57
        Min 1.38E-01 [sec] @ 160
     Flav : max Press/Den @ L,MLT; DPS-dst
        0: P =   0.00, D =9075.91 @  1.54 Rp,12.07 MLT; DPS:   0.00
        1: P =   0.45, D =   0.25 @  4.49 Rp, 8.73 MLT; DPS:  -1.39
        2: P =   2.65, D =   0.25 @  3.96 Rp, 8.07 MLT; DPS:  -5.10
[0m [32m<Writing HDF5 DATA @ t =     2.917 [min] >[0m 
[32m<Writing RAIJU HDF5 DATA @ t =     3.000 [min] >[0m 
 [36m
 GAMERA
      Time =     3.000 [min]
        ts =     1767
        dt =  8.07E-02 [sec]
    dt/dt0 =   67.799%
    Spent     0.0% of time waiting for Voltron
      kZCs =   3501.43 /   1319.10 [MHD/TOT] (8 threads)
[0m       CPCP =   26.655  26.716 [kV, N/S]
 [34m
 VOLTRON
      UT   = 2001-06-01 23:03:00
      tilt =    0.000 [deg]
    Sym-H  =   -5.000 [nT]
    BSDst  ~    5.727 [nT]
           dSMRs  ~     0.66   -0.06   -0.47   -0.12 [nT, 12/18/00/06]
   DPSDst  ~   -5.192 [nT]
   Spent    41.1% of time waiting for Gamera
            13.9% of time processing Chimp(Helpers)
             8.0% of time processing IMAG
            14.1% of time processing Remix
            22.5% of time processing Tubes(Helpers)
             0.0% of time writing files
    Running @   54.061% of real-time (8 threads)
[0m  [35m
 RAIJU
      UT   = 2001-06-01 23:03:05
      Time =     3.083 [min]
     dtCpl =  5.00E+00 [sec]
     Max/Min dt @ k:
        Max 3.72E+01 [sec] @ 57
        Min 1.38E-01 [sec] @ 160
     Flav : max Press/Den @ L,MLT; DPS-dst
        0: P =   0.00, D =9075.91 @  1.54 Rp,12.07 MLT; DPS:   0.00
        1: P =   0.44, D =   0.25 @  4.49 Rp, 8.73 MLT; DPS:  -1.38
        2: P =   2.65, D =   0.25 @  3.96 Rp, 8.07 MLT; DPS:  -5.10
[0m [32m<Writing HDF5 DATA @ t =     3.000 [min] >[0m 
[32m<Writing RAIJU HDF5 DATA @ t =     3.083 [min] >[0m 
 [36m
 GAMERA
      Time =     3.085 [min]
        ts =     1830
        dt =  7.98E-02 [sec]
    dt/dt0 =   67.023%
    Spent     0.0% of time waiting for Voltron
      kZCs =   3482.56 /   1342.97 [MHD/TOT] (8 threads)
[0m       CPCP =   24.998  25.429 [kV, N/S]
 [34m
 VOLTRON
      UT   = 2001-06-01 23:03:05
      tilt =    0.000 [deg]
    Sym-H  =   -5.000 [nT]
    BSDst  ~    5.670 [nT]
           dSMRs  ~     0.63   -0.06   -0.46   -0.11 [nT, 12/18/00/06]
   DPSDst  ~   -5.186 [nT]
   Spent    41.4% of time waiting for Gamera
            13.8% of time processing Chimp(Helpers)
             8.0% of time processing IMAG
            14.0% of time processing Remix
            22.4% of time processing Tubes(Helpers)
             0.0% of time writing files
    Running @   54.644% of real-time (8 threads)
[0m  [35m
 RAIJU
      UT   = 2001-06-01 23:03:10
      Time =     3.167 [min]
     dtCpl =  5.00E+00 [sec]
     Max/Min dt @ k:
        Max 3.92E+01 [sec] @ 57
        Min 1.38E-01 [sec] @ 160
     Flav : max Press/Den @ L,MLT; DPS-dst
        0: P =   0.00, D =9075.91 @  1.54 Rp,12.07 MLT; DPS:   0.00
        1: P =   0.43, D =   0.25 @  4.49 Rp, 8.73 MLT; DPS:  -1.37
        2: P =   2.65, D =   0.25 @  3.96 Rp, 8.07 MLT; DPS:  -5.10
[0m [32m<Writing HDF5 DATA @ t =     3.085 [min] >[0m 
[32m<Writing RAIJU HDF5 DATA @ t =     3.167 [min] >[0m 
 [36m
 GAMERA
      Time =     3.168 [min]
        ts =     1891
        dt =  8.40E-02 [sec]
    dt/dt0 =   70.560%
    Spent     0.0% of time waiting for Voltron
      kZCs =   3502.38 /   1321.08 [MHD/TOT] (8 threads)
[0m       CPCP =   23.620  24.177 [kV, N/S]
 [34m
 VOLTRON
      UT   = 2001-06-01 23:03:10
      tilt =    0.000 [deg]
    Sym-H  =   -5.000 [nT]
    BSDst  ~    5.653 [nT]
           dSMRs  ~     0.62   -0.06   -0.45   -0.10 [nT, 12/18/00/06]
   DPSDst  ~   -5.183 [nT]
   Spent    41.6% of time waiting for Gamera
            13.8% of time processing Chimp(Helpers)
             8.0% of time processing IMAG
            13.9% of time processing Remix
            22.4% of time processing Tubes(Helpers)
             0.0% of time writing files
    Running @   55.203% of real-time (8 threads)
[0m  [35m
 RAIJU
      UT   = 2001-06-01 23:03:15
      Time =     3.250 [min]
     dtCpl =  5.00E+00 [sec]
     Max/Min dt @ k:
        Max 4.11E+01 [sec] @ 57
        Min 1.38E-01 [sec] @ 160
     Flav : max Press/Den @ L,MLT; DPS-dst
        0: P =   0.00, D =9075.91 @  1.54 Rp,12.07 MLT; DPS:   0.00
        1: P =   0.43, D =   0.24 @  4.49 Rp, 8.73 MLT; DPS:  -1.36
        2: P =   2.65, D =   0.25 @  3.96 Rp, 8.07 MLT; DPS:  -5.11
[0m [32m<Writing HDF5 DATA @ t =     3.168 [min] >[0m 
[32m<Writing RAIJU HDF5 DATA @ t =     3.250 [min] >[0m 
 [36m
 GAMERA
      Time =     3.251 [min]
        ts =     1949
        dt =  8.84E-02 [sec]
    dt/dt0 =   74.233%
    Spent     0.0% of time waiting for Voltron
      kZCs =   3500.65 /   1286.53 [MHD/TOT] (8 threads)
[0m       CPCP =   22.382  23.053 [kV, N/S]
 [34m
 VOLTRON
      UT   = 2001-06-01 23:03:15
      tilt =    0.000 [deg]
    Sym-H  =   -5.000 [nT]
    BSDst  ~    5.672 [nT]
           dSMRs  ~     0.62   -0.06   -0.46   -0.10 [nT, 12/18/00/06]
   DPSDst  ~   -5.179 [nT]
   Spent    41.5% of time waiting for Gamera
            13.8% of time processing Chimp(Helpers)
             8.0% of time processing IMAG
            13.8% of time processing Remix
            22.5% of time processing Tubes(Helpers)
             0.0% of time writing files
    Running @   55.837% of real-time (8 threads)
[0m  [35m
 RAIJU
      UT   = 2001-06-01 23:03:20
      Time =     3.333 [min]
     dtCpl =  5.00E+00 [sec]
     Max/Min dt @ k:
        Max 4.25E+01 [sec] @ 56
        Min 1.38E-01 [sec] @ 160
     Flav : max Press/Den @ L,MLT; DPS-dst
        0: P =   0.00, D =9075.91 @  1.54 Rp,12.07 MLT; DPS:   0.00
        1: P =   0.42, D =   0.24 @  4.49 Rp, 8.73 MLT; DPS:  -1.36
        2: P =   2.65, D =   0.25 @  3.96 Rp, 8.07 MLT; DPS:  -5.11
[0m [32m<Writing HDF5 DATA @ t =     3.251 [min] >[0m 
[32m<Writing RAIJU HDF5 DATA @ t =     3.333 [min] >[0m 
 [36m
 GAMERA
      Time =     3.335 [min]
        ts =     2008
        dt =  8.15E-02 [sec]
    dt/dt0 =   68.468%
    Spent     0.0% of time waiting for Voltron
      kZCs =   3502.38 /   1299.79 [MHD/TOT] (8 threads)
[0m       CPCP =   21.245  22.024 [kV, N/S]
 [34m
 VOLTRON
      UT   = 2001-06-01 23:03:20
      tilt =    0.000 [deg]
    Sym-H  =   -5.000 [nT]
    BSDst  ~    5.724 [nT]
           dSMRs  ~     0.62   -0.06   -0.48   -0.09 [nT, 12/18/00/06]
   DPSDst  ~   -5.177 [nT]
   Spent    41.6% of time waiting for Gamera
            13.8% of time processing Chimp(Helpers)
             8.0% of time processing IMAG
            13.8% of time processing Remix
            22.5% of time processing Tubes(Helpers)
             0.0% of time writing files
    Running @   56.423% of real-time (8 threads)
[0m  [35m
 RAIJU
      UT   = 2001-06-01 23:03:25
      Time =     3.417 [min]
     dtCpl =  5.00E+00 [sec]
     Max/Min dt @ k:
        Max 4.43E+01 [sec] @ 56
        Min 1.38E-01 [sec] @ 160
     Flav : max Press/Den @ L,MLT; DPS-dst
        0: P =   0.00, D =9075.91 @  1.54 Rp,12.07 MLT; DPS:   0.00
        1: P =   0.41, D =   0.24 @  4.49 Rp, 8.73 MLT; DPS:  -1.35
        2: P =   2.65, D =   0.25 @  3.96 Rp, 8.07 MLT; DPS:  -5.12
[0m [32m<Writing HDF5 DATA @ t =     3.335 [min] >[0m 
[32m<Writing RAIJU HDF5 DATA @ t =     3.417 [min] >[0m 
 [36m
 GAMERA
      Time =     3.417 [min]
        ts =     2071
        dt =  7.53E-02 [sec]
    dt/dt0 =   63.219%
    Spent     0.0% of time waiting for Voltron
      kZCs =   3503.97 /   1349.90 [MHD/TOT] (8 threads)
[0m       CPCP =   20.208  21.201 [kV, N/S]
 [34m
 VOLTRON
      UT   = 2001-06-01 23:03:25
      tilt =    0.000 [deg]
    Sym-H  =   -5.000 [nT]
    BSDst  ~    5.791 [nT]
           dSMRs  ~     0.62   -0.05   -0.50   -0.08 [nT, 12/18/00/06]
   DPSDst  ~   -5.178 [nT]
   Spent    41.8% of time waiting for Gamera
            13.8% of time processing Chimp(Helpers)
             8.0% of time processing IMAG
            13.7% of time processing Remix
            22.4% of time processing Tubes(Helpers)
             0.0% of time writing files
    Running @   56.746% of real-time (8 threads)
[0m  [35m
 RAIJU
      UT   = 2001-06-01 23:03:30
      Time =     3.500 [min]
     dtCpl =  5.00E+00 [sec]
     Max/Min dt @ k:
        Max 4.61E+01 [sec] @ 56
        Min 1.38E-01 [sec] @ 160
     Flav : max Press/Den @ L,MLT; DPS-dst
        0: P =   0.00, D =9075.91 @  1.54 Rp,12.07 MLT; DPS:   0.00
        1: P =   0.41, D =   0.23 @  4.49 Rp, 8.73 MLT; DPS:  -1.34
        2: P =   2.65, D =   0.25 @  3.96 Rp, 8.06 MLT; DPS:  -5.13
[0m [32m<Writing HDF5 DATA @ t =     3.417 [min] >[0m 
[32m<Writing RAIJU HDF5 DATA @ t =     3.500 [min] >[0m 
 [36m
 GAMERA
      Time =     3.501 [min]
        ts =     2141
        dt =  6.96E-02 [sec]
    dt/dt0 =   58.469%
    Spent     0.0% of time waiting for Voltron
      kZCs =   3500.85 /   1429.83 [MHD/TOT] (8 threads)
[0m       CPCP =   19.449  20.624 [kV, N/S]
 [34m
 VOLTRON
      UT   = 2001-06-01 23:03:30
      tilt =    0.000 [deg]
    Sym-H  =   -5.000 [nT]
    BSDst  ~    5.814 [nT]
           dSMRs  ~     0.59   -0.02   -0.51   -0.05 [nT, 12/18/00/06]
   DPSDst  ~   -5.192 [nT]
   Spent    42.4% of time waiting for Gamera
            13.6% of time processing Chimp(Helpers)
             7.9% of time processing IMAG
            13.5% of time processing Remix
            22.2% of time processing Tubes(Helpers)
             0.0% of time writing files
    Running @   57.140% of real-time (8 threads)
[0m  [35m
 RAIJU
      UT   = 2001-06-01 23:03:35
      Time =     3.583 [min]
     dtCpl =  5.00E+00 [sec]
     Max/Min dt @ k:
        Max 4.77E+01 [sec] @ 56
        Min 1.38E-01 [sec] @ 160
     Flav : max Press/Den @ L,MLT; DPS-dst
        0: P =   0.00, D =9075.91 @  1.54 Rp,12.07 MLT; DPS:   0.00
        1: P =   0.40, D =   0.23 @  4.49 Rp, 8.73 MLT; DPS:  -1.35
        2: P =   2.65, D =   0.25 @  3.96 Rp, 8.06 MLT; DPS:  -5.15
[0m [32m<Writing HDF5 DATA @ t =     3.501 [min] >[0m 
[32m<Writing RAIJU HDF5 DATA @ t =     3.583 [min] >[0m 
 [36m
 GAMERA
      Time =     3.584 [min]
        ts =     2218
        dt =  5.98E-02 [sec]
    dt/dt0 =   50.225%
    Spent     0.0% of time waiting for Voltron
      kZCs =   3502.19 /   1506.49 [MHD/TOT] (8 threads)
[0m       CPCP =   18.999  20.293 [kV, N/S]
 [34m
 VOLTRON
      UT   = 2001-06-01 23:03:35
      tilt =    0.000 [deg]
    Sym-H  =   -5.000 [nT]
    BSDst  ~    5.791 [nT]
           dSMRs  ~     0.55    0.00   -0.52   -0.03 [nT, 12/18/00/06]
   DPSDst  ~   -5.198 [nT]
   Spent    43.3% of time waiting for Gamera
            13.4% of time processing Chimp(Helpers)
             7.8% of time processing IMAG
            13.2% of time processing Remix
            21.9% of time processing Tubes(Helpers)
             0.0% of time writing files
    Running @   57.277% of real-time (8 threads)
[0m  [35m
 RAIJU
      UT   = 2001-06-01 23:03:40
      Time =     3.667 [min]
     dtCpl =  5.00E+00 [sec]
     Max/Min dt @ k:
        Max 4.91E+01 [sec] @ 56
        Min 1.38E-01 [sec] @ 160
     Flav : max Press/Den @ L,MLT; DPS-dst
        0: P =   0.00, D =9075.91 @  1.54 Rp,12.07 MLT; DPS:   0.00
        1: P =   0.40, D =   0.23 @  4.48 Rp,10.60 MLT; DPS:  -1.34
        2: P =   2.67, D =   0.25 @  3.97 Rp,11.93 MLT; DPS:  -5.16
[0m [32m<Writing HDF5 DATA @ t =     3.584 [min] >[0m 
[32m<Writing RAIJU HDF5 DATA @ t =     3.667 [min] >[0m 
 [36m
 GAMERA
      Time =     3.667 [min]
        ts =     2308
        dt =  5.27E-02 [sec]
    dt/dt0 =   44.245%
    Spent     0.0% of time waiting for Voltron
      kZCs =   3501.96 /   1631.97 [MHD/TOT] (8 threads)
[0m       CPCP =   18.652  20.198 [kV, N/S]
 [34m
 VOLTRON
      UT   = 2001-06-01 23:03:40
      tilt =    0.000 [deg]
    Sym-H  =   -5.000 [nT]
    BSDst  ~    6.045 [nT]
           dSMRs  ~     0.83   -0.06   -0.67   -0.10 [nT, 12/18/00/06]
   DPSDst  ~   -5.218 [nT]
   Spent    44.7% of time waiting for Gamera
            13.1% of time processing Chimp(Helpers)
             7.6% of time processing IMAG
            12.9% of time processing Remix
            21.4% of time processing Tubes(Helpers)
             0.0% of time writing files
    Running @   57.398% of real-time (8 threads)
[0m  [35m
 RAIJU
      UT   = 2001-06-01 23:03:45
      Time =     3.750 [min]
     dtCpl =  5.00E+00 [sec]
     Max/Min dt @ k:
        Max 5.05E+01 [sec] @ 56
        Min 1.38E-01 [sec] @ 160
     Flav : max Press/Den @ L,MLT; DPS-dst
        0: P =   0.00, D =9075.91 @  1.54 Rp,12.07 MLT; DPS:   0.00
        1: P =   0.39, D =   0.23 @  4.47 Rp,10.86 MLT; DPS:  -1.34
        2: P =   2.69, D =   0.26 @  3.96 Rp,11.93 MLT; DPS:  -5.19
[0m [32m<Writing HDF5 DATA @ t =     3.667 [min] >[0m 
[32m<Writing RAIJU HDF5 DATA @ t =     3.750 [min] >[0m 
 [36m
 GAMERA
      Time =     3.751 [min]
        ts =     2406
        dt =  4.96E-02 [sec]
    dt/dt0 =   41.677%
    Spent     0.0% of time waiting for Voltron
      kZCs =   3501.67 /   1696.11 [MHD/TOT] (8 threads)
[0m       CPCP =   18.718  20.389 [kV, N/S]
 [34m
 VOLTRON
      UT   = 2001-06-01 23:03:45
      tilt =    0.000 [deg]
    Sym-H  =   -5.000 [nT]
    BSDst  ~    6.801 [nT]
           dSMRs  ~     1.48   -0.20   -1.04   -0.24 [nT, 12/18/00/06]
   DPSDst  ~   -5.230 [nT]
   Spent    46.2% of time waiting for Gamera
            12.7% of time processing Chimp(Helpers)
             7.4% of time processing IMAG
            12.5% of time processing Remix
            20.9% of time processing Tubes(Helpers)
             0.0% of time writing files
    Running @   57.415% of real-time (8 threads)
[0m  [35m
 RAIJU
      UT   = 2001-06-01 23:03:50
      Time =     3.833 [min]
     dtCpl =  5.00E+00 [sec]
     Max/Min dt @ k:
        Max 5.18E+01 [sec] @ 56
        Min 1.38E-01 [sec] @ 160
     Flav : max Press/Den @ L,MLT; DPS-dst
        0: P =   0.00, D =9075.91 @  1.54 Rp,12.07 MLT; DPS:   0.00
        1: P =   0.39, D =   0.23 @  4.47 Rp,10.33 MLT; DPS:  -1.34
        2: P =   2.70, D =   0.26 @  3.96 Rp,11.80 MLT; DPS:  -5.21
[0m [32m<Writing HDF5 DATA @ t =     3.751 [min] >[0m 
[32m<Writing RAIJU HDF5 DATA @ t =     3.833 [min] >[0m 
 [36m
 GAMERA
      Time =     3.834 [min]
        ts =     2510
        dt =  4.54E-02 [sec]
    dt/dt0 =   38.162%
    Spent     0.0% of time waiting for Voltron
      kZCs =   3500.84 /   1738.93 [MHD/TOT] (8 threads)
[0m       CPCP =   19.254  21.066 [kV, N/S]
 [34m
 VOLTRON
      UT   = 2001-06-01 23:03:50
      tilt =    0.000 [deg]
    Sym-H  =   -5.000 [nT]
    BSDst  ~    7.627 [nT]
           dSMRs  ~     1.93   -0.27   -1.36   -0.30 [nT, 12/18/00/06]
   DPSDst  ~   -5.238 [nT]
   Spent    47.7% of time waiting for Gamera
            12.4% of time processing Chimp(Helpers)
             7.2% of time processing IMAG
            12.2% of time processing Remix
            20.3% of time processing Tubes(Helpers)
             0.0% of time writing files
    Running @   57.366% of real-time (8 threads)
[0m  [35m
 RAIJU
      UT   = 2001-06-01 23:03:55
      Time =     3.917 [min]
     dtCpl =  5.00E+00 [sec]
     Max/Min dt @ k:
        Max 5.32E+01 [sec] @ 56
        Min 1.38E-01 [sec] @ 160
     Flav : max Press/Den @ L,MLT; DPS-dst
        0: P =   0.00, D =9075.91 @  1.54 Rp,12.07 MLT; DPS:   0.00
        1: P =   0.38, D =   0.22 @  4.42 Rp, 8.83 MLT; DPS:  -1.34
        2: P =   2.71, D =   0.26 @  3.95 Rp, 9.53 MLT; DPS:  -5.22
[0m [32m<Writing HDF5 DATA @ t =     3.834 [min] >[0m 
[32m<Writing RAIJU HDF5 DATA @ t =     3.917 [min] >[0m 
 [36m
 GAMERA
      Time =     3.917 [min]
        ts =     2630
        dt =  3.75E-02 [sec]
    dt/dt0 =   31.509%
    Spent     0.0% of time waiting for Voltron
      kZCs =   3502.31 /   1847.05 [MHD/TOT] (8 threads)
[0m       CPCP =   20.163  22.091 [kV, N/S]
 [34m
 VOLTRON
      UT   = 2001-06-01 23:03:55
      tilt =    0.000 [deg]
    Sym-H  =   -5.000 [nT]
    BSDst  ~    8.116 [nT]
           dSMRs  ~     1.98   -0.23   -1.47   -0.28 [nT, 12/18/00/06]
   DPSDst  ~   -5.244 [nT]
   Spent    49.5% of time waiting for Gamera
            11.9% of time processing Chimp(Helpers)
             7.0% of time processing IMAG
            11.8% of time processing Remix
            19.6% of time processing Tubes(Helpers)
             0.0% of time writing files
    Running @   57.171% of real-time (8 threads)
[0m  [35m
 RAIJU
      UT   = 2001-06-01 23:03:59
      Time =     4.000 [min]
     dtCpl =  5.00E+00 [sec]
     Max/Min dt @ k:
        Max 5.49E+01 [sec] @ 56
        Min 1.38E-01 [sec] @ 160
     Flav : max Press/Den @ L,MLT; DPS-dst
        0: P =   0.00, D =9075.91 @  1.54 Rp,12.07 MLT; DPS:   0.00
        1: P =   0.38, D =   0.22 @  4.42 Rp, 8.83 MLT; DPS:  -1.34
        2: P =   2.72, D =   0.26 @  3.95 Rp, 9.53 MLT; DPS:  -5.23
[0m [32m<Writing HDF5 DATA @ t =     3.917 [min] >[0m 
[32m<Writing RAIJU HDF5 DATA @ t =     4.000 [min] >[0m 
 [36m
 GAMERA
      Time =     4.000 [min]
        ts =     2785
        dt =  3.00E-02 [sec]
    dt/dt0 =   25.169%
    Spent     0.0% of time waiting for Voltron
      kZCs =   3502.57 /   2028.46 [MHD/TOT] (8 threads)
[0m       CPCP =   21.446  23.376 [kV, N/S]
 [34m
 VOLTRON
      UT   = 2001-06-01 23:04:00
      tilt =    0.000 [deg]
    Sym-H  =   -5.000 [nT]
    BSDst  ~    8.320 [nT]
           dSMRs  ~     1.84   -0.16   -1.45   -0.22 [nT, 12/18/00/06]
   DPSDst  ~   -5.253 [nT]
   Spent    51.9% of time waiting for Gamera
            11.3% of time processing Chimp(Helpers)
             6.6% of time processing IMAG
            11.2% of time processing Remix
            18.7% of time processing Tubes(Helpers)
             0.0% of time writing files
    Running @   56.736% of real-time (8 threads)
[0m  [35m
 RAIJU
      UT   = 2001-06-01 23:04:05
      Time =     4.083 [min]
     dtCpl =  5.00E+00 [sec]
     Max/Min dt @ k:
        Max 5.64E+01 [sec] @ 56
        Min 1.38E-01 [sec] @ 160
     Flav : max Press/Den @ L,MLT; DPS-dst
        0: P =   0.00, D =9075.91 @  1.54 Rp,12.07 MLT; DPS:   0.00
        1: P =   0.38, D =   0.22 @  4.46 Rp, 8.86 MLT; DPS:  -1.33
        2: P =   2.73, D =   0.26 @  3.95 Rp, 9.40 MLT; DPS:  -5.25
[0m [32m<Writing HDF5 DATA @ t =     4.000 [min] >[0m 
[32m<Writing RAIJU HDF5 DATA @ t =     4.083 [min] >[0m 
 [36m
 GAMERA
      Time =     4.084 [min]
        ts =     2952
        dt =  3.00E-02 [sec]
    dt/dt0 =   25.163%
    Spent     0.0% of time waiting for Voltron
      kZCs =   3499.63 /   2080.42 [MHD/TOT] (8 threads)
[0m       CPCP =   23.355  24.903 [kV, N/S]
 [34m
 VOLTRON
      UT   = 2001-06-01 23:04:05
      tilt =    0.000 [deg]
    Sym-H  =   -5.000 [nT]
    BSDst  ~    8.332 [nT]
           dSMRs  ~     1.67   -0.12   -1.39   -0.16 [nT, 12/18/00/06]
   DPSDst  ~   -5.262 [nT]
   Spent    54.2% of time waiting for Gamera
            10.8% of time processing Chimp(Helpers)
             6.3% of time processing IMAG
            10.7% of time processing Remix
            17.8% of time processing Tubes(Helpers)
             0.0% of time writing files
    Running @   56.253% of real-time (8 threads)
[0m  [35m
 RAIJU
      UT   = 2001-06-01 23:04:10
      Time =     4.167 [min]
     dtCpl =  5.00E+00 [sec]
     Max/Min dt @ k:
        Max 5.41E+01 [sec] @ 56
        Min 1.38E-01 [sec] @ 160
     Flav : max Press/Den @ L,MLT; DPS-dst
        0: P =   0.00, D =9075.91 @  1.54 Rp,12.07 MLT; DPS:   0.00
        1: P =   0.37, D =   0.22 @  4.46 Rp, 8.86 MLT; DPS:  -1.33
        2: P =   2.73, D =   0.26 @  3.95 Rp, 9.39 MLT; DPS:  -5.26
[0m [32m<Writing HDF5 DATA @ t =     4.084 [min] >[0m 
[32m<Writing RAIJU HDF5 DATA @ t =     4.167 [min] >[0m 
 [36m
 GAMERA
      Time =     4.167 [min]
        ts =     3118
        dt =  3.00E-02 [sec]
    dt/dt0 =   25.162%
    Spent     0.0% of time waiting for Voltron
      kZCs =   3501.27 /   2074.80 [MHD/TOT] (8 threads)
[0m       CPCP =   25.604  26.917 [kV, N/S]
 [34m
 VOLTRON
      UT   = 2001-06-01 23:04:10
      tilt =    0.000 [deg]
    Sym-H  =   -5.000 [nT]
    BSDst  ~    8.250 [nT]
           dSMRs  ~     1.58   -0.12   -1.33   -0.12 [nT, 12/18/00/06]
   DPSDst  ~   -5.272 [nT]
   Spent    56.1% of time waiting for Gamera
            10.3% of time processing Chimp(Helpers)
             6.1% of time processing IMAG
            10.3% of time processing Remix
            17.0% of time processing Tubes(Helpers)
             0.0% of time writing files
    Running @   55.782% of real-time (8 threads)
[0m  [35m
 RAIJU
      UT   = 2001-06-01 23:04:15
      Time =     4.250 [min]
     dtCpl =  5.00E+00 [sec]
     Max/Min dt @ k:
        Max 5.17E+01 [sec] @ 56
        Min 1.38E-01 [sec] @ 160
     Flav : max Press/Den @ L,MLT; DPS-dst
        0: P =   0.00, D =9075.91 @  1.54 Rp,12.07 MLT; DPS:   0.00
        1: P =   0.36, D =   0.21 @  4.46 Rp, 8.72 MLT; DPS:  -1.33
        2: P =   2.72, D =   0.26 @  3.95 Rp, 9.39 MLT; DPS:  -5.28
[0m [32m<Writing HDF5 DATA @ t =     4.167 [min] >[0m 
[32m<Writing RAIJU HDF5 DATA @ t =     4.250 [min] >[0m 
 [36m
 GAMERA
      Time =     4.250 [min]
        ts =     3285
        dt =  3.01E-02 [sec]
    dt/dt0 =   25.286%
    Spent     0.0% of time waiting for Voltron
      kZCs =   3501.87 /   2082.08 [MHD/TOT] (8 threads)
[0m       CPCP =   27.831  29.190 [kV, N/S]
 [34m
 VOLTRON
      UT   = 2001-06-01 23:04:15
      tilt =    0.000 [deg]
    Sym-H  =   -5.000 [nT]
    BSDst  ~    8.141 [nT]
           dSMRs  ~     1.55   -0.13   -1.28   -0.13 [nT, 12/18/00/06]
   DPSDst  ~   -5.278 [nT]
   Spent    57.8% of time waiting for Gamera
             9.9% of time processing Chimp(Helpers)
             5.8% of time processing IMAG
             9.9% of time processing Remix
            16.4% of time processing Tubes(Helpers)
             0.0% of time writing files
    Running @   55.335% of real-time (8 threads)
[0m  [35m
 RAIJU
      UT   = 2001-06-01 23:04:20
      Time =     4.333 [min]
     dtCpl =  5.00E+00 [sec]
     Max/Min dt @ k:
        Max 4.98E+01 [sec] @ 56
        Min 1.38E-01 [sec] @ 160
     Flav : max Press/Den @ L,MLT; DPS-dst
        0: P =   0.00, D =9075.91 @  1.54 Rp,12.07 MLT; DPS:   0.00
        1: P =   0.36, D =   0.21 @  4.47 Rp, 8.86 MLT; DPS:  -1.33
        2: P =   2.72, D =   0.26 @  3.95 Rp, 9.40 MLT; DPS:  -5.29
[0m [32m<Writing HDF5 DATA @ t =     4.250 [min] >[0m 
[32m<Writing RAIJU HDF5 DATA @ t =     4.333 [min] >[0m 
 [36m
 GAMERA
      Time =     4.333 [min]
        ts =     3448
        dt =  3.29E-02 [sec]
    dt/dt0 =   27.595%
    Spent     0.0% of time waiting for Voltron
      kZCs =   3500.83 /   2065.25 [MHD/TOT] (8 threads)
[0m       CPCP =   29.971  31.478 [kV, N/S]
 [34m
 VOLTRON
      UT   = 2001-06-01 23:04:20
      tilt =    0.000 [deg]
    Sym-H  =   -5.000 [nT]
    BSDst  ~    8.057 [nT]
           dSMRs  ~     1.56   -0.14   -1.28   -0.15 [nT, 12/18/00/06]
   DPSDst  ~   -5.286 [nT]
   Spent    59.1% of time waiting for Gamera
             9.6% of time processing Chimp(Helpers)
             5.7% of time processing IMAG
             9.6% of time processing Remix
            15.9% of time processing Tubes(Helpers)
             0.0% of time writing files
    Running @   54.911% of real-time (8 threads)
[0m  [35m
 RAIJU
      UT   = 2001-06-01 23:04:25
      Time =     4.417 [min]
     dtCpl =  5.00E+00 [sec]
     Max/Min dt @ k:
        Max 4.74E+01 [sec] @ 56
        Min 1.38E-01 [sec] @ 160
     Flav : max Press/Den @ L,MLT; DPS-dst
        0: P =   0.00, D =9075.91 @  1.54 Rp,12.07 MLT; DPS:   0.00
        1: P =   0.35, D =   0.21 @  4.47 Rp, 8.86 MLT; DPS:  -1.33
        2: P =   2.72, D =   0.26 @  3.95 Rp, 9.40 MLT; DPS:  -5.30
[0m [32m<Writing HDF5 DATA @ t =     4.333 [min] >[0m 
[32m<Writing RAIJU HDF5 DATA @ t =     4.417 [min] >[0m 
 [36m
 GAMERA
      Time =     4.417 [min]
        ts =     3575
        dt =  4.60E-02 [sec]
    dt/dt0 =   38.610%
    Spent     0.0% of time waiting for Voltron
      kZCs =   3501.27 /   1888.40 [MHD/TOT] (8 threads)
[0m       CPCP =   32.091  33.743 [kV, N/S]
 [34m
 VOLTRON
      UT   = 2001-06-01 23:04:25
      tilt =    0.000 [deg]
    Sym-H  =   -5.000 [nT]
    BSDst  ~    8.021 [nT]
           dSMRs  ~     1.62   -0.14   -1.30   -0.18 [nT, 12/18/00/06]
   DPSDst  ~   -5.292 [nT]
   Spent    59.3% of time waiting for Gamera
             9.5% of time processing Chimp(Helpers)
             5.6% of time processing IMAG
             9.6% of time processing Remix
            15.8% of time processing Tubes(Helpers)
             0.0% of time writing files
    Running @   54.750% of real-time (8 threads)
[0m  [35m
 RAIJU
      UT   = 2001-06-01 23:04:30
      Time =     4.500 [min]
     dtCpl =  5.00E+00 [sec]
     Max/Min dt @ k:
        Max 4.66E+01 [sec] @ 56
        Min 1.38E-01 [sec] @ 160
     Flav : max Press/Den @ L,MLT; DPS-dst
        0: P =   0.00, D =9075.91 @  1.54 Rp,12.07 MLT; DPS:   0.00
        1: P =   0.34, D =   0.21 @  4.47 Rp, 8.86 MLT; DPS:  -1.32
        2: P =   2.73, D =   0.26 @  3.95 Rp, 9.40 MLT; DPS:  -5.31
[0m [32m<Writing HDF5 DATA @ t =     4.417 [min] >[0m 
[32m<Writing RAIJU HDF5 DATA @ t =     4.500 [min] >[0m 
 [36m
 GAMERA
      Time =     4.501 [min]
        ts =     3675
        dt =  5.49E-02 [sec]
    dt/dt0 =   46.075%
    Spent     0.0% of time waiting for Voltron
      kZCs =   3503.93 /   1709.10 [MHD/TOT] (8 threads)
[0m       CPCP =   34.210  35.748 [kV, N/S]
 [34m
 VOLTRON
      UT   = 2001-06-01 23:04:30
      tilt =    0.000 [deg]
    Sym-H  =   -5.000 [nT]
    BSDst  ~    8.047 [nT]
           dSMRs  ~     1.71   -0.15   -1.36   -0.20 [nT, 12/18/00/06]
   DPSDst  ~   -5.297 [nT]
   Spent    58.6% of time waiting for Gamera
             9.7% of time processing Chimp(Helpers)
             5.7% of time processing IMAG
             9.7% of time processing Remix
            16.1% of time processing Tubes(Helpers)
             0.0% of time writing files
    Running @   54.845% of real-time (8 threads)
[0m  [35m
 RAIJU
      UT   = 2001-06-01 23:04:35
      Time =     4.583 [min]
     dtCpl =  5.00E+00 [sec]
     Max/Min dt @ k:
        Max 4.35E+01 [sec] @ 56
        Min 1.38E-01 [sec] @ 160
     Flav : max Press/Den @ L,MLT; DPS-dst
        0: P =   0.00, D =9075.91 @  1.54 Rp,12.07 MLT; DPS:   0.00
        1: P =   0.34, D =   0.24 @  4.76 Rp, 9.92 MLT; DPS:  -1.32
        2: P =   2.73, D =   0.26 @  3.95 Rp, 9.40 MLT; DPS:  -5.32
[0m [32m<Writing HDF5 DATA @ t =     4.501 [min] >[0m 
[32m<Writing RAIJU HDF5 DATA @ t =     4.583 [min] >[0m 
 [36m
 GAMERA
      Time =     4.584 [min]
        ts =     3761
        dt =  6.15E-02 [sec]
    dt/dt0 =   51.621%
    Spent     0.0% of time waiting for Voltron
      kZCs =   3501.26 /   1588.53 [MHD/TOT] (8 threads)
[0m       CPCP =   36.167  37.651 [kV, N/S]
 [34m
 VOLTRON
      UT   = 2001-06-01 23:04:35
      tilt =    0.000 [deg]
    Sym-H  =   -5.000 [nT]
    BSDst  ~    8.149 [nT]
           dSMRs  ~     1.82   -0.16   -1.43   -0.23 [nT, 12/18/00/06]
   DPSDst  ~   -5.303 [nT]
   Spent    57.5% of time waiting for Gamera
             9.9% of time processing Chimp(Helpers)
             5.9% of time processing IMAG
            10.0% of time processing Remix
            16.5% of time processing Tubes(Helpers)
             0.0% of time writing files
    Running @   55.027% of real-time (8 threads)
[0m  [35m
 RAIJU
      UT   = 2001-06-01 23:04:40
      Time =     4.667 [min]
     dtCpl =  5.00E+00 [sec]
     Max/Min dt @ k:
        Max 4.02E+01 [sec] @ 57
        Min 1.38E-01 [sec] @ 160
     Flav : max Press/Den @ L,MLT; DPS-dst
        0: P =   0.00, D =9075.91 @  1.54 Rp,12.07 MLT; DPS:   0.00
        1: P =   0.34, D =   0.24 @  4.76 Rp, 9.92 MLT; DPS:  -1.32
        2: P =   2.74, D =   0.26 @  3.95 Rp, 9.40 MLT; DPS:  -5.33
[0m [32m<Writing HDF5 DATA @ t =     4.584 [min] >[0m 
[32m<Writing RAIJU HDF5 DATA @ t =     4.667 [min] >[0m 
 [36m
 GAMERA
      Time =     4.667 [min]
        ts =     3838
        dt =  6.78E-02 [sec]
    dt/dt0 =   56.985%
    Spent     0.0% of time waiting for Voltron
      kZCs =   3503.06 /   1503.14 [MHD/TOT] (8 threads)
[0m       CPCP =   38.091  39.456 [kV, N/S]
 [34m
 VOLTRON
      UT   = 2001-06-01 23:04:40
      tilt =    0.000 [deg]
    Sym-H  =   -5.000 [nT]
    BSDst  ~    8.337 [nT]
           dSMRs  ~     1.96   -0.18   -1.53   -0.25 [nT, 12/18/00/06]
   DPSDst  ~   -5.308 [nT]
   Spent    56.0% of time waiting for Gamera
            10.3% of time processing Chimp(Helpers)
             6.1% of time processing IMAG
            10.4% of time processing Remix
            17.1% of time processing Tubes(Helpers)
             0.0% of time writing files
    Running @   55.361% of real-time (8 threads)
[0m  [35m
 RAIJU
      UT   = 2001-06-01 23:04:45
      Time =     4.750 [min]
     dtCpl =  5.00E+00 [sec]
     Max/Min dt @ k:
        Max 3.82E+01 [sec] @ 57
        Min 1.38E-01 [sec] @ 160
     Flav : max Press/Den @ L,MLT; DPS-dst
        0: P =   0.00, D =9075.91 @  1.54 Rp,12.07 MLT; DPS:   0.00
        1: P =   0.34, D =   0.23 @  4.75 Rp, 9.93 MLT; DPS:  -1.31
        2: P =   2.75, D =   0.26 @  3.95 Rp, 9.26 MLT; DPS:  -5.34
[0m [32m<Writing HDF5 DATA @ t =     4.667 [min] >[0m 
[32m<Writing RAIJU HDF5 DATA @ t =     4.750 [min] >[0m 
 [36m
 GAMERA
      Time =     4.751 [min]
        ts =     3910
        dt =  7.12E-02 [sec]
    dt/dt0 =   59.764%
    Spent     0.0% of time waiting for Voltron
      kZCs =   3504.14 /   1450.29 [MHD/TOT] (8 threads)
[0m       CPCP =   40.116  41.284 [kV, N/S]
 [34m
 VOLTRON
      UT   = 2001-06-01 23:04:45
      tilt =    0.000 [deg]
    Sym-H  =   -5.000 [nT]
    BSDst  ~    8.545 [nT]
           dSMRs  ~     2.06   -0.18   -1.62   -0.26 [nT, 12/18/00/06]
   DPSDst  ~   -5.312 [nT]
   Spent    54.6% of time waiting for Gamera
            10.6% of time processing Chimp(Helpers)
             6.3% of time processing IMAG
            10.7% of time processing Remix
            17.6% of time processing Tubes(Helpers)
             0.0% of time writing files
    Running @   55.763% of real-time (8 threads)
[0m  [35m
 RAIJU
      UT   = 2001-06-01 23:04:50
      Time =     4.833 [min]
     dtCpl =  5.00E+00 [sec]
     Max/Min dt @ k:
        Max 3.69E+01 [sec] @ 57
        Min 1.38E-01 [sec] @ 160
     Flav : max Press/Den @ L,MLT; DPS-dst
        0: P =   0.00, D =9075.91 @  1.54 Rp,12.07 MLT; DPS:   0.00
        1: P =   0.33, D =   0.23 @  4.75 Rp,10.19 MLT; DPS:  -1.31
        2: P =   2.76, D =   0.26 @  3.95 Rp, 9.26 MLT; DPS:  -5.35
[0m [32m<Writing HDF5 DATA @ t =     4.751 [min] >[0m 
[32m<Writing RAIJU HDF5 DATA @ t =     4.833 [min] >[0m 
 [36m
 GAMERA
      Time =     4.834 [min]
        ts =     3992
        dt =  5.28E-02 [sec]
    dt/dt0 =   44.354%
    Spent     0.0% of time waiting for Voltron
      kZCs =   3502.11 /   1556.12 [MHD/TOT] (8 threads)
[0m       CPCP =   42.215  43.079 [kV, N/S]
 [34m
 VOLTRON
      UT   = 2001-06-01 23:04:50
      tilt =    0.000 [deg]
    Sym-H  =   -5.000 [nT]
    BSDst  ~    8.739 [nT]
           dSMRs  ~     2.12   -0.18   -1.69   -0.25 [nT, 12/18/00/06]
   DPSDst  ~   -5.315 [nT]
   Spent    53.9% of time waiting for Gamera
            10.8% of time processing Chimp(Helpers)
             6.4% of time processing IMAG
            10.9% of time processing Remix
            17.9% of time processing Tubes(Helpers)
             0.0% of time writing files
    Running @   56.010% of real-time (8 threads)
[0m  [35m
 RAIJU
      UT   = 2001-06-01 23:04:55
      Time =     4.917 [min]
     dtCpl =  5.00E+00 [sec]
     Max/Min dt @ k:
        Max 3.59E+01 [sec] @ 57
        Min 1.38E-01 [sec] @ 160
     Flav : max Press/Den @ L,MLT; DPS-dst
        0: P =   0.00, D =9075.91 @  1.54 Rp,12.07 MLT; DPS:   0.00
        1: P =   0.33, D =   0.23 @  4.75 Rp,10.19 MLT; DPS:  -1.31
        2: P =   2.76, D =   0.26 @  3.95 Rp, 9.26 MLT; DPS:  -5.36
[0m [32m<Writing HDF5 DATA @ t =     4.834 [min] >[0m 
[32m<Writing RAIJU HDF5 DATA @ t =     4.917 [min] >[0m 
 [36m
 GAMERA
      Time =     4.917 [min]
        ts =     4099
        dt =  3.91E-02 [sec]
    dt/dt0 =   32.817%
    Spent     0.0% of time waiting for Voltron
      kZCs =   3504.31 /   1763.30 [MHD/TOT] (8 threads)
[0m       CPCP =   44.402  45.011 [kV, N/S]
 [34m
 VOLTRON
      UT   = 2001-06-01 23:04:55
      tilt =    0.000 [deg]
    Sym-H  =   -5.000 [nT]
    BSDst  ~    8.925 [nT]
           dSMRs  ~     2.17   -0.19   -1.74   -0.24 [nT, 12/18/00/06]
   DPSDst  ~   -5.321 [nT]
   Spent    54.3% of time waiting for Gamera
            10.7% of time processing Chimp(Helpers)
             6.3% of time processing IMAG
            10.8% of time processing Remix
            17.8% of time processing Tubes(Helpers)
             0.0% of time writing files
    Running @   55.951% of real-time (8 threads)
[0m  [35m
 RAIJU
      UT   = 2001-06-01 23:04:59
      Time =     5.000 [min]
     dtCpl =  5.00E+00 [sec]
     Max/Min dt @ k:
        Max 3.50E+01 [sec] @ 57
        Min 1.38E-01 [sec] @ 160
     Flav : max Press/Den @ L,MLT; DPS-dst
        0: P =   0.00, D =9075.91 @  1.54 Rp,12.07 MLT; DPS:   0.00
        1: P =   0.33, D =   0.23 @  4.75 Rp,10.19 MLT; DPS:  -1.30
        2: P =   2.77, D =   0.26 @  3.95 Rp, 9.26 MLT; DPS:  -5.37
[0m [32m<Writing HDF5 DATA @ t =     4.917 [min] >[0m 
[32m<Writing RAIJU HDF5 DATA @ t =     5.000 [min] >[0m 
 [36m
 GAMERA
      Time =     5.000 [min]
        ts =     4250
        dt =  3.35E-02 [sec]
    dt/dt0 =   28.168%
    Spent     0.0% of time waiting for Voltron
      kZCs =   3503.29 /   2016.47 [MHD/TOT] (8 threads)
[0m       CPCP =   46.671  47.249 [kV, N/S]
 [34m
 VOLTRON
      UT   = 2001-06-01 23:05:00
      tilt =    0.000 [deg]
    Sym-H  =   -5.000 [nT]
    BSDst  ~    9.113 [nT]
           dSMRs  ~     2.24   -0.17   -1.81   -0.26 [nT, 12/18/00/06]
   DPSDst  ~   -5.325 [nT]
   Spent    55.9% of time waiting for Gamera
            10.3% of time processing Chimp(Helpers)
             6.1% of time processing IMAG
            10.4% of time processing Remix
            17.1% of time processing Tubes(Helpers)
             0.0% of time writing files
    Running @   55.546% of real-time (8 threads)
[0m  [35m
 RAIJU
      UT   = 2001-06-01 23:05:05
      Time =     5.083 [min]
     dtCpl =  5.00E+00 [sec]
     Max/Min dt @ k:
        Max 3.39E+01 [sec] @ 57
        Min 1.38E-01 [sec] @ 160
     Flav : max Press/Den @ L,MLT; DPS-dst
        0: P =   0.00, D =9075.91 @  1.54 Rp,12.07 MLT; DPS:   0.00
        1: P =   0.32, D =   0.23 @  4.74 Rp,10.19 MLT; DPS:  -1.30
        2: P =   2.78, D =   0.26 @  3.95 Rp, 9.26 MLT; DPS:  -5.38
[0m [32m<Writing HDF5 DATA @ t =     5.000 [min] >[0m 
[32m<Writing RAIJU HDF5 DATA @ t =     5.083 [min] >[0m 
 Fin
