 taskid =          11
  taskid           11
 taskid =          10
  taskid           10
 taskid =          14
  taskid           14
 taskid =          25
  taskid           25
 taskid =          13
  taskid           13
 taskid =           9
  taskid            9
 taskid =          32
  taskid           32
 taskid =           5
  taskid            5
 taskid =          20
  taskid           20
 taskid =           0
  taskid            0
 taskid =          15
  taskid           15
 taskid =          12
  taskid           12
 taskid =           6
  taskid            6
 taskid =          18
  taskid           18
 taskid =          22
  taskid           22
 taskid =          29
  taskid           29
 taskid =           2
  taskid            2
 taskid =           3
  taskid            3
 taskid =          16
  taskid           16
 taskid =          23
  taskid           23
 taskid =           1
  taskid            1
 taskid =          19
  taskid           19
 taskid =           7
  taskid            7
 taskid =           8
  taskid            8
 taskid =          31
  taskid           31
 taskid =          17
  taskid           17
 taskid =          21
  taskid           21
 taskid =          24
  taskid           24
 taskid =           4
  taskid            4
 taskid =          28
  taskid           28
 taskid =          30
  taskid           30
 taskid =          27
  taskid           27
 taskid =          26
  taskid           26
 WACCMX online port ready: /home/jiaoy_group/jiaoy/data/waccmx-sami3_official/runs/waccmx_cam_sami3_live_payload_f19_topblend_voltron_phi_directmpi_2pkt_phi2_base_step_20260525_0000/waccmx_sami3_online_port.txt
 WACCMX online sender connected
 sending baltp            6
 sending baltp            2
 sending baltp           18
 rcving baltp            0
 sending baltp           20
 sending baltp            1
 sending baltp            4
 sending baltp            3
 sending baltp           24
 sending baltp           25
 print recvd balt/blat/blonpt           0
 sending baltp           32
 sending baltp           22
 sending baltp           10
 sending baltp            7
 sending baltp            8
 sending baltp           30
 sending baltp           17
 sending baltp           29
 sending baltp           12
 sending baltp           23
 sending baltp           31
 sending pp           2
 sending baltp           16
 sending baltp            5
 sending baltp            9
 sending baltp           26
 sending baltp           27
 sending baltp           19
 sending baltp           11
 sending baltp           28
 sending baltp           15
 sending baltp           13
 sending baltp           21
 sending baltp           14
 recv pp 
 start recv dvec           0
 sending dvec            2
 sending vpsnx 
 send xyznorms
 recv xyznorms           2
 recv xyznormp
 recv vppnx/y/z
 send vhpnx/y/z
 recv vhpnx/y/z
 send bdirpx/y/z
 recv bdirpx/y/z
 send bdirhx/y/z
 recv bdirhx/y/z
 send ehpx/y/z
 recv ehpx/y/z
 send ephx/y/z
 recv ephx/y/z
 send delhp
 recv delhp
 send delph
 recv delph
 rcving baltp            0
 print recvd balt/blat/blonpt           0
 sending pp           3
 recv pp 
 start recv dvec           0
 sending dvec            3
 sending vpsnx 
 send xyznorms
 recv xyznorms           3
 recv xyznormp
 recv vppnx/y/z
 send vhpnx/y/z
 recv vhpnx/y/z
 send bdirpx/y/z
 recv bdirpx/y/z
 send bdirhx/y/z
 recv bdirhx/y/z
 send ehpx/y/z
 recv ehpx/y/z
 send ephx/y/z
 recv ephx/y/z
 send delhp
 recv delhp
 send delph
 recv delph
 rcving baltp            0
 print recvd balt/blat/blonpt           0
 sending pp           4
 recv pp 
 start recv dvec           0
 sending dvec            4
 sending vpsnx 
 send xyznorms
 recv xyznorms           4
 recv xyznormp
 recv vppnx/y/z
 send vhpnx/y/z
 recv vhpnx/y/z
 send bdirpx/y/z
 recv bdirpx/y/z
 send bdirhx/y/z
 recv bdirhx/y/z
 send ehpx/y/z
 recv ehpx/y/z
 send ephx/y/z
 recv ephx/y/z
 send delhp
 recv delhp
 send delph
 recv delph
 rcving baltp            0
 print recvd balt/blat/blonpt           0
 sending pp           5
 recv pp 
 start recv dvec           0
 sending dvec            5
 sending vpsnx 
 send xyznorms
 recv xyznorms           5
 recv xyznormp
 recv vppnx/y/z
 send vhpnx/y/z
 recv vhpnx/y/z
 send bdirpx/y/z
 recv bdirpx/y/z
 send bdirhx/y/z
 recv bdirhx/y/z
 send ehpx/y/z
 recv ehpx/y/z
 send ephx/y/z
 recv ephx/y/z
 send delhp
 recv delhp
 send delph
 recv delph
 rcving baltp            0
 print recvd balt/blat/blonpt           0
 sending pp           6
 recv pp 
 start recv dvec           0
 sending dvec            6
 sending vpsnx 
 send xyznorms
 recv xyznorms           6
 recv xyznormp
 recv vppnx/y/z
 send vhpnx/y/z
 recv vhpnx/y/z
 send bdirpx/y/z
 recv bdirpx/y/z
 send bdirhx/y/z
 recv bdirhx/y/z
 send ehpx/y/z
 recv ehpx/y/z
 send ephx/y/z
 recv ephx/y/z
 send delhp
 recv delhp
 send delph
 recv delph
 rcving baltp            0
 print recvd balt/blat/blonpt           0
 sending pp           7
 recv pp 
 start recv dvec           0
 sending dvec            7
 sending vpsnx 
 send xyznorms
 recv xyznorms           7
 recv xyznormp
 recv vppnx/y/z
 send vhpnx/y/z
 recv vhpnx/y/z
 send bdirpx/y/z
 recv bdirpx/y/z
 send bdirhx/y/z
 recv bdirhx/y/z
 send ehpx/y/z
 recv ehpx/y/z
 send ephx/y/z
 recv ephx/y/z
 send delhp
 recv delhp
 send delph
 recv delph
 rcving baltp            0
 print recvd balt/blat/blonpt           0
 sending pp           8
 recv pp 
 start recv dvec           0
 sending dvec            8
 sending vpsnx 
 send xyznorms
 recv xyznorms           8
 recv xyznormp
 recv vppnx/y/z
 send vhpnx/y/z
 recv vhpnx/y/z
 send bdirpx/y/z
 recv bdirpx/y/z
 send bdirhx/y/z
 recv bdirhx/y/z
 send ehpx/y/z
 recv ehpx/y/z
 send ephx/y/z
 recv ephx/y/z
 send delhp
 recv delhp
 send delph
 recv delph
 rcving baltp            0
 print recvd balt/blat/blonpt           0
 sending pp           9
 recv pp 
 start recv dvec           0
 sending dvec            9
 sending vpsnx 
 send xyznorms
 recv xyznorms           9
 recv xyznormp
 recv vppnx/y/z
 send vhpnx/y/z
 recv vhpnx/y/z
 send bdirpx/y/z
 recv bdirpx/y/z
 send bdirhx/y/z
 recv bdirhx/y/z
 send ehpx/y/z
 recv ehpx/y/z
 send ephx/y/z
 recv ephx/y/z
 send delhp
 recv delhp
 send delph
 recv delph
 rcving baltp            0
 print recvd balt/blat/blonpt           0
 sending pp          10
 recv pp 
 start recv dvec           0
 sending dvec           10
 sending vpsnx 
 send xyznorms
 recv xyznorms          10
 recv xyznormp
 recv vppnx/y/z
 send vhpnx/y/z
 recv vhpnx/y/z
 send bdirpx/y/z
 recv bdirpx/y/z
 send bdirhx/y/z
 recv bdirhx/y/z
 send ehpx/y/z
 recv ehpx/y/z
 send ephx/y/z
 recv ephx/y/z
 send delhp
 recv delhp
 send delph
 recv delph
 rcving baltp            0
 print recvd balt/blat/blonpt           0
 sending pp          11
 recv pp 
 start recv dvec           0
 sending dvec           11
 sending vpsnx 
 send xyznorms
 recv xyznorms          11
 recv xyznormp
 recv vppnx/y/z
 send vhpnx/y/z
 recv vhpnx/y/z
 send bdirpx/y/z
 recv bdirpx/y/z
 send bdirhx/y/z
 recv bdirhx/y/z
 send ehpx/y/z
 recv ehpx/y/z
 send ephx/y/z
 recv ephx/y/z
 send delhp
 recv delhp
 send delph
 recv delph
 rcving baltp            0
 print recvd balt/blat/blonpt           0
 sending pp          12
 recv pp 
 start recv dvec           0
 sending dvec           12
 sending vpsnx 
 send xyznorms
 recv xyznorms          12
 recv xyznormp
 recv vppnx/y/z
 send vhpnx/y/z
 recv vhpnx/y/z
 send bdirpx/y/z
 recv bdirpx/y/z
 send bdirhx/y/z
 recv bdirhx/y/z
 send ehpx/y/z
 recv ehpx/y/z
 send ephx/y/z
 recv ephx/y/z
 send delhp
 recv delhp
 send delph
 recv delph
 rcving baltp            0
 print recvd balt/blat/blonpt           0
 sending pp          13
 recv pp 
 start recv dvec           0
 sending dvec           13
 sending vpsnx 
 send xyznorms
 recv xyznorms          13
 recv xyznormp
 recv vppnx/y/z
 send vhpnx/y/z
 recv vhpnx/y/z
 send bdirpx/y/z
 recv bdirpx/y/z
 send bdirhx/y/z
 recv bdirhx/y/z
 send ehpx/y/z
 recv ehpx/y/z
 send ephx/y/z
 recv ephx/y/z
 send delhp
 recv delhp
 send delph
 recv delph
 rcving baltp            0
 print recvd balt/blat/blonpt           0
 sending pp          14
 recv pp 
 start recv dvec           0
 sending dvec           14
 sending vpsnx 
 send xyznorms
 recv xyznorms          14
 recv xyznormp
 recv vppnx/y/z
 send vhpnx/y/z
 recv vhpnx/y/z
 send bdirpx/y/z
 recv bdirpx/y/z
 send bdirhx/y/z
 recv bdirhx/y/z
 send ehpx/y/z
 recv ehpx/y/z
 send ephx/y/z
 recv ephx/y/z
 send delhp
 recv delhp
 send delph
 recv delph
 rcving baltp            0
 print recvd balt/blat/blonpt           0
 sending pp          15
 recv pp 
 start recv dvec           0
 sending dvec           15
 sending vpsnx 
 send xyznorms
 recv xyznorms          15
 recv xyznormp
 recv vppnx/y/z
 send vhpnx/y/z
 recv vhpnx/y/z
 send bdirpx/y/z
 recv bdirpx/y/z
 send bdirhx/y/z
 recv bdirhx/y/z
 send ehpx/y/z
 recv ehpx/y/z
 send ephx/y/z
 recv ephx/y/z
 send delhp
 recv delhp
 send delph
 recv delph
 rcving baltp            0
 print recvd balt/blat/blonpt           0
 sending pp          16
 recv pp 
 start recv dvec           0
 sending dvec           16
 sending vpsnx 
 send xyznorms
 recv xyznorms          16
 recv xyznormp
 recv vppnx/y/z
 send vhpnx/y/z
 recv vhpnx/y/z
 send bdirpx/y/z
 recv bdirpx/y/z
 send bdirhx/y/z
 recv bdirhx/y/z
 send ehpx/y/z
 recv ehpx/y/z
 send ephx/y/z
 recv ephx/y/z
 send delhp
 recv delhp
 send delph
 recv delph
 rcving baltp            0
 print recvd balt/blat/blonpt           0
 sending pp          17
 recv pp 
 start recv dvec           0
 sending dvec           17
 sending vpsnx 
 send xyznorms
 recv xyznorms          17
 recv xyznormp
 recv vppnx/y/z
 send vhpnx/y/z
 recv vhpnx/y/z
 send bdirpx/y/z
 recv bdirpx/y/z
 send bdirhx/y/z
 recv bdirhx/y/z
 send ehpx/y/z
 recv ehpx/y/z
 send ephx/y/z
 recv ephx/y/z
 send delhp
 recv delhp
 send delph
 recv delph
 rcving baltp            0
 print recvd balt/blat/blonpt           0
 sending pp          18
 recv pp 
 start recv dvec           0
 sending dvec           18
 sending vpsnx 
 send xyznorms
 recv xyznorms          18
 recv xyznormp
 recv vppnx/y/z
 send vhpnx/y/z
 recv vhpnx/y/z
 send bdirpx/y/z
 recv bdirpx/y/z
 send bdirhx/y/z
 recv bdirhx/y/z
 send ehpx/y/z
 recv ehpx/y/z
 send ephx/y/z
 recv ephx/y/z
 send delhp
 recv delhp
 send delph
 recv delph
 rcving baltp            0
 print recvd balt/blat/blonpt           0
 sending pp          19
 recv pp 
 start recv dvec           0
 sending dvec           19
 sending vpsnx 
 send xyznorms
 recv xyznorms          19
 recv xyznormp
 recv vppnx/y/z
 send vhpnx/y/z
 recv vhpnx/y/z
 send bdirpx/y/z
 recv bdirpx/y/z
 send bdirhx/y/z
 recv bdirhx/y/z
 send ehpx/y/z
 recv ehpx/y/z
 send ephx/y/z
 recv ephx/y/z
 send delhp
 recv delhp
 send delph
 recv delph
 rcving baltp            0
 print recvd balt/blat/blonpt           0
 sending pp          20
 recv pp 
 start recv dvec           0
 sending dvec           20
 sending vpsnx 
 send xyznorms
 recv xyznorms          20
 recv xyznormp
 recv vppnx/y/z
 send vhpnx/y/z
 recv vhpnx/y/z
 send bdirpx/y/z
 recv bdirpx/y/z
 send bdirhx/y/z
 recv bdirhx/y/z
 send ehpx/y/z
 recv ehpx/y/z
 send ephx/y/z
 recv ephx/y/z
 send delhp
 recv delhp
 send delph
 recv delph
 rcving baltp            0
 print recvd balt/blat/blonpt           0
 sending pp          21
 recv pp 
 start recv dvec           0
 sending dvec           21
 sending vpsnx 
 send xyznorms
 recv xyznorms          21
 recv xyznormp
 recv vppnx/y/z
 send vhpnx/y/z
 recv vhpnx/y/z
 send bdirpx/y/z
 recv bdirpx/y/z
 send bdirhx/y/z
 recv bdirhx/y/z
 send ehpx/y/z
 recv ehpx/y/z
 send ephx/y/z
 recv ephx/y/z
 send delhp
 recv delhp
 send delph
 recv delph
 rcving baltp            0
 print recvd balt/blat/blonpt           0
 sending pp          22
 recv pp 
 start recv dvec           0
 sending dvec           22
 sending vpsnx 
 send xyznorms
 recv xyznorms          22
 recv xyznormp
 recv vppnx/y/z
 send vhpnx/y/z
 recv vhpnx/y/z
 send bdirpx/y/z
 recv bdirpx/y/z
 send bdirhx/y/z
 recv bdirhx/y/z
 send ehpx/y/z
 recv ehpx/y/z
 send ephx/y/z
 recv ephx/y/z
 send delhp
 recv delhp
 send delph
 recv delph
 rcving baltp            0
 print recvd balt/blat/blonpt           0
 sending pp          23
 recv pp 
 start recv dvec           0
 sending dvec           23
 sending vpsnx 
 send xyznorms
 recv xyznorms          23
 recv xyznormp
 recv vppnx/y/z
 send vhpnx/y/z
 recv vhpnx/y/z
 send bdirpx/y/z
 recv bdirpx/y/z
 send bdirhx/y/z
 recv bdirhx/y/z
 send ehpx/y/z
 recv ehpx/y/z
 send ephx/y/z
 recv ephx/y/z
 send delhp
 recv delhp
 send delph
 recv delph
 rcving baltp            0
 print recvd balt/blat/blonpt           0
 sending pp          24
 recv pp 
 start recv dvec           0
 sending dvec           24
 sending vpsnx 
 send xyznorms
 recv xyznorms          24
 recv xyznormp
 recv vppnx/y/z
 send vhpnx/y/z
 recv vhpnx/y/z
 send bdirpx/y/z
 recv bdirpx/y/z
 send bdirhx/y/z
 recv bdirhx/y/z
 send ehpx/y/z
 recv ehpx/y/z
 send ephx/y/z
 recv ephx/y/z
 send delhp
 recv delhp
 send delph
 recv delph
 rcving baltp            0
 print recvd balt/blat/blonpt           0
 sending pp          25
 recv pp 
 start recv dvec           0
 sending dvec           25
 sending vpsnx 
 send xyznorms
 recv xyznorms          25
 recv xyznormp
 recv vppnx/y/z
 send vhpnx/y/z
 recv vhpnx/y/z
 send bdirpx/y/z
 recv bdirpx/y/z
 send bdirhx/y/z
 recv bdirhx/y/z
 send ehpx/y/z
 recv ehpx/y/z
 send ephx/y/z
 recv ephx/y/z
 send delhp
 recv delhp
 send delph
 recv delph
 rcving baltp            0
 print recvd balt/blat/blonpt           0
 sending pp          26
 recv pp 
 start recv dvec           0
 sending dvec           26
 sending vpsnx 
 send xyznorms
 recv xyznorms          26
 recv xyznormp
 recv vppnx/y/z
 send vhpnx/y/z
 recv vhpnx/y/z
 send bdirpx/y/z
 recv bdirpx/y/z
 send bdirhx/y/z
 recv bdirhx/y/z
 send ehpx/y/z
 recv ehpx/y/z
 send ephx/y/z
 recv ephx/y/z
 send delhp
 recv delhp
 send delph
 recv delph
 rcving baltp            0
 print recvd balt/blat/blonpt           0
 sending pp          27
 recv pp 
 start recv dvec           0
 sending dvec           27
 sending vpsnx 
 send xyznorms
 recv xyznorms          27
 recv xyznormp
 recv vppnx/y/z
 send vhpnx/y/z
 recv vhpnx/y/z
 send bdirpx/y/z
 recv bdirpx/y/z
 send bdirhx/y/z
 recv bdirhx/y/z
 send ehpx/y/z
 recv ehpx/y/z
 send ephx/y/z
 recv ephx/y/z
 send delhp
 recv delhp
 send delph
 recv delph
 rcving baltp            0
 print recvd balt/blat/blonpt           0
 sending pp          28
 recv pp 
 start recv dvec           0
 sending dvec           28
 sending vpsnx 
 send xyznorms
 recv xyznorms          28
 recv xyznormp
 recv vppnx/y/z
 send vhpnx/y/z
 recv vhpnx/y/z
 send bdirpx/y/z
 recv bdirpx/y/z
 send bdirhx/y/z
 recv bdirhx/y/z
 send ehpx/y/z
 recv ehpx/y/z
 send ephx/y/z
 recv ephx/y/z
 send delhp
 recv delhp
 send delph
 recv delph
 rcving baltp            0
 print recvd balt/blat/blonpt           0
 sending pp          29
 recv pp 
 start recv dvec           0
 sending dvec           29
 sending vpsnx 
 send xyznorms
 recv xyznorms          29
 recv xyznormp
 recv vppnx/y/z
 send vhpnx/y/z
 recv vhpnx/y/z
 send bdirpx/y/z
 recv bdirpx/y/z
 send bdirhx/y/z
 recv bdirhx/y/z
 send ehpx/y/z
 recv ehpx/y/z
 send ephx/y/z
 recv ephx/y/z
 send delhp
 recv delhp
 send delph
 recv delph
 rcving baltp            0
 print recvd balt/blat/blonpt           0
 sending pp          30
 recv pp 
 start recv dvec           0
 sending dvec           30
 sending vpsnx 
 send xyznorms
 recv xyznorms          30
 recv xyznormp
 recv vppnx/y/z
 send vhpnx/y/z
 recv vhpnx/y/z
 send bdirpx/y/z
 recv bdirpx/y/z
 send bdirhx/y/z
 recv bdirhx/y/z
 send ehpx/y/z
 recv ehpx/y/z
 send ephx/y/z
 recv ephx/y/z
 send delhp
 recv delhp
 send delph
 recv delph
 rcving baltp            0
 print recvd balt/blat/blonpt           0
 sending pp          31
 recv pp 
 start recv dvec           0
 sending dvec           31
 sending vpsnx 
 send xyznorms
 recv xyznorms          31
 recv xyznormp
 recv vppnx/y/z
 send vhpnx/y/z
 recv vhpnx/y/z
 send bdirpx/y/z
 recv bdirpx/y/z
 send bdirhx/y/z
 recv bdirhx/y/z
 send ehpx/y/z
 recv ehpx/y/z
 send ephx/y/z
 recv ephx/y/z
 send delhp
 recv delhp
 send delph
 recv delph
 rcving baltp            0
 print recvd balt/blat/blonpt           0
 sending pp          32
 recv pp 
 start recv dvec           0
 sending dvec           32
 sending vpsnx 
 send xyznorms
 recv xyznorms          32
 recv xyznormp
 recv vppnx/y/z
 send vhpnx/y/z
 recv vhpnx/y/z
 send bdirpx/y/z
 recv bdirpx/y/z
 send bdirhx/y/z
 recv bdirhx/y/z
 send ehpx/y/z
 recv ehpx/y/z
 send ephx/y/z
 recv ephx/y/z
 send delhp
 recv delhp
 send delph
 recv delph
 rcving baltp            0
 print recvd balt/blat/blonpt           0
 sending pp           1
 recv pp 
 start recv dvec           0
 sending dvec            1
 sending vpsnx 
 send xyznorms
 recv xyznorms           1
 recv xyznormp
 recv vppnx/y/z
 send vhpnx/y/z
 recv vhpnx/y/z
 send bdirpx/y/z
 recv bdirpx/y/z
 send bdirhx/y/z
 recv bdirhx/y/z
 send ehpx/y/z
 recv ehpx/y/z
 send ephx/y/z
 recv ephx/y/z
 send delhp
 recv delhp
 send delph
 recv delph
 plon_ang, plon =    287.819336       5.02339506    
 WACCMX online neutral received: taskid,step,packet_hr=           1           0   0.00000000    
 WACCMX_RECV_QC           1           0   0.00000000          131019       57461      131019       57461   4.3426282236717143E+018   79097431.501968384        119100846.31048122        284173962.45459259        0.0000000000000000        4.3426282236717143E+018   79097431.501968384        119100846.31048122        284173962.45459259        0.0000000000000000     
 WACCMX_RECV_SOURCE_FLAGS           1           0   0.00000000          188480      131019       51033        6428           0           0      131019       57461      131019       57461      131019      131019      131019      131019
 WACCMX neutral top blend policy: linear WACCMX fraction from 1 to 0 between km   600.000000       720.000000    
 WACCMX neutral apply policy: negative H density marker retains native SAMI3 neutral state
 WACCMX neutral apply policy: He payload is ignored; SAMI3 native He is retained
 WACCMX_APPLY_QC           1           1   0.00000000           37696       26260       11436       26260       11436       26260       26260       26260       26260
 WACCMX_APPLY_SOURCE_FLAGS           1           1   0.00000000           37696       26260       10111        1325           0           0
 WACCMX_APPLY_BLEND           1           1   0.00000000           37696           1   600.000000       720.000000           26260           0           0       26260           0           0
 d =    15710983.0       1.56821340E+10   3.49982228E+10   4.54060851E+09   95540760.0       2.29256501E-12   1718233.88       8258244.50       1.69087636E-26
 ehp   0.999464750     -0.999464691    
 ehp    1.81942160E-04  -1.81942130E-04
 ehp   0.999464691     -0.999464691    
 WACCMX online neutral received: taskid,step,packet_hr=           2           0   0.00000000    
 WACCMX_RECV_QC           2           0   0.00000000          130706       57774      130706       57774   4.5723773718215665E+018   77225812.226699829        109879564.58954149        268662017.13273376        0.0000000000000000        4.5723773718215665E+018   77225812.226699829        109879564.58954149        268662017.13273376        0.0000000000000000     
 WACCMX_RECV_SOURCE_FLAGS           2           0   0.00000000          188480      130706       51569        6205           0           0      130706       57774      130706       57774      130706      130706      130706      130706
 WACCMX_APPLY_QC           2           1   0.00000000           37696       26172       11524       26172       11524       26172       26172       26172       26172
 WACCMX_APPLY_SOURCE_FLAGS           2           1   0.00000000           37696       26172       10251        1273           0           0
 WACCMX_APPLY_BLEND           2           1   0.00000000           37696           1   600.000000       720.000000           26172           0           0       26172           0           0
 WACCMX online neutral received: taskid,step,packet_hr=           3           0   0.00000000    
 WACCMX_RECV_QC           3           0   0.00000000          130525       57955      130525       57955   4.5016436247959081E+018   76193254.165390015        45873351.103199959        160184540.18070036        0.0000000000000000        4.5016436247959081E+018   76193254.165390015        45873351.103199959        160184540.18070036        0.0000000000000000     
 WACCMX_RECV_SOURCE_FLAGS           3           0   0.00000000          188480      130525       51808        6147           0           0      130525       57955      130525       57955      130525      130525      130525      130525
 WACCMX_APPLY_QC           3           1   0.00000000           37696       26128       11568       26128       11568       26128       26128       26128       26128
 WACCMX_APPLY_SOURCE_FLAGS           3           1   0.00000000           37696       26128       10347        1221           0           0
 WACCMX_APPLY_BLEND           3           1   0.00000000           37696           1   600.000000       720.000000           26128           0           0       26128           0           0
 SAMI3_USE_ONLINE_PHI_WEIMER: using online MPI phi_weimer payload
  finished initialization taskid =            0
 max,ntmmax   0.250000000               2
 WACCMX_APPLY_QC           1           2   0.00000000           37696       26239       11457       26239       11457       26239       26239       26239       26239
 WACCMX_APPLY_SOURCE_FLAGS           1           2   0.00000000           37696       26239       10161        1296           0           0
 WACCMX_APPLY_BLEND           1           2   0.00000000           37696           1   600.000000       720.000000           26239           0           0       26239           0           0
 WACCMX online neutral received: taskid,step,packet_hr=           4           0   0.00000000    
 WACCMX_RECV_QC           4           0   0.00000000          130375       58105      130375       58105   4.3581390455046175E+018   75675998.032020569       -6345620.0143499896        26966366.638774410        0.0000000000000000        4.3581390455046175E+018   75675998.032020569       -6345620.0143499896        26966366.638774410        0.0000000000000000     
 WACCMX_RECV_SOURCE_FLAGS           4           0   0.00000000          188480      130375       51997        6108           0           0      130375       58105      130375       58105      130375      130375      130375      130375
 WACCMX_APPLY_QC           4           1   0.00000000           37696       26097       11599       26097       11599       26097       26097       26097       26097
 WACCMX_APPLY_SOURCE_FLAGS           4           1   0.00000000           37696       26097       10370        1229           0           0
 WACCMX_APPLY_BLEND           4           1   0.00000000           37696           1   600.000000       720.000000           26097           0           0       26097           0           0
 WACCMX_APPLY_QC           2           2   0.00000000           37696       26154       11542       26154       11542       26154       26154       26154       26154
 WACCMX_APPLY_SOURCE_FLAGS           2           2   0.00000000           37696       26154       10299        1243           0           0
 WACCMX_APPLY_BLEND           2           2   0.00000000           37696           1   600.000000       720.000000           26154           0           0       26154           0           0
 WACCMX online neutral received: taskid,step,packet_hr=           5           0   0.00000000    
 WACCMX_RECV_QC           5           0   0.00000000          130412       58068      130412       58068   4.3154882999915366E+018   75478409.494773865       -42634908.024845727       -44505766.369669020        0.0000000000000000        4.3154882999915366E+018   75478409.494773865       -42634908.024845727       -44505766.369669020        0.0000000000000000     
 WACCMX_RECV_SOURCE_FLAGS           5           0   0.00000000          188480      130412       52173        5895           0           0      130412       58068      130412       58068      130412      130412      130412      130412
 WACCMX_APPLY_QC           5           1   0.00000000           37696       26066       11630       26066       11630       26066       26066       26066       26066
 WACCMX_APPLY_SOURCE_FLAGS           5           1   0.00000000           37696       26066       10416        1214           0           0
 WACCMX_APPLY_BLEND           5           1   0.00000000           37696           1   600.000000       720.000000           26066           0           0       26066           0           0
 WACCMX_APPLY_QC           3           2   0.00000000           37696       26114       11582       26114       11582       26114       26114       26114       26114
 WACCMX_APPLY_SOURCE_FLAGS           3           2   0.00000000           37696       26114       10351        1231           0           0
 WACCMX_APPLY_BLEND           3           2   0.00000000           37696           1   600.000000       720.000000           26114           0           0       26114           0           0
 WACCMX_APPLY_QC           1           3   0.00000000           37696       26194       11502       26194       11502       26194       26194       26194       26194
 WACCMX_APPLY_SOURCE_FLAGS           1           3   0.00000000           37696       26194       10211        1291           0           0
 WACCMX_APPLY_BLEND           1           3   0.00000000           37696           1   600.000000       720.000000           26194           0           0       26194           0           0
 WACCMX online neutral received: taskid,step,packet_hr=           6           0   0.00000000    
 WACCMX_RECV_QC           6           0   0.00000000          130627       57853      130627       57853   4.2633637226230897E+018   75344339.669708252       -50420234.721586116       -111214343.74763608        0.0000000000000000        4.2633637226230897E+018   75344339.669708252       -50420234.721586116       -111214343.74763608        0.0000000000000000     
 WACCMX_RECV_SOURCE_FLAGS           6           0   0.00000000          188480      130627       52341        5512           0           0      130627       57853      130627       57853      130627      130627      130627      130627
 WACCMX_APPLY_QC           6           1   0.00000000           37696       26101       11595       26101       11595       26101       26101       26101       26101
 WACCMX_APPLY_SOURCE_FLAGS           6           1   0.00000000           37696       26101       10441        1154           0           0
 WACCMX_APPLY_BLEND           6           1   0.00000000           37696           1   600.000000       720.000000           26101           0           0       26101           0           0
 WACCMX_APPLY_QC           4           2   0.00000000           37696       26081       11615       26081       11615       26081       26081       26081       26081
 WACCMX_APPLY_SOURCE_FLAGS           4           2   0.00000000           37696       26081       10383        1232           0           0
 WACCMX_APPLY_BLEND           4           2   0.00000000           37696           1   600.000000       720.000000           26081           0           0       26081           0           0
 WACCMX_APPLY_QC           2           3   0.00000000           37696       26138       11558       26138       11558       26138       26138       26138       26138
 WACCMX_APPLY_SOURCE_FLAGS           2           3   0.00000000           37696       26138       10321        1237           0           0
 WACCMX_APPLY_BLEND           2           3   0.00000000           37696           1   600.000000       720.000000           26138           0           0       26138           0           0
 WACCMX online neutral received: taskid,step,packet_hr=           7           0   0.00000000    
 WACCMX_RECV_QC           7           0   0.00000000          130833       57647      130833       57647   4.0759341526788485E+018   75035871.720565796       -44443954.253055744       -161120476.37499273        0.0000000000000000        4.0759341526788485E+018   75035871.720565796       -44443954.253055744       -161120476.37499273        0.0000000000000000     
 WACCMX_RECV_SOURCE_FLAGS           7           0   0.00000000          188480      130833       52659        4988           0           0      130833       57647      130833       57647      130833      130833      130833      130833
 WACCMX_APPLY_QC           7           1   0.00000000           37696       26137       11559       26137       11559       26137       26137       26137       26137
 WACCMX_APPLY_SOURCE_FLAGS           7           1   0.00000000           37696       26137       10480        1079           0           0
 WACCMX_APPLY_BLEND           7           1   0.00000000           37696           1   600.000000       720.000000           26137           0           0       26137           0           0
 WACCMX_APPLY_QC           5           2   0.00000000           37696       26062       11634       26062       11634       26062       26062       26062       26062
 WACCMX_APPLY_SOURCE_FLAGS           5           2   0.00000000           37696       26062       10429        1205           0           0
 WACCMX_APPLY_BLEND           5           2   0.00000000           37696           1   600.000000       720.000000           26062           0           0       26062           0           0
 WACCMX_APPLY_QC           3           3   0.00000000           37696       26105       11591       26105       11591       26105       26105       26105       26105
 WACCMX_APPLY_SOURCE_FLAGS           3           3   0.00000000           37696       26105       10357        1234           0           0
 WACCMX_APPLY_BLEND           3           3   0.00000000           37696           1   600.000000       720.000000           26105           0           0       26105           0           0
 WACCMX online neutral received: taskid,step,packet_hr=           8           0   0.00000000    
 WACCMX_RECV_QC           8           0   0.00000000          131039       57441      131039       57441   3.8780922029820457E+018   74741962.670471191       -31043157.119869269       -119859726.38722903        0.0000000000000000        3.8780922029820457E+018   74741962.670471191       -31043157.119869269       -119859726.38722903        0.0000000000000000     
 WACCMX_RECV_SOURCE_FLAGS           8           0   0.00000000          188480      131039       53038        4403           0           0      131039       57441      131039       57441      131039      131039      131039      131039
 WACCMX_APPLY_QC           8           1   0.00000000           37696       26181       11515       26181       11515       26181       26181       26181       26181
 WACCMX_APPLY_SOURCE_FLAGS           8           1   0.00000000           37696       26181       10554         961           0           0
 WACCMX_APPLY_BLEND           8           1   0.00000000           37696           1   600.000000       720.000000           26181           0           0       26181           0           0
 WACCMX_APPLY_QC           1           4   0.00000000           37696       26172       11524       26172       11524       26172       26172       26172       26172
 WACCMX_APPLY_SOURCE_FLAGS           1           4   0.00000000           37696       26172       10251        1273           0           0
 WACCMX_APPLY_BLEND           1           4   0.00000000           37696           1   600.000000       720.000000           26172           0           0       26172           0           0
 WACCMX_APPLY_QC           6           2   0.00000000           37696       26108       11588       26108       11588       26108       26108       26108       26108
 WACCMX_APPLY_SOURCE_FLAGS           6           2   0.00000000           37696       26108       10452        1136           0           0
 WACCMX_APPLY_BLEND           6           2   0.00000000           37696           1   600.000000       720.000000           26108           0           0       26108           0           0
 WACCMX_APPLY_QC           4           3   0.00000000           37696       26069       11627       26069       11627       26069       26069       26069       26069
 WACCMX_APPLY_SOURCE_FLAGS           4           3   0.00000000           37696       26069       10399        1228           0           0
 WACCMX_APPLY_BLEND           4           3   0.00000000           37696           1   600.000000       720.000000           26069           0           0       26069           0           0
 WACCMX online neutral received: taskid,step,packet_hr=           9           0   0.00000000    
 WACCMX_RECV_QC           9           0   0.00000000          131194       57286      131194       57286   3.7681006506248325E+018   74451310.616210938       -15788261.327151187       -18039226.072676491        0.0000000000000000        3.7681006506248325E+018   74451310.616210938       -15788261.327151187       -18039226.072676491        0.0000000000000000     
 WACCMX_RECV_SOURCE_FLAGS           9           0   0.00000000          188480      131194       53345        3941           0           0      131194       57286      131194       57286      131194      131194      131194      131194
 WACCMX_APPLY_QC           9           1   0.00000000           37696       26222       11474       26222       11474       26222       26222       26222       26222
 WACCMX_APPLY_SOURCE_FLAGS           9           1   0.00000000           37696       26222       10637         837           0           0
 WACCMX_APPLY_BLEND           9           1   0.00000000           37696           1   600.000000       720.000000           26220           2           0       26220           2           0
 WACCMX_APPLY_QC           2           4   0.00000000           37696       26128       11568       26128       11568       26128       26128       26128       26128
 WACCMX_APPLY_SOURCE_FLAGS           2           4   0.00000000           37696       26128       10347        1221           0           0
 WACCMX_APPLY_BLEND           2           4   0.00000000           37696           1   600.000000       720.000000           26128           0           0       26128           0           0
 WACCMX_APPLY_QC           7           2   0.00000000           37696       26153       11543       26153       11543       26153       26153       26153       26153
 WACCMX_APPLY_SOURCE_FLAGS           7           2   0.00000000           37696       26153       10506        1037           0           0
 WACCMX_APPLY_BLEND           7           2   0.00000000           37696           1   600.000000       720.000000           26153           0           0       26153           0           0
 WACCMX_APPLY_QC           5           3   0.00000000           37696       26075       11621       26075       11621       26075       26075       26075       26075
 WACCMX_APPLY_SOURCE_FLAGS           5           3   0.00000000           37696       26075       10435        1186           0           0
 WACCMX_APPLY_BLEND           5           3   0.00000000           37696           1   600.000000       720.000000           26075           0           0       26075           0           0
 WACCMX online neutral received: taskid,step,packet_hr=          10           0   0.00000000    
 WACCMX_RECV_QC          10           0   0.00000000          131304       57176      131304       57176   3.7403306639673718E+018   74100604.635681152       -22666745.760571517        48095177.164621294        0.0000000000000000        3.7403306639673718E+018   74100604.635681152       -22666745.760571517        48095177.164621294        0.0000000000000000     
 WACCMX_RECV_SOURCE_FLAGS          10           0   0.00000000          188480      131304       53592        3584           0           0      131304       57176      131304       57176      131304      131304      131304      131304
 WACCMX_APPLY_QC          10           1   0.00000000           37696       26249       11447       26249       11447       26249       26249       26249       26249
 WACCMX_APPLY_SOURCE_FLAGS          10           1   0.00000000           37696       26249       10685         762           0           0
 WACCMX_APPLY_BLEND          10           1   0.00000000           37696           1   600.000000       720.000000           26245           4           0       26245           4           0
 WACCMX_APPLY_QC           3           4   0.00000000           37696       26097       11599       26097       11599       26097       26097       26097       26097
 WACCMX_APPLY_SOURCE_FLAGS           3           4   0.00000000           37696       26097       10370        1229           0           0
 WACCMX_APPLY_BLEND           3           4   0.00000000           37696           1   600.000000       720.000000           26097           0           0       26097           0           0
 WACCMX_APPLY_QC           8           2   0.00000000           37696       26193       11503       26193       11503       26193       26193       26193       26193
 WACCMX_APPLY_SOURCE_FLAGS           8           2   0.00000000           37696       26193       10585         918           0           0
 WACCMX_APPLY_BLEND           8           2   0.00000000           37696           1   600.000000       720.000000           26193           0           0       26193           0           0
 WACCMX_APPLY_QC           1           5   0.00000000           37696       26154       11542       26154       11542       26154       26154       26154       26154
 WACCMX_APPLY_SOURCE_FLAGS           1           5   0.00000000           37696       26154       10299        1243           0           0
 WACCMX_APPLY_BLEND           1           5   0.00000000           37696           1   600.000000       720.000000           26154           0           0       26154           0           0
 WACCMX_APPLY_QC           6           3   0.00000000           37696       26128       11568       26128       11568       26128       26128       26128       26128
 WACCMX_APPLY_SOURCE_FLAGS           6           3   0.00000000           37696       26128       10462        1106           0           0
 WACCMX_APPLY_BLEND           6           3   0.00000000           37696           1   600.000000       720.000000           26128           0           0       26128           0           0
 WACCMX_APPLY_QC           4           4   0.00000000           37696       26066       11630       26066       11630       26066       26066       26066       26066
 WACCMX_APPLY_SOURCE_FLAGS           4           4   0.00000000           37696       26066       10416        1214           0           0
 WACCMX_APPLY_BLEND           4           4   0.00000000           37696           1   600.000000       720.000000           26066           0           0       26066           0           0
 WACCMX online neutral received: taskid,step,packet_hr=          11           0   0.00000000    
 WACCMX_RECV_QC          11           0   0.00000000          131360       57120      131360       57120   3.9667585166877133E+018   73493146.465499878       -13766880.596623905        31235090.614932403        0.0000000000000000        3.9667585166877133E+018   73493146.465499878       -13766880.596623905        31235090.614932403        0.0000000000000000     
 WACCMX_RECV_SOURCE_FLAGS          11           0   0.00000000          188480      131360       53905        3215           0           0      131360       57120      131360       57120      131360      131360      131360      131360
 WACCMX_APPLY_QC          11           1   0.00000000           37696       26271       11425       26271       11425       26271       26271       26271       26271
 WACCMX_APPLY_SOURCE_FLAGS          11           1   0.00000000           37696       26271       10738         687           0           0
 WACCMX_APPLY_BLEND          11           1   0.00000000           37696           1   600.000000       720.000000           26264           7           0       26264           7           0
 WACCMX_APPLY_QC           9           2   0.00000000           37696       26233       11463       26233       11463       26233       26233       26233       26233
 WACCMX_APPLY_SOURCE_FLAGS           9           2   0.00000000           37696       26233       10649         814           0           0
 WACCMX_APPLY_BLEND           9           2   0.00000000           37696           1   600.000000       720.000000           26231           2           0       26231           2           0
 WACCMX_APPLY_QC           2           5   0.00000000           37696       26114       11582       26114       11582       26114       26114       26114       26114
 WACCMX_APPLY_SOURCE_FLAGS           2           5   0.00000000           37696       26114       10351        1231           0           0
 WACCMX_APPLY_BLEND           2           5   0.00000000           37696           1   600.000000       720.000000           26114           0           0       26114           0           0
 WACCMX_APPLY_QC           7           3   0.00000000           37696       26169       11527       26169       11527       26169       26169       26169       26169
 WACCMX_APPLY_SOURCE_FLAGS           7           3   0.00000000           37696       26169       10534         993           0           0
 WACCMX_APPLY_BLEND           7           3   0.00000000           37696           1   600.000000       720.000000           26169           0           0       26169           0           0
 WACCMX_APPLY_QC           5           4   0.00000000           37696       26101       11595       26101       11595       26101       26101       26101       26101
 WACCMX_APPLY_SOURCE_FLAGS           5           4   0.00000000           37696       26101       10441        1154           0           0
 WACCMX_APPLY_BLEND           5           4   0.00000000           37696           1   600.000000       720.000000           26101           0           0       26101           0           0
 WACCMX online neutral received: taskid,step,packet_hr=          12           0   0.00000000    
 WACCMX_RECV_QC          12           0   0.00000000          131342       57138      131342       57138   4.2909008584601892E+018   72776294.823211670        35316086.900456637       -51498072.692768529        0.0000000000000000        4.2909008584601892E+018   72776294.823211670        35316086.900456637       -51498072.692768529        0.0000000000000000     
 WACCMX_RECV_SOURCE_FLAGS          12           0   0.00000000          188480      131342       54272        2866           0           0      131342       57138      131342       57138      131342      131342      131342      131342
 WACCMX_APPLY_QC          12           1   0.00000000           37696       26275       11421       26275       11421       26275       26275       26275       26275
 WACCMX_APPLY_SOURCE_FLAGS          12           1   0.00000000           37696       26275       10808         613           0           0
 WACCMX_APPLY_BLEND          12           1   0.00000000           37696           1   600.000000       720.000000           26267           8           0       26267           8           0
  finished initialization taskid =            1
 iwrk            1           2
 in if parallel - iday,iday0           1           0
 max flux_euvac   6.64522854E+09
 WACCMX_APPLY_QC          10           2   0.00000000           37696       26254       11442       26254       11442       26254       26254       26254       26254
 WACCMX_APPLY_SOURCE_FLAGS          10           2   0.00000000           37696       26254       10703         739           0           0
 WACCMX_APPLY_BLEND          10           2   0.00000000           37696           1   600.000000       720.000000           26249           5           0       26249           5           0
 WACCMX_APPLY_QC           3           5   0.00000000           37696       26081       11615       26081       11615       26081       26081       26081       26081
 WACCMX_APPLY_SOURCE_FLAGS           3           5   0.00000000           37696       26081       10383        1232           0           0
 WACCMX_APPLY_BLEND           3           5   0.00000000           37696           1   600.000000       720.000000           26081           0           0       26081           0           0
 WACCMX_APPLY_QC           8           3   0.00000000           37696       26210       11486       26210       11486       26210       26210       26210       26210
 WACCMX_APPLY_SOURCE_FLAGS           8           3   0.00000000           37696       26210       10613         873           0           0
 WACCMX_APPLY_BLEND           8           3   0.00000000           37696           1   600.000000       720.000000           26209           1           0       26209           1           0
 WACCMX_APPLY_QC           6           4   0.00000000           37696       26137       11559       26137       11559       26137       26137       26137       26137
 WACCMX_APPLY_SOURCE_FLAGS           6           4   0.00000000           37696       26137       10480        1079           0           0
 WACCMX_APPLY_BLEND           6           4   0.00000000           37696           1   600.000000       720.000000           26137           0           0       26137           0           0
 WACCMX online neutral received: taskid,step,packet_hr=          13           0   0.00000000    
 WACCMX_RECV_QC          13           0   0.00000000          131394       57086      131394       57086   4.3370219966666988E+018   72619895.342376709        92851978.630483329       -96425755.125658795        0.0000000000000000        4.3370219966666988E+018   72619895.342376709        92851978.630483329       -96425755.125658795        0.0000000000000000     
 WACCMX_RECV_SOURCE_FLAGS          13           0   0.00000000          188480      131394       54359        2727           0           0      131394       57086      131394       57086      131394      131394      131394      131394
 WACCMX_APPLY_QC          13           1   0.00000000           37696       26263       11433       26263       11433       26263       26263       26263       26263
 WACCMX_APPLY_SOURCE_FLAGS          13           1   0.00000000           37696       26263       10882         551           0           0
 WACCMX_APPLY_BLEND          13           1   0.00000000           37696           1   600.000000       720.000000           26249          14           0       26249          14           0
  finished initialization taskid =            2
 iwrk            2           2
 in if parallel - iday,iday0           1           0
 max flux_euvac   6.64522854E+09
 WACCMX_APPLY_QC           4           5   0.00000000           37696       26062       11634       26062       11634       26062       26062       26062       26062
 WACCMX_APPLY_SOURCE_FLAGS           4           5   0.00000000           37696       26062       10429        1205           0           0
 WACCMX_APPLY_BLEND           4           5   0.00000000           37696           1   600.000000       720.000000           26062           0           0       26062           0           0
 WACCMX_APPLY_QC          11           2   0.00000000           37696       26269       11427       26269       11427       26269       26269       26269       26269
 WACCMX_APPLY_SOURCE_FLAGS          11           2   0.00000000           37696       26269       10748         679           0           0
 WACCMX_APPLY_BLEND          11           2   0.00000000           37696           1   600.000000       720.000000           26262           7           0       26262           7           0
 WACCMX_APPLY_QC           9           3   0.00000000           37696       26236       11460       26236       11460       26236       26236       26236       26236
 WACCMX_APPLY_SOURCE_FLAGS           9           3   0.00000000           37696       26236       10671         789           0           0
 WACCMX_APPLY_BLEND           9           3   0.00000000           37696           1   600.000000       720.000000           26233           3           0       26233           3           0
 WACCMX_APPLY_QC           7           4   0.00000000           37696       26181       11515       26181       11515       26181       26181       26181       26181
 WACCMX_APPLY_SOURCE_FLAGS           7           4   0.00000000           37696       26181       10554         961           0           0
 WACCMX_APPLY_BLEND           7           4   0.00000000           37696           1   600.000000       720.000000           26181           0           0       26181           0           0
 WACCMX online neutral received: taskid,step,packet_hr=          14           0   0.00000000    
 WACCMX_RECV_QC          14           0   0.00000000          131642       56838      131642       56838   4.2735945576695644E+018   73337208.685256958        108169646.30088532       -48677533.961888187        0.0000000000000000        4.2735945576695644E+018   73337208.685256958        108169646.30088532       -48677533.961888187        0.0000000000000000     
 WACCMX_RECV_SOURCE_FLAGS          14           0   0.00000000          188480      131642       54114        2724           0           0      131642       56838      131642       56838      131642      131642      131642      131642
 WACCMX_APPLY_QC          14           1   0.00000000           37696       26293       11403       26293       11403       26293       26293       26293       26293
 WACCMX_APPLY_SOURCE_FLAGS          14           1   0.00000000           37696       26293       10866         537           0           0
 WACCMX_APPLY_BLEND          14           1   0.00000000           37696           1   600.000000       720.000000           26279          14           0       26279          14           0
  finished initialization taskid =            3
 iwrk            3           2
 in if parallel - iday,iday0           1           0
 max flux_euvac   6.64522854E+09
 WACCMX_APPLY_QC           5           5   0.00000000           37696       26108       11588       26108       11588       26108       26108       26108       26108
 WACCMX_APPLY_SOURCE_FLAGS           5           5   0.00000000           37696       26108       10452        1136           0           0
 WACCMX_APPLY_BLEND           5           5   0.00000000           37696           1   600.000000       720.000000           26108           0           0       26108           0           0
 WACCMX_APPLY_QC          12           2   0.00000000           37696       26271       11425       26271       11425       26271       26271       26271       26271
 WACCMX_APPLY_SOURCE_FLAGS          12           2   0.00000000           37696       26271       10834         591           0           0
 WACCMX_APPLY_BLEND          12           2   0.00000000           37696           1   600.000000       720.000000           26259          12           0       26259          12           0
 WACCMX_APPLY_QC          10           3   0.00000000           37696       26261       11435       26261       11435       26261       26261       26261       26261
 WACCMX_APPLY_SOURCE_FLAGS          10           3   0.00000000           37696       26261       10718         717           0           0
 WACCMX_APPLY_BLEND          10           3   0.00000000           37696           1   600.000000       720.000000           26254           7           0       26254           7           0
 WACCMX_APPLY_QC           8           4   0.00000000           37696       26222       11474       26222       11474       26222       26222       26222       26222
 WACCMX_APPLY_SOURCE_FLAGS           8           4   0.00000000           37696       26222       10637         837           0           0
 WACCMX_APPLY_BLEND           8           4   0.00000000           37696           1   600.000000       720.000000           26220           2           0       26220           2           0
 WACCMX online neutral received: taskid,step,packet_hr=          15           0   0.00000000    
 WACCMX_RECV_QC          15           0   0.00000000          132064       56416      132064       56416   4.2759938387864238E+018   74689544.287673950        37640272.094782218       -205075.13766242936        0.0000000000000000        4.2759938387864238E+018   74689544.287673950        37640272.094782218       -205075.13766242936        0.0000000000000000     
 WACCMX_RECV_SOURCE_FLAGS          15           0   0.00000000          188480      132064       53554        2862           0           0      132064       56416      132064       56416      132064      132064      132064      132064
 WACCMX_APPLY_QC          15           1   0.00000000           37696       26344       11352       26344       11352       26344       26344       26344       26344
 WACCMX_APPLY_SOURCE_FLAGS          15           1   0.00000000           37696       26344       10804         548           0           0
 WACCMX_APPLY_BLEND          15           1   0.00000000           37696           1   600.000000       720.000000           26328          16           0       26328          16           0
  finished initialization taskid =            4
 iwrk            4           2
 in if parallel - iday,iday0           1           0
 max flux_euvac   6.64522854E+09
 WACCMX_APPLY_QC           6           5   0.00000000           37696       26153       11543       26153       11543       26153       26153       26153       26153
 WACCMX_APPLY_SOURCE_FLAGS           6           5   0.00000000           37696       26153       10506        1037           0           0
 WACCMX_APPLY_BLEND           6           5   0.00000000           37696           1   600.000000       720.000000           26153           0           0       26153           0           0
 WACCMX_APPLY_QC          13           2   0.00000000           37696       26263       11433       26263       11433       26263       26263       26263       26263
 WACCMX_APPLY_SOURCE_FLAGS          13           2   0.00000000           37696       26263       10884         549           0           0
 WACCMX_APPLY_BLEND          13           2   0.00000000           37696           1   600.000000       720.000000           26249          14           0       26249          14           0
 WACCMX_APPLY_QC          11           3   0.00000000           37696       26274       11422       26274       11422       26274       26274       26274       26274
 WACCMX_APPLY_SOURCE_FLAGS          11           3   0.00000000           37696       26274       10777         645           0           0
 WACCMX_APPLY_BLEND          11           3   0.00000000           37696           1   600.000000       720.000000           26267           7           0       26267           7           0
 WACCMX_APPLY_QC           9           4   0.00000000           37696       26249       11447       26249       11447       26249       26249       26249       26249
 WACCMX_APPLY_SOURCE_FLAGS           9           4   0.00000000           37696       26249       10685         762           0           0
 WACCMX_APPLY_BLEND           9           4   0.00000000           37696           1   600.000000       720.000000           26245           4           0       26245           4           0
 WACCMX online neutral received: taskid,step,packet_hr=          16           0   0.00000000    
 WACCMX_RECV_QC          16           0   0.00000000          132357       56123      132357       56123   4.2588428436148035E+018   76020526.200607300       -64804720.001701772        36351812.077450350        0.0000000000000000        4.2588428436148035E+018   76020526.200607300       -64804720.001701772        36351812.077450350        0.0000000000000000     
 WACCMX_RECV_SOURCE_FLAGS          16           0   0.00000000          188480      132357       52945        3178           0           0      132357       56123      132357       56123      132357      132357      132357      132357
 WACCMX_APPLY_QC          16           1   0.00000000           37696       26453       11243       26453       11243       26453       26453       26453       26453
 WACCMX_APPLY_SOURCE_FLAGS          16           1   0.00000000           37696       26453       10669         574           0           0
 WACCMX_APPLY_BLEND          16           1   0.00000000           37696           1   600.000000       720.000000           26433          20           0       26433          20           0
  finished initialization taskid =            5
 iwrk            5           2
 in if parallel - iday,iday0           1           0
 max flux_euvac   6.64522854E+09
 WACCMX_APPLY_QC           7           5   0.00000000           37696       26193       11503       26193       11503       26193       26193       26193       26193
 WACCMX_APPLY_SOURCE_FLAGS           7           5   0.00000000           37696       26193       10585         918           0           0
 WACCMX_APPLY_BLEND           7           5   0.00000000           37696           1   600.000000       720.000000           26193           0           0       26193           0           0
 WACCMX_APPLY_QC          14           2   0.00000000           37696       26304       11392       26304       11392       26304       26304       26304       26304
 WACCMX_APPLY_SOURCE_FLAGS          14           2   0.00000000           37696       26304       10850         542           0           0
 WACCMX_APPLY_BLEND          14           2   0.00000000           37696           1   600.000000       720.000000           26287          17           0       26287          17           0
 WACCMX_APPLY_QC          12           3   0.00000000           37696       26270       11426       26270       11426       26270       26270       26270       26270
 WACCMX_APPLY_SOURCE_FLAGS          12           3   0.00000000           37696       26270       10864         562           0           0
 WACCMX_APPLY_BLEND          12           3   0.00000000           37696           1   600.000000       720.000000           26258          12           0       26258          12           0
 WACCMX_APPLY_QC          10           4   0.00000000           37696       26271       11425       26271       11425       26271       26271       26271       26271
 WACCMX_APPLY_SOURCE_FLAGS          10           4   0.00000000           37696       26271       10738         687           0           0
 WACCMX_APPLY_BLEND          10           4   0.00000000           37696           1   600.000000       720.000000           26264           7           0       26264           7           0
 WACCMX online neutral received: taskid,step,packet_hr=          17           0   0.00000000    
 WACCMX_RECV_QC          17           0   0.00000000          132512       55968      132512       55968   4.2812137686131548E+018   77079453.392578125       -155326667.31738749        64445468.164722010        0.0000000000000000        4.2812137686131548E+018   77079453.392578125       -155326667.31738749        64445468.164722010        0.0000000000000000     
 WACCMX_RECV_SOURCE_FLAGS          17           0   0.00000000          188480      132512       52369        3599           0           0      132512       55968      132512       55968      132512      132512      132512      132512
 WACCMX_APPLY_QC          17           1   0.00000000           37696       26476       11220       26476       11220       26476       26476       26476       26476
 WACCMX_APPLY_SOURCE_FLAGS          17           1   0.00000000           37696       26476       10551         669           0           0
 WACCMX_APPLY_BLEND          17           1   0.00000000           37696           1   600.000000       720.000000           26455          21           0       26455          21           0
  finished initialization taskid =            6
 iwrk            6           2
 in if parallel - iday,iday0           1           0
 max flux_euvac   6.64522854E+09
 WACCMX_APPLY_QC           8           5   0.00000000           37696       26233       11463       26233       11463       26233       26233       26233       26233
 WACCMX_APPLY_SOURCE_FLAGS           8           5   0.00000000           37696       26233       10649         814           0           0
 WACCMX_APPLY_BLEND           8           5   0.00000000           37696           1   600.000000       720.000000           26231           2           0       26231           2           0
 WACCMX_APPLY_QC          15           2   0.00000000           37696       26377       11319       26377       11319       26377       26377       26377       26377
 WACCMX_APPLY_SOURCE_FLAGS          15           2   0.00000000           37696       26377       10758         561           0           0
 WACCMX_APPLY_BLEND          15           2   0.00000000           37696           1   600.000000       720.000000           26358          19           0       26358          19           0
 WACCMX_APPLY_QC          13           3   0.00000000           37696       26271       11425       26271       11425       26271       26271       26271       26271
 WACCMX_APPLY_SOURCE_FLAGS          13           3   0.00000000           37696       26271       10877         548           0           0
 WACCMX_APPLY_BLEND          13           3   0.00000000           37696           1   600.000000       720.000000           26257          14           0       26257          14           0
 WACCMX_APPLY_QC          11           4   0.00000000           37696       26275       11421       26275       11421       26275       26275       26275       26275
 WACCMX_APPLY_SOURCE_FLAGS          11           4   0.00000000           37696       26275       10808         613           0           0
 WACCMX_APPLY_BLEND          11           4   0.00000000           37696           1   600.000000       720.000000           26267           8           0       26267           8           0
 WACCMX online neutral received: taskid,step,packet_hr=          18           0   0.00000000    
 WACCMX_RECV_QC          18           0   0.00000000          132615       55865      132615       55865   4.3616732438036214E+018   78163213.360809326       -238237423.70636544        99019908.958011419        0.0000000000000000        4.3616732438036214E+018   78163213.360809326       -238237423.70636544        99019908.958011419        0.0000000000000000     
 WACCMX_RECV_SOURCE_FLAGS          18           0   0.00000000          188480      132615       51708        4157           0           0      132615       55865      132615       55865      132615      132615      132615      132615
 WACCMX_APPLY_QC          18           1   0.00000000           37696       26515       11181       26515       11181       26515       26515       26515       26515
 WACCMX_APPLY_SOURCE_FLAGS          18           1   0.00000000           37696       26515       10438         743           0           0
 WACCMX_APPLY_BLEND          18           1   0.00000000           37696           1   600.000000       720.000000           26485          30           0       26485          30           0
  finished initialization taskid =            7
 iwrk            7           2
 in if parallel - iday,iday0           1           0
 max flux_euvac   6.64522854E+09
 WACCMX_APPLY_QC           9           5   0.00000000           37696       26254       11442       26254       11442       26254       26254       26254       26254
 WACCMX_APPLY_SOURCE_FLAGS           9           5   0.00000000           37696       26254       10703         739           0           0
 WACCMX_APPLY_BLEND           9           5   0.00000000           37696           1   600.000000       720.000000           26249           5           0       26249           5           0
 WACCMX_APPLY_QC          16           2   0.00000000           37696       26465       11231       26465       11231       26465       26465       26465       26465
 WACCMX_APPLY_SOURCE_FLAGS          16           2   0.00000000           37696       26465       10622         609           0           0
 WACCMX_APPLY_BLEND          16           2   0.00000000           37696           1   600.000000       720.000000           26445          20           0       26445          20           0
 WACCMX_APPLY_QC          14           3   0.00000000           37696       26324       11372       26324       11372       26324       26324       26324       26324
 WACCMX_APPLY_SOURCE_FLAGS          14           3   0.00000000           37696       26324       10836         536           0           0
 WACCMX_APPLY_BLEND          14           3   0.00000000           37696           1   600.000000       720.000000           26307          17           0       26307          17           0
 WACCMX_APPLY_QC          12           4   0.00000000           37696       26263       11433       26263       11433       26263       26263       26263       26263
 WACCMX_APPLY_SOURCE_FLAGS          12           4   0.00000000           37696       26263       10882         551           0           0
 WACCMX_APPLY_BLEND          12           4   0.00000000           37696           1   600.000000       720.000000           26249          14           0       26249          14           0
 WACCMX online neutral received: taskid,step,packet_hr=          19           0   0.00000000    
 WACCMX_RECV_QC          19           0   0.00000000          132574       55906      132574       55906   4.3547244705106647E+018   79289291.615875244       -258833658.97475579        172821791.63330665        0.0000000000000000        4.3547244705106647E+018   79289291.615875244       -258833658.97475579        172821791.63330665        0.0000000000000000     
 WACCMX_RECV_SOURCE_FLAGS          19           0   0.00000000          188480      132574       51067        4839           0           0      132574       55906      132574       55906      132574      132574      132574      132574
 WACCMX_APPLY_QC          19           1   0.00000000           37696       26527       11169       26527       11169       26527       26527       26527       26527
 WACCMX_APPLY_SOURCE_FLAGS          19           1   0.00000000           37696       26527       10296         873           0           0
 WACCMX_APPLY_BLEND          19           1   0.00000000           37696           1   600.000000       720.000000           26492          35           0       26492          35           0
  finished initialization taskid =            8
 iwrk            8           2
 in if parallel - iday,iday0           1           0
 max flux_euvac   6.64522854E+09
 WACCMX_APPLY_QC          10           5   0.00000000           37696       26269       11427       26269       11427       26269       26269       26269       26269
 WACCMX_APPLY_SOURCE_FLAGS          10           5   0.00000000           37696       26269       10748         679           0           0
 WACCMX_APPLY_BLEND          10           5   0.00000000           37696           1   600.000000       720.000000           26262           7           0       26262           7           0
 WACCMX_APPLY_QC          17           2   0.00000000           37696       26496       11200       26496       11200       26496       26496       26496       26496
 WACCMX_APPLY_SOURCE_FLAGS          17           2   0.00000000           37696       26496       10514         686           0           0
 WACCMX_APPLY_BLEND          17           2   0.00000000           37696           1   600.000000       720.000000           26470          26           0       26470          26           0
 WACCMX_APPLY_QC          15           3   0.00000000           37696       26425       11271       26425       11271       26425       26425       26425       26425
 WACCMX_APPLY_SOURCE_FLAGS          15           3   0.00000000           37696       26425       10701         570           0           0
 WACCMX_APPLY_BLEND          15           3   0.00000000           37696           1   600.000000       720.000000           26405          20           0       26405          20           0
 WACCMX_APPLY_QC          13           4   0.00000000           37696       26293       11403       26293       11403       26293       26293       26293       26293
 WACCMX_APPLY_SOURCE_FLAGS          13           4   0.00000000           37696       26293       10866         537           0           0
 WACCMX_APPLY_BLEND          13           4   0.00000000           37696           1   600.000000       720.000000           26279          14           0       26279          14           0
 WACCMX online neutral received: taskid,step,packet_hr=          20           0   0.00000000    
 WACCMX_RECV_QC          20           0   0.00000000          132408       56072      132408       56072   4.3419007714753464E+018   80325844.777999878       -258842777.53185505        264495239.14343658        0.0000000000000000        4.3419007714753464E+018   80325844.777999878       -258842777.53185505        264495239.14343658        0.0000000000000000     
 WACCMX_RECV_SOURCE_FLAGS          20           0   0.00000000          188480      132408       50448        5624           0           0      132408       56072      132408       56072      132408      132408      132408      132408
 WACCMX_APPLY_QC          20           1   0.00000000           37696       26510       11186       26510       11186       26510       26510       26510       26510
 WACCMX_APPLY_SOURCE_FLAGS          20           1   0.00000000           37696       26510       10164        1022           0           0
 WACCMX_APPLY_BLEND          20           1   0.00000000           37696           1   600.000000       720.000000           26477          33           0       26477          33           0
  finished initialization taskid =            9
 iwrk            9           2
 in if parallel - iday,iday0           1           0
 max flux_euvac   6.64522854E+09
 WACCMX_APPLY_QC          11           5   0.00000000           37696       26271       11425       26271       11425       26271       26271       26271       26271
 WACCMX_APPLY_SOURCE_FLAGS          11           5   0.00000000           37696       26271       10834         591           0           0
 WACCMX_APPLY_BLEND          11           5   0.00000000           37696           1   600.000000       720.000000           26259          12           0       26259          12           0
 WACCMX_APPLY_QC          18           2   0.00000000           37696       26522       11174       26522       11174       26522       26522       26522       26522
 WACCMX_APPLY_SOURCE_FLAGS          18           2   0.00000000           37696       26522       10390         784           0           0
 WACCMX_APPLY_BLEND          18           2   0.00000000           37696           1   600.000000       720.000000           26488          34           0       26488          34           0
 WACCMX_APPLY_QC          16           3   0.00000000           37696       26467       11229       26467       11229       26467       26467       26467       26467
 WACCMX_APPLY_SOURCE_FLAGS          16           3   0.00000000           37696       26467       10589         640           0           0
 WACCMX_APPLY_BLEND          16           3   0.00000000           37696           1   600.000000       720.000000           26446          21           0       26446          21           0
 WACCMX_APPLY_QC          14           4   0.00000000           37696       26344       11352       26344       11352       26344       26344       26344       26344
 WACCMX_APPLY_SOURCE_FLAGS          14           4   0.00000000           37696       26344       10804         548           0           0
 WACCMX_APPLY_BLEND          14           4   0.00000000           37696           1   600.000000       720.000000           26328          16           0       26328          16           0
 WACCMX online neutral received: taskid,step,packet_hr=          21           0   0.00000000    
 WACCMX_RECV_QC          21           0   0.00000000          132178       56302      132178       56302   4.4080167971784125E+018   81279893.701583862       -330745170.99207425        282402606.13747883        0.0000000000000000        4.4080167971784125E+018   81279893.701583862       -330745170.99207425        282402606.13747883        0.0000000000000000     
 WACCMX_RECV_SOURCE_FLAGS          21           0   0.00000000          188480      132178       49870        6432           0           0      132178       56302      132178       56302      132178      132178      132178      132178
 WACCMX_APPLY_QC          21           1   0.00000000           37696       26471       11225       26471       11225       26471       26471       26471       26471
 WACCMX_APPLY_SOURCE_FLAGS          21           1   0.00000000           37696       26471       10051        1174           0           0
 WACCMX_APPLY_BLEND          21           1   0.00000000           37696           1   600.000000       720.000000           26450          21           0       26450          21           0
  finished initialization taskid =           10
 iwrk           10           2
 in if parallel - iday,iday0           1           0
 max flux_euvac   6.64522854E+09
 WACCMX_APPLY_QC          12           5   0.00000000           37696       26263       11433       26263       11433       26263       26263       26263       26263
 WACCMX_APPLY_SOURCE_FLAGS          12           5   0.00000000           37696       26263       10884         549           0           0
 WACCMX_APPLY_BLEND          12           5   0.00000000           37696           1   600.000000       720.000000           26249          14           0       26249          14           0
 WACCMX_APPLY_QC          19           2   0.00000000           37696       26526       11170       26526       11170       26526       26526       26526       26526
 WACCMX_APPLY_SOURCE_FLAGS          19           2   0.00000000           37696       26526       10257         913           0           0
 WACCMX_APPLY_BLEND          19           2   0.00000000           37696           1   600.000000       720.000000           26491          35           0       26491          35           0
 WACCMX_APPLY_QC          17           3   0.00000000           37696       26503       11193       26503       11193       26503       26503       26503       26503
 WACCMX_APPLY_SOURCE_FLAGS          17           3   0.00000000           37696       26503       10476         717           0           0
 WACCMX_APPLY_BLEND          17           3   0.00000000           37696           1   600.000000       720.000000           26476          27           0       26476          27           0
 WACCMX online neutral received: taskid,step,packet_hr=          22           0   0.00000000    
 WACCMX_RECV_QC          22           0   0.00000000          132017       56463      132017       56463   4.4948253281048929E+018   82339653.505828857       -421923994.08965963        229040412.57954898        0.0000000000000000        4.4948253281048929E+018   82339653.505828857       -421923994.08965963        229040412.57954898        0.0000000000000000     
 WACCMX_RECV_SOURCE_FLAGS          22           0   0.00000000          188480      132017       49405        7058           0           0      132017       56463      132017       56463      132017      132017      132017      132017
 WACCMX_APPLY_QC          22           1   0.00000000           37696       26418       11278       26418       11278       26418       26418       26418       26418
 WACCMX_APPLY_SOURCE_FLAGS          22           1   0.00000000           37696       26418        9934        1344           0           0
 WACCMX_APPLY_BLEND          22           1   0.00000000           37696           1   600.000000       720.000000           26402          16           0       26402          16           0
 WACCMX_APPLY_QC          15           4   0.00000000           37696       26453       11243       26453       11243       26453       26453       26453       26453
 WACCMX_APPLY_SOURCE_FLAGS          15           4   0.00000000           37696       26453       10669         574           0           0
 WACCMX_APPLY_BLEND          15           4   0.00000000           37696           1   600.000000       720.000000           26433          20           0       26433          20           0
  finished initialization taskid =           11
 iwrk           11           2
 in if parallel - iday,iday0           1           0
 max flux_euvac   6.64522854E+09
 WACCMX_APPLY_QC          13           5   0.00000000           37696       26304       11392       26304       11392       26304       26304       26304       26304
 WACCMX_APPLY_SOURCE_FLAGS          13           5   0.00000000           37696       26304       10850         542           0           0
 WACCMX_APPLY_BLEND          13           5   0.00000000           37696           1   600.000000       720.000000           26287          17           0       26287          17           0
 WACCMX_APPLY_QC          20           2   0.00000000           37696       26496       11200       26496       11200       26496       26496       26496       26496
 WACCMX_APPLY_SOURCE_FLAGS          20           2   0.00000000           37696       26496       10134        1066           0           0
 WACCMX_APPLY_BLEND          20           2   0.00000000           37696           1   600.000000       720.000000           26471          25           0       26471          25           0
 WACCMX_APPLY_QC          18           3   0.00000000           37696       26525       11171       26525       11171       26525       26525       26525       26525
 WACCMX_APPLY_SOURCE_FLAGS          18           3   0.00000000           37696       26525       10327         844           0           0
 WACCMX_APPLY_BLEND          18           3   0.00000000           37696           1   600.000000       720.000000           26489          36           0       26489          36           0
 WACCMX online neutral received: taskid,step,packet_hr=          23           0   0.00000000    
 WACCMX_RECV_QC          23           0   0.00000000          132023       56457      132023       56457   4.5859622575002988E+018   83447504.104064941       -486929039.27850693        191580207.38358954        0.0000000000000000        4.5859622575002988E+018   83447504.104064941       -486929039.27850693        191580207.38358954        0.0000000000000000     
 WACCMX_RECV_SOURCE_FLAGS          23           0   0.00000000          188480      132023       49045        7412           0           0      132023       56457      132023       56457      132023      132023      132023      132023
 WACCMX_APPLY_QC          23           1   0.00000000           37696       26399       11297       26399       11297       26399       26399       26399       26399
 WACCMX_APPLY_SOURCE_FLAGS          23           1   0.00000000           37696       26399        9854        1443           0           0
 WACCMX_APPLY_BLEND          23           1   0.00000000           37696           1   600.000000       720.000000           26387          12           0       26387          12           0
 WACCMX_APPLY_QC          16           4   0.00000000           37696       26476       11220       26476       11220       26476       26476       26476       26476
 WACCMX_APPLY_SOURCE_FLAGS          16           4   0.00000000           37696       26476       10551         669           0           0
 WACCMX_APPLY_BLEND          16           4   0.00000000           37696           1   600.000000       720.000000           26455          21           0       26455          21           0
  finished initialization taskid =           12
 iwrk           12           2
 in if parallel - iday,iday0           1           0
 max flux_euvac   6.64522854E+09
 WACCMX_APPLY_QC          14           5   0.00000000           37696       26377       11319       26377       11319       26377       26377       26377       26377
 WACCMX_APPLY_SOURCE_FLAGS          14           5   0.00000000           37696       26377       10758         561           0           0
 WACCMX_APPLY_BLEND          14           5   0.00000000           37696           1   600.000000       720.000000           26358          19           0       26358          19           0
 WACCMX_APPLY_QC          21           2   0.00000000           37696       26449       11247       26449       11247       26449       26449       26449       26449
 WACCMX_APPLY_SOURCE_FLAGS          21           2   0.00000000           37696       26449       10010        1237           0           0
 WACCMX_APPLY_BLEND          21           2   0.00000000           37696           1   600.000000       720.000000           26430          19           0       26430          19           0
 WACCMX_APPLY_QC          19           3   0.00000000           37696       26515       11181       26515       11181       26515       26515       26515       26515
 WACCMX_APPLY_SOURCE_FLAGS          19           3   0.00000000           37696       26515       10216         965           0           0
 WACCMX_APPLY_BLEND          19           3   0.00000000           37696           1   600.000000       720.000000           26481          34           0       26481          34           0
 WACCMX_APPLY_QC          17           4   0.00000000           37696       26515       11181       26515       11181       26515       26515       26515       26515
 WACCMX_APPLY_SOURCE_FLAGS          17           4   0.00000000           37696       26515       10438         743           0           0
 WACCMX_APPLY_BLEND          17           4   0.00000000           37696           1   600.000000       720.000000           26485          30           0       26485          30           0
 WACCMX online neutral received: taskid,step,packet_hr=          24           0   0.00000000    
 WACCMX_RECV_QC          24           0   0.00000000          132146       56334      132146       56334   4.7252397125544786E+018   84417308.290390015       -514930606.27756292        149474821.65101960        0.0000000000000000        4.7252397125544786E+018   84417308.290390015       -514930606.27756292        149474821.65101960        0.0000000000000000     
 WACCMX_RECV_SOURCE_FLAGS          24           0   0.00000000          188480      132146       48748        7586           0           0      132146       56334      132146       56334      132146      132146      132146      132146
 WACCMX_APPLY_QC          24           1   0.00000000           37696       26409       11287       26409       11287       26409       26409       26409       26409
 WACCMX_APPLY_SOURCE_FLAGS          24           1   0.00000000           37696       26409        9790        1497           0           0
 WACCMX_APPLY_BLEND          24           1   0.00000000           37696           1   600.000000       720.000000           26400           9           0       26400           9           0
  finished initialization taskid =           13
 iwrk           13           2
 in if parallel - iday,iday0           1           0
 max flux_euvac   6.64522854E+09
 WACCMX_APPLY_QC          15           5   0.00000000           37696       26465       11231       26465       11231       26465       26465       26465       26465
 WACCMX_APPLY_SOURCE_FLAGS          15           5   0.00000000           37696       26465       10622         609           0           0
 WACCMX_APPLY_BLEND          15           5   0.00000000           37696           1   600.000000       720.000000           26445          20           0       26445          20           0
 WACCMX_APPLY_QC          22           2   0.00000000           37696       26404       11292       26404       11292       26404       26404       26404       26404
 WACCMX_APPLY_SOURCE_FLAGS          22           2   0.00000000           37696       26404        9911        1381           0           0
 WACCMX_APPLY_BLEND          22           2   0.00000000           37696           1   600.000000       720.000000           26388          16           0       26388          16           0
 WACCMX_APPLY_QC          20           3   0.00000000           37696       26482       11214       26482       11214       26482       26482       26482       26482
 WACCMX_APPLY_SOURCE_FLAGS          20           3   0.00000000           37696       26482       10089        1125           0           0
 WACCMX_APPLY_BLEND          20           3   0.00000000           37696           1   600.000000       720.000000           26459          23           0       26459          23           0
 WACCMX online neutral received: taskid,step,packet_hr=          25           0   0.00000000    
 WACCMX_RECV_QC          25           0   0.00000000          132200       56280      132200       56280   4.9140158019463383E+018   84881246.917785645       -464632012.55382884        150698865.56594986        0.0000000000000000        4.9140158019463383E+018   84881246.917785645       -464632012.55382884        150698865.56594986        0.0000000000000000     
 WACCMX_RECV_SOURCE_FLAGS          25           0   0.00000000          188480      132200       48541        7739           0           0      132200       56280      132200       56280      132200      132200      132200      132200
 WACCMX_APPLY_QC          25           1   0.00000000           37696       26438       11258       26438       11258       26438       26438       26438       26438
 WACCMX_APPLY_SOURCE_FLAGS          25           1   0.00000000           37696       26438        9732        1526           0           0
 WACCMX_APPLY_BLEND          25           1   0.00000000           37696           1   600.000000       720.000000           26432           6           0       26432           6           0
 WACCMX_APPLY_QC          18           4   0.00000000           37696       26527       11169       26527       11169       26527       26527       26527       26527
 WACCMX_APPLY_SOURCE_FLAGS          18           4   0.00000000           37696       26527       10296         873           0           0
 WACCMX_APPLY_BLEND          18           4   0.00000000           37696           1   600.000000       720.000000           26492          35           0       26492          35           0
  finished initialization taskid =           14
 iwrk           14           2
 in if parallel - iday,iday0           1           0
 max flux_euvac   6.64522854E+09
 WACCMX_APPLY_QC          23           2   0.00000000           37696       26394       11302       26394       11302       26394       26394       26394       26394
 WACCMX_APPLY_SOURCE_FLAGS          23           2   0.00000000           37696       26394        9832        1470           0           0
 WACCMX_APPLY_BLEND          23           2   0.00000000           37696           1   600.000000       720.000000           26383          11           0       26383          11           0
 WACCMX_APPLY_QC          16           5   0.00000000           37696       26496       11200       26496       11200       26496       26496       26496       26496
 WACCMX_APPLY_SOURCE_FLAGS          16           5   0.00000000           37696       26496       10514         686           0           0
 WACCMX_APPLY_BLEND          16           5   0.00000000           37696           1   600.000000       720.000000           26470          26           0       26470          26           0
 WACCMX_APPLY_QC          21           3   0.00000000           37696       26436       11260       26436       11260       26436       26436       26436       26436
 WACCMX_APPLY_SOURCE_FLAGS          21           3   0.00000000           37696       26436        9964        1296           0           0
 WACCMX_APPLY_BLEND          21           3   0.00000000           37696           1   600.000000       720.000000           26418          18           0       26418          18           0
 WACCMX online neutral received: taskid,step,packet_hr=          26           0   0.00000000    
 WACCMX_RECV_QC          26           0   0.00000000          132176       56304      132176       56304   4.9549598855123907E+018   85013631.232147217       -357339999.54635084        182499304.70897684        0.0000000000000000        4.9549598855123907E+018   85013631.232147217       -357339999.54635084        182499304.70897684        0.0000000000000000     
 WACCMX_RECV_SOURCE_FLAGS          26           0   0.00000000          188480      132176       48487        7817           0           0      132176       56304      132176       56304      132176      132176      132176      132176
 WACCMX_APPLY_QC          26           1   0.00000000           37696       26436       11260       26436       11260       26436       26436       26436       26436
 WACCMX_APPLY_SOURCE_FLAGS          26           1   0.00000000           37696       26436        9695        1565           0           0
 WACCMX_APPLY_BLEND          26           1   0.00000000           37696           1   600.000000       720.000000           26435           1           0       26435           1           0
 WACCMX_APPLY_QC          19           4   0.00000000           37696       26510       11186       26510       11186       26510       26510       26510       26510
 WACCMX_APPLY_SOURCE_FLAGS          19           4   0.00000000           37696       26510       10164        1022           0           0
 WACCMX_APPLY_BLEND          19           4   0.00000000           37696           1   600.000000       720.000000           26477          33           0       26477          33           0
  finished initialization taskid =           15
 iwrk           15           2
 in if parallel - iday,iday0           1           0
 max flux_euvac   6.64522854E+09
 WACCMX_APPLY_QC          17           5   0.00000000           37696       26522       11174       26522       11174       26522       26522       26522       26522
 WACCMX_APPLY_SOURCE_FLAGS          17           5   0.00000000           37696       26522       10390         784           0           0
 WACCMX_APPLY_BLEND          17           5   0.00000000           37696           1   600.000000       720.000000           26488          34           0       26488          34           0
 WACCMX_APPLY_QC          24           2   0.00000000           37696       26423       11273       26423       11273       26423       26423       26423       26423
 WACCMX_APPLY_SOURCE_FLAGS          24           2   0.00000000           37696       26423        9764        1509           0           0
 WACCMX_APPLY_BLEND          24           2   0.00000000           37696           1   600.000000       720.000000           26415           8           0       26415           8           0
 WACCMX_APPLY_QC          22           3   0.00000000           37696       26402       11294       26402       11294       26402       26402       26402       26402
 WACCMX_APPLY_SOURCE_FLAGS          22           3   0.00000000           37696       26402        9874        1420           0           0
 WACCMX_APPLY_BLEND          22           3   0.00000000           37696           1   600.000000       720.000000           26389          13           0       26389          13           0
 WACCMX online neutral received: taskid,step,packet_hr=          27           0   0.00000000    
 WACCMX_RECV_QC          27           0   0.00000000          132098       56382      132098       56382   4.8396436840911094E+018   84957795.634506226       -246250401.19603893        175008703.79512480        0.0000000000000000        4.8396436840911094E+018   84957795.634506226       -246250401.19603893        175008703.79512480        0.0000000000000000     
 WACCMX_RECV_SOURCE_FLAGS          27           0   0.00000000          188480      132098       48567        7815           0           0      132098       56382      132098       56382      132098      132098      132098      132098
 WACCMX_APPLY_QC          27           1   0.00000000           37696       26436       11260       26436       11260       26436       26436       26436       26436
 WACCMX_APPLY_SOURCE_FLAGS          27           1   0.00000000           37696       26436        9700        1560           0           0
 WACCMX_APPLY_BLEND          27           1   0.00000000           37696           1   600.000000       720.000000           26436           0           0       26436           0           0
 WACCMX_APPLY_QC          20           4   0.00000000           37696       26471       11225       26471       11225       26471       26471       26471       26471
 WACCMX_APPLY_SOURCE_FLAGS          20           4   0.00000000           37696       26471       10051        1174           0           0
 WACCMX_APPLY_BLEND          20           4   0.00000000           37696           1   600.000000       720.000000           26450          21           0       26450          21           0
  finished initialization taskid =           16
 iwrk           16           2
 in if parallel - iday,iday0           1           0
 max flux_euvac   6.64522854E+09
 WACCMX_APPLY_QC          25           2   0.00000000           37696       26443       11253       26443       11253       26443       26443       26443       26443
 WACCMX_APPLY_SOURCE_FLAGS          25           2   0.00000000           37696       26443        9718        1535           0           0
 WACCMX_APPLY_BLEND          25           2   0.00000000           37696           1   600.000000       720.000000           26441           2           0       26441           2           0
 WACCMX_APPLY_QC          18           5   0.00000000           37696       26526       11170       26526       11170       26526       26526       26526       26526
 WACCMX_APPLY_SOURCE_FLAGS          18           5   0.00000000           37696       26526       10257         913           0           0
 WACCMX_APPLY_BLEND          18           5   0.00000000           37696           1   600.000000       720.000000           26491          35           0       26491          35           0
 WACCMX_APPLY_QC          23           3   0.00000000           37696       26398       11298       26398       11298       26398       26398       26398       26398
 WACCMX_APPLY_SOURCE_FLAGS          23           3   0.00000000           37696       26398        9805        1493           0           0
 WACCMX_APPLY_BLEND          23           3   0.00000000           37696           1   600.000000       720.000000           26388          10           0       26388          10           0
 WACCMX online neutral received: taskid,step,packet_hr=          28           0   0.00000000    
 WACCMX_RECV_QC          28           0   0.00000000          131990       56490      131990       56490   4.7027429624349850E+018   84777629.370910645       -176585515.22822982        127869204.66586268        0.0000000000000000        4.7027429624349850E+018   84777629.370910645       -176585515.22822982        127869204.66586268        0.0000000000000000     
 WACCMX_RECV_SOURCE_FLAGS          28           0   0.00000000          188480      131990       48645        7845           0           0      131990       56490      131990       56490      131990      131990      131990      131990
 WACCMX_APPLY_QC          28           1   0.00000000           37696       26411       11285       26411       11285       26411       26411       26411       26411
 WACCMX_APPLY_SOURCE_FLAGS          28           1   0.00000000           37696       26411        9722        1563           0           0
 WACCMX_APPLY_BLEND          28           1   0.00000000           37696           1   600.000000       720.000000           26411           0           0       26411           0           0
 WACCMX_APPLY_QC          21           4   0.00000000           37696       26418       11278       26418       11278       26418       26418       26418       26418
 WACCMX_APPLY_SOURCE_FLAGS          21           4   0.00000000           37696       26418        9934        1344           0           0
 WACCMX_APPLY_BLEND          21           4   0.00000000           37696           1   600.000000       720.000000           26402          16           0       26402          16           0
  finished initialization taskid =           17
 iwrk           17           2
 in if parallel - iday,iday0           1           0
 max flux_euvac   6.64522854E+09
 WACCMX_APPLY_QC          26           2   0.00000000           37696       26441       11255       26441       11255       26441       26441       26441       26441
 WACCMX_APPLY_SOURCE_FLAGS          26           2   0.00000000           37696       26441        9691        1564           0           0
 WACCMX_APPLY_BLEND          26           2   0.00000000           37696           1   600.000000       720.000000           26440           1           0       26440           1           0
 WACCMX_APPLY_QC          19           5   0.00000000           37696       26496       11200       26496       11200       26496       26496       26496       26496
 WACCMX_APPLY_SOURCE_FLAGS          19           5   0.00000000           37696       26496       10134        1066           0           0
 WACCMX_APPLY_BLEND          19           5   0.00000000           37696           1   600.000000       720.000000           26471          25           0       26471          25           0
 WACCMX_APPLY_QC          24           3   0.00000000           37696       26433       11263       26433       11263       26433       26433       26433       26433
 WACCMX_APPLY_SOURCE_FLAGS          24           3   0.00000000           37696       26433        9744        1519           0           0
 WACCMX_APPLY_BLEND          24           3   0.00000000           37696           1   600.000000       720.000000           26427           6           0       26427           6           0
 WACCMX online neutral received: taskid,step,packet_hr=          29           0   0.00000000    
 WACCMX_RECV_QC          29           0   0.00000000          131876       56604      131876       56604   4.6285136122899384E+018   84368935.517852783       -113053757.44369864        118283009.26334774        0.0000000000000000        4.6285136122899384E+018   84368935.517852783       -113053757.44369864        118283009.26334774        0.0000000000000000     
 WACCMX_RECV_SOURCE_FLAGS          29           0   0.00000000          188480      131876       48779        7825           0           0      131876       56604      131876       56604      131876      131876      131876      131876
 WACCMX_APPLY_QC          29           1   0.00000000           37696       26388       11308       26388       11308       26388       26388       26388       26388
 WACCMX_APPLY_SOURCE_FLAGS          29           1   0.00000000           37696       26388        9730        1578           0           0
 WACCMX_APPLY_BLEND          29           1   0.00000000           37696           1   600.000000       720.000000           26388           0           0       26388           0           0
 WACCMX_APPLY_QC          22           4   0.00000000           37696       26399       11297       26399       11297       26399       26399       26399       26399
 WACCMX_APPLY_SOURCE_FLAGS          22           4   0.00000000           37696       26399        9854        1443           0           0
 WACCMX_APPLY_BLEND          22           4   0.00000000           37696           1   600.000000       720.000000           26387          12           0       26387          12           0
  finished initialization taskid =           18
 iwrk           18           2
 in if parallel - iday,iday0           1           0
 max flux_euvac   6.64522854E+09
 WACCMX_APPLY_QC          20           5   0.00000000           37696       26449       11247       26449       11247       26449       26449       26449       26449
 WACCMX_APPLY_SOURCE_FLAGS          20           5   0.00000000           37696       26449       10010        1237           0           0
 WACCMX_APPLY_BLEND          20           5   0.00000000           37696           1   600.000000       720.000000           26430          19           0       26430          19           0
 WACCMX_APPLY_QC          27           2   0.00000000           37696       26426       11270       26426       11270       26426       26426       26426       26426
 WACCMX_APPLY_SOURCE_FLAGS          27           2   0.00000000           37696       26426        9707        1563           0           0
 WACCMX_APPLY_BLEND          27           2   0.00000000           37696           1   600.000000       720.000000           26426           0           0       26426           0           0
 WACCMX_APPLY_QC          25           3   0.00000000           37696       26442       11254       26442       11254       26442       26442       26442       26442
 WACCMX_APPLY_SOURCE_FLAGS          25           3   0.00000000           37696       26442        9705        1549           0           0
 WACCMX_APPLY_BLEND          25           3   0.00000000           37696           1   600.000000       720.000000           26441           1           0       26441           1           0
 WACCMX online neutral received: taskid,step,packet_hr=          30           0   0.00000000    
 WACCMX_RECV_QC          30           0   0.00000000          131752       56728      131752       56728   4.6041406336185283E+018   83633779.090850830       -47990134.160436347        141871025.64502406        0.0000000000000000        4.6041406336185283E+018   83633779.090850830       -47990134.160436347        141871025.64502406        0.0000000000000000     
 WACCMX_RECV_SOURCE_FLAGS          30           0   0.00000000          188480      131752       49108        7620           0           0      131752       56728      131752       56728      131752      131752      131752      131752
 WACCMX_APPLY_QC          30           1   0.00000000           37696       26367       11329       26367       11329       26367       26367       26367       26367
 WACCMX_APPLY_SOURCE_FLAGS          30           1   0.00000000           37696       26367        9764        1565           0           0
 WACCMX_APPLY_BLEND          30           1   0.00000000           37696           1   600.000000       720.000000           26367           0           0       26367           0           0
 WACCMX_APPLY_QC          23           4   0.00000000           37696       26409       11287       26409       11287       26409       26409       26409       26409
 WACCMX_APPLY_SOURCE_FLAGS          23           4   0.00000000           37696       26409        9790        1497           0           0
 WACCMX_APPLY_BLEND          23           4   0.00000000           37696           1   600.000000       720.000000           26400           9           0       26400           9           0
  finished initialization taskid =           19
 iwrk           19           2
 in if parallel - iday,iday0           1           0
 max flux_euvac   6.64522854E+09
 WACCMX_APPLY_QC          28           2   0.00000000           37696       26407       11289       26407       11289       26407       26407       26407       26407
 WACCMX_APPLY_SOURCE_FLAGS          28           2   0.00000000           37696       26407        9724        1565           0           0
 WACCMX_APPLY_BLEND          28           2   0.00000000           37696           1   600.000000       720.000000           26407           0           0       26407           0           0
 WACCMX_APPLY_QC          21           5   0.00000000           37696       26404       11292       26404       11292       26404       26404       26404       26404
 WACCMX_APPLY_SOURCE_FLAGS          21           5   0.00000000           37696       26404        9911        1381           0           0
 WACCMX_APPLY_BLEND          21           5   0.00000000           37696           1   600.000000       720.000000           26388          16           0       26388          16           0
 WACCMX_APPLY_QC          26           3   0.00000000           37696       26437       11259       26437       11259       26437       26437       26437       26437
 WACCMX_APPLY_SOURCE_FLAGS          26           3   0.00000000           37696       26437        9694        1565           0           0
 WACCMX_APPLY_BLEND          26           3   0.00000000           37696           1   600.000000       720.000000           26437           0           0       26437           0           0
 WACCMX online neutral received: taskid,step,packet_hr=          31           0   0.00000000    
 WACCMX_RECV_QC          31           0   0.00000000          131613       56867      131613       56867   4.6077042402223846E+018   82553600.741043091        22738110.563808508        187591501.34927028        0.0000000000000000        4.6077042402223846E+018   82553600.741043091        22738110.563808508        187591501.34927028        0.0000000000000000     
 WACCMX_RECV_SOURCE_FLAGS          31           0   0.00000000          188480      131613       49603        7264           0           0      131613       56867      131613       56867      131613      131613      131613      131613
 WACCMX_APPLY_QC          31           1   0.00000000           37696       26339       11357       26339       11357       26339       26339       26339       26339
 WACCMX_APPLY_SOURCE_FLAGS          31           1   0.00000000           37696       26339        9847        1510           0           0
 WACCMX_APPLY_BLEND          31           1   0.00000000           37696           1   600.000000       720.000000           26339           0           0       26339           0           0
 WACCMX_APPLY_QC          24           4   0.00000000           37696       26438       11258       26438       11258       26438       26438       26438       26438
 WACCMX_APPLY_SOURCE_FLAGS          24           4   0.00000000           37696       26438        9732        1526           0           0
 WACCMX_APPLY_BLEND          24           4   0.00000000           37696           1   600.000000       720.000000           26432           6           0       26432           6           0
  finished initialization taskid =           20
 iwrk           20           2
 in if parallel - iday,iday0           1           0
 max flux_euvac   6.64522854E+09
 WACCMX_APPLY_QC          29           2   0.00000000           37696       26384       11312       26384       11312       26384       26384       26384       26384
 WACCMX_APPLY_SOURCE_FLAGS          29           2   0.00000000           37696       26384        9743        1569           0           0
 WACCMX_APPLY_BLEND          29           2   0.00000000           37696           1   600.000000       720.000000           26384           0           0       26384           0           0
 WACCMX_APPLY_QC          22           5   0.00000000           37696       26394       11302       26394       11302       26394       26394       26394       26394
 WACCMX_APPLY_SOURCE_FLAGS          22           5   0.00000000           37696       26394        9832        1470           0           0
 WACCMX_APPLY_BLEND          22           5   0.00000000           37696           1   600.000000       720.000000           26383          11           0       26383          11           0
 WACCMX_APPLY_QC          27           3   0.00000000           37696       26418       11278       26418       11278       26418       26418       26418       26418
 WACCMX_APPLY_SOURCE_FLAGS          27           3   0.00000000           37696       26418        9714        1564           0           0
 WACCMX_APPLY_BLEND          27           3   0.00000000           37696           1   600.000000       720.000000           26418           0           0       26418           0           0
 WACCMX online neutral received: taskid,step,packet_hr=          32           0   0.00000000    
 WACCMX_RECV_QC          32           0   0.00000000          131394       57086      131394       57086   4.3292573411499663E+018   81108974.984603882        86349207.969750166        250184799.56216529        0.0000000000000000        4.3292573411499663E+018   81108974.984603882        86349207.969750166        250184799.56216529        0.0000000000000000     
 WACCMX_RECV_SOURCE_FLAGS          32           0   0.00000000          188480      131394       50282        6804           0           0      131394       57086      131394       57086      131394      131394      131394      131394
 WACCMX_APPLY_QC          32           1   0.00000000           37696       26316       11380       26316       11380       26316       26316       26316       26316
 WACCMX_APPLY_SOURCE_FLAGS          32           1   0.00000000           37696       26316        9956        1424           0           0
 WACCMX_APPLY_BLEND          32           1   0.00000000           37696           1   600.000000       720.000000           26316           0           0       26316           0           0
 WACCMX_APPLY_QC          25           4   0.00000000           37696       26436       11260       26436       11260       26436       26436       26436       26436
 WACCMX_APPLY_SOURCE_FLAGS          25           4   0.00000000           37696       26436        9695        1565           0           0
 WACCMX_APPLY_BLEND          25           4   0.00000000           37696           1   600.000000       720.000000           26435           1           0       26435           1           0
  finished initialization taskid =           21
 iwrk           21           2
 in if parallel - iday,iday0           1           0
 max flux_euvac   6.64522854E+09
 WACCMX_APPLY_QC          30           2   0.00000000           37696       26361       11335       26361       11335       26361       26361       26361       26361
 WACCMX_APPLY_SOURCE_FLAGS          30           2   0.00000000           37696       26361        9793        1542           0           0
 WACCMX_APPLY_BLEND          30           2   0.00000000           37696           1   600.000000       720.000000           26361           0           0       26361           0           0
 WACCMX_APPLY_QC          23           5   0.00000000           37696       26423       11273       26423       11273       26423       26423       26423       26423
 WACCMX_APPLY_SOURCE_FLAGS          23           5   0.00000000           37696       26423        9764        1509           0           0
 WACCMX_APPLY_BLEND          23           5   0.00000000           37696           1   600.000000       720.000000           26415           8           0       26415           8           0
 WACCMX_APPLY_QC          28           3   0.00000000           37696       26400       11296       26400       11296       26400       26400       26400       26400
 WACCMX_APPLY_SOURCE_FLAGS          28           3   0.00000000           37696       26400        9726        1570           0           0
 WACCMX_APPLY_BLEND          28           3   0.00000000           37696           1   600.000000       720.000000           26400           0           0       26400           0           0
 WACCMX_APPLY_QC          26           4   0.00000000           37696       26436       11260       26436       11260       26436       26436       26436       26436
 WACCMX_APPLY_SOURCE_FLAGS          26           4   0.00000000           37696       26436        9700        1560           0           0
 WACCMX_APPLY_BLEND          26           4   0.00000000           37696           1   600.000000       720.000000           26436           0           0       26436           0           0
  finished initialization taskid =           22
 iwrk           22           2
 in if parallel - iday,iday0           1           0
 max flux_euvac   6.64522854E+09
 WACCMX_APPLY_QC          31           2   0.00000000           37696       26335       11361       26335       11361       26335       26335       26335       26335
 WACCMX_APPLY_SOURCE_FLAGS          31           2   0.00000000           37696       26335        9879        1482           0           0
 WACCMX_APPLY_BLEND          31           2   0.00000000           37696           1   600.000000       720.000000           26335           0           0       26335           0           0
 WACCMX_APPLY_QC          24           5   0.00000000           37696       26443       11253       26443       11253       26443       26443       26443       26443
 WACCMX_APPLY_SOURCE_FLAGS          24           5   0.00000000           37696       26443        9718        1535           0           0
 WACCMX_APPLY_BLEND          24           5   0.00000000           37696           1   600.000000       720.000000           26441           2           0       26441           2           0
 WACCMX_APPLY_QC          29           3   0.00000000           37696       26376       11320       26376       11320       26376       26376       26376       26376
 WACCMX_APPLY_SOURCE_FLAGS          29           3   0.00000000           37696       26376        9749        1571           0           0
 WACCMX_APPLY_BLEND          29           3   0.00000000           37696           1   600.000000       720.000000           26376           0           0       26376           0           0
 WACCMX_APPLY_QC          27           4   0.00000000           37696       26411       11285       26411       11285       26411       26411       26411       26411
 WACCMX_APPLY_SOURCE_FLAGS          27           4   0.00000000           37696       26411        9722        1563           0           0
 WACCMX_APPLY_BLEND          27           4   0.00000000           37696           1   600.000000       720.000000           26411           0           0       26411           0           0
  finished initialization taskid =           23
 iwrk           23           2
 in if parallel - iday,iday0           1           0
 max flux_euvac   6.64522854E+09
 WACCMX_APPLY_QC          32           2   0.00000000           37696       26298       11398       26298       11398       26298       26298       26298       26298
 WACCMX_APPLY_SOURCE_FLAGS          32           2   0.00000000           37696       26298        9999        1399           0           0
 WACCMX_APPLY_BLEND          32           2   0.00000000           37696           1   600.000000       720.000000           26298           0           0       26298           0           0
 WACCMX_APPLY_QC          25           5   0.00000000           37696       26441       11255       26441       11255       26441       26441       26441       26441
 WACCMX_APPLY_SOURCE_FLAGS          25           5   0.00000000           37696       26441        9691        1564           0           0
 WACCMX_APPLY_BLEND          25           5   0.00000000           37696           1   600.000000       720.000000           26440           1           0       26440           1           0
 WACCMX_APPLY_QC          30           3   0.00000000           37696       26350       11346       26350       11346       26350       26350       26350       26350
 WACCMX_APPLY_SOURCE_FLAGS          30           3   0.00000000           37696       26350        9825        1521           0           0
 WACCMX_APPLY_BLEND          30           3   0.00000000           37696           1   600.000000       720.000000           26350           0           0       26350           0           0
 WACCMX_APPLY_QC          28           4   0.00000000           37696       26388       11308       26388       11308       26388       26388       26388       26388
 WACCMX_APPLY_SOURCE_FLAGS          28           4   0.00000000           37696       26388        9730        1578           0           0
 WACCMX_APPLY_BLEND          28           4   0.00000000           37696           1   600.000000       720.000000           26388           0           0       26388           0           0
  finished initialization taskid =           24
 iwrk           24           2
 in if parallel - iday,iday0           1           0
 max flux_euvac   6.64522854E+09
 WACCMX_APPLY_QC          26           5   0.00000000           37696       26426       11270       26426       11270       26426       26426       26426       26426
 WACCMX_APPLY_SOURCE_FLAGS          26           5   0.00000000           37696       26426        9707        1563           0           0
 WACCMX_APPLY_BLEND          26           5   0.00000000           37696           1   600.000000       720.000000           26426           0           0       26426           0           0
 WACCMX_APPLY_QC          31           3   0.00000000           37696       26325       11371       26325       11371       26325       26325       26325       26325
 WACCMX_APPLY_SOURCE_FLAGS          31           3   0.00000000           37696       26325        9922        1449           0           0
 WACCMX_APPLY_BLEND          31           3   0.00000000           37696           1   600.000000       720.000000           26325           0           0       26325           0           0
 WACCMX_APPLY_QC          29           4   0.00000000           37696       26367       11329       26367       11329       26367       26367       26367       26367
 WACCMX_APPLY_SOURCE_FLAGS          29           4   0.00000000           37696       26367        9764        1565           0           0
 WACCMX_APPLY_BLEND          29           4   0.00000000           37696           1   600.000000       720.000000           26367           0           0       26367           0           0
  finished initialization taskid =           25
 iwrk           25           2
 in if parallel - iday,iday0           1           0
 max flux_euvac   6.64522854E+09
 WACCMX_APPLY_QC          27           5   0.00000000           37696       26407       11289       26407       11289       26407       26407       26407       26407
 WACCMX_APPLY_SOURCE_FLAGS          27           5   0.00000000           37696       26407        9724        1565           0           0
 WACCMX_APPLY_BLEND          27           5   0.00000000           37696           1   600.000000       720.000000           26407           0           0       26407           0           0
 WACCMX_APPLY_QC          32           3   0.00000000           37696       26281       11415       26281       11415       26281       26281       26281       26281
 WACCMX_APPLY_SOURCE_FLAGS          32           3   0.00000000           37696       26281       10055        1360           0           0
 WACCMX_APPLY_BLEND          32           3   0.00000000           37696           1   600.000000       720.000000           26281           0           0       26281           0           0
 WACCMX_APPLY_QC          30           4   0.00000000           37696       26339       11357       26339       11357       26339       26339       26339       26339
 WACCMX_APPLY_SOURCE_FLAGS          30           4   0.00000000           37696       26339        9847        1510           0           0
 WACCMX_APPLY_BLEND          30           4   0.00000000           37696           1   600.000000       720.000000           26339           0           0       26339           0           0
  finished initialization taskid =           26
 iwrk           26           2
 in if parallel - iday,iday0           1           0
 max flux_euvac   6.64522854E+09
 WACCMX_APPLY_QC          28           5   0.00000000           37696       26384       11312       26384       11312       26384       26384       26384       26384
 WACCMX_APPLY_SOURCE_FLAGS          28           5   0.00000000           37696       26384        9743        1569           0           0
 WACCMX_APPLY_BLEND          28           5   0.00000000           37696           1   600.000000       720.000000           26384           0           0       26384           0           0
 WACCMX_APPLY_QC          31           4   0.00000000           37696       26316       11380       26316       11380       26316       26316       26316       26316
 WACCMX_APPLY_SOURCE_FLAGS          31           4   0.00000000           37696       26316        9956        1424           0           0
 WACCMX_APPLY_BLEND          31           4   0.00000000           37696           1   600.000000       720.000000           26316           0           0       26316           0           0
  finished initialization taskid =           27
 iwrk           27           2
 in if parallel - iday,iday0           1           0
 max flux_euvac   6.64522854E+09
 WACCMX_APPLY_QC          29           5   0.00000000           37696       26361       11335       26361       11335       26361       26361       26361       26361
 WACCMX_APPLY_SOURCE_FLAGS          29           5   0.00000000           37696       26361        9793        1542           0           0
 WACCMX_APPLY_BLEND          29           5   0.00000000           37696           1   600.000000       720.000000           26361           0           0       26361           0           0
 WACCMX_APPLY_QC          32           4   0.00000000           37696       26260       11436       26260       11436       26260       26260       26260       26260
 WACCMX_APPLY_SOURCE_FLAGS          32           4   0.00000000           37696       26260       10111        1325           0           0
 WACCMX_APPLY_BLEND          32           4   0.00000000           37696           1   600.000000       720.000000           26260           0           0       26260           0           0
  finished initialization taskid =           28
 iwrk           28           2
 in if parallel - iday,iday0           1           0
 max flux_euvac   6.64522854E+09
 WACCMX_APPLY_QC          30           5   0.00000000           37696       26335       11361       26335       11361       26335       26335       26335       26335
 WACCMX_APPLY_SOURCE_FLAGS          30           5   0.00000000           37696       26335        9879        1482           0           0
 WACCMX_APPLY_BLEND          30           5   0.00000000           37696           1   600.000000       720.000000           26335           0           0       26335           0           0
  finished initialization taskid =           29
 iwrk           29           2
 in if parallel - iday,iday0           1           0
 max flux_euvac   6.64522854E+09
 WACCMX_APPLY_QC          31           5   0.00000000           37696       26298       11398       26298       11398       26298       26298       26298       26298
 WACCMX_APPLY_SOURCE_FLAGS          31           5   0.00000000           37696       26298        9999        1399           0           0
 WACCMX_APPLY_BLEND          31           5   0.00000000           37696           1   600.000000       720.000000           26298           0           0       26298           0           0
  finished initialization taskid =           30
 iwrk           30           2
 in if parallel - iday,iday0           1           0
 max flux_euvac   6.64522854E+09
 WACCMX_APPLY_QC          32           5   0.00000000           37696       26239       11457       26239       11457       26239       26239       26239       26239
 WACCMX_APPLY_SOURCE_FLAGS          32           5   0.00000000           37696       26239       10161        1296           0           0
 WACCMX_APPLY_BLEND          32           5   0.00000000           37696           1   600.000000       720.000000           26239           0           0       26239           0           0
  finished initialization taskid =           31
 iwrk           31           2
 in if parallel - iday,iday0           1           0
 max flux_euvac   6.64522854E+09
  finished initialization taskid =           32
 iwrk           32           2
 in if parallel - iday,iday0           1           0
 max flux_euvac   6.64522854E+09
 calling potpphi   0.00000000       900.000000    
           1   6047173.00    
           2  0.353740782    
           3  0.116157129    
           4   4.29567471E-02
           5   3.53325754E-02
           6   3.41880806E-02
           7   6.82449201E-04
 SAMI3 direct phi port ready: /home/jiaoy_group/jiaoy/data/waccmx-sami3_official/runs/waccmx_cam_sami3_live_payload_f19_topblend_voltron_phi_directmpi_2pkt_phi2_base_step_20260525_0000/sami3_direct_phi_port.txt
 SAMI3 direct phi sender connected
 WACCMX_PHI_RECV           0           2   0.00000000       0.00000000      0.250000000      -36.9728775       31.5048161    
 hrutw2 =    0.00000000      0.250000000    
 nweimer           1
   39.2257156    
 istep =            0  ntm =            1
  hr =    0.00000000      dt =    2.95102930    
 calling potpphi   900.000000       2.95102930    
           1  0.608764946    
           2   4.72308043E-03
 WACCMX_PHI_RECV           1           2  0.250000000      0.250000000       1.00000002E+30  -37.7063637       31.7590370    
 hrutw2 =   0.250000000       1.00000002E+30
   64.5413513    
 WACCMX online neutral received: taskid,step,packet_hr=           1           1   8.33333358E-02
 WACCMX_RECV_QC           1           1   8.33333358E-02      130983       57497      130983       57497   4.3444569875323044E+018   78823387.080337524        121992052.92362127        276900366.85286808        0.0000000000000000        4.3444569875323044E+018   78823387.080337524        121992052.92362127        276900366.85286808        0.0000000000000000     
 WACCMX_RECV_SOURCE_FLAGS           1           1   8.33333358E-02      188480      130983       51116        6381           0           0      130983       57497      130983       57497      130983      130983      130983      130983
 WACCMX_APPLY_QC           1           1  0.250000000           37696       26252       11444       26252       11444       26252       26252       26252       26252
 WACCMX_APPLY_SOURCE_FLAGS           1           1  0.250000000           37696       26252       10134        1310           0           0
 WACCMX_APPLY_BLEND           1           1  0.250000000           37696           1   600.000000       720.000000           26252           0           0       26252           0           0
 d =    15870347.0       1.58609213E+10   3.43175885E+10   4.52500582E+09   94919080.0       2.26477778E-12   1760754.25       7978264.00       1.69096033E-26
 WACCMX online neutral received: taskid,step,packet_hr=           2           1   8.33333358E-02
 WACCMX_RECV_QC           2           1   8.33333358E-02      130696       57784      130696       57784   4.5583821159264809E+018   77064173.372100830        107219645.47892007        263709723.68528962        0.0000000000000000        4.5583821159264809E+018   77064173.372100830        107219645.47892007        263709723.68528962        0.0000000000000000     
 WACCMX_RECV_SOURCE_FLAGS           2           1   8.33333358E-02      188480      130696       51647        6137           0           0      130696       57784      130696       57784      130696      130696      130696      130696
 WACCMX_APPLY_QC           2           1  0.250000000           37696       26167       11529       26167       11529       26167       26167       26167       26167
 WACCMX_APPLY_SOURCE_FLAGS           2           1  0.250000000           37696       26167       10270        1259           0           0
 WACCMX_APPLY_BLEND           2           1  0.250000000           37696           1   600.000000       720.000000           26167           0           0       26167           0           0
 WACCMX online neutral received: taskid,step,packet_hr=           3           1   8.33333358E-02
 WACCMX_RECV_QC           3           1   8.33333358E-02      130527       57953      130527       57953   4.4978069079172751E+018   76117213.736968994        42124086.690097988        157743414.05294728        0.0000000000000000        4.4978069079172751E+018   76117213.736968994        42124086.690097988        157743414.05294728        0.0000000000000000     
 WACCMX_RECV_SOURCE_FLAGS           3           1   8.33333358E-02      188480      130527       51849        6104           0           0      130527       57953      130527       57953      130527      130527      130527      130527
 WACCMX_APPLY_QC           3           1  0.250000000           37696       26130       11566       26130       11566       26130       26130       26130       26130
 WACCMX_APPLY_SOURCE_FLAGS           3           1  0.250000000           37696       26130       10361        1205           0           0
 WACCMX_APPLY_BLEND           3           1  0.250000000           37696           1   600.000000       720.000000           26130           0           0       26130           0           0
 WACCMX_APPLY_QC           1           2  0.250000000           37696       26234       11462       26234       11462       26234       26234       26234       26234
 WACCMX_APPLY_SOURCE_FLAGS           1           2  0.250000000           37696       26234       10173        1289           0           0
 WACCMX_APPLY_BLEND           1           2  0.250000000           37696           1   600.000000       720.000000           26234           0           0       26234           0           0
 WACCMX online neutral received: taskid,step,packet_hr=           4           1   8.33333358E-02
 WACCMX_RECV_QC           4           1   8.33333358E-02      130379       58101      130379       58101   4.3613343009287700E+018   75638625.916427612       -11088609.184346855        27620428.269048803        0.0000000000000000        4.3613343009287700E+018   75638625.916427612       -11088609.184346855        27620428.269048803        0.0000000000000000     
 WACCMX_RECV_SOURCE_FLAGS           4           1   8.33333358E-02      188480      130379       52011        6090           0           0      130379       58101      130379       58101      130379      130379      130379      130379
 WACCMX_APPLY_QC           4           1  0.250000000           37696       26095       11601       26095       11601       26095       26095       26095       26095
 WACCMX_APPLY_SOURCE_FLAGS           4           1  0.250000000           37696       26095       10374        1227           0           0
 WACCMX_APPLY_BLEND           4           1  0.250000000           37696           1   600.000000       720.000000           26095           0           0       26095           0           0
 WACCMX_APPLY_QC           2           2  0.250000000           37696       26147       11549       26147       11549       26147       26147       26147       26147
 WACCMX_APPLY_SOURCE_FLAGS           2           2  0.250000000           37696       26147       10313        1236           0           0
 WACCMX_APPLY_BLEND           2           2  0.250000000           37696           1   600.000000       720.000000           26147           0           0       26147           0           0
 WACCMX online neutral received: taskid,step,packet_hr=           5           1   8.33333358E-02
 WACCMX_RECV_QC           5           1   8.33333358E-02      130442       58038      130442       58038   4.3191815904858742E+018   75483435.114608765       -46192225.696288481       -45478032.207388476        0.0000000000000000        4.3191815904858742E+018   75483435.114608765       -46192225.696288481       -45478032.207388476        0.0000000000000000     
 WACCMX_RECV_SOURCE_FLAGS           5           1   8.33333358E-02      188480      130442       52176        5862           0           0      130442       58038      130442       58038      130442      130442      130442      130442
 WACCMX_APPLY_QC           5           1  0.250000000           37696       26066       11630       26066       11630       26066       26066       26066       26066
 WACCMX_APPLY_SOURCE_FLAGS           5           1  0.250000000           37696       26066       10420        1210           0           0
 WACCMX_APPLY_BLEND           5           1  0.250000000           37696           1   600.000000       720.000000           26066           0           0       26066           0           0
 WACCMX_APPLY_QC           3           2  0.250000000           37696       26115       11581       26115       11581       26115       26115       26115       26115
 WACCMX_APPLY_SOURCE_FLAGS           3           2  0.250000000           37696       26115       10364        1217           0           0
 WACCMX_APPLY_BLEND           3           2  0.250000000           37696           1   600.000000       720.000000           26115           0           0       26115           0           0
 WACCMX_APPLY_QC           1           3  0.250000000           37696       26183       11513       26183       11513       26183       26183       26183       26183
 WACCMX_APPLY_SOURCE_FLAGS           1           3  0.250000000           37696       26183       10226        1287           0           0
 WACCMX_APPLY_BLEND           1           3  0.250000000           37696           1   600.000000       720.000000           26183           0           0       26183           0           0
 WACCMX online neutral received: taskid,step,packet_hr=           6           1   8.33333358E-02
 WACCMX_RECV_QC           6           1   8.33333358E-02      130665       57815      130665       57815   4.2721997905602606E+018   75357638.555770874       -50992157.440739557       -112228105.90502498        0.0000000000000000        4.2721997905602606E+018   75357638.555770874       -50992157.440739557       -112228105.90502498        0.0000000000000000     
 WACCMX_RECV_SOURCE_FLAGS           6           1   8.33333358E-02      188480      130665       52339        5476           0           0      130665       57815      130665       57815      130665      130665      130665      130665
 WACCMX_APPLY_QC           6           1  0.250000000           37696       26107       11589       26107       11589       26107       26107       26107       26107
 WACCMX_APPLY_SOURCE_FLAGS           6           1  0.250000000           37696       26107       10440        1149           0           0
 WACCMX_APPLY_BLEND           6           1  0.250000000           37696           1   600.000000       720.000000           26107           0           0       26107           0           0
 WACCMX_APPLY_QC           4           2  0.250000000           37696       26080       11616       26080       11616       26080       26080       26080       26080
 WACCMX_APPLY_SOURCE_FLAGS           4           2  0.250000000           37696       26080       10386        1230           0           0
 WACCMX_APPLY_BLEND           4           2  0.250000000           37696           1   600.000000       720.000000           26080           0           0       26080           0           0
 WACCMX_APPLY_QC           2           3  0.250000000           37696       26137       11559       26137       11559       26137       26137       26137       26137
 WACCMX_APPLY_SOURCE_FLAGS           2           3  0.250000000           37696       26137       10339        1220           0           0
 WACCMX_APPLY_BLEND           2           3  0.250000000           37696           1   600.000000       720.000000           26137           0           0       26137           0           0
 WACCMX online neutral received: taskid,step,packet_hr=           7           1   8.33333358E-02
 WACCMX_RECV_QC           7           1   8.33333358E-02      130879       57601      130879       57601   4.0824547327560520E+018   75049889.599075317       -43318417.608565591       -159740842.79513776        0.0000000000000000        4.0824547327560520E+018   75049889.599075317       -43318417.608565591       -159740842.79513776        0.0000000000000000     
 WACCMX_RECV_SOURCE_FLAGS           7           1   8.33333358E-02      188480      130879       52663        4938           0           0      130879       57601      130879       57601      130879      130879      130879      130879
 WACCMX_APPLY_QC           7           1  0.250000000           37696       26143       11553       26143       11553       26143       26143       26143       26143
 WACCMX_APPLY_SOURCE_FLAGS           7           1  0.250000000           37696       26143       10480        1073           0           0
 WACCMX_APPLY_BLEND           7           1  0.250000000           37696           1   600.000000       720.000000           26143           0           0       26143           0           0
 WACCMX_APPLY_QC           5           2  0.250000000           37696       26064       11632       26064       11632       26064       26064       26064       26064
 WACCMX_APPLY_SOURCE_FLAGS           5           2  0.250000000           37696       26064       10429        1203           0           0
 WACCMX_APPLY_BLEND           5           2  0.250000000           37696           1   600.000000       720.000000           26064           0           0       26064           0           0
 WACCMX_APPLY_QC           3           3  0.250000000           37696       26107       11589       26107       11589       26107       26107       26107       26107
 WACCMX_APPLY_SOURCE_FLAGS           3           3  0.250000000           37696       26107       10364        1225           0           0
 WACCMX_APPLY_BLEND           3           3  0.250000000           37696           1   600.000000       720.000000           26107           0           0       26107           0           0
 WACCMX online neutral received: taskid,step,packet_hr=           8           1   8.33333358E-02
 WACCMX_RECV_QC           8           1   8.33333358E-02      131082       57398      131082       57398   3.8799547749131249E+018   74752117.336532593       -30891861.117189161       -117962336.94354223        0.0000000000000000        3.8799547749131249E+018   74752117.336532593       -30891861.117189161       -117962336.94354223        0.0000000000000000     
 WACCMX_RECV_SOURCE_FLAGS           8           1   8.33333358E-02      188480      131082       53053        4345           0           0      131082       57398      131082       57398      131082      131082      131082      131082
 WACCMX_APPLY_QC           8           1  0.250000000           37696       26188       11508       26188       11508       26188       26188       26188       26188
 WACCMX_APPLY_SOURCE_FLAGS           8           1  0.250000000           37696       26188       10561         947           0           0
 WACCMX_APPLY_BLEND           8           1  0.250000000           37696           1   600.000000       720.000000           26188           0           0       26188           0           0
 WACCMX_APPLY_QC           1           4  0.250000000           37696       26167       11529       26167       11529       26167       26167       26167       26167
 WACCMX_APPLY_SOURCE_FLAGS           1           4  0.250000000           37696       26167       10270        1259           0           0
 WACCMX_APPLY_BLEND           1           4  0.250000000           37696           1   600.000000       720.000000           26167           0           0       26167           0           0
 WACCMX_APPLY_QC           6           2  0.250000000           37696       26122       11574       26122       11574       26122       26122       26122       26122
 WACCMX_APPLY_SOURCE_FLAGS           6           2  0.250000000           37696       26122       10453        1121           0           0
 WACCMX_APPLY_BLEND           6           2  0.250000000           37696           1   600.000000       720.000000           26122           0           0       26122           0           0
 WACCMX_APPLY_QC           4           3  0.250000000           37696       26074       11622       26074       11622       26074       26074       26074       26074
 WACCMX_APPLY_SOURCE_FLAGS           4           3  0.250000000           37696       26074       10402        1220           0           0
 WACCMX_APPLY_BLEND           4           3  0.250000000           37696           1   600.000000       720.000000           26074           0           0       26074           0           0
 WACCMX online neutral received: taskid,step,packet_hr=           9           1   8.33333358E-02
 WACCMX_RECV_QC           9           1   8.33333358E-02      131228       57252      131228       57252   3.7702068213879439E+018   74452954.216873169       -18132384.661881335       -19760058.319633216        0.0000000000000000        3.7702068213879439E+018   74452954.216873169       -18132384.661881335       -19760058.319633216        0.0000000000000000     
 WACCMX_RECV_SOURCE_FLAGS           9           1   8.33333358E-02      188480      131228       53367        3885           0           0      131228       57252      131228       57252      131228      131228      131228      131228
 WACCMX_APPLY_QC           9           1  0.250000000           37696       26232       11464       26232       11464       26232       26232       26232       26232
 WACCMX_APPLY_SOURCE_FLAGS           9           1  0.250000000           37696       26232       10639         825           0           0
 WACCMX_APPLY_BLEND           9           1  0.250000000           37696           1   600.000000       720.000000           26230           2           0       26230           2           0
 WACCMX_APPLY_QC           2           4  0.250000000           37696       26130       11566       26130       11566       26130       26130       26130       26130
 WACCMX_APPLY_SOURCE_FLAGS           2           4  0.250000000           37696       26130       10361        1205           0           0
 WACCMX_APPLY_BLEND           2           4  0.250000000           37696           1   600.000000       720.000000           26130           0           0       26130           0           0
 WACCMX_APPLY_QC           7           2  0.250000000           37696       26166       11530       26166       11530       26166       26166       26166       26166
 WACCMX_APPLY_SOURCE_FLAGS           7           2  0.250000000           37696       26166       10504        1026           0           0
 WACCMX_APPLY_BLEND           7           2  0.250000000           37696           1   600.000000       720.000000           26166           0           0       26166           0           0
 WACCMX_APPLY_QC           5           3  0.250000000           37696       26083       11613       26083       11613       26083       26083       26083       26083
 WACCMX_APPLY_SOURCE_FLAGS           5           3  0.250000000           37696       26083       10434        1179           0           0
 WACCMX_APPLY_BLEND           5           3  0.250000000           37696           1   600.000000       720.000000           26083           0           0       26083           0           0
 WACCMX online neutral received: taskid,step,packet_hr=          10           1   8.33333358E-02
 WACCMX_RECV_QC          10           1   8.33333358E-02      131338       57142      131338       57142   3.7612498156020301E+018   74089978.829818726       -23989811.964134268        44363505.787772834        0.0000000000000000        3.7612498156020301E+018   74089978.829818726       -23989811.964134268        44363505.787772834        0.0000000000000000     
 WACCMX_RECV_SOURCE_FLAGS          10           1   8.33333358E-02      188480      131338       53617        3525           0           0      131338       57142      131338       57142      131338      131338      131338      131338
 WACCMX_APPLY_QC          10           1  0.250000000           37696       26251       11445       26251       11445       26251       26251       26251       26251
 WACCMX_APPLY_SOURCE_FLAGS          10           1  0.250000000           37696       26251       10689         756           0           0
 WACCMX_APPLY_BLEND          10           1  0.250000000           37696           1   600.000000       720.000000           26246           5           0       26246           5           0
 WACCMX_APPLY_QC           3           4  0.250000000           37696       26095       11601       26095       11601       26095       26095       26095       26095
 WACCMX_APPLY_SOURCE_FLAGS           3           4  0.250000000           37696       26095       10374        1227           0           0
 WACCMX_APPLY_BLEND           3           4  0.250000000           37696           1   600.000000       720.000000           26095           0           0       26095           0           0
 WACCMX_APPLY_QC           8           2  0.250000000           37696       26200       11496       26200       11496       26200       26200       26200       26200
 WACCMX_APPLY_SOURCE_FLAGS           8           2  0.250000000           37696       26200       10588         908           0           0
 WACCMX_APPLY_BLEND           8           2  0.250000000           37696           1   600.000000       720.000000           26199           1           0       26199           1           0
 WACCMX_APPLY_QC           1           5  0.250000000           37696       26147       11549       26147       11549       26147       26147       26147       26147
 WACCMX_APPLY_SOURCE_FLAGS           1           5  0.250000000           37696       26147       10313        1236           0           0
 WACCMX_APPLY_BLEND           1           5  0.250000000           37696           1   600.000000       720.000000           26147           0           0       26147           0           0
 WACCMX_APPLY_QC           6           3  0.250000000           37696       26127       11569       26127       11569       26127       26127       26127       26127
 WACCMX_APPLY_SOURCE_FLAGS           6           3  0.250000000           37696       26127       10462        1107           0           0
 WACCMX_APPLY_BLEND           6           3  0.250000000           37696           1   600.000000       720.000000           26127           0           0       26127           0           0
 WACCMX online neutral received: taskid,step,packet_hr=          11           1   8.33333358E-02
 WACCMX_RECV_QC          11           1   8.33333358E-02      131372       57108      131372       57108   3.9817080267077422E+018   73446202.516418457       -19388129.159531400        28859448.159761101        0.0000000000000000        3.9817080267077422E+018   73446202.516418457       -19388129.159531400        28859448.159761101        0.0000000000000000     
 WACCMX_RECV_SOURCE_FLAGS          11           1   8.33333358E-02      188480      131372       53949        3159           0           0      131372       57108      131372       57108      131372      131372      131372      131372
 WACCMX_APPLY_QC          11           1  0.250000000           37696       26283       11413       26283       11413       26283       26283       26283       26283
 WACCMX_APPLY_SOURCE_FLAGS          11           1  0.250000000           37696       26283       10740         673           0           0
 WACCMX_APPLY_BLEND          11           1  0.250000000           37696           1   600.000000       720.000000           26275           8           0       26275           8           0
 WACCMX_APPLY_QC           4           4  0.250000000           37696       26066       11630       26066       11630       26066       26066       26066       26066
 WACCMX_APPLY_SOURCE_FLAGS           4           4  0.250000000           37696       26066       10420        1210           0           0
 WACCMX_APPLY_BLEND           4           4  0.250000000           37696           1   600.000000       720.000000           26066           0           0       26066           0           0
 WACCMX_APPLY_QC           9           2  0.250000000           37696       26243       11453       26243       11453       26243       26243       26243       26243
 WACCMX_APPLY_SOURCE_FLAGS           9           2  0.250000000           37696       26243       10654         799           0           0
 WACCMX_APPLY_BLEND           9           2  0.250000000           37696           1   600.000000       720.000000           26240           3           0       26240           3           0
 WACCMX_APPLY_QC           2           5  0.250000000           37696       26115       11581       26115       11581       26115       26115       26115       26115
 WACCMX_APPLY_SOURCE_FLAGS           2           5  0.250000000           37696       26115       10364        1217           0           0
 WACCMX_APPLY_BLEND           2           5  0.250000000           37696           1   600.000000       720.000000           26115           0           0       26115           0           0
 WACCMX_APPLY_QC           7           3  0.250000000           37696       26182       11514       26182       11514       26182       26182       26182       26182
 WACCMX_APPLY_SOURCE_FLAGS           7           3  0.250000000           37696       26182       10530         984           0           0
 WACCMX_APPLY_BLEND           7           3  0.250000000           37696           1   600.000000       720.000000           26182           0           0       26182           0           0
 WACCMX online neutral received: taskid,step,packet_hr=          12           1   8.33333358E-02
 WACCMX_RECV_QC          12           1   8.33333358E-02      131350       57130      131350       57130   4.2832205199413903E+018   72727572.307113647        32762282.426528633       -58730519.869934961        0.0000000000000000        4.2832205199413903E+018   72727572.307113647        32762282.426528633       -58730519.869934961        0.0000000000000000     
 WACCMX_RECV_SOURCE_FLAGS          12           1   8.33333358E-02      188480      131350       54316        2814           0           0      131350       57130      131350       57130      131350      131350      131350      131350
 WACCMX_APPLY_QC          12           1  0.250000000           37696       26272       11424       26272       11424       26272       26272       26272       26272
 WACCMX_APPLY_SOURCE_FLAGS          12           1  0.250000000           37696       26272       10818         606           0           0
 WACCMX_APPLY_BLEND          12           1  0.250000000           37696           1   600.000000       720.000000           26266           6           0       26266           6           0
 WACCMX_APPLY_QC           5           4  0.250000000           37696       26107       11589       26107       11589       26107       26107       26107       26107
 WACCMX_APPLY_SOURCE_FLAGS           5           4  0.250000000           37696       26107       10440        1149           0           0
 WACCMX_APPLY_BLEND           5           4  0.250000000           37696           1   600.000000       720.000000           26107           0           0       26107           0           0
 WACCMX_APPLY_QC          10           2  0.250000000           37696       26258       11438       26258       11438       26258       26258       26258       26258
 WACCMX_APPLY_SOURCE_FLAGS          10           2  0.250000000           37696       26258       10712         726           0           0
 WACCMX_APPLY_BLEND          10           2  0.250000000           37696           1   600.000000       720.000000           26252           6           0       26252           6           0
 WACCMX_APPLY_QC           3           5  0.250000000           37696       26080       11616       26080       11616       26080       26080       26080       26080
 WACCMX_APPLY_SOURCE_FLAGS           3           5  0.250000000           37696       26080       10386        1230           0           0
 WACCMX_APPLY_BLEND           3           5  0.250000000           37696           1   600.000000       720.000000           26080           0           0       26080           0           0
 WACCMX_APPLY_QC           8           3  0.250000000           37696       26219       11477       26219       11477       26219       26219       26219       26219
 WACCMX_APPLY_SOURCE_FLAGS           8           3  0.250000000           37696       26219       10611         866           0           0
 WACCMX_APPLY_BLEND           8           3  0.250000000           37696           1   600.000000       720.000000           26217           2           0       26217           2           0
 WACCMX online neutral received: taskid,step,packet_hr=          13           1   8.33333358E-02
 WACCMX_RECV_QC          13           1   8.33333358E-02      131410       57070      131410       57070   4.3335977318371948E+018   72602954.691696167        88878692.970848262       -102239093.47024427        0.0000000000000000        4.3335977318371948E+018   72602954.691696167        88878692.970848262       -102239093.47024427        0.0000000000000000     
 WACCMX_RECV_SOURCE_FLAGS          13           1   8.33333358E-02      188480      131410       54355        2715           0           0      131410       57070      131410       57070      131410      131410      131410      131410
 WACCMX_APPLY_QC          13           1  0.250000000           37696       26270       11426       26270       11426       26270       26270       26270       26270
 WACCMX_APPLY_SOURCE_FLAGS          13           1  0.250000000           37696       26270       10887         539           0           0
 WACCMX_APPLY_BLEND          13           1  0.250000000           37696           1   600.000000       720.000000           26256          14           0       26256          14           0
 WACCMX_APPLY_QC           6           4  0.250000000           37696       26143       11553       26143       11553       26143       26143       26143       26143
 WACCMX_APPLY_SOURCE_FLAGS           6           4  0.250000000           37696       26143       10480        1073           0           0
 WACCMX_APPLY_BLEND           6           4  0.250000000           37696           1   600.000000       720.000000           26143           0           0       26143           0           0
 WACCMX_APPLY_QC          11           2  0.250000000           37696       26280       11416       26280       11416       26280       26280       26280       26280
 WACCMX_APPLY_SOURCE_FLAGS          11           2  0.250000000           37696       26280       10752         664           0           0
 WACCMX_APPLY_BLEND          11           2  0.250000000           37696           1   600.000000       720.000000           26272           8           0       26272           8           0
 WACCMX_APPLY_QC           4           5  0.250000000           37696       26064       11632       26064       11632       26064       26064       26064       26064
 WACCMX_APPLY_SOURCE_FLAGS           4           5  0.250000000           37696       26064       10429        1203           0           0
 WACCMX_APPLY_BLEND           4           5  0.250000000           37696           1   600.000000       720.000000           26064           0           0       26064           0           0
 WACCMX_APPLY_QC           9           3  0.250000000           37696       26244       11452       26244       11452       26244       26244       26244       26244
 WACCMX_APPLY_SOURCE_FLAGS           9           3  0.250000000           37696       26244       10673         779           0           0
 WACCMX_APPLY_BLEND           9           3  0.250000000           37696           1   600.000000       720.000000           26239           5           0       26239           5           0
 WACCMX online neutral received: taskid,step,packet_hr=          14           1   8.33333358E-02
 WACCMX_RECV_QC          14           1   8.33333358E-02      131655       56825      131655       56825   4.2688338430392172E+018   73379925.365478516        95460112.400554150       -47668405.224129528        0.0000000000000000        4.2688338430392172E+018   73379925.365478516        95460112.400554150       -47668405.224129528        0.0000000000000000     
 WACCMX_RECV_SOURCE_FLAGS          14           1   8.33333358E-02      188480      131655       54077        2748           0           0      131655       56825      131655       56825      131655      131655      131655      131655
 WACCMX_APPLY_QC          14           1  0.250000000           37696       26292       11404       26292       11404       26292       26292       26292       26292
 WACCMX_APPLY_SOURCE_FLAGS          14           1  0.250000000           37696       26292       10866         538           0           0
 WACCMX_APPLY_BLEND          14           1  0.250000000           37696           1   600.000000       720.000000           26277          15           0       26277          15           0
 WACCMX_APPLY_QC           7           4  0.250000000           37696       26188       11508       26188       11508       26188       26188       26188       26188
 WACCMX_APPLY_SOURCE_FLAGS           7           4  0.250000000           37696       26188       10561         947           0           0
 WACCMX_APPLY_BLEND           7           4  0.250000000           37696           1   600.000000       720.000000           26188           0           0       26188           0           0
 WACCMX_APPLY_QC          12           2  0.250000000           37696       26265       11431       26265       11431       26265       26265       26265       26265
 WACCMX_APPLY_SOURCE_FLAGS          12           2  0.250000000           37696       26265       10850         581           0           0
 WACCMX_APPLY_BLEND          12           2  0.250000000           37696           1   600.000000       720.000000           26257           8           0       26257           8           0
 WACCMX_APPLY_QC           5           5  0.250000000           37696       26122       11574       26122       11574       26122       26122       26122       26122
 WACCMX_APPLY_SOURCE_FLAGS           5           5  0.250000000           37696       26122       10453        1121           0           0
 WACCMX_APPLY_BLEND           5           5  0.250000000           37696           1   600.000000       720.000000           26122           0           0       26122           0           0
 WACCMX_APPLY_QC          10           3  0.250000000           37696       26266       11430       26266       11430       26266       26266       26266       26266
 WACCMX_APPLY_SOURCE_FLAGS          10           3  0.250000000           37696       26266       10724         706           0           0
 WACCMX_APPLY_BLEND          10           3  0.250000000           37696           1   600.000000       720.000000           26259           7           0       26259           7           0
 WACCMX online neutral received: taskid,step,packet_hr=          15           1   8.33333358E-02
 WACCMX_RECV_QC          15           1   8.33333358E-02      132110       56370      132110       56370   4.2692205380241213E+018   74823947.070388794        17078175.108177438        3108104.6927192137        0.0000000000000000        4.2692205380241213E+018   74823947.070388794        17078175.108177438        3108104.6927192137        0.0000000000000000     
 WACCMX_RECV_SOURCE_FLAGS          15           1   8.33333358E-02      188480      132110       53485        2885           0           0      132110       56370      132110       56370      132110      132110      132110      132110
 WACCMX_APPLY_QC          15           1  0.250000000           37696       26354       11342       26354       11342       26354       26354       26354       26354
 WACCMX_APPLY_SOURCE_FLAGS          15           1  0.250000000           37696       26354       10796         546           0           0
 WACCMX_APPLY_BLEND          15           1  0.250000000           37696           1   600.000000       720.000000           26337          17           0       26337          17           0
 WACCMX_APPLY_QC           8           4  0.250000000           37696       26232       11464       26232       11464       26232       26232       26232       26232
 WACCMX_APPLY_SOURCE_FLAGS           8           4  0.250000000           37696       26232       10639         825           0           0
 WACCMX_APPLY_BLEND           8           4  0.250000000           37696           1   600.000000       720.000000           26230           2           0       26230           2           0
 WACCMX_APPLY_QC          13           2  0.250000000           37696       26270       11426       26270       11426       26270       26270       26270       26270
 WACCMX_APPLY_SOURCE_FLAGS          13           2  0.250000000           37696       26270       10885         541           0           0
 WACCMX_APPLY_BLEND          13           2  0.250000000           37696           1   600.000000       720.000000           26256          14           0       26256          14           0
 WACCMX_APPLY_QC           6           5  0.250000000           37696       26166       11530       26166       11530       26166       26166       26166       26166
 WACCMX_APPLY_SOURCE_FLAGS           6           5  0.250000000           37696       26166       10504        1026           0           0
 WACCMX_APPLY_BLEND           6           5  0.250000000           37696           1   600.000000       720.000000           26166           0           0       26166           0           0
 WACCMX_APPLY_QC          11           3  0.250000000           37696       26272       11424       26272       11424       26272       26272       26272       26272
 WACCMX_APPLY_SOURCE_FLAGS          11           3  0.250000000           37696       26272       10789         635           0           0
 WACCMX_APPLY_BLEND          11           3  0.250000000           37696           1   600.000000       720.000000           26265           7           0       26265           7           0
 WACCMX online neutral received: taskid,step,packet_hr=          16           1   8.33333358E-02
 WACCMX_RECV_QC          16           1   8.33333358E-02      132387       56093      132387       56093   4.2546564755926794E+018   76116780.683776855       -87914603.105933800        39222784.156144023        0.0000000000000000        4.2546564755926794E+018   76116780.683776855       -87914603.105933800        39222784.156144023        0.0000000000000000     
 WACCMX_RECV_SOURCE_FLAGS          16           1   8.33333358E-02      188480      132387       52889        3204           0           0      132387       56093      132387       56093      132387      132387      132387      132387
 WACCMX_APPLY_QC          16           1  0.250000000           37696       26457       11239       26457       11239       26457       26457       26457       26457
 WACCMX_APPLY_SOURCE_FLAGS          16           1  0.250000000           37696       26457       10654         585           0           0
 WACCMX_APPLY_BLEND          16           1  0.250000000           37696           1   600.000000       720.000000           26436          21           0       26436          21           0
 WACCMX_APPLY_QC           9           4  0.250000000           37696       26251       11445       26251       11445       26251       26251       26251       26251
 WACCMX_APPLY_SOURCE_FLAGS           9           4  0.250000000           37696       26251       10689         756           0           0
 WACCMX_APPLY_BLEND           9           4  0.250000000           37696           1   600.000000       720.000000           26246           5           0       26246           5           0
 WACCMX_APPLY_QC          14           2  0.250000000           37696       26301       11395       26301       11395       26301       26301       26301       26301
 WACCMX_APPLY_SOURCE_FLAGS          14           2  0.250000000           37696       26301       10844         551           0           0
 WACCMX_APPLY_BLEND          14           2  0.250000000           37696           1   600.000000       720.000000           26286          15           0       26286          15           0
 WACCMX_APPLY_QC           7           5  0.250000000           37696       26200       11496       26200       11496       26200       26200       26200       26200
 WACCMX_APPLY_SOURCE_FLAGS           7           5  0.250000000           37696       26200       10588         908           0           0
 WACCMX_APPLY_BLEND           7           5  0.250000000           37696           1   600.000000       720.000000           26199           1           0       26199           1           0
 WACCMX_APPLY_QC          12           3  0.250000000           37696       26273       11423       26273       11423       26273       26273       26273       26273
 WACCMX_APPLY_SOURCE_FLAGS          12           3  0.250000000           37696       26273       10876         547           0           0
 WACCMX_APPLY_BLEND          12           3  0.250000000           37696           1   600.000000       720.000000           26260          13           0       26260          13           0
 WACCMX online neutral received: taskid,step,packet_hr=          17           1   8.33333358E-02
 WACCMX_RECV_QC          17           1   8.33333358E-02      132497       55983      132497       55983   4.2816360837875712E+018   77105227.912902832       -175068813.48325595        64641676.527012110        0.0000000000000000        4.2816360837875712E+018   77105227.912902832       -175068813.48325595        64641676.527012110        0.0000000000000000     
 WACCMX_RECV_SOURCE_FLAGS          17           1   8.33333358E-02      188480      132497       52318        3665           0           0      132497       55983      132497       55983      132497      132497      132497      132497
 WACCMX_APPLY_QC          17           1  0.250000000           37696       26480       11216       26480       11216       26480       26480       26480       26480
 WACCMX_APPLY_SOURCE_FLAGS          17           1  0.250000000           37696       26480       10541         675           0           0
 WACCMX_APPLY_BLEND          17           1  0.250000000           37696           1   600.000000       720.000000           26458          22           0       26458          22           0
 WACCMX_APPLY_QC          10           4  0.250000000           37696       26283       11413       26283       11413       26283       26283       26283       26283
 WACCMX_APPLY_SOURCE_FLAGS          10           4  0.250000000           37696       26283       10740         673           0           0
 WACCMX_APPLY_BLEND          10           4  0.250000000           37696           1   600.000000       720.000000           26275           8           0       26275           8           0
 WACCMX_APPLY_QC          15           2  0.250000000           37696       26389       11307       26389       11307       26389       26389       26389       26389
 WACCMX_APPLY_SOURCE_FLAGS          15           2  0.250000000           37696       26389       10738         569           0           0
 WACCMX_APPLY_BLEND          15           2  0.250000000           37696           1   600.000000       720.000000           26369          20           0       26369          20           0
 WACCMX_APPLY_QC           8           5  0.250000000           37696       26243       11453       26243       11453       26243       26243       26243       26243
 WACCMX_APPLY_SOURCE_FLAGS           8           5  0.250000000           37696       26243       10654         799           0           0
 WACCMX_APPLY_BLEND           8           5  0.250000000           37696           1   600.000000       720.000000           26240           3           0       26240           3           0
 WACCMX_APPLY_QC          13           3  0.250000000           37696       26277       11419       26277       11419       26277       26277       26277       26277
 WACCMX_APPLY_SOURCE_FLAGS          13           3  0.250000000           37696       26277       10873         546           0           0
 WACCMX_APPLY_BLEND          13           3  0.250000000           37696           1   600.000000       720.000000           26262          15           0       26262          15           0
 WACCMX online neutral received: taskid,step,packet_hr=          18           1   8.33333358E-02
 WACCMX_RECV_QC          18           1   8.33333358E-02      132574       55906      132574       55906   4.3697436727956669E+018   78158368.706527710       -251034566.74089533        98436769.545558736        0.0000000000000000        4.3697436727956669E+018   78158368.706527710       -251034566.74089533        98436769.545558736        0.0000000000000000     
 WACCMX_RECV_SOURCE_FLAGS          18           1   8.33333358E-02      188480      132574       51667        4239           0           0      132574       55906      132574       55906      132574      132574      132574      132574
 WACCMX_APPLY_QC          18           1  0.250000000           37696       26508       11188       26508       11188       26508       26508       26508       26508
 WACCMX_APPLY_SOURCE_FLAGS          18           1  0.250000000           37696       26508       10427         761           0           0
 WACCMX_APPLY_BLEND          18           1  0.250000000           37696           1   600.000000       720.000000           26479          29           0       26479          29           0
 WACCMX_APPLY_QC          11           4  0.250000000           37696       26272       11424       26272       11424       26272       26272       26272       26272
 WACCMX_APPLY_SOURCE_FLAGS          11           4  0.250000000           37696       26272       10818         606           0           0
 WACCMX_APPLY_BLEND          11           4  0.250000000           37696           1   600.000000       720.000000           26266           6           0       26266           6           0
 WACCMX_APPLY_QC          16           2  0.250000000           37696       26481       11215       26481       11215       26481       26481       26481       26481
 WACCMX_APPLY_SOURCE_FLAGS          16           2  0.250000000           37696       26481       10607         608           0           0
 WACCMX_APPLY_BLEND          16           2  0.250000000           37696           1   600.000000       720.000000           26460          21           0       26460          21           0
 WACCMX_APPLY_QC           9           5  0.250000000           37696       26258       11438       26258       11438       26258       26258       26258       26258
 WACCMX_APPLY_SOURCE_FLAGS           9           5  0.250000000           37696       26258       10712         726           0           0
 WACCMX_APPLY_BLEND           9           5  0.250000000           37696           1   600.000000       720.000000           26252           6           0       26252           6           0
 WACCMX_APPLY_QC          14           3  0.250000000           37696       26319       11377       26319       11377       26319       26319       26319       26319
 WACCMX_APPLY_SOURCE_FLAGS          14           3  0.250000000           37696       26319       10833         544           0           0
 WACCMX_APPLY_BLEND          14           3  0.250000000           37696           1   600.000000       720.000000           26304          15           0       26304          15           0
 WACCMX online neutral received: taskid,step,packet_hr=          19           1   8.33333358E-02
 WACCMX_RECV_QC          19           1   8.33333358E-02      132532       55948      132532       55948   4.3614676159930281E+018   79273854.481781006       -267513087.64748770        172286902.44207528        0.0000000000000000        4.3614676159930281E+018   79273854.481781006       -267513087.64748770        172286902.44207528        0.0000000000000000     
 WACCMX_RECV_SOURCE_FLAGS          19           1   8.33333358E-02      188480      132532       51034        4914           0           0      132532       55948      132532       55948      132532      132532      132532      132532
 WACCMX_APPLY_QC          19           1  0.250000000           37696       26519       11177       26519       11177       26519       26519       26519       26519
 WACCMX_APPLY_SOURCE_FLAGS          19           1  0.250000000           37696       26519       10290         887           0           0
 WACCMX_APPLY_BLEND          19           1  0.250000000           37696           1   600.000000       720.000000           26485          34           0       26485          34           0
 WACCMX_APPLY_QC          12           4  0.250000000           37696       26270       11426       26270       11426       26270       26270       26270       26270
 WACCMX_APPLY_SOURCE_FLAGS          12           4  0.250000000           37696       26270       10887         539           0           0
 WACCMX_APPLY_BLEND          12           4  0.250000000           37696           1   600.000000       720.000000           26256          14           0       26256          14           0
 WACCMX_APPLY_QC          17           2  0.250000000           37696       26496       11200       26496       11200       26496       26496       26496       26496
 WACCMX_APPLY_SOURCE_FLAGS          17           2  0.250000000           37696       26496       10506         694           0           0
 WACCMX_APPLY_BLEND          17           2  0.250000000           37696           1   600.000000       720.000000           26472          24           0       26472          24           0
 WACCMX_APPLY_QC          10           5  0.250000000           37696       26280       11416       26280       11416       26280       26280       26280       26280
 WACCMX_APPLY_SOURCE_FLAGS          10           5  0.250000000           37696       26280       10752         664           0           0
 WACCMX_APPLY_BLEND          10           5  0.250000000           37696           1   600.000000       720.000000           26272           8           0       26272           8           0
 WACCMX_APPLY_QC          15           3  0.250000000           37696       26429       11267       26429       11267       26429       26429       26429       26429
 WACCMX_APPLY_SOURCE_FLAGS          15           3  0.250000000           37696       26429       10690         577           0           0
 WACCMX_APPLY_BLEND          15           3  0.250000000           37696           1   600.000000       720.000000           26408          21           0       26408          21           0
 WACCMX online neutral received: taskid,step,packet_hr=          20           1   8.33333358E-02
 WACCMX_RECV_QC          20           1   8.33333358E-02      132373       56107      132373       56107   4.3468424683380204E+018   80307605.623413086       -263865683.89317602        264375644.73484910        0.0000000000000000        4.3468424683380204E+018   80307605.623413086       -263865683.89317602        264375644.73484910        0.0000000000000000     
 WACCMX_RECV_SOURCE_FLAGS          20           1   8.33333358E-02      188480      132373       50420        5687           0           0      132373       56107      132373       56107      132373      132373      132373      132373
 WACCMX_APPLY_QC          20           1  0.250000000           37696       26499       11197       26499       11197       26499       26499       26499       26499
 WACCMX_APPLY_SOURCE_FLAGS          20           1  0.250000000           37696       26499       10161        1036           0           0
 WACCMX_APPLY_BLEND          20           1  0.250000000           37696           1   600.000000       720.000000           26470          29           0       26470          29           0
 WACCMX_APPLY_QC          13           4  0.250000000           37696       26292       11404       26292       11404       26292       26292       26292       26292
 WACCMX_APPLY_SOURCE_FLAGS          13           4  0.250000000           37696       26292       10866         538           0           0
 WACCMX_APPLY_BLEND          13           4  0.250000000           37696           1   600.000000       720.000000           26277          15           0       26277          15           0
 WACCMX_APPLY_QC          18           2  0.250000000           37696       26510       11186       26510       11186       26510       26510       26510       26510
 WACCMX_APPLY_SOURCE_FLAGS          18           2  0.250000000           37696       26510       10375         811           0           0
 WACCMX_APPLY_BLEND          18           2  0.250000000           37696           1   600.000000       720.000000           26479          31           0       26479          31           0
 WACCMX_APPLY_QC          11           5  0.250000000           37696       26265       11431       26265       11431       26265       26265       26265       26265
 WACCMX_APPLY_SOURCE_FLAGS          11           5  0.250000000           37696       26265       10850         581           0           0
 WACCMX_APPLY_BLEND          11           5  0.250000000           37696           1   600.000000       720.000000           26257           8           0       26257           8           0
 WACCMX_APPLY_QC          16           3  0.250000000           37696       26473       11223       26473       11223       26473       26473       26473       26473
 WACCMX_APPLY_SOURCE_FLAGS          16           3  0.250000000           37696       26473       10581         642           0           0
 WACCMX_APPLY_BLEND          16           3  0.250000000           37696           1   600.000000       720.000000           26452          21           0       26452          21           0
 WACCMX online neutral received: taskid,step,packet_hr=          21           1   8.33333358E-02
 WACCMX_RECV_QC          21           1   8.33333358E-02      132140       56340      132140       56340   4.4119125132763689E+018   81252848.179641724       -329588175.96325034        282969134.90138912        0.0000000000000000        4.4119125132763689E+018   81252848.179641724       -329588175.96325034        282969134.90138912        0.0000000000000000     
 WACCMX_RECV_SOURCE_FLAGS          21           1   8.33333358E-02      188480      132140       49850        6490           0           0      132140       56340      132140       56340      132140      132140      132140      132140
 WACCMX_APPLY_QC          21           1  0.250000000           37696       26463       11233       26463       11233       26463       26463       26463       26463
 WACCMX_APPLY_SOURCE_FLAGS          21           1  0.250000000           37696       26463       10044        1189           0           0
 WACCMX_APPLY_BLEND          21           1  0.250000000           37696           1   600.000000       720.000000           26445          18           0       26445          18           0
 WACCMX_APPLY_QC          14           4  0.250000000           37696       26354       11342       26354       11342       26354       26354       26354       26354
 WACCMX_APPLY_SOURCE_FLAGS          14           4  0.250000000           37696       26354       10796         546           0           0
 WACCMX_APPLY_BLEND          14           4  0.250000000           37696           1   600.000000       720.000000           26337          17           0       26337          17           0
 WACCMX_APPLY_QC          19           2  0.250000000           37696       26519       11177       26519       11177       26519       26519       26519       26519
 WACCMX_APPLY_SOURCE_FLAGS          19           2  0.250000000           37696       26519       10251         926           0           0
 WACCMX_APPLY_BLEND          19           2  0.250000000           37696           1   600.000000       720.000000           26484          35           0       26484          35           0
 WACCMX_APPLY_QC          12           5  0.250000000           37696       26270       11426       26270       11426       26270       26270       26270       26270
 WACCMX_APPLY_SOURCE_FLAGS          12           5  0.250000000           37696       26270       10885         541           0           0
 WACCMX_APPLY_BLEND          12           5  0.250000000           37696           1   600.000000       720.000000           26256          14           0       26256          14           0
 WACCMX_APPLY_QC          17           3  0.250000000           37696       26503       11193       26503       11193       26503       26503       26503       26503
 WACCMX_APPLY_SOURCE_FLAGS          17           3  0.250000000           37696       26503       10469         724           0           0
 WACCMX_APPLY_BLEND          17           3  0.250000000           37696           1   600.000000       720.000000           26477          26           0       26477          26           0
 WACCMX online neutral received: taskid,step,packet_hr=          22           1   8.33333358E-02
 WACCMX_RECV_QC          22           1   8.33333358E-02      131974       56506      131974       56506   4.4997322623013207E+018   82308395.573822021       -414062806.48725671        228576615.65446272        0.0000000000000000        4.4997322623013207E+018   82308395.573822021       -414062806.48725671        228576615.65446272        0.0000000000000000     
 WACCMX_RECV_SOURCE_FLAGS          22           1   8.33333358E-02      188480      131974       49402        7104           0           0      131974       56506      131974       56506      131974      131974      131974      131974
 WACCMX_APPLY_QC          22           1  0.250000000           37696       26409       11287       26409       11287       26409       26409       26409       26409
 WACCMX_APPLY_SOURCE_FLAGS          22           1  0.250000000           37696       26409        9935        1352           0           0
 WACCMX_APPLY_BLEND          22           1  0.250000000           37696           1   600.000000       720.000000           26396          13           0       26396          13           0
 WACCMX_APPLY_QC          15           4  0.250000000           37696       26457       11239       26457       11239       26457       26457       26457       26457
 WACCMX_APPLY_SOURCE_FLAGS          15           4  0.250000000           37696       26457       10654         585           0           0
 WACCMX_APPLY_BLEND          15           4  0.250000000           37696           1   600.000000       720.000000           26436          21           0       26436          21           0
 WACCMX_APPLY_QC          20           2  0.250000000           37696       26487       11209       26487       11209       26487       26487       26487       26487
 WACCMX_APPLY_SOURCE_FLAGS          20           2  0.250000000           37696       26487       10128        1081           0           0
 WACCMX_APPLY_BLEND          20           2  0.250000000           37696           1   600.000000       720.000000           26464          23           0       26464          23           0
 WACCMX_APPLY_QC          13           5  0.250000000           37696       26301       11395       26301       11395       26301       26301       26301       26301
 WACCMX_APPLY_SOURCE_FLAGS          13           5  0.250000000           37696       26301       10844         551           0           0
 WACCMX_APPLY_BLEND          13           5  0.250000000           37696           1   600.000000       720.000000           26286          15           0       26286          15           0
 WACCMX_APPLY_QC          18           3  0.250000000           37696       26518       11178       26518       11178       26518       26518       26518       26518
 WACCMX_APPLY_SOURCE_FLAGS          18           3  0.250000000           37696       26518       10324         854           0           0
 WACCMX_APPLY_BLEND          18           3  0.250000000           37696           1   600.000000       720.000000           26483          35           0       26483          35           0
 WACCMX online neutral received: taskid,step,packet_hr=          23           1   8.33333358E-02
 WACCMX_RECV_QC          23           1   8.33333358E-02      131978       56502      131978       56502   4.5912254101191086E+018   83401798.108673096       -471651795.10759938        189955302.33090174        0.0000000000000000        4.5912254101191086E+018   83401798.108673096       -471651795.10759938        189955302.33090174        0.0000000000000000     
 WACCMX_RECV_SOURCE_FLAGS          23           1   8.33333358E-02      188480      131978       49051        7451           0           0      131978       56502      131978       56502      131978      131978      131978      131978
 WACCMX_APPLY_QC          23           1  0.250000000           37696       26390       11306       26390       11306       26390       26390       26390       26390
 WACCMX_APPLY_SOURCE_FLAGS          23           1  0.250000000           37696       26390        9853        1453           0           0
 WACCMX_APPLY_BLEND          23           1  0.250000000           37696           1   600.000000       720.000000           26381           9           0       26381           9           0
 WACCMX_APPLY_QC          16           4  0.250000000           37696       26480       11216       26480       11216       26480       26480       26480       26480
 WACCMX_APPLY_SOURCE_FLAGS          16           4  0.250000000           37696       26480       10541         675           0           0
 WACCMX_APPLY_BLEND          16           4  0.250000000           37696           1   600.000000       720.000000           26458          22           0       26458          22           0
 WACCMX_APPLY_QC          21           2  0.250000000           37696       26445       11251       26445       11251       26445       26445       26445       26445
 WACCMX_APPLY_SOURCE_FLAGS          21           2  0.250000000           37696       26445        9999        1252           0           0
 WACCMX_APPLY_BLEND          21           2  0.250000000           37696           1   600.000000       720.000000           26428          17           0       26428          17           0
 WACCMX_APPLY_QC          14           5  0.250000000           37696       26389       11307       26389       11307       26389       26389       26389       26389
 WACCMX_APPLY_SOURCE_FLAGS          14           5  0.250000000           37696       26389       10738         569           0           0
 WACCMX_APPLY_BLEND          14           5  0.250000000           37696           1   600.000000       720.000000           26369          20           0       26369          20           0
 WACCMX_APPLY_QC          19           3  0.250000000           37696       26508       11188       26508       11188       26508       26508       26508       26508
 WACCMX_APPLY_SOURCE_FLAGS          19           3  0.250000000           37696       26508       10204         984           0           0
 WACCMX_APPLY_BLEND          19           3  0.250000000           37696           1   600.000000       720.000000           26476          32           0       26476          32           0
 WACCMX online neutral received: taskid,step,packet_hr=          24           1   8.33333358E-02
 WACCMX_RECV_QC          24           1   8.33333358E-02      132105       56375      132105       56375   4.7295715919755960E+018   84344374.102035522       -493534651.95760417        147752671.38918602        0.0000000000000000        4.7295715919755960E+018   84344374.102035522       -493534651.95760417        147752671.38918602        0.0000000000000000     
 WACCMX_RECV_SOURCE_FLAGS          24           1   8.33333358E-02      188480      132105       48775        7600           0           0      132105       56375      132105       56375      132105      132105      132105      132105
 WACCMX_APPLY_QC          24           1  0.250000000           37696       26399       11297       26399       11297       26399       26399       26399       26399
 WACCMX_APPLY_SOURCE_FLAGS          24           1  0.250000000           37696       26399        9790        1507           0           0
 WACCMX_APPLY_BLEND          24           1  0.250000000           37696           1   600.000000       720.000000           26395           4           0       26395           4           0
 WACCMX_APPLY_QC          17           4  0.250000000           37696       26508       11188       26508       11188       26508       26508       26508       26508
 WACCMX_APPLY_SOURCE_FLAGS          17           4  0.250000000           37696       26508       10427         761           0           0
 WACCMX_APPLY_BLEND          17           4  0.250000000           37696           1   600.000000       720.000000           26479          29           0       26479          29           0
 WACCMX_APPLY_QC          22           2  0.250000000           37696       26396       11300       26396       11300       26396       26396       26396       26396
 WACCMX_APPLY_SOURCE_FLAGS          22           2  0.250000000           37696       26396        9909        1391           0           0
 WACCMX_APPLY_BLEND          22           2  0.250000000           37696           1   600.000000       720.000000           26384          12           0       26384          12           0
 WACCMX_APPLY_QC          15           5  0.250000000           37696       26481       11215       26481       11215       26481       26481       26481       26481
 WACCMX_APPLY_SOURCE_FLAGS          15           5  0.250000000           37696       26481       10607         608           0           0
 WACCMX_APPLY_BLEND          15           5  0.250000000           37696           1   600.000000       720.000000           26460          21           0       26460          21           0
 WACCMX_APPLY_QC          20           3  0.250000000           37696       26479       11217       26479       11217       26479       26479       26479       26479
 WACCMX_APPLY_SOURCE_FLAGS          20           3  0.250000000           37696       26479       10088        1129           0           0
 WACCMX_APPLY_BLEND          20           3  0.250000000           37696           1   600.000000       720.000000           26457          22           0       26457          22           0
 WACCMX online neutral received: taskid,step,packet_hr=          25           1   8.33333358E-02
 WACCMX_RECV_QC          25           1   8.33333358E-02      132176       56304      132176       56304   4.9151762649047777E+018   84791547.430618286       -440789676.70501405        149315888.71112198        0.0000000000000000        4.9151762649047777E+018   84791547.430618286       -440789676.70501405        149315888.71112198        0.0000000000000000     
 WACCMX_RECV_SOURCE_FLAGS          25           1   8.33333358E-02      188480      132176       48581        7723           0           0      132176       56304      132176       56304      132176      132176      132176      132176
 WACCMX_APPLY_QC          25           1  0.250000000           37696       26429       11267       26429       11267       26429       26429       26429       26429
 WACCMX_APPLY_SOURCE_FLAGS          25           1  0.250000000           37696       26429        9740        1527           0           0
 WACCMX_APPLY_BLEND          25           1  0.250000000           37696           1   600.000000       720.000000           26428           1           0       26428           1           0
 WACCMX_APPLY_QC          18           4  0.250000000           37696       26519       11177       26519       11177       26519       26519       26519       26519
 WACCMX_APPLY_SOURCE_FLAGS          18           4  0.250000000           37696       26519       10290         887           0           0
 WACCMX_APPLY_BLEND          18           4  0.250000000           37696           1   600.000000       720.000000           26485          34           0       26485          34           0
 WACCMX_APPLY_QC          23           2  0.250000000           37696       26384       11312       26384       11312       26384       26384       26384       26384
 WACCMX_APPLY_SOURCE_FLAGS          23           2  0.250000000           37696       26384        9830        1482           0           0
 WACCMX_APPLY_BLEND          23           2  0.250000000           37696           1   600.000000       720.000000           26377           7           0       26377           7           0
 WACCMX_APPLY_QC          16           5  0.250000000           37696       26496       11200       26496       11200       26496       26496       26496       26496
 WACCMX_APPLY_SOURCE_FLAGS          16           5  0.250000000           37696       26496       10506         694           0           0
 WACCMX_APPLY_BLEND          16           5  0.250000000           37696           1   600.000000       720.000000           26472          24           0       26472          24           0
 WACCMX_APPLY_QC          21           3  0.250000000           37696       26427       11269       26427       11269       26427       26427       26427       26427
 WACCMX_APPLY_SOURCE_FLAGS          21           3  0.250000000           37696       26427        9963        1306           0           0
 WACCMX_APPLY_BLEND          21           3  0.250000000           37696           1   600.000000       720.000000           26413          14           0       26413          14           0
 WACCMX online neutral received: taskid,step,packet_hr=          26           1   8.33333358E-02
 WACCMX_RECV_QC          26           1   8.33333358E-02      132140       56340      132140       56340   4.9552465491881994E+018   84873212.473068237       -332445193.94456714        180444281.87055388        0.0000000000000000        4.9552465491881994E+018   84873212.473068237       -332445193.94456714        180444281.87055388        0.0000000000000000     
 WACCMX_RECV_SOURCE_FLAGS          26           1   8.33333358E-02      188480      132140       48538        7802           0           0      132140       56340      132140       56340      132140      132140      132140      132140
 WACCMX_APPLY_QC          26           1  0.250000000           37696       26433       11263       26433       11263       26433       26433       26433       26433
 WACCMX_APPLY_SOURCE_FLAGS          26           1  0.250000000           37696       26433        9703        1560           0           0
 WACCMX_APPLY_BLEND          26           1  0.250000000           37696           1   600.000000       720.000000           26433           0           0       26433           0           0
 WACCMX_APPLY_QC          19           4  0.250000000           37696       26499       11197       26499       11197       26499       26499       26499       26499
 WACCMX_APPLY_SOURCE_FLAGS          19           4  0.250000000           37696       26499       10161        1036           0           0
 WACCMX_APPLY_BLEND          19           4  0.250000000           37696           1   600.000000       720.000000           26470          29           0       26470          29           0
 WACCMX_APPLY_QC          24           2  0.250000000           37696       26413       11283       26413       11283       26413       26413       26413       26413
 WACCMX_APPLY_SOURCE_FLAGS          24           2  0.250000000           37696       26413        9769        1514           0           0
 WACCMX_APPLY_BLEND          24           2  0.250000000           37696           1   600.000000       720.000000           26410           3           0       26410           3           0
 WACCMX_APPLY_QC          17           5  0.250000000           37696       26510       11186       26510       11186       26510       26510       26510       26510
 WACCMX_APPLY_SOURCE_FLAGS          17           5  0.250000000           37696       26510       10375         811           0           0
 WACCMX_APPLY_BLEND          17           5  0.250000000           37696           1   600.000000       720.000000           26479          31           0       26479          31           0
 WACCMX_APPLY_QC          22           3  0.250000000           37696       26395       11301       26395       11301       26395       26395       26395       26395
 WACCMX_APPLY_SOURCE_FLAGS          22           3  0.250000000           37696       26395        9875        1426           0           0
 WACCMX_APPLY_BLEND          22           3  0.250000000           37696           1   600.000000       720.000000           26385          10           0       26385          10           0
 WACCMX online neutral received: taskid,step,packet_hr=          27           1   8.33333358E-02
 WACCMX_RECV_QC          27           1   8.33333358E-02      132048       56432      132048       56432   4.8411761234154854E+018   84775752.262420654       -220333197.75084704        173360971.07593742        0.0000000000000000        4.8411761234154854E+018   84775752.262420654       -220333197.75084704        173360971.07593742        0.0000000000000000     
 WACCMX_RECV_SOURCE_FLAGS          27           1   8.33333358E-02      188480      132048       48613        7819           0           0      132048       56432      132048       56432      132048      132048      132048      132048
 WACCMX_APPLY_QC          27           1  0.250000000           37696       26422       11274       26422       11274       26422       26422       26422       26422
 WACCMX_APPLY_SOURCE_FLAGS          27           1  0.250000000           37696       26422        9710        1564           0           0
 WACCMX_APPLY_BLEND          27           1  0.250000000           37696           1   600.000000       720.000000           26422           0           0       26422           0           0
 WACCMX_APPLY_QC          20           4  0.250000000           37696       26463       11233       26463       11233       26463       26463       26463       26463
 WACCMX_APPLY_SOURCE_FLAGS          20           4  0.250000000           37696       26463       10044        1189           0           0
 WACCMX_APPLY_BLEND          20           4  0.250000000           37696           1   600.000000       720.000000           26445          18           0       26445          18           0
 WACCMX_APPLY_QC          25           2  0.250000000           37696       26438       11258       26438       11258       26438       26438       26438       26438
 WACCMX_APPLY_SOURCE_FLAGS          25           2  0.250000000           37696       26438        9725        1533           0           0
 WACCMX_APPLY_BLEND          25           2  0.250000000           37696           1   600.000000       720.000000           26437           1           0       26437           1           0
 WACCMX_APPLY_QC          18           5  0.250000000           37696       26519       11177       26519       11177       26519       26519       26519       26519
 WACCMX_APPLY_SOURCE_FLAGS          18           5  0.250000000           37696       26519       10251         926           0           0
 WACCMX_APPLY_BLEND          18           5  0.250000000           37696           1   600.000000       720.000000           26484          35           0       26484          35           0
 WACCMX_APPLY_QC          23           3  0.250000000           37696       26392       11304       26392       11304       26392       26392       26392       26392
 WACCMX_APPLY_SOURCE_FLAGS          23           3  0.250000000           37696       26392        9809        1495           0           0
 WACCMX_APPLY_BLEND          23           3  0.250000000           37696           1   600.000000       720.000000           26386           6           0       26386           6           0
 WACCMX online neutral received: taskid,step,packet_hr=          28           1   8.33333358E-02
 WACCMX_RECV_QC          28           1   8.33333358E-02      131949       56531      131949       56531   4.7043744028328581E+018   84589762.484405518       -151146663.50522870        127375943.59697190        0.0000000000000000        4.7043744028328581E+018   84589762.484405518       -151146663.50522870        127375943.59697190        0.0000000000000000     
 WACCMX_RECV_SOURCE_FLAGS          28           1   8.33333358E-02      188480      131949       48710        7821           0           0      131949       56531      131949       56531      131949      131949      131949      131949
 WACCMX_APPLY_QC          28           1  0.250000000           37696       26401       11295       26401       11295       26401       26401       26401       26401
 WACCMX_APPLY_SOURCE_FLAGS          28           1  0.250000000           37696       26401        9729        1566           0           0
 WACCMX_APPLY_BLEND          28           1  0.250000000           37696           1   600.000000       720.000000           26401           0           0       26401           0           0
 WACCMX_APPLY_QC          21           4  0.250000000           37696       26409       11287       26409       11287       26409       26409       26409       26409
 WACCMX_APPLY_SOURCE_FLAGS          21           4  0.250000000           37696       26409        9935        1352           0           0
 WACCMX_APPLY_BLEND          21           4  0.250000000           37696           1   600.000000       720.000000           26396          13           0       26396          13           0
 WACCMX_APPLY_QC          26           2  0.250000000           37696       26436       11260       26436       11260       26436       26436       26436       26436
 WACCMX_APPLY_SOURCE_FLAGS          26           2  0.250000000           37696       26436        9701        1559           0           0
 WACCMX_APPLY_BLEND          26           2  0.250000000           37696           1   600.000000       720.000000           26436           0           0       26436           0           0
 WACCMX_APPLY_QC          19           5  0.250000000           37696       26487       11209       26487       11209       26487       26487       26487       26487
 WACCMX_APPLY_SOURCE_FLAGS          19           5  0.250000000           37696       26487       10128        1081           0           0
 WACCMX_APPLY_BLEND          19           5  0.250000000           37696           1   600.000000       720.000000           26464          23           0       26464          23           0
 WACCMX_APPLY_QC          24           3  0.250000000           37696       26426       11270       26426       11270       26426       26426       26426       26426
 WACCMX_APPLY_SOURCE_FLAGS          24           3  0.250000000           37696       26426        9751        1519           0           0
 WACCMX_APPLY_BLEND          24           3  0.250000000           37696           1   600.000000       720.000000           26423           3           0       26423           3           0
 WACCMX online neutral received: taskid,step,packet_hr=          29           1   8.33333358E-02
 WACCMX_RECV_QC          29           1   8.33333358E-02      131850       56630      131850       56630   4.6268708519274260E+018   84179266.451934814       -90374950.638907909        118766140.74492091        0.0000000000000000        4.6268708519274260E+018   84179266.451934814       -90374950.638907909        118766140.74492091        0.0000000000000000     
 WACCMX_RECV_SOURCE_FLAGS          29           1   8.33333358E-02      188480      131850       48878        7752           0           0      131850       56630      131850       56630      131850      131850      131850      131850
 WACCMX_APPLY_QC          29           1  0.250000000           37696       26383       11313       26383       11313       26383       26383       26383       26383
 WACCMX_APPLY_SOURCE_FLAGS          29           1  0.250000000           37696       26383        9750        1563           0           0
 WACCMX_APPLY_BLEND          29           1  0.250000000           37696           1   600.000000       720.000000           26383           0           0       26383           0           0
 WACCMX_APPLY_QC          22           4  0.250000000           37696       26390       11306       26390       11306       26390       26390       26390       26390
 WACCMX_APPLY_SOURCE_FLAGS          22           4  0.250000000           37696       26390        9853        1453           0           0
 WACCMX_APPLY_BLEND          22           4  0.250000000           37696           1   600.000000       720.000000           26381           9           0       26381           9           0
 WACCMX_APPLY_QC          27           2  0.250000000           37696       26416       11280       26416       11280       26416       26416       26416       26416
 WACCMX_APPLY_SOURCE_FLAGS          27           2  0.250000000           37696       26416        9717        1563           0           0
 WACCMX_APPLY_BLEND          27           2  0.250000000           37696           1   600.000000       720.000000           26416           0           0       26416           0           0
 WACCMX_APPLY_QC          20           5  0.250000000           37696       26445       11251       26445       11251       26445       26445       26445       26445
 WACCMX_APPLY_SOURCE_FLAGS          20           5  0.250000000           37696       26445        9999        1252           0           0
 WACCMX_APPLY_BLEND          20           5  0.250000000           37696           1   600.000000       720.000000           26428          17           0       26428          17           0
 WACCMX_APPLY_QC          25           3  0.250000000           37696       26440       11256       26440       11256       26440       26440       26440       26440
 WACCMX_APPLY_SOURCE_FLAGS          25           3  0.250000000           37696       26440        9712        1544           0           0
 WACCMX_APPLY_BLEND          25           3  0.250000000           37696           1   600.000000       720.000000           26439           1           0       26439           1           0
 WACCMX online neutral received: taskid,step,packet_hr=          30           1   8.33333358E-02
 WACCMX_RECV_QC          30           1   8.33333358E-02      131698       56782      131698       56782   4.5987490569372815E+018   83387945.124618530       -29370494.648254007        142592125.74388731        0.0000000000000000        4.5987490569372815E+018   83387945.124618530       -29370494.648254007        142592125.74388731        0.0000000000000000     
 WACCMX_RECV_SOURCE_FLAGS          30           1   8.33333358E-02      188480      131698       49198        7584           0           0      131698       56782      131698       56782      131698      131698      131698      131698
 WACCMX_APPLY_QC          30           1  0.250000000           37696       26361       11335       26361       11335       26361       26361       26361       26361
 WACCMX_APPLY_SOURCE_FLAGS          30           1  0.250000000           37696       26361        9783        1552           0           0
 WACCMX_APPLY_BLEND          30           1  0.250000000           37696           1   600.000000       720.000000           26361           0           0       26361           0           0
 WACCMX_APPLY_QC          23           4  0.250000000           37696       26399       11297       26399       11297       26399       26399       26399       26399
 WACCMX_APPLY_SOURCE_FLAGS          23           4  0.250000000           37696       26399        9790        1507           0           0
 WACCMX_APPLY_BLEND          23           4  0.250000000           37696           1   600.000000       720.000000           26395           4           0       26395           4           0
 WACCMX_APPLY_QC          28           2  0.250000000           37696       26397       11299       26397       11299       26397       26397       26397       26397
 WACCMX_APPLY_SOURCE_FLAGS          28           2  0.250000000           37696       26397        9730        1569           0           0
 WACCMX_APPLY_BLEND          28           2  0.250000000           37696           1   600.000000       720.000000           26397           0           0       26397           0           0
 WACCMX_APPLY_QC          21           5  0.250000000           37696       26396       11300       26396       11300       26396       26396       26396       26396
 WACCMX_APPLY_SOURCE_FLAGS          21           5  0.250000000           37696       26396        9909        1391           0           0
 WACCMX_APPLY_BLEND          21           5  0.250000000           37696           1   600.000000       720.000000           26384          12           0       26384          12           0
 WACCMX_APPLY_QC          26           3  0.250000000           37696       26433       11263       26433       11263       26433       26433       26433       26433
 WACCMX_APPLY_SOURCE_FLAGS          26           3  0.250000000           37696       26433        9707        1556           0           0
 WACCMX_APPLY_BLEND          26           3  0.250000000           37696           1   600.000000       720.000000           26433           0           0       26433           0           0
 WACCMX online neutral received: taskid,step,packet_hr=          31           1   8.33333358E-02
 WACCMX_RECV_QC          31           1   8.33333358E-02      131559       56921      131559       56921   4.5897010529828152E+018   82267000.360183716        41754648.038872257        188962733.54435977        0.0000000000000000        4.5897010529828152E+018   82267000.360183716        41754648.038872257        188962733.54435977        0.0000000000000000     
 WACCMX_RECV_SOURCE_FLAGS          31           1   8.33333358E-02      188480      131559       49686        7235           0           0      131559       56921      131559       56921      131559      131559      131559      131559
 WACCMX_APPLY_QC          31           1  0.250000000           37696       26325       11371       26325       11371       26325       26325       26325       26325
 WACCMX_APPLY_SOURCE_FLAGS          31           1  0.250000000           37696       26325        9866        1505           0           0
 WACCMX_APPLY_BLEND          31           1  0.250000000           37696           1   600.000000       720.000000           26325           0           0       26325           0           0
 WACCMX_APPLY_QC          24           4  0.250000000           37696       26429       11267       26429       11267       26429       26429       26429       26429
 WACCMX_APPLY_SOURCE_FLAGS          24           4  0.250000000           37696       26429        9740        1527           0           0
 WACCMX_APPLY_BLEND          24           4  0.250000000           37696           1   600.000000       720.000000           26428           1           0       26428           1           0
 WACCMX_APPLY_QC          29           2  0.250000000           37696       26379       11317       26379       11317       26379       26379       26379       26379
 WACCMX_APPLY_SOURCE_FLAGS          29           2  0.250000000           37696       26379        9761        1556           0           0
 WACCMX_APPLY_BLEND          29           2  0.250000000           37696           1   600.000000       720.000000           26379           0           0       26379           0           0
 WACCMX_APPLY_QC          22           5  0.250000000           37696       26384       11312       26384       11312       26384       26384       26384       26384
 WACCMX_APPLY_SOURCE_FLAGS          22           5  0.250000000           37696       26384        9830        1482           0           0
 WACCMX_APPLY_BLEND          22           5  0.250000000           37696           1   600.000000       720.000000           26377           7           0       26377           7           0
 WACCMX_APPLY_QC          27           3  0.250000000           37696       26412       11284       26412       11284       26412       26412       26412       26412
 WACCMX_APPLY_SOURCE_FLAGS          27           3  0.250000000           37696       26412        9727        1557           0           0
 WACCMX_APPLY_BLEND          27           3  0.250000000           37696           1   600.000000       720.000000           26412           0           0       26412           0           0
 WACCMX online neutral received: taskid,step,packet_hr=          32           1   8.33333358E-02
 WACCMX_RECV_QC          32           1   8.33333358E-02      131362       57118      131362       57118   4.3392569742549140E+018   80806935.395690918        107408254.30387372        249356673.71959451        0.0000000000000000        4.3392569742549140E+018   80806935.395690918        107408254.30387372        249356673.71959451        0.0000000000000000     
 WACCMX_RECV_SOURCE_FLAGS          32           1   8.33333358E-02      188480      131362       50372        6746           0           0      131362       57118      131362       57118      131362      131362      131362      131362
 WACCMX_APPLY_QC          32           1  0.250000000           37696       26307       11389       26307       11389       26307       26307       26307       26307
 WACCMX_APPLY_SOURCE_FLAGS          32           1  0.250000000           37696       26307        9970        1419           0           0
 WACCMX_APPLY_BLEND          32           1  0.250000000           37696           1   600.000000       720.000000           26307           0           0       26307           0           0
 WACCMX_APPLY_QC          25           4  0.250000000           37696       26433       11263       26433       11263       26433       26433       26433       26433
 WACCMX_APPLY_SOURCE_FLAGS          25           4  0.250000000           37696       26433        9703        1560           0           0
 WACCMX_APPLY_BLEND          25           4  0.250000000           37696           1   600.000000       720.000000           26433           0           0       26433           0           0
 WACCMX_APPLY_QC          30           2  0.250000000           37696       26353       11343       26353       11343       26353       26353       26353       26353
 WACCMX_APPLY_SOURCE_FLAGS          30           2  0.250000000           37696       26353        9813        1530           0           0
 WACCMX_APPLY_BLEND          30           2  0.250000000           37696           1   600.000000       720.000000           26353           0           0       26353           0           0
 WACCMX_APPLY_QC          23           5  0.250000000           37696       26413       11283       26413       11283       26413       26413       26413       26413
 WACCMX_APPLY_SOURCE_FLAGS          23           5  0.250000000           37696       26413        9769        1514           0           0
 WACCMX_APPLY_BLEND          23           5  0.250000000           37696           1   600.000000       720.000000           26410           3           0       26410           3           0
 WACCMX_APPLY_QC          28           3  0.250000000           37696       26389       11307       26389       11307       26389       26389       26389       26389
 WACCMX_APPLY_SOURCE_FLAGS          28           3  0.250000000           37696       26389        9740        1567           0           0
 WACCMX_APPLY_BLEND          28           3  0.250000000           37696           1   600.000000       720.000000           26389           0           0       26389           0           0
 WACCMX_APPLY_QC          26           4  0.250000000           37696       26422       11274       26422       11274       26422       26422       26422       26422
 WACCMX_APPLY_SOURCE_FLAGS          26           4  0.250000000           37696       26422        9710        1564           0           0
 WACCMX_APPLY_BLEND          26           4  0.250000000           37696           1   600.000000       720.000000           26422           0           0       26422           0           0
 WACCMX_APPLY_QC          31           2  0.250000000           37696       26321       11375       26321       11375       26321       26321       26321       26321
 WACCMX_APPLY_SOURCE_FLAGS          31           2  0.250000000           37696       26321        9897        1478           0           0
 WACCMX_APPLY_BLEND          31           2  0.250000000           37696           1   600.000000       720.000000           26321           0           0       26321           0           0
 WACCMX_APPLY_QC          24           5  0.250000000           37696       26438       11258       26438       11258       26438       26438       26438       26438
 WACCMX_APPLY_SOURCE_FLAGS          24           5  0.250000000           37696       26438        9725        1533           0           0
 WACCMX_APPLY_BLEND          24           5  0.250000000           37696           1   600.000000       720.000000           26437           1           0       26437           1           0
 WACCMX_APPLY_QC          29           3  0.250000000           37696       26374       11322       26374       11322       26374       26374       26374       26374
 WACCMX_APPLY_SOURCE_FLAGS          29           3  0.250000000           37696       26374        9771        1551           0           0
 WACCMX_APPLY_BLEND          29           3  0.250000000           37696           1   600.000000       720.000000           26374           0           0       26374           0           0
 WACCMX_APPLY_QC          27           4  0.250000000           37696       26401       11295       26401       11295       26401       26401       26401       26401
 WACCMX_APPLY_SOURCE_FLAGS          27           4  0.250000000           37696       26401        9729        1566           0           0
 WACCMX_APPLY_BLEND          27           4  0.250000000           37696           1   600.000000       720.000000           26401           0           0       26401           0           0
 WACCMX_APPLY_QC          32           2  0.250000000           37696       26291       11405       26291       11405       26291       26291       26291       26291
 WACCMX_APPLY_SOURCE_FLAGS          32           2  0.250000000           37696       26291       10019        1386           0           0
 WACCMX_APPLY_BLEND          32           2  0.250000000           37696           1   600.000000       720.000000           26291           0           0       26291           0           0
 WACCMX_APPLY_QC          25           5  0.250000000           37696       26436       11260       26436       11260       26436       26436       26436       26436
 WACCMX_APPLY_SOURCE_FLAGS          25           5  0.250000000           37696       26436        9701        1559           0           0
 WACCMX_APPLY_BLEND          25           5  0.250000000           37696           1   600.000000       720.000000           26436           0           0       26436           0           0
 WACCMX_APPLY_QC          30           3  0.250000000           37696       26338       11358       26338       11358       26338       26338       26338       26338
 WACCMX_APPLY_SOURCE_FLAGS          30           3  0.250000000           37696       26338        9839        1519           0           0
 WACCMX_APPLY_BLEND          30           3  0.250000000           37696           1   600.000000       720.000000           26338           0           0       26338           0           0
 WACCMX_APPLY_QC          28           4  0.250000000           37696       26383       11313       26383       11313       26383       26383       26383       26383
 WACCMX_APPLY_SOURCE_FLAGS          28           4  0.250000000           37696       26383        9750        1563           0           0
 WACCMX_APPLY_BLEND          28           4  0.250000000           37696           1   600.000000       720.000000           26383           0           0       26383           0           0
 WACCMX_APPLY_QC          26           5  0.250000000           37696       26416       11280       26416       11280       26416       26416       26416       26416
 WACCMX_APPLY_SOURCE_FLAGS          26           5  0.250000000           37696       26416        9717        1563           0           0
 WACCMX_APPLY_BLEND          26           5  0.250000000           37696           1   600.000000       720.000000           26416           0           0       26416           0           0
 WACCMX_APPLY_QC          31           3  0.250000000           37696       26315       11381       26315       11381       26315       26315       26315       26315
 WACCMX_APPLY_SOURCE_FLAGS          31           3  0.250000000           37696       26315        9934        1447           0           0
 WACCMX_APPLY_BLEND          31           3  0.250000000           37696           1   600.000000       720.000000           26315           0           0       26315           0           0
 WACCMX_APPLY_QC          29           4  0.250000000           37696       26361       11335       26361       11335       26361       26361       26361       26361
 WACCMX_APPLY_SOURCE_FLAGS          29           4  0.250000000           37696       26361        9783        1552           0           0
 WACCMX_APPLY_BLEND          29           4  0.250000000           37696           1   600.000000       720.000000           26361           0           0       26361           0           0
 WACCMX_APPLY_QC          27           5  0.250000000           37696       26397       11299       26397       11299       26397       26397       26397       26397
 WACCMX_APPLY_SOURCE_FLAGS          27           5  0.250000000           37696       26397        9730        1569           0           0
 WACCMX_APPLY_BLEND          27           5  0.250000000           37696           1   600.000000       720.000000           26397           0           0       26397           0           0
 WACCMX_APPLY_QC          32           3  0.250000000           37696       26278       11418       26278       11418       26278       26278       26278       26278
 WACCMX_APPLY_SOURCE_FLAGS          32           3  0.250000000           37696       26278       10076        1342           0           0
 WACCMX_APPLY_BLEND          32           3  0.250000000           37696           1   600.000000       720.000000           26278           0           0       26278           0           0
 WACCMX_APPLY_QC          30           4  0.250000000           37696       26325       11371       26325       11371       26325       26325       26325       26325
 WACCMX_APPLY_SOURCE_FLAGS          30           4  0.250000000           37696       26325        9866        1505           0           0
 WACCMX_APPLY_BLEND          30           4  0.250000000           37696           1   600.000000       720.000000           26325           0           0       26325           0           0
 WACCMX_APPLY_QC          28           5  0.250000000           37696       26379       11317       26379       11317       26379       26379       26379       26379
 WACCMX_APPLY_SOURCE_FLAGS          28           5  0.250000000           37696       26379        9761        1556           0           0
 WACCMX_APPLY_BLEND          28           5  0.250000000           37696           1   600.000000       720.000000           26379           0           0       26379           0           0
 WACCMX_APPLY_QC          31           4  0.250000000           37696       26307       11389       26307       11389       26307       26307       26307       26307
 WACCMX_APPLY_SOURCE_FLAGS          31           4  0.250000000           37696       26307        9970        1419           0           0
 WACCMX_APPLY_BLEND          31           4  0.250000000           37696           1   600.000000       720.000000           26307           0           0       26307           0           0
 WACCMX_APPLY_QC          29           5  0.250000000           37696       26353       11343       26353       11343       26353       26353       26353       26353
 WACCMX_APPLY_SOURCE_FLAGS          29           5  0.250000000           37696       26353        9813        1530           0           0
 WACCMX_APPLY_BLEND          29           5  0.250000000           37696           1   600.000000       720.000000           26353           0           0       26353           0           0
 WACCMX_APPLY_QC          32           4  0.250000000           37696       26252       11444       26252       11444       26252       26252       26252       26252
 WACCMX_APPLY_SOURCE_FLAGS          32           4  0.250000000           37696       26252       10134        1310           0           0
 WACCMX_APPLY_BLEND          32           4  0.250000000           37696           1   600.000000       720.000000           26252           0           0       26252           0           0
 WACCMX_APPLY_QC          30           5  0.250000000           37696       26321       11375       26321       11375       26321       26321       26321       26321
 WACCMX_APPLY_SOURCE_FLAGS          30           5  0.250000000           37696       26321        9897        1478           0           0
 WACCMX_APPLY_BLEND          30           5  0.250000000           37696           1   600.000000       720.000000           26321           0           0       26321           0           0
 WACCMX_APPLY_QC          31           5  0.250000000           37696       26291       11405       26291       11405       26291       26291       26291       26291
 WACCMX_APPLY_SOURCE_FLAGS          31           5  0.250000000           37696       26291       10019        1386           0           0
 WACCMX_APPLY_BLEND          31           5  0.250000000           37696           1   600.000000       720.000000           26291           0           0       26291           0           0
 WACCMX_APPLY_QC          32           5  0.250000000           37696       26234       11462       26234       11462       26234       26234       26234       26234
 WACCMX_APPLY_SOURCE_FLAGS          32           5  0.250000000           37696       26234       10173        1289           0           0
 WACCMX_APPLY_BLEND          32           5  0.250000000           37696           1   600.000000       720.000000           26234           0           0       26234           0           0
 istep =            1  ntm =            2
  hr =   0.250000000      dt =    4.04940546E-02
 MASTER: All Done!
 WACCMX online done signal received:           2
 SAMI3 direct phi done signal received:           2
 done finalizing,taskid          27
 timing   88.8293304       353.050934       264.221619    
Note: The following floating-point exceptions are signalling: IEEE_DIVIDE_BY_ZERO IEEE_UNDERFLOW_FLAG IEEE_DENORMAL
 done finalizing,taskid          24
 timing   86.8670883       352.655731       265.788635    
Note: The following floating-point exceptions are signalling: IEEE_DIVIDE_BY_ZERO IEEE_UNDERFLOW_FLAG IEEE_DENORMAL
 done finalizing,taskid           9
 timing   77.1630249       352.644226       275.481201    
Note: The following floating-point exceptions are signalling: IEEE_DIVIDE_BY_ZERO IEEE_UNDERFLOW_FLAG IEEE_DENORMAL
 done finalizing,taskid          23
 timing   86.1524200       352.686371       266.533936    
Note: The following floating-point exceptions are signalling: IEEE_DIVIDE_BY_ZERO IEEE_UNDERFLOW_FLAG IEEE_DENORMAL
 done finalizing,taskid           1
 timing   71.8648911       352.306915       280.442017    
Note: The following floating-point exceptions are signalling: IEEE_DIVIDE_BY_ZERO IEEE_UNDERFLOW_FLAG IEEE_DENORMAL
 done finalizing,taskid          14
 timing   80.2998810       352.445007       272.145142    
Note: The following floating-point exceptions are signalling: IEEE_DIVIDE_BY_ZERO IEEE_UNDERFLOW_FLAG IEEE_DENORMAL
 done finalizing,taskid          22
 timing   85.4248047       352.473694       267.048889    
Note: The following floating-point exceptions are signalling: IEEE_DIVIDE_BY_ZERO IEEE_UNDERFLOW_FLAG IEEE_DENORMAL
Note: The following floating-point exceptions are signalling: IEEE_DIVIDE_BY_ZERO IEEE_UNDERFLOW_FLAG IEEE_DENORMAL
 done finalizing,taskid           2
 timing   72.5642395       352.476593       279.912354    
Note: The following floating-point exceptions are signalling: IEEE_DIVIDE_BY_ZERO IEEE_UNDERFLOW_FLAG IEEE_DENORMAL
 done finalizing,taskid          15
 timing   81.0134048       352.509735       271.496338    
 done finalizing,taskid          30
 timing   90.7598801       353.149811       262.389923    
Note: The following floating-point exceptions are signalling: IEEE_DIVIDE_BY_ZERO IEEE_UNDERFLOW_FLAG IEEE_DENORMAL
 done finalizing,taskid          17
 timing   82.3021851       352.665771       270.363586    
Note: The following floating-point exceptions are signalling: IEEE_DIVIDE_BY_ZERO IEEE_UNDERFLOW_FLAG IEEE_DENORMAL
 done finalizing,taskid          28
 timing   89.4229431       353.079926       263.656982    
Note: The following floating-point exceptions are signalling: IEEE_DIVIDE_BY_ZERO IEEE_UNDERFLOW_FLAG IEEE_DENORMAL
 done finalizing,taskid           5
 timing   74.3379898       351.956329       277.618347    
Note: The following floating-point exceptions are signalling: IEEE_DIVIDE_BY_ZERO IEEE_UNDERFLOW_FLAG IEEE_DENORMAL
 done finalizing,taskid           8
 timing   76.4893875       352.652191       276.162811    
Note: The following floating-point exceptions are signalling: IEEE_DIVIDE_BY_ZERO IEEE_UNDERFLOW_FLAG IEEE_DENORMAL
 done finalizing,taskid           0
 timing   40.1771812       160.070206       119.893021    
Note: The following floating-point exceptions are signalling: IEEE_UNDERFLOW_FLAG IEEE_DENORMAL
 done finalizing,taskid           7
 timing   75.8239594       352.621399       276.797424    
Note: The following floating-point exceptions are signalling: IEEE_DIVIDE_BY_ZERO IEEE_UNDERFLOW_FLAG IEEE_DENORMAL
 done finalizing,taskid          20
Note: The following floating-point exceptions are signalling: IEEE_DIVIDE_BY_ZERO IEEE_UNDERFLOW_FLAG IEEE_DENORMAL
 timing   84.2053604       352.697693       268.492340    
 done finalizing,taskid          13
 timing   79.7060242       352.617218       272.911194    
Note: The following floating-point exceptions are signalling: IEEE_DIVIDE_BY_ZERO IEEE_UNDERFLOW_FLAG IEEE_DENORMAL
 done finalizing,taskid          25
 timing   87.5551453       353.103455       265.548309    
Note: The following floating-point exceptions are signalling: IEEE_DIVIDE_BY_ZERO IEEE_UNDERFLOW_FLAG IEEE_DENORMAL
 done finalizing,taskid          21
 timing   84.8894043       352.772156       267.882751    
Note: The following floating-point exceptions are signalling: IEEE_DIVIDE_BY_ZERO IEEE_UNDERFLOW_FLAG IEEE_DENORMAL
 done finalizing,taskid          26
 timing   88.1798782       353.090210       264.910339    
Note: The following floating-point exceptions are signalling: IEEE_DIVIDE_BY_ZERO IEEE_UNDERFLOW_FLAG IEEE_DENORMAL
 done finalizing,taskid          29
 timing   90.1149368       353.169098       263.054169    
Note: The following floating-point exceptions are signalling: IEEE_DIVIDE_BY_ZERO IEEE_UNDERFLOW_FLAG IEEE_DENORMAL
 done finalizing,taskid           4
 timing   73.9859467       352.720581       278.734619    
Note: The following floating-point exceptions are signalling: IEEE_DIVIDE_BY_ZERO IEEE_UNDERFLOW_FLAG IEEE_DENORMAL
 done finalizing,taskid          10
 timing   77.7456436       352.645782       274.900146    
Note: The following floating-point exceptions are signalling: IEEE_DIVIDE_BY_ZERO IEEE_UNDERFLOW_FLAG IEEE_DENORMAL
 done finalizing,taskid          16
 timing   81.7010117       352.722839       271.021820    
Note: The following floating-point exceptions are signalling: IEEE_DIVIDE_BY_ZERO IEEE_UNDERFLOW_FLAG IEEE_DENORMAL
 done finalizing,taskid           3
 timing   73.2014465       352.010559       278.809113    
Note: The following floating-point exceptions are signalling: IEEE_DIVIDE_BY_ZERO IEEE_UNDERFLOW_FLAG IEEE_DENORMAL
 done finalizing,taskid          31
 timing   91.3061447       353.097260       261.791107    
Note: The following floating-point exceptions are signalling: IEEE_DIVIDE_BY_ZERO IEEE_UNDERFLOW_FLAG IEEE_DENORMAL
 done finalizing,taskid          18
 timing   82.9768829       352.783813       269.806946    
Note: The following floating-point exceptions are signalling: IEEE_DIVIDE_BY_ZERO IEEE_UNDERFLOW_FLAG IEEE_DENORMAL
 done finalizing,taskid          11
 timing   78.4454498       352.750763       274.305298    
Note: The following floating-point exceptions are signalling: IEEE_DIVIDE_BY_ZERO IEEE_UNDERFLOW_FLAG IEEE_DENORMAL
 done finalizing,taskid          12
 timing   79.0404739       352.581696       273.541229    
Note: The following floating-point exceptions are signalling: IEEE_DIVIDE_BY_ZERO IEEE_UNDERFLOW_FLAG IEEE_DENORMAL
 done finalizing,taskid          19
 timing   83.5999222       352.808594       269.208679    
Note: The following floating-point exceptions are signalling: IEEE_DIVIDE_BY_ZERO IEEE_UNDERFLOW_FLAG IEEE_DENORMAL
 done finalizing,taskid           6
 timing   75.2348480       352.750763       277.515930    
Note: The following floating-point exceptions are signalling: IEEE_DIVIDE_BY_ZERO IEEE_UNDERFLOW_FLAG IEEE_DENORMAL
 done finalizing,taskid          32
 timing   91.9466095       353.070190       261.123596    
Note: The following floating-point exceptions are signalling: IEEE_DIVIDE_BY_ZERO IEEE_UNDERFLOW_FLAG IEEE_DENORMAL
