OMP: Warning #182: OMP_STACKSIZE: ignored because KMP_STACKSIZE has been defined
 Voltron Reading input deck from 
 tinyCase_sami3_moments_dsB_lmlt_recommended_long1800_bvolcc_tiote.xml
  KAIJU/VOLTRON/threading/NumTh           :             8[34m     (XML)[0m 
  KAIJU/GAMERA/debug/writeGhosts          :             F[32m (DEFAULT)[0m 
  KAIJU/GAMERA/debug/writeMagFlux         :             F[32m (DEFAULT)[0m 
  KAIJU/GAMERA/threading/NumTh            :             8[34m     (XML)[0m 
 KAIJU/GAMERA running threaded ...
    # Threads =            8
    # Cores   =            8
 Checking stacksize, if the code crashes here fix your stack ...
  KAIJU/GAMERA/physics/doMHD              :             T[34m     (XML)[0m 
  KAIJU/GAMERA/physics/do25D              :             F[32m (DEFAULT)[0m 
  KAIJU/GAMERA/physics/doResistive        :             F[32m (DEFAULT)[0m 
  KAIJU/GAMERA/sim/pdmb                   :   1.00000E+00[34m     (XML)[0m 
  KAIJU/GAMERA/floors/dFloor              :   1.00000E-04[34m     (XML)[0m 
  KAIJU/GAMERA/floors/pFloor              :   1.00000E-06[34m     (XML)[0m 
  KAIJU/GAMERA/sim/CFL                    :   3.00000E-01[32m (DEFAULT)[0m 
 CFL # =   0.300000000000000     
  KAIJU/GAMERA/sim/Vd0                    :   5.00000E-01[32m (DEFAULT)[0m 
  KAIJU/GAMERA/physics/gamma              :   1.66667E+00[32m (DEFAULT)[0m 
  KAIJU/GAMERA/physics/doHogs             :             T[32m (DEFAULT)[0m 
  KAIJU/GAMERA/physics/cHogH              :   2.50000E-01[32m (DEFAULT)[0m 
  KAIJU/GAMERA/physics/cHogM              :   2.50000E-01[32m (DEFAULT)[0m 
  KAIJU/GAMERA/sim/doAB3                  :             F[32m (DEFAULT)[0m 
  KAIJU/GAMERA/time/tFin                  :   1.00000E+00[32m (DEFAULT)[0m 
  KAIJU/GAMERA/time/fixedTimestep         :  -1.00000E+00[32m (DEFAULT)[0m 
  KAIJU/GAMERA/timestep/limDT0            :   1.00000E-03[32m (DEFAULT)[0m 
  KAIJU/GAMERA/timestep/doCPR             :             T[34m     (XML)[0m 
  KAIJU/GAMERA/timestep/limCPR            :   2.50000E-01[34m     (XML)[0m 
 Please update the XML to use output/dtCon for console output
 Instead of the no longer used output/tsOut
  KAIJU/GAMERA/output/dtCon               :   5.00000E+00[32m (DEFAULT)[0m 
  KAIJU/GAMERA/output/dtOut               :   1.00000E+01[32m (DEFAULT)[0m 
  KAIJU/GAMERA/restart/dtRes              :   1.00000E+02[32m (DEFAULT)[0m 
  KAIJU/GAMERA/output/doTimer             :             F[32m (DEFAULT)[0m 
  KAIJU/GAMERA/output/doFat               :             F[32m (DEFAULT)[0m 
  KAIJU/GAMERA/output/doSlim              :             F[32m (DEFAULT)[0m 
  KAIJU/GAMERA/output/slimTimers          :             T[32m (DEFAULT)[0m 
  KAIJU/GAMERA/output/DivB                :             T[32m (DEFAULT)[0m 
  KAIJU/GAMERA/output/doFatIO             :             F[32m (DEFAULT)[0m 
  KAIJU/GAMERA/output/doHighPrecOut       :             F[32m (DEFAULT)[0m 
  KAIJU/GAMERA/restart/doRes              :             F[34m     (XML)[0m 
  KAIJU/GAMERA/physics/doBoris            :             T[34m     (XML)[0m 
  KAIJU/GAMERA/physics/Ca                 :   1.00000E+01[34m     (XML)[0m 
  KAIJU/GAMERA/multifluid/doMF            :             F[32m (DEFAULT)[0m 
  KAIJU/GAMERA/source/doSource            :             T[34m     (XML)[0m 
  KAIJU/GAMERA/source/nvSrc               :            10[32m (DEFAULT)[0m 
  KAIJU/GAMERA/sim/runid                  :  sami3_moment[34m     (XML)[0m 
  KAIJU/GAMERA/sim/rmeth                  :           7UP[34m     (XML)[0m 
 Using 7UP Reconstruction
  KAIJU/GAMERA/sim/lfmlim                 :             T[32m (DEFAULT)[0m 
  KAIJU/GAMERA/ring/rngrec                :           PPM[32m (DEFAULT)[0m 
  KAIJU/GAMERA/random/seed                :         31337[32m (DEFAULT)[0m 
  KAIJU/GAMERA/sim/doH5g                  :             T[34m     (XML)[0m 
  KAIJU/GAMERA/sim/H5Grid                 :       lfmD.h5[34m     (XML)[0m 
 Reading grid from file: lfmD.h5
  KAIJU/GAMERA/ring/doRing                :             T[34m     (XML)[0m 
  KAIJU/GAMERA/ring/gid                   :           lfm[34m     (XML)[0m 
  KAIJU/GAMERA/ringknobs/doMassRA         :             F[32m (DEFAULT)[0m 
  KAIJU/GAMERA/ringknobs/doClean          :             T[32m (DEFAULT)[0m 
  KAIJU/GAMERA/ringknobs/doFastClean      :             T[32m (DEFAULT)[0m 
  KAIJU/GAMERA/ringknobs/doShift          :             F[32m (DEFAULT)[0m 
  KAIJU/GAMERA/ringknobs/NMag             :             1[32m (DEFAULT)[0m 
  KAIJU/GAMERA/ringknobs/doVClean         :             T[34m     (XML)[0m 
  KAIJU/GAMERA/ringknobs/NVel             :             0[32m (DEFAULT)[0m 
  KAIJU/GAMERA/ring/doAggressive          :             F[34m     (XML)[0m 
  KAIJU/GAMERA/ring/Nr                    :             4[32m (DEFAULT)[0m 
  KAIJU/GAMERA/ring/Nc1                   :             8[32m (DEFAULT)[0m 
  KAIJU/GAMERA/ring/Nc2                   :            16[32m (DEFAULT)[0m 
  KAIJU/GAMERA/ring/Nc3                   :            32[32m (DEFAULT)[0m 
  KAIJU/GAMERA/ring/Nc4                   :            32[32m (DEFAULT)[0m 
  KAIJU/GAMERA/sim/doH5ic                 :             F[32m (DEFAULT)[0m 
  KAIJU/GAMERA/sim/icType                 :          user[34m     (XML)[0m 
  KAIJU/GAMERA/prob/Rho0                  :   2.00000E-01[32m (DEFAULT)[0m 
  KAIJU/GAMERA/prob/P0                    :   1.00000E-03[32m (DEFAULT)[0m 
  KAIJU/GAMERA/prob/doPP0                 :             F[32m (DEFAULT)[0m 
  KAIJU/GAMERA/prob/writeBC               :             T[32m (DEFAULT)[0m 
  /Kaiju/Gamera/prob/planet               :         Earth[32m (DEFAULT)[0m 
  /Kaiju/Gamera/prob/M0                   :   2.96174E-01[32m (DEFAULT)[0m 
  /Kaiju/Gamera/prob/period               :   8.64000E+04[32m (DEFAULT)[0m 
  /Kaiju/Gamera/prob/doCorot              :             T[32m (DEFAULT)[0m 
  KAIJU/GAMERA/floors/dFloor              :   1.00000E-04[34m     (XML)[0m 
  KAIJU/GAMERA/floors/pFloor              :   1.00000E-06[34m     (XML)[0m 
  KAIJU/GAMERA/timestep/doCPR             :             T[34m     (XML)[0m 
  KAIJU/GAMERA/timestep/limCPR            :   2.50000E-01[34m     (XML)[0m 
  KAIJU/GAMERA/chill/doGAMChill           :             F[32m (DEFAULT)[0m 
  KAIJU/GAMERA/chill/doLFMChill           :             F[32m (DEFAULT)[0m 
 ---------------
 Magnetosphere normalization
 T0   [s]    =    63.7810000000000     
 x0   [m]    =    6378100.00000000     
 v0   [m/s]  =    100000.000000000     
 P0   [nPa]  =   1.660539066600000E-002
 B0   [nT]   =    4.56803560959387     
 g    [m/s2] =    9.80700000000000     
 psi0 [kV]   =    87.6183892504483     
 ---------------
 doGrav      =  T
  KAIJU/GAMERA/source/doIngest            :             T[32m (DEFAULT)[0m 
  KAIJU/GAMERA/source/doIngestCold        :             T[32m (DEFAULT)[0m 
  KAIJU/GAMERA/source/coldDMax            :  -1.00000E+00[32m (DEFAULT)[0m 
  KAIJU/GAMERA/source/coldPMax            :  -1.00000E+00[32m (DEFAULT)[0m 
  /Kaiju/voltron/imag/doInit              :             T[34m     (XML)[0m 
  KAIJU/GAMERA/wind/tsfile                :     bcwind.h5[34m     (XML)[0m 
  KAIJU/GAMERA/source0/dz                 :   5.00000E+00[32m (DEFAULT)[0m 
  KAIJU/GAMERA/source0/dt0                :   3.00000E+02[32m (DEFAULT)[0m 
  KAIJU/GAMERA/prob/xMax                  :   2.00000E+01[32m (DEFAULT)[0m 
  KAIJU/GAMERA/prob/yMax                  :   7.50000E+01[32m (DEFAULT)[0m 
  KAIJU/GAMERA/prob/xMin                  :  -2.25000E+02[32m (DEFAULT)[0m 
  KAIJU/GAMERA/prob/sIn                   :   9.60000E-01[32m (DEFAULT)[0m 
  KAIJU/GAMERA/background/rCut            :   1.60000E+01[32m (DEFAULT)[0m 
  KAIJU/GAMERA/background/lCut            :   8.00000E+00[32m (DEFAULT)[0m 
  KAIJU/GAMERA/background/dcScl           :   4.00000E+00[32m (DEFAULT)[0m 
  /Kaiju/voltron/coupling/dt              :   5.00000E+00[32m (DEFAULT)[0m 
  KAIJU/GAMERA/ibc/doIonPush              :             T[32m (DEFAULT)[0m 
  KAIJU/GAMERA/ibc/nIonP                  :             1[32m (DEFAULT)[0m 
  KAIJU/GAMERA/wind/tsfile                :     bcwind.h5[34m     (XML)[0m 
 ---------------
 Solar wind data
 Reading wind data from bcwind.h5
 Assuming input units: t,D,V,T,B = [s],[#/cm3],[m/s],[K],[nT]
 SW Coefficients (Bx0,ByC,BzC) =    0.000   0.000   0.000
 Min solar wind Alfvenic Mach number =    7.587
 Finished reading solar wind data
 ---------------
  /Kaiju/voltron/spinup/doSeq             :             F[32m (DEFAULT)[0m 
[32m<Writing HDF5 DATA @ t =  0.00E+00 [sec] >[0m 
 [36m
 GAMERA
      Time =  0.00E+00 [sec]
        ts =        0
        dt =  1.19E-01 [sec]
    Spent     0.0% of time waiting for Voltron
[0m  Please update the XML to use output/dtCon for console output
 Instead of the no longer used output/tsOut
  KAIJU/GAMERA/output/dtCon               :   5.00000E+00[32m (DEFAULT)[0m 
  KAIJU/GAMERA/output/dtOut               :   1.00000E+01[32m (DEFAULT)[0m 
  KAIJU/GAMERA/restart/dtRes              :   1.00000E+02[32m (DEFAULT)[0m 
  KAIJU/GAMERA/output/doTimer             :             F[32m (DEFAULT)[0m 
  KAIJU/GAMERA/output/doFat               :             F[32m (DEFAULT)[0m 
  KAIJU/GAMERA/output/doSlim              :             F[32m (DEFAULT)[0m 
  KAIJU/GAMERA/output/slimTimers          :             T[32m (DEFAULT)[0m 
  KAIJU/GAMERA/output/DivB                :             T[32m (DEFAULT)[0m 
  KAIJU/GAMERA/output/doFatIO             :             F[32m (DEFAULT)[0m 
  /Kaiju/Gamera/prob/planet               :         Earth[32m (DEFAULT)[0m 
  /Kaiju/Gamera/prob/M0                   :   2.96174E-01[32m (DEFAULT)[0m 
  /Kaiju/Gamera/prob/period               :   8.64000E+04[32m (DEFAULT)[0m 
  /Kaiju/Gamera/prob/doCorot              :             T[32m (DEFAULT)[0m 
 -------------
 Planet params
 Name             : EARTH
 Planet Radius [m]:    6378100.00000000     
 Iono Radius   [m]:    6500000.00000000     
 Gravity    [m/s2]:    9.80700000000000     
 Use gravity      :  T
 Mag. Moment   [G]:   0.296173700000000     
 Corot Pot.   [kV]:    87.6183892504483     
 -------------
  /Kaiju/Gamera/prob/doGeoCorot           :             F[32m (DEFAULT)[0m 
 Going into geospace mode ...
  /Kaiju/Gamera/wind/tsfile               :     bcwind.h5[34m     (XML)[0m 
  KAIJU/VOLTRON/time/tFin                 :   1.80000E+03[34m     (XML)[0m 
 Please update the XML to use output/dtCon for console output
 Instead of the no longer used output/tsOut
  KAIJU/VOLTRON/output/dtCon              :   5.00000E+00[32m (DEFAULT)[0m 
  KAIJU/VOLTRON/output/dtOut              :   5.00000E+00[34m     (XML)[0m 
  KAIJU/VOLTRON/restart/dtRes             :   1.08000E+04[34m     (XML)[0m 
  KAIJU/VOLTRON/output/doTimer            :             F[32m (DEFAULT)[0m 
  KAIJU/VOLTRON/output/doFat              :             F[32m (DEFAULT)[0m 
  KAIJU/VOLTRON/output/doSlim             :             F[32m (DEFAULT)[0m 
  KAIJU/VOLTRON/output/slimTimers         :             T[32m (DEFAULT)[0m 
  KAIJU/VOLTRON/coupling/dtCouple         :   5.00000E+00[34m     (XML)[0m 
  KAIJU/VOLTRON/coupling/rTrc             :   4.00000E+01[32m (DEFAULT)[0m 
 Ending a simulation too close to a coupling interval can cause synchronization 
 issues
 Increasing the ending time by a fraction of a second to create a buffer
  KAIJU/VOLTRON/coupling/doDeep           :             T[32m (DEFAULT)[0m 
  KAIJU/VOLTRON/coupling/doGCM            :             F[32m (DEFAULT)[0m 
  KAIJU/VOLTRON/coupling/dtAvgB0          :   9.00000E+02[32m (DEFAULT)[0m 
  /Kaiju/gamera/restart/doRes             :             F[34m     (XML)[0m 
  KAIJU/VOLTRON/spinup/doSpin             :             T[34m     (XML)[0m 
  KAIJU/VOLTRON/spinup/tSpin              :   5.00000E+00[34m     (XML)[0m 
  KAIJU/VOLTRON/spinup/tIO                :   0.00000E+00[32m (DEFAULT)[0m 
  KAIJU/VOLTRON/coupling/tCouple          :  -5.00000E+00[32m (DEFAULT)[0m 
  KAIJU/VOLTRON/grid/Nt                   :            90[32m (DEFAULT)[0m 
  KAIJU/VOLTRON/grid/Np                   :           180[32m (DEFAULT)[0m 
  KAIJU/VOLTRON/grid/Ng                   :             4[32m (DEFAULT)[0m 
  KAIJU/VOLTRON/grid/gType                :        UNISPH[32m (DEFAULT)[0m 
  KAIJU/VOLTRON/coupling/doQkSquish       :             T[34m     (XML)[0m 
  KAIJU/VOLTRON/coupling/qkSquishStride   :             2[34m     (XML)[0m 
  KAIJU/VOLTRON/ebsquish/epsSquish        :   5.00000E-02[32m (DEFAULT)[0m 
  KAIJU/VOLTRON/coupling/imType           :         RAIJU[34m     (XML)[0m 
  /Kaiju/voltron/imag/doInit              :             T[34m     (XML)[0m 
 raijuInitModel is starting
  KAIJU/RAIJU/driver/isSA                 :             F[32m (DEFAULT)[0m 
  /Kaiju/Gamera/sim/runid                 :  sami3_moment[34m     (XML)[0m 
  KAIJU/RAIJU/time/T0                     :   0.00000E+00[32m (DEFAULT)[0m 
  KAIJU/RAIJU/time/tFin                   :   6.00000E+01[32m (DEFAULT)[0m 
  KAIJU/RAIJU/time/dt                     :   1.00000E+00[32m (DEFAULT)[0m 
  KAIJU/RAIJU/config/fname                :  raijuconfig.[34m     (XML)[0m 
  /Kaiju/Gamera/wind/tsFile               :     bcwind.h5[34m     (XML)[0m 
  KAIJU/RAIJU/mpi/isMPI                   :             F[32m (DEFAULT)[0m 
  /Kaiju/Gamera/restart/doRes             :             F[34m     (XML)[0m 
  KAIJU/RAIJU/plasmasphere/doPsphere      :             T[34m     (XML)[0m 
  KAIJU/RAIJU/plasmasphere/doEvol         :             T[32m (DEFAULT)[0m 
  KAIJU/RAIJU/plasmasphere/evolRad        :   2.25000E+00[32m (DEFAULT)[0m 
  KAIJU/RAIJU/plasmasphere/initKp         :   3.00000E+00[32m (DEFAULT)[0m 
  KAIJU/RAIJU/prob/doExcessMap            :             T[32m (DEFAULT)[0m 
  KAIJU/RAIJU/prob/nSpc                   :             3[32m (DEFAULT)[0m 
  KAIJU/RAIJU/domain/bndLim               :             3[32m (DEFAULT)[0m 
  KAIJU/RAIJU/domain/tail_buffer          :   1.50000E+01[34m     (XML)[0m 
  KAIJU/RAIJU/domain/sun_buffer           :   1.50000E+01[34m     (XML)[0m 
  KAIJU/RAIJU/domain/tail_active          :   1.20000E+01[34m     (XML)[0m 
  KAIJU/RAIJU/domain/sun_active           :   1.20000E+01[34m     (XML)[0m 
  KAIJU/RAIJU/domain/activeRad            :   3.00000E+00[32m (DEFAULT)[0m 
  KAIJU/RAIJU/sim/doSmoothGrads           :             T[32m (DEFAULT)[0m 
  KAIJU/RAIJU/sim/useVelLRs               :             T[32m (DEFAULT)[0m 
  KAIJU/RAIJU/sim/maxIter                 :          1000[32m (DEFAULT)[0m 
  KAIJU/RAIJU/sim/maxOrder                :             7[32m (DEFAULT)[0m 
  KAIJU/RAIJU/sim/pdmb                    :   7.50000E-01[34m     (XML)[0m 
  KAIJU/RAIJU/sim/cfl                     :   3.00000E-01[32m (DEFAULT)[0m 
 CFL # =   0.300000000000000     
  KAIJU/RAIJU/prob/tiote                  :   4.00000E+00[32m (DEFAULT)[0m 
  KAIJU/RAIJU/moments/useStateTioteForInge:             T[34m     (XML)[0m 
  KAIJU/RAIJU/activeShell/doAS            :             F[32m (DEFAULT)[0m 
  KAIJU/RAIJU/activeShell/worthyFrac      :   1.00000E-03[32m (DEFAULT)[0m 
  KAIJU/RAIJU/prob/doCorot                :             F[32m (DEFAULT)[0m 
  KAIJU/RAIJU/lambdas/dynamicRanges       :             F[32m (DEFAULT)[0m 
  KAIJU/RAIJU/moments/DP2EtaMap           :       MAXWELL[32m (DEFAULT)[0m 
  KAIJU/RAIJU/losses/doLosses             :             T[34m     (XML)[0m 
  KAIJU/RAIJU/losses/doCC                 :             T[34m     (XML)[0m 
  KAIJU/RAIJU/losses/doCX                 :             T[34m     (XML)[0m 
  KAIJU/RAIJU/losses/doEWM                :             T[32m (DEFAULT)[0m 
  KAIJU/RAIJU/losses/ewmType              :            SS[32m (DEFAULT)[0m 
  KAIJU/RAIJU/output/loudConsole          :             T[34m     (XML)[0m 
  KAIJU/RAIJU/output/writeGhosts          :             F[34m     (XML)[0m 
  KAIJU/RAIJU/output/doLossExtras         :             F[34m     (XML)[0m 
  KAIJU/RAIJU/output/doDebug              :             F[34m     (XML)[0m 
  KAIJU/RAIJU/hax/rcmEtaPush              :             F[32m (DEFAULT)[0m 
  KAIJU/RAIJU/domain/vaFrac_soft          :   6.00000E-01[32m (DEFAULT)[0m 
  KAIJU/RAIJU/domain/vaFrac_hard          :   4.00000E-01[32m (DEFAULT)[0m 
  KAIJU/RAIJU/domain/bmin_soft            :   5.00000E+00[32m (DEFAULT)[0m 
  KAIJU/RAIJU/domain/bmin_hard            :   2.00000E+00[32m (DEFAULT)[0m 
  KAIJU/RAIJU/cpl/nBounce                 :   3.00000E+00[32m (DEFAULT)[0m 
  KAIJU/RAIJU/cpl/nFluidsIn               :             1[34m     (XML)[0m 
  KAIJU/RAIJU/fluidIn1/imhd               :             0[34m     (XML)[0m 
  KAIJU/RAIJU/fluidIn1/flav               :             2[34m     (XML)[0m 
  KAIJU/RAIJU/fluidIn1/excessToPsph       :             T[34m     (XML)[0m 
  /Kaiju/Gamera/prob/planet               :         Earth[32m (DEFAULT)[0m 
  /Kaiju/Gamera/prob/M0                   :   2.96174E-01[32m (DEFAULT)[0m 
  /Kaiju/Gamera/prob/period               :   8.64000E+04[32m (DEFAULT)[0m 
  Calculated corotation potential [kV]:    87.6183892504483     
  /Kaiju/Gamera/prob/doCorot              :             T[32m (DEFAULT)[0m 
  KAIJU/RAIJU/grid/Nbnd                   :             4[32m (DEFAULT)[0m 
  KAIJU/RAIJU/grid/gType                  :        SHGRID[34m     (XML)[0m 
  KAIJU/RAIJU/grid/ThetaL                 :   1.50000E+01[34m     (XML)[0m 
 RAIJU theta range =    15.0000000000000        49.1066053508691     
  KAIJU/RAIJU/grid/Ng                     :             4[32m (DEFAULT)[0m 
  KAIJU/RAIJU/hax/doConstB                :             F[32m (DEFAULT)[0m 
  KAIJU/RAIJU/config/ignoreMismatch       :             F[32m (DEFAULT)[0m 
 Found spc group Species/0
  Flav:                    0
  N:                       1
  # nuc_p:                 1
  # nuc_n:                 0
  q:                       1
  spcType:                 2
  Fudge:          0.000000000000000E+000
  kStart:                  1
  kEnd:                    1
 Found spc group Species/1
  Flav:                    1
  N:                      39
  # nuc_p:                 0
  # nuc_n:                 0
  q:                      -1
  spcType:                 1
  Fudge:          0.333333333333333     
  kStart:                  2
  kEnd:                   40
 Found spc group Species/2
  Flav:                    2
  N:                     120
  # nuc_p:                 1
  # nuc_n:                 0
  q:                       1
  spcType:                 2
  Fudge:          0.000000000000000E+000
  kStart:                 41
  kEnd:                  160
           0 T
           1 F
           2 T
 ---------------
 Creating time series for Kp
 Reading data from bcwind.h5
 Finished reading data for Kp
 ---------------
  KAIJU/RAIJU/prob/IC                     :           DIP[32m (DEFAULT)[0m 
 Initializing a dipole field with XML-determined electrostatic potential and eta
  distribution
  KAIJU/RAIJU/prob/espotPreset            :         TOFFO[32m (DEFAULT)[0m 
  KAIJU/RAIJU/prob/cpcp                   :   5.00000E+01[32m (DEFAULT)[0m 
  KAIJU/RAIJU/prob/etaPreset              :          RING[32m (DEFAULT)[0m 
  KAIJU/RAIJU/prob/D                      :   1.00000E+01[32m (DEFAULT)[0m 
  KAIJU/RAIJU/prob/T                      :   3.00000E+01[32m (DEFAULT)[0m 
  KAIJU/RAIJU/prob/tiote                  :   4.00000E+00[32m (DEFAULT)[0m 
  KAIJU/RAIJU/prob/L                      :   4.00000E+00[32m (DEFAULT)[0m 
  KAIJU/RAIJU/prob/dL                     :   6.25000E-01[32m (DEFAULT)[0m 
 RAIJU initializing plasmasphere with Kp =   3.00000000000000     
  /Kaiju/RAIJU/losses/ssMult              :   1.00000E+00[32m (DEFAULT)[0m 
 Please update the XML to use output/dtCon for console output
 Instead of the no longer used output/tsOut
  KAIJU/VOLTRON/output/dtCon              :   5.00000E+00[32m (DEFAULT)[0m 
  KAIJU/VOLTRON/output/dtOut              :   5.00000E+00[34m     (XML)[0m 
  KAIJU/VOLTRON/restart/dtRes             :   1.08000E+04[34m     (XML)[0m 
  KAIJU/VOLTRON/output/doTimer            :             F[32m (DEFAULT)[0m 
  KAIJU/VOLTRON/output/doFat              :             F[32m (DEFAULT)[0m 
  KAIJU/VOLTRON/output/doSlim             :             F[32m (DEFAULT)[0m 
  KAIJU/VOLTRON/output/slimTimers         :             T[32m (DEFAULT)[0m 
  KAIJU/RAIJU/cpl/startupTscl             :   7.20000E+03[34m     (XML)[0m 
  KAIJU/RAIJU/cpl/tsclSm_dL               :   1.00000E+00[32m (DEFAULT)[0m 
  KAIJU/RAIJU/cpl/tsclSm_dMLT             :   1.00000E+00[32m (DEFAULT)[0m 
  KAIJU/RAIJU/sami3Moments/doIngest       :             T[34m     (XML)[0m 
  KAIJU/RAIJU/sami3Moments/file           :  /home/jiaoy_[34m     (XML)[0m 
  KAIJU/RAIJU/sami3Moments/group          :  /RaiCplMomen[34m     (XML)[0m 
  KAIJU/RAIJU/sami3Moments/alphaPavg      :   0.00000E+00[34m     (XML)[0m 
  KAIJU/RAIJU/sami3Moments/alphaDavg      :   5.00000E-02[34m     (XML)[0m 
  KAIJU/RAIJU/sami3Moments/alphaPstd      :   0.00000E+00[34m     (XML)[0m 
  KAIJU/RAIJU/sami3Moments/alphaDstd      :   0.00000E+00[34m     (XML)[0m 
  KAIJU/RAIJU/sami3Moments/alphaTiote     :   1.00000E+00[34m     (XML)[0m 
  KAIJU/RAIJU/sami3Moments/densityFloor   :   0.00000E+00[32m (DEFAULT)[0m 
  KAIJU/RAIJU/sami3Moments/pressureFloor  :   0.00000E+00[32m (DEFAULT)[0m 
  KAIJU/RAIJU/sami3Moments/tioteMin       :   0.00000E+00[32m (DEFAULT)[0m 
  KAIJU/RAIJU/sami3Moments/tioteMax       :   1.00000E+30[32m (DEFAULT)[0m 
  KAIJU/RAIJU/sami3Moments/abortOnNonfinit:             T[32m (DEFAULT)[0m 
  KAIJU/RAIJU/coldStarter/doCX            :             T[32m (DEFAULT)[0m 
  KAIJU/RAIJU/coldStarter/doUpdate        :             F[32m (DEFAULT)[0m 
  KAIJU/RAIJU/coldStarter/evalCadence     :   3.00000E+02[32m (DEFAULT)[0m 
  KAIJU/RAIJU/coldStarter/tEnd            :   7.20000E+03[32m (DEFAULT)[0m 
  KAIJU/RAIJU/grid/ThetaL                 :   1.50000E+01[34m     (XML)[0m 
 RAIJU theta range =    15.0000000000000        49.1066053508691     
  KAIJU/RAIJU/grid/Ng                     :             4[32m (DEFAULT)[0m 
 SAMI3 moments ingest enabled: 
 /home/jiaoy_group/jiaoy/data/MAGE1.25/kaiju_sami3_voltron_moments_20260523/anal
 ysis/sami3_voltron_raiju_diag_stubpayload_nfluid1_ds_over_B_voltron_tubeshell_l
 _mlt_lon0_bin_bvolcc_20260524.h5 group=/RaiCplMomentsOnly
 SAMI3 moments alpha Pavg/Davg/Pstd/Dstd/tiote:  0.000000000000000E+000
  5.000000000000000E-002  0.000000000000000E+000  0.000000000000000E+000
   1.00000000000000     
 SAMI3 moments floors density/pressure and tiote min/max:
  0.000000000000000E+000  0.000000000000000E+000  0.000000000000000E+000
  1.000000000000000E+030
 SAMI3 moments abortOnNonfinite: T
 RAIJU outputting to 
 sami3_moments_dsB_lmlt_recommended_long1800_bvolcc_tiote.raiju.h5
  KAIJU/VOLTRON/coupling/doDynDT          :             F[32m (DEFAULT)[0m 
 Voltron outputting to 
 sami3_moments_dsB_lmlt_recommended_long1800_bvolcc_tiote.volt.h5
  KAIJU/REMIX/conductance/euv_model_type  :         LOMPE[32m (DEFAULT)[0m 
  KAIJU/REMIX/conductance/et_model_type   :          NONE[32m (DEFAULT)[0m 
  KAIJU/REMIX/conductance/sigma_model_type:         KAE23[32m (DEFAULT)[0m 
  KAIJU/REMIX/precipitation/aurora_model_t:        LINMRG[34m     (XML)[0m 
  KAIJU/REMIX/precipitation/alpha         :   2.00000E-01[34m     (XML)[0m 
  KAIJU/REMIX/precipitation/beta          :   4.00000E-01[34m     (XML)[0m 
  KAIJU/REMIX/precipitation/R             :   8.00000E-02[32m (DEFAULT)[0m 
  KAIJU/REMIX/precipitation/doAuroralSmoot:             F[34m     (XML)[0m 
  KAIJU/REMIX/conductance/F107            :   1.20000E+02[32m (DEFAULT)[0m 
  KAIJU/REMIX/conductance/pedmin          :   2.00000E+00[32m (DEFAULT)[0m 
  KAIJU/REMIX/conductance/hallmin         :   1.00000E+00[32m (DEFAULT)[0m 
  KAIJU/REMIX/conductance/sigma_ratio     :   6.00000E+00[32m (DEFAULT)[0m 
  KAIJU/REMIX/conductance/ped0            :   1.00000E+01[32m (DEFAULT)[0m 
  KAIJU/REMIX/conductance/const_sigma     :             F[32m (DEFAULT)[0m 
  KAIJU/REMIX/conductance/doRamp          :             F[34m     (XML)[0m 
  KAIJU/REMIX/conductance/doChill         :             F[32m (DEFAULT)[0m 
  KAIJU/REMIX/conductance/doStarlight     :             T[34m     (XML)[0m 
  KAIJU/REMIX/conductance/doMR            :             F[32m (DEFAULT)[0m 
  KAIJU/REMIX/conductance/apply_cap       :             T[32m (DEFAULT)[0m 
  KAIJU/REMIX/precipitation/gamma         :   1.66667E+00[32m (DEFAULT)[0m 
  KAIJU/REMIX/conductance/doEMA           :             T[32m (DEFAULT)[0m 
  KAIJU/REMIX/conductance/doET            :             F[32m (DEFAULT)[0m 
  KAIJU/REMIX/conductance/doSWF107        :             T[32m (DEFAULT)[0m 
  KAIJU/REMIX/solver/maxitr               :           400[32m (DEFAULT)[0m 
  KAIJU/REMIX/solver/mr                   :            30[32m (DEFAULT)[0m 
  KAIJU/REMIX/solver/tol_abs              :   1.00000E-06[32m (DEFAULT)[0m 
  KAIJU/REMIX/solver/tol_rel              :   1.00000E-06[32m (DEFAULT)[0m 
  KAIJU/REMIX/solver/llbc_value           :   0.00000E+00[32m (DEFAULT)[0m 
  KAIJU/REMIX/grid/Np                     :           360[32m (DEFAULT)[0m 
  KAIJU/REMIX/grid/Nt                     :            45[32m (DEFAULT)[0m 
  KAIJU/REMIX/grid/LowLatBoundary         :   4.50000E+01[32m (DEFAULT)[0m 
  KAIJU/REMIX/grid/init_from_file         :             F[32m (DEFAULT)[0m 
  KAIJU/REMIX/output/dtOut                :   1.00000E+00[32m (DEFAULT)[0m 
  /Kaiju/gamera/restart/nRes              :             2[34m     (XML)[0m 
  KAIJU/REMIX/debug/mklmsglvl             :             0[32m (DEFAULT)[0m 
 [31m
 [0m 
 WARNING for ShellGrid with name: REMIX
 No radius provided, assuming Earth's ionosphere according to kdefs:
   1.01911227481538       Rp
  KAIJU/REMIX/conductance/euv_model_type  :         LOMPE[32m (DEFAULT)[0m 
  KAIJU/REMIX/conductance/et_model_type   :          NONE[32m (DEFAULT)[0m 
  KAIJU/REMIX/conductance/sigma_model_type:         KAE23[32m (DEFAULT)[0m 
  KAIJU/REMIX/precipitation/aurora_model_t:        LINMRG[34m     (XML)[0m 
  KAIJU/REMIX/precipitation/alpha         :   2.00000E-01[34m     (XML)[0m 
  KAIJU/REMIX/precipitation/beta          :   4.00000E-01[34m     (XML)[0m 
  KAIJU/REMIX/precipitation/R             :   8.00000E-02[32m (DEFAULT)[0m 
  KAIJU/REMIX/precipitation/doAuroralSmoot:             F[34m     (XML)[0m 
  KAIJU/REMIX/conductance/F107            :   1.20000E+02[32m (DEFAULT)[0m 
  KAIJU/REMIX/conductance/pedmin          :   2.00000E+00[32m (DEFAULT)[0m 
  KAIJU/REMIX/conductance/hallmin         :   1.00000E+00[32m (DEFAULT)[0m 
  KAIJU/REMIX/conductance/sigma_ratio     :   6.00000E+00[32m (DEFAULT)[0m 
  KAIJU/REMIX/conductance/ped0            :   1.00000E+01[32m (DEFAULT)[0m 
  KAIJU/REMIX/conductance/const_sigma     :             F[32m (DEFAULT)[0m 
  KAIJU/REMIX/conductance/doRamp          :             F[34m     (XML)[0m 
  KAIJU/REMIX/conductance/doChill         :             F[32m (DEFAULT)[0m 
  KAIJU/REMIX/conductance/doStarlight     :             T[34m     (XML)[0m 
  KAIJU/REMIX/conductance/doMR            :             F[32m (DEFAULT)[0m 
  KAIJU/REMIX/conductance/apply_cap       :             T[32m (DEFAULT)[0m 
  KAIJU/REMIX/precipitation/gamma         :   1.66667E+00[32m (DEFAULT)[0m 
  KAIJU/REMIX/conductance/doEMA           :             T[32m (DEFAULT)[0m 
  KAIJU/REMIX/conductance/doET            :             F[32m (DEFAULT)[0m 
  KAIJU/REMIX/conductance/doSWF107        :             T[32m (DEFAULT)[0m 
  KAIJU/REMIX/solver/maxitr               :           400[32m (DEFAULT)[0m 
  KAIJU/REMIX/solver/mr                   :            30[32m (DEFAULT)[0m 
  KAIJU/REMIX/solver/tol_abs              :   1.00000E-06[32m (DEFAULT)[0m 
  KAIJU/REMIX/solver/tol_rel              :   1.00000E-06[32m (DEFAULT)[0m 
  KAIJU/REMIX/solver/llbc_value           :   0.00000E+00[32m (DEFAULT)[0m 
  KAIJU/REMIX/grid/Np                     :           360[32m (DEFAULT)[0m 
  KAIJU/REMIX/grid/Nt                     :            45[32m (DEFAULT)[0m 
  KAIJU/REMIX/grid/LowLatBoundary         :   4.50000E+01[32m (DEFAULT)[0m 
  KAIJU/REMIX/grid/init_from_file         :             F[32m (DEFAULT)[0m 
  KAIJU/REMIX/output/dtOut                :   1.00000E+00[32m (DEFAULT)[0m 
  /Kaiju/gamera/restart/nRes              :             2[34m     (XML)[0m 
  KAIJU/REMIX/debug/mklmsglvl             :             0[32m (DEFAULT)[0m 
 [31m
 [0m 
 WARNING for ShellGrid with name: REMIX
 No radius provided, assuming Earth's ionosphere according to kdefs:
   1.01911227481538       Rp
 Using F10.7 =    100.000000000000     
 Using MJD0  =    52061.9583333333     
[32m<Writing HDF5 DATA @ t = -5.00E+00 [sec] >[0m 
 Overwriting group 
 sami3_moments_dsB_lmlt_recommended_long1800_bvolcc_tiote.gam.h5/Step#0
  KAIJU/CHIMP/domain/rClosed              :   2.25000E+00[32m (DEFAULT)[0m 
 ------------
 CHIMP Units
 inTScl =    2997.92458000000     
 inBScl =    17.0931245918848     
 inVScl =   3.335640951981520E-004
 ------------
  KAIJU/CHIMP/interp/wgt                  :           TSC[32m (DEFAULT)[0m 
  KAIJU/CHIMP/tracer/epsds                :   5.00000E-02[34m     (XML)[0m 
  KAIJU/CHIMP/tracer/doDip                :             F[32m (DEFAULT)[0m 
  KAIJU/CHIMP/streamline/steptype         :          MAGE[32m (DEFAULT)[0m 
  KAIJU/CHIMP/streamline/bMin_C           :   1.00000E-12[32m (DEFAULT)[0m 
<Grid size = (48,48,64)>
  KAIJU/CHIMP/fields/grType               :           LFM[34m     (XML)[0m 
 <Grid type = LFM>
 Doing grid calculations ...
 Finished grid calculations
 Initializing LFM locator
  KAIJU/CHIMP/domain/rmin                 :   1.01911E+00[32m (DEFAULT)[0m 
  KAIJU/CHIMP/domain/rmax                 :   2.69493E+01[32m (DEFAULT)[0m 
  KAIJU/CHIMP/domain/dtype                :          MAGE[34m     (XML)[0m 
 Using MAGE inDomain
  KAIJU/CHIMP/domain/xSun                 :   2.00000E+01[32m (DEFAULT)[0m 
  KAIJU/CHIMP/domain/xTail                :  -5.00000E+01[32m (DEFAULT)[0m 
  KAIJU/CHIMP/domain/yzMax                :   4.00000E+01[32m (DEFAULT)[0m 
  KAIJU/CHIMP/domain/gtype                :           LFM[32m (DEFAULT)[0m 
 Using spherical inGap
  KAIJU/CHIMP/domain/rgap                 :   2.81609E+00[32m (DEFAULT)[0m 
 MAXTUBESIZE =         5000
 [32m
 ---------------
 Kaiju configuration
Git branch = HEAD
Git hash   = 9e19bfc
Compiler   = Intel(R) Fortran Intel(R) 64 Compiler Classic for applications running on Intel(R) 64, Version 2021.10.0 Build 20230609_000000
Run starting on: Mon May 25 17:16:14 2026
 ---------------
[0m  [36m
 GAMERA
      Time = -5.00E+00 [sec]
        ts =        0
        dt =  1.19E-01 [sec]
    dt/dt0 =  100.000%
    Spent     0.0% of time waiting for Voltron
[0m       CPCP =    0.052   0.052 [kV, N/S]
 [34m
 VOLTRON
      UT   = 2001-06-01 22:59:55
      tilt =    0.000 [deg]
    Sym-H  =   -5.000 [nT]
    BSDst  ~    7.607 [nT]
           dSMRs  ~     0.24   -0.08   -0.08   -0.08 [nT, 12/18/00/06]
   Spent     0.0% of time waiting for Gamera
             0.0% of time processing Chimp(Helpers)
             0.0% of time processing IMAG
             0.0% of time processing Remix
             0.0% of time processing Tubes(Helpers)
             0.0% of time writing files
[0m [32m<Writing HDF5 DATA @ t = -5.00E+00 [sec] >[0m 
 Overwriting group 
 sami3_moments_dsB_lmlt_recommended_long1800_bvolcc_tiote.gam.h5/Step#0
[32m<Writing RAIJU HDF5 DATA @ t =  0.00E+00 [sec] >[0m 
 SAMI3 moments ingest applied after RAIJU realtime pack: 
 /home/jiaoy_group/jiaoy/data/MAGE1.25/kaiju_sami3_voltron_moments_20260523/anal
 ysis/sami3_voltron_raiju_diag_stubpayload_nfluid1_ds_over_B_voltron_tubeshell_l
 _mlt_lon0_bin_bvolcc_20260524.h5 group=/RaiCplMomentsOnly
 SAMI3 moments Pavg(0) min/max:  0.000000000000000E+000  4.578137400972702E-003
 SAMI3 moments Davg(0) min/max:  0.000000000000000E+000   887.748730468750     
 SAMI3 moments tiote min/max:  0.873951375484467        4.00000000000000     
 SAMI3 moments valid mask counts Pavg/Davg/Pstd/Dstd/tiote:        5940
        5940        5940        5940        5940
 RAIJU Cold starting...
  Real Dst             :   -5.00
  Model Dst            :    7.70
  Target DPS-Dst       :  -12.70
  Hot proton pre-loss  :  -28.73
            post-loss  :  -20.08
         post-rescale  :  -12.70
  Hot electron DPS-Dst :   -5.06
 RAIJU initializing plasmasphere with Kp =   3.00000000000000     
 [36m
 GAMERA
      Time =  1.17E-01 [sec]
        ts =       43
        dt =  1.19E-01 [sec]
    dt/dt0 =   99.907%
    Spent     0.0% of time waiting for Voltron
[0m       CPCP =    2.423   2.423 [kV, N/S]
 [34m
 VOLTRON
      UT   = 2001-06-01 23:00:00
      tilt =    0.000 [deg]
    Sym-H  =   -5.000 [nT]
    BSDst  ~    7.671 [nT]
           dSMRs  ~     0.25   -0.08   -0.09   -0.08 [nT, 12/18/00/06]
   DPSDst  ~   -5.801 [nT]
   Spent     4.7% of time waiting for Gamera
             2.2% of time processing Chimp(Helpers)
             3.1% of time processing IMAG
             2.2% of time processing Remix
             3.8% of time processing Tubes(Helpers)
             0.0% of time writing files
    Running @    2.422% of real-time (8 threads)
[0m  [35m
 RAIJU
      UT   = 2001-06-01 23:00:05
      Time =  5.00E+00 [sec]
     dtCpl =  5.00E+00 [sec]
     Max/Min dt @ k:
        Max    2.554 [min] @ 53
        Min 1.38E-01 [sec] @ 160
     Flav : max Press/Den @ L,MLT; DPS-dst
        0: P =   0.00, D =9075.91 @  1.54 Rp,12.07 MLT; DPS:   0.00
        1: P =   1.03, D =   0.44 @  4.00 Rp,15.69 MLT; DPS:  -2.01
        2: P =   2.67, D =   0.40 @  4.00 Rp,15.51 MLT; DPS:  -5.12
[0m [32m<Writing HDF5 DATA @ t =  1.17E-01 [sec] >[0m 
 Overwriting group 
 sami3_moments_dsB_lmlt_recommended_long1800_bvolcc_tiote.gamCpl.h5/Step#1
[32m<Writing RAIJU HDF5 DATA @ t =  5.00E+00 [sec] >[0m 
[32m<Writing HDF5 RESTART @ t =  1.17E-01 [sec] >[0m 
[32m<Writing RAIJU HDF5 RESTART @ t =  5.00E+00 [sec] >[0m 
 [36m
 GAMERA
      Time =  5.01E+00 [sec]
        ts =       83
        dt =  1.25E-01 [sec]
    dt/dt0 =  104.655%
    Spent     0.0% of time waiting for Voltron
      kZCs =   3402.11 /    995.33 [MHD/TOT] (8 threads)
[0m       CPCP =    3.073   3.074 [kV, N/S]
 [34m
 VOLTRON
      UT   = 2001-06-01 23:00:05
      tilt =    0.000 [deg]
    Sym-H  =   -5.000 [nT]
    BSDst  ~    7.696 [nT]
           dSMRs  ~     0.26   -0.08   -0.09   -0.08 [nT, 12/18/00/06]
   DPSDst  ~   -5.680 [nT]
   Spent     8.9% of time waiting for Gamera
             4.4% of time processing Chimp(Helpers)
             4.0% of time processing IMAG
             3.9% of time processing Remix
             7.5% of time processing Tubes(Helpers)
             0.0% of time writing files
    Running @    4.833% of real-time (8 threads)
[0m  [35m
 RAIJU
      UT   = 2001-06-01 23:00:10
      Time =  1.00E+01 [sec]
     dtCpl =  5.00E+00 [sec]
     Max/Min dt @ k:
        Max    2.700 [min] @ 53
        Min 1.38E-01 [sec] @ 160
     Flav : max Press/Den @ L,MLT; DPS-dst
        0: P =   0.00, D =9075.91 @  1.54 Rp,12.07 MLT; DPS:   0.00
        1: P =   1.00, D =   0.47 @  4.16 Rp,16.22 MLT; DPS:  -1.99
        2: P =   2.67, D =   0.40 @  3.96 Rp,15.47 MLT; DPS:  -5.12
[0m [32m<Writing HDF5 DATA @ t =  5.01E+00 [sec] >[0m 
[32m<Writing RAIJU HDF5 DATA @ t =  1.00E+01 [sec] >[0m 
 [36m
 GAMERA
      Time =  1.00E+01 [sec]
        ts =      123
        dt =  1.27E-01 [sec]
    dt/dt0 =  106.441%
    Spent     0.0% of time waiting for Voltron
      kZCs =   3398.78 /    983.70 [MHD/TOT] (8 threads)
[0m       CPCP =    3.295   3.296 [kV, N/S]
 [34m
 VOLTRON
      UT   = 2001-06-01 23:00:10
      tilt =    0.000 [deg]
    Sym-H  =   -5.000 [nT]
    BSDst  ~    7.714 [nT]
           dSMRs  ~     0.28   -0.11   -0.06   -0.11 [nT, 12/18/00/06]
   DPSDst  ~   -5.659 [nT]
   Spent    12.5% of time waiting for Gamera
             6.2% of time processing Chimp(Helpers)
             4.8% of time processing IMAG
             5.6% of time processing Remix
            10.6% of time processing Tubes(Helpers)
             0.0% of time writing files
    Running @    7.353% of real-time (8 threads)
[0m  [35m
 RAIJU
      UT   = 2001-06-01 23:00:15
      Time =  1.50E+01 [sec]
     dtCpl =  5.00E+00 [sec]
     Max/Min dt @ k:
        Max    2.660 [min] @ 53
        Min 1.38E-01 [sec] @ 160
     Flav : max Press/Den @ L,MLT; DPS-dst
        0: P =   0.00, D =9075.91 @  1.54 Rp,12.07 MLT; DPS:   0.00
        1: P =   0.98, D =   0.46 @  4.16 Rp,16.22 MLT; DPS:  -1.96
        2: P =   2.68, D =   0.40 @  3.96 Rp,15.46 MLT; DPS:  -5.12
[0m [32m<Writing HDF5 DATA @ t =  1.00E+01 [sec] >[0m 
[32m<Writing RAIJU HDF5 DATA @ t =  1.50E+01 [sec] >[0m 
 [36m
 GAMERA
      Time =  1.50E+01 [sec]
        ts =      162
        dt =  1.28E-01 [sec]
    dt/dt0 =  107.155%
    Spent     0.0% of time waiting for Voltron
      kZCs =   3399.41 /    956.74 [MHD/TOT] (8 threads)
[0m       CPCP =    3.259   3.260 [kV, N/S]
 [34m
 VOLTRON
      UT   = 2001-06-01 23:00:15
      tilt =    0.000 [deg]
    Sym-H  =   -5.000 [nT]
    BSDst  ~    7.700 [nT]
           dSMRs  ~     0.28   -0.11   -0.05   -0.12 [nT, 12/18/00/06]
   DPSDst  ~   -5.638 [nT]
   Spent    15.4% of time waiting for Gamera
             7.7% of time processing Chimp(Helpers)
             5.4% of time processing IMAG
             7.2% of time processing Remix
            13.2% of time processing Tubes(Helpers)
             0.0% of time writing files
    Running @    9.776% of real-time (8 threads)
[0m  [35m
 RAIJU
      UT   = 2001-06-01 23:00:20
      Time =  2.00E+01 [sec]
     dtCpl =  5.00E+00 [sec]
     Max/Min dt @ k:
        Max    2.511 [min] @ 53
        Min 1.38E-01 [sec] @ 160
     Flav : max Press/Den @ L,MLT; DPS-dst
        0: P =   0.00, D =9075.91 @  1.54 Rp,12.07 MLT; DPS:   0.00
        1: P =   0.95, D =   0.45 @  4.21 Rp,16.26 MLT; DPS:  -1.93
        2: P =   2.67, D =   0.40 @  3.96 Rp,15.46 MLT; DPS:  -5.12
[0m [32m<Writing HDF5 DATA @ t =  1.50E+01 [sec] >[0m 
[32m<Writing RAIJU HDF5 DATA @ t =  2.00E+01 [sec] >[0m 
 [36m
 GAMERA
      Time =  2.01E+01 [sec]
        ts =      202
        dt =  1.28E-01 [sec]
    dt/dt0 =  107.571%
    Spent     0.0% of time waiting for Voltron
      kZCs =   3400.54 /    967.86 [MHD/TOT] (8 threads)
[0m       CPCP =    3.117   3.119 [kV, N/S]
 [34m
 VOLTRON
      UT   = 2001-06-01 23:00:20
      tilt =    0.000 [deg]
    Sym-H  =   -5.000 [nT]
    BSDst  ~    7.804 [nT]
           dSMRs  ~     0.27   -0.12   -0.03   -0.12 [nT, 12/18/00/06]
   DPSDst  ~   -5.620 [nT]
   Spent    17.9% of time waiting for Gamera
             9.0% of time processing Chimp(Helpers)
             5.9% of time processing IMAG
             8.6% of time processing Remix
            15.2% of time processing Tubes(Helpers)
             0.0% of time writing files
    Running @   12.166% of real-time (8 threads)
[0m  [35m
 RAIJU
      UT   = 2001-06-01 23:00:25
      Time =  2.50E+01 [sec]
     dtCpl =  5.00E+00 [sec]
     Max/Min dt @ k:
        Max    2.549 [min] @ 53
        Min 1.38E-01 [sec] @ 160
     Flav : max Press/Den @ L,MLT; DPS-dst
        0: P =   0.00, D =9075.91 @  1.54 Rp,12.07 MLT; DPS:   0.00
        1: P =   0.93, D =   0.45 @  4.21 Rp,16.26 MLT; DPS:  -1.91
        2: P =   2.67, D =   0.40 @  3.96 Rp,15.47 MLT; DPS:  -5.12
[0m [32m<Writing HDF5 DATA @ t =  2.01E+01 [sec] >[0m 
[32m<Writing RAIJU HDF5 DATA @ t =  2.50E+01 [sec] >[0m 
 [36m
 GAMERA
      Time =  2.51E+01 [sec]
        ts =      241
        dt =  1.28E-01 [sec]
    dt/dt0 =  107.835%
    Spent     0.0% of time waiting for Voltron
      kZCs =   3399.21 /    948.94 [MHD/TOT] (8 threads)
[0m       CPCP =    2.992   2.994 [kV, N/S]
 [34m
 VOLTRON
      UT   = 2001-06-01 23:00:25
      tilt =    0.000 [deg]
    Sym-H  =   -5.000 [nT]
    BSDst  ~    7.821 [nT]
           dSMRs  ~     0.25   -0.10   -0.05   -0.10 [nT, 12/18/00/06]
   DPSDst  ~   -5.628 [nT]
   Spent    20.0% of time waiting for Gamera
            10.1% of time processing Chimp(Helpers)
             6.4% of time processing IMAG
             9.9% of time processing Remix
            17.0% of time processing Tubes(Helpers)
             0.0% of time writing files
    Running @   14.434% of real-time (8 threads)
[0m  [35m
 RAIJU
      UT   = 2001-06-01 23:00:30
      Time =  3.00E+01 [sec]
     dtCpl =  5.00E+00 [sec]
     Max/Min dt @ k:
        Max    2.416 [min] @ 53
        Min 1.38E-01 [sec] @ 160
     Flav : max Press/Den @ L,MLT; DPS-dst
        0: P =   0.00, D =9075.91 @  1.54 Rp,12.07 MLT; DPS:   0.00
        1: P =   0.90, D =   0.44 @  4.21 Rp,16.27 MLT; DPS:  -1.88
        2: P =   2.66, D =   0.40 @  3.96 Rp,15.47 MLT; DPS:  -5.13
[0m [32m<Writing HDF5 DATA @ t =  2.51E+01 [sec] >[0m 
[32m<Writing RAIJU HDF5 DATA @ t =  3.00E+01 [sec] >[0m 
 [36m
 GAMERA
      Time =  3.01E+01 [sec]
        ts =      280
        dt =  1.29E-01 [sec]
    dt/dt0 =  108.024%
    Spent     0.0% of time waiting for Voltron
      kZCs =   3401.42 /    952.62 [MHD/TOT] (8 threads)
[0m       CPCP =    2.945   2.948 [kV, N/S]
 [34m
 VOLTRON
      UT   = 2001-06-01 23:00:30
      tilt =    0.000 [deg]
    Sym-H  =   -5.000 [nT]
    BSDst  ~    7.693 [nT]
           dSMRs  ~     0.24   -0.11   -0.03   -0.11 [nT, 12/18/00/06]
   DPSDst  ~   -5.599 [nT]
   Spent    21.7% of time waiting for Gamera
            11.0% of time processing Chimp(Helpers)
             6.8% of time processing IMAG
            11.0% of time processing Remix
            18.5% of time processing Tubes(Helpers)
             0.0% of time writing files
    Running @   16.612% of real-time (8 threads)
[0m  [35m
 RAIJU
      UT   = 2001-06-01 23:00:35
      Time =  3.50E+01 [sec]
     dtCpl =  5.00E+00 [sec]
     Max/Min dt @ k:
        Max    2.414 [min] @ 53
        Min 1.38E-01 [sec] @ 160
     Flav : max Press/Den @ L,MLT; DPS-dst
        0: P =   0.00, D =9075.91 @  1.54 Rp,12.07 MLT; DPS:   0.00
        1: P =   0.88, D =   0.43 @  4.21 Rp, 9.00 MLT; DPS:  -1.86
        2: P =   2.66, D =   0.40 @  3.96 Rp,15.47 MLT; DPS:  -5.13
[0m [32m<Writing HDF5 DATA @ t =  3.01E+01 [sec] >[0m 
[32m<Writing RAIJU HDF5 DATA @ t =  3.50E+01 [sec] >[0m 
 [36m
 GAMERA
      Time =  3.50E+01 [sec]
        ts =      318
        dt =  1.29E-01 [sec]
    dt/dt0 =  108.147%
    Spent     0.0% of time waiting for Voltron
      kZCs =   3400.90 /    940.64 [MHD/TOT] (8 threads)
[0m       CPCP =    2.871   2.878 [kV, N/S]
 [34m
 VOLTRON
      UT   = 2001-06-01 23:00:35
      tilt =    0.000 [deg]
    Sym-H  =   -5.000 [nT]
    BSDst  ~    7.524 [nT]
           dSMRs  ~     0.28   -0.12   -0.04   -0.12 [nT, 12/18/00/06]
   DPSDst  ~   -5.553 [nT]
   Spent    23.1% of time waiting for Gamera
            11.8% of time processing Chimp(Helpers)
             7.1% of time processing IMAG
            11.9% of time processing Remix
            19.8% of time processing Tubes(Helpers)
             0.0% of time writing files
    Running @   18.665% of real-time (8 threads)
[0m  [35m
 RAIJU
      UT   = 2001-06-01 23:00:40
      Time =  4.00E+01 [sec]
     dtCpl =  5.00E+00 [sec]
     Max/Min dt @ k:
        Max    2.202 [min] @ 54
        Min 1.38E-01 [sec] @ 160
     Flav : max Press/Den @ L,MLT; DPS-dst
        0: P =   0.00, D =9075.91 @  1.54 Rp,12.07 MLT; DPS:   0.00
        1: P =   0.86, D =   0.43 @  4.21 Rp, 9.13 MLT; DPS:  -1.83
        2: P =   2.66, D =   0.40 @  3.96 Rp,15.47 MLT; DPS:  -5.12
[0m [32m<Writing HDF5 DATA @ t =  3.50E+01 [sec] >[0m 
[32m<Writing RAIJU HDF5 DATA @ t =  4.00E+01 [sec] >[0m 
 [36m
 GAMERA
      Time =  4.00E+01 [sec]
        ts =      357
        dt =  1.29E-01 [sec]
    dt/dt0 =  108.236%
    Spent     0.0% of time waiting for Voltron
      kZCs =   3400.82 /    958.27 [MHD/TOT] (8 threads)
[0m       CPCP =    2.813   2.820 [kV, N/S]
 [34m
 VOLTRON
      UT   = 2001-06-01 23:00:40
      tilt =    0.000 [deg]
    Sym-H  =   -5.000 [nT]
    BSDst  ~    7.395 [nT]
           dSMRs  ~     0.31   -0.13   -0.06   -0.12 [nT, 12/18/00/06]
   DPSDst  ~   -5.551 [nT]
   Spent    24.4% of time waiting for Gamera
            12.4% of time processing Chimp(Helpers)
             7.3% of time processing IMAG
            12.7% of time processing Remix
            20.9% of time processing Tubes(Helpers)
             0.0% of time writing files
    Running @   20.741% of real-time (8 threads)
[0m  [35m
 RAIJU
      UT   = 2001-06-01 23:00:45
      Time =  4.50E+01 [sec]
     dtCpl =  5.00E+00 [sec]
     Max/Min dt @ k:
        Max    2.108 [min] @ 54
        Min 1.38E-01 [sec] @ 160
     Flav : max Press/Den @ L,MLT; DPS-dst
        0: P =   0.00, D =9075.91 @  1.54 Rp,12.07 MLT; DPS:   0.00
        1: P =   0.84, D =   0.42 @  4.21 Rp, 9.00 MLT; DPS:  -1.82
        2: P =   2.66, D =   0.40 @  3.96 Rp,15.47 MLT; DPS:  -5.14
[0m [32m<Writing HDF5 DATA @ t =  4.00E+01 [sec] >[0m 
[32m<Writing RAIJU HDF5 DATA @ t =  4.50E+01 [sec] >[0m 
 [36m
 GAMERA
      Time =  4.51E+01 [sec]
        ts =      396
        dt =  1.29E-01 [sec]
    dt/dt0 =  108.298%
    Spent     0.0% of time waiting for Voltron
      kZCs =   3400.22 /    962.28 [MHD/TOT] (8 threads)
[0m       CPCP =    2.889   2.878 [kV, N/S]
 [34m
 VOLTRON
      UT   = 2001-06-01 23:00:45
      tilt =    0.000 [deg]
    Sym-H  =   -5.000 [nT]
    BSDst  ~    7.288 [nT]
           dSMRs  ~     0.29   -0.12   -0.04   -0.12 [nT, 12/18/00/06]
   DPSDst  ~   -5.548 [nT]
   Spent    25.5% of time waiting for Gamera
            13.0% of time processing Chimp(Helpers)
             7.6% of time processing IMAG
            13.3% of time processing Remix
            21.7% of time processing Tubes(Helpers)
             0.0% of time writing files
    Running @   22.758% of real-time (8 threads)
[0m  [35m
 RAIJU
      UT   = 2001-06-01 23:00:50
      Time =  5.00E+01 [sec]
     dtCpl =  5.00E+00 [sec]
     Max/Min dt @ k:
        Max    1.923 [min] @ 54
        Min 1.38E-01 [sec] @ 160
     Flav : max Press/Den @ L,MLT; DPS-dst
        0: P =   0.00, D =9075.91 @  1.54 Rp,12.07 MLT; DPS:   0.00
        1: P =   0.81, D =   0.41 @  4.21 Rp, 9.13 MLT; DPS:  -1.80
        2: P =   2.65, D =   0.40 @  3.96 Rp,15.47 MLT; DPS:  -5.15
[0m [32m<Writing HDF5 DATA @ t =  4.51E+01 [sec] >[0m 
[32m<Writing RAIJU HDF5 DATA @ t =  5.00E+01 [sec] >[0m 
 [36m
 GAMERA
      Time =  5.01E+01 [sec]
        ts =      435
        dt =  1.27E-01 [sec]
    dt/dt0 =  106.796%
    Spent     0.0% of time waiting for Voltron
      kZCs =   3402.63 /    962.75 [MHD/TOT] (8 threads)
[0m       CPCP =    2.967   2.948 [kV, N/S]
 [34m
 VOLTRON
      UT   = 2001-06-01 23:00:50
      tilt =    0.000 [deg]
    Sym-H  =   -5.000 [nT]
    BSDst  ~    7.111 [nT]
           dSMRs  ~     0.26   -0.13   -0.01   -0.12 [nT, 12/18/00/06]
   DPSDst  ~   -5.538 [nT]
   Spent    26.4% of time waiting for Gamera
            13.4% of time processing Chimp(Helpers)
             7.8% of time processing IMAG
            13.8% of time processing Remix
            22.5% of time processing Tubes(Helpers)
             0.0% of time writing files
    Running @   24.720% of real-time (8 threads)
[0m  [35m
 RAIJU
      UT   = 2001-06-01 23:00:55
      Time =  5.50E+01 [sec]
     dtCpl =  5.00E+00 [sec]
     Max/Min dt @ k:
        Max    1.829 [min] @ 54
        Min 1.38E-01 [sec] @ 160
     Flav : max Press/Den @ L,MLT; DPS-dst
        0: P =   0.00, D =9075.91 @  1.54 Rp,12.07 MLT; DPS:   0.00
        1: P =   0.79, D =   0.40 @  4.21 Rp,14.87 MLT; DPS:  -1.79
        2: P =   2.65, D =   0.40 @  3.96 Rp,15.47 MLT; DPS:  -5.17
[0m [32m<Writing HDF5 DATA @ t =  5.01E+01 [sec] >[0m 
[32m<Writing RAIJU HDF5 DATA @ t =  5.50E+01 [sec] >[0m 
 [36m
 GAMERA
      Time =  5.51E+01 [sec]
        ts =      475
        dt =  1.24E-01 [sec]
    dt/dt0 =  104.291%
    Spent     0.0% of time waiting for Voltron
      kZCs =   3403.29 /    982.07 [MHD/TOT] (8 threads)
[0m       CPCP =    3.153   3.130 [kV, N/S]
 [34m
 VOLTRON
      UT   = 2001-06-01 23:00:55
      tilt =    0.000 [deg]
    Sym-H  =   -5.000 [nT]
    BSDst  ~    6.900 [nT]
           dSMRs  ~     0.25   -0.13    0.01   -0.12 [nT, 12/18/00/06]
   DPSDst  ~   -5.534 [nT]
   Spent    27.3% of time waiting for Gamera
            13.8% of time processing Chimp(Helpers)
             7.9% of time processing IMAG
            14.3% of time processing Remix
            23.1% of time processing Tubes(Helpers)
             0.0% of time writing files
    Running @   26.612% of real-time (8 threads)
[0m  [35m
 RAIJU
      UT   = 2001-06-01 23:00:59
      Time =  6.00E+01 [sec]
     dtCpl =  5.00E+00 [sec]
     Max/Min dt @ k:
        Max    1.768 [min] @ 54
        Min 1.38E-01 [sec] @ 160
     Flav : max Press/Den @ L,MLT; DPS-dst
        0: P =   0.00, D =9075.91 @  1.54 Rp,12.07 MLT; DPS:   0.00
        1: P =   0.77, D =   0.40 @  4.21 Rp,15.00 MLT; DPS:  -1.77
        2: P =   2.65, D =   0.40 @  3.96 Rp,15.47 MLT; DPS:  -5.18
[0m [32m<Writing HDF5 DATA @ t =  5.51E+01 [sec] >[0m 
[32m<Writing RAIJU HDF5 DATA @ t =  6.00E+01 [sec] >[0m 
 [36m
 GAMERA
      Time =     1.001 [min]
        ts =      515
        dt =  1.23E-01 [sec]
    dt/dt0 =  102.924%
    Spent     0.0% of time waiting for Voltron
      kZCs =   3405.06 /    986.61 [MHD/TOT] (8 threads)
[0m       CPCP =    3.295   3.271 [kV, N/S]
 [34m
 VOLTRON
      UT   = 2001-06-01 23:01:00
      tilt =    0.000 [deg]
    Sym-H  =   -5.000 [nT]
    BSDst  ~    6.681 [nT]
           dSMRs  ~     0.25   -0.14    0.02   -0.13 [nT, 12/18/00/06]
   DPSDst  ~   -5.530 [nT]
   Spent    28.1% of time waiting for Gamera
            14.1% of time processing Chimp(Helpers)
             8.1% of time processing IMAG
            14.6% of time processing Remix
            23.5% of time processing Tubes(Helpers)
             0.0% of time writing files
    Running @   28.401% of real-time (8 threads)
[0m  [35m
 RAIJU
      UT   = 2001-06-01 23:01:05
      Time =     1.083 [min]
     dtCpl =  5.00E+00 [sec]
     Max/Min dt @ k:
        Max    1.740 [min] @ 54
        Min 1.38E-01 [sec] @ 160
     Flav : max Press/Den @ L,MLT; DPS-dst
        0: P =   0.00, D =9075.91 @  1.54 Rp,12.07 MLT; DPS:   0.00
        1: P =   0.75, D =   0.39 @  4.21 Rp,15.13 MLT; DPS:  -1.76
        2: P =   2.64, D =   0.40 @  3.96 Rp,15.47 MLT; DPS:  -5.19
[0m [32m<Writing HDF5 DATA @ t =     1.001 [min] >[0m 
[32m<Writing RAIJU HDF5 DATA @ t =     1.083 [min] >[0m 
 [36m
 GAMERA
      Time =     1.084 [min]
        ts =      556
        dt =  1.23E-01 [sec]
    dt/dt0 =  102.911%
    Spent     0.0% of time waiting for Voltron
      kZCs =   3404.68 /   1007.21 [MHD/TOT] (8 threads)
[0m       CPCP =    3.553   3.537 [kV, N/S]
 [34m
 VOLTRON
      UT   = 2001-06-01 23:01:05
      tilt =    0.000 [deg]
    Sym-H  =   -5.000 [nT]
    BSDst  ~    6.481 [nT]
           dSMRs  ~     0.24   -0.13    0.03   -0.13 [nT, 12/18/00/06]
   DPSDst  ~   -5.516 [nT]
   Spent    28.8% of time waiting for Gamera
            14.4% of time processing Chimp(Helpers)
             8.2% of time processing IMAG
            14.9% of time processing Remix
            23.9% of time processing Tubes(Helpers)
             0.0% of time writing files
    Running @   30.167% of real-time (8 threads)
[0m  [35m
 RAIJU
      UT   = 2001-06-01 23:01:10
      Time =     1.167 [min]
     dtCpl =  5.00E+00 [sec]
     Max/Min dt @ k:
        Max    1.770 [min] @ 54
        Min 1.38E-01 [sec] @ 160
     Flav : max Press/Den @ L,MLT; DPS-dst
        0: P =   0.00, D =9075.91 @  1.54 Rp,12.07 MLT; DPS:   0.00
        1: P =   0.74, D =   0.38 @  4.21 Rp,23.00 MLT; DPS:  -1.74
        2: P =   2.64, D =   0.40 @  3.96 Rp,15.40 MLT; DPS:  -5.21
[0m [32m<Writing HDF5 DATA @ t =     1.084 [min] >[0m 
[32m<Writing RAIJU HDF5 DATA @ t =     1.167 [min] >[0m 
 [36m
 GAMERA
      Time =     1.169 [min]
        ts =      597
        dt =  1.24E-01 [sec]
    dt/dt0 =  104.393%
    Spent     0.0% of time waiting for Voltron
      kZCs =   3405.07 /   1010.01 [MHD/TOT] (8 threads)
[0m       CPCP =    3.677   3.650 [kV, N/S]
 [34m
 VOLTRON
      UT   = 2001-06-01 23:01:10
      tilt =    0.000 [deg]
    Sym-H  =   -5.000 [nT]
    BSDst  ~    6.305 [nT]
           dSMRs  ~     0.25   -0.13    0.01   -0.13 [nT, 12/18/00/06]
   DPSDst  ~   -5.508 [nT]
   Spent    29.5% of time waiting for Gamera
            14.6% of time processing Chimp(Helpers)
             8.3% of time processing IMAG
            15.1% of time processing Remix
            24.2% of time processing Tubes(Helpers)
             0.0% of time writing files
    Running @   31.910% of real-time (8 threads)
[0m  [35m
 RAIJU
      UT   = 2001-06-01 23:01:15
      Time =     1.250 [min]
     dtCpl =  5.00E+00 [sec]
     Max/Min dt @ k:
        Max    1.749 [min] @ 54
        Min 1.38E-01 [sec] @ 160
     Flav : max Press/Den @ L,MLT; DPS-dst
        0: P =   0.00, D =9075.91 @  1.54 Rp,12.07 MLT; DPS:   0.00
        1: P =   0.72, D =   0.38 @  4.21 Rp,15.27 MLT; DPS:  -1.73
        2: P =   2.64, D =   0.40 @  3.97 Rp, 0.20 MLT; DPS:  -5.22
[0m [32m<Writing HDF5 DATA @ t =     1.169 [min] >[0m 
[32m<Writing RAIJU HDF5 DATA @ t =     1.250 [min] >[0m 
 [36m
 GAMERA
      Time =     1.251 [min]
        ts =      637
        dt =  1.24E-01 [sec]
    dt/dt0 =  103.898%
    Spent     0.0% of time waiting for Voltron
      kZCs =   3404.47 /    997.71 [MHD/TOT] (8 threads)
[0m       CPCP =    3.718   3.692 [kV, N/S]
 [34m
 VOLTRON
      UT   = 2001-06-01 23:01:15
      tilt =    0.000 [deg]
    Sym-H  =   -5.000 [nT]
    BSDst  ~    6.165 [nT]
           dSMRs  ~     0.26   -0.13    0.00   -0.13 [nT, 12/18/00/06]
   DPSDst  ~   -5.510 [nT]
   Spent    30.0% of time waiting for Gamera
            14.8% of time processing Chimp(Helpers)
             8.4% of time processing IMAG
            15.2% of time processing Remix
            24.4% of time processing Tubes(Helpers)
             0.0% of time writing files
    Running @   33.564% of real-time (8 threads)
[0m  [35m
 RAIJU
      UT   = 2001-06-01 23:01:20
      Time =     1.333 [min]
     dtCpl =  5.00E+00 [sec]
     Max/Min dt @ k:
        Max    1.751 [min] @ 54
        Min 1.38E-01 [sec] @ 160
     Flav : max Press/Den @ L,MLT; DPS-dst
        0: P =   0.00, D =9075.91 @  1.54 Rp,12.07 MLT; DPS:   0.00
        1: P =   0.70, D =   0.37 @  4.21 Rp,21.00 MLT; DPS:  -1.72
        2: P =   2.64, D =   0.40 @  3.97 Rp, 0.20 MLT; DPS:  -5.23
[0m [32m<Writing HDF5 DATA @ t =     1.251 [min] >[0m 
[32m<Writing RAIJU HDF5 DATA @ t =     1.333 [min] >[0m 
 [36m
 GAMERA
      Time =     1.333 [min]
        ts =      677
        dt =  1.23E-01 [sec]
    dt/dt0 =  103.506%
    Spent     0.0% of time waiting for Voltron
      kZCs =   3405.65 /    998.13 [MHD/TOT] (8 threads)
[0m       CPCP =    3.840   3.808 [kV, N/S]
 [34m
 VOLTRON
      UT   = 2001-06-01 23:01:20
      tilt =    0.000 [deg]
    Sym-H  =   -5.000 [nT]
    BSDst  ~    6.062 [nT]
           dSMRs  ~     0.25   -0.13    0.00   -0.13 [nT, 12/18/00/06]
   DPSDst  ~   -5.512 [nT]
   Spent    30.4% of time waiting for Gamera
            15.0% of time processing Chimp(Helpers)
             8.5% of time processing IMAG
            15.3% of time processing Remix
            24.7% of time processing Tubes(Helpers)
             0.0% of time writing files
    Running @   35.162% of real-time (8 threads)
[0m  [35m
 RAIJU
      UT   = 2001-06-01 23:01:25
      Time =     1.417 [min]
     dtCpl =  5.00E+00 [sec]
     Max/Min dt @ k:
        Max    1.720 [min] @ 54
        Min 1.38E-01 [sec] @ 160
     Flav : max Press/Den @ L,MLT; DPS-dst
        0: P =   0.00, D =9075.91 @  1.54 Rp,12.07 MLT; DPS:   0.00
        1: P =   0.70, D =   0.37 @  4.21 Rp,11.93 MLT; DPS:  -1.71
        2: P =   2.66, D =   0.43 @  4.21 Rp,12.20 MLT; DPS:  -5.25
[0m [32m<Writing HDF5 DATA @ t =     1.333 [min] >[0m 
[32m<Writing RAIJU HDF5 DATA @ t =     1.417 [min] >[0m 
 [36m
 GAMERA
      Time =     1.417 [min]
        ts =      718
        dt =  1.22E-01 [sec]
    dt/dt0 =  102.778%
    Spent     0.0% of time waiting for Voltron
      kZCs =   3403.72 /   1015.04 [MHD/TOT] (8 threads)
[0m       CPCP =    4.023   4.070 [kV, N/S]
 [34m
 VOLTRON
      UT   = 2001-06-01 23:01:25
      tilt =    0.000 [deg]
    Sym-H  =   -5.000 [nT]
    BSDst  ~    5.911 [nT]
           dSMRs  ~     0.17   -0.10    0.03   -0.10 [nT, 12/18/00/06]
   DPSDst  ~   -5.514 [nT]
   Spent    30.8% of time waiting for Gamera
            15.2% of time processing Chimp(Helpers)
             8.6% of time processing IMAG
            15.4% of time processing Remix
            24.9% of time processing Tubes(Helpers)
             0.0% of time writing files
    Running @   36.713% of real-time (8 threads)
[0m  [35m
 RAIJU
      UT   = 2001-06-01 23:01:30
      Time =     1.500 [min]
     dtCpl =  5.00E+00 [sec]
     Max/Min dt @ k:
        Max    1.657 [min] @ 54
        Min 1.38E-01 [sec] @ 160
     Flav : max Press/Den @ L,MLT; DPS-dst
        0: P =   0.00, D =9075.91 @  1.54 Rp,12.07 MLT; DPS:   0.00
        1: P =   0.70, D =   0.37 @  4.20 Rp,11.80 MLT; DPS:  -1.69
        2: P =   2.74, D =   0.43 @  4.19 Rp,12.47 MLT; DPS:  -5.27
[0m [32m<Writing HDF5 DATA @ t =     1.417 [min] >[0m 
[32m<Writing RAIJU HDF5 DATA @ t =     1.500 [min] >[0m 
 [36m
 GAMERA
      Time =     1.501 [min]
        ts =      759
        dt =  1.22E-01 [sec]
    dt/dt0 =  102.406%
    Spent     0.0% of time waiting for Voltron
      kZCs =   3404.30 /   1017.06 [MHD/TOT] (8 threads)
[0m       CPCP =    4.424   4.265 [kV, N/S]
 [34m
 VOLTRON
      UT   = 2001-06-01 23:01:30
      tilt =    0.000 [deg]
    Sym-H  =   -5.000 [nT]
    BSDst  ~    6.311 [nT]
           dSMRs  ~     0.75   -0.24   -0.26   -0.25 [nT, 12/18/00/06]
   DPSDst  ~   -5.513 [nT]
   Spent    31.2% of time waiting for Gamera
            15.3% of time processing Chimp(Helpers)
             8.6% of time processing IMAG
            15.4% of time processing Remix
            25.0% of time processing Tubes(Helpers)
             0.0% of time writing files
    Running @   38.228% of real-time (8 threads)
[0m  [35m
 RAIJU
      UT   = 2001-06-01 23:01:35
      Time =     1.583 [min]
     dtCpl =  5.00E+00 [sec]
     Max/Min dt @ k:
        Max    1.558 [min] @ 54
        Min 1.38E-01 [sec] @ 160
     Flav : max Press/Den @ L,MLT; DPS-dst
        0: P =   0.00, D =9075.91 @  1.54 Rp,12.07 MLT; DPS:   0.00
        1: P =   0.69, D =   0.37 @  4.18 Rp,11.53 MLT; DPS:  -1.68
        2: P =   2.79, D =   0.44 @  4.18 Rp,12.47 MLT; DPS:  -5.28
[0m [32m<Writing HDF5 DATA @ t =     1.501 [min] >[0m 
[32m<Writing RAIJU HDF5 DATA @ t =     1.583 [min] >[0m 
 [36m
 GAMERA
      Time =     1.584 [min]
        ts =      800
        dt =  1.21E-01 [sec]
    dt/dt0 =  101.923%
    Spent     0.0% of time waiting for Voltron
      kZCs =   3405.26 /   1028.91 [MHD/TOT] (8 threads)
[0m       CPCP =    4.741   4.446 [kV, N/S]
 [34m
 VOLTRON
      UT   = 2001-06-01 23:01:35
      tilt =    0.000 [deg]
    Sym-H  =   -5.000 [nT]
    BSDst  ~    7.966 [nT]
           dSMRs  ~     2.28   -0.57   -1.12   -0.58 [nT, 12/18/00/06]
   DPSDst  ~   -5.503 [nT]
   Spent    31.6% of time waiting for Gamera
            15.4% of time processing Chimp(Helpers)
             8.7% of time processing IMAG
            15.3% of time processing Remix
            25.2% of time processing Tubes(Helpers)
             0.0% of time writing files
    Running @   39.713% of real-time (8 threads)
[0m  [35m
 RAIJU
      UT   = 2001-06-01 23:01:40
      Time =     1.667 [min]
     dtCpl =  5.00E+00 [sec]
     Max/Min dt @ k:
        Max    1.461 [min] @ 54
        Min 1.38E-01 [sec] @ 160
     Flav : max Press/Den @ L,MLT; DPS-dst
        0: P =   0.00, D =9075.91 @  1.54 Rp,12.07 MLT; DPS:   0.00
        1: P =   0.67, D =   0.36 @  4.18 Rp,11.39 MLT; DPS:  -1.67
        2: P =   2.78, D =   0.44 @  4.18 Rp,12.61 MLT; DPS:  -5.29
[0m [32m<Writing HDF5 DATA @ t =     1.584 [min] >[0m 
[32m<Writing RAIJU HDF5 DATA @ t =     1.667 [min] >[0m 
 [36m
 GAMERA
      Time =     1.669 [min]
        ts =      842
        dt =  1.20E-01 [sec]
    dt/dt0 =  101.145%
    Spent     0.0% of time waiting for Voltron
      kZCs =   3406.95 /   1029.70 [MHD/TOT] (8 threads)
[0m       CPCP =    7.236   7.252 [kV, N/S]
 [34m
 VOLTRON
      UT   = 2001-06-01 23:01:40
      tilt =    0.000 [deg]
    Sym-H  =   -5.000 [nT]
    BSDst  ~    9.804 [nT]
           dSMRs  ~     3.23   -0.67   -1.86   -0.69 [nT, 12/18/00/06]
   DPSDst  ~   -5.484 [nT]
   Spent    31.9% of time waiting for Gamera
            15.5% of time processing Chimp(Helpers)
             8.7% of time processing IMAG
            15.4% of time processing Remix
            25.2% of time processing Tubes(Helpers)
             0.0% of time writing files
    Running @   41.137% of real-time (8 threads)
[0m  [35m
 RAIJU
      UT   = 2001-06-01 23:01:45
      Time =     1.750 [min]
     dtCpl =  5.00E+00 [sec]
     Max/Min dt @ k:
        Max    1.339 [min] @ 55
        Min 1.38E-01 [sec] @ 160
     Flav : max Press/Den @ L,MLT; DPS-dst
        0: P =   0.00, D =9075.91 @  1.54 Rp,12.07 MLT; DPS:   0.00
        1: P =   0.66, D =   0.36 @  4.18 Rp,11.40 MLT; DPS:  -1.65
        2: P =   2.78, D =   0.44 @  4.18 Rp,10.19 MLT; DPS:  -5.28
[0m [32m<Writing HDF5 DATA @ t =     1.669 [min] >[0m 
[32m<Writing RAIJU HDF5 DATA @ t =     1.750 [min] >[0m 
 [36m
 GAMERA
      Time =     1.750 [min]
        ts =      883
        dt =  1.19E-01 [sec]
    dt/dt0 =  100.236%
    Spent     0.0% of time waiting for Voltron
      kZCs =   3406.03 /   1013.53 [MHD/TOT] (8 threads)
[0m       CPCP =   12.364  12.415 [kV, N/S]
 [34m
 VOLTRON
      UT   = 2001-06-01 23:01:45
      tilt =    0.000 [deg]
    Sym-H  =   -5.000 [nT]
    BSDst  ~   10.714 [nT]
           dSMRs  ~     3.06   -0.50   -2.03   -0.53 [nT, 12/18/00/06]
   DPSDst  ~   -5.462 [nT]
   Spent    32.1% of time waiting for Gamera
            15.5% of time processing Chimp(Helpers)
             8.7% of time processing IMAG
            15.5% of time processing Remix
            25.3% of time processing Tubes(Helpers)
             0.0% of time writing files
    Running @   42.449% of real-time (8 threads)
[0m  [35m
 RAIJU
      UT   = 2001-06-01 23:01:50
      Time =     1.833 [min]
     dtCpl =  5.00E+00 [sec]
     Max/Min dt @ k:
        Max    1.246 [min] @ 55
        Min 1.38E-01 [sec] @ 160
     Flav : max Press/Den @ L,MLT; DPS-dst
        0: P =   0.00, D =9075.91 @  1.54 Rp,12.07 MLT; DPS:   0.00
        1: P =   0.64, D =   0.35 @  4.19 Rp,11.40 MLT; DPS:  -1.63
        2: P =   2.78, D =   0.44 @  4.18 Rp,10.19 MLT; DPS:  -5.27
[0m [32m<Writing HDF5 DATA @ t =     1.750 [min] >[0m 
[32m<Writing RAIJU HDF5 DATA @ t =     1.833 [min] >[0m 
 [36m
 GAMERA
      Time =     1.834 [min]
        ts =      925
        dt =  1.18E-01 [sec]
    dt/dt0 =   99.438%
    Spent     0.0% of time waiting for Voltron
      kZCs =   3406.20 /   1029.00 [MHD/TOT] (8 threads)
[0m       CPCP =   18.185  18.367 [kV, N/S]
 [34m
 VOLTRON
      UT   = 2001-06-01 23:01:50
      tilt =    0.000 [deg]
    Sym-H  =   -5.000 [nT]
    BSDst  ~   10.874 [nT]
           dSMRs  ~     2.46   -0.29   -1.86   -0.31 [nT, 12/18/00/06]
   DPSDst  ~   -5.468 [nT]
   Spent    32.4% of time waiting for Gamera
            15.6% of time processing Chimp(Helpers)
             8.8% of time processing IMAG
            15.6% of time processing Remix
            25.3% of time processing Tubes(Helpers)
             0.0% of time writing files
    Running @   43.725% of real-time (8 threads)
[0m  [35m
 RAIJU
      UT   = 2001-06-01 23:01:55
      Time =     1.917 [min]
     dtCpl =  5.00E+00 [sec]
     Max/Min dt @ k:
        Max 5.83E+01 [sec] @ 55
        Min 1.38E-01 [sec] @ 160
     Flav : max Press/Den @ L,MLT; DPS-dst
        0: P =   0.00, D =9075.91 @  1.54 Rp,12.07 MLT; DPS:   0.00
        1: P =   0.62, D =   0.34 @  4.19 Rp,11.40 MLT; DPS:  -1.61
        2: P =   2.78, D =   0.44 @  4.18 Rp,10.19 MLT; DPS:  -5.27
[0m [32m<Writing HDF5 DATA @ t =     1.834 [min] >[0m 
[32m<Writing RAIJU HDF5 DATA @ t =     1.917 [min] >[0m 
 [36m
 GAMERA
      Time =     1.918 [min]
        ts =      968
        dt =  1.18E-01 [sec]
    dt/dt0 =   98.739%
    Spent     0.0% of time waiting for Voltron
      kZCs =   3402.16 /   1045.34 [MHD/TOT] (8 threads)
[0m       CPCP =   25.049  25.285 [kV, N/S]
 [34m
 VOLTRON
      UT   = 2001-06-01 23:01:55
      tilt =    0.000 [deg]
    Sym-H  =   -5.000 [nT]
    BSDst  ~   10.516 [nT]
           dSMRs  ~     1.84   -0.14   -1.54   -0.16 [nT, 12/18/00/06]
   DPSDst  ~   -5.468 [nT]
   Spent    32.7% of time waiting for Gamera
            15.6% of time processing Chimp(Helpers)
             8.8% of time processing IMAG
            15.7% of time processing Remix
            25.3% of time processing Tubes(Helpers)
             0.0% of time writing files
    Running @   44.982% of real-time (8 threads)
[0m  [35m
 RAIJU
      UT   = 2001-06-01 23:01:59
      Time =     2.000 [min]
     dtCpl =  5.00E+00 [sec]
     Max/Min dt @ k:
        Max 4.36E+01 [sec] @ 56
        Min 1.38E-01 [sec] @ 160
     Flav : max Press/Den @ L,MLT; DPS-dst
        0: P =   0.00, D =9075.91 @  1.54 Rp,12.07 MLT; DPS:   0.00
        1: P =   0.60, D =   0.34 @  4.18 Rp,15.48 MLT; DPS:  -1.60
        2: P =   2.75, D =   0.43 @  4.19 Rp,10.19 MLT; DPS:  -5.26
[0m [32m<Writing HDF5 DATA @ t =     1.918 [min] >[0m 
[32m<Writing RAIJU HDF5 DATA @ t =     2.000 [min] >[0m 
 [36m
 GAMERA
      Time =     2.000 [min]
        ts =     1010
        dt =  1.17E-01 [sec]
    dt/dt0 =   98.037%
    Spent     0.0% of time waiting for Voltron
      kZCs =   3405.82 /   1027.74 [MHD/TOT] (8 threads)
[0m       CPCP =   29.262  29.536 [kV, N/S]
 [34m
 VOLTRON
      UT   = 2001-06-01 23:02:00
      tilt =    0.000 [deg]
    Sym-H  =   -5.000 [nT]
    BSDst  ~    9.938 [nT]
           dSMRs  ~     1.43   -0.09   -1.21   -0.13 [nT, 12/18/00/06]
   DPSDst  ~   -5.430 [nT]
   Spent    32.8% of time waiting for Gamera
            15.6% of time processing Chimp(Helpers)
             8.8% of time processing IMAG
            15.7% of time processing Remix
            25.3% of time processing Tubes(Helpers)
             0.0% of time writing files
    Running @   46.117% of real-time (8 threads)
[0m  [35m
 RAIJU
      UT   = 2001-06-01 23:02:05
      Time =     2.083 [min]
     dtCpl =  5.00E+00 [sec]
     Max/Min dt @ k:
        Max 3.54E+01 [sec] @ 57
        Min 1.38E-01 [sec] @ 160
     Flav : max Press/Den @ L,MLT; DPS-dst
        0: P =   0.00, D =9075.91 @  1.54 Rp,12.07 MLT; DPS:   0.00
        1: P =   0.58, D =   0.33 @  4.19 Rp,15.48 MLT; DPS:  -1.58
        2: P =   2.73, D =   0.43 @  4.19 Rp, 8.52 MLT; DPS:  -5.24
[0m [32m<Writing HDF5 DATA @ t =     2.000 [min] >[0m 
[32m<Writing RAIJU HDF5 DATA @ t =     2.083 [min] >[0m 
 [36m
 GAMERA
      Time =     2.084 [min]
        ts =     1053
        dt =  1.16E-01 [sec]
    dt/dt0 =   97.524%
    Spent     0.0% of time waiting for Voltron
      kZCs =   3405.63 /   1044.79 [MHD/TOT] (8 threads)
[0m       CPCP =   32.171  32.530 [kV, N/S]
 [34m
 VOLTRON
      UT   = 2001-06-01 23:02:05
      tilt =    0.000 [deg]
    Sym-H  =   -5.000 [nT]
    BSDst  ~    9.289 [nT]
           dSMRs  ~     1.18   -0.10   -0.93   -0.15 [nT, 12/18/00/06]
   DPSDst  ~   -5.391 [nT]
   Spent    33.0% of time waiting for Gamera
            15.6% of time processing Chimp(Helpers)
             8.8% of time processing IMAG
            15.8% of time processing Remix
            25.3% of time processing Tubes(Helpers)
             0.0% of time writing files
    Running @   47.260% of real-time (8 threads)
[0m  [35m
 RAIJU
      UT   = 2001-06-01 23:02:10
      Time =     2.167 [min]
     dtCpl =  5.00E+00 [sec]
     Max/Min dt @ k:
        Max 3.42E+01 [sec] @ 57
        Min 1.38E-01 [sec] @ 160
     Flav : max Press/Den @ L,MLT; DPS-dst
        0: P =   0.00, D =9075.91 @  1.54 Rp,12.07 MLT; DPS:   0.00
        1: P =   0.57, D =   0.32 @  4.19 Rp,15.47 MLT; DPS:  -1.55
        2: P =   2.71, D =   0.43 @  4.19 Rp, 8.53 MLT; DPS:  -5.23
[0m [32m<Writing HDF5 DATA @ t =     2.084 [min] >[0m 
[32m<Writing RAIJU HDF5 DATA @ t =     2.167 [min] >[0m 
 [36m
 GAMERA
      Time =     2.168 [min]
        ts =     1099
        dt =  1.06E-01 [sec]
    dt/dt0 =   88.681%
    Spent     0.0% of time waiting for Voltron
      kZCs =   3405.79 /   1091.35 [MHD/TOT] (8 threads)
[0m       CPCP =   34.724  35.084 [kV, N/S]
 [34m
 VOLTRON
      UT   = 2001-06-01 23:02:10
      tilt =    0.000 [deg]
    Sym-H  =   -5.000 [nT]
    BSDst  ~    8.605 [nT]
           dSMRs  ~     1.05   -0.12   -0.76   -0.18 [nT, 12/18/00/06]
   DPSDst  ~   -5.366 [nT]
   Spent    33.4% of time waiting for Gamera
            15.5% of time processing Chimp(Helpers)
             8.8% of time processing IMAG
            15.7% of time processing Remix
            25.2% of time processing Tubes(Helpers)
             0.0% of time writing files
    Running @   48.336% of real-time (8 threads)
[0m  [35m
 RAIJU
      UT   = 2001-06-01 23:02:15
      Time =     2.250 [min]
     dtCpl =  5.00E+00 [sec]
     Max/Min dt @ k:
        Max 3.53E+01 [sec] @ 57
        Min 1.38E-01 [sec] @ 160
     Flav : max Press/Den @ L,MLT; DPS-dst
        0: P =   0.00, D =9075.91 @  1.54 Rp,12.07 MLT; DPS:   0.00
        1: P =   0.55, D =   0.32 @  4.20 Rp, 8.73 MLT; DPS:  -1.53
        2: P =   2.70, D =   0.40 @  3.96 Rp, 9.93 MLT; DPS:  -5.21
[0m [32m<Writing HDF5 DATA @ t =     2.168 [min] >[0m 
[32m<Writing RAIJU HDF5 DATA @ t =     2.250 [min] >[0m 
 [36m
 GAMERA
      Time =     2.250 [min]
        ts =     1147
        dt =  1.01E-01 [sec]
    dt/dt0 =   84.956%
    Spent     0.0% of time waiting for Voltron
      kZCs =   3402.18 /   1122.51 [MHD/TOT] (8 threads)
[0m       CPCP =   35.618  35.970 [kV, N/S]
 [34m
 VOLTRON
      UT   = 2001-06-01 23:02:15
      tilt =    0.000 [deg]
    Sym-H  =   -5.000 [nT]
    BSDst  ~    7.983 [nT]
           dSMRs  ~     0.99   -0.12   -0.68   -0.20 [nT, 12/18/00/06]
   DPSDst  ~   -5.343 [nT]
   Spent    34.0% of time waiting for Gamera
            15.5% of time processing Chimp(Helpers)
             8.8% of time processing IMAG
            15.7% of time processing Remix
            25.0% of time processing Tubes(Helpers)
             0.0% of time writing files
    Running @   49.285% of real-time (8 threads)
[0m  [35m
 RAIJU
      UT   = 2001-06-01 23:02:20
      Time =     2.333 [min]
     dtCpl =  5.00E+00 [sec]
     Max/Min dt @ k:
        Max 3.51E+01 [sec] @ 57
        Min 1.38E-01 [sec] @ 160
     Flav : max Press/Den @ L,MLT; DPS-dst
        0: P =   0.00, D =9075.91 @  1.54 Rp,12.07 MLT; DPS:   0.00
        1: P =   0.53, D =   0.31 @  4.20 Rp, 8.86 MLT; DPS:  -1.52
        2: P =   2.69, D =   0.40 @  3.96 Rp, 9.93 MLT; DPS:  -5.20
[0m [32m<Writing HDF5 DATA @ t =     2.250 [min] >[0m 
[32m<Writing RAIJU HDF5 DATA @ t =     2.333 [min] >[0m 
 [36m
 GAMERA
      Time =     2.335 [min]
        ts =     1198
        dt =  9.74E-02 [sec]
    dt/dt0 =   81.769%
    Spent     0.0% of time waiting for Voltron
      kZCs =   3404.83 /   1165.44 [MHD/TOT] (8 threads)
[0m       CPCP =   34.960  35.358 [kV, N/S]
 [34m
 VOLTRON
      UT   = 2001-06-01 23:02:20
      tilt =    0.000 [deg]
    Sym-H  =   -5.000 [nT]
    BSDst  ~    7.462 [nT]
           dSMRs  ~     0.96   -0.12   -0.64   -0.21 [nT, 12/18/00/06]
   DPSDst  ~   -5.333 [nT]
   Spent    34.6% of time waiting for Gamera
            15.3% of time processing Chimp(Helpers)
             8.7% of time processing IMAG
            15.5% of time processing Remix
            24.8% of time processing Tubes(Helpers)
             0.0% of time writing files
    Running @   50.216% of real-time (8 threads)
[0m  [35m
 RAIJU
      UT   = 2001-06-01 23:02:25
      Time =     2.417 [min]
     dtCpl =  5.00E+00 [sec]
     Max/Min dt @ k:
        Max 3.34E+01 [sec] @ 57
        Min 1.38E-01 [sec] @ 160
     Flav : max Press/Den @ L,MLT; DPS-dst
        0: P =   0.00, D =9075.91 @  1.54 Rp,12.07 MLT; DPS:   0.00
        1: P =   0.52, D =   0.28 @  4.48 Rp, 8.73 MLT; DPS:  -1.50
        2: P =   2.68, D =   0.40 @  3.96 Rp, 9.93 MLT; DPS:  -5.19
[0m [32m<Writing HDF5 DATA @ t =     2.335 [min] >[0m 
[32m<Writing RAIJU HDF5 DATA @ t =     2.417 [min] >[0m 
 [36m
 GAMERA
      Time =     2.417 [min]
        ts =     1250
        dt =  9.17E-02 [sec]
    dt/dt0 =   77.002%
    Spent     0.0% of time waiting for Voltron
      kZCs =   3403.49 /   1181.07 [MHD/TOT] (8 threads)
[0m       CPCP =   33.718  33.846 [kV, N/S]
 [34m
 VOLTRON
      UT   = 2001-06-01 23:02:25
      tilt =    0.000 [deg]
    Sym-H  =   -5.000 [nT]
    BSDst  ~    7.067 [nT]
           dSMRs  ~     0.95   -0.12   -0.61   -0.22 [nT, 12/18/00/06]
   DPSDst  ~   -5.337 [nT]
   Spent    35.2% of time waiting for Gamera
            15.2% of time processing Chimp(Helpers)
             8.6% of time processing IMAG
            15.4% of time processing Remix
            24.6% of time processing Tubes(Helpers)
             0.0% of time writing files
    Running @   51.020% of real-time (8 threads)
[0m  [35m
 RAIJU
      UT   = 2001-06-01 23:02:30
      Time =     2.500 [min]
     dtCpl =  5.00E+00 [sec]
     Max/Min dt @ k:
        Max 3.22E+01 [sec] @ 58
        Min 1.38E-01 [sec] @ 160
     Flav : max Press/Den @ L,MLT; DPS-dst
        0: P =   0.00, D =9075.91 @  1.54 Rp,12.07 MLT; DPS:   0.00
        1: P =   0.51, D =   0.28 @  4.48 Rp, 8.73 MLT; DPS:  -1.49
        2: P =   2.68, D =   0.40 @  3.96 Rp, 9.80 MLT; DPS:  -5.18
[0m [32m<Writing HDF5 DATA @ t =     2.417 [min] >[0m 
[32m<Writing RAIJU HDF5 DATA @ t =     2.500 [min] >[0m 
 [36m
 GAMERA
      Time =     2.501 [min]
        ts =     1307
        dt =  8.39E-02 [sec]
    dt/dt0 =   70.475%
    Spent     0.0% of time waiting for Voltron
      kZCs =   3402.56 /   1248.44 [MHD/TOT] (8 threads)
[0m       CPCP =   33.860  33.749 [kV, N/S]
 [34m
 VOLTRON
      UT   = 2001-06-01 23:02:30
      tilt =    0.000 [deg]
    Sym-H  =   -5.000 [nT]
    BSDst  ~    6.740 [nT]
           dSMRs  ~     0.93   -0.12   -0.59   -0.21 [nT, 12/18/00/06]
   DPSDst  ~   -5.319 [nT]
   Spent    36.1% of time waiting for Gamera
            15.0% of time processing Chimp(Helpers)
             8.5% of time processing IMAG
            15.2% of time processing Remix
            24.3% of time processing Tubes(Helpers)
             0.0% of time writing files
    Running @   51.746% of real-time (8 threads)
[0m  [35m
 RAIJU
      UT   = 2001-06-01 23:02:35
      Time =     2.583 [min]
     dtCpl =  5.00E+00 [sec]
     Max/Min dt @ k:
        Max 3.15E+01 [sec] @ 58
        Min 1.38E-01 [sec] @ 160
     Flav : max Press/Den @ L,MLT; DPS-dst
        0: P =   0.00, D =9075.91 @  1.54 Rp,12.07 MLT; DPS:   0.00
        1: P =   0.50, D =   0.27 @  4.48 Rp, 8.73 MLT; DPS:  -1.48
        2: P =   2.67, D =   0.40 @  3.96 Rp, 9.80 MLT; DPS:  -5.17
[0m [32m<Writing HDF5 DATA @ t =     2.501 [min] >[0m 
[32m<Writing RAIJU HDF5 DATA @ t =     2.583 [min] >[0m 
 [36m
 GAMERA
      Time =     2.584 [min]
        ts =     1370
        dt =  7.75E-02 [sec]
    dt/dt0 =   65.083%
    Spent     0.0% of time waiting for Voltron
      kZCs =   3407.07 /   1322.12 [MHD/TOT] (8 threads)
[0m       CPCP =   33.760  33.519 [kV, N/S]
 [34m
 VOLTRON
      UT   = 2001-06-01 23:02:35
      tilt =    0.000 [deg]
    Sym-H  =   -5.000 [nT]
    BSDst  ~    6.494 [nT]
           dSMRs  ~     0.91   -0.11   -0.61   -0.20 [nT, 12/18/00/06]
   DPSDst  ~   -5.261 [nT]
   Spent    37.2% of time waiting for Gamera
            14.8% of time processing Chimp(Helpers)
             8.4% of time processing IMAG
            14.9% of time processing Remix
            23.9% of time processing Tubes(Helpers)
             0.0% of time writing files
    Running @   52.343% of real-time (8 threads)
[0m  [35m
 RAIJU
      UT   = 2001-06-01 23:02:40
      Time =     2.667 [min]
     dtCpl =  5.00E+00 [sec]
     Max/Min dt @ k:
        Max 3.12E+01 [sec] @ 58
        Min 1.38E-01 [sec] @ 160
     Flav : max Press/Den @ L,MLT; DPS-dst
        0: P =   0.00, D =9075.91 @  1.54 Rp,12.07 MLT; DPS:   0.00
        1: P =   0.49, D =   0.27 @  4.48 Rp, 8.73 MLT; DPS:  -1.45
        2: P =   2.67, D =   0.40 @  3.96 Rp, 9.80 MLT; DPS:  -5.15
[0m [32m<Writing HDF5 DATA @ t =     2.584 [min] >[0m 
[32m<Writing RAIJU HDF5 DATA @ t =     2.667 [min] >[0m 
 [36m
 GAMERA
      Time =     2.667 [min]
        ts =     1434
        dt =  7.75E-02 [sec]
    dt/dt0 =   65.115%
    Spent     0.0% of time waiting for Voltron
      kZCs =   3402.87 /   1333.84 [MHD/TOT] (8 threads)
[0m       CPCP =   33.176  32.974 [kV, N/S]
 [34m
 VOLTRON
      UT   = 2001-06-01 23:02:40
      tilt =    0.000 [deg]
    Sym-H  =   -5.000 [nT]
    BSDst  ~    6.293 [nT]
           dSMRs  ~     0.90   -0.10   -0.62   -0.18 [nT, 12/18/00/06]
   DPSDst  ~   -5.231 [nT]
   Spent    38.2% of time waiting for Gamera
            14.6% of time processing Chimp(Helpers)
             8.3% of time processing IMAG
            14.7% of time processing Remix
            23.6% of time processing Tubes(Helpers)
             0.0% of time writing files
    Running @   52.896% of real-time (8 threads)
[0m  [35m
 RAIJU
      UT   = 2001-06-01 23:02:45
      Time =     2.750 [min]
     dtCpl =  5.00E+00 [sec]
     Max/Min dt @ k:
        Max 3.15E+01 [sec] @ 58
        Min 1.38E-01 [sec] @ 160
     Flav : max Press/Den @ L,MLT; DPS-dst
        0: P =   0.00, D =9075.91 @  1.54 Rp,12.07 MLT; DPS:   0.00
        1: P =   0.48, D =   0.27 @  4.48 Rp, 8.73 MLT; DPS:  -1.43
        2: P =   2.66, D =   0.40 @  3.96 Rp, 9.80 MLT; DPS:  -5.13
[0m [32m<Writing HDF5 DATA @ t =     2.667 [min] >[0m 
[32m<Writing RAIJU HDF5 DATA @ t =     2.750 [min] >[0m 
 [36m
 GAMERA
      Time =     2.751 [min]
        ts =     1499
        dt =  7.75E-02 [sec]
    dt/dt0 =   65.084%
    Spent     0.0% of time waiting for Voltron
      kZCs =   3404.72 /   1349.08 [MHD/TOT] (8 threads)
[0m       CPCP =   31.727  31.722 [kV, N/S]
 [34m
 VOLTRON
      UT   = 2001-06-01 23:02:45
      tilt =    0.000 [deg]
    Sym-H  =   -5.000 [nT]
    BSDst  ~    6.115 [nT]
           dSMRs  ~     0.85   -0.09   -0.59   -0.17 [nT, 12/18/00/06]
   DPSDst  ~   -5.212 [nT]
   Spent    39.1% of time waiting for Gamera
            14.4% of time processing Chimp(Helpers)
             8.2% of time processing IMAG
            14.5% of time processing Remix
            23.3% of time processing Tubes(Helpers)
             0.0% of time writing files
    Running @   53.460% of real-time (8 threads)
[0m  [35m
 RAIJU
      UT   = 2001-06-01 23:02:50
      Time =     2.833 [min]
     dtCpl =  5.00E+00 [sec]
     Max/Min dt @ k:
        Max 3.27E+01 [sec] @ 57
        Min 1.38E-01 [sec] @ 160
     Flav : max Press/Den @ L,MLT; DPS-dst
        0: P =   0.00, D =9075.91 @  1.54 Rp,12.07 MLT; DPS:   0.00
        1: P =   0.47, D =   0.26 @  4.48 Rp, 8.73 MLT; DPS:  -1.42
        2: P =   2.66, D =   0.40 @  3.96 Rp, 8.20 MLT; DPS:  -5.13
[0m [32m<Writing HDF5 DATA @ t =     2.751 [min] >[0m 
[32m<Writing RAIJU HDF5 DATA @ t =     2.833 [min] >[0m 
 [36m
 GAMERA
      Time =     2.834 [min]
        ts =     1563
        dt =  7.77E-02 [sec]
    dt/dt0 =   65.260%
    Spent     0.0% of time waiting for Voltron
      kZCs =   3405.70 /   1337.94 [MHD/TOT] (8 threads)
[0m       CPCP =   30.056  30.099 [kV, N/S]
 [34m
 VOLTRON
      UT   = 2001-06-01 23:02:50
      tilt =    0.000 [deg]
    Sym-H  =   -5.000 [nT]
    BSDst  ~    5.953 [nT]
           dSMRs  ~     0.77   -0.08   -0.54   -0.15 [nT, 12/18/00/06]
   DPSDst  ~   -5.202 [nT]
   Spent    39.9% of time waiting for Gamera
            14.2% of time processing Chimp(Helpers)
             8.1% of time processing IMAG
            14.3% of time processing Remix
            23.0% of time processing Tubes(Helpers)
             0.0% of time writing files
    Running @   53.965% of real-time (8 threads)
[0m  [35m
 RAIJU
      UT   = 2001-06-01 23:02:55
      Time =     2.917 [min]
     dtCpl =  5.00E+00 [sec]
     Max/Min dt @ k:
        Max 3.36E+01 [sec] @ 57
        Min 1.38E-01 [sec] @ 160
     Flav : max Press/Den @ L,MLT; DPS-dst
        0: P =   0.00, D =9075.91 @  1.54 Rp,12.07 MLT; DPS:   0.00
        1: P =   0.46, D =   0.26 @  4.49 Rp, 8.73 MLT; DPS:  -1.41
        2: P =   2.65, D =   0.40 @  3.96 Rp, 8.06 MLT; DPS:  -5.13
[0m [32m<Writing HDF5 DATA @ t =     2.834 [min] >[0m 
[32m<Writing RAIJU HDF5 DATA @ t =     2.917 [min] >[0m 
 [36m
 GAMERA
      Time =     2.917 [min]
        ts =     1627
        dt =  7.72E-02 [sec]
    dt/dt0 =   64.829%
    Spent     0.0% of time waiting for Voltron
      kZCs =   3404.10 /   1339.90 [MHD/TOT] (8 threads)
[0m       CPCP =   28.473  28.568 [kV, N/S]
 [34m
 VOLTRON
      UT   = 2001-06-01 23:02:55
      tilt =    0.000 [deg]
    Sym-H  =   -5.000 [nT]
    BSDst  ~    5.832 [nT]
           dSMRs  ~     0.71   -0.07   -0.51   -0.13 [nT, 12/18/00/06]
   DPSDst  ~   -5.232 [nT]
   Spent    40.5% of time waiting for Gamera
            14.1% of time processing Chimp(Helpers)
             8.1% of time processing IMAG
            14.1% of time processing Remix
            22.8% of time processing Tubes(Helpers)
             0.0% of time writing files
    Running @   54.480% of real-time (8 threads)
[0m  [35m
 RAIJU
      UT   = 2001-06-01 23:02:59
      Time =     3.000 [min]
     dtCpl =  5.00E+00 [sec]
     Max/Min dt @ k:
        Max 3.62E+01 [sec] @ 57
        Min 1.38E-01 [sec] @ 160
     Flav : max Press/Den @ L,MLT; DPS-dst
        0: P =   0.00, D =9075.91 @  1.54 Rp,12.07 MLT; DPS:   0.00
        1: P =   0.45, D =   0.26 @  4.49 Rp, 8.73 MLT; DPS:  -1.41
        2: P =   2.65, D =   0.40 @  3.96 Rp, 8.07 MLT; DPS:  -5.14
[0m [32m<Writing HDF5 DATA @ t =     2.917 [min] >[0m 
[32m<Writing RAIJU HDF5 DATA @ t =     3.000 [min] >[0m 
 [36m
 GAMERA
      Time =     3.000 [min]
        ts =     1692
        dt =  7.67E-02 [sec]
    dt/dt0 =   64.440%
    Spent     0.0% of time waiting for Voltron
      kZCs =   3404.48 /   1353.78 [MHD/TOT] (8 threads)
[0m       CPCP =   26.671  26.821 [kV, N/S]
 [34m
 VOLTRON
      UT   = 2001-06-01 23:03:00
      tilt =    0.000 [deg]
    Sym-H  =   -5.000 [nT]
    BSDst  ~    5.743 [nT]
           dSMRs  ~     0.66   -0.06   -0.47   -0.12 [nT, 12/18/00/06]
   DPSDst  ~   -5.220 [nT]
   Spent    41.1% of time waiting for Gamera
            14.0% of time processing Chimp(Helpers)
             8.0% of time processing IMAG
            13.9% of time processing Remix
            22.6% of time processing Tubes(Helpers)
             0.0% of time writing files
    Running @   54.989% of real-time (8 threads)
[0m  [35m
 RAIJU
      UT   = 2001-06-01 23:03:05
      Time =     3.083 [min]
     dtCpl =  5.00E+00 [sec]
     Max/Min dt @ k:
        Max 3.72E+01 [sec] @ 57
        Min 1.38E-01 [sec] @ 160
     Flav : max Press/Den @ L,MLT; DPS-dst
        0: P =   0.00, D =9075.91 @  1.54 Rp,12.07 MLT; DPS:   0.00
        1: P =   0.44, D =   0.25 @  4.49 Rp, 8.73 MLT; DPS:  -1.40
        2: P =   2.65, D =   0.40 @  3.96 Rp, 8.07 MLT; DPS:  -5.14
[0m [32m<Writing HDF5 DATA @ t =     3.000 [min] >[0m 
[32m<Writing RAIJU HDF5 DATA @ t =     3.083 [min] >[0m 
 [36m
 GAMERA
      Time =     3.084 [min]
        ts =     1757
        dt =  7.69E-02 [sec]
    dt/dt0 =   64.610%
    Spent     0.0% of time waiting for Voltron
      kZCs =   3404.48 /   1355.79 [MHD/TOT] (8 threads)
[0m       CPCP =   24.999  25.494 [kV, N/S]
 [34m
 VOLTRON
      UT   = 2001-06-01 23:03:05
      tilt =    0.000 [deg]
    Sym-H  =   -5.000 [nT]
    BSDst  ~    5.683 [nT]
           dSMRs  ~     0.62   -0.06   -0.45   -0.12 [nT, 12/18/00/06]
   DPSDst  ~   -5.214 [nT]
   Spent    41.6% of time waiting for Gamera
            13.9% of time processing Chimp(Helpers)
             7.9% of time processing IMAG
            13.7% of time processing Remix
            22.5% of time processing Tubes(Helpers)
             0.0% of time writing files
    Running @   55.468% of real-time (8 threads)
[0m  [35m
 RAIJU
      UT   = 2001-06-01 23:03:10
      Time =     3.167 [min]
     dtCpl =  5.00E+00 [sec]
     Max/Min dt @ k:
        Max 3.90E+01 [sec] @ 57
        Min 1.38E-01 [sec] @ 160
     Flav : max Press/Den @ L,MLT; DPS-dst
        0: P =   0.00, D =9075.91 @  1.54 Rp,12.07 MLT; DPS:   0.00
        1: P =   0.43, D =   0.25 @  4.49 Rp, 8.73 MLT; DPS:  -1.39
        2: P =   2.65, D =   0.40 @  3.96 Rp, 8.07 MLT; DPS:  -5.14
[0m [32m<Writing HDF5 DATA @ t =     3.084 [min] >[0m 
[32m<Writing RAIJU HDF5 DATA @ t =     3.167 [min] >[0m 
 [36m
 GAMERA
      Time =     3.168 [min]
        ts =     1821
        dt =  8.17E-02 [sec]
    dt/dt0 =   68.592%
    Spent     0.0% of time waiting for Voltron
      kZCs =   3404.10 /   1342.53 [MHD/TOT] (8 threads)
[0m       CPCP =   23.615  24.111 [kV, N/S]
 [34m
 VOLTRON
      UT   = 2001-06-01 23:03:10
      tilt =    0.000 [deg]
    Sym-H  =   -5.000 [nT]
    BSDst  ~    5.649 [nT]
           dSMRs  ~     0.61   -0.06   -0.45   -0.10 [nT, 12/18/00/06]
   DPSDst  ~   -5.211 [nT]
   Spent    42.0% of time waiting for Gamera
            13.8% of time processing Chimp(Helpers)
             7.9% of time processing IMAG
            13.6% of time processing Remix
            22.4% of time processing Tubes(Helpers)
             0.0% of time writing files
    Running @   55.922% of real-time (8 threads)
[0m  [35m
 RAIJU
      UT   = 2001-06-01 23:03:15
      Time =     3.250 [min]
     dtCpl =  5.00E+00 [sec]
     Max/Min dt @ k:
        Max 4.10E+01 [sec] @ 57
        Min 1.38E-01 [sec] @ 160
     Flav : max Press/Den @ L,MLT; DPS-dst
        0: P =   0.00, D =9075.91 @  1.54 Rp,12.07 MLT; DPS:   0.00
        1: P =   0.43, D =   0.25 @  4.49 Rp, 8.73 MLT; DPS:  -1.38
        2: P =   2.65, D =   0.40 @  3.96 Rp, 8.07 MLT; DPS:  -5.15
[0m [32m<Writing HDF5 DATA @ t =     3.168 [min] >[0m 
[32m<Writing RAIJU HDF5 DATA @ t =     3.250 [min] >[0m 
 [36m
 GAMERA
      Time =     3.251 [min]
        ts =     1880
        dt =  8.67E-02 [sec]
    dt/dt0 =   72.847%
    Spent     0.0% of time waiting for Voltron
      kZCs =   3406.52 /   1285.33 [MHD/TOT] (8 threads)
[0m       CPCP =   22.370  22.902 [kV, N/S]
 [34m
 VOLTRON
      UT   = 2001-06-01 23:03:15
      tilt =    0.000 [deg]
    Sym-H  =   -5.000 [nT]
    BSDst  ~    5.655 [nT]
           dSMRs  ~     0.62   -0.06   -0.46   -0.10 [nT, 12/18/00/06]
   DPSDst  ~   -5.207 [nT]
   Spent    42.0% of time waiting for Gamera
            13.8% of time processing Chimp(Helpers)
             7.9% of time processing IMAG
            13.6% of time processing Remix
            22.4% of time processing Tubes(Helpers)
             0.0% of time writing files
    Running @   56.449% of real-time (8 threads)
[0m  [35m
 RAIJU
      UT   = 2001-06-01 23:03:20
      Time =     3.333 [min]
     dtCpl =  5.00E+00 [sec]
     Max/Min dt @ k:
        Max 4.22E+01 [sec] @ 56
        Min 1.38E-01 [sec] @ 160
     Flav : max Press/Den @ L,MLT; DPS-dst
        0: P =   0.00, D =9075.91 @  1.54 Rp,12.07 MLT; DPS:   0.00
        1: P =   0.42, D =   0.24 @  4.49 Rp, 8.73 MLT; DPS:  -1.37
        2: P =   2.65, D =   0.40 @  3.96 Rp, 8.07 MLT; DPS:  -5.15
[0m [32m<Writing HDF5 DATA @ t =     3.251 [min] >[0m 
[32m<Writing RAIJU HDF5 DATA @ t =     3.333 [min] >[0m 
 [36m
 GAMERA
      Time =     3.334 [min]
        ts =     1940
        dt =  7.91E-02 [sec]
    dt/dt0 =   66.447%
    Spent     0.0% of time waiting for Voltron
      kZCs =   3402.96 /   1297.53 [MHD/TOT] (8 threads)
[0m       CPCP =   21.213  21.876 [kV, N/S]
 [34m
 VOLTRON
      UT   = 2001-06-01 23:03:20
      tilt =    0.000 [deg]
    Sym-H  =   -5.000 [nT]
    BSDst  ~    5.707 [nT]
           dSMRs  ~     0.62   -0.06   -0.48   -0.09 [nT, 12/18/00/06]
   DPSDst  ~   -5.206 [nT]
   Spent    42.1% of time waiting for Gamera
            13.8% of time processing Chimp(Helpers)
             7.9% of time processing IMAG
            13.5% of time processing Remix
            22.4% of time processing Tubes(Helpers)
             0.0% of time writing files
    Running @   56.961% of real-time (8 threads)
[0m  [35m
 RAIJU
      UT   = 2001-06-01 23:03:25
      Time =     3.417 [min]
     dtCpl =  5.00E+00 [sec]
     Max/Min dt @ k:
        Max 4.40E+01 [sec] @ 56
        Min 1.38E-01 [sec] @ 160
     Flav : max Press/Den @ L,MLT; DPS-dst
        0: P =   0.00, D =9075.91 @  1.54 Rp,12.07 MLT; DPS:   0.00
        1: P =   0.41, D =   0.24 @  4.49 Rp, 8.73 MLT; DPS:  -1.37
        2: P =   2.65, D =   0.40 @  3.96 Rp, 8.07 MLT; DPS:  -5.16
[0m [32m<Writing HDF5 DATA @ t =     3.334 [min] >[0m 
[32m<Writing RAIJU HDF5 DATA @ t =     3.417 [min] >[0m 
 [36m
 GAMERA
      Time =     3.417 [min]
        ts =     2006
        dt =  7.25E-02 [sec]
    dt/dt0 =   60.878%
    Spent     0.0% of time waiting for Voltron
      kZCs =   3404.50 /   1369.44 [MHD/TOT] (8 threads)
[0m       CPCP =   20.124  21.049 [kV, N/S]
 [34m
 VOLTRON
      UT   = 2001-06-01 23:03:25
      tilt =    0.000 [deg]
    Sym-H  =   -5.000 [nT]
    BSDst  ~    5.779 [nT]
           dSMRs  ~     0.62   -0.05   -0.50   -0.07 [nT, 12/18/00/06]
   DPSDst  ~   -5.208 [nT]
   Spent    42.5% of time waiting for Gamera
            13.7% of time processing Chimp(Helpers)
             7.9% of time processing IMAG
            13.4% of time processing Remix
            22.3% of time processing Tubes(Helpers)
             0.0% of time writing files
    Running @   57.368% of real-time (8 threads)
[0m  [35m
 RAIJU
      UT   = 2001-06-01 23:03:30
      Time =     3.500 [min]
     dtCpl =  5.00E+00 [sec]
     Max/Min dt @ k:
        Max 4.61E+01 [sec] @ 56
        Min 1.38E-01 [sec] @ 160
     Flav : max Press/Den @ L,MLT; DPS-dst
        0: P =   0.00, D =9075.91 @  1.54 Rp,12.07 MLT; DPS:   0.00
        1: P =   0.41, D =   0.24 @  4.49 Rp, 8.73 MLT; DPS:  -1.36
        2: P =   2.65, D =   0.40 @  3.96 Rp, 8.07 MLT; DPS:  -5.17
[0m [32m<Writing HDF5 DATA @ t =     3.417 [min] >[0m 
[32m<Writing RAIJU HDF5 DATA @ t =     3.500 [min] >[0m 
 [36m
 GAMERA
      Time =     3.500 [min]
        ts =     2078
        dt =  6.70E-02 [sec]
    dt/dt0 =   56.273%
    Spent     0.0% of time waiting for Voltron
      kZCs =   3405.45 /   1435.85 [MHD/TOT] (8 threads)
[0m       CPCP =   19.401  20.543 [kV, N/S]
 [34m
 VOLTRON
      UT   = 2001-06-01 23:03:30
      tilt =    0.000 [deg]
    Sym-H  =   -5.000 [nT]
    BSDst  ~    5.807 [nT]
           dSMRs  ~     0.59   -0.02   -0.52   -0.05 [nT, 12/18/00/06]
   DPSDst  ~   -5.221 [nT]
   Spent    43.2% of time waiting for Gamera
            13.5% of time processing Chimp(Helpers)
             7.8% of time processing IMAG
            13.2% of time processing Remix
            22.0% of time processing Tubes(Helpers)
             0.0% of time writing files
    Running @   57.662% of real-time (8 threads)
[0m  [35m
 RAIJU
      UT   = 2001-06-01 23:03:35
      Time =     3.583 [min]
     dtCpl =  5.00E+00 [sec]
     Max/Min dt @ k:
        Max 4.78E+01 [sec] @ 56
        Min 1.38E-01 [sec] @ 160
     Flav : max Press/Den @ L,MLT; DPS-dst
        0: P =   0.00, D =9075.91 @  1.54 Rp,12.07 MLT; DPS:   0.00
        1: P =   0.40, D =   0.23 @  4.49 Rp, 8.73 MLT; DPS:  -1.37
        2: P =   2.65, D =   0.40 @  3.96 Rp, 8.00 MLT; DPS:  -5.19
[0m [32m<Writing HDF5 DATA @ t =     3.500 [min] >[0m 
[32m<Writing RAIJU HDF5 DATA @ t =     3.583 [min] >[0m 
 [36m
 GAMERA
      Time =     3.584 [min]
        ts =     2156
        dt =  6.24E-02 [sec]
    dt/dt0 =   52.439%
    Spent     0.0% of time waiting for Voltron
      kZCs =   3404.64 /   1498.54 [MHD/TOT] (8 threads)
[0m       CPCP =   18.963  20.207 [kV, N/S]
 [34m
 VOLTRON
      UT   = 2001-06-01 23:03:35
      tilt =    0.000 [deg]
    Sym-H  =   -5.000 [nT]
    BSDst  ~    5.779 [nT]
           dSMRs  ~     0.55    0.01   -0.52   -0.04 [nT, 12/18/00/06]
   DPSDst  ~   -5.230 [nT]
   Spent    44.1% of time waiting for Gamera
            13.3% of time processing Chimp(Helpers)
             7.7% of time processing IMAG
            12.9% of time processing Remix
            21.7% of time processing Tubes(Helpers)
             0.0% of time writing files
    Running @   57.883% of real-time (8 threads)
[0m  [35m
 RAIJU
      UT   = 2001-06-01 23:03:40
      Time =     3.667 [min]
     dtCpl =  5.00E+00 [sec]
     Max/Min dt @ k:
        Max 4.93E+01 [sec] @ 56
        Min 1.38E-01 [sec] @ 160
     Flav : max Press/Den @ L,MLT; DPS-dst
        0: P =   0.00, D =9075.91 @  1.54 Rp,12.07 MLT; DPS:   0.00
        1: P =   0.40, D =   0.23 @  4.48 Rp,10.33 MLT; DPS:  -1.36
        2: P =   2.67, D =   0.40 @  3.97 Rp,11.93 MLT; DPS:  -5.21
[0m [32m<Writing HDF5 DATA @ t =     3.584 [min] >[0m 
[32m<Writing RAIJU HDF5 DATA @ t =     3.667 [min] >[0m 
 [36m
 GAMERA
      Time =     3.667 [min]
        ts =     2241
        dt =  5.53E-02 [sec]
    dt/dt0 =   46.421%
    Spent     0.0% of time waiting for Voltron
      kZCs =   3403.60 /   1563.44 [MHD/TOT] (8 threads)
[0m       CPCP =   18.526  20.015 [kV, N/S]
 [34m
 VOLTRON
      UT   = 2001-06-01 23:03:40
      tilt =    0.000 [deg]
    Sym-H  =   -5.000 [nT]
    BSDst  ~    5.994 [nT]
           dSMRs  ~     0.79   -0.06   -0.63   -0.10 [nT, 12/18/00/06]
   DPSDst  ~   -5.249 [nT]
   Spent    45.2% of time waiting for Gamera
            13.1% of time processing Chimp(Helpers)
             7.5% of time processing IMAG
            12.6% of time processing Remix
            21.3% of time processing Tubes(Helpers)
             0.0% of time writing files
    Running @   57.984% of real-time (8 threads)
[0m  [35m
 RAIJU
      UT   = 2001-06-01 23:03:45
      Time =     3.750 [min]
     dtCpl =  5.00E+00 [sec]
     Max/Min dt @ k:
        Max 5.05E+01 [sec] @ 56
        Min 1.38E-01 [sec] @ 160
     Flav : max Press/Den @ L,MLT; DPS-dst
        0: P =   0.00, D =9075.91 @  1.54 Rp,12.07 MLT; DPS:   0.00
        1: P =   0.39, D =   0.23 @  4.48 Rp,11.80 MLT; DPS:  -1.36
        2: P =   2.69, D =   0.40 @  3.96 Rp,11.93 MLT; DPS:  -5.23
[0m [32m<Writing HDF5 DATA @ t =     3.667 [min] >[0m 
[32m<Writing RAIJU HDF5 DATA @ t =     3.750 [min] >[0m 
 [36m
 GAMERA
      Time =     3.751 [min]
        ts =     2339
        dt =  4.79E-02 [sec]
    dt/dt0 =   40.210%
    Spent     0.0% of time waiting for Voltron
      kZCs =   3406.09 /   1673.35 [MHD/TOT] (8 threads)
[0m       CPCP =   18.461  20.133 [kV, N/S]
 [34m
 VOLTRON
      UT   = 2001-06-01 23:03:45
      tilt =    0.000 [deg]
    Sym-H  =   -5.000 [nT]
    BSDst  ~    6.751 [nT]
           dSMRs  ~     1.45   -0.21   -1.00   -0.24 [nT, 12/18/00/06]
   DPSDst  ~   -5.262 [nT]
   Spent    46.7% of time waiting for Gamera
            12.7% of time processing Chimp(Helpers)
             7.3% of time processing IMAG
            12.2% of time processing Remix
            20.8% of time processing Tubes(Helpers)
             0.0% of time writing files
    Running @   57.967% of real-time (8 threads)
[0m  [35m
 RAIJU
      UT   = 2001-06-01 23:03:50
      Time =     3.833 [min]
     dtCpl =  5.00E+00 [sec]
     Max/Min dt @ k:
        Max 5.19E+01 [sec] @ 56
        Min 1.38E-01 [sec] @ 160
     Flav : max Press/Den @ L,MLT; DPS-dst
        0: P =   0.00, D =9075.91 @  1.54 Rp,12.07 MLT; DPS:   0.00
        1: P =   0.39, D =   0.23 @  4.47 Rp,10.33 MLT; DPS:  -1.36
        2: P =   2.70, D =   0.40 @  3.96 Rp,11.93 MLT; DPS:  -5.25
[0m [32m<Writing HDF5 DATA @ t =     3.751 [min] >[0m 
[32m<Writing RAIJU HDF5 DATA @ t =     3.833 [min] >[0m 
 [36m
 GAMERA
      Time =     3.834 [min]
        ts =     2449
        dt =  4.46E-02 [sec]
    dt/dt0 =   37.482%
    Spent     0.0% of time waiting for Voltron
      kZCs =   3405.81 /   1759.43 [MHD/TOT] (8 threads)
[0m       CPCP =   18.742  20.720 [kV, N/S]
 [34m
 VOLTRON
      UT   = 2001-06-01 23:03:50
      tilt =    0.000 [deg]
    Sym-H  =   -5.000 [nT]
    BSDst  ~    7.606 [nT]
           dSMRs  ~     1.94   -0.28   -1.34   -0.32 [nT, 12/18/00/06]
   DPSDst  ~   -5.268 [nT]
   Spent    48.4% of time waiting for Gamera
            12.3% of time processing Chimp(Helpers)
             7.1% of time processing IMAG
            11.8% of time processing Remix
            20.1% of time processing Tubes(Helpers)
             0.0% of time writing files
    Running @   57.814% of real-time (8 threads)
[0m  [35m
 RAIJU
      UT   = 2001-06-01 23:03:55
      Time =     3.917 [min]
     dtCpl =  5.00E+00 [sec]
     Max/Min dt @ k:
        Max 5.33E+01 [sec] @ 56
        Min 1.38E-01 [sec] @ 160
     Flav : max Press/Den @ L,MLT; DPS-dst
        0: P =   0.00, D =9075.91 @  1.54 Rp,12.07 MLT; DPS:   0.00
        1: P =   0.38, D =   0.23 @  4.42 Rp, 8.83 MLT; DPS:  -1.36
        2: P =   2.71, D =   0.40 @  3.95 Rp, 9.53 MLT; DPS:  -5.27
[0m [32m<Writing HDF5 DATA @ t =     3.834 [min] >[0m 
[32m<Writing RAIJU HDF5 DATA @ t =     3.917 [min] >[0m 
 [36m
 GAMERA
      Time =     3.917 [min]
        ts =     2569
        dt =  4.20E-02 [sec]
    dt/dt0 =   35.292%
    Spent     0.0% of time waiting for Voltron
      kZCs =   3404.27 /   1819.45 [MHD/TOT] (8 threads)
[0m       CPCP =   19.680  21.784 [kV, N/S]
 [34m
 VOLTRON
      UT   = 2001-06-01 23:03:55
      tilt =    0.000 [deg]
    Sym-H  =   -5.000 [nT]
    BSDst  ~    8.111 [nT]
           dSMRs  ~     1.99   -0.25   -1.46   -0.28 [nT, 12/18/00/06]
   DPSDst  ~   -5.276 [nT]
   Spent    50.1% of time waiting for Gamera
            11.9% of time processing Chimp(Helpers)
             6.9% of time processing IMAG
            11.5% of time processing Remix
            19.5% of time processing Tubes(Helpers)
             0.0% of time writing files
    Running @   57.591% of real-time (8 threads)
[0m  [35m
 RAIJU
      UT   = 2001-06-01 23:03:59
      Time =     4.000 [min]
     dtCpl =  5.00E+00 [sec]
     Max/Min dt @ k:
        Max 5.50E+01 [sec] @ 56
        Min 1.38E-01 [sec] @ 160
     Flav : max Press/Den @ L,MLT; DPS-dst
        0: P =   0.00, D =9075.91 @  1.54 Rp,12.07 MLT; DPS:   0.00
        1: P =   0.38, D =   0.22 @  4.42 Rp, 8.83 MLT; DPS:  -1.36
        2: P =   2.72, D =   0.40 @  3.95 Rp, 9.53 MLT; DPS:  -5.28
[0m [32m<Writing HDF5 DATA @ t =     3.917 [min] >[0m 
[32m<Writing RAIJU HDF5 DATA @ t =     4.000 [min] >[0m 
 [36m
 GAMERA
      Time =     4.000 [min]
        ts =     2688
        dt =  4.33E-02 [sec]
    dt/dt0 =   36.338%
    Spent     0.0% of time waiting for Voltron
      kZCs =   3404.46 /   1812.23 [MHD/TOT] (8 threads)
[0m       CPCP =   21.173  23.223 [kV, N/S]
 [34m
 VOLTRON
      UT   = 2001-06-01 23:04:00
      tilt =    0.000 [deg]
    Sym-H  =   -5.000 [nT]
    BSDst  ~    8.304 [nT]
           dSMRs  ~     1.84   -0.18   -1.45   -0.21 [nT, 12/18/00/06]
   DPSDst  ~   -5.284 [nT]
   Spent    51.5% of time waiting for Gamera
            11.5% of time processing Chimp(Helpers)
             6.7% of time processing IMAG
            11.2% of time processing Remix
            18.9% of time processing Tubes(Helpers)
             0.0% of time writing files
    Running @   57.375% of real-time (8 threads)
[0m  [35m
 RAIJU
      UT   = 2001-06-01 23:04:05
      Time =     4.083 [min]
     dtCpl =  5.00E+00 [sec]
     Max/Min dt @ k:
        Max 5.68E+01 [sec] @ 56
        Min 1.38E-01 [sec] @ 160
     Flav : max Press/Den @ L,MLT; DPS-dst
        0: P =   0.00, D =9075.91 @  1.54 Rp,12.07 MLT; DPS:   0.00
        1: P =   0.38, D =   0.22 @  4.46 Rp, 8.86 MLT; DPS:  -1.36
        2: P =   2.73, D =   0.40 @  3.95 Rp, 9.40 MLT; DPS:  -5.29
[0m [32m<Writing HDF5 DATA @ t =     4.000 [min] >[0m 
[32m<Writing RAIJU HDF5 DATA @ t =     4.083 [min] >[0m 
 [36m
 GAMERA
      Time =     4.084 [min]
        ts =     2800
        dt =  4.77E-02 [sec]
    dt/dt0 =   40.034%
    Spent     0.0% of time waiting for Voltron
      kZCs =   3405.45 /   1766.26 [MHD/TOT] (8 threads)
[0m       CPCP =   23.168  24.874 [kV, N/S]
 [34m
 VOLTRON
      UT   = 2001-06-01 23:04:05
      tilt =    0.000 [deg]
    Sym-H  =   -5.000 [nT]
    BSDst  ~    8.315 [nT]
           dSMRs  ~     1.67   -0.13   -1.39   -0.15 [nT, 12/18/00/06]
   DPSDst  ~   -5.293 [nT]
   Spent    52.5% of time waiting for Gamera
            11.3% of time processing Chimp(Helpers)
             6.5% of time processing IMAG
            11.0% of time processing Remix
            18.5% of time processing Tubes(Helpers)
             0.0% of time writing files
    Running @   57.225% of real-time (8 threads)
[0m  [35m
 RAIJU
      UT   = 2001-06-01 23:04:10
      Time =     4.167 [min]
     dtCpl =  5.00E+00 [sec]
     Max/Min dt @ k:
        Max 5.46E+01 [sec] @ 56
        Min 1.38E-01 [sec] @ 160
     Flav : max Press/Den @ L,MLT; DPS-dst
        0: P =   0.00, D =9075.91 @  1.54 Rp,12.07 MLT; DPS:   0.00
        1: P =   0.37, D =   0.22 @  4.46 Rp, 8.86 MLT; DPS:  -1.35
        2: P =   2.73, D =   0.40 @  3.95 Rp, 9.39 MLT; DPS:  -5.31
[0m [32m<Writing HDF5 DATA @ t =     4.084 [min] >[0m 
[32m<Writing RAIJU HDF5 DATA @ t =     4.167 [min] >[0m 
 [36m
 GAMERA
      Time =     4.167 [min]
        ts =     2897
        dt =  5.70E-02 [sec]
    dt/dt0 =   47.886%
    Spent     0.0% of time waiting for Voltron
      kZCs =   3404.96 /   1656.02 [MHD/TOT] (8 threads)
[0m       CPCP =   25.466  26.828 [kV, N/S]
 [34m
 VOLTRON
      UT   = 2001-06-01 23:04:10
      tilt =    0.000 [deg]
    Sym-H  =   -5.000 [nT]
    BSDst  ~    8.233 [nT]
           dSMRs  ~     1.58   -0.12   -1.32   -0.14 [nT, 12/18/00/06]
   DPSDst  ~   -5.304 [nT]
   Spent    52.8% of time waiting for Gamera
            11.2% of time processing Chimp(Helpers)
             6.5% of time processing IMAG
            10.9% of time processing Remix
            18.4% of time processing Tubes(Helpers)
             0.0% of time writing files
    Running @   57.225% of real-time (8 threads)
[0m  [35m
 RAIJU
      UT   = 2001-06-01 23:04:15
      Time =     4.250 [min]
     dtCpl =  5.00E+00 [sec]
     Max/Min dt @ k:
        Max 5.09E+01 [sec] @ 56
        Min 1.38E-01 [sec] @ 160
     Flav : max Press/Den @ L,MLT; DPS-dst
        0: P =   0.00, D =9075.91 @  1.54 Rp,12.07 MLT; DPS:   0.00
        1: P =   0.36, D =   0.22 @  4.47 Rp, 8.72 MLT; DPS:  -1.35
        2: P =   2.72, D =   0.40 @  3.95 Rp, 9.39 MLT; DPS:  -5.32
[0m [32m<Writing HDF5 DATA @ t =     4.167 [min] >[0m 
[32m<Writing RAIJU HDF5 DATA @ t =     4.250 [min] >[0m 
 [36m
 GAMERA
      Time =     4.251 [min]
        ts =     2977
        dt =  6.89E-02 [sec]
    dt/dt0 =   57.911%
    Spent     0.0% of time waiting for Voltron
      kZCs =   3404.76 /   1511.69 [MHD/TOT] (8 threads)
[0m       CPCP =   27.631  28.931 [kV, N/S]
 [34m
 VOLTRON
      UT   = 2001-06-01 23:04:15
      tilt =    0.000 [deg]
    Sym-H  =   -5.000 [nT]
    BSDst  ~    8.129 [nT]
           dSMRs  ~     1.54   -0.12   -1.26   -0.16 [nT, 12/18/00/06]
   DPSDst  ~   -5.312 [nT]
   Spent    52.3% of time waiting for Gamera
            11.3% of time processing Chimp(Helpers)
             6.6% of time processing IMAG
            11.1% of time processing Remix
            18.6% of time processing Tubes(Helpers)
             0.0% of time writing files
    Running @   57.437% of real-time (8 threads)
[0m  [35m
 RAIJU
      UT   = 2001-06-01 23:04:20
      Time =     4.333 [min]
     dtCpl =  5.00E+00 [sec]
     Max/Min dt @ k:
        Max 4.98E+01 [sec] @ 56
        Min 1.38E-01 [sec] @ 160
     Flav : max Press/Den @ L,MLT; DPS-dst
        0: P =   0.00, D =9075.91 @  1.54 Rp,12.07 MLT; DPS:   0.00
        1: P =   0.36, D =   0.21 @  4.47 Rp, 8.86 MLT; DPS:  -1.35
        2: P =   2.72, D =   0.40 @  3.95 Rp, 9.40 MLT; DPS:  -5.34
[0m [32m<Writing HDF5 DATA @ t =     4.251 [min] >[0m 
[32m<Writing RAIJU HDF5 DATA @ t =     4.333 [min] >[0m 
 [36m
 GAMERA
      Time =     4.335 [min]
        ts =     3046
        dt =  7.60E-02 [sec]
    dt/dt0 =   63.843%
    Spent     0.0% of time waiting for Voltron
      kZCs =   3406.02 /   1400.23 [MHD/TOT] (8 threads)
[0m       CPCP =   29.578  31.118 [kV, N/S]
 [34m
 VOLTRON
      UT   = 2001-06-01 23:04:20
      tilt =    0.000 [deg]
    Sym-H  =   -5.000 [nT]
    BSDst  ~    8.063 [nT]
           dSMRs  ~     1.55   -0.13   -1.24   -0.18 [nT, 12/18/00/06]
   DPSDst  ~   -5.321 [nT]
   Spent    51.3% of time waiting for Gamera
            11.5% of time processing Chimp(Helpers)
             6.7% of time processing IMAG
            11.3% of time processing Remix
            19.0% of time processing Tubes(Helpers)
             0.0% of time writing files
    Running @   57.738% of real-time (8 threads)
[0m  [35m
 RAIJU
      UT   = 2001-06-01 23:04:25
      Time =     4.417 [min]
     dtCpl =  5.00E+00 [sec]
     Max/Min dt @ k:
        Max 5.07E+01 [sec] @ 56
        Min 1.38E-01 [sec] @ 160
     Flav : max Press/Den @ L,MLT; DPS-dst
        0: P =   0.00, D =9075.91 @  1.54 Rp,12.07 MLT; DPS:   0.00
        1: P =   0.35, D =   0.21 @  4.47 Rp, 8.86 MLT; DPS:  -1.35
        2: P =   2.73, D =   0.40 @  3.95 Rp, 9.40 MLT; DPS:  -5.35
[0m [32m<Writing HDF5 DATA @ t =     4.335 [min] >[0m 
[32m<Writing RAIJU HDF5 DATA @ t =     4.417 [min] >[0m 
 [36m
 GAMERA
      Time =     4.417 [min]
        ts =     3109
        dt =  8.20E-02 [sec]
    dt/dt0 =   68.884%
    Spent     0.0% of time waiting for Voltron
      kZCs =   3404.08 /   1327.75 [MHD/TOT] (8 threads)
[0m       CPCP =   31.624  33.281 [kV, N/S]
 [34m
 VOLTRON
      UT   = 2001-06-01 23:04:25
      tilt =    0.000 [deg]
    Sym-H  =   -5.000 [nT]
    BSDst  ~    8.034 [nT]
           dSMRs  ~     1.60   -0.14   -1.26   -0.20 [nT, 12/18/00/06]
   DPSDst  ~   -5.326 [nT]
   Spent    50.1% of time waiting for Gamera
            11.8% of time processing Chimp(Helpers)
             6.9% of time processing IMAG
            11.6% of time processing Remix
            19.5% of time processing Tubes(Helpers)
             0.0% of time writing files
    Running @   58.145% of real-time (8 threads)
[0m  [35m
 RAIJU
      UT   = 2001-06-01 23:04:30
      Time =     4.500 [min]
     dtCpl =  5.00E+00 [sec]
     Max/Min dt @ k:
        Max 4.76E+01 [sec] @ 56
        Min 1.38E-01 [sec] @ 160
     Flav : max Press/Den @ L,MLT; DPS-dst
        0: P =   0.00, D =9075.91 @  1.54 Rp,12.07 MLT; DPS:   0.00
        1: P =   0.34, D =   0.21 @  4.47 Rp, 8.86 MLT; DPS:  -1.35
        2: P =   2.73, D =   0.40 @  3.95 Rp, 9.40 MLT; DPS:  -5.36
[0m [32m<Writing HDF5 DATA @ t =     4.417 [min] >[0m 
[32m<Writing RAIJU HDF5 DATA @ t =     4.500 [min] >[0m 
 [36m
 GAMERA
      Time =     4.501 [min]
        ts =     3168
        dt =  8.70E-02 [sec]
    dt/dt0 =   73.039%
    Spent     0.0% of time waiting for Voltron
      kZCs =   3404.25 /   1281.85 [MHD/TOT] (8 threads)
[0m       CPCP =   33.720  35.343 [kV, N/S]
 [34m
 VOLTRON
      UT   = 2001-06-01 23:04:30
      tilt =    0.000 [deg]
    Sym-H  =   -5.000 [nT]
    BSDst  ~    8.052 [nT]
           dSMRs  ~     1.68   -0.15   -1.31   -0.22 [nT, 12/18/00/06]
   DPSDst  ~   -5.332 [nT]
   Spent    48.9% of time waiting for Gamera
            12.0% of time processing Chimp(Helpers)
             7.0% of time processing IMAG
            11.9% of time processing Remix
            20.0% of time processing Tubes(Helpers)
             0.0% of time writing files
    Running @   58.608% of real-time (8 threads)
[0m  [35m
 RAIJU
      UT   = 2001-06-01 23:04:35
      Time =     4.583 [min]
     dtCpl =  5.00E+00 [sec]
     Max/Min dt @ k:
        Max 4.29E+01 [sec] @ 56
        Min 1.38E-01 [sec] @ 160
     Flav : max Press/Den @ L,MLT; DPS-dst
        0: P =   0.00, D =9075.91 @  1.54 Rp,12.07 MLT; DPS:   0.00
        1: P =   0.34, D =   0.34 @  4.76 Rp, 9.92 MLT; DPS:  -1.34
        2: P =   2.73, D =   0.40 @  3.95 Rp, 9.40 MLT; DPS:  -5.37
[0m [32m<Writing HDF5 DATA @ t =     4.501 [min] >[0m 
[32m<Writing RAIJU HDF5 DATA @ t =     4.583 [min] >[0m 
 [36m
 GAMERA
      Time =     4.583 [min]
        ts =     3224
        dt =  9.06E-02 [sec]
    dt/dt0 =   76.057%
    Spent     0.0% of time waiting for Voltron
      kZCs =   3403.20 /   1243.90 [MHD/TOT] (8 threads)
[0m       CPCP =   35.702  37.258 [kV, N/S]
 [34m
 VOLTRON
      UT   = 2001-06-01 23:04:35
      tilt =    0.000 [deg]
    Sym-H  =   -5.000 [nT]
    BSDst  ~    8.145 [nT]
           dSMRs  ~     1.79   -0.17   -1.39   -0.24 [nT, 12/18/00/06]
   DPSDst  ~   -5.337 [nT]
   Spent    47.6% of time waiting for Gamera
            12.3% of time processing Chimp(Helpers)
             7.2% of time processing IMAG
            12.2% of time processing Remix
            20.5% of time processing Tubes(Helpers)
             0.0% of time writing files
    Running @   59.089% of real-time (8 threads)
[0m  [35m
 RAIJU
      UT   = 2001-06-01 23:04:40
      Time =     4.667 [min]
     dtCpl =  5.00E+00 [sec]
     Max/Min dt @ k:
        Max 3.99E+01 [sec] @ 57
        Min 1.38E-01 [sec] @ 160
     Flav : max Press/Den @ L,MLT; DPS-dst
        0: P =   0.00, D =9075.91 @  1.54 Rp,12.07 MLT; DPS:   0.00
        1: P =   0.34, D =   0.33 @  4.76 Rp, 9.92 MLT; DPS:  -1.34
        2: P =   2.74, D =   0.41 @  3.95 Rp, 9.40 MLT; DPS:  -5.39
[0m [32m<Writing HDF5 DATA @ t =     4.583 [min] >[0m 
[32m<Writing RAIJU HDF5 DATA @ t =     4.667 [min] >[0m 
 [36m
 GAMERA
      Time =     4.667 [min]
        ts =     3279
        dt =  9.09E-02 [sec]
    dt/dt0 =   76.327%
    Spent     0.0% of time waiting for Voltron
      kZCs =   3404.31 /   1229.64 [MHD/TOT] (8 threads)
[0m       CPCP =   37.763  39.179 [kV, N/S]
 [34m
 VOLTRON
      UT   = 2001-06-01 23:04:40
      tilt =    0.000 [deg]
    Sym-H  =   -5.000 [nT]
    BSDst  ~    8.331 [nT]
           dSMRs  ~     1.94   -0.18   -1.49   -0.27 [nT, 12/18/00/06]
   DPSDst  ~   -5.343 [nT]
   Spent    46.5% of time waiting for Gamera
            12.6% of time processing Chimp(Helpers)
             7.4% of time processing IMAG
            12.5% of time processing Remix
            20.9% of time processing Tubes(Helpers)
             0.0% of time writing files
    Running @   59.602% of real-time (8 threads)
[0m  [35m
 RAIJU
      UT   = 2001-06-01 23:04:45
      Time =     4.750 [min]
     dtCpl =  5.00E+00 [sec]
     Max/Min dt @ k:
        Max 3.80E+01 [sec] @ 57
        Min 1.38E-01 [sec] @ 160
     Flav : max Press/Den @ L,MLT; DPS-dst
        0: P =   0.00, D =9075.91 @  1.54 Rp,12.07 MLT; DPS:   0.00
        1: P =   0.34, D =   0.33 @  4.75 Rp, 9.93 MLT; DPS:  -1.34
        2: P =   2.75, D =   0.41 @  3.95 Rp, 9.26 MLT; DPS:  -5.40
[0m [32m<Writing HDF5 DATA @ t =     4.667 [min] >[0m 
[32m<Writing RAIJU HDF5 DATA @ t =     4.750 [min] >[0m 
 [36m
 GAMERA
      Time =     4.751 [min]
        ts =     3335
        dt =  8.59E-02 [sec]
    dt/dt0 =   72.135%
    Spent     0.0% of time waiting for Voltron
      kZCs =   3402.50 /   1244.30 [MHD/TOT] (8 threads)
[0m       CPCP =   39.873  41.069 [kV, N/S]
 [34m
 VOLTRON
      UT   = 2001-06-01 23:04:45
      tilt =    0.000 [deg]
    Sym-H  =   -5.000 [nT]
    BSDst  ~    8.538 [nT]
           dSMRs  ~     2.05   -0.17   -1.59   -0.28 [nT, 12/18/00/06]
   DPSDst  ~   -5.348 [nT]
   Spent    45.6% of time waiting for Gamera
            12.8% of time processing Chimp(Helpers)
             7.5% of time processing IMAG
            12.7% of time processing Remix
            21.2% of time processing Tubes(Helpers)
             0.0% of time writing files
    Running @   60.114% of real-time (8 threads)
[0m  [35m
 RAIJU
      UT   = 2001-06-01 23:04:50
      Time =     4.833 [min]
     dtCpl =  5.00E+00 [sec]
     Max/Min dt @ k:
        Max 3.68E+01 [sec] @ 57
        Min 1.38E-01 [sec] @ 160
     Flav : max Press/Den @ L,MLT; DPS-dst
        0: P =   0.00, D =9075.91 @  1.54 Rp,12.07 MLT; DPS:   0.00
        1: P =   0.33, D =   0.33 @  4.75 Rp, 9.93 MLT; DPS:  -1.33
        2: P =   2.76, D =   0.41 @  3.95 Rp, 9.26 MLT; DPS:  -5.41
[0m [32m<Writing HDF5 DATA @ t =     4.751 [min] >[0m 
[32m<Writing RAIJU HDF5 DATA @ t =     4.833 [min] >[0m 
 [36m
 GAMERA
      Time =     4.833 [min]
        ts =     3403
        dt =  6.16E-02 [sec]
    dt/dt0 =   51.741%
    Spent     0.0% of time waiting for Voltron
      kZCs =   3402.10 /   1390.36 [MHD/TOT] (8 threads)
[0m       CPCP =   42.065  42.868 [kV, N/S]
 [34m
 VOLTRON
      UT   = 2001-06-01 23:04:50
      tilt =    0.000 [deg]
    Sym-H  =   -5.000 [nT]
    BSDst  ~    8.732 [nT]
           dSMRs  ~     2.11   -0.17   -1.67   -0.27 [nT, 12/18/00/06]
   DPSDst  ~   -5.353 [nT]
   Spent    45.6% of time waiting for Gamera
            12.8% of time processing Chimp(Helpers)
             7.5% of time processing IMAG
            12.7% of time processing Remix
            21.2% of time processing Tubes(Helpers)
             0.0% of time writing files
    Running @   60.331% of real-time (8 threads)
[0m  [35m
 RAIJU
      UT   = 2001-06-01 23:04:55
      Time =     4.917 [min]
     dtCpl =  5.00E+00 [sec]
     Max/Min dt @ k:
        Max 3.56E+01 [sec] @ 57
        Min 1.38E-01 [sec] @ 160
     Flav : max Press/Den @ L,MLT; DPS-dst
        0: P =   0.00, D =9075.91 @  1.54 Rp,12.07 MLT; DPS:   0.00
        1: P =   0.33, D =   0.33 @  4.75 Rp, 9.93 MLT; DPS:  -1.33
        2: P =   2.76, D =   0.41 @  3.95 Rp, 9.26 MLT; DPS:  -5.42
[0m [32m<Writing HDF5 DATA @ t =     4.833 [min] >[0m 
[32m<Writing RAIJU HDF5 DATA @ t =     4.917 [min] >[0m 
 [36m
 GAMERA
      Time =     4.917 [min]
        ts =     3496
        dt =  4.46E-02 [sec]
    dt/dt0 =   37.446%
    Spent     0.0% of time waiting for Voltron
      kZCs =   3403.51 /   1630.47 [MHD/TOT] (8 threads)
[0m       CPCP =   44.399  44.859 [kV, N/S]
 [34m
 VOLTRON
      UT   = 2001-06-01 23:04:55
      tilt =    0.000 [deg]
    Sym-H  =   -5.000 [nT]
    BSDst  ~    8.925 [nT]
           dSMRs  ~     2.16   -0.17   -1.73   -0.26 [nT, 12/18/00/06]
   DPSDst  ~   -5.359 [nT]
   Spent    46.8% of time waiting for Gamera
            12.5% of time processing Chimp(Helpers)
             7.3% of time processing IMAG
            12.4% of time processing Remix
            20.8% of time processing Tubes(Helpers)
             0.0% of time writing files
    Running @   60.264% of real-time (8 threads)
[0m  [35m
 RAIJU
      UT   = 2001-06-01 23:04:59
      Time =     5.000 [min]
     dtCpl =  5.00E+00 [sec]
     Max/Min dt @ k:
        Max 3.43E+01 [sec] @ 57
        Min 1.38E-01 [sec] @ 160
     Flav : max Press/Den @ L,MLT; DPS-dst
        0: P =   0.00, D =9075.91 @  1.54 Rp,12.07 MLT; DPS:   0.00
        1: P =   0.33, D =   0.33 @  4.75 Rp, 9.93 MLT; DPS:  -1.33
        2: P =   2.77, D =   0.41 @  3.95 Rp, 9.26 MLT; DPS:  -5.43
[0m [32m<Writing HDF5 DATA @ t =     4.917 [min] >[0m 
[32m<Writing RAIJU HDF5 DATA @ t =     5.000 [min] >[0m 
 [36m
 GAMERA
      Time =     5.000 [min]
        ts =     3640
        dt =  3.03E-02 [sec]
    dt/dt0 =   25.451%
    Spent     0.0% of time waiting for Voltron
      kZCs =   3403.81 /   1950.35 [MHD/TOT] (8 threads)
[0m       CPCP =   46.631  47.060 [kV, N/S]
 [34m
 VOLTRON
      UT   = 2001-06-01 23:05:00
      tilt =    0.000 [deg]
    Sym-H  =   -5.000 [nT]
    BSDst  ~    9.123 [nT]
           dSMRs  ~     2.23   -0.17   -1.79   -0.27 [nT, 12/18/00/06]
   DPSDst  ~   -5.364 [nT]
   Spent    49.4% of time waiting for Gamera
            11.9% of time processing Chimp(Helpers)
             7.0% of time processing IMAG
            11.8% of time processing Remix
            19.7% of time processing Tubes(Helpers)
             0.0% of time writing files
    Running @   59.768% of real-time (8 threads)
[0m  [35m
 RAIJU
      UT   = 2001-06-01 23:05:05
      Time =     5.083 [min]
     dtCpl =  5.00E+00 [sec]
     Max/Min dt @ k:
        Max 3.33E+01 [sec] @ 57
        Min 1.38E-01 [sec] @ 160
     Flav : max Press/Den @ L,MLT; DPS-dst
        0: P =   0.00, D =9075.91 @  1.54 Rp,12.07 MLT; DPS:   0.00
        1: P =   0.32, D =   0.33 @  4.74 Rp, 9.93 MLT; DPS:  -1.33
        2: P =   2.78, D =   0.41 @  3.95 Rp, 9.26 MLT; DPS:  -5.44
[0m [32m<Writing HDF5 DATA @ t =     5.000 [min] >[0m 
[32m<Writing RAIJU HDF5 DATA @ t =     5.083 [min] >[0m 
 [36m
 GAMERA
      Time =     5.084 [min]
        ts =     3793
        dt =  3.45E-02 [sec]
    dt/dt0 =   28.981%
    Spent     0.0% of time waiting for Voltron
      kZCs =   3404.68 /   1993.92 [MHD/TOT] (8 threads)
[0m       CPCP =   48.858  49.171 [kV, N/S]
 [34m
 VOLTRON
      UT   = 2001-06-01 23:05:05
      tilt =    0.000 [deg]
    Sym-H  =   -5.000 [nT]
    BSDst  ~    9.310 [nT]
           dSMRs  ~     2.31   -0.16   -1.86   -0.30 [nT, 12/18/00/06]
   DPSDst  ~   -5.372 [nT]
   Spent    51.9% of time waiting for Gamera
            11.3% of time processing Chimp(Helpers)
             6.6% of time processing IMAG
            11.2% of time processing Remix
            18.8% of time processing Tubes(Helpers)
             0.0% of time writing files
    Running @   59.243% of real-time (8 threads)
[0m  [35m
 RAIJU
      UT   = 2001-06-01 23:05:10
      Time =     5.167 [min]
     dtCpl =  5.00E+00 [sec]
     Max/Min dt @ k:
        Max 3.23E+01 [sec] @ 58
        Min 1.38E-01 [sec] @ 160
     Flav : max Press/Den @ L,MLT; DPS-dst
        0: P =   0.00, D =9075.91 @  1.54 Rp,12.07 MLT; DPS:   0.00
        1: P =   0.32, D =   0.33 @  4.74 Rp, 9.93 MLT; DPS:  -1.32
        2: P =   2.78, D =   0.41 @  3.95 Rp, 9.26 MLT; DPS:  -5.45
[0m [32m<Writing HDF5 DATA @ t =     5.084 [min] >[0m 
[32m<Writing RAIJU HDF5 DATA @ t =     5.167 [min] >[0m 
 [36m
 GAMERA
      Time =     5.167 [min]
        ts =     3925
        dt =  4.31E-02 [sec]
    dt/dt0 =   36.172%
    Spent     0.0% of time waiting for Voltron
      kZCs =   3403.31 /   1888.98 [MHD/TOT] (8 threads)
[0m       CPCP =   51.195  51.098 [kV, N/S]
 [34m
 VOLTRON
      UT   = 2001-06-01 23:05:10
      tilt =    0.000 [deg]
    Sym-H  =   -5.000 [nT]
    BSDst  ~    9.476 [nT]
           dSMRs  ~     2.37   -0.14   -1.92   -0.31 [nT, 12/18/00/06]
   DPSDst  ~   -5.382 [nT]
   Spent    53.4% of time waiting for Gamera
            10.9% of time processing Chimp(Helpers)
             6.4% of time processing IMAG
            10.9% of time processing Remix
            18.2% of time processing Tubes(Helpers)
             0.0% of time writing files
    Running @   58.865% of real-time (8 threads)
[0m  [35m
 RAIJU
      UT   = 2001-06-01 23:05:15
      Time =     5.250 [min]
     dtCpl =  5.00E+00 [sec]
     Max/Min dt @ k:
        Max 3.13E+01 [sec] @ 58
        Min 1.38E-01 [sec] @ 160
     Flav : max Press/Den @ L,MLT; DPS-dst
        0: P =   0.00, D =9075.91 @  1.54 Rp,12.07 MLT; DPS:   0.00
        1: P =   0.32, D =   0.33 @  4.74 Rp, 9.93 MLT; DPS:  -1.32
        2: P =   2.79, D =   0.41 @  3.94 Rp, 9.13 MLT; DPS:  -5.46
[0m [32m<Writing HDF5 DATA @ t =     5.167 [min] >[0m 
[32m<Writing RAIJU HDF5 DATA @ t =     5.250 [min] >[0m 
 [36m
 GAMERA
      Time =     5.251 [min]
        ts =     3992
        dt =  8.29E-02 [sec]
    dt/dt0 =   69.601%
    Spent     0.0% of time waiting for Voltron
      kZCs =   3402.87 /   1378.86 [MHD/TOT] (8 threads)
[0m       CPCP =   53.662  53.240 [kV, N/S]
 [34m
 VOLTRON
      UT   = 2001-06-01 23:05:15
      tilt =    0.000 [deg]
    Sym-H  =   -5.000 [nT]
    BSDst  ~    9.592 [nT]
           dSMRs  ~     2.37   -0.14   -1.94   -0.29 [nT, 12/18/00/06]
   DPSDst  ~   -5.389 [nT]
   Spent    52.2% of time waiting for Gamera
            11.2% of time processing Chimp(Helpers)
             6.6% of time processing IMAG
            11.2% of time processing Remix
            18.7% of time processing Tubes(Helpers)
             0.0% of time writing files
    Running @   59.188% of real-time (8 threads)
[0m  [35m
 RAIJU
      UT   = 2001-06-01 23:05:20
      Time =     5.333 [min]
     dtCpl =  5.00E+00 [sec]
     Max/Min dt @ k:
        Max 3.03E+01 [sec] @ 58
        Min 1.38E-01 [sec] @ 160
     Flav : max Press/Den @ L,MLT; DPS-dst
        0: P =   0.00, D =9075.91 @  1.54 Rp,12.07 MLT; DPS:   0.00
        1: P =   0.32, D =   0.32 @  4.74 Rp, 9.93 MLT; DPS:  -1.32
        2: P =   2.79, D =   0.41 @  3.94 Rp, 9.13 MLT; DPS:  -5.47
[0m [32m<Writing HDF5 DATA @ t =     5.251 [min] >[0m 
[32m<Writing RAIJU HDF5 DATA @ t =     5.333 [min] >[0m 
 [36m
 GAMERA
      Time =     5.333 [min]
        ts =     4057
        dt =  7.09E-02 [sec]
    dt/dt0 =   59.550%
    Spent     0.0% of time waiting for Voltron
      kZCs =   3403.39 /   1356.93 [MHD/TOT] (8 threads)
[0m       CPCP =   55.668  55.030 [kV, N/S]
 [34m
 VOLTRON
      UT   = 2001-06-01 23:05:20
      tilt =    0.000 [deg]
    Sym-H  =   -5.000 [nT]
    BSDst  ~    9.722 [nT]
           dSMRs  ~     2.35   -0.13   -1.95   -0.27 [nT, 12/18/00/06]
   DPSDst  ~   -5.404 [nT]
   Spent    51.0% of time waiting for Gamera
            11.5% of time processing Chimp(Helpers)
             6.8% of time processing IMAG
            11.4% of time processing Remix
            19.1% of time processing Tubes(Helpers)
             0.0% of time writing files
    Running @   59.523% of real-time (8 threads)
[0m  [35m
 RAIJU
      UT   = 2001-06-01 23:05:25
      Time =     5.417 [min]
     dtCpl =  5.00E+00 [sec]
     Max/Min dt @ k:
        Max 2.95E+01 [sec] @ 58
        Min 1.38E-01 [sec] @ 160
     Flav : max Press/Den @ L,MLT; DPS-dst
        0: P =   0.00, D =9075.91 @  1.54 Rp,12.07 MLT; DPS:   0.00
        1: P =   0.31, D =   0.32 @  4.74 Rp, 9.93 MLT; DPS:  -1.32
        2: P =   2.80, D =   0.41 @  3.94 Rp, 9.13 MLT; DPS:  -5.48
[0m [32m<Writing HDF5 DATA @ t =     5.333 [min] >[0m 
[32m<Writing RAIJU HDF5 DATA @ t =     5.417 [min] >[0m 
 [36m
 GAMERA
      Time =     5.417 [min]
        ts =     4135
        dt =  5.88E-02 [sec]
    dt/dt0 =   49.415%
    Spent     0.0% of time waiting for Voltron
      kZCs =   3402.93 /   1493.55 [MHD/TOT] (8 threads)
[0m       CPCP =   57.799  56.869 [kV, N/S]
 [34m
 VOLTRON
      UT   = 2001-06-01 23:05:25
      tilt =    0.000 [deg]
    Sym-H  =   -5.000 [nT]
    BSDst  ~    9.862 [nT]
           dSMRs  ~     2.36   -0.11   -1.97   -0.27 [nT, 12/18/00/06]
   DPSDst  ~   -5.411 [nT]
   Spent    50.7% of time waiting for Gamera
            11.5% of time processing Chimp(Helpers)
             6.8% of time processing IMAG
            11.5% of time processing Remix
            19.3% of time processing Tubes(Helpers)
             0.0% of time writing files
    Running @   59.688% of real-time (8 threads)
[0m  [35m
 RAIJU
      UT   = 2001-06-01 23:05:30
      Time =     5.500 [min]
     dtCpl =  5.00E+00 [sec]
     Max/Min dt @ k:
        Max 2.87E+01 [sec] @ 58
        Min 1.38E-01 [sec] @ 160
     Flav : max Press/Den @ L,MLT; DPS-dst
        0: P =   0.00, D =9075.91 @  1.54 Rp,12.07 MLT; DPS:   0.00
        1: P =   0.31, D =   0.32 @  4.74 Rp, 9.79 MLT; DPS:  -1.32
        2: P =   2.80, D =   0.41 @  3.94 Rp, 9.13 MLT; DPS:  -5.49
[0m [32m<Writing HDF5 DATA @ t =     5.417 [min] >[0m 
[32m<Writing RAIJU HDF5 DATA @ t =     5.500 [min] >[0m 
 [36m
 GAMERA
      Time =     5.500 [min]
        ts =     4226
        dt =  5.19E-02 [sec]
    dt/dt0 =   43.550%
    Spent     0.0% of time waiting for Voltron
      kZCs =   3402.69 /   1613.05 [MHD/TOT] (8 threads)
[0m       CPCP =   59.804  58.646 [kV, N/S]
 [34m
 VOLTRON
      UT   = 2001-06-01 23:05:30
      tilt =    0.000 [deg]
    Sym-H  =   -5.000 [nT]
    BSDst  ~   10.032 [nT]
           dSMRs  ~     2.40   -0.10   -2.03   -0.27 [nT, 12/18/00/06]
   DPSDst  ~   -5.419 [nT]
   Spent    51.0% of time waiting for Gamera
            11.5% of time processing Chimp(Helpers)
             6.8% of time processing IMAG
            11.4% of time processing Remix
            19.1% of time processing Tubes(Helpers)
             0.0% of time writing files
    Running @   59.677% of real-time (8 threads)
[0m  [35m
 RAIJU
      UT   = 2001-06-01 23:05:35
      Time =     5.583 [min]
     dtCpl =  5.00E+00 [sec]
     Max/Min dt @ k:
        Max 2.81E+01 [sec] @ 58
        Min 1.38E-01 [sec] @ 160
     Flav : max Press/Den @ L,MLT; DPS-dst
        0: P =   0.00, D =9075.91 @  1.54 Rp,12.07 MLT; DPS:   0.00
        1: P =   0.31, D =   0.32 @  4.74 Rp, 9.79 MLT; DPS:  -1.32
        2: P =   2.81, D =   0.41 @  3.94 Rp, 8.99 MLT; DPS:  -5.50
[0m [32m<Writing HDF5 DATA @ t =     5.500 [min] >[0m 
[32m<Writing RAIJU HDF5 DATA @ t =     5.583 [min] >[0m 
 [36m
 GAMERA
      Time =     5.584 [min]
        ts =     4321
        dt =  5.44E-02 [sec]
    dt/dt0 =   45.704%
    Spent     0.0% of time waiting for Voltron
      kZCs =   3403.96 /   1647.73 [MHD/TOT] (8 threads)
[0m       CPCP =   61.467  60.327 [kV, N/S]
 [34m
 VOLTRON
      UT   = 2001-06-01 23:05:35
      tilt =    0.000 [deg]
    Sym-H  =   -5.000 [nT]
    BSDst  ~   10.204 [nT]
           dSMRs  ~     2.42   -0.08   -2.09   -0.26 [nT, 12/18/00/06]
   DPSDst  ~   -5.427 [nT]
   Spent    51.5% of time waiting for Gamera
            11.3% of time processing Chimp(Helpers)
             6.7% of time processing IMAG
            11.3% of time processing Remix
            19.0% of time processing Tubes(Helpers)
             0.0% of time writing files
    Running @   59.606% of real-time (8 threads)
[0m  [35m
 RAIJU
      UT   = 2001-06-01 23:05:40
      Time =     5.667 [min]
     dtCpl =  5.00E+00 [sec]
     Max/Min dt @ k:
        Max 2.75E+01 [sec] @ 58
        Min 1.38E-01 [sec] @ 160
     Flav : max Press/Den @ L,MLT; DPS-dst
        0: P =   0.00, D =9075.91 @  1.54 Rp,12.07 MLT; DPS:   0.00
        1: P =   0.30, D =   0.32 @  4.73 Rp, 9.79 MLT; DPS:  -1.31
        2: P =   2.82, D =   0.41 @  3.94 Rp, 8.99 MLT; DPS:  -5.51
[0m [32m<Writing HDF5 DATA @ t =     5.584 [min] >[0m 
[32m<Writing RAIJU HDF5 DATA @ t =     5.667 [min] >[0m 
 [36m
 GAMERA
      Time =     5.668 [min]
        ts =     4409
        dt =  6.05E-02 [sec]
    dt/dt0 =   50.836%
    Spent     0.0% of time waiting for Voltron
      kZCs =   3403.40 /   1590.37 [MHD/TOT] (8 threads)
[0m       CPCP =   62.910  61.856 [kV, N/S]
 [34m
 VOLTRON
      UT   = 2001-06-01 23:05:40
      tilt =    0.000 [deg]
    Sym-H  =   -5.000 [nT]
    BSDst  ~   10.371 [nT]
           dSMRs  ~     2.42   -0.06   -2.13   -0.23 [nT, 12/18/00/06]
   DPSDst  ~   -5.434 [nT]
   Spent    51.6% of time waiting for Gamera
            11.3% of time processing Chimp(Helpers)
             6.7% of time processing IMAG
            11.3% of time processing Remix
            19.0% of time processing Tubes(Helpers)
             0.0% of time writing files
    Running @   59.653% of real-time (8 threads)
[0m  [35m
 RAIJU
      UT   = 2001-06-01 23:05:45
      Time =     5.750 [min]
     dtCpl =  5.00E+00 [sec]
     Max/Min dt @ k:
        Max 2.68E+01 [sec] @ 58
        Min 1.38E-01 [sec] @ 160
     Flav : max Press/Den @ L,MLT; DPS-dst
        0: P =   0.00, D =9075.91 @  1.54 Rp,12.07 MLT; DPS:   0.00
        1: P =   0.30, D =   0.32 @  4.73 Rp, 9.66 MLT; DPS:  -1.31
        2: P =   2.82, D =   0.41 @  3.94 Rp, 8.86 MLT; DPS:  -5.53
[0m [32m<Writing HDF5 DATA @ t =     5.668 [min] >[0m 
[32m<Writing RAIJU HDF5 DATA @ t =     5.750 [min] >[0m 
 [36m
 GAMERA
      Time =     5.750 [min]
        ts =     4489
        dt =  6.33E-02 [sec]
    dt/dt0 =   53.145%
    Spent     0.0% of time waiting for Voltron
      kZCs =   3402.99 /   1518.42 [MHD/TOT] (8 threads)
[0m       CPCP =   64.147  63.033 [kV, N/S]
 [34m
 VOLTRON
      UT   = 2001-06-01 23:05:45
      tilt =    0.000 [deg]
    Sym-H  =   -5.000 [nT]
    BSDst  ~   10.536 [nT]
           dSMRs  ~     2.40   -0.04   -2.16   -0.21 [nT, 12/18/00/06]
   DPSDst  ~   -5.443 [nT]
   Spent    51.3% of time waiting for Gamera
            11.3% of time processing Chimp(Helpers)
             6.8% of time processing IMAG
            11.3% of time processing Remix
            19.1% of time processing Tubes(Helpers)
             0.0% of time writing files
    Running @   59.772% of real-time (8 threads)
[0m  [35m
 RAIJU
      UT   = 2001-06-01 23:05:50
      Time =     5.833 [min]
     dtCpl =  5.00E+00 [sec]
     Max/Min dt @ k:
        Max 2.62E+01 [sec] @ 58
        Min 1.38E-01 [sec] @ 160
     Flav : max Press/Den @ L,MLT; DPS-dst
        0: P =   0.00, D =9075.91 @  1.54 Rp,12.07 MLT; DPS:   0.00
        1: P =   0.30, D =   0.32 @  4.73 Rp, 9.66 MLT; DPS:  -1.31
        2: P =   2.83, D =   0.41 @  3.94 Rp, 8.86 MLT; DPS:  -5.54
[0m [32m<Writing HDF5 DATA @ t =     5.750 [min] >[0m 
[32m<Writing RAIJU HDF5 DATA @ t =     5.833 [min] >[0m 
 [36m
 GAMERA
      Time =     5.834 [min]
        ts =     4569
        dt =  6.01E-02 [sec]
    dt/dt0 =   50.444%
    Spent     0.0% of time waiting for Voltron
      kZCs =   3405.65 /   1518.52 [MHD/TOT] (8 threads)
[0m       CPCP =   64.904  63.789 [kV, N/S]
 [34m
 VOLTRON
      UT   = 2001-06-01 23:05:50
      tilt =    0.000 [deg]
    Sym-H  =   -5.000 [nT]
    BSDst  ~   10.688 [nT]
           dSMRs  ~     2.39   -0.01   -2.19   -0.18 [nT, 12/18/00/06]
   DPSDst  ~   -5.452 [nT]
   Spent    51.1% of time waiting for Gamera
            11.4% of time processing Chimp(Helpers)
             6.8% of time processing IMAG
            11.4% of time processing Remix
            19.2% of time processing Tubes(Helpers)
             0.0% of time writing files
    Running @   59.875% of real-time (8 threads)
[0m  [35m
 RAIJU
      UT   = 2001-06-01 23:05:55
      Time =     5.917 [min]
     dtCpl =  5.00E+00 [sec]
     Max/Min dt @ k:
        Max 2.57E+01 [sec] @ 58
        Min 1.38E-01 [sec] @ 160
     Flav : max Press/Den @ L,MLT; DPS-dst
        0: P =   0.00, D =9075.91 @  1.54 Rp,12.07 MLT; DPS:   0.00
        1: P =   0.29, D =   0.31 @  4.73 Rp, 9.66 MLT; DPS:  -1.31
        2: P =   2.83, D =   0.41 @  3.94 Rp, 8.73 MLT; DPS:  -5.55
[0m [32m<Writing HDF5 DATA @ t =     5.834 [min] >[0m 
[32m<Writing RAIJU HDF5 DATA @ t =     5.917 [min] >[0m 
 [36m
 GAMERA
      Time =     5.917 [min]
        ts =     4657
        dt =  5.47E-02 [sec]
    dt/dt0 =   45.965%
    Spent     0.0% of time waiting for Voltron
      kZCs =   3404.74 /   1592.42 [MHD/TOT] (8 threads)
[0m       CPCP =   64.933  63.922 [kV, N/S]
 [34m
 VOLTRON
      UT   = 2001-06-01 23:05:55
      tilt =    0.000 [deg]
    Sym-H  =   -5.000 [nT]
    BSDst  ~   10.805 [nT]
           dSMRs  ~     2.35    0.00   -2.21   -0.15 [nT, 12/18/00/06]
   DPSDst  ~   -5.463 [nT]
   Spent    51.2% of time waiting for Gamera
            11.3% of time processing Chimp(Helpers)
             6.8% of time processing IMAG
            11.3% of time processing Remix
            19.1% of time processing Tubes(Helpers)
             0.0% of time writing files
    Running @   59.866% of real-time (8 threads)
[0m  [35m
 RAIJU
      UT   = 2001-06-01 23:05:59
      Time =     6.000 [min]
     dtCpl =  5.00E+00 [sec]
     Max/Min dt @ k:
        Max 2.54E+01 [sec] @ 59
        Min 1.38E-01 [sec] @ 160
     Flav : max Press/Den @ L,MLT; DPS-dst
        0: P =   0.00, D =9075.91 @  1.54 Rp,12.07 MLT; DPS:   0.00
        1: P =   0.29, D =   0.31 @  4.73 Rp, 9.52 MLT; DPS:  -1.31
        2: P =   2.84, D =   0.41 @  3.94 Rp, 8.73 MLT; DPS:  -5.56
[0m [32m<Writing HDF5 DATA @ t =     5.917 [min] >[0m 
[32m<Writing RAIJU HDF5 DATA @ t =     6.000 [min] >[0m 
 [36m
 GAMERA
      Time =     6.001 [min]
        ts =     4746
        dt =  5.83E-02 [sec]
    dt/dt0 =   48.999%
    Spent     0.0% of time waiting for Voltron
      kZCs =   3403.95 /   1601.75 [MHD/TOT] (8 threads)
[0m       CPCP =   64.151  63.529 [kV, N/S]
 [34m
 VOLTRON
      UT   = 2001-06-01 23:06:00
      tilt =    0.000 [deg]
    Sym-H  =   -5.000 [nT]
    BSDst  ~   10.909 [nT]
           dSMRs  ~     2.30    0.03   -2.21   -0.12 [nT, 12/18/00/06]
   DPSDst  ~   -5.471 [nT]
   Spent    51.4% of time waiting for Gamera
            11.3% of time processing Chimp(Helpers)
             6.8% of time processing IMAG
            11.3% of time processing Remix
            19.1% of time processing Tubes(Helpers)
             0.0% of time writing files
    Running @   59.893% of real-time (8 threads)
[0m  [35m
 RAIJU
      UT   = 2001-06-01 23:06:05
      Time =     6.083 [min]
     dtCpl =  5.00E+00 [sec]
     Max/Min dt @ k:
        Max 2.54E+01 [sec] @ 59
        Min 1.38E-01 [sec] @ 160
     Flav : max Press/Den @ L,MLT; DPS-dst
        0: P =   0.00, D =9075.91 @  1.54 Rp,12.07 MLT; DPS:   0.00
        1: P =   0.29, D =   5.63 @  9.13 Rp,12.07 MLT; DPS:  -1.31
        2: P =   2.84, D =   0.41 @  3.94 Rp, 8.33 MLT; DPS:  -5.57
[0m [32m<Writing HDF5 DATA @ t =     6.001 [min] >[0m 
[32m<Writing RAIJU HDF5 DATA @ t =     6.083 [min] >[0m 
 [36m
 GAMERA
      Time =     6.084 [min]
        ts =     4829
        dt =  5.86E-02 [sec]
    dt/dt0 =   49.209%
    Spent     0.0% of time waiting for Voltron
      kZCs =   3405.17 /   1550.52 [MHD/TOT] (8 threads)
[0m       CPCP =   62.389  62.399 [kV, N/S]
 [34m
 VOLTRON
      UT   = 2001-06-01 23:06:05
      tilt =    0.000 [deg]
    Sym-H  =   -5.000 [nT]
    BSDst  ~   11.038 [nT]
           dSMRs  ~     2.25    0.05   -2.19   -0.10 [nT, 12/18/00/06]
   DPSDst  ~   -5.480 [nT]
   Spent    51.3% of time waiting for Gamera
            11.3% of time processing Chimp(Helpers)
             6.8% of time processing IMAG
            11.3% of time processing Remix
            19.1% of time processing Tubes(Helpers)
             0.0% of time writing files
    Running @   59.972% of real-time (8 threads)
[0m  [35m
 RAIJU
      UT   = 2001-06-01 23:06:10
      Time =     6.167 [min]
     dtCpl =  5.00E+00 [sec]
     Max/Min dt @ k:
        Max 2.56E+01 [sec] @ 59
        Min 1.38E-01 [sec] @ 160
     Flav : max Press/Den @ L,MLT; DPS-dst
        0: P =   0.00, D =9075.91 @  1.54 Rp,12.07 MLT; DPS:   0.00
        1: P =   0.30, D =   5.71 @  9.09 Rp,12.07 MLT; DPS:  -1.31
        2: P =   2.85, D =   0.41 @  3.94 Rp, 8.06 MLT; DPS:  -5.58
[0m [32m<Writing HDF5 DATA @ t =     6.084 [min] >[0m 
[32m<Writing RAIJU HDF5 DATA @ t =     6.167 [min] >[0m 
 [36m
 GAMERA
      Time =     6.168 [min]
        ts =     4916
        dt =  6.63E-02 [sec]
    dt/dt0 =   55.645%
    Spent     0.0% of time waiting for Voltron
      kZCs =   3407.17 /   1588.38 [MHD/TOT] (8 threads)
[0m       CPCP =   60.329  60.370 [kV, N/S]
 [34m
 VOLTRON
      UT   = 2001-06-01 23:06:10
      tilt =    0.000 [deg]
    Sym-H  =   -5.000 [nT]
    BSDst  ~   11.194 [nT]
           dSMRs  ~     2.24    0.05   -2.20   -0.09 [nT, 12/18/00/06]
   DPSDst  ~   -5.488 [nT]
   Spent    51.4% of time waiting for Gamera
            11.3% of time processing Chimp(Helpers)
             6.8% of time processing IMAG
            11.3% of time processing Remix
            19.1% of time processing Tubes(Helpers)
             0.0% of time writing files
    Running @   60.024% of real-time (8 threads)
[0m  [35m
 RAIJU
      UT   = 2001-06-01 23:06:15
      Time =     6.250 [min]
     dtCpl =  5.00E+00 [sec]
     Max/Min dt @ k:
        Max 2.60E+01 [sec] @ 58
        Min 1.38E-01 [sec] @ 160
     Flav : max Press/Den @ L,MLT; DPS-dst
        0: P =   0.00, D =9075.91 @  1.54 Rp,12.07 MLT; DPS:   0.00
        1: P =   0.30, D =   5.80 @  8.98 Rp,12.23 MLT; DPS:  -1.31
        2: P =   2.85, D =   0.41 @  3.94 Rp, 8.06 MLT; DPS:  -5.59
[0m [32m<Writing HDF5 DATA @ t =     6.168 [min] >[0m 
[32m<Writing RAIJU HDF5 DATA @ t =     6.250 [min] >[0m 
 [36m
 GAMERA
      Time =     6.251 [min]
        ts =     4992
        dt =  6.41E-02 [sec]
    dt/dt0 =   53.815%
    Spent     0.0% of time waiting for Voltron
      kZCs =   3404.73 /   1489.73 [MHD/TOT] (8 threads)
[0m       CPCP =   60.407  59.916 [kV, N/S]
 [34m
 VOLTRON
      UT   = 2001-06-01 23:06:15
      tilt =    0.000 [deg]
    Sym-H  =   -5.000 [nT]
    BSDst  ~   11.410 [nT]
           dSMRs  ~     2.26    0.07   -2.21   -0.12 [nT, 12/18/00/06]
   DPSDst  ~   -5.502 [nT]
   Spent    51.0% of time waiting for Gamera
            11.3% of time processing Chimp(Helpers)
             6.8% of time processing IMAG
            11.3% of time processing Remix
            19.3% of time processing Tubes(Helpers)
             0.0% of time writing files
    Running @   60.190% of real-time (8 threads)
[0m  [35m
 RAIJU
      UT   = 2001-06-01 23:06:20
      Time =     6.333 [min]
     dtCpl =  5.00E+00 [sec]
     Max/Min dt @ k:
        Max 2.67E+01 [sec] @ 58
        Min 1.38E-01 [sec] @ 160
     Flav : max Press/Den @ L,MLT; DPS-dst
        0: P =   0.00, D =9075.91 @  1.54 Rp,12.07 MLT; DPS:   0.00
        1: P =   0.31, D =   5.90 @  8.95 Rp,12.07 MLT; DPS:  -1.31
        2: P =   2.86, D =   0.42 @  3.94 Rp, 7.99 MLT; DPS:  -5.61
[0m [32m<Writing HDF5 DATA @ t =     6.251 [min] >[0m 
[32m<Writing RAIJU HDF5 DATA @ t =     6.333 [min] >[0m 
 [36m
 GAMERA
      Time =     6.333 [min]
        ts =     5071
        dt =  6.13E-02 [sec]
    dt/dt0 =   51.467%
    Spent     0.0% of time waiting for Voltron
      kZCs =   3406.55 /   1520.26 [MHD/TOT] (8 threads)
[0m       CPCP =   60.124  58.709 [kV, N/S]
 [34m
 VOLTRON
      UT   = 2001-06-01 23:06:20
      tilt =    0.000 [deg]
    Sym-H  =   -5.000 [nT]
    BSDst  ~   11.666 [nT]
           dSMRs  ~     2.21    0.08   -2.19   -0.11 [nT, 12/18/00/06]
   DPSDst  ~   -5.512 [nT]
   Spent    50.8% of time waiting for Gamera
            11.4% of time processing Chimp(Helpers)
             6.9% of time processing IMAG
            11.4% of time processing Remix
            19.3% of time processing Tubes(Helpers)
             0.0% of time writing files
    Running @   60.286% of real-time (8 threads)
[0m  [35m
 RAIJU
      UT   = 2001-06-01 23:06:25
      Time =     6.417 [min]
     dtCpl =  5.00E+00 [sec]
     Max/Min dt @ k:
        Max 2.75E+01 [sec] @ 58
        Min 1.38E-01 [sec] @ 160
     Flav : max Press/Den @ L,MLT; DPS-dst
        0: P =   0.00, D =9075.91 @  1.54 Rp,12.07 MLT; DPS:   0.00
        1: P =   0.32, D =   5.97 @  9.03 Rp,12.07 MLT; DPS:  -1.30
        2: P =   2.86, D =   0.42 @  3.94 Rp, 7.99 MLT; DPS:  -5.62
[0m [32m<Writing HDF5 DATA @ t =     6.333 [min] >[0m 
[32m<Writing RAIJU HDF5 DATA @ t =     6.417 [min] >[0m 
 [36m
 GAMERA
      Time =     6.417 [min]
        ts =     5154
        dt =  5.94E-02 [sec]
    dt/dt0 =   49.920%
    Spent     0.0% of time waiting for Voltron
      kZCs =   3406.21 /   1558.99 [MHD/TOT] (8 threads)
[0m       CPCP =   60.561  57.600 [kV, N/S]
 [34m
 VOLTRON
      UT   = 2001-06-01 23:06:25
      tilt =    0.000 [deg]
    Sym-H  =   -5.000 [nT]
    BSDst  ~   11.969 [nT]
           dSMRs  ~     2.17    0.09   -2.17   -0.09 [nT, 12/18/00/06]
   DPSDst  ~   -5.523 [nT]
   Spent    50.9% of time waiting for Gamera
            11.4% of time processing Chimp(Helpers)
             6.9% of time processing IMAG
            11.3% of time processing Remix
            19.3% of time processing Tubes(Helpers)
             0.0% of time writing files
    Running @   60.374% of real-time (8 threads)
[0m  [35m
 RAIJU
      UT   = 2001-06-01 23:06:30
      Time =     6.500 [min]
     dtCpl =  5.00E+00 [sec]
     Max/Min dt @ k:
        Max 2.69E+01 [sec] @ 58
        Min 1.38E-01 [sec] @ 160
     Flav : max Press/Den @ L,MLT; DPS-dst
        0: P =   0.00, D =9075.91 @  1.54 Rp,12.07 MLT; DPS:   0.00
        1: P =   0.32, D =   6.05 @  8.78 Rp,12.07 MLT; DPS:  -1.30
        2: P =   2.86, D =   0.42 @  3.94 Rp, 7.73 MLT; DPS:  -5.63
[0m [32m<Writing HDF5 DATA @ t =     6.417 [min] >[0m 
[32m<Writing RAIJU HDF5 DATA @ t =     6.500 [min] >[0m 
 [36m
 GAMERA
      Time =     6.501 [min]
        ts =     5240
        dt =  5.74E-02 [sec]
    dt/dt0 =   48.206%
    Spent     0.0% of time waiting for Voltron
      kZCs =   3407.56 /   1587.99 [MHD/TOT] (8 threads)
[0m       CPCP =   60.351  56.414 [kV, N/S]
 [34m
 VOLTRON
      UT   = 2001-06-01 23:06:30
      tilt =    0.000 [deg]
    Sym-H  =   -5.000 [nT]
    BSDst  ~   12.290 [nT]
           dSMRs  ~     2.16    0.05   -2.16   -0.04 [nT, 12/18/00/06]
   DPSDst  ~   -5.533 [nT]
   Spent    51.0% of time waiting for Gamera
            11.3% of time processing Chimp(Helpers)
             6.9% of time processing IMAG
            11.3% of time processing Remix
            19.3% of time processing Tubes(Helpers)
             0.0% of time writing files
    Running @   60.441% of real-time (8 threads)
[0m  [35m
 RAIJU
      UT   = 2001-06-01 23:06:35
      Time =     6.583 [min]
     dtCpl =  5.00E+00 [sec]
     Max/Min dt @ k:
        Max 2.68E+01 [sec] @ 58
        Min 1.38E-01 [sec] @ 160
     Flav : max Press/Den @ L,MLT; DPS-dst
        0: P =   0.00, D =9075.91 @  1.54 Rp,12.07 MLT; DPS:   0.00
        1: P =   0.33, D =   6.13 @  8.72 Rp,12.07 MLT; DPS:  -1.30
        2: P =   2.87, D =   0.42 @  3.94 Rp, 7.73 MLT; DPS:  -5.64
[0m [32m<Writing HDF5 DATA @ t =     6.501 [min] >[0m 
[32m<Writing RAIJU HDF5 DATA @ t =     6.583 [min] >[0m 
 [36m
 GAMERA
      Time =     6.584 [min]
        ts =     5358
        dt =  3.25E-02 [sec]
    dt/dt0 =   27.334%
    Spent     0.0% of time waiting for Voltron
      kZCs =   3407.65 /   1828.81 [MHD/TOT] (8 threads)
[0m       CPCP =   60.375  55.503 [kV, N/S]
 [34m
 VOLTRON
      UT   = 2001-06-01 23:06:35
      tilt =    0.000 [deg]
    Sym-H  =   -5.000 [nT]
    BSDst  ~   12.565 [nT]
           dSMRs  ~     2.12    0.04   -2.14   -0.02 [nT, 12/18/00/06]
   DPSDst  ~   -5.537 [nT]
   Spent    52.4% of time waiting for Gamera
            11.0% of time processing Chimp(Helpers)
             6.7% of time processing IMAG
            11.0% of time processing Remix
            18.8% of time processing Tubes(Helpers)
             0.0% of time writing files
    Running @   60.154% of real-time (8 threads)
[0m  [35m
 RAIJU
      UT   = 2001-06-01 23:06:40
      Time =     6.667 [min]
     dtCpl =  5.00E+00 [sec]
     Max/Min dt @ k:
        Max 2.74E+01 [sec] @ 58
        Min 1.38E-01 [sec] @ 160
     Flav : max Press/Den @ L,MLT; DPS-dst
        0: P =   0.00, D =9075.91 @  1.54 Rp,12.07 MLT; DPS:   0.00
        1: P =   0.34, D =   6.21 @  8.61 Rp,12.07 MLT; DPS:  -1.29
        2: P =   2.88, D =   0.42 @  3.94 Rp, 7.73 MLT; DPS:  -5.65
[0m [32m<Writing HDF5 DATA @ t =     6.584 [min] >[0m 
[32m<Writing RAIJU HDF5 DATA @ t =     6.667 [min] >[0m 
 [36m
 GAMERA
      Time =     6.667 [min]
        ts =     5474
        dt =  5.09E-02 [sec]
    dt/dt0 =   42.710%
    Spent     0.0% of time waiting for Voltron
      kZCs =   3407.83 /   1819.44 [MHD/TOT] (8 threads)
[0m       CPCP =   60.802  54.732 [kV, N/S]
 [34m
 VOLTRON
      UT   = 2001-06-01 23:06:40
      tilt =    0.000 [deg]
    Sym-H  =   -5.000 [nT]
    BSDst  ~   12.828 [nT]
           dSMRs  ~     2.10    0.08   -2.15   -0.02 [nT, 12/18/00/06]
   DPSDst  ~   -5.556 [nT]
   Spent    53.5% of time waiting for Gamera
            10.7% of time processing Chimp(Helpers)
             6.6% of time processing IMAG
            10.7% of time processing Remix
            18.3% of time processing Tubes(Helpers)
             0.0% of time writing files
    Running @   59.918% of real-time (8 threads)
[0m  [35m
 RAIJU
      UT   = 2001-06-01 23:06:45
      Time =     6.750 [min]
     dtCpl =  5.00E+00 [sec]
     Max/Min dt @ k:
        Max 2.78E+01 [sec] @ 58
        Min 1.38E-01 [sec] @ 160
     Flav : max Press/Den @ L,MLT; DPS-dst
        0: P =   0.00, D =9075.91 @  1.54 Rp,12.07 MLT; DPS:   0.00
        1: P =   0.34, D =   6.30 @  8.61 Rp,12.07 MLT; DPS:  -1.30
        2: P =   2.88, D =   0.42 @  3.94 Rp, 7.73 MLT; DPS:  -5.66
[0m [32m<Writing HDF5 DATA @ t =     6.667 [min] >[0m 
[32m<Writing RAIJU HDF5 DATA @ t =     6.750 [min] >[0m 
 [36m
 GAMERA
      Time =     6.750 [min]
        ts =     5571
        dt =  5.12E-02 [sec]
    dt/dt0 =   42.968%
    Spent     0.0% of time waiting for Voltron
      kZCs =   3408.53 /   1688.04 [MHD/TOT] (8 threads)
[0m       CPCP =   60.247  53.471 [kV, N/S]
 [34m
 VOLTRON
      UT   = 2001-06-01 23:06:45
      tilt =    0.000 [deg]
    Sym-H  =   -5.000 [nT]
    BSDst  ~   13.082 [nT]
           dSMRs  ~     2.08    0.10   -2.16   -0.03 [nT, 12/18/00/06]
   DPSDst  ~   -5.567 [nT]
   Spent    53.8% of time waiting for Gamera
            10.6% of time processing Chimp(Helpers)
             6.6% of time processing IMAG
            10.6% of time processing Remix
            18.2% of time processing Tubes(Helpers)
             0.0% of time writing files
    Running @   59.857% of real-time (8 threads)
[0m  [35m
 RAIJU
      UT   = 2001-06-01 23:06:50
      Time =     6.833 [min]
     dtCpl =  5.00E+00 [sec]
     Max/Min dt @ k:
        Max 2.71E+01 [sec] @ 58
        Min 1.38E-01 [sec] @ 160
     Flav : max Press/Den @ L,MLT; DPS-dst
        0: P =   0.00, D =9075.91 @  1.54 Rp,12.07 MLT; DPS:   0.00
        1: P =   0.35, D =   6.41 @  8.52 Rp,12.07 MLT; DPS:  -1.30
        2: P =   2.89, D =   0.42 @  3.94 Rp, 7.73 MLT; DPS:  -5.68
[0m [32m<Writing HDF5 DATA @ t =     6.750 [min] >[0m 
[32m<Writing RAIJU HDF5 DATA @ t =     6.833 [min] >[0m 
 [36m
 GAMERA
      Time =     6.834 [min]
        ts =     5673
        dt =  4.60E-02 [sec]
    dt/dt0 =   38.645%
    Spent     0.0% of time waiting for Voltron
      kZCs =   3408.15 /   1730.58 [MHD/TOT] (8 threads)
[0m       CPCP =   59.693  52.432 [kV, N/S]
 [34m
 VOLTRON
      UT   = 2001-06-01 23:06:50
      tilt =    0.000 [deg]
    Sym-H  =   -5.000 [nT]
    BSDst  ~   13.335 [nT]
           dSMRs  ~     2.06    0.09   -2.14   -0.02 [nT, 12/18/00/06]
   DPSDst  ~   -5.579 [nT]
   Spent    54.2% of time waiting for Gamera
            10.5% of time processing Chimp(Helpers)
             6.5% of time processing IMAG
            10.5% of time processing Remix
            18.1% of time processing Tubes(Helpers)
             0.0% of time writing files
    Running @   59.758% of real-time (8 threads)
[0m  [35m
 RAIJU
      UT   = 2001-06-01 23:06:55
      Time =     6.917 [min]
     dtCpl =  5.00E+00 [sec]
     Max/Min dt @ k:
        Max 2.71E+01 [sec] @ 58
        Min 1.38E-01 [sec] @ 160
     Flav : max Press/Den @ L,MLT; DPS-dst
        0: P =   0.00, D =9075.91 @  1.54 Rp,12.07 MLT; DPS:   0.00
        1: P =   0.36, D =   6.49 @  8.39 Rp,12.23 MLT; DPS:  -1.30
        2: P =   2.89, D =   0.42 @  3.94 Rp, 7.66 MLT; DPS:  -5.69
[0m [32m<Writing HDF5 DATA @ t =     6.834 [min] >[0m 
[32m<Writing RAIJU HDF5 DATA @ t =     6.917 [min] >[0m 
 [36m
 GAMERA
      Time =     6.917 [min]
        ts =     5792
        dt =  3.78E-02 [sec]
    dt/dt0 =   31.784%
    Spent     0.0% of time waiting for Voltron
      kZCs =   3408.69 /   1847.45 [MHD/TOT] (8 threads)
[0m       CPCP =   59.371  51.504 [kV, N/S]
 [34m
 VOLTRON
      UT   = 2001-06-01 23:06:55
      tilt =    0.000 [deg]
    Sym-H  =   -5.000 [nT]
    BSDst  ~   13.595 [nT]
           dSMRs  ~     2.06    0.07   -2.13   -0.01 [nT, 12/18/00/06]
   DPSDst  ~   -5.590 [nT]
   Spent    55.2% of time waiting for Gamera
            10.3% of time processing Chimp(Helpers)
             6.4% of time processing IMAG
            10.3% of time processing Remix
            17.7% of time processing Tubes(Helpers)
             0.0% of time writing files
    Running @   59.500% of real-time (8 threads)
[0m  [35m
 RAIJU
      UT   = 2001-06-01 23:06:59
      Time =     7.000 [min]
     dtCpl =  5.00E+00 [sec]
     Max/Min dt @ k:
        Max 2.68E+01 [sec] @ 58
        Min 1.38E-01 [sec] @ 160
     Flav : max Press/Den @ L,MLT; DPS-dst
        0: P =   0.00, D =9075.91 @  1.54 Rp,12.07 MLT; DPS:   0.00
        1: P =   0.37, D =   6.57 @  8.56 Rp,12.24 MLT; DPS:  -1.30
        2: P =   2.89, D =   0.42 @  3.94 Rp, 7.66 MLT; DPS:  -5.71
[0m [32m<Writing HDF5 DATA @ t =     6.917 [min] >[0m 
[32m<Writing RAIJU HDF5 DATA @ t =     7.000 [min] >[0m 
 [36m
 GAMERA
      Time =     7.000 [min]
        ts =     5943
        dt =  2.98E-02 [sec]
    dt/dt0 =   25.019%
    Spent     0.0% of time waiting for Voltron
      kZCs =   3409.78 /   2019.89 [MHD/TOT] (8 threads)
[0m       CPCP =   58.801  50.200 [kV, N/S]
 [34m
 VOLTRON
      UT   = 2001-06-01 23:07:00
      tilt =    0.000 [deg]
    Sym-H  =   -5.000 [nT]
    BSDst  ~   13.853 [nT]
           dSMRs  ~     2.07    0.08   -2.14   -0.01 [nT, 12/18/00/06]
   DPSDst  ~   -5.605 [nT]
   Spent    56.9% of time waiting for Gamera
             9.9% of time processing Chimp(Helpers)
             6.2% of time processing IMAG
             9.8% of time processing Remix
            17.1% of time processing Tubes(Helpers)
             0.0% of time writing files
    Running @   59.019% of real-time (8 threads)
[0m  [35m
 RAIJU
      UT   = 2001-06-01 23:07:05
      Time =     7.083 [min]
     dtCpl =  5.00E+00 [sec]
     Max/Min dt @ k:
        Max 2.69E+01 [sec] @ 58
        Min 1.38E-01 [sec] @ 160
     Flav : max Press/Den @ L,MLT; DPS-dst
        0: P =   0.00, D =9075.91 @  1.54 Rp,12.07 MLT; DPS:   0.00
        1: P =   0.37, D =   6.66 @  8.68 Rp,12.11 MLT; DPS:  -1.30
        2: P =   2.90, D =   0.42 @  3.94 Rp, 7.66 MLT; DPS:  -5.73
[0m [32m<Writing HDF5 DATA @ t =     7.000 [min] >[0m 
[32m<Writing RAIJU HDF5 DATA @ t =     7.083 [min] >[0m 
 [36m
 GAMERA
      Time =     7.084 [min]
        ts =     6109
        dt =  2.98E-02 [sec]
    dt/dt0 =   24.998%
    Spent     0.0% of time waiting for Voltron
      kZCs =   3410.15 /   2084.15 [MHD/TOT] (8 threads)
[0m       CPCP =   57.788  48.603 [kV, N/S]
 [34m
 VOLTRON
      UT   = 2001-06-01 23:07:05
      tilt =    0.000 [deg]
    Sym-H  =   -5.000 [nT]
    BSDst  ~   14.089 [nT]
           dSMRs  ~     2.09    0.09   -2.17   -0.00 [nT, 12/18/00/06]
   DPSDst  ~   -5.624 [nT]
   Spent    58.6% of time waiting for Gamera
             9.5% of time processing Chimp(Helpers)
             5.9% of time processing IMAG
             9.4% of time processing Remix
            16.4% of time processing Tubes(Helpers)
             0.0% of time writing files
    Running @   58.471% of real-time (8 threads)
[0m  [35m
 RAIJU
      UT   = 2001-06-01 23:07:10
      Time =     7.167 [min]
     dtCpl =  5.00E+00 [sec]
     Max/Min dt @ k:
        Max 2.69E+01 [sec] @ 58
        Min 1.38E-01 [sec] @ 160
     Flav : max Press/Den @ L,MLT; DPS-dst
        0: P =   0.00, D =9075.91 @  1.54 Rp,12.07 MLT; DPS:   0.00
        1: P =   0.38, D =   6.72 @  8.70 Rp,12.24 MLT; DPS:  -1.30
        2: P =   2.90, D =   0.42 @  3.94 Rp, 7.53 MLT; DPS:  -5.74
[0m [32m<Writing HDF5 DATA @ t =     7.084 [min] >[0m 
[32m<Writing RAIJU HDF5 DATA @ t =     7.167 [min] >[0m 
 [36m
 GAMERA
      Time =     7.167 [min]
        ts =     6275
        dt =  2.98E-02 [sec]
    dt/dt0 =   25.010%
    Spent     0.0% of time waiting for Voltron
      kZCs =   3408.82 /   2082.34 [MHD/TOT] (8 threads)
[0m       CPCP =   56.634  47.438 [kV, N/S]
 [34m
 VOLTRON
      UT   = 2001-06-01 23:07:10
      tilt =    0.000 [deg]
    Sym-H  =   -5.000 [nT]
    BSDst  ~   14.329 [nT]
           dSMRs  ~     2.10    0.08   -2.19    0.01 [nT, 12/18/00/06]
   DPSDst  ~   -5.610 [nT]
   Spent    60.1% of time waiting for Gamera
             9.1% of time processing Chimp(Helpers)
             5.8% of time processing IMAG
             9.0% of time processing Remix
            15.8% of time processing Tubes(Helpers)
             0.0% of time writing files
    Running @   57.927% of real-time (8 threads)
[0m  [35m
 RAIJU
      UT   = 2001-06-01 23:07:15
      Time =     7.250 [min]
     dtCpl =  5.00E+00 [sec]
     Max/Min dt @ k:
        Max 2.73E+01 [sec] @ 58
        Min 1.38E-01 [sec] @ 160
     Flav : max Press/Den @ L,MLT; DPS-dst
        0: P =   0.00, D =9075.91 @  1.54 Rp,12.07 MLT; DPS:   0.00
        1: P =   0.38, D =   6.79 @  8.37 Rp,12.24 MLT; DPS:  -1.28
        2: P =   2.91, D =   0.42 @  3.94 Rp, 7.53 MLT; DPS:  -5.73
[0m [32m<Writing HDF5 DATA @ t =     7.167 [min] >[0m 
[32m<Writing RAIJU HDF5 DATA @ t =     7.250 [min] >[0m 
 [36m
 GAMERA
      Time =     7.250 [min]
        ts =     6442
        dt =  2.98E-02 [sec]
    dt/dt0 =   25.063%
    Spent     0.0% of time waiting for Voltron
      kZCs =   3410.36 /   2085.75 [MHD/TOT] (8 threads)
[0m       CPCP =   55.714  46.688 [kV, N/S]
 [34m
 VOLTRON
      UT   = 2001-06-01 23:07:15
      tilt =    0.000 [deg]
    Sym-H  =   -5.000 [nT]
    BSDst  ~   14.637 [nT]
           dSMRs  ~     2.17    0.06   -2.24   -0.00 [nT, 12/18/00/06]
   DPSDst  ~   -5.617 [nT]
   Spent    61.4% of time waiting for Gamera
             8.8% of time processing Chimp(Helpers)
             5.6% of time processing IMAG
             8.7% of time processing Remix
            15.3% of time processing Tubes(Helpers)
             0.0% of time writing files
    Running @   57.408% of real-time (8 threads)
[0m  [35m
 RAIJU
      UT   = 2001-06-01 23:07:20
      Time =     7.333 [min]
     dtCpl =  5.00E+00 [sec]
     Max/Min dt @ k:
        Max 2.75E+01 [sec] @ 58
        Min 1.38E-01 [sec] @ 160
     Flav : max Press/Den @ L,MLT; DPS-dst
        0: P =   0.00, D =9075.91 @  1.54 Rp,12.07 MLT; DPS:   0.00
        1: P =   0.39, D =   6.86 @  8.36 Rp,12.24 MLT; DPS:  -1.28
        2: P =   2.91, D =   0.42 @  3.94 Rp, 7.66 MLT; DPS:  -5.74
[0m [32m<Writing HDF5 DATA @ t =     7.250 [min] >[0m 
[32m<Writing RAIJU HDF5 DATA @ t =     7.333 [min] >[0m 
 [36m
 GAMERA
      Time =     7.333 [min]
        ts =     6609
        dt =  2.95E-02 [sec]
    dt/dt0 =   24.781%
    Spent     0.0% of time waiting for Voltron
      kZCs =   3411.73 /   2083.84 [MHD/TOT] (8 threads)
[0m       CPCP =   54.671  45.509 [kV, N/S]
 [34m
 VOLTRON
      UT   = 2001-06-01 23:07:20
      tilt =    0.000 [deg]
    Sym-H  =   -5.000 [nT]
    BSDst  ~   14.973 [nT]
           dSMRs  ~     2.24    0.05   -2.28   -0.02 [nT, 12/18/00/06]
   DPSDst  ~   -5.626 [nT]
   Spent    62.5% of time waiting for Gamera
             8.5% of time processing Chimp(Helpers)
             5.4% of time processing IMAG
             8.5% of time processing Remix
            14.9% of time processing Tubes(Helpers)
             0.0% of time writing files
    Running @   56.899% of real-time (8 threads)
[0m  [35m
 RAIJU
      UT   = 2001-06-01 23:07:25
      Time =     7.417 [min]
     dtCpl =  5.00E+00 [sec]
     Max/Min dt @ k:
        Max 2.76E+01 [sec] @ 58
        Min 1.38E-01 [sec] @ 160
     Flav : max Press/Den @ L,MLT; DPS-dst
        0: P =   0.00, D =9075.91 @  1.54 Rp,12.07 MLT; DPS:   0.00
        1: P =   0.39, D =   6.90 @  8.30 Rp,12.24 MLT; DPS:  -1.28
        2: P =   2.92, D =   0.42 @  3.94 Rp, 7.53 MLT; DPS:  -5.75
[0m [32m<Writing HDF5 DATA @ t =     7.333 [min] >[0m 
[32m<Writing RAIJU HDF5 DATA @ t =     7.417 [min] >[0m 
 [36m
 GAMERA
      Time =     7.417 [min]
        ts =     6778
        dt =  2.92E-02 [sec]
    dt/dt0 =   24.539%
    Spent     0.0% of time waiting for Voltron
      kZCs =   3410.34 /   2090.77 [MHD/TOT] (8 threads)
[0m       CPCP =   53.402  44.096 [kV, N/S]
 [34m
 VOLTRON
      UT   = 2001-06-01 23:07:25
      tilt =    0.000 [deg]
    Sym-H  =   -5.000 [nT]
    BSDst  ~   15.296 [nT]
           dSMRs  ~     2.28    0.05   -2.31   -0.02 [nT, 12/18/00/06]
   DPSDst  ~   -5.637 [nT]
   Spent    63.5% of time waiting for Gamera
             8.3% of time processing Chimp(Helpers)
             5.3% of time processing IMAG
             8.2% of time processing Remix
            14.5% of time processing Tubes(Helpers)
             0.0% of time writing files
    Running @   56.395% of real-time (8 threads)
[0m  [35m
 RAIJU
      UT   = 2001-06-01 23:07:30
      Time =     7.500 [min]
     dtCpl =  5.00E+00 [sec]
     Max/Min dt @ k:
        Max 2.80E+01 [sec] @ 58
        Min 1.38E-01 [sec] @ 160
     Flav : max Press/Den @ L,MLT; DPS-dst
        0: P =   0.00, D =9075.91 @  1.54 Rp,12.07 MLT; DPS:   0.00
        1: P =   0.39, D =   6.94 @  8.34 Rp,12.24 MLT; DPS:  -1.28
        2: P =   2.93, D =   0.42 @  3.94 Rp, 7.53 MLT; DPS:  -5.76
[0m [32m<Writing HDF5 DATA @ t =     7.417 [min] >[0m 
[32m<Writing RAIJU HDF5 DATA @ t =     7.500 [min] >[0m 
 [36m
 GAMERA
      Time =     7.500 [min]
        ts =     6942
        dt =  3.00E-02 [sec]
    dt/dt0 =   25.219%
    Spent     0.0% of time waiting for Voltron
      kZCs =   3410.73 /   2089.41 [MHD/TOT] (8 threads)
[0m       CPCP =   51.942  42.760 [kV, N/S]
 [34m
 VOLTRON
      UT   = 2001-06-01 23:07:30
      tilt =    0.000 [deg]
    Sym-H  =   -5.000 [nT]
    BSDst  ~   15.673 [nT]
           dSMRs  ~     2.34    0.02   -2.34   -0.02 [nT, 12/18/00/06]
   DPSDst  ~   -5.642 [nT]
   Spent    64.3% of time waiting for Gamera
             8.1% of time processing Chimp(Helpers)
             5.2% of time processing IMAG
             8.0% of time processing Remix
            14.3% of time processing Tubes(Helpers)
             0.0% of time writing files
    Running @   55.943% of real-time (8 threads)
[0m  [35m
 RAIJU
      UT   = 2001-06-01 23:07:35
      Time =     7.583 [min]
     dtCpl =  5.00E+00 [sec]
     Max/Min dt @ k:
        Max 2.83E+01 [sec] @ 58
        Min 1.38E-01 [sec] @ 160
     Flav : max Press/Den @ L,MLT; DPS-dst
        0: P =   0.00, D =9075.91 @  1.54 Rp,12.07 MLT; DPS:   0.00
        1: P =   0.40, D =   6.96 @  8.29 Rp,12.24 MLT; DPS:  -1.28
        2: P =   2.93, D =   0.42 @  3.94 Rp, 7.53 MLT; DPS:  -5.77
[0m [32m<Writing HDF5 DATA @ t =     7.500 [min] >[0m 
[32m<Writing RAIJU HDF5 DATA @ t =     7.583 [min] >[0m 
 [36m
 GAMERA
      Time =     7.584 [min]
        ts =     7107
        dt =  2.98E-02 [sec]
    dt/dt0 =   25.008%
    Spent     0.0% of time waiting for Voltron
      kZCs =   3410.61 /   2083.41 [MHD/TOT] (8 threads)
[0m       CPCP =   50.260  42.133 [kV, N/S]
 [34m
 VOLTRON
      UT   = 2001-06-01 23:07:35
      tilt =    0.000 [deg]
    Sym-H  =   -5.000 [nT]
    BSDst  ~   16.112 [nT]
           dSMRs  ~     2.42    0.01   -2.39   -0.05 [nT, 12/18/00/06]
   DPSDst  ~   -5.655 [nT]
   Spent    64.9% of time waiting for Gamera
             8.0% of time processing Chimp(Helpers)
             5.1% of time processing IMAG
             7.8% of time processing Remix
            14.0% of time processing Tubes(Helpers)
             0.0% of time writing files
    Running @   55.505% of real-time (8 threads)
[0m  [35m
 RAIJU
      UT   = 2001-06-01 23:07:40
      Time =     7.667 [min]
     dtCpl =  5.00E+00 [sec]
     Max/Min dt @ k:
        Max 2.86E+01 [sec] @ 58
        Min 1.38E-01 [sec] @ 160
     Flav : max Press/Den @ L,MLT; DPS-dst
        0: P =   0.00, D =9075.91 @  1.54 Rp,12.07 MLT; DPS:   0.00
        1: P =   0.40, D =   6.97 @  8.42 Rp,12.24 MLT; DPS:  -1.28
        2: P =   2.94, D =   0.42 @  3.93 Rp, 7.66 MLT; DPS:  -5.78
[0m [32m<Writing HDF5 DATA @ t =     7.584 [min] >[0m 
[32m<Writing RAIJU HDF5 DATA @ t =     7.667 [min] >[0m 
 [36m
 GAMERA
      Time =     7.667 [min]
        ts =     7271
        dt =  3.18E-02 [sec]
    dt/dt0 =   26.713%
    Spent     0.0% of time waiting for Voltron
      kZCs =   3411.21 /   2075.72 [MHD/TOT] (8 threads)
[0m       CPCP =   48.435  41.567 [kV, N/S]
 [34m
 VOLTRON
      UT   = 2001-06-01 23:07:40
      tilt =    0.000 [deg]
    Sym-H  =   -5.000 [nT]
    BSDst  ~   16.491 [nT]
           dSMRs  ~     2.43    0.03   -2.41   -0.05 [nT, 12/18/00/06]
   DPSDst  ~   -5.665 [nT]
   Spent    65.4% of time waiting for Gamera
             7.8% of time processing Chimp(Helpers)
             5.1% of time processing IMAG
             7.7% of time processing Remix
            13.9% of time processing Tubes(Helpers)
             0.0% of time writing files
    Running @   55.077% of real-time (8 threads)
[0m  [35m
 RAIJU
      UT   = 2001-06-01 23:07:45
      Time =     7.750 [min]
     dtCpl =  5.00E+00 [sec]
     Max/Min dt @ k:
        Max 2.88E+01 [sec] @ 58
        Min 1.38E-01 [sec] @ 160
     Flav : max Press/Den @ L,MLT; DPS-dst
        0: P =   0.00, D =9075.91 @  1.54 Rp,12.07 MLT; DPS:   0.00
        1: P =   0.39, D =   6.97 @  8.45 Rp,12.24 MLT; DPS:  -1.28
        2: P =   2.95, D =   0.42 @  3.93 Rp, 7.53 MLT; DPS:  -5.79
[0m [32m<Writing HDF5 DATA @ t =     7.667 [min] >[0m 
[32m<Writing RAIJU HDF5 DATA @ t =     7.750 [min] >[0m 
 [36m
 GAMERA
      Time =     7.750 [min]
        ts =     7437
        dt =  2.99E-02 [sec]
    dt/dt0 =   25.151%
    Spent     0.0% of time waiting for Voltron
      kZCs =   3412.33 /   2085.69 [MHD/TOT] (8 threads)
[0m       CPCP =   47.088  40.740 [kV, N/S]
 [34m
 VOLTRON
      UT   = 2001-06-01 23:07:45
      tilt =    0.000 [deg]
    Sym-H  =   -5.000 [nT]
    BSDst  ~   16.735 [nT]
           dSMRs  ~     2.33    0.06   -2.36   -0.03 [nT, 12/18/00/06]
   DPSDst  ~   -5.673 [nT]
   Spent    65.9% of time waiting for Gamera
             7.7% of time processing Chimp(Helpers)
             5.0% of time processing IMAG
             7.6% of time processing Remix
            13.7% of time processing Tubes(Helpers)
             0.0% of time writing files
    Running @   54.660% of real-time (8 threads)
[0m  [35m
 RAIJU
      UT   = 2001-06-01 23:07:50
      Time =     7.833 [min]
     dtCpl =  5.00E+00 [sec]
     Max/Min dt @ k:
        Max 2.91E+01 [sec] @ 58
        Min 1.38E-01 [sec] @ 160
     Flav : max Press/Den @ L,MLT; DPS-dst
        0: P =   0.00, D =9075.91 @  1.54 Rp,12.07 MLT; DPS:   0.00
        1: P =   0.39, D =   6.86 @  8.59 Rp,13.18 MLT; DPS:  -1.28
        2: P =   2.95, D =   0.42 @  3.93 Rp, 7.53 MLT; DPS:  -5.80
[0m [32m<Writing HDF5 DATA @ t =     7.750 [min] >[0m 
[32m<Writing RAIJU HDF5 DATA @ t =     7.833 [min] >[0m 
 [36m
 GAMERA
      Time =     7.835 [min]
        ts =     7501
        dt =  9.95E-02 [sec]
    dt/dt0 =   83.603%
    Spent     0.0% of time waiting for Voltron
      kZCs =   3409.51 /   1391.69 [MHD/TOT] (8 threads)
[0m       CPCP =   45.717  39.819 [kV, N/S]
 [34m
 VOLTRON
      UT   = 2001-06-01 23:07:50
      tilt =    0.000 [deg]
    Sym-H  =   -5.000 [nT]
    BSDst  ~   16.908 [nT]
           dSMRs  ~     2.22    0.08   -2.30   -0.00 [nT, 12/18/00/06]
   DPSDst  ~   -5.668 [nT]
   Spent    62.7% of time waiting for Gamera
             8.4% of time processing Chimp(Helpers)
             5.5% of time processing IMAG
             8.2% of time processing Remix
            15.0% of time processing Tubes(Helpers)
             0.0% of time writing files
    Running @   55.290% of real-time (8 threads)
[0m  [35m
 RAIJU
      UT   = 2001-06-01 23:07:55
      Time =     7.917 [min]
     dtCpl =  5.00E+00 [sec]
     Max/Min dt @ k:
        Max 2.95E+01 [sec] @ 58
        Min 1.38E-01 [sec] @ 160
     Flav : max Press/Den @ L,MLT; DPS-dst
        0: P =   0.00, D =9075.91 @  1.54 Rp,12.07 MLT; DPS:   0.00
        1: P =   0.39, D =   6.88 @  8.63 Rp,13.17 MLT; DPS:  -1.27
        2: P =   2.96, D =   0.42 @  3.93 Rp, 7.46 MLT; DPS:  -5.80
[0m [32m<Writing HDF5 DATA @ t =     7.835 [min] >[0m 
[32m<Writing RAIJU HDF5 DATA @ t =     7.917 [min] >[0m 
 [36m
 GAMERA
      Time =     7.918 [min]
        ts =     7551
        dt =  9.96E-02 [sec]
    dt/dt0 =   83.678%
    Spent     0.0% of time waiting for Voltron
      kZCs =   3411.91 /   1211.12 [MHD/TOT] (8 threads)
[0m       CPCP =   44.322  38.914 [kV, N/S]
 [34m
 VOLTRON
      UT   = 2001-06-01 23:07:55
      tilt =    0.000 [deg]
    Sym-H  =   -5.000 [nT]
    BSDst  ~   17.104 [nT]
           dSMRs  ~     2.19    0.07   -2.26   -0.00 [nT, 12/18/00/06]
   DPSDst  ~   -5.664 [nT]
   Spent    59.2% of time waiting for Gamera
             9.1% of time processing Chimp(Helpers)
             6.0% of time processing IMAG
             9.0% of time processing Remix
            16.5% of time processing Tubes(Helpers)
             0.0% of time writing files
    Running @   56.117% of real-time (8 threads)
[0m  [35m
 RAIJU
      UT   = 2001-06-01 23:07:59
      Time =     8.000 [min]
     dtCpl =  5.00E+00 [sec]
     Max/Min dt @ k:
        Max 3.01E+01 [sec] @ 58
        Min 1.38E-01 [sec] @ 160
     Flav : max Press/Den @ L,MLT; DPS-dst
        0: P =   0.00, D =9075.91 @  1.54 Rp,12.07 MLT; DPS:   0.00
        1: P =   0.40, D =   6.89 @  8.53 Rp,13.16 MLT; DPS:  -1.27
        2: P =   2.96, D =   0.42 @  3.93 Rp, 7.46 MLT; DPS:  -5.80
[0m [32m<Writing HDF5 DATA @ t =     7.918 [min] >[0m 
[32m<Writing RAIJU HDF5 DATA @ t =     8.000 [min] >[0m 
 [36m
 GAMERA
      Time =     8.001 [min]
        ts =     7601
        dt =  9.97E-02 [sec]
    dt/dt0 =   83.763%
    Spent     0.0% of time waiting for Voltron
      kZCs =   3410.18 /   1211.69 [MHD/TOT] (8 threads)
[0m       CPCP =   42.790  38.058 [kV, N/S]
 [34m
 VOLTRON
      UT   = 2001-06-01 23:08:00
      tilt =    0.000 [deg]
    Sym-H  =   -5.000 [nT]
    BSDst  ~   17.307 [nT]
           dSMRs  ~     2.17    0.07   -2.23   -0.01 [nT, 12/18/00/06]
   DPSDst  ~   -5.668 [nT]
   Spent    56.2% of time waiting for Gamera
             9.8% of time processing Chimp(Helpers)
             6.5% of time processing IMAG
             9.6% of time processing Remix
            17.8% of time processing Tubes(Helpers)
             0.0% of time writing files
    Running @   56.922% of real-time (8 threads)
[0m  [35m
 RAIJU
      UT   = 2001-06-01 23:08:05
      Time =     8.083 [min]
     dtCpl =  5.00E+00 [sec]
     Max/Min dt @ k:
        Max 3.07E+01 [sec] @ 58
        Min 1.38E-01 [sec] @ 160
     Flav : max Press/Den @ L,MLT; DPS-dst
        0: P =   0.00, D =9075.91 @  1.54 Rp,12.07 MLT; DPS:   0.00
        1: P =   0.40, D =   6.92 @  8.41 Rp,13.15 MLT; DPS:  -1.26
        2: P =   2.96, D =   0.42 @  3.93 Rp, 7.46 MLT; DPS:  -5.80
[0m [32m<Writing HDF5 DATA @ t =     8.001 [min] >[0m 
[32m<Writing RAIJU HDF5 DATA @ t =     8.083 [min] >[0m 
 [36m
 GAMERA
      Time =     8.084 [min]
        ts =     7651
        dt =  9.98E-02 [sec]
    dt/dt0 =   83.818%
    Spent     0.0% of time waiting for Voltron
      kZCs =   3410.33 /   1220.38 [MHD/TOT] (8 threads)
[0m       CPCP =   41.199  37.080 [kV, N/S]
 [34m
 VOLTRON
      UT   = 2001-06-01 23:08:05
      tilt =    0.000 [deg]
    Sym-H  =   -5.000 [nT]
    BSDst  ~   17.437 [nT]
           dSMRs  ~     2.06    0.09   -2.16    0.01 [nT, 12/18/00/06]
   DPSDst  ~   -5.573 [nT]
   Spent    53.7% of time waiting for Gamera
            10.3% of time processing Chimp(Helpers)
             6.9% of time processing IMAG
            10.0% of time processing Remix
            18.9% of time processing Tubes(Helpers)
             0.0% of time writing files
    Running @   57.685% of real-time (8 threads)
[0m  [35m
 RAIJU
      UT   = 2001-06-01 23:08:10
      Time =     8.167 [min]
     dtCpl =  5.00E+00 [sec]
     Max/Min dt @ k:
        Max 3.15E+01 [sec] @ 58
        Min 1.38E-01 [sec] @ 160
     Flav : max Press/Den @ L,MLT; DPS-dst
        0: P =   0.00, D =9075.91 @  1.54 Rp,12.07 MLT; DPS:   0.00
        1: P =   0.40, D =   6.94 @  8.44 Rp,13.15 MLT; DPS:  -1.19
        2: P =   2.97, D =   0.42 @  3.93 Rp, 7.46 MLT; DPS:  -5.62
[0m [32m<Writing HDF5 DATA @ t =     8.084 [min] >[0m 
[32m<Writing RAIJU HDF5 DATA @ t =     8.167 [min] >[0m 
 [36m
 GAMERA
      Time =     8.167 [min]
        ts =     7701
        dt =  9.98E-02 [sec]
    dt/dt0 =   83.850%
    Spent     0.0% of time waiting for Voltron
      kZCs =   3409.07 /   1214.37 [MHD/TOT] (8 threads)
[0m       CPCP =   39.586  35.991 [kV, N/S]
 [34m
 VOLTRON
      UT   = 2001-06-01 23:08:10
      tilt =    0.000 [deg]
    Sym-H  =   -5.000 [nT]
    BSDst  ~   17.470 [nT]
           dSMRs  ~     1.88    0.12   -2.05    0.05 [nT, 12/18/00/06]
   DPSDst  ~   -5.538 [nT]
   Spent    51.5% of time waiting for Gamera
            10.8% of time processing Chimp(Helpers)
             7.2% of time processing IMAG
            10.5% of time processing Remix
            19.8% of time processing Tubes(Helpers)
             0.0% of time writing files
    Running @   58.447% of real-time (8 threads)
[0m  [35m
 RAIJU
      UT   = 2001-06-01 23:08:15
      Time =     8.250 [min]
     dtCpl =  5.00E+00 [sec]
     Max/Min dt @ k:
        Max 3.23E+01 [sec] @ 58
        Min 1.38E-01 [sec] @ 160
     Flav : max Press/Den @ L,MLT; DPS-dst
        0: P =   0.00, D =9075.91 @  1.54 Rp,12.07 MLT; DPS:   0.00
        1: P =   0.40, D =   6.95 @  8.38 Rp,13.14 MLT; DPS:  -1.17
        2: P =   2.97, D =   0.42 @  3.93 Rp, 7.46 MLT; DPS:  -5.60
[0m [32m<Writing HDF5 DATA @ t =     8.167 [min] >[0m 
[32m<Writing RAIJU HDF5 DATA @ t =     8.250 [min] >[0m 
 [36m
 GAMERA
      Time =     8.250 [min]
        ts =     7751
        dt =  9.99E-02 [sec]
    dt/dt0 =   83.898%
    Spent     0.0% of time waiting for Voltron
      kZCs =   3413.18 /   1208.72 [MHD/TOT] (8 threads)
[0m       CPCP =   37.886  34.914 [kV, N/S]
 [34m
 VOLTRON
      UT   = 2001-06-01 23:08:15
      tilt =    0.000 [deg]
    Sym-H  =   -5.000 [nT]
    BSDst  ~   17.465 [nT]
           dSMRs  ~     1.72    0.14   -1.94    0.08 [nT, 12/18/00/06]
   DPSDst  ~   -5.515 [nT]
   Spent    49.7% of time waiting for Gamera
            11.1% of time processing Chimp(Helpers)
             7.5% of time processing IMAG
            10.9% of time processing Remix
            20.6% of time processing Tubes(Helpers)
             0.0% of time writing files
    Running @   59.172% of real-time (8 threads)
[0m  [35m
 RAIJU
      UT   = 2001-06-01 23:08:20
      Time =     8.333 [min]
     dtCpl =  5.00E+00 [sec]
     Max/Min dt @ k:
        Max 3.28E+01 [sec] @ 57
        Min 1.38E-01 [sec] @ 160
     Flav : max Press/Den @ L,MLT; DPS-dst
        0: P =   0.00, D =9075.91 @  1.54 Rp,12.07 MLT; DPS:   0.00
        1: P =   0.40, D =   6.95 @  8.40 Rp,13.14 MLT; DPS:  -1.16
        2: P =   2.97, D =   0.42 @  3.93 Rp, 7.19 MLT; DPS:  -5.57
[0m [32m<Writing HDF5 DATA @ t =     8.250 [min] >[0m 
[32m<Writing RAIJU HDF5 DATA @ t =     8.333 [min] >[0m 
 [36m
 GAMERA
      Time =     8.334 [min]
        ts =     7801
        dt =  9.99E-02 [sec]
    dt/dt0 =   83.919%
    Spent     0.0% of time waiting for Voltron
      kZCs =   3412.07 /   1208.99 [MHD/TOT] (8 threads)
[0m       CPCP =   36.269  33.626 [kV, N/S]
 [34m
 VOLTRON
      UT   = 2001-06-01 23:08:20
      tilt =    0.000 [deg]
    Sym-H  =   -5.000 [nT]
    BSDst  ~   17.482 [nT]
           dSMRs  ~     1.60    0.14   -1.84    0.10 [nT, 12/18/00/06]
   DPSDst  ~   -5.499 [nT]
   Spent    48.1% of time waiting for Gamera
            11.4% of time processing Chimp(Helpers)
             7.7% of time processing IMAG
            11.3% of time processing Remix
            21.2% of time processing Tubes(Helpers)
             0.0% of time writing files
    Running @   59.877% of real-time (8 threads)
[0m  [35m
 RAIJU
      UT   = 2001-06-01 23:08:25
      Time =     8.417 [min]
     dtCpl =  5.00E+00 [sec]
     Max/Min dt @ k:
        Max 3.32E+01 [sec] @ 57
        Min 1.38E-01 [sec] @ 160
     Flav : max Press/Den @ L,MLT; DPS-dst
        0: P =   0.00, D =9075.91 @  1.54 Rp,12.07 MLT; DPS:   0.00
        1: P =   0.40, D =   6.95 @  8.40 Rp,13.13 MLT; DPS:  -1.15
        2: P =   2.97, D =   0.42 @  3.93 Rp, 7.20 MLT; DPS:  -5.56
[0m [32m<Writing HDF5 DATA @ t =     8.334 [min] >[0m 
[32m<Writing RAIJU HDF5 DATA @ t =     8.417 [min] >[0m 
 [36m
 GAMERA
      Time =     8.417 [min]
        ts =     7851
        dt =  9.99E-02 [sec]
    dt/dt0 =   83.940%
    Spent     0.0% of time waiting for Voltron
      kZCs =   3411.28 /   1210.84 [MHD/TOT] (8 threads)
[0m       CPCP =   34.661  32.189 [kV, N/S]
 [34m
 VOLTRON
      UT   = 2001-06-01 23:08:25
      tilt =    0.000 [deg]
    Sym-H  =   -5.000 [nT]
    BSDst  ~   17.513 [nT]
           dSMRs  ~     1.49    0.13   -1.75    0.12 [nT, 12/18/00/06]
   DPSDst  ~   -5.478 [nT]
   Spent    46.8% of time waiting for Gamera
            11.7% of time processing Chimp(Helpers)
             7.9% of time processing IMAG
            11.6% of time processing Remix
            21.7% of time processing Tubes(Helpers)
             0.0% of time writing files
    Running @   60.563% of real-time (8 threads)
[0m  [35m
 RAIJU
      UT   = 2001-06-01 23:08:30
      Time =     8.500 [min]
     dtCpl =  5.00E+00 [sec]
     Max/Min dt @ k:
        Max 3.39E+01 [sec] @ 57
        Min 1.38E-01 [sec] @ 160
     Flav : max Press/Den @ L,MLT; DPS-dst
        0: P =   0.00, D =9075.91 @  1.54 Rp,12.07 MLT; DPS:   0.00
        1: P =   0.39, D =   6.94 @  8.39 Rp,13.13 MLT; DPS:  -1.14
        2: P =   2.97, D =   0.42 @  3.93 Rp, 7.20 MLT; DPS:  -5.55
[0m [32m<Writing HDF5 DATA @ t =     8.417 [min] >[0m 
[32m<Writing RAIJU HDF5 DATA @ t =     8.500 [min] >[0m 
 [36m
 GAMERA
      Time =     8.500 [min]
        ts =     7901
        dt =  9.99E-02 [sec]
    dt/dt0 =   83.936%
    Spent     0.0% of time waiting for Voltron
      kZCs =   3412.07 /   1213.49 [MHD/TOT] (8 threads)
[0m       CPCP =   32.586  30.583 [kV, N/S]
 [34m
 VOLTRON
      UT   = 2001-06-01 23:08:30
      tilt =    0.000 [deg]
    Sym-H  =   -5.000 [nT]
    BSDst  ~   17.563 [nT]
           dSMRs  ~     1.39    0.14   -1.65    0.13 [nT, 12/18/00/06]
   DPSDst  ~   -5.470 [nT]
   Spent    45.7% of time waiting for Gamera
            11.9% of time processing Chimp(Helpers)
             8.1% of time processing IMAG
            11.9% of time processing Remix
            22.2% of time processing Tubes(Helpers)
             0.0% of time writing files
    Running @   61.232% of real-time (8 threads)
[0m  [35m
 RAIJU
      UT   = 2001-06-01 23:08:35
      Time =     8.583 [min]
     dtCpl =  5.00E+00 [sec]
     Max/Min dt @ k:
        Max 3.47E+01 [sec] @ 57
        Min 1.38E-01 [sec] @ 160
     Flav : max Press/Den @ L,MLT; DPS-dst
        0: P =   0.00, D =9075.91 @  1.54 Rp,12.07 MLT; DPS:   0.00
        1: P =   0.39, D =   6.93 @  8.39 Rp,13.12 MLT; DPS:  -1.14
        2: P =   2.97, D =   0.42 @  3.93 Rp, 7.20 MLT; DPS:  -5.55
[0m [32m<Writing HDF5 DATA @ t =     8.500 [min] >[0m 
[32m<Writing RAIJU HDF5 DATA @ t =     8.583 [min] >[0m 
 [36m
 GAMERA
      Time =     8.584 [min]
        ts =     7951
        dt =  9.99E-02 [sec]
    dt/dt0 =   83.928%
    Spent     0.0% of time waiting for Voltron
      kZCs =   3411.12 /   1213.15 [MHD/TOT] (8 threads)
[0m       CPCP =   30.554  29.759 [kV, N/S]
 [34m
 VOLTRON
      UT   = 2001-06-01 23:08:35
      tilt =    0.000 [deg]
    Sym-H  =   -5.000 [nT]
    BSDst  ~   17.655 [nT]
           dSMRs  ~     1.31    0.14   -1.57    0.12 [nT, 12/18/00/06]
   DPSDst  ~   -5.462 [nT]
   Spent    44.8% of time waiting for Gamera
            12.0% of time processing Chimp(Helpers)
             8.3% of time processing IMAG
            12.1% of time processing Remix
            22.6% of time processing Tubes(Helpers)
             0.0% of time writing files
    Running @   61.850% of real-time (8 threads)
[0m  [35m
 RAIJU
      UT   = 2001-06-01 23:08:40
      Time =     8.667 [min]
     dtCpl =  5.00E+00 [sec]
     Max/Min dt @ k:
        Max 3.57E+01 [sec] @ 57
        Min 1.38E-01 [sec] @ 160
     Flav : max Press/Den @ L,MLT; DPS-dst
        0: P =   0.00, D =9075.91 @  1.54 Rp,12.07 MLT; DPS:   0.00
        1: P =   0.39, D =   6.92 @  8.41 Rp,13.12 MLT; DPS:  -1.13
        2: P =   2.96, D =   0.42 @  3.93 Rp, 7.20 MLT; DPS:  -5.54
[0m [32m<Writing HDF5 DATA @ t =     8.584 [min] >[0m 
[32m<Writing RAIJU HDF5 DATA @ t =     8.667 [min] >[0m 
 [36m
 GAMERA
      Time =     8.667 [min]
        ts =     8001
        dt =  9.99E-02 [sec]
    dt/dt0 =   83.891%
    Spent     0.0% of time waiting for Voltron
      kZCs =   3413.97 /   1212.23 [MHD/TOT] (8 threads)
[0m       CPCP =   29.317  30.228 [kV, N/S]
 [34m
 VOLTRON
      UT   = 2001-06-01 23:08:40
      tilt =    0.000 [deg]
    Sym-H  =   -5.000 [nT]
    BSDst  ~   17.826 [nT]
           dSMRs  ~     1.27    0.12   -1.50    0.11 [nT, 12/18/00/06]
   DPSDst  ~   -5.460 [nT]
   Spent    44.0% of time waiting for Gamera
            12.2% of time processing Chimp(Helpers)
             8.4% of time processing IMAG
            12.3% of time processing Remix
            22.9% of time processing Tubes(Helpers)
             0.0% of time writing files
    Running @   62.449% of real-time (8 threads)
[0m  [35m
 RAIJU
      UT   = 2001-06-01 23:08:45
      Time =     8.750 [min]
     dtCpl =  5.00E+00 [sec]
     Max/Min dt @ k:
        Max 3.66E+01 [sec] @ 57
        Min 1.38E-01 [sec] @ 160
     Flav : max Press/Den @ L,MLT; DPS-dst
        0: P =   0.00, D =9075.91 @  1.54 Rp,12.07 MLT; DPS:   0.00
        1: P =   0.39, D =   6.91 @  8.43 Rp,13.12 MLT; DPS:  -1.13
        2: P =   2.96, D =   0.42 @  3.93 Rp, 7.13 MLT; DPS:  -5.54
[0m [32m<Writing HDF5 DATA @ t =     8.667 [min] >[0m 
[32m<Writing RAIJU HDF5 DATA @ t =     8.750 [min] >[0m 
 [36m
 GAMERA
      Time =     8.752 [min]
        ts =     8052
        dt =  9.98E-02 [sec]
    dt/dt0 =   83.842%
    Spent     0.0% of time waiting for Voltron
      kZCs =   3412.71 /   1223.42 [MHD/TOT] (8 threads)
[0m       CPCP =   28.580  30.751 [kV, N/S]
 [34m
 VOLTRON
      UT   = 2001-06-01 23:08:45
      tilt =    0.000 [deg]
    Sym-H  =   -5.000 [nT]
    BSDst  ~   18.073 [nT]
           dSMRs  ~     1.27    0.09   -1.46    0.10 [nT, 12/18/00/06]
   DPSDst  ~   -5.428 [nT]
   Spent    43.4% of time waiting for Gamera
            12.3% of time processing Chimp(Helpers)
             8.5% of time processing IMAG
            12.5% of time processing Remix
            23.2% of time processing Tubes(Helpers)
             0.0% of time writing files
    Running @   63.075% of real-time (8 threads)
[0m  [35m
 RAIJU
      UT   = 2001-06-01 23:08:50
      Time =     8.833 [min]
     dtCpl =  5.00E+00 [sec]
     Max/Min dt @ k:
        Max 3.78E+01 [sec] @ 57
        Min 1.38E-01 [sec] @ 160
     Flav : max Press/Den @ L,MLT; DPS-dst
        0: P =   0.00, D =9075.91 @  1.54 Rp,12.07 MLT; DPS:   0.00
        1: P =   0.38, D =   6.90 @  8.40 Rp,13.11 MLT; DPS:  -1.11
        2: P =   2.96, D =   0.42 @  3.93 Rp, 7.13 MLT; DPS:  -5.52
[0m [32m<Writing HDF5 DATA @ t =     8.752 [min] >[0m 
[32m<Writing RAIJU HDF5 DATA @ t =     8.833 [min] >[0m 
 [36m
 GAMERA
      Time =     8.835 [min]
        ts =     8102
        dt =  9.97E-02 [sec]
    dt/dt0 =   83.780%
    Spent     0.0% of time waiting for Voltron
      kZCs =   3414.44 /   1208.62 [MHD/TOT] (8 threads)
[0m       CPCP =   28.681  31.065 [kV, N/S]
 [34m
 VOLTRON
      UT   = 2001-06-01 23:08:50
      tilt =    0.000 [deg]
    Sym-H  =   -5.000 [nT]
    BSDst  ~   18.336 [nT]
           dSMRs  ~     1.26    0.08   -1.42    0.08 [nT, 12/18/00/06]
   DPSDst  ~   -5.425 [nT]
   Spent    42.8% of time waiting for Gamera
            12.4% of time processing Chimp(Helpers)
             8.5% of time processing IMAG
            12.7% of time processing Remix
            23.4% of time processing Tubes(Helpers)
             0.0% of time writing files
    Running @   63.645% of real-time (8 threads)
[0m  [35m
 RAIJU
      UT   = 2001-06-01 23:08:55
      Time =     8.917 [min]
     dtCpl =  5.00E+00 [sec]
     Max/Min dt @ k:
        Max 3.87E+01 [sec] @ 57
        Min 1.38E-01 [sec] @ 160
     Flav : max Press/Den @ L,MLT; DPS-dst
        0: P =   0.00, D =9075.91 @  1.54 Rp,12.07 MLT; DPS:   0.00
        1: P =   0.38, D =   6.89 @  8.41 Rp,13.11 MLT; DPS:  -1.11
        2: P =   2.96, D =   0.42 @  3.93 Rp, 7.13 MLT; DPS:  -5.52
[0m [32m<Writing HDF5 DATA @ t =     8.835 [min] >[0m 
[32m<Writing RAIJU HDF5 DATA @ t =     8.917 [min] >[0m 
 [36m
 GAMERA
      Time =     8.918 [min]
        ts =     8152
        dt =  9.97E-02 [sec]
    dt/dt0 =   83.728%
    Spent     0.0% of time waiting for Voltron
      kZCs =   3412.23 /   1207.55 [MHD/TOT] (8 threads)
[0m       CPCP =   28.830  31.238 [kV, N/S]
 [34m
 VOLTRON
      UT   = 2001-06-01 23:08:55
      tilt =    0.000 [deg]
    Sym-H  =   -5.000 [nT]
    BSDst  ~   18.574 [nT]
           dSMRs  ~     1.22    0.07   -1.38    0.09 [nT, 12/18/00/06]
   DPSDst  ~   -5.426 [nT]
   Spent    42.3% of time waiting for Gamera
            12.4% of time processing Chimp(Helpers)
             8.6% of time processing IMAG
            12.8% of time processing Remix
            23.6% of time processing Tubes(Helpers)
             0.0% of time writing files
    Running @   64.171% of real-time (8 threads)
[0m  [35m
 RAIJU
      UT   = 2001-06-01 23:08:59
      Time =     9.000 [min]
     dtCpl =  5.00E+00 [sec]
     Max/Min dt @ k:
        Max 3.95E+01 [sec] @ 57
        Min 1.38E-01 [sec] @ 160
     Flav : max Press/Den @ L,MLT; DPS-dst
        0: P =   0.00, D =9075.91 @  1.54 Rp,12.07 MLT; DPS:   0.00
        1: P =   0.38, D =   6.88 @  8.42 Rp,13.11 MLT; DPS:  -1.10
        2: P =   2.96, D =   0.42 @  3.93 Rp, 7.00 MLT; DPS:  -5.52
[0m [32m<Writing HDF5 DATA @ t =     8.918 [min] >[0m 
[32m<Writing RAIJU HDF5 DATA @ t =     9.000 [min] >[0m 
 [36m
 GAMERA
      Time =     9.001 [min]
        ts =     8202
        dt =  9.96E-02 [sec]
    dt/dt0 =   83.675%
    Spent     0.0% of time waiting for Voltron
      kZCs =   3414.60 /   1206.58 [MHD/TOT] (8 threads)
[0m       CPCP =   29.595  31.427 [kV, N/S]
 [34m
 VOLTRON
      UT   = 2001-06-01 23:09:00
      tilt =    0.000 [deg]
    Sym-H  =   -5.000 [nT]
    BSDst  ~   18.799 [nT]
           dSMRs  ~     1.17    0.06   -1.32    0.10 [nT, 12/18/00/06]
   DPSDst  ~   -5.421 [nT]
   Spent    41.8% of time waiting for Gamera
            12.5% of time processing Chimp(Helpers)
             8.7% of time processing IMAG
            13.0% of time processing Remix
            23.7% of time processing Tubes(Helpers)
             0.0% of time writing files
    Running @   64.698% of real-time (8 threads)
[0m  [35m
 RAIJU
      UT   = 2001-06-01 23:09:05
      Time =     9.083 [min]
     dtCpl =  5.00E+00 [sec]
     Max/Min dt @ k:
        Max 4.08E+01 [sec] @ 57
        Min 1.38E-01 [sec] @ 160
     Flav : max Press/Den @ L,MLT; DPS-dst
        0: P =   0.00, D =9075.91 @  1.54 Rp,12.07 MLT; DPS:   0.00
        1: P =   0.38, D =   6.87 @  8.41 Rp,13.11 MLT; DPS:  -1.10
        2: P =   2.96, D =   0.42 @  3.93 Rp, 7.00 MLT; DPS:  -5.52
[0m [32m<Writing HDF5 DATA @ t =     9.001 [min] >[0m 
[32m<Writing RAIJU HDF5 DATA @ t =     9.083 [min] >[0m 
 [36m
 GAMERA
      Time =     9.084 [min]
        ts =     8252
        dt =  9.96E-02 [sec]
    dt/dt0 =   83.644%
    Spent     0.0% of time waiting for Voltron
      kZCs =   3413.65 /   1208.64 [MHD/TOT] (8 threads)
[0m       CPCP =   30.548  31.775 [kV, N/S]
 [34m
 VOLTRON
      UT   = 2001-06-01 23:09:05
      tilt =    0.000 [deg]
    Sym-H  =   -5.000 [nT]
    BSDst  ~   18.990 [nT]
           dSMRs  ~     1.09    0.05   -1.25    0.11 [nT, 12/18/00/06]
   DPSDst  ~   -5.410 [nT]
   Spent    41.5% of time waiting for Gamera
            12.5% of time processing Chimp(Helpers)
             8.7% of time processing IMAG
            13.1% of time processing Remix
            23.9% of time processing Tubes(Helpers)
             0.0% of time writing files
    Running @   65.213% of real-time (8 threads)
[0m  [35m
 RAIJU
      UT   = 2001-06-01 23:09:10
      Time =     9.167 [min]
     dtCpl =  5.00E+00 [sec]
     Max/Min dt @ k:
        Max 4.21E+01 [sec] @ 57
        Min 1.38E-01 [sec] @ 160
     Flav : max Press/Den @ L,MLT; DPS-dst
        0: P =   0.00, D =9075.91 @  1.54 Rp,12.07 MLT; DPS:   0.00
        1: P =   0.37, D =   6.84 @  8.39 Rp,13.11 MLT; DPS:  -1.09
        2: P =   2.97, D =   0.42 @  3.97 Rp, 6.89 MLT; DPS:  -5.51
[0m [32m<Writing HDF5 DATA @ t =     9.084 [min] >[0m 
[32m<Writing RAIJU HDF5 DATA @ t =     9.167 [min] >[0m 
 [36m
 GAMERA
      Time =     9.167 [min]
        ts =     8302
        dt =  9.95E-02 [sec]
    dt/dt0 =   83.608%
    Spent     0.0% of time waiting for Voltron
      kZCs =   3411.91 /   1207.69 [MHD/TOT] (8 threads)
[0m       CPCP =   31.976  32.477 [kV, N/S]
 [34m
 VOLTRON
      UT   = 2001-06-01 23:09:10
      tilt =    0.000 [deg]
    Sym-H  =   -5.000 [nT]
    BSDst  ~   19.137 [nT]
           dSMRs  ~     1.01    0.04   -1.17    0.12 [nT, 12/18/00/06]
   DPSDst  ~   -5.410 [nT]
   Spent    41.2% of time waiting for Gamera
            12.6% of time processing Chimp(Helpers)
             8.8% of time processing IMAG
            13.2% of time processing Remix
            24.0% of time processing Tubes(Helpers)
             0.0% of time writing files
    Running @   65.708% of real-time (8 threads)
[0m  [35m
 RAIJU
      UT   = 2001-06-01 23:09:15
      Time =     9.250 [min]
     dtCpl =  5.00E+00 [sec]
     Max/Min dt @ k:
        Max 4.30E+01 [sec] @ 56
        Min 1.38E-01 [sec] @ 160
     Flav : max Press/Den @ L,MLT; DPS-dst
        0: P =   0.00, D =9075.91 @  1.54 Rp,12.07 MLT; DPS:   0.00
        1: P =   0.37, D =   6.82 @  8.39 Rp,13.11 MLT; DPS:  -1.09
        2: P =   2.97, D =   0.42 @  3.97 Rp, 6.89 MLT; DPS:  -5.51
[0m [32m<Writing HDF5 DATA @ t =     9.167 [min] >[0m 
[32m<Writing RAIJU HDF5 DATA @ t =     9.250 [min] >[0m 
 [36m
 GAMERA
      Time =     9.252 [min]
        ts =     8353
        dt =  9.95E-02 [sec]
    dt/dt0 =   83.592%
    Spent     0.0% of time waiting for Voltron
      kZCs =   3413.49 /   1222.85 [MHD/TOT] (8 threads)
[0m       CPCP =   33.365  33.905 [kV, N/S]
 [34m
 VOLTRON
      UT   = 2001-06-01 23:09:15
      tilt =    0.000 [deg]
    Sym-H  =   -5.000 [nT]
    BSDst  ~   19.269 [nT]
           dSMRs  ~     0.93    0.02   -1.08    0.13 [nT, 12/18/00/06]
   DPSDst  ~   -5.386 [nT]
   Spent    41.0% of time waiting for Gamera
            12.6% of time processing Chimp(Helpers)
             8.8% of time processing IMAG
            13.3% of time processing Remix
            24.1% of time processing Tubes(Helpers)
             0.0% of time writing files
    Running @   66.219% of real-time (8 threads)
[0m  [35m
 RAIJU
      UT   = 2001-06-01 23:09:20
      Time =     9.333 [min]
     dtCpl =  5.00E+00 [sec]
     Max/Min dt @ k:
        Max 4.44E+01 [sec] @ 56
        Min 1.38E-01 [sec] @ 160
     Flav : max Press/Den @ L,MLT; DPS-dst
        0: P =   0.00, D =9075.91 @  1.54 Rp,12.07 MLT; DPS:   0.00
        1: P =   0.30, D =   7.98 @  8.27 Rp,13.31 MLT; DPS:  -1.07
        2: P =   2.97, D =   0.42 @  3.97 Rp, 6.89 MLT; DPS:  -5.50
[0m [32m<Writing HDF5 DATA @ t =     9.252 [min] >[0m 
[32m<Writing RAIJU HDF5 DATA @ t =     9.333 [min] >[0m 
 [36m
 GAMERA
      Time =     9.334 [min]
        ts =     8403
        dt =  9.95E-02 [sec]
    dt/dt0 =   83.593%
    Spent     0.0% of time waiting for Voltron
      kZCs =   3413.97 /   1208.22 [MHD/TOT] (8 threads)
[0m       CPCP =   34.642  35.566 [kV, N/S]
 [34m
 VOLTRON
      UT   = 2001-06-01 23:09:20
      tilt =    0.000 [deg]
    Sym-H  =   -5.000 [nT]
    BSDst  ~   19.384 [nT]
           dSMRs  ~     0.84    0.01   -0.99    0.13 [nT, 12/18/00/06]
   DPSDst  ~   -5.383 [nT]
   Spent    40.8% of time waiting for Gamera
            12.6% of time processing Chimp(Helpers)
             8.8% of time processing IMAG
            13.4% of time processing Remix
            24.1% of time processing Tubes(Helpers)
             0.0% of time writing files
    Running @   66.681% of real-time (8 threads)
[0m  [35m
 RAIJU
      UT   = 2001-06-01 23:09:25
      Time =     9.417 [min]
     dtCpl =  5.00E+00 [sec]
     Max/Min dt @ k:
        Max 4.42E+01 [sec] @ 56
        Min 1.38E-01 [sec] @ 160
     Flav : max Press/Den @ L,MLT; DPS-dst
        0: P =   0.00, D =9075.91 @  1.54 Rp,12.07 MLT; DPS:   0.00
        1: P =   0.30, D =   7.95 @  8.27 Rp,13.31 MLT; DPS:  -1.07
        2: P =   2.97, D =   0.42 @  3.97 Rp, 6.89 MLT; DPS:  -5.50
[0m [32m<Writing HDF5 DATA @ t =     9.334 [min] >[0m 
[32m<Writing RAIJU HDF5 DATA @ t =     9.417 [min] >[0m 
 [36m
 GAMERA
      Time =     9.417 [min]
        ts =     8453
        dt =  9.95E-02 [sec]
    dt/dt0 =   83.597%
    Spent     0.0% of time waiting for Voltron
      kZCs =   3413.81 /   1209.33 [MHD/TOT] (8 threads)
[0m       CPCP =   36.042  36.915 [kV, N/S]
 [34m
 VOLTRON
      UT   = 2001-06-01 23:09:25
      tilt =    0.000 [deg]
    Sym-H  =   -5.000 [nT]
    BSDst  ~   19.497 [nT]
           dSMRs  ~     0.78    0.00   -0.91    0.13 [nT, 12/18/00/06]
   DPSDst  ~   -5.379 [nT]
   Spent    40.6% of time waiting for Gamera
            12.6% of time processing Chimp(Helpers)
             8.9% of time processing IMAG
            13.5% of time processing Remix
            24.2% of time processing Tubes(Helpers)
             0.0% of time writing files
    Running @   67.131% of real-time (8 threads)
[0m  [35m
 RAIJU
      UT   = 2001-06-01 23:09:30
      Time =     9.500 [min]
     dtCpl =  5.00E+00 [sec]
     Max/Min dt @ k:
        Max 4.41E+01 [sec] @ 56
        Min 1.38E-01 [sec] @ 160
     Flav : max Press/Den @ L,MLT; DPS-dst
        0: P =   0.00, D =9075.91 @  1.54 Rp,12.07 MLT; DPS:   0.00
        1: P =   0.30, D =   7.92 @  8.28 Rp,13.30 MLT; DPS:  -1.06
        2: P =   2.96, D =   0.42 @  3.97 Rp, 6.89 MLT; DPS:  -5.50
[0m [32m<Writing HDF5 DATA @ t =     9.417 [min] >[0m 
[32m<Writing RAIJU HDF5 DATA @ t =     9.500 [min] >[0m 
 [36m
 GAMERA
      Time =     9.500 [min]
        ts =     8503
        dt =  9.96E-02 [sec]
    dt/dt0 =   83.619%
    Spent     0.0% of time waiting for Voltron
      kZCs =   3416.65 /   1210.80 [MHD/TOT] (8 threads)
[0m       CPCP =   37.357  38.437 [kV, N/S]
 [34m
 VOLTRON
      UT   = 2001-06-01 23:09:30
      tilt =    0.000 [deg]
    Sym-H  =   -5.000 [nT]
    BSDst  ~   19.614 [nT]
           dSMRs  ~     0.71   -0.00   -0.83    0.12 [nT, 12/18/00/06]
   DPSDst  ~   -5.373 [nT]
   Spent    40.4% of time waiting for Gamera
            12.6% of time processing Chimp(Helpers)
             8.9% of time processing IMAG
            13.6% of time processing Remix
            24.3% of time processing Tubes(Helpers)
             0.0% of time writing files
    Running @   67.570% of real-time (8 threads)
[0m  [35m
 RAIJU
      UT   = 2001-06-01 23:09:35
      Time =     9.583 [min]
     dtCpl =  5.00E+00 [sec]
     Max/Min dt @ k:
        Max 4.37E+01 [sec] @ 56
        Min 1.38E-01 [sec] @ 160
     Flav : max Press/Den @ L,MLT; DPS-dst
        0: P =   0.00, D =9075.91 @  1.54 Rp,12.07 MLT; DPS:   0.00
        1: P =   0.30, D =   7.89 @  8.29 Rp,13.30 MLT; DPS:  -1.05
        2: P =   2.96, D =   0.42 @  3.97 Rp, 6.89 MLT; DPS:  -5.50
[0m [32m<Writing HDF5 DATA @ t =     9.500 [min] >[0m 
[32m<Writing RAIJU HDF5 DATA @ t =     9.583 [min] >[0m 
 [36m
 GAMERA
      Time =     9.585 [min]
        ts =     8554
        dt =  9.96E-02 [sec]
    dt/dt0 =   83.618%
    Spent     0.0% of time waiting for Voltron
      kZCs =   3415.97 /   1226.60 [MHD/TOT] (8 threads)
[0m       CPCP =   38.554  39.834 [kV, N/S]
 [34m
 VOLTRON
      UT   = 2001-06-01 23:09:35
      tilt =    0.000 [deg]
    Sym-H  =   -5.000 [nT]
    BSDst  ~   19.720 [nT]
           dSMRs  ~     0.64   -0.00   -0.75    0.11 [nT, 12/18/00/06]
   DPSDst  ~   -5.371 [nT]
   Spent    40.4% of time waiting for Gamera
            12.6% of time processing Chimp(Helpers)
             8.9% of time processing IMAG
            13.6% of time processing Remix
            24.3% of time processing Tubes(Helpers)
             0.0% of time writing files
    Running @   68.029% of real-time (8 threads)
[0m  [35m
 RAIJU
      UT   = 2001-06-01 23:09:40
      Time =     9.667 [min]
     dtCpl =  5.00E+00 [sec]
     Max/Min dt @ k:
        Max 4.33E+01 [sec] @ 56
        Min 1.38E-01 [sec] @ 160
     Flav : max Press/Den @ L,MLT; DPS-dst
        0: P =   0.00, D =9075.91 @  1.54 Rp,12.07 MLT; DPS:   0.00
        1: P =   0.29, D =   7.86 @  8.32 Rp,13.30 MLT; DPS:  -1.05
        2: P =   2.96, D =   0.42 @  3.93 Rp, 6.47 MLT; DPS:  -5.50
[0m [32m<Writing HDF5 DATA @ t =     9.585 [min] >[0m 
[32m<Writing RAIJU HDF5 DATA @ t =     9.667 [min] >[0m 
 [36m
 GAMERA
      Time =     9.668 [min]
        ts =     8604
        dt =  9.95E-02 [sec]
    dt/dt0 =   83.602%
    Spent     0.0% of time waiting for Voltron
      kZCs =   3416.18 /   1212.33 [MHD/TOT] (8 threads)
[0m       CPCP =   39.832  41.228 [kV, N/S]
 [34m
 VOLTRON
      UT   = 2001-06-01 23:09:40
      tilt =    0.000 [deg]
    Sym-H  =   -5.000 [nT]
    BSDst  ~   19.789 [nT]
           dSMRs  ~     0.58   -0.00   -0.69    0.11 [nT, 12/18/00/06]
   DPSDst  ~   -5.331 [nT]
   Spent    40.2% of time waiting for Gamera
            12.6% of time processing Chimp(Helpers)
             8.9% of time processing IMAG
            13.7% of time processing Remix
            24.3% of time processing Tubes(Helpers)
             0.0% of time writing files
    Running @   68.417% of real-time (8 threads)
[0m  [35m
 RAIJU
      UT   = 2001-06-01 23:09:45
      Time =     9.750 [min]
     dtCpl =  5.00E+00 [sec]
     Max/Min dt @ k:
        Max 4.19E+01 [sec] @ 7
        Min 1.38E-01 [sec] @ 160
     Flav : max Press/Den @ L,MLT; DPS-dst
        0: P =   0.00, D =9075.91 @  1.54 Rp,12.07 MLT; DPS:   0.00
        1: P =   0.29, D =   7.83 @  8.34 Rp,13.29 MLT; DPS:  -1.01
        2: P =   2.96, D =   0.42 @  3.93 Rp, 6.33 MLT; DPS:  -5.40
[0m [32m<Writing HDF5 DATA @ t =     9.668 [min] >[0m 
[32m<Writing RAIJU HDF5 DATA @ t =     9.750 [min] >[0m 
 [36m
 GAMERA
      Time =     9.751 [min]
        ts =     8654
        dt =  9.95E-02 [sec]
    dt/dt0 =   83.575%
    Spent     0.0% of time waiting for Voltron
      kZCs =   3417.45 /   1213.09 [MHD/TOT] (8 threads)
[0m       CPCP =   41.303  42.707 [kV, N/S]
 [34m
 VOLTRON
      UT   = 2001-06-01 23:09:45
      tilt =    0.000 [deg]
    Sym-H  =   -5.000 [nT]
    BSDst  ~   19.824 [nT]
           dSMRs  ~     0.51   -0.01   -0.61    0.11 [nT, 12/18/00/06]
   DPSDst  ~   -5.321 [nT]
   Spent    40.1% of time waiting for Gamera
            12.6% of time processing Chimp(Helpers)
             8.9% of time processing IMAG
            13.7% of time processing Remix
            24.4% of time processing Tubes(Helpers)
             0.0% of time writing files
    Running @   68.817% of real-time (8 threads)
[0m  [35m
 RAIJU
      UT   = 2001-06-01 23:09:50
      Time =     9.833 [min]
     dtCpl =  5.00E+00 [sec]
     Max/Min dt @ k:
        Max 4.12E+01 [sec] @ 7
        Min 1.38E-01 [sec] @ 160
     Flav : max Press/Den @ L,MLT; DPS-dst
        0: P =   0.00, D =9075.91 @  1.54 Rp,12.07 MLT; DPS:   0.00
        1: P =   0.29, D =   7.80 @  8.34 Rp,13.29 MLT; DPS:  -1.00
        2: P =   2.96, D =   0.42 @  3.93 Rp, 6.33 MLT; DPS:  -5.39
[0m [32m<Writing HDF5 DATA @ t =     9.751 [min] >[0m 
[32m<Writing RAIJU HDF5 DATA @ t =     9.833 [min] >[0m 
 [36m
 GAMERA
      Time =     9.834 [min]
        ts =     8704
        dt =  9.95E-02 [sec]
    dt/dt0 =   83.551%
    Spent     0.0% of time waiting for Voltron
      kZCs =   3413.33 /   1212.33 [MHD/TOT] (8 threads)
[0m       CPCP =   42.941  44.487 [kV, N/S]
 [34m
 VOLTRON
      UT   = 2001-06-01 23:09:50
      tilt =    0.000 [deg]
    Sym-H  =   -5.000 [nT]
    BSDst  ~   19.833 [nT]
           dSMRs  ~     0.43   -0.02   -0.53    0.11 [nT, 12/18/00/06]
   DPSDst  ~   -5.312 [nT]
   Spent    40.1% of time waiting for Gamera
            12.6% of time processing Chimp(Helpers)
             8.9% of time processing IMAG
            13.7% of time processing Remix
            24.4% of time processing Tubes(Helpers)
             0.0% of time writing files
    Running @   69.201% of real-time (8 threads)
[0m  [35m
 RAIJU
      UT   = 2001-06-01 23:09:55
      Time =     9.917 [min]
     dtCpl =  5.00E+00 [sec]
     Max/Min dt @ k:
        Max 4.06E+01 [sec] @ 7
        Min 1.38E-01 [sec] @ 160
     Flav : max Press/Den @ L,MLT; DPS-dst
        0: P =   0.00, D =9075.91 @  1.54 Rp,12.07 MLT; DPS:   0.00
        1: P =   0.29, D =   7.77 @  8.34 Rp,13.28 MLT; DPS:  -1.00
        2: P =   2.96, D =   0.42 @  3.93 Rp, 6.07 MLT; DPS:  -5.39
[0m [32m<Writing HDF5 DATA @ t =     9.834 [min] >[0m 
[32m<Writing RAIJU HDF5 DATA @ t =     9.917 [min] >[0m 
 [36m
 GAMERA
      Time =     9.918 [min]
        ts =     8755
        dt =  9.94E-02 [sec]
    dt/dt0 =   83.521%
    Spent     0.0% of time waiting for Voltron
      kZCs =   3414.11 /   1226.58 [MHD/TOT] (8 threads)
[0m       CPCP =   44.570  46.420 [kV, N/S]
 [34m
 VOLTRON
      UT   = 2001-06-01 23:09:55
      tilt =    0.000 [deg]
    Sym-H  =   -5.000 [nT]
    BSDst  ~   19.830 [nT]
           dSMRs  ~     0.35   -0.02   -0.43    0.11 [nT, 12/18/00/06]
   DPSDst  ~   -5.243 [nT]
   Spent    40.1% of time waiting for Gamera
            12.6% of time processing Chimp(Helpers)
             9.0% of time processing IMAG
            13.8% of time processing Remix
            24.4% of time processing Tubes(Helpers)
             0.0% of time writing files
    Running @   69.604% of real-time (8 threads)
[0m  [35m
 RAIJU
      UT   = 2001-06-01 23:09:59
      Time =    10.000 [min]
     dtCpl =  5.00E+00 [sec]
     Max/Min dt @ k:
        Max 4.02E+01 [sec] @ 7
        Min 1.38E-01 [sec] @ 160
     Flav : max Press/Den @ L,MLT; DPS-dst
        0: P =   0.00, D =9075.91 @  1.54 Rp,12.07 MLT; DPS:   0.00
        1: P =   0.28, D =   7.74 @  8.32 Rp,13.27 MLT; DPS:  -0.97
        2: P =   2.96, D =   0.42 @  3.93 Rp, 5.93 MLT; DPS:  -5.33
[0m [32m<Writing HDF5 DATA @ t =     9.918 [min] >[0m 
[32m<Writing RAIJU HDF5 DATA @ t =    10.000 [min] >[0m 
 [36m
 GAMERA
      Time =    10.001 [min]
        ts =     8805
        dt =  9.94E-02 [sec]
    dt/dt0 =   83.495%
    Spent     0.0% of time waiting for Voltron
      kZCs =   3415.39 /   1214.97 [MHD/TOT] (8 threads)
[0m       CPCP =   46.540  48.162 [kV, N/S]
 [34m
 VOLTRON
      UT   = 2001-06-01 23:10:00
      tilt =    0.000 [deg]
    Sym-H  =   -5.000 [nT]
    BSDst  ~   19.821 [nT]
           dSMRs  ~     0.26   -0.03   -0.34    0.11 [nT, 12/18/00/06]
   DPSDst  ~   -5.236 [nT]
   Spent    40.0% of time waiting for Gamera
            12.6% of time processing Chimp(Helpers)
             9.0% of time processing IMAG
            13.8% of time processing Remix
            24.4% of time processing Tubes(Helpers)
             0.0% of time writing files
    Running @   69.966% of real-time (8 threads)
[0m  [35m
 RAIJU
      UT   = 2001-06-01 23:10:05
      Time =    10.083 [min]
     dtCpl =  5.00E+00 [sec]
     Max/Min dt @ k:
        Max 3.97E+01 [sec] @ 7
        Min 1.38E-01 [sec] @ 160
     Flav : max Press/Den @ L,MLT; DPS-dst
        0: P =   0.00, D =9075.91 @  1.54 Rp,12.07 MLT; DPS:   0.00
        1: P =   0.28, D =   7.73 @  8.22 Rp,13.27 MLT; DPS:  -0.97
        2: P =   2.96, D =   0.42 @  3.93 Rp, 5.93 MLT; DPS:  -5.33
[0m [32m<Writing HDF5 DATA @ t =    10.001 [min] >[0m 
[32m<Writing RAIJU HDF5 DATA @ t =    10.083 [min] >[0m 
 [36m
 GAMERA
      Time =    10.084 [min]
        ts =     8855
        dt =  9.94E-02 [sec]
    dt/dt0 =   83.479%
    Spent     0.0% of time waiting for Voltron
      kZCs =   3415.71 /   1216.03 [MHD/TOT] (8 threads)
[0m       CPCP =   48.430  49.805 [kV, N/S]
 [34m
 VOLTRON
      UT   = 2001-06-01 23:10:05
      tilt =    0.000 [deg]
    Sym-H  =   -5.000 [nT]
    BSDst  ~   19.802 [nT]
           dSMRs  ~     0.19   -0.04   -0.25    0.10 [nT, 12/18/00/06]
   DPSDst  ~   -5.191 [nT]
   Spent    40.0% of time waiting for Gamera
            12.6% of time processing Chimp(Helpers)
             9.0% of time processing IMAG
            13.8% of time processing Remix
            24.4% of time processing Tubes(Helpers)
             0.0% of time writing files
    Running @   70.318% of real-time (8 threads)
[0m  [35m
 RAIJU
      UT   = 2001-06-01 23:10:10
      Time =    10.167 [min]
     dtCpl =  5.00E+00 [sec]
     Max/Min dt @ k:
        Max 4.30E+01 [sec] @ 7
        Min 1.38E-01 [sec] @ 160
     Flav : max Press/Den @ L,MLT; DPS-dst
        0: P =   0.00, D =9075.91 @  1.54 Rp,12.07 MLT; DPS:   0.00
        1: P =   0.28, D =   7.73 @  8.22 Rp,13.27 MLT; DPS:  -0.95
        2: P =   2.95, D =   0.42 @  3.93 Rp, 5.93 MLT; DPS:  -5.28
[0m [32m<Writing HDF5 DATA @ t =    10.084 [min] >[0m 
[32m<Writing RAIJU HDF5 DATA @ t =    10.167 [min] >[0m 
 [36m
 GAMERA
      Time =    10.167 [min]
        ts =     8905
        dt =  9.94E-02 [sec]
    dt/dt0 =   83.462%
    Spent     0.0% of time waiting for Voltron
      kZCs =   3413.81 /   1215.77 [MHD/TOT] (8 threads)
[0m       CPCP =   50.191  51.902 [kV, N/S]
 [34m
 VOLTRON
      UT   = 2001-06-01 23:10:10
      tilt =    0.000 [deg]
    Sym-H  =   -5.000 [nT]
    BSDst  ~   19.777 [nT]
           dSMRs  ~     0.12   -0.05   -0.16    0.10 [nT, 12/18/00/06]
   DPSDst  ~   -5.186 [nT]
   Spent    39.9% of time waiting for Gamera
            12.6% of time processing Chimp(Helpers)
             9.0% of time processing IMAG
            13.8% of time processing Remix
            24.4% of time processing Tubes(Helpers)
             0.0% of time writing files
    Running @   70.657% of real-time (8 threads)
[0m  [35m
 RAIJU
      UT   = 2001-06-01 23:10:15
      Time =    10.250 [min]
     dtCpl =  5.00E+00 [sec]
     Max/Min dt @ k:
        Max 4.26E+01 [sec] @ 7
        Min 1.38E-01 [sec] @ 160
     Flav : max Press/Den @ L,MLT; DPS-dst
        0: P =   0.00, D =9075.91 @  1.54 Rp,12.07 MLT; DPS:   0.00
        1: P =   0.28, D =   7.73 @  8.25 Rp,13.27 MLT; DPS:  -0.95
        2: P =   2.95, D =   0.42 @  3.93 Rp, 5.80 MLT; DPS:  -5.28
[0m [32m<Writing HDF5 DATA @ t =    10.167 [min] >[0m 
[32m<Writing RAIJU HDF5 DATA @ t =    10.250 [min] >[0m 
 [36m
 GAMERA
      Time =    10.251 [min]
        ts =     8956
        dt =  9.94E-02 [sec]
    dt/dt0 =   83.453%
    Spent     0.0% of time waiting for Voltron
      kZCs =   3413.49 /   1230.57 [MHD/TOT] (8 threads)
[0m       CPCP =   52.258  54.072 [kV, N/S]
 [34m
 VOLTRON
      UT   = 2001-06-01 23:10:15
      tilt =    0.000 [deg]
    Sym-H  =   -5.000 [nT]
    BSDst  ~   19.745 [nT]
           dSMRs  ~     0.04   -0.06   -0.08    0.09 [nT, 12/18/00/06]
   DPSDst  ~   -5.183 [nT]
   Spent    40.0% of time waiting for Gamera
            12.6% of time processing Chimp(Helpers)
             9.0% of time processing IMAG
            13.8% of time processing Remix
            24.4% of time processing Tubes(Helpers)
             0.0% of time writing files
    Running @   71.017% of real-time (8 threads)
[0m  [35m
 RAIJU
      UT   = 2001-06-01 23:10:20
      Time =    10.333 [min]
     dtCpl =  5.00E+00 [sec]
     Max/Min dt @ k:
        Max 4.23E+01 [sec] @ 7
        Min 1.38E-01 [sec] @ 160
     Flav : max Press/Den @ L,MLT; DPS-dst
        0: P =   0.00, D =9075.91 @  1.54 Rp,12.07 MLT; DPS:   0.00
        1: P =   0.28, D =   7.71 @  8.32 Rp,13.28 MLT; DPS:  -0.94
        2: P =   2.95, D =   0.42 @  3.93 Rp, 5.80 MLT; DPS:  -5.28
[0m [32m<Writing HDF5 DATA @ t =    10.251 [min] >[0m 
[32m<Writing RAIJU HDF5 DATA @ t =    10.333 [min] >[0m 
 [36m
 GAMERA
      Time =    10.334 [min]
        ts =     9006
        dt =  9.93E-02 [sec]
    dt/dt0 =   83.438%
    Spent     0.0% of time waiting for Voltron
      kZCs =   3414.76 /   1216.47 [MHD/TOT] (8 threads)
[0m       CPCP =   54.410  56.350 [kV, N/S]
 [34m
 VOLTRON
      UT   = 2001-06-01 23:10:20
      tilt =    0.000 [deg]
    Sym-H  =   -5.000 [nT]
    BSDst  ~   19.708 [nT]
           dSMRs  ~    -0.02   -0.07    0.01    0.09 [nT, 12/18/00/06]
   DPSDst  ~   -5.177 [nT]
   Spent    39.9% of time waiting for Gamera
            12.6% of time processing Chimp(Helpers)
             9.0% of time processing IMAG
            13.9% of time processing Remix
            24.4% of time processing Tubes(Helpers)
             0.0% of time writing files
    Running @   71.323% of real-time (8 threads)
[0m  [35m
 RAIJU
      UT   = 2001-06-01 23:10:25
      Time =    10.417 [min]
     dtCpl =  5.00E+00 [sec]
     Max/Min dt @ k:
        Max 4.23E+01 [sec] @ 7
        Min 1.38E-01 [sec] @ 160
     Flav : max Press/Den @ L,MLT; DPS-dst
        0: P =   0.00, D =9075.91 @  1.54 Rp,12.07 MLT; DPS:   0.00
        1: P =   0.28, D =   7.67 @  8.35 Rp,13.28 MLT; DPS:  -0.94
        2: P =   2.95, D =   0.42 @  3.93 Rp, 5.80 MLT; DPS:  -5.28
[0m [32m<Writing HDF5 DATA @ t =    10.334 [min] >[0m 
[32m<Writing RAIJU HDF5 DATA @ t =    10.417 [min] >[0m 
 [36m
 GAMERA
      Time =    10.417 [min]
        ts =     9056
        dt =  9.93E-02 [sec]
    dt/dt0 =   83.426%
    Spent     0.0% of time waiting for Voltron
      kZCs =   3414.44 /   1216.07 [MHD/TOT] (8 threads)
[0m       CPCP =   56.526  58.539 [kV, N/S]
 [34m
 VOLTRON
      UT   = 2001-06-01 23:10:25
      tilt =    0.000 [deg]
    Sym-H  =   -5.000 [nT]
    BSDst  ~   19.671 [nT]
           dSMRs  ~    -0.08   -0.09    0.08    0.08 [nT, 12/18/00/06]
   DPSDst  ~   -5.182 [nT]
   Spent    39.9% of time waiting for Gamera
            12.5% of time processing Chimp(Helpers)
             9.0% of time processing IMAG
            13.9% of time processing Remix
            24.4% of time processing Tubes(Helpers)
             0.0% of time writing files
    Running @   71.620% of real-time (8 threads)
[0m  [35m
 RAIJU
      UT   = 2001-06-01 23:10:30
      Time =    10.500 [min]
     dtCpl =  5.00E+00 [sec]
     Max/Min dt @ k:
        Max 4.24E+01 [sec] @ 7
        Min 1.38E-01 [sec] @ 160
     Flav : max Press/Den @ L,MLT; DPS-dst
        0: P =   0.00, D =9075.91 @  1.54 Rp,12.07 MLT; DPS:   0.00
        1: P =   0.27, D =   7.61 @  8.37 Rp,13.28 MLT; DPS:  -0.94
        2: P =   2.95, D =   0.42 @  3.93 Rp, 5.40 MLT; DPS:  -5.28
[0m [32m<Writing HDF5 DATA @ t =    10.417 [min] >[0m 
[32m<Writing RAIJU HDF5 DATA @ t =    10.500 [min] >[0m 
 [36m
 GAMERA
      Time =    10.501 [min]
        ts =     9107
        dt =  9.93E-02 [sec]
    dt/dt0 =   83.416%
    Spent     0.0% of time waiting for Voltron
      kZCs =   3415.50 /   1226.64 [MHD/TOT] (8 threads)
[0m       CPCP =   58.589  60.474 [kV, N/S]
 [34m
 VOLTRON
      UT   = 2001-06-01 23:10:30
      tilt =    0.000 [deg]
    Sym-H  =   -5.000 [nT]
    BSDst  ~   19.652 [nT]
           dSMRs  ~    -0.11   -0.11    0.15    0.07 [nT, 12/18/00/06]
   DPSDst  ~   -5.172 [nT]
   Spent    39.9% of time waiting for Gamera
            12.5% of time processing Chimp(Helpers)
             9.0% of time processing IMAG
            13.9% of time processing Remix
            24.4% of time processing Tubes(Helpers)
             0.0% of time writing files
    Running @   71.938% of real-time (8 threads)
[0m  [35m
 RAIJU
      UT   = 2001-06-01 23:10:35
      Time =    10.583 [min]
     dtCpl =  5.00E+00 [sec]
     Max/Min dt @ k:
        Max 4.22E+01 [sec] @ 7
        Min 1.38E-01 [sec] @ 160
     Flav : max Press/Den @ L,MLT; DPS-dst
        0: P =   0.00, D =9075.91 @  1.54 Rp,12.07 MLT; DPS:   0.00
        1: P =   0.27, D =   7.56 @  8.38 Rp,13.28 MLT; DPS:  -0.93
        2: P =   2.94, D =   0.42 @  3.93 Rp, 5.40 MLT; DPS:  -5.27
[0m [32m<Writing HDF5 DATA @ t =    10.501 [min] >[0m 
[32m<Writing RAIJU HDF5 DATA @ t =    10.583 [min] >[0m 
 [36m
 GAMERA
      Time =    10.584 [min]
        ts =     9157
        dt =  9.93E-02 [sec]
    dt/dt0 =   83.386%
    Spent     0.0% of time waiting for Voltron
      kZCs =   3413.97 /   1217.76 [MHD/TOT] (8 threads)
[0m       CPCP =   60.500  62.102 [kV, N/S]
 [34m
 VOLTRON
      UT   = 2001-06-01 23:10:35
      tilt =    0.000 [deg]
    Sym-H  =   -5.000 [nT]
    BSDst  ~   19.664 [nT]
           dSMRs  ~    -0.12   -0.14    0.20    0.05 [nT, 12/18/00/06]
   DPSDst  ~   -5.171 [nT]
   Spent    39.9% of time waiting for Gamera
            12.5% of time processing Chimp(Helpers)
             9.0% of time processing IMAG
            13.9% of time processing Remix
            24.4% of time processing Tubes(Helpers)
             0.0% of time writing files
    Running @   72.226% of real-time (8 threads)
[0m  [35m
 RAIJU
      UT   = 2001-06-01 23:10:40
      Time =    10.667 [min]
     dtCpl =  5.00E+00 [sec]
     Max/Min dt @ k:
        Max 4.20E+01 [sec] @ 7
        Min 1.38E-01 [sec] @ 160
     Flav : max Press/Den @ L,MLT; DPS-dst
        0: P =   0.00, D =9075.91 @  1.54 Rp,12.07 MLT; DPS:   0.00
        1: P =   0.26, D =   7.51 @  8.39 Rp,13.28 MLT; DPS:  -0.93
        2: P =   2.94, D =   0.42 @  3.93 Rp, 5.27 MLT; DPS:  -5.27
[0m [32m<Writing HDF5 DATA @ t =    10.584 [min] >[0m 
[32m<Writing RAIJU HDF5 DATA @ t =    10.667 [min] >[0m 
 [36m
 GAMERA
      Time =    10.667 [min]
        ts =     9207
        dt =  9.93E-02 [sec]
    dt/dt0 =   83.370%
    Spent     0.0% of time waiting for Voltron
      kZCs =   3414.76 /   1217.12 [MHD/TOT] (8 threads)
[0m       CPCP =   62.347  63.576 [kV, N/S]
 [34m
 VOLTRON
      UT   = 2001-06-01 23:10:40
      tilt =    0.000 [deg]
    Sym-H  =   -5.000 [nT]
    BSDst  ~   19.707 [nT]
           dSMRs  ~    -0.11   -0.16    0.24    0.04 [nT, 12/18/00/06]
   DPSDst  ~   -5.151 [nT]
   Spent    39.9% of time waiting for Gamera
            12.5% of time processing Chimp(Helpers)
             9.0% of time processing IMAG
            13.9% of time processing Remix
            24.4% of time processing Tubes(Helpers)
             0.0% of time writing files
    Running @   72.504% of real-time (8 threads)
[0m  [35m
 RAIJU
      UT   = 2001-06-01 23:10:45
      Time =    10.750 [min]
     dtCpl =  5.00E+00 [sec]
     Max/Min dt @ k:
        Max 4.22E+01 [sec] @ 7
        Min 1.38E-01 [sec] @ 160
     Flav : max Press/Den @ L,MLT; DPS-dst
        0: P =   0.00, D =9075.91 @  1.54 Rp,12.07 MLT; DPS:   0.00
        1: P =   0.26, D =   7.46 @  8.40 Rp,13.28 MLT; DPS:  -0.92
        2: P =   2.94, D =   0.42 @  3.94 Rp, 5.27 MLT; DPS:  -5.26
[0m [32m<Writing HDF5 DATA @ t =    10.667 [min] >[0m 
[32m<Writing RAIJU HDF5 DATA @ t =    10.750 [min] >[0m 
 [36m
 GAMERA
      Time =    10.751 [min]
        ts =     9258
        dt =  9.92E-02 [sec]
    dt/dt0 =   83.352%
    Spent     0.0% of time waiting for Voltron
      kZCs =   3413.64 /   1232.44 [MHD/TOT] (8 threads)
[0m       CPCP =   63.981  64.968 [kV, N/S]
 [34m
 VOLTRON
      UT   = 2001-06-01 23:10:45
      tilt =    0.000 [deg]
    Sym-H  =   -5.000 [nT]
    BSDst  ~   19.761 [nT]
           dSMRs  ~    -0.10   -0.19    0.26    0.03 [nT, 12/18/00/06]
   DPSDst  ~   -5.150 [nT]
   Spent    40.0% of time waiting for Gamera
            12.5% of time processing Chimp(Helpers)
             9.0% of time processing IMAG
            13.9% of time processing Remix
            24.4% of time processing Tubes(Helpers)
             0.0% of time writing files
    Running @   72.804% of real-time (8 threads)
[0m  [35m
 RAIJU
      UT   = 2001-06-01 23:10:50
      Time =    10.833 [min]
     dtCpl =  5.00E+00 [sec]
     Max/Min dt @ k:
        Max 4.17E+01 [sec] @ 7
        Min 1.38E-01 [sec] @ 160
     Flav : max Press/Den @ L,MLT; DPS-dst
        0: P =   0.00, D =9075.91 @  1.54 Rp,12.07 MLT; DPS:   0.00
        1: P =   0.26, D =   7.44 @  8.38 Rp,13.28 MLT; DPS:  -0.92
        2: P =   2.94, D =   0.42 @  3.94 Rp, 5.14 MLT; DPS:  -5.26
[0m [32m<Writing HDF5 DATA @ t =    10.751 [min] >[0m 
[32m<Writing RAIJU HDF5 DATA @ t =    10.833 [min] >[0m 
 [36m
 GAMERA
      Time =    10.834 [min]
        ts =     9308
        dt =  9.92E-02 [sec]
    dt/dt0 =   83.343%
    Spent     0.0% of time waiting for Voltron
      kZCs =   3413.65 /   1217.64 [MHD/TOT] (8 threads)
[0m       CPCP =   65.423  66.440 [kV, N/S]
 [34m
 VOLTRON
      UT   = 2001-06-01 23:10:50
      tilt =    0.000 [deg]
    Sym-H  =   -5.000 [nT]
    BSDst  ~   19.790 [nT]
           dSMRs  ~    -0.12   -0.20    0.29    0.03 [nT, 12/18/00/06]
   DPSDst  ~   -5.144 [nT]
   Spent    39.9% of time waiting for Gamera
            12.5% of time processing Chimp(Helpers)
             9.0% of time processing IMAG
            13.9% of time processing Remix
            24.4% of time processing Tubes(Helpers)
             0.0% of time writing files
    Running @   73.062% of real-time (8 threads)
[0m  [35m
 RAIJU
      UT   = 2001-06-01 23:10:55
      Time =    10.917 [min]
     dtCpl =  5.00E+00 [sec]
     Max/Min dt @ k:
        Max 4.12E+01 [sec] @ 2
        Min 1.38E-01 [sec] @ 160
     Flav : max Press/Den @ L,MLT; DPS-dst
        0: P =   0.00, D =9075.91 @  1.54 Rp,12.07 MLT; DPS:   0.00
        1: P =   0.26, D =   7.43 @  8.36 Rp,13.28 MLT; DPS:  -0.91
        2: P =   2.94, D =   0.42 @  3.94 Rp, 5.14 MLT; DPS:  -5.26
[0m [32m<Writing HDF5 DATA @ t =    10.834 [min] >[0m 
[32m<Writing RAIJU HDF5 DATA @ t =    10.917 [min] >[0m 
 [36m
 GAMERA
      Time =    10.918 [min]
        ts =     9359
        dt =  9.92E-02 [sec]
    dt/dt0 =   83.338%
    Spent     0.0% of time waiting for Voltron
      kZCs =   3413.33 /   1232.42 [MHD/TOT] (8 threads)
[0m       CPCP =   66.722  67.914 [kV, N/S]
 [34m
 VOLTRON
      UT   = 2001-06-01 23:10:55
      tilt =    0.000 [deg]
    Sym-H  =   -5.000 [nT]
    BSDst  ~   19.788 [nT]
           dSMRs  ~    -0.16   -0.21    0.34    0.03 [nT, 12/18/00/06]
   DPSDst  ~   -5.136 [nT]
   Spent    40.0% of time waiting for Gamera
            12.5% of time processing Chimp(Helpers)
             9.0% of time processing IMAG
            13.9% of time processing Remix
            24.4% of time processing Tubes(Helpers)
             0.0% of time writing files
    Running @   73.318% of real-time (8 threads)
[0m  [35m
 RAIJU
      UT   = 2001-06-01 23:10:59
      Time =    11.000 [min]
     dtCpl =  5.00E+00 [sec]
     Max/Min dt @ k:
        Max 4.05E+01 [sec] @ 50
        Min 1.38E-01 [sec] @ 160
     Flav : max Press/Den @ L,MLT; DPS-dst
        0: P =   0.00, D =9075.91 @  1.54 Rp,12.07 MLT; DPS:   0.00
        1: P =   0.26, D =   7.44 @  8.38 Rp,13.28 MLT; DPS:  -0.91
        2: P =   2.94, D =   0.42 @  3.94 Rp, 5.00 MLT; DPS:  -5.25
[0m [32m<Writing HDF5 DATA @ t =    10.918 [min] >[0m 
[32m<Writing RAIJU HDF5 DATA @ t =    11.000 [min] >[0m 
 [36m
 GAMERA
      Time =    11.001 [min]
        ts =     9409
        dt =  9.92E-02 [sec]
    dt/dt0 =   83.344%
    Spent     0.0% of time waiting for Voltron
      kZCs =   3412.39 /   1218.68 [MHD/TOT] (8 threads)
[0m       CPCP =   67.764  69.124 [kV, N/S]
 [34m
 VOLTRON
      UT   = 2001-06-01 23:11:00
      tilt =    0.000 [deg]
    Sym-H  =   -5.000 [nT]
    BSDst  ~   19.759 [nT]
           dSMRs  ~    -0.22   -0.21    0.40    0.03 [nT, 12/18/00/06]
   DPSDst  ~   -5.133 [nT]
   Spent    40.0% of time waiting for Gamera
            12.5% of time processing Chimp(Helpers)
             9.0% of time processing IMAG
            13.9% of time processing Remix
            24.4% of time processing Tubes(Helpers)
             0.0% of time writing files
    Running @   73.563% of real-time (8 threads)
[0m  [35m
 RAIJU
      UT   = 2001-06-01 23:11:05
      Time =    11.083 [min]
     dtCpl =  5.00E+00 [sec]
     Max/Min dt @ k:
        Max 4.00E+01 [sec] @ 53
        Min 1.38E-01 [sec] @ 160
     Flav : max Press/Den @ L,MLT; DPS-dst
        0: P =   0.00, D =9075.91 @  1.54 Rp,12.07 MLT; DPS:   0.00
        1: P =   0.25, D =   7.43 @  8.38 Rp,13.28 MLT; DPS:  -0.90
        2: P =   2.94, D =   0.42 @  3.94 Rp, 5.00 MLT; DPS:  -5.25
[0m [32m<Writing HDF5 DATA @ t =    11.001 [min] >[0m 
[32m<Writing RAIJU HDF5 DATA @ t =    11.083 [min] >[0m 
 [36m
 GAMERA
      Time =    11.084 [min]
        ts =     9459
        dt =  9.93E-02 [sec]
    dt/dt0 =   83.368%
    Spent     0.0% of time waiting for Voltron
      kZCs =   3414.44 /   1215.05 [MHD/TOT] (8 threads)
[0m       CPCP =   68.707  70.131 [kV, N/S]
 [34m
 VOLTRON
      UT   = 2001-06-01 23:11:05
      tilt =    0.000 [deg]
    Sym-H  =   -5.000 [nT]
    BSDst  ~   19.711 [nT]
           dSMRs  ~    -0.30   -0.21    0.47    0.04 [nT, 12/18/00/06]
   DPSDst  ~   -5.129 [nT]
   Spent    39.9% of time waiting for Gamera
            12.4% of time processing Chimp(Helpers)
             9.0% of time processing IMAG
            14.0% of time processing Remix
            24.4% of time processing Tubes(Helpers)
             0.0% of time writing files
    Running @   73.790% of real-time (8 threads)
[0m  [35m
 RAIJU
      UT   = 2001-06-01 23:11:10
      Time =    11.167 [min]
     dtCpl =  5.00E+00 [sec]
     Max/Min dt @ k:
        Max 3.96E+01 [sec] @ 52
        Min 1.38E-01 [sec] @ 160
     Flav : max Press/Den @ L,MLT; DPS-dst
        0: P =   0.00, D =9075.91 @  1.54 Rp,12.07 MLT; DPS:   0.00
        1: P =   0.25, D =   7.41 @  8.42 Rp,13.28 MLT; DPS:  -0.90
        2: P =   2.94, D =   0.42 @  3.94 Rp, 4.87 MLT; DPS:  -5.25
[0m [32m<Writing HDF5 DATA @ t =    11.084 [min] >[0m 
[32m<Writing RAIJU HDF5 DATA @ t =    11.167 [min] >[0m 
 [36m
 GAMERA
      Time =    11.168 [min]
        ts =     9510
        dt =  9.93E-02 [sec]
    dt/dt0 =   83.392%
    Spent     0.0% of time waiting for Voltron
      kZCs =   3413.33 /   1236.01 [MHD/TOT] (8 threads)
[0m       CPCP =   69.520  71.098 [kV, N/S]
 [34m
 VOLTRON
      UT   = 2001-06-01 23:11:10
      tilt =    0.000 [deg]
    Sym-H  =   -5.000 [nT]
    BSDst  ~   19.650 [nT]
           dSMRs  ~    -0.36   -0.21    0.53    0.04 [nT, 12/18/00/06]
   DPSDst  ~   -5.126 [nT]
   Spent    40.0% of time waiting for Gamera
            12.4% of time processing Chimp(Helpers)
             9.0% of time processing IMAG
            13.9% of time processing Remix
            24.4% of time processing Tubes(Helpers)
             0.0% of time writing files
    Running @   74.057% of real-time (8 threads)
[0m  [35m
 RAIJU
      UT   = 2001-06-01 23:11:15
      Time =    11.250 [min]
     dtCpl =  5.00E+00 [sec]
     Max/Min dt @ k:
        Max 3.80E+01 [sec] @ 7
        Min 1.38E-01 [sec] @ 160
     Flav : max Press/Den @ L,MLT; DPS-dst
        0: P =   0.00, D =9075.91 @  1.54 Rp,12.07 MLT; DPS:   0.00
        1: P =   0.23, D =   7.23 @  8.43 Rp,13.41 MLT; DPS:  -0.90
        2: P =   2.94, D =   0.42 @  3.94 Rp, 4.87 MLT; DPS:  -5.25
[0m [32m<Writing HDF5 DATA @ t =    11.168 [min] >[0m 
[32m<Writing RAIJU HDF5 DATA @ t =    11.250 [min] >[0m 
 [36m
 GAMERA
      Time =    11.251 [min]
        ts =     9560
        dt =  9.93E-02 [sec]
    dt/dt0 =   83.425%
    Spent     0.0% of time waiting for Voltron
      kZCs =   3413.65 /   1224.25 [MHD/TOT] (8 threads)
[0m       CPCP =   70.214  71.948 [kV, N/S]
 [34m
 VOLTRON
      UT   = 2001-06-01 23:11:15
      tilt =    0.000 [deg]
    Sym-H  =   -5.000 [nT]
    BSDst  ~   19.581 [nT]
           dSMRs  ~    -0.41   -0.21    0.59    0.04 [nT, 12/18/00/06]
   DPSDst  ~   -5.121 [nT]
   Spent    40.0% of time waiting for Gamera
            12.4% of time processing Chimp(Helpers)
             9.1% of time processing IMAG
            13.9% of time processing Remix
            24.4% of time processing Tubes(Helpers)
             0.0% of time writing files
    Running @   74.289% of real-time (8 threads)
[0m  [35m
 RAIJU
      UT   = 2001-06-01 23:11:20
      Time =    11.333 [min]
     dtCpl =  5.00E+00 [sec]
     Max/Min dt @ k:
        Max 3.63E+01 [sec] @ 7
        Min 1.38E-01 [sec] @ 160
     Flav : max Press/Den @ L,MLT; DPS-dst
        0: P =   0.00, D =9075.91 @  1.54 Rp,12.07 MLT; DPS:   0.00
        1: P =   0.23, D =   7.18 @  8.44 Rp,13.41 MLT; DPS:  -0.89
        2: P =   2.94, D =   0.42 @  3.94 Rp, 4.87 MLT; DPS:  -5.24
[0m [32m<Writing HDF5 DATA @ t =    11.251 [min] >[0m 
[32m<Writing RAIJU HDF5 DATA @ t =    11.333 [min] >[0m 
 [36m
 GAMERA
      Time =    11.333 [min]
        ts =     9610
        dt =  9.94E-02 [sec]
    dt/dt0 =   83.451%
    Spent     0.0% of time waiting for Voltron
      kZCs =   3411.75 /   1223.78 [MHD/TOT] (8 threads)
[0m       CPCP =   70.963  72.600 [kV, N/S]
 [34m
 VOLTRON
      UT   = 2001-06-01 23:11:20
      tilt =    0.000 [deg]
    Sym-H  =   -5.000 [nT]
    BSDst  ~   19.520 [nT]
           dSMRs  ~    -0.44   -0.22    0.62    0.03 [nT, 12/18/00/06]
   DPSDst  ~   -5.118 [nT]
   Spent    40.0% of time waiting for Gamera
            12.4% of time processing Chimp(Helpers)
             9.1% of time processing IMAG
            13.9% of time processing Remix
            24.4% of time processing Tubes(Helpers)
             0.0% of time writing files
    Running @   74.488% of real-time (8 threads)
[0m  [35m
 RAIJU
      UT   = 2001-06-01 23:11:25
      Time =    11.417 [min]
     dtCpl =  5.00E+00 [sec]
     Max/Min dt @ k:
        Max 3.48E+01 [sec] @ 8
        Min 1.38E-01 [sec] @ 160
     Flav : max Press/Den @ L,MLT; DPS-dst
        0: P =   0.00, D =9075.91 @  1.54 Rp,12.07 MLT; DPS:   0.00
        1: P =   0.23, D =   7.13 @  8.44 Rp,13.41 MLT; DPS:  -0.89
        2: P =   2.94, D =   0.42 @  3.94 Rp, 4.74 MLT; DPS:  -5.24
[0m [32m<Writing HDF5 DATA @ t =    11.333 [min] >[0m 
[32m<Writing RAIJU HDF5 DATA @ t =    11.417 [min] >[0m 
 [36m
 GAMERA
      Time =    11.418 [min]
        ts =     9661
        dt =  9.94E-02 [sec]
    dt/dt0 =   83.466%
    Spent     0.0% of time waiting for Voltron
      kZCs =   3411.32 /   1239.19 [MHD/TOT] (8 threads)
[0m       CPCP =   71.653  73.226 [kV, N/S]
 [34m
 VOLTRON
      UT   = 2001-06-01 23:11:25
      tilt =    0.000 [deg]
    Sym-H  =   -5.000 [nT]
    BSDst  ~   19.490 [nT]
           dSMRs  ~    -0.42   -0.23    0.64    0.01 [nT, 12/18/00/06]
   DPSDst  ~   -5.123 [nT]
   Spent    40.1% of time waiting for Gamera
            12.4% of time processing Chimp(Helpers)
             9.1% of time processing IMAG
            13.9% of time processing Remix
            24.3% of time processing Tubes(Helpers)
             0.0% of time writing files
    Running @   74.741% of real-time (8 threads)
[0m  [35m
 RAIJU
      UT   = 2001-06-01 23:11:30
      Time =    11.500 [min]
     dtCpl =  5.00E+00 [sec]
     Max/Min dt @ k:
        Max 3.33E+01 [sec] @ 8
        Min 1.38E-01 [sec] @ 160
     Flav : max Press/Den @ L,MLT; DPS-dst
        0: P =   0.00, D =9075.91 @  1.54 Rp,12.07 MLT; DPS:   0.00
        1: P =   0.22, D =   7.08 @  8.45 Rp,13.41 MLT; DPS:  -0.89
        2: P =   2.94, D =   0.42 @  3.94 Rp, 4.74 MLT; DPS:  -5.25
[0m [32m<Writing HDF5 DATA @ t =    11.418 [min] >[0m 
[32m<Writing RAIJU HDF5 DATA @ t =    11.500 [min] >[0m 
 [36m
 GAMERA
      Time =    11.501 [min]
        ts =     9711
        dt =  9.94E-02 [sec]
    dt/dt0 =   83.483%
    Spent     0.0% of time waiting for Voltron
      kZCs =   3414.76 /   1224.98 [MHD/TOT] (8 threads)
[0m       CPCP =   72.201  73.784 [kV, N/S]
 [34m
 VOLTRON
      UT   = 2001-06-01 23:11:30
      tilt =    0.000 [deg]
    Sym-H  =   -5.000 [nT]
    BSDst  ~   19.502 [nT]
           dSMRs  ~    -0.38   -0.25    0.63   -0.01 [nT, 12/18/00/06]
   DPSDst  ~   -5.117 [nT]
   Spent    40.1% of time waiting for Gamera
            12.4% of time processing Chimp(Helpers)
             9.1% of time processing IMAG
            13.8% of time processing Remix
            24.3% of time processing Tubes(Helpers)
             0.0% of time writing files
    Running @   74.899% of real-time (8 threads)
[0m  [35m
 RAIJU
      UT   = 2001-06-01 23:11:35
      Time =    11.583 [min]
     dtCpl =  5.00E+00 [sec]
     Max/Min dt @ k:
        Max 3.23E+01 [sec] @ 8
        Min 1.38E-01 [sec] @ 160
     Flav : max Press/Den @ L,MLT; DPS-dst
        0: P =   0.00, D =9075.91 @  1.54 Rp,12.07 MLT; DPS:   0.00
        1: P =   0.22, D =   7.03 @  8.46 Rp,13.40 MLT; DPS:  -0.89
        2: P =   2.94, D =   0.42 @  3.94 Rp, 4.74 MLT; DPS:  -5.24
[0m [32m<Writing HDF5 DATA @ t =    11.501 [min] >[0m 
[32m<Writing RAIJU HDF5 DATA @ t =    11.583 [min] >[0m 
 [36m
 GAMERA
      Time =    11.584 [min]
        ts =     9761
        dt =  9.94E-02 [sec]
    dt/dt0 =   83.495%
    Spent     0.0% of time waiting for Voltron
      kZCs =   3415.07 /   1224.27 [MHD/TOT] (8 threads)
[0m       CPCP =   72.749  74.184 [kV, N/S]
 [34m
 VOLTRON
      UT   = 2001-06-01 23:11:35
      tilt =    0.000 [deg]
    Sym-H  =   -5.000 [nT]
    BSDst  ~   19.549 [nT]
           dSMRs  ~    -0.32   -0.26    0.61   -0.03 [nT, 12/18/00/06]
   DPSDst  ~   -5.111 [nT]
   Spent    40.1% of time waiting for Gamera
            12.4% of time processing Chimp(Helpers)
             9.1% of time processing IMAG
            13.9% of time processing Remix
            24.3% of time processing Tubes(Helpers)
             0.0% of time writing files
    Running @   75.101% of real-time (8 threads)
[0m  [35m
 RAIJU
      UT   = 2001-06-01 23:11:40
      Time =    11.667 [min]
     dtCpl =  5.00E+00 [sec]
     Max/Min dt @ k:
        Max 3.14E+01 [sec] @ 8
        Min 1.38E-01 [sec] @ 160
     Flav : max Press/Den @ L,MLT; DPS-dst
        0: P =   0.00, D =9075.91 @  1.54 Rp,12.07 MLT; DPS:   0.00
        1: P =   0.22, D =   7.00 @  8.47 Rp,13.40 MLT; DPS:  -0.88
        2: P =   2.94, D =   0.42 @  3.94 Rp, 4.74 MLT; DPS:  -5.24
[0m [32m<Writing HDF5 DATA @ t =    11.584 [min] >[0m 
[32m<Writing RAIJU HDF5 DATA @ t =    11.667 [min] >[0m 
 [36m
 GAMERA
      Time =    11.668 [min]
        ts =     9812
        dt =  9.94E-02 [sec]
    dt/dt0 =   83.511%
    Spent     0.0% of time waiting for Voltron
      kZCs =   3412.09 /   1243.61 [MHD/TOT] (8 threads)
[0m       CPCP =   73.585  74.469 [kV, N/S]
 [34m
 VOLTRON
      UT   = 2001-06-01 23:11:40
      tilt =    0.000 [deg]
    Sym-H  =   -5.000 [nT]
    BSDst  ~   19.613 [nT]
           dSMRs  ~    -0.27   -0.28    0.58   -0.04 [nT, 12/18/00/06]
   DPSDst  ~   -5.112 [nT]
   Spent    40.2% of time waiting for Gamera
            12.4% of time processing Chimp(Helpers)
             9.1% of time processing IMAG
            13.8% of time processing Remix
            24.3% of time processing Tubes(Helpers)
             0.0% of time writing files
    Running @   75.339% of real-time (8 threads)
[0m  [35m
 RAIJU
      UT   = 2001-06-01 23:11:45
      Time =    11.750 [min]
     dtCpl =  5.00E+00 [sec]
     Max/Min dt @ k:
        Max 3.07E+01 [sec] @ 8
        Min 1.38E-01 [sec] @ 160
     Flav : max Press/Den @ L,MLT; DPS-dst
        0: P =   0.00, D =9075.91 @  1.54 Rp,12.07 MLT; DPS:   0.00
        1: P =   0.17, D =   0.28 @  5.04 Rp, 0.34 MLT; DPS:  -0.88
        2: P =   2.94, D =   0.42 @  3.94 Rp, 4.60 MLT; DPS:  -5.24
[0m [32m<Writing HDF5 DATA @ t =    11.668 [min] >[0m 
[32m<Writing RAIJU HDF5 DATA @ t =    11.750 [min] >[0m 
 [36m
 GAMERA
      Time =    11.751 [min]
        ts =     9862
        dt =  9.94E-02 [sec]
    dt/dt0 =   83.519%
    Spent     0.0% of time waiting for Voltron
      kZCs =   3413.02 /   1229.00 [MHD/TOT] (8 threads)
[0m       CPCP =   74.724  75.231 [kV, N/S]
 [34m
 VOLTRON
      UT   = 2001-06-01 23:11:45
      tilt =    0.000 [deg]
    Sym-H  =   -5.000 [nT]
    BSDst  ~   19.670 [nT]
           dSMRs  ~    -0.24   -0.28    0.57   -0.04 [nT, 12/18/00/06]
   DPSDst  ~   -5.117 [nT]
   Spent    40.2% of time waiting for Gamera
            12.4% of time processing Chimp(Helpers)
             9.1% of time processing IMAG
            13.8% of time processing Remix
            24.2% of time processing Tubes(Helpers)
             0.0% of time writing files
    Running @   75.544% of real-time (8 threads)
[0m  [35m
 RAIJU
      UT   = 2001-06-01 23:11:50
      Time =    11.833 [min]
     dtCpl =  5.00E+00 [sec]
     Max/Min dt @ k:
        Max 3.02E+01 [sec] @ 8
        Min 1.38E-01 [sec] @ 160
     Flav : max Press/Den @ L,MLT; DPS-dst
        0: P =   0.00, D =9075.91 @  1.54 Rp,12.07 MLT; DPS:   0.00
        1: P =   0.17, D =   0.28 @  5.04 Rp,23.87 MLT; DPS:  -0.88
        2: P =   2.94, D =   0.42 @  3.94 Rp, 4.60 MLT; DPS:  -5.24
[0m [32m<Writing HDF5 DATA @ t =    11.751 [min] >[0m 
[32m<Writing RAIJU HDF5 DATA @ t =    11.833 [min] >[0m 
 [36m
 GAMERA
      Time =    11.834 [min]
        ts =     9912
        dt =  9.94E-02 [sec]
    dt/dt0 =   83.528%
    Spent     0.0% of time waiting for Voltron
      kZCs =   3415.71 /   1230.48 [MHD/TOT] (8 threads)
[0m       CPCP =   75.607  75.967 [kV, N/S]
 [34m
 VOLTRON
      UT   = 2001-06-01 23:11:50
      tilt =    0.000 [deg]
    Sym-H  =   -5.000 [nT]
    BSDst  ~   19.693 [nT]
           dSMRs  ~    -0.26   -0.28    0.58   -0.04 [nT, 12/18/00/06]
   DPSDst  ~   -5.112 [nT]
   Spent    40.2% of time waiting for Gamera
            12.4% of time processing Chimp(Helpers)
             9.2% of time processing IMAG
            13.8% of time processing Remix
            24.2% of time processing Tubes(Helpers)
             0.0% of time writing files
    Running @   75.746% of real-time (8 threads)
[0m  [35m
 RAIJU
      UT   = 2001-06-01 23:11:55
      Time =    11.917 [min]
     dtCpl =  5.00E+00 [sec]
     Max/Min dt @ k:
        Max 2.96E+01 [sec] @ 8
        Min 1.38E-01 [sec] @ 160
     Flav : max Press/Den @ L,MLT; DPS-dst
        0: P =   0.00, D =9075.91 @  1.54 Rp,12.07 MLT; DPS:   0.00
        1: P =   0.17, D =   0.28 @  5.04 Rp,23.87 MLT; DPS:  -0.88
        2: P =   2.94, D =   0.42 @  3.94 Rp, 4.60 MLT; DPS:  -5.24
[0m [32m<Writing HDF5 DATA @ t =    11.834 [min] >[0m 
[32m<Writing RAIJU HDF5 DATA @ t =    11.917 [min] >[0m 
 [36m
 GAMERA
      Time =    11.917 [min]
        ts =     9962
        dt =  9.95E-02 [sec]
    dt/dt0 =   83.554%
    Spent     0.0% of time waiting for Voltron
      kZCs =   3413.33 /   1231.96 [MHD/TOT] (8 threads)
[0m       CPCP =   76.336  76.502 [kV, N/S]
 [34m
 VOLTRON
      UT   = 2001-06-01 23:11:55
      tilt =    0.000 [deg]
    Sym-H  =   -5.000 [nT]
    BSDst  ~   19.668 [nT]
           dSMRs  ~    -0.31   -0.28    0.61   -0.03 [nT, 12/18/00/06]
   DPSDst  ~   -5.105 [nT]
   Spent    40.2% of time waiting for Gamera
            12.4% of time processing Chimp(Helpers)
             9.2% of time processing IMAG
            13.8% of time processing Remix
            24.2% of time processing Tubes(Helpers)
             0.0% of time writing files
    Running @   75.945% of real-time (8 threads)
[0m  [35m
 RAIJU
      UT   = 2001-06-01 23:11:59
      Time =    12.000 [min]
     dtCpl =  5.00E+00 [sec]
     Max/Min dt @ k:
        Max 2.89E+01 [sec] @ 8
        Min 1.38E-01 [sec] @ 160
     Flav : max Press/Den @ L,MLT; DPS-dst
        0: P =   0.00, D =9075.91 @  1.54 Rp,12.07 MLT; DPS:   0.00
        1: P =   0.17, D =   0.28 @  5.04 Rp,23.87 MLT; DPS:  -0.87
        2: P =   2.94, D =   0.42 @  3.94 Rp, 4.60 MLT; DPS:  -5.24
[0m [32m<Writing HDF5 DATA @ t =    11.917 [min] >[0m 
[32m<Writing RAIJU HDF5 DATA @ t =    12.000 [min] >[0m 
 [36m
 GAMERA
      Time =    12.001 [min]
        ts =    10013
        dt =  9.95E-02 [sec]
    dt/dt0 =   83.580%
    Spent     0.0% of time waiting for Voltron
      kZCs =   3412.56 /   1244.87 [MHD/TOT] (8 threads)
[0m       CPCP =   77.011  76.929 [kV, N/S]
 [34m
 VOLTRON
      UT   = 2001-06-01 23:12:00
      tilt =    0.000 [deg]
    Sym-H  =   -5.000 [nT]
    BSDst  ~   19.592 [nT]
           dSMRs  ~    -0.37   -0.27    0.66   -0.02 [nT, 12/18/00/06]
   DPSDst  ~   -5.099 [nT]
   Spent    40.3% of time waiting for Gamera
            12.4% of time processing Chimp(Helpers)
             9.2% of time processing IMAG
            13.8% of time processing Remix
            24.1% of time processing Tubes(Helpers)
             0.0% of time writing files
    Running @   76.167% of real-time (8 threads)
[0m  [35m
 RAIJU
      UT   = 2001-06-01 23:12:05
      Time =    12.083 [min]
     dtCpl =  5.00E+00 [sec]
     Max/Min dt @ k:
        Max 2.79E+01 [sec] @ 8
        Min 1.38E-01 [sec] @ 160
     Flav : max Press/Den @ L,MLT; DPS-dst
        0: P =   0.00, D =9075.91 @  1.54 Rp,12.07 MLT; DPS:   0.00
        1: P =   0.17, D =   0.28 @  5.04 Rp,23.87 MLT; DPS:  -0.87
        2: P =   2.94, D =   0.42 @  3.94 Rp, 4.47 MLT; DPS:  -5.24
[0m [32m<Writing HDF5 DATA @ t =    12.001 [min] >[0m 
[32m<Writing RAIJU HDF5 DATA @ t =    12.083 [min] >[0m 
 [36m
 GAMERA
      Time =    12.084 [min]
        ts =    10063
        dt =  9.95E-02 [sec]
    dt/dt0 =   83.607%
    Spent     0.0% of time waiting for Voltron
      kZCs =   3414.60 /   1233.22 [MHD/TOT] (8 threads)
[0m       CPCP =   77.814  77.279 [kV, N/S]
 [34m
 VOLTRON
      UT   = 2001-06-01 23:12:05
      tilt =    0.000 [deg]
    Sym-H  =   -5.000 [nT]
    BSDst  ~   19.484 [nT]
           dSMRs  ~    -0.42   -0.27    0.71   -0.02 [nT, 12/18/00/06]
   DPSDst  ~   -5.081 [nT]
   Spent    40.3% of time waiting for Gamera
            12.4% of time processing Chimp(Helpers)
             9.2% of time processing IMAG
            13.8% of time processing Remix
            24.1% of time processing Tubes(Helpers)
             0.0% of time writing files
    Running @   76.351% of real-time (8 threads)
[0m  [35m
 RAIJU
      UT   = 2001-06-01 23:12:10
      Time =    12.167 [min]
     dtCpl =  5.00E+00 [sec]
     Max/Min dt @ k:
        Max 2.71E+01 [sec] @ 8
        Min 1.38E-01 [sec] @ 160
     Flav : max Press/Den @ L,MLT; DPS-dst
        0: P =   0.00, D =9075.91 @  1.54 Rp,12.07 MLT; DPS:   0.00
        1: P =   0.16, D =   0.34 @  5.39 Rp,23.66 MLT; DPS:  -0.86
        2: P =   2.94, D =   0.42 @  3.94 Rp, 0.34 MLT; DPS:  -5.23
[0m [32m<Writing HDF5 DATA @ t =    12.084 [min] >[0m 
[32m<Writing RAIJU HDF5 DATA @ t =    12.167 [min] >[0m 
 [36m
 GAMERA
      Time =    12.167 [min]
        ts =    10113
        dt =  9.96E-02 [sec]
    dt/dt0 =   83.644%
    Spent     0.0% of time waiting for Voltron
      kZCs =   3412.07 /   1232.13 [MHD/TOT] (8 threads)
[0m       CPCP =   78.659  77.632 [kV, N/S]
 [34m
 VOLTRON
      UT   = 2001-06-01 23:12:10
      tilt =    0.000 [deg]
    Sym-H  =   -5.000 [nT]
    BSDst  ~   19.367 [nT]
           dSMRs  ~    -0.44   -0.27    0.74   -0.03 [nT, 12/18/00/06]
   DPSDst  ~   -5.076 [nT]
   Spent    40.3% of time waiting for Gamera
            12.5% of time processing Chimp(Helpers)
             9.2% of time processing IMAG
            13.7% of time processing Remix
            24.1% of time processing Tubes(Helpers)
             0.0% of time writing files
    Running @   76.513% of real-time (8 threads)
[0m  [35m
 RAIJU
      UT   = 2001-06-01 23:12:15
      Time =    12.250 [min]
     dtCpl =  5.00E+00 [sec]
     Max/Min dt @ k:
        Max 2.66E+01 [sec] @ 9
        Min 1.38E-01 [sec] @ 160
     Flav : max Press/Den @ L,MLT; DPS-dst
        0: P =   0.00, D =9075.91 @  1.54 Rp,12.07 MLT; DPS:   0.00
        1: P =   0.16, D =   0.34 @  5.39 Rp,23.66 MLT; DPS:  -0.85
        2: P =   2.95, D =   0.42 @  3.94 Rp, 0.20 MLT; DPS:  -5.22
[0m [32m<Writing HDF5 DATA @ t =    12.167 [min] >[0m 
[32m<Writing RAIJU HDF5 DATA @ t =    12.250 [min] >[0m 
 [36m
 GAMERA
      Time =    12.250 [min]
        ts =    10163
        dt =  9.96E-02 [sec]
    dt/dt0 =   83.670%
    Spent     0.0% of time waiting for Voltron
      kZCs =   3412.23 /   1232.64 [MHD/TOT] (8 threads)
[0m       CPCP =   79.444  78.078 [kV, N/S]
 [34m
 VOLTRON
      UT   = 2001-06-01 23:12:15
      tilt =    0.000 [deg]
    Sym-H  =   -5.000 [nT]
    BSDst  ~   19.268 [nT]
           dSMRs  ~    -0.43   -0.27    0.74   -0.03 [nT, 12/18/00/06]
   DPSDst  ~   -5.069 [nT]
   Spent    40.3% of time waiting for Gamera
            12.5% of time processing Chimp(Helpers)
             9.2% of time processing IMAG
            13.8% of time processing Remix
            24.1% of time processing Tubes(Helpers)
             0.0% of time writing files
    Running @   76.691% of real-time (8 threads)
[0m  [35m
 RAIJU
      UT   = 2001-06-01 23:12:20
      Time =    12.333 [min]
     dtCpl =  5.00E+00 [sec]
     Max/Min dt @ k:
        Max 2.60E+01 [sec] @ 9
        Min 1.38E-01 [sec] @ 160
     Flav : max Press/Den @ L,MLT; DPS-dst
        0: P =   0.00, D =9075.91 @  1.54 Rp,12.07 MLT; DPS:   0.00
        1: P =   0.16, D =   0.34 @  5.39 Rp,23.66 MLT; DPS:  -0.85
        2: P =   2.95, D =   0.42 @  3.94 Rp, 0.20 MLT; DPS:  -5.22
[0m [32m<Writing HDF5 DATA @ t =    12.250 [min] >[0m 
[32m<Writing RAIJU HDF5 DATA @ t =    12.333 [min] >[0m 
 [36m
 GAMERA
      Time =    12.335 [min]
        ts =    10214
        dt =  9.96E-02 [sec]
    dt/dt0 =   83.661%
    Spent     0.0% of time waiting for Voltron
      kZCs =   3412.87 /   1250.62 [MHD/TOT] (8 threads)
[0m       CPCP =   80.175  78.668 [kV, N/S]
 [34m
 VOLTRON
      UT   = 2001-06-01 23:12:20
      tilt =    0.000 [deg]
    Sym-H  =   -5.000 [nT]
    BSDst  ~   19.197 [nT]
           dSMRs  ~    -0.40   -0.28    0.72   -0.04 [nT, 12/18/00/06]
   DPSDst  ~   -5.062 [nT]
   Spent    40.4% of time waiting for Gamera
            12.4% of time processing Chimp(Helpers)
             9.2% of time processing IMAG
            13.7% of time processing Remix
            24.0% of time processing Tubes(Helpers)
             0.0% of time writing files
    Running @   76.904% of real-time (8 threads)
[0m  [35m
 RAIJU
      UT   = 2001-06-01 23:12:25
      Time =    12.417 [min]
     dtCpl =  5.00E+00 [sec]
     Max/Min dt @ k:
        Max 2.56E+01 [sec] @ 9
        Min 1.38E-01 [sec] @ 160
     Flav : max Press/Den @ L,MLT; DPS-dst
        0: P =   0.00, D =9075.91 @  1.54 Rp,12.07 MLT; DPS:   0.00
        1: P =   0.16, D =   0.34 @  5.39 Rp,23.66 MLT; DPS:  -0.85
        2: P =   2.96, D =   0.42 @  3.94 Rp, 0.20 MLT; DPS:  -5.22
[0m [32m<Writing HDF5 DATA @ t =    12.335 [min] >[0m 
[32m<Writing RAIJU HDF5 DATA @ t =    12.417 [min] >[0m 
 [36m
 GAMERA
      Time =    12.418 [min]
        ts =    10264
        dt =  9.95E-02 [sec]
    dt/dt0 =   83.610%
    Spent     0.0% of time waiting for Voltron
      kZCs =   3413.81 /   1234.83 [MHD/TOT] (8 threads)
[0m       CPCP =   80.868  79.284 [kV, N/S]
 [34m
 VOLTRON
      UT   = 2001-06-01 23:12:25
      tilt =    0.000 [deg]
    Sym-H  =   -5.000 [nT]
    BSDst  ~   19.164 [nT]
           dSMRs  ~    -0.35   -0.29    0.70   -0.05 [nT, 12/18/00/06]
   DPSDst  ~   -5.061 [nT]
   Spent    40.4% of time waiting for Gamera
            12.4% of time processing Chimp(Helpers)
             9.2% of time processing IMAG
            13.7% of time processing Remix
            24.0% of time processing Tubes(Helpers)
             0.0% of time writing files
    Running @   77.047% of real-time (8 threads)
[0m  [35m
 RAIJU
      UT   = 2001-06-01 23:12:30
      Time =    12.500 [min]
     dtCpl =  5.00E+00 [sec]
     Max/Min dt @ k:
        Max 2.51E+01 [sec] @ 9
        Min 1.38E-01 [sec] @ 160
     Flav : max Press/Den @ L,MLT; DPS-dst
        0: P =   0.00, D =9075.91 @  1.54 Rp,12.07 MLT; DPS:   0.00
        1: P =   0.16, D =   0.34 @  5.39 Rp,23.66 MLT; DPS:  -0.84
        2: P =   2.96, D =   0.42 @  3.94 Rp, 0.20 MLT; DPS:  -5.22
[0m [32m<Writing HDF5 DATA @ t =    12.418 [min] >[0m 
[32m<Writing RAIJU HDF5 DATA @ t =    12.500 [min] >[0m 
 [36m
 GAMERA
      Time =    12.501 [min]
        ts =    10314
        dt =  9.95E-02 [sec]
    dt/dt0 =   83.558%
    Spent     0.0% of time waiting for Voltron
      kZCs =   3412.07 /   1235.08 [MHD/TOT] (8 threads)
[0m       CPCP =   81.488  79.909 [kV, N/S]
 [34m
 VOLTRON
      UT   = 2001-06-01 23:12:30
      tilt =    0.000 [deg]
    Sym-H  =   -5.000 [nT]
    BSDst  ~   19.158 [nT]
           dSMRs  ~    -0.30   -0.30    0.66   -0.06 [nT, 12/18/00/06]
   DPSDst  ~   -5.058 [nT]
   Spent    40.4% of time waiting for Gamera
            12.4% of time processing Chimp(Helpers)
             9.2% of time processing IMAG
            13.7% of time processing Remix
            24.0% of time processing Tubes(Helpers)
             0.0% of time writing files
    Running @   77.213% of real-time (8 threads)
[0m  [35m
 RAIJU
      UT   = 2001-06-01 23:12:35
      Time =    12.583 [min]
     dtCpl =  5.00E+00 [sec]
     Max/Min dt @ k:
        Max 2.47E+01 [sec] @ 9
        Min 1.38E-01 [sec] @ 160
     Flav : max Press/Den @ L,MLT; DPS-dst
        0: P =   0.00, D =9075.91 @  1.54 Rp,12.07 MLT; DPS:   0.00
        1: P =   0.16, D =   0.34 @  5.39 Rp,23.66 MLT; DPS:  -0.84
        2: P =   2.96, D =   0.42 @  3.94 Rp, 0.20 MLT; DPS:  -5.21
[0m [32m<Writing HDF5 DATA @ t =    12.501 [min] >[0m 
[32m<Writing RAIJU HDF5 DATA @ t =    12.583 [min] >[0m 
 [36m
 GAMERA
      Time =    12.584 [min]
        ts =    10364
        dt =  9.94E-02 [sec]
    dt/dt0 =   83.505%
    Spent     0.0% of time waiting for Voltron
      kZCs =   3413.02 /   1236.92 [MHD/TOT] (8 threads)
[0m       CPCP =   81.922  80.347 [kV, N/S]
 [34m
 VOLTRON
      UT   = 2001-06-01 23:12:35
      tilt =    0.000 [deg]
    Sym-H  =   -5.000 [nT]
    BSDst  ~   19.163 [nT]
           dSMRs  ~    -0.26   -0.30    0.63   -0.07 [nT, 12/18/00/06]
   DPSDst  ~   -5.062 [nT]
   Spent    40.4% of time waiting for Gamera
            12.4% of time processing Chimp(Helpers)
             9.2% of time processing IMAG
            13.7% of time processing Remix
            24.0% of time processing Tubes(Helpers)
             0.0% of time writing files
    Running @   77.359% of real-time (8 threads)
[0m  [35m
 RAIJU
      UT   = 2001-06-01 23:12:40
      Time =    12.667 [min]
     dtCpl =  5.00E+00 [sec]
     Max/Min dt @ k:
        Max 2.41E+01 [sec] @ 9
        Min 1.38E-01 [sec] @ 160
     Flav : max Press/Den @ L,MLT; DPS-dst
        0: P =   0.00, D =9075.91 @  1.54 Rp,12.07 MLT; DPS:   0.00
        1: P =   0.16, D =   7.04 @  8.00 Rp,13.38 MLT; DPS:  -0.84
        2: P =   2.97, D =   0.42 @  3.94 Rp, 0.20 MLT; DPS:  -5.22
[0m [32m<Writing HDF5 DATA @ t =    12.584 [min] >[0m 
[32m<Writing RAIJU HDF5 DATA @ t =    12.667 [min] >[0m 
 [36m
 GAMERA
      Time =    12.668 [min]
        ts =    10415
        dt =  9.94E-02 [sec]
    dt/dt0 =   83.447%
    Spent     0.0% of time waiting for Voltron
      kZCs =   3412.40 /   1247.53 [MHD/TOT] (8 threads)
[0m       CPCP =   82.125  80.459 [kV, N/S]
 [34m
 VOLTRON
      UT   = 2001-06-01 23:12:40
      tilt =    0.000 [deg]
    Sym-H  =   -5.000 [nT]
    BSDst  ~   19.169 [nT]
           dSMRs  ~    -0.22   -0.30    0.60   -0.07 [nT, 12/18/00/06]
   DPSDst  ~   -5.058 [nT]
   Spent    40.4% of time waiting for Gamera
            12.4% of time processing Chimp(Helpers)
             9.2% of time processing IMAG
            13.7% of time processing Remix
            24.0% of time processing Tubes(Helpers)
             0.0% of time writing files
    Running @   77.537% of real-time (8 threads)
[0m  [35m
 RAIJU
      UT   = 2001-06-01 23:12:45
      Time =    12.750 [min]
     dtCpl =  5.00E+00 [sec]
     Max/Min dt @ k:
        Max 2.36E+01 [sec] @ 9
        Min 1.38E-01 [sec] @ 160
     Flav : max Press/Den @ L,MLT; DPS-dst
        0: P =   0.00, D =9075.91 @  1.54 Rp,12.07 MLT; DPS:   0.00
        1: P =   0.16, D =   7.03 @  8.00 Rp,13.38 MLT; DPS:  -0.84
        2: P =   2.97, D =   0.42 @  3.94 Rp, 0.20 MLT; DPS:  -5.21
[0m [32m<Writing HDF5 DATA @ t =    12.668 [min] >[0m 
[32m<Writing RAIJU HDF5 DATA @ t =    12.750 [min] >[0m 
 [36m
 GAMERA
      Time =    12.751 [min]
        ts =    10465
        dt =  9.93E-02 [sec]
    dt/dt0 =   83.395%
    Spent     0.0% of time waiting for Voltron
      kZCs =   3412.70 /   1237.52 [MHD/TOT] (8 threads)
[0m       CPCP =   82.159  80.331 [kV, N/S]
 [34m
 VOLTRON
      UT   = 2001-06-01 23:12:45
      tilt =    0.000 [deg]
    Sym-H  =   -5.000 [nT]
    BSDst  ~   19.162 [nT]
           dSMRs  ~    -0.21   -0.29    0.58   -0.07 [nT, 12/18/00/06]
   DPSDst  ~   -5.053 [nT]
   Spent    40.4% of time waiting for Gamera
            12.4% of time processing Chimp(Helpers)
             9.2% of time processing IMAG
            13.7% of time processing Remix
            24.0% of time processing Tubes(Helpers)
             0.0% of time writing files
    Running @   77.686% of real-time (8 threads)
[0m  [35m
 RAIJU
      UT   = 2001-06-01 23:12:50
      Time =    12.833 [min]
     dtCpl =  5.00E+00 [sec]
     Max/Min dt @ k:
        Max 2.30E+01 [sec] @ 9
        Min 1.38E-01 [sec] @ 160
     Flav : max Press/Den @ L,MLT; DPS-dst
        0: P =   0.00, D =9075.91 @  1.54 Rp,12.07 MLT; DPS:   0.00
        1: P =   0.16, D =   7.01 @  8.00 Rp,13.38 MLT; DPS:  -0.84
        2: P =   2.98, D =   0.42 @  3.94 Rp, 0.20 MLT; DPS:  -5.22
[0m [32m<Writing HDF5 DATA @ t =    12.751 [min] >[0m 
[32m<Writing RAIJU HDF5 DATA @ t =    12.833 [min] >[0m 
 [36m
 GAMERA
      Time =    12.834 [min]
        ts =    10515
        dt =  9.92E-02 [sec]
    dt/dt0 =   83.346%
    Spent     0.0% of time waiting for Voltron
      kZCs =   3413.18 /   1237.50 [MHD/TOT] (8 threads)
[0m       CPCP =   82.136  80.073 [kV, N/S]
 [34m
 VOLTRON
      UT   = 2001-06-01 23:12:50
      tilt =    0.000 [deg]
    Sym-H  =   -5.000 [nT]
    BSDst  ~   19.132 [nT]
           dSMRs  ~    -0.21   -0.29    0.58   -0.07 [nT, 12/18/00/06]
   DPSDst  ~   -5.048 [nT]
   Spent    40.4% of time waiting for Gamera
            12.4% of time processing Chimp(Helpers)
             9.2% of time processing IMAG
            13.7% of time processing Remix
            24.0% of time processing Tubes(Helpers)
             0.0% of time writing files
    Running @   77.828% of real-time (8 threads)
[0m  [35m
 RAIJU
      UT   = 2001-06-01 23:12:55
      Time =    12.917 [min]
     dtCpl =  5.00E+00 [sec]
     Max/Min dt @ k:
        Max 2.26E+01 [sec] @ 9
        Min 1.38E-01 [sec] @ 160
     Flav : max Press/Den @ L,MLT; DPS-dst
        0: P =   0.00, D =9075.91 @  1.54 Rp,12.07 MLT; DPS:   0.00
        1: P =   0.16, D =   7.00 @  8.00 Rp,13.38 MLT; DPS:  -0.84
        2: P =   2.98, D =   0.42 @  3.94 Rp, 0.20 MLT; DPS:  -5.21
[0m [32m<Writing HDF5 DATA @ t =    12.834 [min] >[0m 
[32m<Writing RAIJU HDF5 DATA @ t =    12.917 [min] >[0m 
 [36m
 GAMERA
      Time =    12.918 [min]
        ts =    10566
        dt =  9.92E-02 [sec]
    dt/dt0 =   83.290%
    Spent     0.0% of time waiting for Voltron
      kZCs =   3412.25 /   1254.36 [MHD/TOT] (8 threads)
[0m       CPCP =   82.103  79.808 [kV, N/S]
 [34m
 VOLTRON
      UT   = 2001-06-01 23:12:55
      tilt =    0.000 [deg]
    Sym-H  =   -5.000 [nT]
    BSDst  ~   19.072 [nT]
           dSMRs  ~    -0.23   -0.29    0.59   -0.06 [nT, 12/18/00/06]
   DPSDst  ~   -5.042 [nT]
   Spent    40.5% of time waiting for Gamera
            12.3% of time processing Chimp(Helpers)
             9.2% of time processing IMAG
            13.7% of time processing Remix
            24.0% of time processing Tubes(Helpers)
             0.0% of time writing files
    Running @   78.000% of real-time (8 threads)
[0m  [35m
 RAIJU
      UT   = 2001-06-01 23:12:59
      Time =    13.000 [min]
     dtCpl =  5.00E+00 [sec]
     Max/Min dt @ k:
        Max 2.23E+01 [sec] @ 9
        Min 1.38E-01 [sec] @ 160
     Flav : max Press/Den @ L,MLT; DPS-dst
        0: P =   0.00, D =9075.91 @  1.54 Rp,12.07 MLT; DPS:   0.00
        1: P =   0.16, D =   7.00 @  8.00 Rp,13.38 MLT; DPS:  -0.83
        2: P =   2.98, D =   0.42 @  3.94 Rp, 0.20 MLT; DPS:  -5.21
[0m [32m<Writing HDF5 DATA @ t =    12.918 [min] >[0m 
[32m<Writing RAIJU HDF5 DATA @ t =    13.000 [min] >[0m 
 [36m
 GAMERA
      Time =    13.001 [min]
        ts =    10616
        dt =  9.91E-02 [sec]
    dt/dt0 =   83.221%
    Spent     0.0% of time waiting for Voltron
      kZCs =   3415.07 /   1238.83 [MHD/TOT] (8 threads)
[0m       CPCP =   81.954  79.520 [kV, N/S]
 [34m
 VOLTRON
      UT   = 2001-06-01 23:13:00
      tilt =    0.000 [deg]
    Sym-H  =   -5.000 [nT]
    BSDst  ~   18.988 [nT]
           dSMRs  ~    -0.25   -0.29    0.60   -0.06 [nT, 12/18/00/06]
   DPSDst  ~   -5.039 [nT]
   Spent    40.5% of time waiting for Gamera
            12.3% of time processing Chimp(Helpers)
             9.2% of time processing IMAG
            13.7% of time processing Remix
            24.0% of time processing Tubes(Helpers)
             0.0% of time writing files
    Running @   78.111% of real-time (8 threads)
[0m  [35m
 RAIJU
      UT   = 2001-06-01 23:13:05
      Time =    13.083 [min]
     dtCpl =  5.00E+00 [sec]
     Max/Min dt @ k:
        Max 2.20E+01 [sec] @ 9
        Min 1.38E-01 [sec] @ 160
     Flav : max Press/Den @ L,MLT; DPS-dst
        0: P =   0.00, D =9075.91 @  1.54 Rp,12.07 MLT; DPS:   0.00
        1: P =   0.16, D =   6.99 @  8.00 Rp,13.38 MLT; DPS:  -0.83
        2: P =   2.99, D =   0.43 @  3.94 Rp, 0.20 MLT; DPS:  -5.21
[0m [32m<Writing HDF5 DATA @ t =    13.001 [min] >[0m 
[32m<Writing RAIJU HDF5 DATA @ t =    13.083 [min] >[0m 
 [36m
 GAMERA
      Time =    13.085 [min]
        ts =    10667
        dt =  9.90E-02 [sec]
    dt/dt0 =   83.165%
    Spent     0.0% of time waiting for Voltron
      kZCs =   3414.57 /   1254.61 [MHD/TOT] (8 threads)
[0m       CPCP =   81.767  78.995 [kV, N/S]
 [34m
 VOLTRON
      UT   = 2001-06-01 23:13:05
      tilt =    0.000 [deg]
    Sym-H  =   -5.000 [nT]
    BSDst  ~   18.890 [nT]
           dSMRs  ~    -0.26   -0.29    0.60   -0.05 [nT, 12/18/00/06]
   DPSDst  ~   -5.037 [nT]
   Spent    40.6% of time waiting for Gamera
            12.3% of time processing Chimp(Helpers)
             9.2% of time processing IMAG
            13.7% of time processing Remix
            23.9% of time processing Tubes(Helpers)
             0.0% of time writing files
    Running @   78.271% of real-time (8 threads)
[0m  [35m
 RAIJU
      UT   = 2001-06-01 23:13:10
      Time =    13.167 [min]
     dtCpl =  5.00E+00 [sec]
     Max/Min dt @ k:
        Max 2.16E+01 [sec] @ 9
        Min 1.38E-01 [sec] @ 160
     Flav : max Press/Den @ L,MLT; DPS-dst
        0: P =   0.00, D =9075.91 @  1.54 Rp,12.07 MLT; DPS:   0.00
        1: P =   0.16, D =   6.98 @  8.00 Rp,13.38 MLT; DPS:  -0.83
        2: P =   2.99, D =   0.43 @  3.94 Rp, 0.14 MLT; DPS:  -5.21
[0m [32m<Writing HDF5 DATA @ t =    13.085 [min] >[0m 
[32m<Writing RAIJU HDF5 DATA @ t =    13.167 [min] >[0m 
 [36m
 GAMERA
      Time =    13.167 [min]
        ts =    10717
        dt =  9.90E-02 [sec]
    dt/dt0 =   83.136%
    Spent     0.0% of time waiting for Voltron
      kZCs =   3419.19 /   1241.50 [MHD/TOT] (8 threads)
[0m       CPCP =   81.585  78.649 [kV, N/S]
 [34m
 VOLTRON
      UT   = 2001-06-01 23:13:10
      tilt =    0.000 [deg]
    Sym-H  =   -5.000 [nT]
    BSDst  ~   18.795 [nT]
           dSMRs  ~    -0.26   -0.29    0.59   -0.04 [nT, 12/18/00/06]
   DPSDst  ~   -5.035 [nT]
   Spent    40.6% of time waiting for Gamera
            12.3% of time processing Chimp(Helpers)
             9.3% of time processing IMAG
            13.7% of time processing Remix
            23.9% of time processing Tubes(Helpers)
             0.0% of time writing files
    Running @   78.394% of real-time (8 threads)
[0m  [35m
 RAIJU
      UT   = 2001-06-01 23:13:15
      Time =    13.250 [min]
     dtCpl =  5.00E+00 [sec]
     Max/Min dt @ k:
        Max 2.13E+01 [sec] @ 9
        Min 1.38E-01 [sec] @ 160
     Flav : max Press/Den @ L,MLT; DPS-dst
        0: P =   0.00, D =9075.91 @  1.54 Rp,12.07 MLT; DPS:   0.00
        1: P =   0.16, D =   6.97 @  8.00 Rp,13.38 MLT; DPS:  -0.83
        2: P =   3.00, D =   0.43 @  3.94 Rp, 0.14 MLT; DPS:  -5.21
[0m [32m<Writing HDF5 DATA @ t =    13.167 [min] >[0m 
[32m<Writing RAIJU HDF5 DATA @ t =    13.250 [min] >[0m 
 [36m
 GAMERA
      Time =    13.251 [min]
        ts =    10768
        dt =  9.90E-02 [sec]
    dt/dt0 =   83.129%
    Spent     0.0% of time waiting for Voltron
      kZCs =   3422.97 /   1257.17 [MHD/TOT] (8 threads)
[0m       CPCP =   81.258  78.385 [kV, N/S]
 [34m
 VOLTRON
      UT   = 2001-06-01 23:13:15
      tilt =    0.000 [deg]
    Sym-H  =   -5.000 [nT]
    BSDst  ~   18.707 [nT]
           dSMRs  ~    -0.26   -0.28    0.58   -0.04 [nT, 12/18/00/06]
   DPSDst  ~   -5.037 [nT]
   Spent    40.6% of time waiting for Gamera
            12.3% of time processing Chimp(Helpers)
             9.2% of time processing IMAG
            13.7% of time processing Remix
            23.9% of time processing Tubes(Helpers)
             0.0% of time writing files
    Running @   78.548% of real-time (8 threads)
[0m  [35m
 RAIJU
      UT   = 2001-06-01 23:13:20
      Time =    13.333 [min]
     dtCpl =  5.00E+00 [sec]
     Max/Min dt @ k:
        Max 2.11E+01 [sec] @ 9
        Min 1.38E-01 [sec] @ 160
     Flav : max Press/Den @ L,MLT; DPS-dst
        0: P =   0.00, D =9075.91 @  1.54 Rp,12.07 MLT; DPS:   0.00
        1: P =   0.16, D =   6.96 @  8.00 Rp,13.38 MLT; DPS:  -0.83
        2: P =   3.00, D =   0.43 @  3.94 Rp, 0.14 MLT; DPS:  -5.21
[0m [32m<Writing HDF5 DATA @ t =    13.251 [min] >[0m 
[32m<Writing RAIJU HDF5 DATA @ t =    13.333 [min] >[0m 
 [36m
 GAMERA
      Time =    13.334 [min]
        ts =    10818
        dt =  9.90E-02 [sec]
    dt/dt0 =   83.132%
    Spent     0.0% of time waiting for Voltron
      kZCs =   3422.36 /   1242.76 [MHD/TOT] (8 threads)
[0m       CPCP =   80.803  78.050 [kV, N/S]
 [34m
 VOLTRON
      UT   = 2001-06-01 23:13:20
      tilt =    0.000 [deg]
    Sym-H  =   -5.000 [nT]
    BSDst  ~   18.642 [nT]
           dSMRs  ~    -0.24   -0.27    0.55   -0.04 [nT, 12/18/00/06]
   DPSDst  ~   -5.039 [nT]
   Spent    40.6% of time waiting for Gamera
            12.3% of time processing Chimp(Helpers)
             9.3% of time processing IMAG
            13.7% of time processing Remix
            23.9% of time processing Tubes(Helpers)
             0.0% of time writing files
    Running @   78.665% of real-time (8 threads)
[0m  [35m
 RAIJU
      UT   = 2001-06-01 23:13:25
      Time =    13.417 [min]
     dtCpl =  5.00E+00 [sec]
     Max/Min dt @ k:
        Max 2.09E+01 [sec] @ 9
        Min 1.38E-01 [sec] @ 160
     Flav : max Press/Den @ L,MLT; DPS-dst
        0: P =   0.00, D =9075.91 @  1.54 Rp,12.07 MLT; DPS:   0.00
        1: P =   0.16, D =   6.96 @  8.00 Rp,13.39 MLT; DPS:  -0.83
        2: P =   3.00, D =   0.43 @  3.94 Rp, 0.14 MLT; DPS:  -5.21
[0m [32m<Writing HDF5 DATA @ t =    13.334 [min] >[0m 
[32m<Writing RAIJU HDF5 DATA @ t =    13.417 [min] >[0m 
 [36m
 GAMERA
      Time =    13.418 [min]
        ts =    10869
        dt =  9.90E-02 [sec]
    dt/dt0 =   83.136%
    Spent     0.0% of time waiting for Voltron
      kZCs =   3424.06 /   1258.60 [MHD/TOT] (8 threads)
[0m       CPCP =   80.294  77.753 [kV, N/S]
 [34m
 VOLTRON
      UT   = 2001-06-01 23:13:25
      tilt =    0.000 [deg]
    Sym-H  =   -5.000 [nT]
    BSDst  ~   18.601 [nT]
           dSMRs  ~    -0.21   -0.27    0.52   -0.04 [nT, 12/18/00/06]
   DPSDst  ~   -5.033 [nT]
   Spent    40.7% of time waiting for Gamera
            12.3% of time processing Chimp(Helpers)
             9.3% of time processing IMAG
            13.7% of time processing Remix
            23.9% of time processing Tubes(Helpers)
             0.0% of time writing files
    Running @   78.775% of real-time (8 threads)
[0m  [35m
 RAIJU
      UT   = 2001-06-01 23:13:30
      Time =    13.500 [min]
     dtCpl =  5.00E+00 [sec]
     Max/Min dt @ k:
        Max 2.08E+01 [sec] @ 9
        Min 1.38E-01 [sec] @ 160
     Flav : max Press/Den @ L,MLT; DPS-dst
        0: P =   0.00, D =9075.91 @  1.54 Rp,12.07 MLT; DPS:   0.00
        1: P =   0.16, D =   6.95 @  8.00 Rp,13.39 MLT; DPS:  -0.83
        2: P =   3.00, D =   0.43 @  3.94 Rp, 0.14 MLT; DPS:  -5.21
[0m [32m<Writing HDF5 DATA @ t =    13.418 [min] >[0m 
[32m<Writing RAIJU HDF5 DATA @ t =    13.500 [min] >[0m 
 [36m
 GAMERA
      Time =    13.500 [min]
        ts =    10919
        dt =  9.90E-02 [sec]
    dt/dt0 =   83.137%
    Spent     0.0% of time waiting for Voltron
      kZCs =   3422.84 /   1244.27 [MHD/TOT] (8 threads)
[0m       CPCP =   79.796  77.551 [kV, N/S]
 [34m
 VOLTRON
      UT   = 2001-06-01 23:13:30
      tilt =    0.000 [deg]
    Sym-H  =   -5.000 [nT]
    BSDst  ~   18.587 [nT]
           dSMRs  ~    -0.18   -0.27    0.48   -0.04 [nT, 12/18/00/06]
   DPSDst  ~   -5.031 [nT]
   Spent    40.7% of time waiting for Gamera
            12.3% of time processing Chimp(Helpers)
             9.3% of time processing IMAG
            13.7% of time processing Remix
            23.9% of time processing Tubes(Helpers)
             0.0% of time writing files
    Running @   78.887% of real-time (8 threads)
[0m  [35m
 RAIJU
      UT   = 2001-06-01 23:13:35
      Time =    13.583 [min]
     dtCpl =  5.00E+00 [sec]
     Max/Min dt @ k:
        Max 2.07E+01 [sec] @ 9
        Min 1.38E-01 [sec] @ 160
     Flav : max Press/Den @ L,MLT; DPS-dst
        0: P =   0.00, D =9075.91 @  1.54 Rp,12.07 MLT; DPS:   0.00
        1: P =   0.15, D =   6.94 @  8.00 Rp,13.39 MLT; DPS:  -0.82
        2: P =   3.01, D =   0.43 @  3.95 Rp,23.87 MLT; DPS:  -5.21
[0m [32m<Writing HDF5 DATA @ t =    13.500 [min] >[0m 
[32m<Writing RAIJU HDF5 DATA @ t =    13.583 [min] >[0m 
 [36m
 GAMERA
      Time =    13.585 [min]
        ts =    10970
        dt =  9.90E-02 [sec]
    dt/dt0 =   83.132%
    Spent     0.0% of time waiting for Voltron
      kZCs =   3421.72 /   1256.54 [MHD/TOT] (8 threads)
[0m       CPCP =   79.188  77.147 [kV, N/S]
 [34m
 VOLTRON
      UT   = 2001-06-01 23:13:35
      tilt =    0.000 [deg]
    Sym-H  =   -5.000 [nT]
    BSDst  ~   18.595 [nT]
           dSMRs  ~    -0.14   -0.27    0.44   -0.03 [nT, 12/18/00/06]
   DPSDst  ~   -4.990 [nT]
   Spent    40.7% of time waiting for Gamera
            12.2% of time processing Chimp(Helpers)
             9.3% of time processing IMAG
            13.7% of time processing Remix
            23.8% of time processing Tubes(Helpers)
             0.0% of time writing files
    Running @   78.962% of real-time (8 threads)
[0m  [35m
 RAIJU
      UT   = 2001-06-01 23:13:40
      Time =    13.667 [min]
     dtCpl =  5.00E+00 [sec]
     Max/Min dt @ k:
        Max 2.06E+01 [sec] @ 9
        Min 1.38E-01 [sec] @ 160
     Flav : max Press/Den @ L,MLT; DPS-dst
        0: P =   0.00, D =9075.91 @  1.54 Rp,12.07 MLT; DPS:   0.00
        1: P =   0.15, D =   6.94 @  7.99 Rp,13.39 MLT; DPS:  -0.80
        2: P =   3.01, D =   0.43 @  3.95 Rp,23.87 MLT; DPS:  -5.17
[0m [32m<Writing HDF5 DATA @ t =    13.585 [min] >[0m 
[32m<Writing RAIJU HDF5 DATA @ t =    13.667 [min] >[0m 
 [36m
 GAMERA
      Time =    13.667 [min]
        ts =    11020
        dt =  9.90E-02 [sec]
    dt/dt0 =   83.130%
    Spent     0.0% of time waiting for Voltron
      kZCs =   3423.80 /   1247.05 [MHD/TOT] (8 threads)
[0m       CPCP =   78.443  76.385 [kV, N/S]
 [34m
 VOLTRON
      UT   = 2001-06-01 23:13:40
      tilt =    0.000 [deg]
    Sym-H  =   -5.000 [nT]
    BSDst  ~   18.614 [nT]
           dSMRs  ~    -0.12   -0.26    0.41   -0.03 [nT, 12/18/00/06]
   DPSDst  ~   -5.010 [nT]
   Spent    40.7% of time waiting for Gamera
            12.2% of time processing Chimp(Helpers)
             9.3% of time processing IMAG
            13.7% of time processing Remix
            23.9% of time processing Tubes(Helpers)
             0.0% of time writing files
    Running @   79.073% of real-time (8 threads)
[0m  [35m
 RAIJU
      UT   = 2001-06-01 23:13:45
      Time =    13.750 [min]
     dtCpl =  5.00E+00 [sec]
     Max/Min dt @ k:
        Max 2.06E+01 [sec] @ 9
        Min 1.38E-01 [sec] @ 160
     Flav : max Press/Den @ L,MLT; DPS-dst
        0: P =   0.00, D =9075.91 @  1.54 Rp,12.07 MLT; DPS:   0.00
        1: P =   0.15, D =   6.93 @  7.99 Rp,13.39 MLT; DPS:  -0.82
        2: P =   3.01, D =   0.43 @  3.95 Rp,23.87 MLT; DPS:  -5.19
[0m [32m<Writing HDF5 DATA @ t =    13.667 [min] >[0m 
[32m<Writing RAIJU HDF5 DATA @ t =    13.750 [min] >[0m 
 [36m
 GAMERA
      Time =    13.751 [min]
        ts =    11071
        dt =  9.90E-02 [sec]
    dt/dt0 =   83.133%
    Spent     0.0% of time waiting for Voltron
      kZCs =   3425.93 /   1262.64 [MHD/TOT] (8 threads)
[0m       CPCP =   77.784  75.547 [kV, N/S]
 [34m
 VOLTRON
      UT   = 2001-06-01 23:13:45
      tilt =    0.000 [deg]
    Sym-H  =   -5.000 [nT]
    BSDst  ~   18.645 [nT]
           dSMRs  ~    -0.09   -0.26    0.38   -0.03 [nT, 12/18/00/06]
   DPSDst  ~   -5.005 [nT]
   Spent    40.8% of time waiting for Gamera
            12.2% of time processing Chimp(Helpers)
             9.3% of time processing IMAG
            13.6% of time processing Remix
            23.8% of time processing Tubes(Helpers)
             0.0% of time writing files
    Running @   79.203% of real-time (8 threads)
[0m  [35m
 RAIJU
      UT   = 2001-06-01 23:13:50
      Time =    13.833 [min]
     dtCpl =  5.00E+00 [sec]
     Max/Min dt @ k:
        Max 2.07E+01 [sec] @ 9
        Min 1.38E-01 [sec] @ 160
     Flav : max Press/Den @ L,MLT; DPS-dst
        0: P =   0.00, D =9075.91 @  1.54 Rp,12.07 MLT; DPS:   0.00
        1: P =   0.15, D =   6.92 @  7.99 Rp,13.39 MLT; DPS:  -0.81
        2: P =   3.01, D =   0.43 @  3.95 Rp,23.87 MLT; DPS:  -5.19
[0m [32m<Writing HDF5 DATA @ t =    13.751 [min] >[0m 
[32m<Writing RAIJU HDF5 DATA @ t =    13.833 [min] >[0m 
 [36m
 GAMERA
      Time =    13.834 [min]
        ts =    11121
        dt =  9.90E-02 [sec]
    dt/dt0 =   83.149%
    Spent     0.0% of time waiting for Voltron
      kZCs =   3422.05 /   1247.30 [MHD/TOT] (8 threads)
[0m       CPCP =   77.348  74.952 [kV, N/S]
 [34m
 VOLTRON
      UT   = 2001-06-01 23:13:50
      tilt =    0.000 [deg]
    Sym-H  =   -5.000 [nT]
    BSDst  ~   18.677 [nT]
           dSMRs  ~    -0.07   -0.25    0.35   -0.03 [nT, 12/18/00/06]
   DPSDst  ~   -5.001 [nT]
   Spent    40.8% of time waiting for Gamera
            12.2% of time processing Chimp(Helpers)
             9.3% of time processing IMAG
            13.6% of time processing Remix
            23.8% of time processing Tubes(Helpers)
             0.0% of time writing files
    Running @   79.306% of real-time (8 threads)
[0m  [35m
 RAIJU
      UT   = 2001-06-01 23:13:55
      Time =    13.917 [min]
     dtCpl =  5.00E+00 [sec]
     Max/Min dt @ k:
        Max 2.09E+01 [sec] @ 9
        Min 1.38E-01 [sec] @ 160
     Flav : max Press/Den @ L,MLT; DPS-dst
        0: P =   0.00, D =9075.91 @  1.54 Rp,12.07 MLT; DPS:   0.00
        1: P =   0.16, D =   7.73 @  7.53 Rp, 9.15 MLT; DPS:  -0.81
        2: P =   3.02, D =   0.43 @  3.95 Rp,23.87 MLT; DPS:  -5.19
[0m [32m<Writing HDF5 DATA @ t =    13.834 [min] >[0m 
[32m<Writing RAIJU HDF5 DATA @ t =    13.917 [min] >[0m 
 [36m
 GAMERA
      Time =    13.918 [min]
        ts =    11172
        dt =  9.90E-02 [sec]
    dt/dt0 =   83.176%
    Spent     0.0% of time waiting for Voltron
      kZCs =   3422.19 /   1265.04 [MHD/TOT] (8 threads)
[0m       CPCP =   76.881  74.797 [kV, N/S]
 [34m
 VOLTRON
      UT   = 2001-06-01 23:13:55
      tilt =    0.000 [deg]
    Sym-H  =   -5.000 [nT]
    BSDst  ~   18.701 [nT]
           dSMRs  ~    -0.05   -0.25    0.32   -0.02 [nT, 12/18/00/06]
   DPSDst  ~   -4.992 [nT]
   Spent    40.8% of time waiting for Gamera
            12.2% of time processing Chimp(Helpers)
             9.3% of time processing IMAG
            13.6% of time processing Remix
            23.8% of time processing Tubes(Helpers)
             0.0% of time writing files
    Running @   79.444% of real-time (8 threads)
[0m  [35m
 RAIJU
      UT   = 2001-06-01 23:13:59
      Time =    14.000 [min]
     dtCpl =  5.00E+00 [sec]
     Max/Min dt @ k:
        Max 2.10E+01 [sec] @ 9
        Min 1.38E-01 [sec] @ 160
     Flav : max Press/Den @ L,MLT; DPS-dst
        0: P =   0.00, D =9075.91 @  1.54 Rp,12.07 MLT; DPS:   0.00
        1: P =   0.15, D =   6.90 @  7.99 Rp,13.39 MLT; DPS:  -0.80
        2: P =   3.02, D =   0.43 @  3.95 Rp,23.87 MLT; DPS:  -5.18
[0m [32m<Writing HDF5 DATA @ t =    13.918 [min] >[0m 
[32m<Writing RAIJU HDF5 DATA @ t =    14.000 [min] >[0m 
 [36m
 GAMERA
      Time =    14.000 [min]
        ts =    11222
        dt =  9.91E-02 [sec]
    dt/dt0 =   83.202%
    Spent     0.0% of time waiting for Voltron
      kZCs =   3425.07 /   1250.20 [MHD/TOT] (8 threads)
[0m       CPCP =   76.384  74.615 [kV, N/S]
 [34m
 VOLTRON
      UT   = 2001-06-01 23:14:00
      tilt =    0.000 [deg]
    Sym-H  =   -5.000 [nT]
    BSDst  ~   18.711 [nT]
           dSMRs  ~    -0.03   -0.24    0.29   -0.02 [nT, 12/18/00/06]
   DPSDst  ~   -4.993 [nT]
   Spent    40.8% of time waiting for Gamera
            12.2% of time processing Chimp(Helpers)
             9.3% of time processing IMAG
            13.6% of time processing Remix
            23.8% of time processing Tubes(Helpers)
             0.0% of time writing files
    Running @   79.549% of real-time (8 threads)
[0m  [35m
 RAIJU
      UT   = 2001-06-01 23:14:05
      Time =    14.083 [min]
     dtCpl =  5.00E+00 [sec]
     Max/Min dt @ k:
        Max 2.11E+01 [sec] @ 9
        Min 1.38E-01 [sec] @ 160
     Flav : max Press/Den @ L,MLT; DPS-dst
        0: P =   0.00, D =9075.91 @  1.54 Rp,12.07 MLT; DPS:   0.00
        1: P =   0.16, D =   7.56 @  7.47 Rp, 9.63 MLT; DPS:  -0.80
        2: P =   3.02, D =   0.43 @  3.95 Rp,23.87 MLT; DPS:  -5.18
[0m [32m<Writing HDF5 DATA @ t =    14.000 [min] >[0m 
[32m<Writing RAIJU HDF5 DATA @ t =    14.083 [min] >[0m 
 [36m
 GAMERA
      Time =    14.085 [min]
        ts =    11273
        dt =  9.91E-02 [sec]
    dt/dt0 =   83.224%
    Spent     0.0% of time waiting for Voltron
      kZCs =   3425.15 /   1267.68 [MHD/TOT] (8 threads)
[0m       CPCP =   76.105  74.177 [kV, N/S]
 [34m
 VOLTRON
      UT   = 2001-06-01 23:14:05
      tilt =    0.000 [deg]
    Sym-H  =   -5.000 [nT]
    BSDst  ~   18.703 [nT]
           dSMRs  ~    -0.01   -0.24    0.27   -0.01 [nT, 12/18/00/06]
   DPSDst  ~   -4.980 [nT]
   Spent    40.9% of time waiting for Gamera
            12.2% of time processing Chimp(Helpers)
             9.3% of time processing IMAG
            13.6% of time processing Remix
            23.8% of time processing Tubes(Helpers)
             0.0% of time writing files
    Running @   79.689% of real-time (8 threads)
[0m  [35m
 RAIJU
      UT   = 2001-06-01 23:14:10
      Time =    14.167 [min]
     dtCpl =  5.00E+00 [sec]
     Max/Min dt @ k:
        Max 2.13E+01 [sec] @ 9
        Min 1.38E-01 [sec] @ 160
     Flav : max Press/Den @ L,MLT; DPS-dst
        0: P =   0.00, D =9075.91 @  1.54 Rp,12.07 MLT; DPS:   0.00
        1: P =   0.15, D =   6.88 @  7.99 Rp,13.39 MLT; DPS:  -0.80
        2: P =   3.02, D =   0.43 @  3.95 Rp,23.80 MLT; DPS:  -5.18
[0m [32m<Writing HDF5 DATA @ t =    14.085 [min] >[0m 
[32m<Writing RAIJU HDF5 DATA @ t =    14.167 [min] >[0m 
 [36m
 GAMERA
      Time =    14.167 [min]
        ts =    11323
        dt =  9.91E-02 [sec]
    dt/dt0 =   83.250%
    Spent     0.0% of time waiting for Voltron
      kZCs =   3424.11 /   1252.47 [MHD/TOT] (8 threads)
[0m       CPCP =   75.715  73.946 [kV, N/S]
 [34m
 VOLTRON
      UT   = 2001-06-01 23:14:10
      tilt =    0.000 [deg]
    Sym-H  =   -5.000 [nT]
    BSDst  ~   18.673 [nT]
           dSMRs  ~    -0.01   -0.24    0.25   -0.00 [nT, 12/18/00/06]
   DPSDst  ~   -4.977 [nT]
   Spent    40.9% of time waiting for Gamera
            12.2% of time processing Chimp(Helpers)
             9.3% of time processing IMAG
            13.6% of time processing Remix
            23.8% of time processing Tubes(Helpers)
             0.0% of time writing files
    Running @   79.790% of real-time (8 threads)
[0m  [35m
 RAIJU
      UT   = 2001-06-01 23:14:15
      Time =    14.250 [min]
     dtCpl =  5.00E+00 [sec]
     Max/Min dt @ k:
        Max 2.16E+01 [sec] @ 9
        Min 1.38E-01 [sec] @ 160
     Flav : max Press/Den @ L,MLT; DPS-dst
        0: P =   0.00, D =9075.91 @  1.54 Rp,12.07 MLT; DPS:   0.00
        1: P =   0.15, D =   6.86 @  8.00 Rp,13.39 MLT; DPS:  -0.79
        2: P =   3.03, D =   0.43 @  3.95 Rp,23.80 MLT; DPS:  -5.17
[0m [32m<Writing HDF5 DATA @ t =    14.167 [min] >[0m 
[32m<Writing RAIJU HDF5 DATA @ t =    14.250 [min] >[0m 
 [36m
 GAMERA
      Time =    14.251 [min]
        ts =    11374
        dt =  9.92E-02 [sec]
    dt/dt0 =   83.281%
    Spent     0.0% of time waiting for Voltron
      kZCs =   3422.34 /   1267.59 [MHD/TOT] (8 threads)
[0m       CPCP =   75.183  73.369 [kV, N/S]
 [34m
 VOLTRON
      UT   = 2001-06-01 23:14:15
      tilt =    0.000 [deg]
    Sym-H  =   -5.000 [nT]
    BSDst  ~   18.629 [nT]
           dSMRs  ~    -0.01   -0.23    0.24   -0.00 [nT, 12/18/00/06]
   DPSDst  ~   -4.976 [nT]
   Spent    41.0% of time waiting for Gamera
            12.2% of time processing Chimp(Helpers)
             9.3% of time processing IMAG
            13.5% of time processing Remix
            23.8% of time processing Tubes(Helpers)
             0.0% of time writing files
    Running @   79.924% of real-time (8 threads)
[0m  [35m
 RAIJU
      UT   = 2001-06-01 23:14:20
      Time =    14.333 [min]
     dtCpl =  5.00E+00 [sec]
     Max/Min dt @ k:
        Max 2.19E+01 [sec] @ 9
        Min 1.38E-01 [sec] @ 160
     Flav : max Press/Den @ L,MLT; DPS-dst
        0: P =   0.00, D =9075.91 @  1.54 Rp,12.07 MLT; DPS:   0.00
        1: P =   0.15, D =   6.85 @  8.00 Rp,13.39 MLT; DPS:  -0.79
        2: P =   3.03, D =   0.43 @  3.95 Rp,23.80 MLT; DPS:  -5.17
[0m [32m<Writing HDF5 DATA @ t =    14.251 [min] >[0m 
[32m<Writing RAIJU HDF5 DATA @ t =    14.333 [min] >[0m 
 [36m
 GAMERA
      Time =    14.334 [min]
        ts =    11424
        dt =  9.92E-02 [sec]
    dt/dt0 =   83.310%
    Spent     0.0% of time waiting for Voltron
      kZCs =   3424.91 /   1249.78 [MHD/TOT] (8 threads)
[0m       CPCP =   74.591  72.275 [kV, N/S]
 [34m
 VOLTRON
      UT   = 2001-06-01 23:14:20
      tilt =    0.000 [deg]
    Sym-H  =   -5.000 [nT]
    BSDst  ~   18.578 [nT]
           dSMRs  ~    -0.02   -0.22    0.23    0.00 [nT, 12/18/00/06]
   DPSDst  ~   -4.977 [nT]
   Spent    40.9% of time waiting for Gamera
            12.2% of time processing Chimp(Helpers)
             9.3% of time processing IMAG
            13.6% of time processing Remix
            23.8% of time processing Tubes(Helpers)
             0.0% of time writing files
    Running @   80.014% of real-time (8 threads)
[0m  [35m
 RAIJU
      UT   = 2001-06-01 23:14:25
      Time =    14.417 [min]
     dtCpl =  5.00E+00 [sec]
     Max/Min dt @ k:
        Max 2.23E+01 [sec] @ 9
        Min 1.38E-01 [sec] @ 160
     Flav : max Press/Den @ L,MLT; DPS-dst
        0: P =   0.00, D =9075.91 @  1.54 Rp,12.07 MLT; DPS:   0.00
        1: P =   0.15, D =   6.84 @  8.00 Rp,13.39 MLT; DPS:  -0.79
        2: P =   3.03, D =   0.43 @  3.95 Rp,23.67 MLT; DPS:  -5.17
[0m [32m<Writing HDF5 DATA @ t =    14.334 [min] >[0m 
[32m<Writing RAIJU HDF5 DATA @ t =    14.417 [min] >[0m 
 [36m
 GAMERA
      Time =    14.417 [min]
        ts =    11474
        dt =  9.92E-02 [sec]
    dt/dt0 =   83.342%
    Spent     0.0% of time waiting for Voltron
      kZCs =   3423.16 /   1252.24 [MHD/TOT] (8 threads)
[0m       CPCP =   73.777  71.455 [kV, N/S]
 [34m
 VOLTRON
      UT   = 2001-06-01 23:14:25
      tilt =    0.000 [deg]
    Sym-H  =   -5.000 [nT]
    BSDst  ~   18.522 [nT]
           dSMRs  ~    -0.02   -0.21    0.22    0.01 [nT, 12/18/00/06]
   DPSDst  ~   -4.973 [nT]
   Spent    40.9% of time waiting for Gamera
            12.2% of time processing Chimp(Helpers)
             9.3% of time processing IMAG
            13.6% of time processing Remix
            23.8% of time processing Tubes(Helpers)
             0.0% of time writing files
    Running @   80.098% of real-time (8 threads)
[0m  [35m
 RAIJU
      UT   = 2001-06-01 23:14:30
      Time =    14.500 [min]
     dtCpl =  5.00E+00 [sec]
     Max/Min dt @ k:
        Max 2.27E+01 [sec] @ 9
        Min 1.38E-01 [sec] @ 160
     Flav : max Press/Den @ L,MLT; DPS-dst
        0: P =   0.00, D =9075.91 @  1.54 Rp,12.07 MLT; DPS:   0.00
        1: P =   0.15, D =   6.82 @  8.00 Rp,13.39 MLT; DPS:  -0.79
        2: P =   3.03, D =   0.43 @  3.95 Rp,23.67 MLT; DPS:  -5.17
[0m [32m<Writing HDF5 DATA @ t =    14.417 [min] >[0m 
[32m<Writing RAIJU HDF5 DATA @ t =    14.500 [min] >[0m 
 [36m
 GAMERA
      Time =    14.501 [min]
        ts =    11525
        dt =  9.93E-02 [sec]
    dt/dt0 =   83.369%
    Spent     0.0% of time waiting for Voltron
      kZCs =   3423.12 /   1263.97 [MHD/TOT] (8 threads)
[0m       CPCP =   73.030  70.806 [kV, N/S]
 [34m
 VOLTRON
      UT   = 2001-06-01 23:14:30
      tilt =    0.000 [deg]
    Sym-H  =   -5.000 [nT]
    BSDst  ~   18.473 [nT]
           dSMRs  ~    -0.01   -0.20    0.20    0.01 [nT, 12/18/00/06]
   DPSDst  ~   -4.971 [nT]
   Spent    41.0% of time waiting for Gamera
            12.2% of time processing Chimp(Helpers)
             9.3% of time processing IMAG
            13.6% of time processing Remix
            23.7% of time processing Tubes(Helpers)
             0.0% of time writing files
    Running @   80.217% of real-time (8 threads)
[0m  [35m
 RAIJU
      UT   = 2001-06-01 23:14:35
      Time =    14.583 [min]
     dtCpl =  5.00E+00 [sec]
     Max/Min dt @ k:
        Max 2.35E+01 [sec] @ 9
        Min 1.38E-01 [sec] @ 160
     Flav : max Press/Den @ L,MLT; DPS-dst
        0: P =   0.00, D =9075.91 @  1.54 Rp,12.07 MLT; DPS:   0.00
        1: P =   0.15, D =   6.80 @  8.00 Rp,13.39 MLT; DPS:  -0.79
        2: P =   3.03, D =   0.43 @  3.95 Rp,23.67 MLT; DPS:  -5.17
[0m [32m<Writing HDF5 DATA @ t =    14.501 [min] >[0m 
[32m<Writing RAIJU HDF5 DATA @ t =    14.583 [min] >[0m 
 [36m
 GAMERA
      Time =    14.584 [min]
        ts =    11575
        dt =  9.93E-02 [sec]
    dt/dt0 =   83.391%
    Spent     0.0% of time waiting for Voltron
      kZCs =   3425.23 /   1253.24 [MHD/TOT] (8 threads)
[0m       CPCP =   72.213  70.206 [kV, N/S]
 [34m
 VOLTRON
      UT   = 2001-06-01 23:14:35
      tilt =    0.000 [deg]
    Sym-H  =   -5.000 [nT]
    BSDst  ~   18.435 [nT]
           dSMRs  ~     0.01   -0.20    0.17    0.02 [nT, 12/18/00/06]
   DPSDst  ~   -4.973 [nT]
   Spent    40.9% of time waiting for Gamera
            12.2% of time processing Chimp(Helpers)
             9.3% of time processing IMAG
            13.6% of time processing Remix
            23.7% of time processing Tubes(Helpers)
             0.0% of time writing files
    Running @   80.309% of real-time (8 threads)
[0m  [35m
 RAIJU
      UT   = 2001-06-01 23:14:40
      Time =    14.667 [min]
     dtCpl =  5.00E+00 [sec]
     Max/Min dt @ k:
        Max 2.42E+01 [sec] @ 9
        Min 1.38E-01 [sec] @ 160
     Flav : max Press/Den @ L,MLT; DPS-dst
        0: P =   0.00, D =9075.91 @  1.54 Rp,12.07 MLT; DPS:   0.00
        1: P =   0.15, D =   6.79 @  8.00 Rp,13.39 MLT; DPS:  -0.79
        2: P =   3.03, D =   0.43 @  3.95 Rp,23.60 MLT; DPS:  -5.17
[0m [32m<Writing HDF5 DATA @ t =    14.584 [min] >[0m 
[32m<Writing RAIJU HDF5 DATA @ t =    14.667 [min] >[0m 
 [36m
 GAMERA
      Time =    14.668 [min]
        ts =    11626
        dt =  9.93E-02 [sec]
    dt/dt0 =   83.400%
    Spent     0.0% of time waiting for Voltron
      kZCs =   3422.03 /   1267.32 [MHD/TOT] (8 threads)
[0m       CPCP =   71.585  70.277 [kV, N/S]
 [34m
 VOLTRON
      UT   = 2001-06-01 23:14:40
      tilt =    0.000 [deg]
    Sym-H  =   -5.000 [nT]
    BSDst  ~   18.403 [nT]
           dSMRs  ~     0.03   -0.19    0.15    0.02 [nT, 12/18/00/06]
   DPSDst  ~   -4.970 [nT]
   Spent    41.0% of time waiting for Gamera
            12.1% of time processing Chimp(Helpers)
             9.3% of time processing IMAG
            13.6% of time processing Remix
            23.7% of time processing Tubes(Helpers)
             0.0% of time writing files
    Running @   80.401% of real-time (8 threads)
[0m  [35m
 RAIJU
      UT   = 2001-06-01 23:14:45
      Time =    14.750 [min]
     dtCpl =  5.00E+00 [sec]
     Max/Min dt @ k:
        Max 2.49E+01 [sec] @ 9
        Min 1.38E-01 [sec] @ 160
     Flav : max Press/Den @ L,MLT; DPS-dst
        0: P =   0.00, D =9075.91 @  1.54 Rp,12.07 MLT; DPS:   0.00
        1: P =   0.15, D =   6.77 @  8.01 Rp,13.39 MLT; DPS:  -0.78
        2: P =   3.04, D =   0.43 @  3.95 Rp,23.60 MLT; DPS:  -5.17
[0m [32m<Writing HDF5 DATA @ t =    14.668 [min] >[0m 
[32m<Writing RAIJU HDF5 DATA @ t =    14.750 [min] >[0m 
 [36m
 GAMERA
      Time =    14.751 [min]
        ts =    11676
        dt =  9.93E-02 [sec]
    dt/dt0 =   83.399%
    Spent     0.0% of time waiting for Voltron
      kZCs =   3424.11 /   1252.37 [MHD/TOT] (8 threads)
[0m       CPCP =   71.045  70.416 [kV, N/S]
 [34m
 VOLTRON
      UT   = 2001-06-01 23:14:45
      tilt =    0.000 [deg]
    Sym-H  =   -5.000 [nT]
    BSDst  ~   18.384 [nT]
           dSMRs  ~     0.04   -0.19    0.12    0.02 [nT, 12/18/00/06]
   DPSDst  ~   -4.967 [nT]
   Spent    41.0% of time waiting for Gamera
            12.1% of time processing Chimp(Helpers)
             9.4% of time processing IMAG
            13.6% of time processing Remix
            23.7% of time processing Tubes(Helpers)
             0.0% of time writing files
    Running @   80.479% of real-time (8 threads)
[0m  [35m
 RAIJU
      UT   = 2001-06-01 23:14:50
      Time =    14.833 [min]
     dtCpl =  5.00E+00 [sec]
     Max/Min dt @ k:
        Max 2.57E+01 [sec] @ 9
        Min 1.38E-01 [sec] @ 160
     Flav : max Press/Den @ L,MLT; DPS-dst
        0: P =   0.00, D =9075.91 @  1.54 Rp,12.07 MLT; DPS:   0.00
        1: P =   0.15, D =   6.75 @  8.01 Rp,13.39 MLT; DPS:  -0.78
        2: P =   3.04, D =   0.43 @  3.95 Rp,23.60 MLT; DPS:  -5.17
[0m [32m<Writing HDF5 DATA @ t =    14.751 [min] >[0m 
[32m<Writing RAIJU HDF5 DATA @ t =    14.833 [min] >[0m 
 [36m
 GAMERA
      Time =    14.834 [min]
        ts =    11726
        dt =  9.93E-02 [sec]
    dt/dt0 =   83.389%
    Spent     0.0% of time waiting for Voltron
      kZCs =   3423.32 /   1255.74 [MHD/TOT] (8 threads)
[0m       CPCP =   70.508  70.463 [kV, N/S]
 [34m
 VOLTRON
      UT   = 2001-06-01 23:14:50
      tilt =    0.000 [deg]
    Sym-H  =   -5.000 [nT]
    BSDst  ~   18.376 [nT]
           dSMRs  ~     0.06   -0.19    0.11    0.03 [nT, 12/18/00/06]
   DPSDst  ~   -4.967 [nT]
   Spent    41.0% of time waiting for Gamera
            12.1% of time processing Chimp(Helpers)
             9.4% of time processing IMAG
            13.6% of time processing Remix
            23.7% of time processing Tubes(Helpers)
             0.0% of time writing files
    Running @   80.568% of real-time (8 threads)
[0m  [35m
 RAIJU
      UT   = 2001-06-01 23:14:55
      Time =    14.917 [min]
     dtCpl =  5.00E+00 [sec]
     Max/Min dt @ k:
        Max 2.66E+01 [sec] @ 9
        Min 1.38E-01 [sec] @ 160
     Flav : max Press/Den @ L,MLT; DPS-dst
        0: P =   0.00, D =9075.91 @  1.54 Rp,12.07 MLT; DPS:   0.00
        1: P =   0.15, D =   6.74 @  8.01 Rp,13.39 MLT; DPS:  -0.78
        2: P =   3.04, D =   0.43 @  3.95 Rp,23.60 MLT; DPS:  -5.17
[0m [32m<Writing HDF5 DATA @ t =    14.834 [min] >[0m 
[32m<Writing RAIJU HDF5 DATA @ t =    14.917 [min] >[0m 
 [36m
 GAMERA
      Time =    14.918 [min]
        ts =    11777
        dt =  9.93E-02 [sec]
    dt/dt0 =   83.394%
    Spent     0.0% of time waiting for Voltron
      kZCs =   3426.40 /   1271.37 [MHD/TOT] (8 threads)
[0m       CPCP =   70.353  70.364 [kV, N/S]
 [34m
 VOLTRON
      UT   = 2001-06-01 23:14:55
      tilt =    0.000 [deg]
    Sym-H  =   -5.000 [nT]
    BSDst  ~   18.372 [nT]
           dSMRs  ~     0.06   -0.19    0.09    0.03 [nT, 12/18/00/06]
   DPSDst  ~   -4.962 [nT]
   Spent    41.0% of time waiting for Gamera
            12.1% of time processing Chimp(Helpers)
             9.4% of time processing IMAG
            13.6% of time processing Remix
            23.7% of time processing Tubes(Helpers)
             0.0% of time writing files
    Running @   80.657% of real-time (8 threads)
[0m  [35m
 RAIJU
      UT   = 2001-06-01 23:14:59
      Time =    15.000 [min]
     dtCpl =  5.00E+00 [sec]
     Max/Min dt @ k:
        Max 2.72E+01 [sec] @ 8
        Min 1.38E-01 [sec] @ 160
     Flav : max Press/Den @ L,MLT; DPS-dst
        0: P =   0.00, D =9075.91 @  1.54 Rp,12.07 MLT; DPS:   0.00
        1: P =   0.15, D =   6.73 @  8.01 Rp,13.39 MLT; DPS:  -0.78
        2: P =   3.04, D =   0.43 @  3.95 Rp,23.60 MLT; DPS:  -5.17
[0m [32m<Writing HDF5 DATA @ t =    14.918 [min] >[0m 
[32m<Writing RAIJU HDF5 DATA @ t =    15.000 [min] >[0m 
 [36m
 GAMERA
      Time =    15.001 [min]
        ts =    11827
        dt =  9.93E-02 [sec]
    dt/dt0 =   83.426%
    Spent     0.0% of time waiting for Voltron
      kZCs =   3425.07 /   1257.00 [MHD/TOT] (8 threads)
[0m       CPCP =   70.465  70.276 [kV, N/S]
 [34m
 VOLTRON
      UT   = 2001-06-01 23:15:00
      tilt =    0.000 [deg]
    Sym-H  =   -5.000 [nT]
    BSDst  ~   18.370 [nT]
           dSMRs  ~     0.06   -0.18    0.08    0.04 [nT, 12/18/00/06]
   DPSDst  ~   -4.960 [nT]
   Spent    41.0% of time waiting for Gamera
            12.1% of time processing Chimp(Helpers)
             9.4% of time processing IMAG
            13.6% of time processing Remix
            23.7% of time processing Tubes(Helpers)
             0.0% of time writing files
    Running @   80.743% of real-time (8 threads)
[0m  [35m
 RAIJU
      UT   = 2001-06-01 23:15:05
      Time =    15.083 [min]
     dtCpl =  5.00E+00 [sec]
     Max/Min dt @ k:
        Max 2.78E+01 [sec] @ 8
        Min 1.38E-01 [sec] @ 160
     Flav : max Press/Den @ L,MLT; DPS-dst
        0: P =   0.00, D =9075.91 @  1.54 Rp,12.07 MLT; DPS:   0.00
        1: P =   0.15, D =   6.71 @  8.01 Rp,13.39 MLT; DPS:  -0.78
        2: P =   3.04, D =   0.43 @  3.95 Rp,23.60 MLT; DPS:  -5.17
[0m [32m<Writing HDF5 DATA @ t =    15.001 [min] >[0m 
[32m<Writing RAIJU HDF5 DATA @ t =    15.083 [min] >[0m 
 [36m
 GAMERA
      Time =    15.084 [min]
        ts =    11877
        dt =  9.94E-02 [sec]
    dt/dt0 =   83.469%
    Spent     0.0% of time waiting for Voltron
      kZCs =   3422.68 /   1255.33 [MHD/TOT] (8 threads)
[0m       CPCP =   70.433  70.281 [kV, N/S]
 [34m
 VOLTRON
      UT   = 2001-06-01 23:15:05
      tilt =    0.000 [deg]
    Sym-H  =   -5.000 [nT]
    BSDst  ~   18.371 [nT]
           dSMRs  ~     0.07   -0.18    0.07    0.04 [nT, 12/18/00/06]
   DPSDst  ~   -4.959 [nT]
   Spent    41.0% of time waiting for Gamera
            12.1% of time processing Chimp(Helpers)
             9.4% of time processing IMAG
            13.6% of time processing Remix
            23.7% of time processing Tubes(Helpers)
             0.0% of time writing files
    Running @   80.822% of real-time (8 threads)
[0m  [35m
 RAIJU
      UT   = 2001-06-01 23:15:10
      Time =    15.167 [min]
     dtCpl =  5.00E+00 [sec]
     Max/Min dt @ k:
        Max 2.85E+01 [sec] @ 8
        Min 1.38E-01 [sec] @ 160
     Flav : max Press/Den @ L,MLT; DPS-dst
        0: P =   0.00, D =9075.91 @  1.54 Rp,12.07 MLT; DPS:   0.00
        1: P =   0.14, D =   6.70 @  8.01 Rp,13.39 MLT; DPS:  -0.77
        2: P =   3.04, D =   0.43 @  3.95 Rp,23.60 MLT; DPS:  -5.16
[0m [32m<Writing HDF5 DATA @ t =    15.084 [min] >[0m 
[32m<Writing RAIJU HDF5 DATA @ t =    15.167 [min] >[0m 
 [36m
 GAMERA
      Time =    15.168 [min]
        ts =    11928
        dt =  9.94E-02 [sec]
    dt/dt0 =   83.517%
    Spent     0.0% of time waiting for Voltron
      kZCs =   3422.19 /   1269.43 [MHD/TOT] (8 threads)
[0m       CPCP =   70.468  70.286 [kV, N/S]
 [34m
 VOLTRON
      UT   = 2001-06-01 23:15:10
      tilt =    0.000 [deg]
    Sym-H  =   -5.000 [nT]
    BSDst  ~   18.373 [nT]
           dSMRs  ~     0.07   -0.17    0.05    0.05 [nT, 12/18/00/06]
   DPSDst  ~   -4.955 [nT]
   Spent    41.1% of time waiting for Gamera
            12.1% of time processing Chimp(Helpers)
             9.4% of time processing IMAG
            13.6% of time processing Remix
            23.6% of time processing Tubes(Helpers)
             0.0% of time writing files
    Running @   80.932% of real-time (8 threads)
[0m  [35m
 RAIJU
      UT   = 2001-06-01 23:15:15
      Time =    15.250 [min]
     dtCpl =  5.00E+00 [sec]
     Max/Min dt @ k:
        Max 2.92E+01 [sec] @ 8
        Min 1.38E-01 [sec] @ 160
     Flav : max Press/Den @ L,MLT; DPS-dst
        0: P =   0.00, D =9075.91 @  1.54 Rp,12.07 MLT; DPS:   0.00
        1: P =   0.14, D =   6.69 @  8.01 Rp,13.39 MLT; DPS:  -0.77
        2: P =   3.04, D =   0.43 @  3.95 Rp,23.33 MLT; DPS:  -5.16
[0m [32m<Writing HDF5 DATA @ t =    15.168 [min] >[0m 
[32m<Writing RAIJU HDF5 DATA @ t =    15.250 [min] >[0m 
 [36m
 GAMERA
      Time =    15.251 [min]
        ts =    11978
        dt =  9.95E-02 [sec]
    dt/dt0 =   83.562%
    Spent     0.0% of time waiting for Voltron
      kZCs =   3423.32 /   1255.78 [MHD/TOT] (8 threads)
[0m       CPCP =   70.616  70.296 [kV, N/S]
 [34m
 VOLTRON
      UT   = 2001-06-01 23:15:15
      tilt =    0.000 [deg]
    Sym-H  =   -5.000 [nT]
    BSDst  ~   18.374 [nT]
           dSMRs  ~     0.08   -0.17    0.04    0.05 [nT, 12/18/00/06]
   DPSDst  ~   -4.961 [nT]
   Spent    41.1% of time waiting for Gamera
            12.1% of time processing Chimp(Helpers)
             9.4% of time processing IMAG
            13.6% of time processing Remix
            23.6% of time processing Tubes(Helpers)
             0.0% of time writing files
    Running @   81.009% of real-time (8 threads)
[0m  [35m
 RAIJU
      UT   = 2001-06-01 23:15:20
      Time =    15.333 [min]
     dtCpl =  5.00E+00 [sec]
     Max/Min dt @ k:
        Max 2.99E+01 [sec] @ 8
        Min 1.38E-01 [sec] @ 160
     Flav : max Press/Den @ L,MLT; DPS-dst
        0: P =   0.00, D =9075.91 @  1.54 Rp,12.07 MLT; DPS:   0.00
        1: P =   0.17, D =   6.65 @  8.38 Rp,11.60 MLT; DPS:  -0.77
        2: P =   3.05, D =   0.43 @  3.95 Rp,23.33 MLT; DPS:  -5.17
[0m [32m<Writing HDF5 DATA @ t =    15.251 [min] >[0m 
[32m<Writing RAIJU HDF5 DATA @ t =    15.333 [min] >[0m 
 [36m
 GAMERA
      Time =    15.334 [min]
        ts =    12028
        dt =  9.96E-02 [sec]
    dt/dt0 =   83.623%
    Spent     0.0% of time waiting for Voltron
      kZCs =   3424.43 /   1256.68 [MHD/TOT] (8 threads)
[0m       CPCP =   70.737  70.348 [kV, N/S]
 [34m
 VOLTRON
      UT   = 2001-06-01 23:15:20
      tilt =    0.000 [deg]
    Sym-H  =   -5.000 [nT]
    BSDst  ~   18.371 [nT]
           dSMRs  ~     0.10   -0.18    0.03    0.05 [nT, 12/18/00/06]
   DPSDst  ~   -4.960 [nT]
   Spent    41.0% of time waiting for Gamera
            12.1% of time processing Chimp(Helpers)
             9.4% of time processing IMAG
            13.6% of time processing Remix
            23.6% of time processing Tubes(Helpers)
             0.0% of time writing files
    Running @   81.089% of real-time (8 threads)
[0m  [35m
 RAIJU
      UT   = 2001-06-01 23:15:25
      Time =    15.417 [min]
     dtCpl =  5.00E+00 [sec]
     Max/Min dt @ k:
        Max 3.10E+01 [sec] @ 8
        Min 1.38E-01 [sec] @ 160
     Flav : max Press/Den @ L,MLT; DPS-dst
        0: P =   0.00, D =9075.91 @  1.54 Rp,12.07 MLT; DPS:   0.00
        1: P =   0.17, D =   6.60 @  8.92 Rp,11.57 MLT; DPS:  -0.77
        2: P =   3.05, D =   0.43 @  3.95 Rp,23.33 MLT; DPS:  -5.17
[0m [32m<Writing HDF5 DATA @ t =    15.334 [min] >[0m 
[32m<Writing RAIJU HDF5 DATA @ t =    15.417 [min] >[0m 
 [36m
 GAMERA
      Time =    15.417 [min]
        ts =    12078
        dt =  9.96E-02 [sec]
    dt/dt0 =   83.685%
    Spent     0.0% of time waiting for Voltron
      kZCs =   3423.32 /   1257.71 [MHD/TOT] (8 threads)
[0m       CPCP =   70.801  70.422 [kV, N/S]
 [34m
 VOLTRON
      UT   = 2001-06-01 23:15:25
      tilt =    0.000 [deg]
    Sym-H  =   -5.000 [nT]
    BSDst  ~   18.366 [nT]
           dSMRs  ~     0.12   -0.18    0.01    0.05 [nT, 12/18/00/06]
   DPSDst  ~   -4.958 [nT]
   Spent    41.0% of time waiting for Gamera
            12.1% of time processing Chimp(Helpers)
             9.4% of time processing IMAG
            13.6% of time processing Remix
            23.6% of time processing Tubes(Helpers)
             0.0% of time writing files
    Running @   81.169% of real-time (8 threads)
[0m  [35m
 RAIJU
      UT   = 2001-06-01 23:15:30
      Time =    15.500 [min]
     dtCpl =  5.00E+00 [sec]
     Max/Min dt @ k:
        Max 3.21E+01 [sec] @ 8
        Min 1.38E-01 [sec] @ 160
     Flav : max Press/Den @ L,MLT; DPS-dst
        0: P =   0.00, D =9075.91 @  1.54 Rp,12.07 MLT; DPS:   0.00
        1: P =   0.16, D =   6.56 @  9.05 Rp,11.61 MLT; DPS:  -0.77
        2: P =   3.05, D =   0.43 @  3.95 Rp,23.33 MLT; DPS:  -5.17
[0m [32m<Writing HDF5 DATA @ t =    15.417 [min] >[0m 
[32m<Writing RAIJU HDF5 DATA @ t =    15.500 [min] >[0m 
 [36m
 GAMERA
      Time =    15.500 [min]
        ts =    12128
        dt =  9.97E-02 [sec]
    dt/dt0 =   83.744%
    Spent     0.0% of time waiting for Voltron
      kZCs =   3422.21 /   1256.38 [MHD/TOT] (8 threads)
[0m       CPCP =   70.854  70.541 [kV, N/S]
 [34m
 VOLTRON
      UT   = 2001-06-01 23:15:30
      tilt =    0.000 [deg]
    Sym-H  =   -5.000 [nT]
    BSDst  ~   18.367 [nT]
           dSMRs  ~     0.14   -0.17   -0.01    0.05 [nT, 12/18/00/06]
   DPSDst  ~   -4.956 [nT]
   Spent    41.0% of time waiting for Gamera
            12.1% of time processing Chimp(Helpers)
             9.4% of time processing IMAG
            13.6% of time processing Remix
            23.6% of time processing Tubes(Helpers)
             0.0% of time writing files
    Running @   81.246% of real-time (8 threads)
[0m  [35m
 RAIJU
      UT   = 2001-06-01 23:15:35
      Time =    15.583 [min]
     dtCpl =  5.00E+00 [sec]
     Max/Min dt @ k:
        Max 3.31E+01 [sec] @ 8
        Min 1.38E-01 [sec] @ 160
     Flav : max Press/Den @ L,MLT; DPS-dst
        0: P =   0.00, D =9075.91 @  1.54 Rp,12.07 MLT; DPS:   0.00
        1: P =   0.17, D =   6.66 @  8.41 Rp,11.65 MLT; DPS:  -0.77
        2: P =   3.05, D =   0.43 @  3.95 Rp,23.33 MLT; DPS:  -5.16
[0m [32m<Writing HDF5 DATA @ t =    15.500 [min] >[0m 
[32m<Writing RAIJU HDF5 DATA @ t =    15.583 [min] >[0m 
 [36m
 GAMERA
      Time =    15.585 [min]
        ts =    12179
        dt =  9.98E-02 [sec]
    dt/dt0 =   83.828%
    Spent     0.0% of time waiting for Voltron
      kZCs =   3420.16 /   1271.22 [MHD/TOT] (8 threads)
[0m       CPCP =   70.913  70.502 [kV, N/S]
 [34m
 VOLTRON
      UT   = 2001-06-01 23:15:35
      tilt =    0.000 [deg]
    Sym-H  =   -5.000 [nT]
    BSDst  ~   18.366 [nT]
           dSMRs  ~     0.16   -0.17   -0.03    0.05 [nT, 12/18/00/06]
   DPSDst  ~   -4.956 [nT]
   Spent    41.1% of time waiting for Gamera
            12.1% of time processing Chimp(Helpers)
             9.4% of time processing IMAG
            13.6% of time processing Remix
            23.6% of time processing Tubes(Helpers)
             0.0% of time writing files
    Running @   81.327% of real-time (8 threads)
[0m  [35m
 RAIJU
      UT   = 2001-06-01 23:15:40
      Time =    15.667 [min]
     dtCpl =  5.00E+00 [sec]
     Max/Min dt @ k:
        Max 3.49E+01 [sec] @ 8
        Min 1.38E-01 [sec] @ 160
     Flav : max Press/Den @ L,MLT; DPS-dst
        0: P =   0.00, D =9075.91 @  1.54 Rp,12.07 MLT; DPS:   0.00
        1: P =   0.17, D =   6.66 @  8.45 Rp,11.72 MLT; DPS:  -0.76
        2: P =   3.05, D =   0.43 @  3.95 Rp,23.33 MLT; DPS:  -5.16
[0m [32m<Writing HDF5 DATA @ t =    15.585 [min] >[0m 
[32m<Writing RAIJU HDF5 DATA @ t =    15.667 [min] >[0m 
 [36m
 GAMERA
      Time =    15.668 [min]
        ts =    12229
        dt =  9.99E-02 [sec]
    dt/dt0 =   83.925%
    Spent     0.0% of time waiting for Voltron
      kZCs =   3423.00 /   1253.75 [MHD/TOT] (8 threads)
[0m       CPCP =   70.934  70.429 [kV, N/S]
 [34m
 VOLTRON
      UT   = 2001-06-01 23:15:40
      tilt =    0.000 [deg]
    Sym-H  =   -5.000 [nT]
    BSDst  ~   18.370 [nT]
           dSMRs  ~     0.17   -0.17   -0.05    0.05 [nT, 12/18/00/06]
   DPSDst  ~   -4.953 [nT]
   Spent    41.1% of time waiting for Gamera
            12.1% of time processing Chimp(Helpers)
             9.4% of time processing IMAG
            13.7% of time processing Remix
            23.5% of time processing Tubes(Helpers)
             0.0% of time writing files
    Running @   81.396% of real-time (8 threads)
[0m  [35m
 RAIJU
      UT   = 2001-06-01 23:15:45
      Time =    15.750 [min]
     dtCpl =  5.00E+00 [sec]
     Max/Min dt @ k:
        Max 3.64E+01 [sec] @ 7
        Min 1.38E-01 [sec] @ 160
     Flav : max Press/Den @ L,MLT; DPS-dst
        0: P =   0.00, D =9075.91 @  1.54 Rp,12.07 MLT; DPS:   0.00
        1: P =   0.17, D =   6.65 @  8.49 Rp,11.76 MLT; DPS:  -0.76
        2: P =   3.05, D =   0.43 @  3.95 Rp,23.33 MLT; DPS:  -5.16
[0m [32m<Writing HDF5 DATA @ t =    15.668 [min] >[0m 
[32m<Writing RAIJU HDF5 DATA @ t =    15.750 [min] >[0m 
 [36m
 GAMERA
      Time =    15.751 [min]
        ts =    12279
        dt =  1.00E-01 [sec]
    dt/dt0 =   84.021%
    Spent     0.0% of time waiting for Voltron
      kZCs =   3423.32 /   1259.96 [MHD/TOT] (8 threads)
[0m       CPCP =   70.948  70.520 [kV, N/S]
 [34m
 VOLTRON
      UT   = 2001-06-01 23:15:45
      tilt =    0.000 [deg]
    Sym-H  =   -5.000 [nT]
    BSDst  ~   18.371 [nT]
           dSMRs  ~     0.18   -0.17   -0.08    0.06 [nT, 12/18/00/06]
   DPSDst  ~   -4.953 [nT]
   Spent    41.1% of time waiting for Gamera
            12.1% of time processing Chimp(Helpers)
             9.4% of time processing IMAG
            13.7% of time processing Remix
            23.5% of time processing Tubes(Helpers)
             0.0% of time writing files
    Running @   81.483% of real-time (8 threads)
[0m  [35m
 RAIJU
      UT   = 2001-06-01 23:15:50
      Time =    15.833 [min]
     dtCpl =  5.00E+00 [sec]
     Max/Min dt @ k:
        Max 3.74E+01 [sec] @ 7
        Min 1.38E-01 [sec] @ 160
     Flav : max Press/Den @ L,MLT; DPS-dst
        0: P =   0.00, D =9075.91 @  1.54 Rp,12.07 MLT; DPS:   0.00
        1: P =   0.17, D =   6.65 @  8.14 Rp,11.71 MLT; DPS:  -0.76
        2: P =   3.05, D =   0.43 @  3.95 Rp,23.27 MLT; DPS:  -5.16
[0m [32m<Writing HDF5 DATA @ t =    15.751 [min] >[0m 
[32m<Writing RAIJU HDF5 DATA @ t =    15.833 [min] >[0m 
 [36m
 GAMERA
      Time =    15.835 [min]
        ts =    12329
        dt =  1.00E-01 [sec]
    dt/dt0 =   84.089%
    Spent     0.0% of time waiting for Voltron
      kZCs =   3423.95 /   1261.67 [MHD/TOT] (8 threads)
[0m       CPCP =   70.992  70.658 [kV, N/S]
 [34m
 VOLTRON
      UT   = 2001-06-01 23:15:50
      tilt =    0.000 [deg]
    Sym-H  =   -5.000 [nT]
    BSDst  ~   18.377 [nT]
           dSMRs  ~     0.20   -0.17   -0.10    0.06 [nT, 12/18/00/06]
   DPSDst  ~   -4.952 [nT]
   Spent    41.1% of time waiting for Gamera
            12.1% of time processing Chimp(Helpers)
             9.4% of time processing IMAG
            13.6% of time processing Remix
            23.5% of time processing Tubes(Helpers)
             0.0% of time writing files
    Running @   81.547% of real-time (8 threads)
[0m  [35m
 RAIJU
      UT   = 2001-06-01 23:15:55
      Time =    15.917 [min]
     dtCpl =  5.00E+00 [sec]
     Max/Min dt @ k:
        Max 3.99E+01 [sec] @ 7
        Min 1.38E-01 [sec] @ 160
     Flav : max Press/Den @ L,MLT; DPS-dst
        0: P =   0.00, D =9075.91 @  1.54 Rp,12.07 MLT; DPS:   0.00
        1: P =   0.17, D =   6.65 @  8.13 Rp,11.70 MLT; DPS:  -0.76
        2: P =   3.06, D =   0.43 @  3.95 Rp,23.27 MLT; DPS:  -5.16
[0m [32m<Writing HDF5 DATA @ t =    15.835 [min] >[0m 
[32m<Writing RAIJU HDF5 DATA @ t =    15.917 [min] >[0m 
 [36m
 GAMERA
      Time =    15.918 [min]
        ts =    12379
        dt =  1.00E-01 [sec]
    dt/dt0 =   84.132%
    Spent     0.0% of time waiting for Voltron
      kZCs =   3422.36 /   1260.93 [MHD/TOT] (8 threads)
[0m       CPCP =   71.055  70.724 [kV, N/S]
 [34m
 VOLTRON
      UT   = 2001-06-01 23:15:55
      tilt =    0.000 [deg]
    Sym-H  =   -5.000 [nT]
    BSDst  ~   18.385 [nT]
           dSMRs  ~     0.21   -0.17   -0.10    0.06 [nT, 12/18/00/06]
   DPSDst  ~   -4.949 [nT]
   Spent    41.1% of time waiting for Gamera
            12.1% of time processing Chimp(Helpers)
             9.4% of time processing IMAG
            13.6% of time processing Remix
            23.5% of time processing Tubes(Helpers)
             0.0% of time writing files
    Running @   81.610% of real-time (8 threads)
[0m  [35m
 RAIJU
      UT   = 2001-06-01 23:15:59
      Time =    16.000 [min]
     dtCpl =  5.00E+00 [sec]
     Max/Min dt @ k:
        Max 4.13E+01 [sec] @ 52
        Min 1.38E-01 [sec] @ 160
     Flav : max Press/Den @ L,MLT; DPS-dst
        0: P =   0.00, D =9075.91 @  1.54 Rp,12.07 MLT; DPS:   0.00
        1: P =   0.17, D =   6.65 @  7.85 Rp,11.69 MLT; DPS:  -0.76
        2: P =   3.06, D =   0.43 @  3.95 Rp,23.27 MLT; DPS:  -5.16
[0m [32m<Writing HDF5 DATA @ t =    15.918 [min] >[0m 
[32m<Writing RAIJU HDF5 DATA @ t =    16.000 [min] >[0m 
 [36m
 GAMERA
      Time =    16.000 [min]
        ts =    12428
        dt =  1.00E-01 [sec]
    dt/dt0 =   84.180%
    Spent     0.0% of time waiting for Voltron
      kZCs =   3424.17 /   1248.12 [MHD/TOT] (8 threads)
[0m       CPCP =   71.197  70.608 [kV, N/S]
 [34m
 VOLTRON
      UT   = 2001-06-01 23:16:00
      tilt =    0.000 [deg]
    Sym-H  =   -5.000 [nT]
    BSDst  ~   18.394 [nT]
           dSMRs  ~     0.22   -0.17   -0.11    0.07 [nT, 12/18/00/06]
   DPSDst  ~   -4.950 [nT]
   Spent    41.0% of time waiting for Gamera
            12.1% of time processing Chimp(Helpers)
             9.5% of time processing IMAG
            13.6% of time processing Remix
            23.6% of time processing Tubes(Helpers)
             0.0% of time writing files
    Running @   81.669% of real-time (8 threads)
[0m  [35m
 RAIJU
      UT   = 2001-06-01 23:16:05
      Time =    16.083 [min]
     dtCpl =  5.00E+00 [sec]
     Max/Min dt @ k:
        Max 4.08E+01 [sec] @ 7
        Min 1.38E-01 [sec] @ 160
     Flav : max Press/Den @ L,MLT; DPS-dst
        0: P =   0.00, D =9075.91 @  1.54 Rp,12.07 MLT; DPS:   0.00
        1: P =   0.17, D =   6.64 @  7.83 Rp,11.66 MLT; DPS:  -0.76
        2: P =   3.06, D =   0.43 @  3.95 Rp,23.27 MLT; DPS:  -5.16
[0m [32m<Writing HDF5 DATA @ t =    16.000 [min] >[0m 
[32m<Writing RAIJU HDF5 DATA @ t =    16.083 [min] >[0m 
 [36m
 GAMERA
      Time =    16.084 [min]
        ts =    12478
        dt =  1.00E-01 [sec]
    dt/dt0 =   84.239%
    Spent     0.0% of time waiting for Voltron
      kZCs =   3424.59 /   1262.10 [MHD/TOT] (8 threads)
[0m       CPCP =   71.151  70.557 [kV, N/S]
 [34m
 VOLTRON
      UT   = 2001-06-01 23:16:05
      tilt =    0.000 [deg]
    Sym-H  =   -5.000 [nT]
    BSDst  ~   18.394 [nT]
           dSMRs  ~     0.23   -0.17   -0.12    0.07 [nT, 12/18/00/06]
   DPSDst  ~   -4.950 [nT]
   Spent    41.0% of time waiting for Gamera
            12.1% of time processing Chimp(Helpers)
             9.5% of time processing IMAG
            13.6% of time processing Remix
            23.6% of time processing Tubes(Helpers)
             0.0% of time writing files
    Running @   81.760% of real-time (8 threads)
[0m  [35m
 RAIJU
      UT   = 2001-06-01 23:16:10
      Time =    16.167 [min]
     dtCpl =  5.00E+00 [sec]
     Max/Min dt @ k:
        Max 4.02E+01 [sec] @ 7
        Min 1.38E-01 [sec] @ 160
     Flav : max Press/Den @ L,MLT; DPS-dst
        0: P =   0.00, D =9075.91 @  1.54 Rp,12.07 MLT; DPS:   0.00
        1: P =   0.17, D =   6.63 @  7.60 Rp,11.62 MLT; DPS:  -0.75
        2: P =   3.06, D =   0.43 @  3.95 Rp,23.27 MLT; DPS:  -5.16
[0m [32m<Writing HDF5 DATA @ t =    16.084 [min] >[0m 
[32m<Writing RAIJU HDF5 DATA @ t =    16.167 [min] >[0m 
 [36m
 GAMERA
      Time =    16.167 [min]
        ts =    12528
        dt =  1.00E-01 [sec]
    dt/dt0 =   84.289%
    Spent     0.0% of time waiting for Voltron
      kZCs =   3425.54 /   1261.73 [MHD/TOT] (8 threads)
[0m       CPCP =   71.025  70.575 [kV, N/S]
 [34m
 VOLTRON
      UT   = 2001-06-01 23:16:10
      tilt =    0.000 [deg]
    Sym-H  =   -5.000 [nT]
    BSDst  ~   18.400 [nT]
           dSMRs  ~     0.24   -0.17   -0.14    0.07 [nT, 12/18/00/06]
   DPSDst  ~   -4.948 [nT]
   Spent    41.1% of time waiting for Gamera
            12.1% of time processing Chimp(Helpers)
             9.5% of time processing IMAG
            13.6% of time processing Remix
            23.5% of time processing Tubes(Helpers)
             0.0% of time writing files
    Running @   81.839% of real-time (8 threads)
[0m  [35m
 RAIJU
      UT   = 2001-06-01 23:16:15
      Time =    16.250 [min]
     dtCpl =  5.00E+00 [sec]
     Max/Min dt @ k:
        Max 4.09E+01 [sec] @ 6
        Min 1.38E-01 [sec] @ 160
     Flav : max Press/Den @ L,MLT; DPS-dst
        0: P =   0.00, D =9075.91 @  1.54 Rp,12.07 MLT; DPS:   0.00
        1: P =   0.16, D =   6.61 @  7.64 Rp,11.62 MLT; DPS:  -0.75
        2: P =   3.06, D =   0.43 @  3.95 Rp,23.27 MLT; DPS:  -5.16
[0m [32m<Writing HDF5 DATA @ t =    16.167 [min] >[0m 
[32m<Writing RAIJU HDF5 DATA @ t =    16.250 [min] >[0m 
 [36m
 GAMERA
      Time =    16.251 [min]
        ts =    12578
        dt =  1.00E-01 [sec]
    dt/dt0 =   84.337%
    Spent     0.0% of time waiting for Voltron
      kZCs =   3424.75 /   1261.82 [MHD/TOT] (8 threads)
[0m       CPCP =   71.046  70.650 [kV, N/S]
 [34m
 VOLTRON
      UT   = 2001-06-01 23:16:15
      tilt =    0.000 [deg]
    Sym-H  =   -5.000 [nT]
    BSDst  ~   18.407 [nT]
           dSMRs  ~     0.25   -0.17   -0.15    0.07 [nT, 12/18/00/06]
   DPSDst  ~   -4.945 [nT]
   Spent    41.1% of time waiting for Gamera
            12.1% of time processing Chimp(Helpers)
             9.5% of time processing IMAG
            13.6% of time processing Remix
            23.5% of time processing Tubes(Helpers)
             0.0% of time writing files
    Running @   81.926% of real-time (8 threads)
[0m  [35m
 RAIJU
      UT   = 2001-06-01 23:16:20
      Time =    16.333 [min]
     dtCpl =  5.00E+00 [sec]
     Max/Min dt @ k:
        Max 4.11E+01 [sec] @ 57
        Min 1.38E-01 [sec] @ 160
     Flav : max Press/Den @ L,MLT; DPS-dst
        0: P =   0.00, D =9075.91 @  1.54 Rp,12.07 MLT; DPS:   0.00
        1: P =   0.16, D =   6.73 @  8.34 Rp,11.27 MLT; DPS:  -0.75
        2: P =   3.06, D =   0.43 @  3.95 Rp,23.27 MLT; DPS:  -5.16
[0m [32m<Writing HDF5 DATA @ t =    16.251 [min] >[0m 
[32m<Writing RAIJU HDF5 DATA @ t =    16.333 [min] >[0m 
 [36m
 GAMERA
      Time =    16.335 [min]
        ts =    12628
        dt =  1.00E-01 [sec]
    dt/dt0 =   84.403%
    Spent     0.0% of time waiting for Voltron
      kZCs =   3426.02 /   1263.33 [MHD/TOT] (8 threads)
[0m       CPCP =   71.022  70.750 [kV, N/S]
 [34m
 VOLTRON
      UT   = 2001-06-01 23:16:20
      tilt =    0.000 [deg]
    Sym-H  =   -5.000 [nT]
    BSDst  ~   18.416 [nT]
           dSMRs  ~     0.25   -0.17   -0.16    0.07 [nT, 12/18/00/06]
   DPSDst  ~   -4.942 [nT]
   Spent    41.1% of time waiting for Gamera
            12.1% of time processing Chimp(Helpers)
             9.5% of time processing IMAG
            13.6% of time processing Remix
            23.5% of time processing Tubes(Helpers)
             0.0% of time writing files
    Running @   82.014% of real-time (8 threads)
[0m  [35m
 RAIJU
      UT   = 2001-06-01 23:16:25
      Time =    16.417 [min]
     dtCpl =  5.00E+00 [sec]
     Max/Min dt @ k:
        Max 4.10E+01 [sec] @ 57
        Min 1.38E-01 [sec] @ 160
     Flav : max Press/Den @ L,MLT; DPS-dst
        0: P =   0.00, D =9075.91 @  1.54 Rp,12.07 MLT; DPS:   0.00
        1: P =   0.16, D =   6.73 @  8.14 Rp,11.25 MLT; DPS:  -0.75
        2: P =   3.07, D =   0.43 @  3.95 Rp,23.13 MLT; DPS:  -5.16
[0m [32m<Writing HDF5 DATA @ t =    16.335 [min] >[0m 
[32m<Writing RAIJU HDF5 DATA @ t =    16.417 [min] >[0m 
 [36m
 GAMERA
      Time =    16.417 [min]
        ts =    12677
        dt =  1.01E-01 [sec]
    dt/dt0 =   84.486%
    Spent     0.0% of time waiting for Voltron
      kZCs =   3422.39 /   1247.30 [MHD/TOT] (8 threads)
[0m       CPCP =   70.886  70.832 [kV, N/S]
 [34m
 VOLTRON
      UT   = 2001-06-01 23:16:25
      tilt =    0.000 [deg]
    Sym-H  =   -5.000 [nT]
    BSDst  ~   18.429 [nT]
           dSMRs  ~     0.26   -0.17   -0.16    0.08 [nT, 12/18/00/06]
   DPSDst  ~   -4.939 [nT]
   Spent    41.0% of time waiting for Gamera
            12.1% of time processing Chimp(Helpers)
             9.5% of time processing IMAG
            13.7% of time processing Remix
            23.5% of time processing Tubes(Helpers)
             0.0% of time writing files
    Running @   82.066% of real-time (8 threads)
[0m  [35m
 RAIJU
      UT   = 2001-06-01 23:16:30
      Time =    16.500 [min]
     dtCpl =  5.00E+00 [sec]
     Max/Min dt @ k:
        Max 4.11E+01 [sec] @ 57
        Min 1.38E-01 [sec] @ 160
     Flav : max Press/Den @ L,MLT; DPS-dst
        0: P =   0.00, D =9075.91 @  1.54 Rp,12.07 MLT; DPS:   0.00
        1: P =   0.16, D =   6.67 @  5.68 Rp,11.05 MLT; DPS:  -0.75
        2: P =   3.07, D =   0.43 @  3.95 Rp,23.13 MLT; DPS:  -5.16
[0m [32m<Writing HDF5 DATA @ t =    16.417 [min] >[0m 
[32m<Writing RAIJU HDF5 DATA @ t =    16.500 [min] >[0m 
 [36m
 GAMERA
      Time =    16.501 [min]
        ts =    12727
        dt =  1.01E-01 [sec]
    dt/dt0 =   84.587%
    Spent     0.0% of time waiting for Voltron
      kZCs =   3425.23 /   1262.57 [MHD/TOT] (8 threads)
[0m       CPCP =   70.752  70.883 [kV, N/S]
 [34m
 VOLTRON
      UT   = 2001-06-01 23:16:30
      tilt =    0.000 [deg]
    Sym-H  =   -5.000 [nT]
    BSDst  ~   18.434 [nT]
           dSMRs  ~     0.26   -0.17   -0.17    0.08 [nT, 12/18/00/06]
   DPSDst  ~   -4.936 [nT]
   Spent    41.0% of time waiting for Gamera
            12.1% of time processing Chimp(Helpers)
             9.5% of time processing IMAG
            13.7% of time processing Remix
            23.5% of time processing Tubes(Helpers)
             0.0% of time writing files
    Running @   82.123% of real-time (8 threads)
[0m  [35m
 RAIJU
      UT   = 2001-06-01 23:16:35
      Time =    16.583 [min]
     dtCpl =  5.00E+00 [sec]
     Max/Min dt @ k:
        Max 4.11E+01 [sec] @ 57
        Min 1.38E-01 [sec] @ 160
     Flav : max Press/Den @ L,MLT; DPS-dst
        0: P =   0.00, D =9075.91 @  1.54 Rp,12.07 MLT; DPS:   0.00
        1: P =   0.17, D =   6.66 @  5.66 Rp,11.12 MLT; DPS:  -0.74
        2: P =   3.07, D =   0.43 @  3.95 Rp,23.07 MLT; DPS:  -5.16
[0m [32m<Writing HDF5 DATA @ t =    16.501 [min] >[0m 
[32m<Writing RAIJU HDF5 DATA @ t =    16.583 [min] >[0m 
 [36m
 GAMERA
      Time =    16.585 [min]
        ts =    12777
        dt =  1.01E-01 [sec]
    dt/dt0 =   84.684%
    Spent     0.0% of time waiting for Voltron
      kZCs =   3422.68 /   1264.07 [MHD/TOT] (8 threads)
[0m       CPCP =   70.629  70.864 [kV, N/S]
 [34m
 VOLTRON
      UT   = 2001-06-01 23:16:35
      tilt =    0.000 [deg]
    Sym-H  =   -5.000 [nT]
    BSDst  ~   18.431 [nT]
           dSMRs  ~     0.26   -0.17   -0.18    0.08 [nT, 12/18/00/06]
   DPSDst  ~   -4.935 [nT]
   Spent    41.1% of time waiting for Gamera
            12.1% of time processing Chimp(Helpers)
             9.5% of time processing IMAG
            13.7% of time processing Remix
            23.5% of time processing Tubes(Helpers)
             0.0% of time writing files
    Running @   82.215% of real-time (8 threads)
[0m  [35m
 RAIJU
      UT   = 2001-06-01 23:16:40
      Time =    16.667 [min]
     dtCpl =  5.00E+00 [sec]
     Max/Min dt @ k:
        Max 4.10E+01 [sec] @ 57
        Min 1.38E-01 [sec] @ 160
     Flav : max Press/Den @ L,MLT; DPS-dst
        0: P =   0.00, D =9075.91 @  1.54 Rp,12.07 MLT; DPS:   0.00
        1: P =   0.17, D =   6.65 @  5.73 Rp,11.22 MLT; DPS:  -0.74
        2: P =   3.07, D =   0.43 @  3.95 Rp,23.07 MLT; DPS:  -5.16
[0m [32m<Writing HDF5 DATA @ t =    16.585 [min] >[0m 
[32m<Writing RAIJU HDF5 DATA @ t =    16.667 [min] >[0m 
 [36m
 GAMERA
      Time =    16.667 [min]
        ts =    12826
        dt =  1.01E-01 [sec]
    dt/dt0 =   84.735%
    Spent     0.0% of time waiting for Voltron
      kZCs =   3424.82 /   1250.02 [MHD/TOT] (8 threads)
[0m       CPCP =   70.513  70.763 [kV, N/S]
 [34m
 VOLTRON
      UT   = 2001-06-01 23:16:40
      tilt =    0.000 [deg]
    Sym-H  =   -5.000 [nT]
    BSDst  ~   18.418 [nT]
           dSMRs  ~     0.26   -0.17   -0.18    0.08 [nT, 12/18/00/06]
   DPSDst  ~   -4.932 [nT]
   Spent    41.0% of time waiting for Gamera
            12.1% of time processing Chimp(Helpers)
             9.5% of time processing IMAG
            13.7% of time processing Remix
            23.5% of time processing Tubes(Helpers)
             0.0% of time writing files
    Running @   82.250% of real-time (8 threads)
[0m  [35m
 RAIJU
      UT   = 2001-06-01 23:16:45
      Time =    16.750 [min]
     dtCpl =  5.00E+00 [sec]
     Max/Min dt @ k:
        Max 4.10E+01 [sec] @ 57
        Min 1.38E-01 [sec] @ 160
     Flav : max Press/Den @ L,MLT; DPS-dst
        0: P =   0.00, D =9075.91 @  1.54 Rp,12.07 MLT; DPS:   0.00
        1: P =   0.17, D =   6.64 @  5.70 Rp,11.33 MLT; DPS:  -0.74
        2: P =   3.07, D =   0.43 @  3.95 Rp,23.07 MLT; DPS:  -5.16
[0m [32m<Writing HDF5 DATA @ t =    16.667 [min] >[0m 
[32m<Writing RAIJU HDF5 DATA @ t =    16.750 [min] >[0m 
 [36m
 GAMERA
      Time =    16.751 [min]
        ts =    12876
        dt =  1.01E-01 [sec]
    dt/dt0 =   84.783%
    Spent     0.0% of time waiting for Voltron
      kZCs =   3423.48 /   1264.52 [MHD/TOT] (8 threads)
[0m       CPCP =   70.446  70.711 [kV, N/S]
 [34m
 VOLTRON
      UT   = 2001-06-01 23:16:45
      tilt =    0.000 [deg]
    Sym-H  =   -5.000 [nT]
    BSDst  ~   18.395 [nT]
           dSMRs  ~     0.27   -0.17   -0.19    0.09 [nT, 12/18/00/06]
   DPSDst  ~   -4.913 [nT]
   Spent    41.1% of time waiting for Gamera
            12.1% of time processing Chimp(Helpers)
             9.5% of time processing IMAG
            13.7% of time processing Remix
            23.5% of time processing Tubes(Helpers)
             0.0% of time writing files
    Running @   82.325% of real-time (8 threads)
[0m  [35m
 RAIJU
      UT   = 2001-06-01 23:16:50
      Time =    16.833 [min]
     dtCpl =  5.00E+00 [sec]
     Max/Min dt @ k:
        Max 4.09E+01 [sec] @ 57
        Min 1.38E-01 [sec] @ 160
     Flav : max Press/Den @ L,MLT; DPS-dst
        0: P =   0.00, D =9075.91 @  1.54 Rp,12.07 MLT; DPS:   0.00
        1: P =   0.14, D =   6.55 @  7.97 Rp,13.40 MLT; DPS:  -0.73
        2: P =   3.07, D =   0.43 @  3.95 Rp,23.13 MLT; DPS:  -5.15
[0m [32m<Writing HDF5 DATA @ t =    16.751 [min] >[0m 
[32m<Writing RAIJU HDF5 DATA @ t =    16.833 [min] >[0m 
 [36m
 GAMERA
      Time =    16.833 [min]
        ts =    12925
        dt =  1.01E-01 [sec]
    dt/dt0 =   84.826%
    Spent     0.0% of time waiting for Voltron
      kZCs =   3424.66 /   1250.17 [MHD/TOT] (8 threads)
[0m       CPCP =   70.478  70.735 [kV, N/S]
 [34m
 VOLTRON
      UT   = 2001-06-01 23:16:50
      tilt =    0.000 [deg]
    Sym-H  =   -5.000 [nT]
    BSDst  ~   18.372 [nT]
           dSMRs  ~     0.28   -0.17   -0.20    0.09 [nT, 12/18/00/06]
   DPSDst  ~   -4.910 [nT]
   Spent    41.0% of time waiting for Gamera
            12.1% of time processing Chimp(Helpers)
             9.5% of time processing IMAG
            13.7% of time processing Remix
            23.5% of time processing Tubes(Helpers)
             0.0% of time writing files
    Running @   82.385% of real-time (8 threads)
[0m  [35m
 RAIJU
      UT   = 2001-06-01 23:16:55
      Time =    16.917 [min]
     dtCpl =  5.00E+00 [sec]
     Max/Min dt @ k:
        Max 4.09E+01 [sec] @ 57
        Min 1.38E-01 [sec] @ 160
     Flav : max Press/Den @ L,MLT; DPS-dst
        0: P =   0.00, D =9075.91 @  1.54 Rp,12.07 MLT; DPS:   0.00
        1: P =   0.14, D =   6.54 @  7.97 Rp,13.40 MLT; DPS:  -0.73
        2: P =   3.07, D =   0.43 @  3.95 Rp,23.27 MLT; DPS:  -5.15
[0m [32m<Writing HDF5 DATA @ t =    16.833 [min] >[0m 
[32m<Writing RAIJU HDF5 DATA @ t =    16.917 [min] >[0m 
 [36m
 GAMERA
      Time =    16.918 [min]
        ts =    12975
        dt =  1.01E-01 [sec]
    dt/dt0 =   84.871%
    Spent     0.0% of time waiting for Voltron
      kZCs =   3422.36 /   1267.09 [MHD/TOT] (8 threads)
[0m       CPCP =   70.451  70.769 [kV, N/S]
 [34m
 VOLTRON
      UT   = 2001-06-01 23:16:55
      tilt =    0.000 [deg]
    Sym-H  =   -5.000 [nT]
    BSDst  ~   18.347 [nT]
           dSMRs  ~     0.28   -0.17   -0.21    0.09 [nT, 12/18/00/06]
   DPSDst  ~   -4.906 [nT]
   Spent    41.1% of time waiting for Gamera
            12.1% of time processing Chimp(Helpers)
             9.5% of time processing IMAG
            13.7% of time processing Remix
            23.4% of time processing Tubes(Helpers)
             0.0% of time writing files
    Running @   82.453% of real-time (8 threads)
[0m  [35m
 RAIJU
      UT   = 2001-06-01 23:16:59
      Time =    17.000 [min]
     dtCpl =  5.00E+00 [sec]
     Max/Min dt @ k:
        Max 4.08E+01 [sec] @ 57
        Min 1.38E-01 [sec] @ 160
     Flav : max Press/Den @ L,MLT; DPS-dst
        0: P =   0.00, D =9075.91 @  1.54 Rp,12.07 MLT; DPS:   0.00
        1: P =   0.14, D =   6.53 @  7.97 Rp,13.40 MLT; DPS:  -0.72
        2: P =   3.07, D =   0.43 @  3.95 Rp,23.33 MLT; DPS:  -5.14
[0m [32m<Writing HDF5 DATA @ t =    16.918 [min] >[0m 
[32m<Writing RAIJU HDF5 DATA @ t =    17.000 [min] >[0m 
 [36m
 GAMERA
      Time =    17.000 [min]
        ts =    13024
        dt =  1.01E-01 [sec]
    dt/dt0 =   84.910%
    Spent     0.0% of time waiting for Voltron
      kZCs =   3422.71 /   1253.01 [MHD/TOT] (8 threads)
[0m       CPCP =   70.462  70.762 [kV, N/S]
 [34m
 VOLTRON
      UT   = 2001-06-01 23:17:00
      tilt =    0.000 [deg]
    Sym-H  =   -5.000 [nT]
    BSDst  ~   18.323 [nT]
           dSMRs  ~     0.29   -0.17   -0.21    0.10 [nT, 12/18/00/06]
   DPSDst  ~   -4.904 [nT]
   Spent    41.0% of time waiting for Gamera
            12.1% of time processing Chimp(Helpers)
             9.5% of time processing IMAG
            13.7% of time processing Remix
            23.4% of time processing Tubes(Helpers)
             0.0% of time writing files
    Running @   82.519% of real-time (8 threads)
[0m  [35m
 RAIJU
      UT   = 2001-06-01 23:17:05
      Time =    17.083 [min]
     dtCpl =  5.00E+00 [sec]
     Max/Min dt @ k:
        Max 4.07E+01 [sec] @ 57
        Min 1.38E-01 [sec] @ 160
     Flav : max Press/Den @ L,MLT; DPS-dst
        0: P =   0.00, D =9075.91 @  1.54 Rp,12.07 MLT; DPS:   0.00
        1: P =   0.14, D =   3.21 @ 10.98 Rp,24.00 MLT; DPS:  -0.72
        2: P =   3.07, D =   0.43 @  3.95 Rp,23.33 MLT; DPS:  -5.14
[0m [32m<Writing HDF5 DATA @ t =    17.000 [min] >[0m 
[32m<Writing RAIJU HDF5 DATA @ t =    17.083 [min] >[0m 
 [36m
 GAMERA
      Time =    17.084 [min]
        ts =    13074
        dt =  1.01E-01 [sec]
    dt/dt0 =   84.945%
    Spent     0.0% of time waiting for Voltron
      kZCs =   3422.68 /   1266.67 [MHD/TOT] (8 threads)
[0m       CPCP =   70.499  70.759 [kV, N/S]
 [34m
 VOLTRON
      UT   = 2001-06-01 23:17:05
      tilt =    0.000 [deg]
    Sym-H  =   -5.000 [nT]
    BSDst  ~   18.302 [nT]
           dSMRs  ~     0.30   -0.17   -0.22    0.10 [nT, 12/18/00/06]
   DPSDst  ~   -4.902 [nT]
   Spent    41.1% of time waiting for Gamera
            12.1% of time processing Chimp(Helpers)
             9.5% of time processing IMAG
            13.7% of time processing Remix
            23.4% of time processing Tubes(Helpers)
             0.0% of time writing files
    Running @   82.615% of real-time (8 threads)
[0m  [35m
 RAIJU
      UT   = 2001-06-01 23:17:10
      Time =    17.167 [min]
     dtCpl =  5.00E+00 [sec]
     Max/Min dt @ k:
        Max 4.07E+01 [sec] @ 57
        Min 1.38E-01 [sec] @ 160
     Flav : max Press/Den @ L,MLT; DPS-dst
        0: P =   0.00, D =9075.91 @  1.54 Rp,12.07 MLT; DPS:   0.00
        1: P =   0.14, D =   3.21 @ 11.00 Rp, 0.00 MLT; DPS:  -0.72
        2: P =   3.07, D =   0.43 @  3.95 Rp,23.33 MLT; DPS:  -5.14
[0m [32m<Writing HDF5 DATA @ t =    17.084 [min] >[0m 
[32m<Writing RAIJU HDF5 DATA @ t =    17.167 [min] >[0m 
 [36m
 GAMERA
      Time =    17.167 [min]
        ts =    13123
        dt =  1.01E-01 [sec]
    dt/dt0 =   84.974%
    Spent     0.0% of time waiting for Voltron
      kZCs =   3423.68 /   1248.40 [MHD/TOT] (8 threads)
[0m       CPCP =   70.547  70.781 [kV, N/S]
 [34m
 VOLTRON
      UT   = 2001-06-01 23:17:10
      tilt =    0.000 [deg]
    Sym-H  =   -5.000 [nT]
    BSDst  ~   18.284 [nT]
           dSMRs  ~     0.30   -0.17   -0.23    0.10 [nT, 12/18/00/06]
   DPSDst  ~   -4.903 [nT]
   Spent    41.0% of time waiting for Gamera
            12.1% of time processing Chimp(Helpers)
             9.5% of time processing IMAG
            13.7% of time processing Remix
            23.4% of time processing Tubes(Helpers)
             0.0% of time writing files
    Running @   82.668% of real-time (8 threads)
[0m  [35m
 RAIJU
      UT   = 2001-06-01 23:17:15
      Time =    17.250 [min]
     dtCpl =  5.00E+00 [sec]
     Max/Min dt @ k:
        Max 4.06E+01 [sec] @ 57
        Min 1.38E-01 [sec] @ 160
     Flav : max Press/Den @ L,MLT; DPS-dst
        0: P =   0.00, D =9075.91 @  1.54 Rp,12.07 MLT; DPS:   0.00
        1: P =   0.14, D =   3.22 @ 11.03 Rp, 0.01 MLT; DPS:  -0.72
        2: P =   3.07, D =   0.43 @  3.95 Rp,23.33 MLT; DPS:  -5.14
[0m [32m<Writing HDF5 DATA @ t =    17.167 [min] >[0m 
[32m<Writing RAIJU HDF5 DATA @ t =    17.250 [min] >[0m 
 [36m
 GAMERA
      Time =    17.251 [min]
        ts =    13173
        dt =  1.01E-01 [sec]
    dt/dt0 =   85.003%
    Spent     0.0% of time waiting for Voltron
      kZCs =   3423.16 /   1267.63 [MHD/TOT] (8 threads)
[0m       CPCP =   70.636  70.837 [kV, N/S]
 [34m
 VOLTRON
      UT   = 2001-06-01 23:17:15
      tilt =    0.000 [deg]
    Sym-H  =   -5.000 [nT]
    BSDst  ~   18.268 [nT]
           dSMRs  ~     0.31   -0.17   -0.24    0.11 [nT, 12/18/00/06]
   DPSDst  ~   -4.889 [nT]
   Spent    41.1% of time waiting for Gamera
            12.0% of time processing Chimp(Helpers)
             9.5% of time processing IMAG
            13.7% of time processing Remix
            23.4% of time processing Tubes(Helpers)
             0.0% of time writing files
    Running @   82.763% of real-time (8 threads)
[0m  [35m
 RAIJU
      UT   = 2001-06-01 23:17:20
      Time =    17.333 [min]
     dtCpl =  5.00E+00 [sec]
     Max/Min dt @ k:
        Max 4.04E+01 [sec] @ 57
        Min 1.38E-01 [sec] @ 160
     Flav : max Press/Den @ L,MLT; DPS-dst
        0: P =   0.00, D =9075.91 @  1.54 Rp,12.07 MLT; DPS:   0.00
        1: P =   0.14, D =   3.22 @ 11.05 Rp, 0.01 MLT; DPS:  -0.71
        2: P =   3.08, D =   0.43 @  3.95 Rp,23.33 MLT; DPS:  -5.14
[0m [32m<Writing HDF5 DATA @ t =    17.251 [min] >[0m 
[32m<Writing RAIJU HDF5 DATA @ t =    17.333 [min] >[0m 
 [36m
 GAMERA
      Time =    17.334 [min]
        ts =    13222
        dt =  1.01E-01 [sec]
    dt/dt0 =   85.039%
    Spent     0.0% of time waiting for Voltron
      kZCs =   3424.66 /   1254.07 [MHD/TOT] (8 threads)
[0m       CPCP =   70.740  70.920 [kV, N/S]
 [34m
 VOLTRON
      UT   = 2001-06-01 23:17:20
      tilt =    0.000 [deg]
    Sym-H  =   -5.000 [nT]
    BSDst  ~   18.255 [nT]
           dSMRs  ~     0.31   -0.17   -0.25    0.11 [nT, 12/18/00/06]
   DPSDst  ~   -4.885 [nT]
   Spent    41.0% of time waiting for Gamera
            12.1% of time processing Chimp(Helpers)
             9.5% of time processing IMAG
            13.7% of time processing Remix
            23.4% of time processing Tubes(Helpers)
             0.0% of time writing files
    Running @   82.826% of real-time (8 threads)
[0m  [35m
 RAIJU
      UT   = 2001-06-01 23:17:25
      Time =    17.417 [min]
     dtCpl =  5.00E+00 [sec]
     Max/Min dt @ k:
        Max 4.01E+01 [sec] @ 57
        Min 1.38E-01 [sec] @ 160
     Flav : max Press/Den @ L,MLT; DPS-dst
        0: P =   0.00, D =9075.91 @  1.54 Rp,12.07 MLT; DPS:   0.00
        1: P =   0.14, D =   3.23 @ 11.07 Rp, 0.02 MLT; DPS:  -0.71
        2: P =   3.08, D =   0.43 @  3.95 Rp,23.33 MLT; DPS:  -5.13
[0m [32m<Writing HDF5 DATA @ t =    17.334 [min] >[0m 
[32m<Writing RAIJU HDF5 DATA @ t =    17.417 [min] >[0m 
 [36m
 GAMERA
      Time =    17.417 [min]
        ts =    13271
        dt =  1.01E-01 [sec]
    dt/dt0 =   85.069%
    Spent     0.0% of time waiting for Voltron
      kZCs =   3426.12 /   1255.51 [MHD/TOT] (8 threads)
[0m       CPCP =   70.858  70.978 [kV, N/S]
 [34m
 VOLTRON
      UT   = 2001-06-01 23:17:25
      tilt =    0.000 [deg]
    Sym-H  =   -5.000 [nT]
    BSDst  ~   18.246 [nT]
           dSMRs  ~     0.32   -0.17   -0.26    0.12 [nT, 12/18/00/06]
   DPSDst  ~   -4.879 [nT]
   Spent    41.0% of time waiting for Gamera
            12.1% of time processing Chimp(Helpers)
             9.6% of time processing IMAG
            13.7% of time processing Remix
            23.4% of time processing Tubes(Helpers)
             0.0% of time writing files
    Running @   82.890% of real-time (8 threads)
[0m  [35m
 RAIJU
      UT   = 2001-06-01 23:17:30
      Time =    17.500 [min]
     dtCpl =  5.00E+00 [sec]
     Max/Min dt @ k:
        Max 3.98E+01 [sec] @ 57
        Min 1.38E-01 [sec] @ 160
     Flav : max Press/Den @ L,MLT; DPS-dst
        0: P =   0.00, D =9075.91 @  1.54 Rp,12.07 MLT; DPS:   0.00
        1: P =   0.14, D =   3.23 @ 11.09 Rp, 0.02 MLT; DPS:  -0.71
        2: P =   3.08, D =   0.43 @  3.95 Rp,23.27 MLT; DPS:  -5.13
[0m [32m<Writing HDF5 DATA @ t =    17.417 [min] >[0m 
[32m<Writing RAIJU HDF5 DATA @ t =    17.500 [min] >[0m 
 [36m
 GAMERA
      Time =    17.501 [min]
        ts =    13321
        dt =  1.01E-01 [sec]
    dt/dt0 =   85.097%
    Spent     0.0% of time waiting for Voltron
      kZCs =   3425.07 /   1271.41 [MHD/TOT] (8 threads)
[0m       CPCP =   70.990  70.991 [kV, N/S]
 [34m
 VOLTRON
      UT   = 2001-06-01 23:17:30
      tilt =    0.000 [deg]
    Sym-H  =   -5.000 [nT]
    BSDst  ~   18.238 [nT]
           dSMRs  ~     0.32   -0.17   -0.27    0.12 [nT, 12/18/00/06]
   DPSDst  ~   -4.877 [nT]
   Spent    41.1% of time waiting for Gamera
            12.0% of time processing Chimp(Helpers)
             9.5% of time processing IMAG
            13.7% of time processing Remix
            23.4% of time processing Tubes(Helpers)
             0.0% of time writing files
    Running @   82.989% of real-time (8 threads)
[0m  [35m
 RAIJU
      UT   = 2001-06-01 23:17:35
      Time =    17.583 [min]
     dtCpl =  5.00E+00 [sec]
     Max/Min dt @ k:
        Max 3.95E+01 [sec] @ 57
        Min 1.38E-01 [sec] @ 160
     Flav : max Press/Den @ L,MLT; DPS-dst
        0: P =   0.00, D =9075.91 @  1.54 Rp,12.07 MLT; DPS:   0.00
        1: P =   0.14, D =   3.23 @ 11.10 Rp, 0.02 MLT; DPS:  -0.71
        2: P =   3.08, D =   0.43 @  3.95 Rp,23.27 MLT; DPS:  -5.13
[0m [32m<Writing HDF5 DATA @ t =    17.501 [min] >[0m 
[32m<Writing RAIJU HDF5 DATA @ t =    17.583 [min] >[0m 
 [36m
 GAMERA
      Time =    17.584 [min]
        ts =    13370
        dt =  1.01E-01 [sec]
    dt/dt0 =   85.125%
    Spent     0.0% of time waiting for Voltron
      kZCs =   3423.52 /   1255.80 [MHD/TOT] (8 threads)
[0m       CPCP =   71.139  70.942 [kV, N/S]
 [34m
 VOLTRON
      UT   = 2001-06-01 23:17:35
      tilt =    0.000 [deg]
    Sym-H  =   -5.000 [nT]
    BSDst  ~   18.229 [nT]
           dSMRs  ~     0.32   -0.17   -0.28    0.13 [nT, 12/18/00/06]
   DPSDst  ~   -4.880 [nT]
   Spent    41.1% of time waiting for Gamera
            12.1% of time processing Chimp(Helpers)
             9.6% of time processing IMAG
            13.7% of time processing Remix
            23.4% of time processing Tubes(Helpers)
             0.0% of time writing files
    Running @   83.049% of real-time (8 threads)
[0m  [35m
 RAIJU
      UT   = 2001-06-01 23:17:40
      Time =    17.667 [min]
     dtCpl =  5.00E+00 [sec]
     Max/Min dt @ k:
        Max 3.92E+01 [sec] @ 57
        Min 1.38E-01 [sec] @ 160
     Flav : max Press/Den @ L,MLT; DPS-dst
        0: P =   0.00, D =9075.91 @  1.54 Rp,12.07 MLT; DPS:   0.00
        1: P =   0.15, D =   5.87 @  6.75 Rp,11.43 MLT; DPS:  -0.71
        2: P =   3.08, D =   0.43 @  3.95 Rp,23.27 MLT; DPS:  -5.13
[0m [32m<Writing HDF5 DATA @ t =    17.584 [min] >[0m 
[32m<Writing RAIJU HDF5 DATA @ t =    17.667 [min] >[0m 
 [36m
 GAMERA
      Time =    17.667 [min]
        ts =    13419
        dt =  1.01E-01 [sec]
    dt/dt0 =   85.148%
    Spent     0.0% of time waiting for Voltron
      kZCs =   3422.23 /   1255.82 [MHD/TOT] (8 threads)
[0m       CPCP =   71.262  70.887 [kV, N/S]
 [34m
 VOLTRON
      UT   = 2001-06-01 23:17:40
      tilt =    0.000 [deg]
    Sym-H  =   -5.000 [nT]
    BSDst  ~   18.213 [nT]
           dSMRs  ~     0.33   -0.17   -0.28    0.13 [nT, 12/18/00/06]
   DPSDst  ~   -4.876 [nT]
   Spent    41.0% of time waiting for Gamera
            12.1% of time processing Chimp(Helpers)
             9.6% of time processing IMAG
            13.7% of time processing Remix
            23.4% of time processing Tubes(Helpers)
             0.0% of time writing files
    Running @   83.107% of real-time (8 threads)
[0m  [35m
 RAIJU
      UT   = 2001-06-01 23:17:45
      Time =    17.750 [min]
     dtCpl =  5.00E+00 [sec]
     Max/Min dt @ k:
        Max 3.91E+01 [sec] @ 57
        Min 1.38E-01 [sec] @ 160
     Flav : max Press/Den @ L,MLT; DPS-dst
        0: P =   0.00, D =9075.91 @  1.54 Rp,12.07 MLT; DPS:   0.00
        1: P =   0.15, D =   5.79 @  6.86 Rp,11.44 MLT; DPS:  -0.70
        2: P =   3.08, D =   0.43 @  3.95 Rp,23.27 MLT; DPS:  -5.13
[0m [32m<Writing HDF5 DATA @ t =    17.667 [min] >[0m 
[32m<Writing RAIJU HDF5 DATA @ t =    17.750 [min] >[0m 
 [36m
 GAMERA
      Time =    17.751 [min]
        ts =    13469
        dt =  1.01E-01 [sec]
    dt/dt0 =   85.170%
    Spent     0.0% of time waiting for Voltron
      kZCs =   3425.54 /   1272.16 [MHD/TOT] (8 threads)
[0m       CPCP =   71.351  70.846 [kV, N/S]
 [34m
 VOLTRON
      UT   = 2001-06-01 23:17:45
      tilt =    0.000 [deg]
    Sym-H  =   -5.000 [nT]
    BSDst  ~   18.187 [nT]
           dSMRs  ~     0.33   -0.17   -0.29    0.13 [nT, 12/18/00/06]
   DPSDst  ~   -4.875 [nT]
   Spent    41.1% of time waiting for Gamera
            12.0% of time processing Chimp(Helpers)
             9.6% of time processing IMAG
            13.7% of time processing Remix
            23.4% of time processing Tubes(Helpers)
             0.0% of time writing files
    Running @   83.201% of real-time (8 threads)
[0m  [35m
 RAIJU
      UT   = 2001-06-01 23:17:50
      Time =    17.833 [min]
     dtCpl =  5.00E+00 [sec]
     Max/Min dt @ k:
        Max 3.89E+01 [sec] @ 57
        Min 1.38E-01 [sec] @ 160
     Flav : max Press/Den @ L,MLT; DPS-dst
        0: P =   0.00, D =9075.91 @  1.54 Rp,12.07 MLT; DPS:   0.00
        1: P =   0.15, D =   5.73 @  6.88 Rp,11.43 MLT; DPS:  -0.70
        2: P =   3.08, D =   0.43 @  3.95 Rp,23.13 MLT; DPS:  -5.13
[0m [32m<Writing HDF5 DATA @ t =    17.751 [min] >[0m 
[32m<Writing RAIJU HDF5 DATA @ t =    17.833 [min] >[0m 
 [36m
 GAMERA
      Time =    17.834 [min]
        ts =    13518
        dt =  1.01E-01 [sec]
    dt/dt0 =   85.189%
    Spent     0.0% of time waiting for Voltron
      kZCs =   3422.06 /   1256.91 [MHD/TOT] (8 threads)
[0m       CPCP =   71.409  70.810 [kV, N/S]
 [34m
 VOLTRON
      UT   = 2001-06-01 23:17:50
      tilt =    0.000 [deg]
    Sym-H  =   -5.000 [nT]
    BSDst  ~   18.159 [nT]
           dSMRs  ~     0.34   -0.17   -0.30    0.13 [nT, 12/18/00/06]
   DPSDst  ~   -4.873 [nT]
   Spent    41.1% of time waiting for Gamera
            12.1% of time processing Chimp(Helpers)
             9.6% of time processing IMAG
            13.7% of time processing Remix
            23.4% of time processing Tubes(Helpers)
             0.0% of time writing files
    Running @   83.260% of real-time (8 threads)
[0m  [35m
 RAIJU
      UT   = 2001-06-01 23:17:55
      Time =    17.917 [min]
     dtCpl =  5.00E+00 [sec]
     Max/Min dt @ k:
        Max 3.87E+01 [sec] @ 57
        Min 1.38E-01 [sec] @ 160
     Flav : max Press/Den @ L,MLT; DPS-dst
        0: P =   0.00, D =9075.91 @  1.54 Rp,12.07 MLT; DPS:   0.00
        1: P =   0.15, D =   3.24 @ 11.16 Rp, 0.04 MLT; DPS:  -0.70
        2: P =   3.08, D =   0.43 @  3.95 Rp,23.13 MLT; DPS:  -5.13
[0m [32m<Writing HDF5 DATA @ t =    17.834 [min] >[0m 
[32m<Writing RAIJU HDF5 DATA @ t =    17.917 [min] >[0m 
 [36m
 GAMERA
      Time =    17.917 [min]
        ts =    13567
        dt =  1.01E-01 [sec]
    dt/dt0 =   85.207%
    Spent     0.0% of time waiting for Voltron
      kZCs =   3421.74 /   1258.84 [MHD/TOT] (8 threads)
[0m       CPCP =   71.445  70.783 [kV, N/S]
 [34m
 VOLTRON
      UT   = 2001-06-01 23:17:55
      tilt =    0.000 [deg]
    Sym-H  =   -5.000 [nT]
    BSDst  ~   18.137 [nT]
           dSMRs  ~     0.35   -0.17   -0.31    0.14 [nT, 12/18/00/06]
   DPSDst  ~   -4.870 [nT]
   Spent    41.1% of time waiting for Gamera
            12.1% of time processing Chimp(Helpers)
             9.6% of time processing IMAG
            13.7% of time processing Remix
            23.4% of time processing Tubes(Helpers)
             0.0% of time writing files
    Running @   83.323% of real-time (8 threads)
[0m  [35m
 RAIJU
      UT   = 2001-06-01 23:17:59
      Time =    18.000 [min]
     dtCpl =  5.00E+00 [sec]
     Max/Min dt @ k:
        Max 3.85E+01 [sec] @ 57
        Min 1.38E-01 [sec] @ 160
     Flav : max Press/Den @ L,MLT; DPS-dst
        0: P =   0.00, D =9075.91 @  1.54 Rp,12.07 MLT; DPS:   0.00
        1: P =   0.15, D =   3.24 @ 11.17 Rp, 0.04 MLT; DPS:  -0.70
        2: P =   3.08, D =   0.43 @  3.95 Rp,23.13 MLT; DPS:  -5.13
[0m [32m<Writing HDF5 DATA @ t =    17.917 [min] >[0m 
[32m<Writing RAIJU HDF5 DATA @ t =    18.000 [min] >[0m 
 [36m
 GAMERA
      Time =    18.001 [min]
        ts =    13617
        dt =  1.01E-01 [sec]
    dt/dt0 =   85.222%
    Spent     0.0% of time waiting for Voltron
      kZCs =   3423.16 /   1273.52 [MHD/TOT] (8 threads)
[0m       CPCP =   71.484  70.733 [kV, N/S]
 [34m
 VOLTRON
      UT   = 2001-06-01 23:18:00
      tilt =    0.000 [deg]
    Sym-H  =   -5.000 [nT]
    BSDst  ~   18.114 [nT]
           dSMRs  ~     0.36   -0.17   -0.32    0.14 [nT, 12/18/00/06]
   DPSDst  ~   -4.860 [nT]
   Spent    41.2% of time waiting for Gamera
            12.1% of time processing Chimp(Helpers)
             9.6% of time processing IMAG
            13.7% of time processing Remix
            23.3% of time processing Tubes(Helpers)
             0.0% of time writing files
    Running @   83.417% of real-time (8 threads)
[0m  [35m
 RAIJU
      UT   = 2001-06-01 23:18:05
      Time =    18.083 [min]
     dtCpl =  5.00E+00 [sec]
     Max/Min dt @ k:
        Max 3.84E+01 [sec] @ 57
        Min 1.38E-01 [sec] @ 160
     Flav : max Press/Den @ L,MLT; DPS-dst
        0: P =   0.00, D =9075.91 @  1.54 Rp,12.07 MLT; DPS:   0.00
        1: P =   0.15, D =   3.24 @ 11.19 Rp, 0.04 MLT; DPS:  -0.69
        2: P =   3.08, D =   0.43 @  3.95 Rp,23.07 MLT; DPS:  -5.12
[0m [32m<Writing HDF5 DATA @ t =    18.001 [min] >[0m 
[32m<Writing RAIJU HDF5 DATA @ t =    18.083 [min] >[0m 
 [36m
 GAMERA
      Time =    18.084 [min]
        ts =    13666
        dt =  1.01E-01 [sec]
    dt/dt0 =   85.234%
    Spent     0.0% of time waiting for Voltron
      kZCs =   3423.36 /   1260.00 [MHD/TOT] (8 threads)
[0m       CPCP =   71.550  70.676 [kV, N/S]
 [34m
 VOLTRON
      UT   = 2001-06-01 23:18:05
      tilt =    0.000 [deg]
    Sym-H  =   -5.000 [nT]
    BSDst  ~   18.093 [nT]
           dSMRs  ~     0.37   -0.17   -0.34    0.14 [nT, 12/18/00/06]
   DPSDst  ~   -4.857 [nT]
   Spent    41.1% of time waiting for Gamera
            12.1% of time processing Chimp(Helpers)
             9.6% of time processing IMAG
            13.7% of time processing Remix
            23.3% of time processing Tubes(Helpers)
             0.0% of time writing files
    Running @   83.476% of real-time (8 threads)
[0m  [35m
 RAIJU
      UT   = 2001-06-01 23:18:10
      Time =    18.167 [min]
     dtCpl =  5.00E+00 [sec]
     Max/Min dt @ k:
        Max 3.83E+01 [sec] @ 57
        Min 1.38E-01 [sec] @ 160
     Flav : max Press/Den @ L,MLT; DPS-dst
        0: P =   0.00, D =9075.91 @  1.54 Rp,12.07 MLT; DPS:   0.00
        1: P =   0.15, D =   3.24 @ 11.20 Rp, 0.05 MLT; DPS:  -0.69
        2: P =   3.08, D =   0.43 @  3.95 Rp,23.07 MLT; DPS:  -5.12
[0m [32m<Writing HDF5 DATA @ t =    18.084 [min] >[0m 
[32m<Writing RAIJU HDF5 DATA @ t =    18.167 [min] >[0m 
 [36m
 GAMERA
      Time =    18.167 [min]
        ts =    13715
        dt =  1.01E-01 [sec]
    dt/dt0 =   85.243%
    Spent     0.0% of time waiting for Voltron
      kZCs =   3423.52 /   1258.73 [MHD/TOT] (8 threads)
[0m       CPCP =   71.584  70.641 [kV, N/S]
 [34m
 VOLTRON
      UT   = 2001-06-01 23:18:10
      tilt =    0.000 [deg]
    Sym-H  =   -5.000 [nT]
    BSDst  ~   18.075 [nT]
           dSMRs  ~     0.38   -0.17   -0.35    0.14 [nT, 12/18/00/06]
   DPSDst  ~   -4.860 [nT]
   Spent    41.1% of time waiting for Gamera
            12.1% of time processing Chimp(Helpers)
             9.6% of time processing IMAG
            13.7% of time processing Remix
            23.3% of time processing Tubes(Helpers)
             0.0% of time writing files
    Running @   83.533% of real-time (8 threads)
[0m  [35m
 RAIJU
      UT   = 2001-06-01 23:18:15
      Time =    18.250 [min]
     dtCpl =  5.00E+00 [sec]
     Max/Min dt @ k:
        Max 3.81E+01 [sec] @ 57
        Min 1.38E-01 [sec] @ 160
     Flav : max Press/Den @ L,MLT; DPS-dst
        0: P =   0.00, D =9075.91 @  1.54 Rp,12.07 MLT; DPS:   0.00
        1: P =   0.15, D =   3.24 @ 11.22 Rp, 0.05 MLT; DPS:  -0.69
        2: P =   3.08, D =   0.43 @  3.95 Rp,23.07 MLT; DPS:  -5.12
[0m [32m<Writing HDF5 DATA @ t =    18.167 [min] >[0m 
[32m<Writing RAIJU HDF5 DATA @ t =    18.250 [min] >[0m 
 [36m
 GAMERA
      Time =    18.250 [min]
        ts =    13764
        dt =  1.01E-01 [sec]
    dt/dt0 =   85.246%
    Spent     0.0% of time waiting for Voltron
      kZCs =   3424.50 /   1258.57 [MHD/TOT] (8 threads)
[0m       CPCP =   71.610  70.656 [kV, N/S]
 [34m
 VOLTRON
      UT   = 2001-06-01 23:18:15
      tilt =    0.000 [deg]
    Sym-H  =   -5.000 [nT]
    BSDst  ~   18.060 [nT]
           dSMRs  ~     0.39   -0.17   -0.37    0.14 [nT, 12/18/00/06]
   DPSDst  ~   -4.851 [nT]
   Spent    41.1% of time waiting for Gamera
            12.1% of time processing Chimp(Helpers)
             9.6% of time processing IMAG
            13.7% of time processing Remix
            23.3% of time processing Tubes(Helpers)
             0.0% of time writing files
    Running @   83.586% of real-time (8 threads)
[0m  [35m
 RAIJU
      UT   = 2001-06-01 23:18:20
      Time =    18.333 [min]
     dtCpl =  5.00E+00 [sec]
     Max/Min dt @ k:
        Max 3.80E+01 [sec] @ 57
        Min 1.38E-01 [sec] @ 160
     Flav : max Press/Den @ L,MLT; DPS-dst
        0: P =   0.00, D =9075.91 @  1.54 Rp,12.07 MLT; DPS:   0.00
        1: P =   0.14, D =   3.23 @ 11.23 Rp, 0.05 MLT; DPS:  -0.69
        2: P =   3.08, D =   0.43 @  3.95 Rp,23.07 MLT; DPS:  -5.12
[0m [32m<Writing HDF5 DATA @ t =    18.250 [min] >[0m 
[32m<Writing RAIJU HDF5 DATA @ t =    18.333 [min] >[0m 
 [36m
 GAMERA
      Time =    18.335 [min]
        ts =    13814
        dt =  1.01E-01 [sec]
    dt/dt0 =   85.246%
    Spent     0.0% of time waiting for Voltron
      kZCs =   3422.84 /   1274.07 [MHD/TOT] (8 threads)
[0m       CPCP =   71.640  70.697 [kV, N/S]
 [34m
 VOLTRON
      UT   = 2001-06-01 23:18:20
      tilt =    0.000 [deg]
    Sym-H  =   -5.000 [nT]
    BSDst  ~   18.047 [nT]
           dSMRs  ~     0.40   -0.17   -0.38    0.14 [nT, 12/18/00/06]
   DPSDst  ~   -4.847 [nT]
   Spent    41.2% of time waiting for Gamera
            12.1% of time processing Chimp(Helpers)
             9.6% of time processing IMAG
            13.7% of time processing Remix
            23.3% of time processing Tubes(Helpers)
             0.0% of time writing files
    Running @   83.673% of real-time (8 threads)
[0m  [35m
 RAIJU
      UT   = 2001-06-01 23:18:25
      Time =    18.417 [min]
     dtCpl =  5.00E+00 [sec]
     Max/Min dt @ k:
        Max 3.79E+01 [sec] @ 57
        Min 1.38E-01 [sec] @ 160
     Flav : max Press/Den @ L,MLT; DPS-dst
        0: P =   0.00, D =9075.91 @  1.54 Rp,12.07 MLT; DPS:   0.00
        1: P =   0.14, D =   3.23 @ 11.25 Rp, 0.06 MLT; DPS:  -0.68
        2: P =   3.08, D =   0.43 @  3.95 Rp,23.07 MLT; DPS:  -5.12
[0m [32m<Writing HDF5 DATA @ t =    18.335 [min] >[0m 
[32m<Writing RAIJU HDF5 DATA @ t =    18.417 [min] >[0m 
 [36m
 GAMERA
      Time =    18.417 [min]
        ts =    13863
        dt =  1.01E-01 [sec]
    dt/dt0 =   85.246%
    Spent     0.0% of time waiting for Voltron
      kZCs =   3421.25 /   1259.63 [MHD/TOT] (8 threads)
[0m       CPCP =   71.691  70.739 [kV, N/S]
 [34m
 VOLTRON
      UT   = 2001-06-01 23:18:25
      tilt =    0.000 [deg]
    Sym-H  =   -5.000 [nT]
    BSDst  ~   18.034 [nT]
           dSMRs  ~     0.41   -0.16   -0.39    0.14 [nT, 12/18/00/06]
   DPSDst  ~   -4.844 [nT]
   Spent    41.2% of time waiting for Gamera
            12.1% of time processing Chimp(Helpers)
             9.6% of time processing IMAG
            13.7% of time processing Remix
            23.3% of time processing Tubes(Helpers)
             0.0% of time writing files
    Running @   83.726% of real-time (8 threads)
[0m  [35m
 RAIJU
      UT   = 2001-06-01 23:18:30
      Time =    18.500 [min]
     dtCpl =  5.00E+00 [sec]
     Max/Min dt @ k:
        Max 3.78E+01 [sec] @ 57
        Min 1.38E-01 [sec] @ 160
     Flav : max Press/Den @ L,MLT; DPS-dst
        0: P =   0.00, D =9075.91 @  1.54 Rp,12.07 MLT; DPS:   0.00
        1: P =   0.14, D =   3.22 @ 11.27 Rp, 0.06 MLT; DPS:  -0.68
        2: P =   3.08, D =   0.43 @  3.95 Rp,22.80 MLT; DPS:  -5.12
[0m [32m<Writing HDF5 DATA @ t =    18.417 [min] >[0m 
[32m<Writing RAIJU HDF5 DATA @ t =    18.500 [min] >[0m 
 [36m
 GAMERA
      Time =    18.500 [min]
        ts =    13912
        dt =  1.01E-01 [sec]
    dt/dt0 =   85.246%
    Spent     0.0% of time waiting for Voltron
      kZCs =   3422.39 /   1260.51 [MHD/TOT] (8 threads)
[0m       CPCP =   71.753  70.780 [kV, N/S]
 [34m
 VOLTRON
      UT   = 2001-06-01 23:18:30
      tilt =    0.000 [deg]
    Sym-H  =   -5.000 [nT]
    BSDst  ~   18.019 [nT]
           dSMRs  ~     0.42   -0.16   -0.40    0.14 [nT, 12/18/00/06]
   DPSDst  ~   -4.842 [nT]
   Spent    41.2% of time waiting for Gamera
            12.1% of time processing Chimp(Helpers)
             9.6% of time processing IMAG
            13.6% of time processing Remix
            23.3% of time processing Tubes(Helpers)
             0.0% of time writing files
    Running @   83.778% of real-time (8 threads)
[0m  [35m
 RAIJU
      UT   = 2001-06-01 23:18:35
      Time =    18.583 [min]
     dtCpl =  5.00E+00 [sec]
     Max/Min dt @ k:
        Max 3.77E+01 [sec] @ 57
        Min 1.38E-01 [sec] @ 160
     Flav : max Press/Den @ L,MLT; DPS-dst
        0: P =   0.00, D =9075.91 @  1.54 Rp,12.07 MLT; DPS:   0.00
        1: P =   0.14, D =   3.22 @ 11.28 Rp, 0.06 MLT; DPS:  -0.68
        2: P =   3.08, D =   0.43 @  3.95 Rp,22.07 MLT; DPS:  -5.12
[0m [32m<Writing HDF5 DATA @ t =    18.500 [min] >[0m 
[32m<Writing RAIJU HDF5 DATA @ t =    18.583 [min] >[0m 
 [36m
 GAMERA
      Time =    18.585 [min]
        ts =    13962
        dt =  1.01E-01 [sec]
    dt/dt0 =   85.246%
    Spent     0.0% of time waiting for Voltron
      kZCs =   3423.95 /   1271.50 [MHD/TOT] (8 threads)
[0m       CPCP =   71.826  70.814 [kV, N/S]
 [34m
 VOLTRON
      UT   = 2001-06-01 23:18:35
      tilt =    0.000 [deg]
    Sym-H  =   -5.000 [nT]
    BSDst  ~   18.000 [nT]
           dSMRs  ~     0.43   -0.16   -0.42    0.15 [nT, 12/18/00/06]
   DPSDst  ~   -4.836 [nT]
   Spent    41.2% of time waiting for Gamera
            12.1% of time processing Chimp(Helpers)
             9.6% of time processing IMAG
            13.7% of time processing Remix
            23.3% of time processing Tubes(Helpers)
             0.0% of time writing files
    Running @   83.819% of real-time (8 threads)
[0m  [35m
 RAIJU
      UT   = 2001-06-01 23:18:40
      Time =    18.667 [min]
     dtCpl =  5.00E+00 [sec]
     Max/Min dt @ k:
        Max 3.75E+01 [sec] @ 57
        Min 1.38E-01 [sec] @ 160
     Flav : max Press/Den @ L,MLT; DPS-dst
        0: P =   0.00, D =9075.91 @  1.54 Rp,12.07 MLT; DPS:   0.00
        1: P =   0.14, D =   3.21 @ 11.30 Rp, 0.07 MLT; DPS:  -0.68
        2: P =   3.09, D =   0.43 @  3.95 Rp,22.07 MLT; DPS:  -5.11
[0m [32m<Writing HDF5 DATA @ t =    18.585 [min] >[0m 
[32m<Writing RAIJU HDF5 DATA @ t =    18.667 [min] >[0m 
 [36m
 GAMERA
      Time =    18.668 [min]
        ts =    14011
        dt =  1.01E-01 [sec]
    dt/dt0 =   85.243%
    Spent     0.0% of time waiting for Voltron
      kZCs =   3422.23 /   1262.29 [MHD/TOT] (8 threads)
[0m       CPCP =   71.889  70.836 [kV, N/S]
 [34m
 VOLTRON
      UT   = 2001-06-01 23:18:40
      tilt =    0.000 [deg]
    Sym-H  =   -5.000 [nT]
    BSDst  ~   17.978 [nT]
           dSMRs  ~     0.43   -0.15   -0.43    0.15 [nT, 12/18/00/06]
   DPSDst  ~   -4.835 [nT]
   Spent    41.2% of time waiting for Gamera
            12.1% of time processing Chimp(Helpers)
             9.6% of time processing IMAG
            13.7% of time processing Remix
            23.3% of time processing Tubes(Helpers)
             0.0% of time writing files
    Running @   83.872% of real-time (8 threads)
[0m  [35m
 RAIJU
      UT   = 2001-06-01 23:18:45
      Time =    18.750 [min]
     dtCpl =  5.00E+00 [sec]
     Max/Min dt @ k:
        Max 3.74E+01 [sec] @ 57
        Min 1.38E-01 [sec] @ 160
     Flav : max Press/Den @ L,MLT; DPS-dst
        0: P =   0.00, D =9075.91 @  1.54 Rp,12.07 MLT; DPS:   0.00
        1: P =   0.14, D =   3.20 @ 11.32 Rp, 0.07 MLT; DPS:  -0.68
        2: P =   3.09, D =   0.43 @  3.95 Rp,22.07 MLT; DPS:  -5.11
[0m [32m<Writing HDF5 DATA @ t =    18.668 [min] >[0m 
[32m<Writing RAIJU HDF5 DATA @ t =    18.750 [min] >[0m 
 [36m
 GAMERA
      Time =    18.751 [min]
        ts =    14060
        dt =  1.01E-01 [sec]
    dt/dt0 =   85.239%
    Spent     0.0% of time waiting for Voltron
      kZCs =   3423.04 /   1261.74 [MHD/TOT] (8 threads)
[0m       CPCP =   71.948  70.850 [kV, N/S]
 [34m
 VOLTRON
      UT   = 2001-06-01 23:18:45
      tilt =    0.000 [deg]
    Sym-H  =   -5.000 [nT]
    BSDst  ~   17.954 [nT]
           dSMRs  ~     0.44   -0.15   -0.44    0.15 [nT, 12/18/00/06]
   DPSDst  ~   -4.835 [nT]
   Spent    41.2% of time waiting for Gamera
            12.1% of time processing Chimp(Helpers)
             9.6% of time processing IMAG
            13.6% of time processing Remix
            23.3% of time processing Tubes(Helpers)
             0.0% of time writing files
    Running @   83.920% of real-time (8 threads)
[0m  [35m
 RAIJU
      UT   = 2001-06-01 23:18:50
      Time =    18.833 [min]
     dtCpl =  5.00E+00 [sec]
     Max/Min dt @ k:
        Max 3.72E+01 [sec] @ 57
        Min 1.38E-01 [sec] @ 160
     Flav : max Press/Den @ L,MLT; DPS-dst
        0: P =   0.00, D =9075.91 @  1.54 Rp,12.07 MLT; DPS:   0.00
        1: P =   0.14, D =   3.20 @ 11.34 Rp, 0.07 MLT; DPS:  -0.67
        2: P =   3.09, D =   0.43 @  3.95 Rp,22.00 MLT; DPS:  -5.11
[0m [32m<Writing HDF5 DATA @ t =    18.751 [min] >[0m 
[32m<Writing RAIJU HDF5 DATA @ t =    18.833 [min] >[0m 
 [36m
 GAMERA
      Time =    18.834 [min]
        ts =    14109
        dt =  1.01E-01 [sec]
    dt/dt0 =   85.235%
    Spent     0.0% of time waiting for Voltron
      kZCs =   3422.71 /   1262.44 [MHD/TOT] (8 threads)
[0m       CPCP =   72.024  70.878 [kV, N/S]
 [34m
 VOLTRON
      UT   = 2001-06-01 23:18:50
      tilt =    0.000 [deg]
    Sym-H  =   -5.000 [nT]
    BSDst  ~   17.932 [nT]
           dSMRs  ~     0.45   -0.15   -0.45    0.15 [nT, 12/18/00/06]
   DPSDst  ~   -4.829 [nT]
   Spent    41.2% of time waiting for Gamera
            12.1% of time processing Chimp(Helpers)
             9.6% of time processing IMAG
            13.6% of time processing Remix
            23.3% of time processing Tubes(Helpers)
             0.0% of time writing files
    Running @   83.970% of real-time (8 threads)
[0m  [35m
 RAIJU
      UT   = 2001-06-01 23:18:55
      Time =    18.917 [min]
     dtCpl =  5.00E+00 [sec]
     Max/Min dt @ k:
        Max 3.71E+01 [sec] @ 57
        Min 1.38E-01 [sec] @ 160
     Flav : max Press/Den @ L,MLT; DPS-dst
        0: P =   0.00, D =9075.91 @  1.54 Rp,12.07 MLT; DPS:   0.00
        1: P =   0.14, D =   3.19 @ 11.37 Rp, 0.08 MLT; DPS:  -0.67
        2: P =   3.09, D =   0.43 @  3.95 Rp,22.00 MLT; DPS:  -5.11
[0m [32m<Writing HDF5 DATA @ t =    18.834 [min] >[0m 
[32m<Writing RAIJU HDF5 DATA @ t =    18.917 [min] >[0m 
 [36m
 GAMERA
      Time =    18.918 [min]
        ts =    14159
        dt =  1.01E-01 [sec]
    dt/dt0 =   85.231%
    Spent     0.0% of time waiting for Voltron
      kZCs =   3420.46 /   1278.00 [MHD/TOT] (8 threads)
[0m       CPCP =   72.150  70.944 [kV, N/S]
 [34m
 VOLTRON
      UT   = 2001-06-01 23:18:55
      tilt =    0.000 [deg]
    Sym-H  =   -5.000 [nT]
    BSDst  ~   17.912 [nT]
           dSMRs  ~     0.46   -0.16   -0.46    0.15 [nT, 12/18/00/06]
   DPSDst  ~   -4.826 [nT]
   Spent    41.3% of time waiting for Gamera
            12.1% of time processing Chimp(Helpers)
             9.6% of time processing IMAG
            13.6% of time processing Remix
            23.3% of time processing Tubes(Helpers)
             0.0% of time writing files
    Running @   84.052% of real-time (8 threads)
[0m  [35m
 RAIJU
      UT   = 2001-06-01 23:18:59
      Time =    19.000 [min]
     dtCpl =  5.00E+00 [sec]
     Max/Min dt @ k:
        Max 3.69E+01 [sec] @ 57
        Min 1.38E-01 [sec] @ 160
     Flav : max Press/Den @ L,MLT; DPS-dst
        0: P =   0.00, D =9075.91 @  1.54 Rp,12.07 MLT; DPS:   0.00
        1: P =   0.14, D =   3.18 @ 11.39 Rp, 0.08 MLT; DPS:  -0.67
        2: P =   3.09, D =   0.43 @  3.95 Rp,22.00 MLT; DPS:  -5.11
[0m [32m<Writing HDF5 DATA @ t =    18.918 [min] >[0m 
[32m<Writing RAIJU HDF5 DATA @ t =    19.000 [min] >[0m 
 [36m
 GAMERA
      Time =    19.001 [min]
        ts =    14208
        dt =  1.01E-01 [sec]
    dt/dt0 =   85.225%
    Spent     0.0% of time waiting for Voltron
      kZCs =   3423.52 /   1263.68 [MHD/TOT] (8 threads)
[0m       CPCP =   72.318  71.022 [kV, N/S]
 [34m
 VOLTRON
      UT   = 2001-06-01 23:19:00
      tilt =    0.000 [deg]
    Sym-H  =   -5.000 [nT]
    BSDst  ~   17.894 [nT]
           dSMRs  ~     0.47   -0.16   -0.47    0.16 [nT, 12/18/00/06]
   DPSDst  ~   -4.823 [nT]
   Spent    41.3% of time waiting for Gamera
            12.1% of time processing Chimp(Helpers)
             9.6% of time processing IMAG
            13.6% of time processing Remix
            23.3% of time processing Tubes(Helpers)
             0.0% of time writing files
    Running @   84.099% of real-time (8 threads)
[0m  [35m
 RAIJU
      UT   = 2001-06-01 23:19:05
      Time =    19.083 [min]
     dtCpl =  5.00E+00 [sec]
     Max/Min dt @ k:
        Max 3.68E+01 [sec] @ 57
        Min 1.38E-01 [sec] @ 160
     Flav : max Press/Den @ L,MLT; DPS-dst
        0: P =   0.00, D =9075.91 @  1.54 Rp,12.07 MLT; DPS:   0.00
        1: P =   0.14, D =   3.17 @ 11.41 Rp, 0.08 MLT; DPS:  -0.67
        2: P =   3.09, D =   0.43 @  3.95 Rp,22.00 MLT; DPS:  -5.11
[0m [32m<Writing HDF5 DATA @ t =    19.001 [min] >[0m 
[32m<Writing RAIJU HDF5 DATA @ t =    19.083 [min] >[0m 
 [36m
 GAMERA
      Time =    19.084 [min]
        ts =    14257
        dt =  1.01E-01 [sec]
    dt/dt0 =   85.215%
    Spent     0.0% of time waiting for Voltron
      kZCs =   3423.68 /   1264.26 [MHD/TOT] (8 threads)
[0m       CPCP =   72.510  71.055 [kV, N/S]
 [34m
 VOLTRON
      UT   = 2001-06-01 23:19:05
      tilt =    0.000 [deg]
    Sym-H  =   -5.000 [nT]
    BSDst  ~   17.878 [nT]
           dSMRs  ~     0.48   -0.16   -0.48    0.16 [nT, 12/18/00/06]
   DPSDst  ~   -4.820 [nT]
   Spent    41.2% of time waiting for Gamera
            12.1% of time processing Chimp(Helpers)
             9.6% of time processing IMAG
            13.6% of time processing Remix
            23.3% of time processing Tubes(Helpers)
             0.0% of time writing files
    Running @   84.118% of real-time (8 threads)
[0m  [35m
 RAIJU
      UT   = 2001-06-01 23:19:10
      Time =    19.167 [min]
     dtCpl =  5.00E+00 [sec]
     Max/Min dt @ k:
        Max 3.66E+01 [sec] @ 57
        Min 1.38E-01 [sec] @ 160
     Flav : max Press/Den @ L,MLT; DPS-dst
        0: P =   0.00, D =9075.91 @  1.54 Rp,12.07 MLT; DPS:   0.00
        1: P =   0.14, D =   3.15 @ 11.25 Rp,23.90 MLT; DPS:  -0.66
        2: P =   3.09, D =   0.43 @  3.95 Rp,22.00 MLT; DPS:  -5.10
[0m [32m<Writing HDF5 DATA @ t =    19.084 [min] >[0m 
[32m<Writing RAIJU HDF5 DATA @ t =    19.167 [min] >[0m 
 [36m
 GAMERA
      Time =    19.167 [min]
        ts =    14306
        dt =  1.01E-01 [sec]
    dt/dt0 =   85.202%
    Spent     0.0% of time waiting for Voltron
      kZCs =   3426.12 /   1264.30 [MHD/TOT] (8 threads)
[0m       CPCP =   72.704  71.092 [kV, N/S]
 [34m
 VOLTRON
      UT   = 2001-06-01 23:19:10
      tilt =    0.000 [deg]
    Sym-H  =   -5.000 [nT]
    BSDst  ~   17.864 [nT]
           dSMRs  ~     0.49   -0.15   -0.49    0.16 [nT, 12/18/00/06]
   DPSDst  ~   -4.819 [nT]
   Spent    41.2% of time waiting for Gamera
            12.1% of time processing Chimp(Helpers)
             9.6% of time processing IMAG
            13.6% of time processing Remix
            23.3% of time processing Tubes(Helpers)
             0.0% of time writing files
    Running @   84.164% of real-time (8 threads)
[0m  [35m
 RAIJU
      UT   = 2001-06-01 23:19:15
      Time =    19.250 [min]
     dtCpl =  5.00E+00 [sec]
     Max/Min dt @ k:
        Max 3.64E+01 [sec] @ 57
        Min 1.38E-01 [sec] @ 160
     Flav : max Press/Den @ L,MLT; DPS-dst
        0: P =   0.00, D =9075.91 @  1.54 Rp,12.07 MLT; DPS:   0.00
        1: P =   0.14, D =   3.14 @ 11.27 Rp,23.90 MLT; DPS:  -0.66
        2: P =   3.09, D =   0.43 @  3.95 Rp,22.00 MLT; DPS:  -5.10
[0m [32m<Writing HDF5 DATA @ t =    19.167 [min] >[0m 
[32m<Writing RAIJU HDF5 DATA @ t =    19.250 [min] >[0m 
 [36m
 GAMERA
      Time =    19.251 [min]
        ts =    14356
        dt =  1.01E-01 [sec]
    dt/dt0 =   85.187%
    Spent     0.0% of time waiting for Voltron
      kZCs =   3425.86 /   1274.47 [MHD/TOT] (8 threads)
[0m       CPCP =   72.884  71.178 [kV, N/S]
 [34m
 VOLTRON
      UT   = 2001-06-01 23:19:15
      tilt =    0.000 [deg]
    Sym-H  =   -5.000 [nT]
    BSDst  ~   17.850 [nT]
           dSMRs  ~     0.50   -0.15   -0.51    0.16 [nT, 12/18/00/06]
   DPSDst  ~   -4.815 [nT]
   Spent    41.3% of time waiting for Gamera
            12.1% of time processing Chimp(Helpers)
             9.6% of time processing IMAG
            13.6% of time processing Remix
            23.3% of time processing Tubes(Helpers)
             0.0% of time writing files
    Running @   84.215% of real-time (8 threads)
[0m  [35m
 RAIJU
      UT   = 2001-06-01 23:19:20
      Time =    19.333 [min]
     dtCpl =  5.00E+00 [sec]
     Max/Min dt @ k:
        Max 3.63E+01 [sec] @ 57
        Min 1.38E-01 [sec] @ 160
     Flav : max Press/Den @ L,MLT; DPS-dst
        0: P =   0.00, D =9075.91 @  1.54 Rp,12.07 MLT; DPS:   0.00
        1: P =   0.14, D =   5.33 @  8.30 Rp,11.50 MLT; DPS:  -0.66
        2: P =   3.09, D =   0.43 @  3.95 Rp,22.00 MLT; DPS:  -5.10
[0m [32m<Writing HDF5 DATA @ t =    19.251 [min] >[0m 
[32m<Writing RAIJU HDF5 DATA @ t =    19.333 [min] >[0m 
 [36m
 GAMERA
      Time =    19.334 [min]
        ts =    14405
        dt =  1.01E-01 [sec]
    dt/dt0 =   85.169%
    Spent     0.0% of time waiting for Voltron
      kZCs =   3423.68 /   1262.16 [MHD/TOT] (8 threads)
[0m       CPCP =   73.040  71.234 [kV, N/S]
 [34m
 VOLTRON
      UT   = 2001-06-01 23:19:20
      tilt =    0.000 [deg]
    Sym-H  =   -5.000 [nT]
    BSDst  ~   17.837 [nT]
           dSMRs  ~     0.51   -0.15   -0.52    0.16 [nT, 12/18/00/06]
   DPSDst  ~   -4.812 [nT]
   Spent    41.3% of time waiting for Gamera
            12.1% of time processing Chimp(Helpers)
             9.6% of time processing IMAG
            13.6% of time processing Remix
            23.3% of time processing Tubes(Helpers)
             0.0% of time writing files
    Running @   84.240% of real-time (8 threads)
[0m  [35m
 RAIJU
      UT   = 2001-06-01 23:19:25
      Time =    19.417 [min]
     dtCpl =  5.00E+00 [sec]
     Max/Min dt @ k:
        Max 3.61E+01 [sec] @ 57
        Min 1.38E-01 [sec] @ 160
     Flav : max Press/Den @ L,MLT; DPS-dst
        0: P =   0.00, D =9075.91 @  1.54 Rp,12.07 MLT; DPS:   0.00
        1: P =   0.15, D =   5.34 @  7.71 Rp,11.69 MLT; DPS:  -0.66
        2: P =   3.09, D =   0.43 @  3.95 Rp,22.00 MLT; DPS:  -5.10
[0m [32m<Writing HDF5 DATA @ t =    19.334 [min] >[0m 
[32m<Writing RAIJU HDF5 DATA @ t =    19.417 [min] >[0m 
 [36m
 GAMERA
      Time =    19.417 [min]
        ts =    14454
        dt =  1.01E-01 [sec]
    dt/dt0 =   85.151%
    Spent     0.0% of time waiting for Voltron
      kZCs =   3423.85 /   1261.91 [MHD/TOT] (8 threads)
[0m       CPCP =   73.135  71.234 [kV, N/S]
 [34m
 VOLTRON
      UT   = 2001-06-01 23:19:25
      tilt =    0.000 [deg]
    Sym-H  =   -5.000 [nT]
    BSDst  ~   17.822 [nT]
           dSMRs  ~     0.53   -0.15   -0.54    0.16 [nT, 12/18/00/06]
   DPSDst  ~   -4.802 [nT]
   Spent    41.2% of time waiting for Gamera
            12.1% of time processing Chimp(Helpers)
             9.6% of time processing IMAG
            13.6% of time processing Remix
            23.3% of time processing Tubes(Helpers)
             0.0% of time writing files
    Running @   84.227% of real-time (8 threads)
[0m  [35m
 RAIJU
      UT   = 2001-06-01 23:19:30
      Time =    19.500 [min]
     dtCpl =  5.00E+00 [sec]
     Max/Min dt @ k:
        Max 3.60E+01 [sec] @ 57
        Min 1.38E-01 [sec] @ 160
     Flav : max Press/Den @ L,MLT; DPS-dst
        0: P =   0.00, D =9075.91 @  1.54 Rp,12.07 MLT; DPS:   0.00
        1: P =   0.13, D =   3.12 @ 11.34 Rp,23.91 MLT; DPS:  -0.65
        2: P =   3.09, D =   0.43 @  3.95 Rp,21.74 MLT; DPS:  -5.10
[0m [32m<Writing HDF5 DATA @ t =    19.417 [min] >[0m 
[32m<Writing RAIJU HDF5 DATA @ t =    19.500 [min] >[0m 
 [36m
 GAMERA
      Time =    19.501 [min]
        ts =    14504
        dt =  1.01E-01 [sec]
    dt/dt0 =   85.132%
    Spent     0.0% of time waiting for Voltron
      kZCs =   3424.27 /   1278.82 [MHD/TOT] (8 threads)
[0m       CPCP =   73.193  71.232 [kV, N/S]
 [34m
 VOLTRON
      UT   = 2001-06-01 23:19:30
      tilt =    0.000 [deg]
    Sym-H  =   -5.000 [nT]
    BSDst  ~   17.808 [nT]
           dSMRs  ~     0.54   -0.15   -0.55    0.16 [nT, 12/18/00/06]
   DPSDst  ~   -4.802 [nT]
   Spent    41.3% of time waiting for Gamera
            12.1% of time processing Chimp(Helpers)
             9.6% of time processing IMAG
            13.5% of time processing Remix
            23.2% of time processing Tubes(Helpers)
             0.0% of time writing files
    Running @   84.271% of real-time (8 threads)
[0m  [35m
 RAIJU
      UT   = 2001-06-01 23:19:35
      Time =    19.583 [min]
     dtCpl =  5.00E+00 [sec]
     Max/Min dt @ k:
        Max 3.60E+01 [sec] @ 57
        Min 1.38E-01 [sec] @ 160
     Flav : max Press/Den @ L,MLT; DPS-dst
        0: P =   0.00, D =9075.91 @  1.54 Rp,12.07 MLT; DPS:   0.00
        1: P =   0.13, D =   3.11 @ 11.37 Rp,23.91 MLT; DPS:  -0.65
        2: P =   3.09, D =   0.43 @  3.95 Rp,21.74 MLT; DPS:  -5.10
[0m [32m<Writing HDF5 DATA @ t =    19.501 [min] >[0m 
[32m<Writing RAIJU HDF5 DATA @ t =    19.583 [min] >[0m 
 [36m
 GAMERA
      Time =    19.584 [min]
        ts =    14553
        dt =  1.01E-01 [sec]
    dt/dt0 =   85.112%
    Spent     0.0% of time waiting for Voltron
      kZCs =   3424.50 /   1261.17 [MHD/TOT] (8 threads)
[0m       CPCP =   73.238  71.261 [kV, N/S]
 [34m
 VOLTRON
      UT   = 2001-06-01 23:19:35
      tilt =    0.000 [deg]
    Sym-H  =   -5.000 [nT]
    BSDst  ~   17.792 [nT]
           dSMRs  ~     0.55   -0.15   -0.57    0.16 [nT, 12/18/00/06]
   DPSDst  ~   -4.796 [nT]
   Spent    41.3% of time waiting for Gamera
            12.1% of time processing Chimp(Helpers)
             9.6% of time processing IMAG
            13.5% of time processing Remix
            23.2% of time processing Tubes(Helpers)
             0.0% of time writing files
    Running @   84.302% of real-time (8 threads)
[0m  [35m
 RAIJU
      UT   = 2001-06-01 23:19:40
      Time =    19.667 [min]
     dtCpl =  5.00E+00 [sec]
     Max/Min dt @ k:
        Max 3.59E+01 [sec] @ 57
        Min 1.38E-01 [sec] @ 160
     Flav : max Press/Den @ L,MLT; DPS-dst
        0: P =   0.00, D =9075.91 @  1.54 Rp,12.07 MLT; DPS:   0.00
        1: P =   0.13, D =   3.11 @ 11.39 Rp,23.91 MLT; DPS:  -0.65
        2: P =   3.09, D =   0.43 @  3.95 Rp,21.74 MLT; DPS:  -5.09
[0m [32m<Writing HDF5 DATA @ t =    19.584 [min] >[0m 
[32m<Writing RAIJU HDF5 DATA @ t =    19.667 [min] >[0m 
 [36m
 GAMERA
      Time =    19.667 [min]
        ts =    14602
        dt =  1.01E-01 [sec]
    dt/dt0 =   85.093%
    Spent     0.0% of time waiting for Voltron
      kZCs =   3423.20 /   1264.70 [MHD/TOT] (8 threads)
[0m       CPCP =   73.292  71.287 [kV, N/S]
 [34m
 VOLTRON
      UT   = 2001-06-01 23:19:40
      tilt =    0.000 [deg]
    Sym-H  =   -5.000 [nT]
    BSDst  ~   17.775 [nT]
           dSMRs  ~     0.56   -0.14   -0.58    0.16 [nT, 12/18/00/06]
   DPSDst  ~   -4.811 [nT]
   Spent    41.3% of time waiting for Gamera
            12.1% of time processing Chimp(Helpers)
             9.6% of time processing IMAG
            13.5% of time processing Remix
            23.3% of time processing Tubes(Helpers)
             0.0% of time writing files
    Running @   84.317% of real-time (8 threads)
[0m  [35m
 RAIJU
      UT   = 2001-06-01 23:19:45
      Time =    19.750 [min]
     dtCpl =  5.00E+00 [sec]
     Max/Min dt @ k:
        Max 3.59E+01 [sec] @ 57
        Min 1.38E-01 [sec] @ 160
     Flav : max Press/Den @ L,MLT; DPS-dst
        0: P =   0.00, D =9075.91 @  1.54 Rp,12.07 MLT; DPS:   0.00
        1: P =   0.17, D =   6.70 @  7.53 Rp, 9.79 MLT; DPS:  -0.66
        2: P =   3.09, D =   0.43 @  3.95 Rp,21.74 MLT; DPS:  -5.10
[0m [32m<Writing HDF5 DATA @ t =    19.667 [min] >[0m 
[32m<Writing RAIJU HDF5 DATA @ t =    19.750 [min] >[0m 
 [36m
 GAMERA
      Time =    19.751 [min]
        ts =    14652
        dt =  1.01E-01 [sec]
    dt/dt0 =   85.073%
    Spent     0.0% of time waiting for Voltron
      kZCs =   3425.23 /   1279.71 [MHD/TOT] (8 threads)
[0m       CPCP =   73.322  71.267 [kV, N/S]
 [34m
 VOLTRON
      UT   = 2001-06-01 23:19:45
      tilt =    0.000 [deg]
    Sym-H  =   -5.000 [nT]
    BSDst  ~   17.754 [nT]
           dSMRs  ~     0.58   -0.14   -0.59    0.16 [nT, 12/18/00/06]
   DPSDst  ~   -4.799 [nT]
   Spent    41.3% of time waiting for Gamera
            12.1% of time processing Chimp(Helpers)
             9.6% of time processing IMAG
            13.5% of time processing Remix
            23.2% of time processing Tubes(Helpers)
             0.0% of time writing files
    Running @   84.387% of real-time (8 threads)
[0m  [35m
 RAIJU
      UT   = 2001-06-01 23:19:50
      Time =    19.833 [min]
     dtCpl =  5.00E+00 [sec]
     Max/Min dt @ k:
        Max 3.58E+01 [sec] @ 57
        Min 1.38E-01 [sec] @ 160
     Flav : max Press/Den @ L,MLT; DPS-dst
        0: P =   0.00, D =9075.91 @  1.54 Rp,12.07 MLT; DPS:   0.00
        1: P =   0.16, D =   6.16 @  8.08 Rp,11.03 MLT; DPS:  -0.65
        2: P =   3.09, D =   0.43 @  3.95 Rp,21.74 MLT; DPS:  -5.09
[0m [32m<Writing HDF5 DATA @ t =    19.751 [min] >[0m 
[32m<Writing RAIJU HDF5 DATA @ t =    19.833 [min] >[0m 
 [36m
 GAMERA
      Time =    19.834 [min]
        ts =    14701
        dt =  1.01E-01 [sec]
    dt/dt0 =   85.053%
    Spent     0.0% of time waiting for Voltron
      kZCs =   3424.33 /   1264.59 [MHD/TOT] (8 threads)
[0m       CPCP =   73.319  71.230 [kV, N/S]
 [34m
 VOLTRON
      UT   = 2001-06-01 23:19:50
      tilt =    0.000 [deg]
    Sym-H  =   -5.000 [nT]
    BSDst  ~   17.732 [nT]
           dSMRs  ~     0.59   -0.14   -0.61    0.16 [nT, 12/18/00/06]
   DPSDst  ~   -4.792 [nT]
   Spent    41.3% of time waiting for Gamera
            12.1% of time processing Chimp(Helpers)
             9.6% of time processing IMAG
            13.5% of time processing Remix
            23.2% of time processing Tubes(Helpers)
             0.0% of time writing files
    Running @   84.421% of real-time (8 threads)
[0m  [35m
 RAIJU
      UT   = 2001-06-01 23:19:55
      Time =    19.917 [min]
     dtCpl =  5.00E+00 [sec]
     Max/Min dt @ k:
        Max 3.57E+01 [sec] @ 57
        Min 1.38E-01 [sec] @ 160
     Flav : max Press/Den @ L,MLT; DPS-dst
        0: P =   0.00, D =9075.91 @  1.54 Rp,12.07 MLT; DPS:   0.00
        1: P =   0.14, D =   5.57 @  7.17 Rp,10.14 MLT; DPS:  -0.65
        2: P =   3.09, D =   0.43 @  3.95 Rp,21.67 MLT; DPS:  -5.09
[0m [32m<Writing HDF5 DATA @ t =    19.834 [min] >[0m 
[32m<Writing RAIJU HDF5 DATA @ t =    19.917 [min] >[0m 
 [36m
 GAMERA
      Time =    19.917 [min]
        ts =    14750
        dt =  1.01E-01 [sec]
    dt/dt0 =   85.033%
    Spent     0.0% of time waiting for Voltron
      kZCs =   3424.17 /   1266.72 [MHD/TOT] (8 threads)
[0m       CPCP =   73.298  71.154 [kV, N/S]
 [34m
 VOLTRON
      UT   = 2001-06-01 23:19:55
      tilt =    0.000 [deg]
    Sym-H  =   -5.000 [nT]
    BSDst  ~   17.709 [nT]
           dSMRs  ~     0.60   -0.14   -0.62    0.17 [nT, 12/18/00/06]
   DPSDst  ~   -4.785 [nT]
   Spent    41.3% of time waiting for Gamera
            12.1% of time processing Chimp(Helpers)
             9.6% of time processing IMAG
            13.5% of time processing Remix
            23.2% of time processing Tubes(Helpers)
             0.0% of time writing files
    Running @   84.457% of real-time (8 threads)
[0m  [35m
 RAIJU
      UT   = 2001-06-01 23:19:59
      Time =    20.000 [min]
     dtCpl =  5.00E+00 [sec]
     Max/Min dt @ k:
        Max 3.58E+01 [sec] @ 57
        Min 1.38E-01 [sec] @ 160
     Flav : max Press/Den @ L,MLT; DPS-dst
        0: P =   0.00, D =9075.91 @  1.54 Rp,12.07 MLT; DPS:   0.00
        1: P =   0.15, D =   5.68 @  8.30 Rp,11.75 MLT; DPS:  -0.64
        2: P =   3.09, D =   0.43 @  3.95 Rp,21.67 MLT; DPS:  -5.08
[0m [32m<Writing HDF5 DATA @ t =    19.917 [min] >[0m 
[32m<Writing RAIJU HDF5 DATA @ t =    20.000 [min] >[0m 
 [36m
 GAMERA
      Time =    20.001 [min]
        ts =    14800
        dt =  1.01E-01 [sec]
    dt/dt0 =   85.013%
    Spent     0.0% of time waiting for Voltron
      kZCs =   3423.48 /   1282.40 [MHD/TOT] (8 threads)
[0m       CPCP =   73.254  71.076 [kV, N/S]
 [34m
 VOLTRON
      UT   = 2001-06-01 23:20:00
      tilt =    0.000 [deg]
    Sym-H  =   -5.000 [nT]
    BSDst  ~   17.688 [nT]
           dSMRs  ~     0.61   -0.14   -0.63    0.17 [nT, 12/18/00/06]
   DPSDst  ~   -4.784 [nT]
   Spent    41.4% of time waiting for Gamera
            12.1% of time processing Chimp(Helpers)
             9.6% of time processing IMAG
            13.5% of time processing Remix
            23.2% of time processing Tubes(Helpers)
             0.0% of time writing files
    Running @   84.527% of real-time (8 threads)
[0m  [35m
 RAIJU
      UT   = 2001-06-01 23:20:05
      Time =    20.083 [min]
     dtCpl =  5.00E+00 [sec]
     Max/Min dt @ k:
        Max 3.57E+01 [sec] @ 57
        Min 1.38E-01 [sec] @ 160
     Flav : max Press/Den @ L,MLT; DPS-dst
        0: P =   0.00, D =9075.91 @  1.54 Rp,12.07 MLT; DPS:   0.00
        1: P =   0.15, D =   5.79 @  8.23 Rp,11.59 MLT; DPS:  -0.64
        2: P =   3.09, D =   0.43 @  3.95 Rp,21.67 MLT; DPS:  -5.08
[0m [32m<Writing HDF5 DATA @ t =    20.001 [min] >[0m 
[32m<Writing RAIJU HDF5 DATA @ t =    20.083 [min] >[0m 
 [36m
 GAMERA
      Time =    20.084 [min]
        ts =    14849
        dt =  1.01E-01 [sec]
    dt/dt0 =   84.992%
    Spent     0.0% of time waiting for Voltron
      kZCs =   3423.20 /   1263.83 [MHD/TOT] (8 threads)
[0m       CPCP =   73.194  71.017 [kV, N/S]
 [34m
 VOLTRON
      UT   = 2001-06-01 23:20:05
      tilt =    0.000 [deg]
    Sym-H  =   -5.000 [nT]
    BSDst  ~   17.670 [nT]
           dSMRs  ~     0.61   -0.14   -0.64    0.17 [nT, 12/18/00/06]
   DPSDst  ~   -4.774 [nT]
   Spent    41.4% of time waiting for Gamera
            12.1% of time processing Chimp(Helpers)
             9.6% of time processing IMAG
            13.5% of time processing Remix
            23.2% of time processing Tubes(Helpers)
             0.0% of time writing files
    Running @   84.550% of real-time (8 threads)
[0m  [35m
 RAIJU
      UT   = 2001-06-01 23:20:10
      Time =    20.167 [min]
     dtCpl =  5.00E+00 [sec]
     Max/Min dt @ k:
        Max 3.57E+01 [sec] @ 57
        Min 1.38E-01 [sec] @ 160
     Flav : max Press/Den @ L,MLT; DPS-dst
        0: P =   0.00, D =9075.91 @  1.54 Rp,12.07 MLT; DPS:   0.00
        1: P =   0.14, D =   5.48 @  7.37 Rp,10.34 MLT; DPS:  -0.63
        2: P =   3.09, D =   0.43 @  3.95 Rp,21.67 MLT; DPS:  -5.08
[0m [32m<Writing HDF5 DATA @ t =    20.084 [min] >[0m 
[32m<Writing RAIJU HDF5 DATA @ t =    20.167 [min] >[0m 
 [36m
 GAMERA
      Time =    20.168 [min]
        ts =    14899
        dt =  1.01E-01 [sec]
    dt/dt0 =   84.969%
    Spent     0.0% of time waiting for Voltron
      kZCs =   3425.86 /   1284.03 [MHD/TOT] (8 threads)
[0m       CPCP =   73.142  70.994 [kV, N/S]
 [34m
 VOLTRON
      UT   = 2001-06-01 23:20:10
      tilt =    0.000 [deg]
    Sym-H  =   -5.000 [nT]
    BSDst  ~   17.655 [nT]
           dSMRs  ~     0.62   -0.14   -0.65    0.17 [nT, 12/18/00/06]
   DPSDst  ~   -4.772 [nT]
   Spent    41.4% of time waiting for Gamera
            12.1% of time processing Chimp(Helpers)
             9.6% of time processing IMAG
            13.5% of time processing Remix
            23.2% of time processing Tubes(Helpers)
             0.0% of time writing files
    Running @   84.620% of real-time (8 threads)
[0m  [35m
 RAIJU
      UT   = 2001-06-01 23:20:15
      Time =    20.250 [min]
     dtCpl =  5.00E+00 [sec]
     Max/Min dt @ k:
        Max 3.58E+01 [sec] @ 57
        Min 1.38E-01 [sec] @ 160
     Flav : max Press/Den @ L,MLT; DPS-dst
        0: P =   0.00, D =9075.91 @  1.54 Rp,12.07 MLT; DPS:   0.00
        1: P =   0.14, D =   5.47 @  7.44 Rp,10.40 MLT; DPS:  -0.63
        2: P =   3.09, D =   0.43 @  3.95 Rp,21.67 MLT; DPS:  -5.08
[0m [32m<Writing HDF5 DATA @ t =    20.168 [min] >[0m 
[32m<Writing RAIJU HDF5 DATA @ t =    20.250 [min] >[0m 
 [36m
 GAMERA
      Time =    20.251 [min]
        ts =    14948
        dt =  1.01E-01 [sec]
    dt/dt0 =   84.947%
    Spent     0.0% of time waiting for Voltron
      kZCs =   3425.15 /   1266.92 [MHD/TOT] (8 threads)
[0m       CPCP =   73.089  70.971 [kV, N/S]
 [34m
 VOLTRON
      UT   = 2001-06-01 23:20:15
      tilt =    0.000 [deg]
    Sym-H  =   -5.000 [nT]
    BSDst  ~   17.643 [nT]
           dSMRs  ~     0.64   -0.14   -0.67    0.17 [nT, 12/18/00/06]
   DPSDst  ~   -4.778 [nT]
   Spent    41.4% of time waiting for Gamera
            12.1% of time processing Chimp(Helpers)
             9.6% of time processing IMAG
            13.5% of time processing Remix
            23.2% of time processing Tubes(Helpers)
             0.0% of time writing files
    Running @   84.646% of real-time (8 threads)
[0m  [35m
 RAIJU
      UT   = 2001-06-01 23:20:20
      Time =    20.333 [min]
     dtCpl =  5.00E+00 [sec]
     Max/Min dt @ k:
        Max 3.58E+01 [sec] @ 57
        Min 1.38E-01 [sec] @ 160
     Flav : max Press/Den @ L,MLT; DPS-dst
        0: P =   0.00, D =9075.91 @  1.54 Rp,12.07 MLT; DPS:   0.00
        1: P =   0.14, D =   5.46 @  7.48 Rp,10.46 MLT; DPS:  -0.63
        2: P =   3.09, D =   0.43 @  3.95 Rp,21.67 MLT; DPS:  -5.08
[0m [32m<Writing HDF5 DATA @ t =    20.251 [min] >[0m 
[32m<Writing RAIJU HDF5 DATA @ t =    20.333 [min] >[0m 
 [36m
 GAMERA
      Time =    20.335 [min]
        ts =    14998
        dt =  1.01E-01 [sec]
    dt/dt0 =   84.924%
    Spent     0.0% of time waiting for Voltron
      kZCs =   3422.68 /   1285.45 [MHD/TOT] (8 threads)
[0m       CPCP =   72.996  70.918 [kV, N/S]
 [34m
 VOLTRON
      UT   = 2001-06-01 23:20:20
      tilt =    0.000 [deg]
    Sym-H  =   -5.000 [nT]
    BSDst  ~   17.632 [nT]
           dSMRs  ~     0.65   -0.13   -0.69    0.17 [nT, 12/18/00/06]
   DPSDst  ~   -4.792 [nT]
   Spent    41.5% of time waiting for Gamera
            12.1% of time processing Chimp(Helpers)
             9.6% of time processing IMAG
            13.5% of time processing Remix
            23.1% of time processing Tubes(Helpers)
             0.0% of time writing files
    Running @   84.683% of real-time (8 threads)
[0m  [35m
 RAIJU
      UT   = 2001-06-01 23:20:25
      Time =    20.417 [min]
     dtCpl =  5.00E+00 [sec]
     Max/Min dt @ k:
        Max 3.59E+01 [sec] @ 57
        Min 1.38E-01 [sec] @ 160
     Flav : max Press/Den @ L,MLT; DPS-dst
        0: P =   0.00, D =9075.91 @  1.54 Rp,12.07 MLT; DPS:   0.00
        1: P =   0.17, D =   6.89 @  7.65 Rp,10.01 MLT; DPS:  -0.64
        2: P =   3.09, D =   0.43 @  3.95 Rp,21.67 MLT; DPS:  -5.09
[0m [32m<Writing HDF5 DATA @ t =    20.335 [min] >[0m 
[32m<Writing RAIJU HDF5 DATA @ t =    20.417 [min] >[0m 
 [36m
 GAMERA
      Time =    20.417 [min]
        ts =    15047
        dt =  1.01E-01 [sec]
    dt/dt0 =   84.902%
    Spent     0.0% of time waiting for Voltron
      kZCs =   3421.58 /   1270.48 [MHD/TOT] (8 threads)
[0m       CPCP =   72.860  70.865 [kV, N/S]
 [34m
 VOLTRON
      UT   = 2001-06-01 23:20:25
      tilt =    0.000 [deg]
    Sym-H  =   -5.000 [nT]
    BSDst  ~   17.622 [nT]
           dSMRs  ~     0.66   -0.13   -0.70    0.17 [nT, 12/18/00/06]
   DPSDst  ~   -4.791 [nT]
   Spent    41.5% of time waiting for Gamera
            12.1% of time processing Chimp(Helpers)
             9.6% of time processing IMAG
            13.5% of time processing Remix
            23.1% of time processing Tubes(Helpers)
             0.0% of time writing files
    Running @   84.689% of real-time (8 threads)
[0m  [35m
 RAIJU
      UT   = 2001-06-01 23:20:30
      Time =    20.500 [min]
     dtCpl =  5.00E+00 [sec]
     Max/Min dt @ k:
        Max 3.60E+01 [sec] @ 57
        Min 1.38E-01 [sec] @ 160
     Flav : max Press/Den @ L,MLT; DPS-dst
        0: P =   0.00, D =9075.91 @  1.54 Rp,12.07 MLT; DPS:   0.00
        1: P =   0.17, D =   6.92 @  8.07 Rp,10.34 MLT; DPS:  -0.64
        2: P =   3.09, D =   0.43 @  3.95 Rp,21.54 MLT; DPS:  -5.08
[0m [32m<Writing HDF5 DATA @ t =    20.417 [min] >[0m 
[32m<Writing RAIJU HDF5 DATA @ t =    20.500 [min] >[0m 
 [36m
 GAMERA
      Time =    20.502 [min]
        ts =    15097
        dt =  1.01E-01 [sec]
    dt/dt0 =   84.879%
    Spent     0.0% of time waiting for Voltron
      kZCs =   3425.70 /   1285.62 [MHD/TOT] (8 threads)
[0m       CPCP =   72.702  70.811 [kV, N/S]
 [34m
 VOLTRON
      UT   = 2001-06-01 23:20:30
      tilt =    0.000 [deg]
    Sym-H  =   -5.000 [nT]
    BSDst  ~   17.612 [nT]
           dSMRs  ~     0.67   -0.13   -0.71    0.17 [nT, 12/18/00/06]
   DPSDst  ~   -4.789 [nT]
   Spent    41.5% of time waiting for Gamera
            12.1% of time processing Chimp(Helpers)
             9.6% of time processing IMAG
            13.4% of time processing Remix
            23.1% of time processing Tubes(Helpers)
             0.0% of time writing files
    Running @   84.753% of real-time (8 threads)
[0m  [35m
 RAIJU
      UT   = 2001-06-01 23:20:35
      Time =    20.583 [min]
     dtCpl =  5.00E+00 [sec]
     Max/Min dt @ k:
        Max 3.61E+01 [sec] @ 57
        Min 1.38E-01 [sec] @ 160
     Flav : max Press/Den @ L,MLT; DPS-dst
        0: P =   0.00, D =9075.91 @  1.54 Rp,12.07 MLT; DPS:   0.00
        1: P =   0.17, D =   7.05 @  8.81 Rp,10.53 MLT; DPS:  -0.64
        2: P =   3.09, D =   0.43 @  3.95 Rp,21.54 MLT; DPS:  -5.08
[0m [32m<Writing HDF5 DATA @ t =    20.502 [min] >[0m 
[32m<Writing RAIJU HDF5 DATA @ t =    20.583 [min] >[0m 
 [36m
 GAMERA
      Time =    20.584 [min]
        ts =    15146
        dt =  1.01E-01 [sec]
    dt/dt0 =   84.856%
    Spent     0.0% of time waiting for Voltron
      kZCs =   3425.63 /   1272.76 [MHD/TOT] (8 threads)
[0m       CPCP =   72.545  70.701 [kV, N/S]
 [34m
 VOLTRON
      UT   = 2001-06-01 23:20:35
      tilt =    0.000 [deg]
    Sym-H  =   -5.000 [nT]
    BSDst  ~   17.601 [nT]
           dSMRs  ~     0.68   -0.13   -0.72    0.17 [nT, 12/18/00/06]
   DPSDst  ~   -4.788 [nT]
   Spent    41.5% of time waiting for Gamera
            12.1% of time processing Chimp(Helpers)
             9.7% of time processing IMAG
            13.4% of time processing Remix
            23.1% of time processing Tubes(Helpers)
             0.0% of time writing files
    Running @   84.786% of real-time (8 threads)
[0m  [35m
 RAIJU
      UT   = 2001-06-01 23:20:40
      Time =    20.667 [min]
     dtCpl =  5.00E+00 [sec]
     Max/Min dt @ k:
        Max 3.62E+01 [sec] @ 57
        Min 1.38E-01 [sec] @ 160
     Flav : max Press/Den @ L,MLT; DPS-dst
        0: P =   0.00, D =9075.91 @  1.54 Rp,12.07 MLT; DPS:   0.00
        1: P =   0.17, D =   7.20 @  9.18 Rp,10.07 MLT; DPS:  -0.64
        2: P =   3.09, D =   0.43 @  3.95 Rp,21.54 MLT; DPS:  -5.08
[0m [32m<Writing HDF5 DATA @ t =    20.584 [min] >[0m 
[32m<Writing RAIJU HDF5 DATA @ t =    20.667 [min] >[0m 
 [36m
 GAMERA
      Time =    20.667 [min]
        ts =    15195
        dt =  1.01E-01 [sec]
    dt/dt0 =   84.835%
    Spent     0.0% of time waiting for Voltron
      kZCs =   3425.79 /   1272.36 [MHD/TOT] (8 threads)
[0m       CPCP =   72.373  70.551 [kV, N/S]
 [34m
 VOLTRON
      UT   = 2001-06-01 23:20:40
      tilt =    0.000 [deg]
    Sym-H  =   -5.000 [nT]
    BSDst  ~   17.587 [nT]
           dSMRs  ~     0.69   -0.13   -0.73    0.17 [nT, 12/18/00/06]
   DPSDst  ~   -4.765 [nT]
   Spent    41.5% of time waiting for Gamera
            12.1% of time processing Chimp(Helpers)
             9.7% of time processing IMAG
            13.4% of time processing Remix
            23.1% of time processing Tubes(Helpers)
             0.0% of time writing files
    Running @   84.816% of real-time (8 threads)
[0m  [35m
 RAIJU
      UT   = 2001-06-01 23:20:45
      Time =    20.750 [min]
     dtCpl =  5.00E+00 [sec]
     Max/Min dt @ k:
        Max 3.61E+01 [sec] @ 57
        Min 1.38E-01 [sec] @ 160
     Flav : max Press/Den @ L,MLT; DPS-dst
        0: P =   0.00, D =9075.91 @  1.54 Rp,12.07 MLT; DPS:   0.00
        1: P =   0.14, D =   5.43 @  7.53 Rp,10.53 MLT; DPS:  -0.62
        2: P =   3.09, D =   0.43 @  3.95 Rp,21.54 MLT; DPS:  -5.07
[0m [32m<Writing HDF5 DATA @ t =    20.667 [min] >[0m 
[32m<Writing RAIJU HDF5 DATA @ t =    20.750 [min] >[0m 
 [36m
 GAMERA
      Time =    20.751 [min]
        ts =    15245
        dt =  1.01E-01 [sec]
    dt/dt0 =   84.814%
    Spent     0.0% of time waiting for Voltron
      kZCs =   3423.64 /   1288.19 [MHD/TOT] (8 threads)
[0m       CPCP =   72.208  70.360 [kV, N/S]
 [34m
 VOLTRON
      UT   = 2001-06-01 23:20:45
      tilt =    0.000 [deg]
    Sym-H  =   -5.000 [nT]
    BSDst  ~   17.569 [nT]
           dSMRs  ~     0.70   -0.13   -0.74    0.17 [nT, 12/18/00/06]
   DPSDst  ~   -4.759 [nT]
   Spent    41.6% of time waiting for Gamera
            12.1% of time processing Chimp(Helpers)
             9.7% of time processing IMAG
            13.4% of time processing Remix
            23.0% of time processing Tubes(Helpers)
             0.0% of time writing files
    Running @   84.879% of real-time (8 threads)
[0m  [35m
 RAIJU
      UT   = 2001-06-01 23:20:50
      Time =    20.833 [min]
     dtCpl =  5.00E+00 [sec]
     Max/Min dt @ k:
        Max 3.62E+01 [sec] @ 57
        Min 1.38E-01 [sec] @ 160
     Flav : max Press/Den @ L,MLT; DPS-dst
        0: P =   0.00, D =9075.91 @  1.54 Rp,12.07 MLT; DPS:   0.00
        1: P =   0.15, D =   6.35 @  7.56 Rp, 9.97 MLT; DPS:  -0.62
        2: P =   3.09, D =   0.43 @  3.95 Rp,21.54 MLT; DPS:  -5.07
[0m [32m<Writing HDF5 DATA @ t =    20.751 [min] >[0m 
[32m<Writing RAIJU HDF5 DATA @ t =    20.833 [min] >[0m 
 [36m
 GAMERA
      Time =    20.835 [min]
        ts =    15295
        dt =  1.01E-01 [sec]
    dt/dt0 =   84.793%
    Spent     0.0% of time waiting for Voltron
      kZCs =   3423.48 /   1290.19 [MHD/TOT] (8 threads)
[0m       CPCP =   72.057  70.186 [kV, N/S]
 [34m
 VOLTRON
      UT   = 2001-06-01 23:20:50
      tilt =    0.000 [deg]
    Sym-H  =   -5.000 [nT]
    BSDst  ~   17.550 [nT]
           dSMRs  ~     0.70   -0.13   -0.74    0.18 [nT, 12/18/00/06]
   DPSDst  ~   -4.752 [nT]
   Spent    41.7% of time waiting for Gamera
            12.1% of time processing Chimp(Helpers)
             9.7% of time processing IMAG
            13.4% of time processing Remix
            23.0% of time processing Tubes(Helpers)
             0.0% of time writing files
    Running @   84.942% of real-time (8 threads)
[0m  [35m
 RAIJU
      UT   = 2001-06-01 23:20:55
      Time =    20.917 [min]
     dtCpl =  5.00E+00 [sec]
     Max/Min dt @ k:
        Max 3.62E+01 [sec] @ 57
        Min 1.38E-01 [sec] @ 160
     Flav : max Press/Den @ L,MLT; DPS-dst
        0: P =   0.00, D =9075.91 @  1.54 Rp,12.07 MLT; DPS:   0.00
        1: P =   0.15, D =   6.37 @  7.62 Rp, 9.96 MLT; DPS:  -0.62
        2: P =   3.09, D =   0.43 @  3.95 Rp,21.54 MLT; DPS:  -5.06
[0m [32m<Writing HDF5 DATA @ t =    20.835 [min] >[0m 
[32m<Writing RAIJU HDF5 DATA @ t =    20.917 [min] >[0m 
 [36m
 GAMERA
      Time =    20.917 [min]
        ts =    15344
        dt =  1.01E-01 [sec]
    dt/dt0 =   84.773%
    Spent     0.0% of time waiting for Voltron
      kZCs =   3423.68 /   1274.83 [MHD/TOT] (8 threads)
[0m       CPCP =   71.932  70.043 [kV, N/S]
 [34m
 VOLTRON
      UT   = 2001-06-01 23:20:55
      tilt =    0.000 [deg]
    Sym-H  =   -5.000 [nT]
    BSDst  ~   17.530 [nT]
           dSMRs  ~     0.71   -0.13   -0.75    0.18 [nT, 12/18/00/06]
   DPSDst  ~   -4.751 [nT]
   Spent    41.7% of time waiting for Gamera
            12.1% of time processing Chimp(Helpers)
             9.7% of time processing IMAG
            13.4% of time processing Remix
            23.0% of time processing Tubes(Helpers)
             0.0% of time writing files
    Running @   84.919% of real-time (8 threads)
[0m  [35m
 RAIJU
      UT   = 2001-06-01 23:20:59
      Time =    21.000 [min]
     dtCpl =  5.00E+00 [sec]
     Max/Min dt @ k:
        Max 3.63E+01 [sec] @ 57
        Min 1.38E-01 [sec] @ 160
     Flav : max Press/Den @ L,MLT; DPS-dst
        0: P =   0.00, D =9075.91 @  1.54 Rp,12.07 MLT; DPS:   0.00
        1: P =   0.15, D =   6.40 @  7.86 Rp,10.01 MLT; DPS:  -0.62
        2: P =   3.09, D =   0.43 @  3.95 Rp,21.54 MLT; DPS:  -5.06
[0m [32m<Writing HDF5 DATA @ t =    20.917 [min] >[0m 
[32m<Writing RAIJU HDF5 DATA @ t =    21.000 [min] >[0m 
 [36m
 GAMERA
      Time =    21.002 [min]
        ts =    15394
        dt =  1.01E-01 [sec]
    dt/dt0 =   84.751%
    Spent     0.0% of time waiting for Voltron
      kZCs =   3423.64 /   1289.88 [MHD/TOT] (8 threads)
[0m       CPCP =   71.846  69.868 [kV, N/S]
 [34m
 VOLTRON
      UT   = 2001-06-01 23:21:00
      tilt =    0.000 [deg]
    Sym-H  =   -5.000 [nT]
    BSDst  ~   17.511 [nT]
           dSMRs  ~     0.72   -0.13   -0.76    0.18 [nT, 12/18/00/06]
   DPSDst  ~   -4.743 [nT]
   Spent    41.7% of time waiting for Gamera
            12.1% of time processing Chimp(Helpers)
             9.6% of time processing IMAG
            13.4% of time processing Remix
            23.0% of time processing Tubes(Helpers)
             0.0% of time writing files
    Running @   84.968% of real-time (8 threads)
[0m  [35m
 RAIJU
      UT   = 2001-06-01 23:21:05
      Time =    21.083 [min]
     dtCpl =  5.00E+00 [sec]
     Max/Min dt @ k:
        Max 3.63E+01 [sec] @ 57
        Min 1.38E-01 [sec] @ 160
     Flav : max Press/Den @ L,MLT; DPS-dst
        0: P =   0.00, D =9075.91 @  1.54 Rp,12.07 MLT; DPS:   0.00
        1: P =   0.12, D =   3.02 @ 11.75 Rp,23.95 MLT; DPS:  -0.61
        2: P =   3.09, D =   0.43 @  3.95 Rp,21.54 MLT; DPS:  -5.06
[0m [32m<Writing HDF5 DATA @ t =    21.002 [min] >[0m 
[32m<Writing RAIJU HDF5 DATA @ t =    21.083 [min] >[0m 
 [36m
 GAMERA
      Time =    21.084 [min]
        ts =    15443
        dt =  1.01E-01 [sec]
    dt/dt0 =   84.727%
    Spent     0.0% of time waiting for Voltron
      kZCs =   3424.01 /   1275.41 [MHD/TOT] (8 threads)
[0m       CPCP =   71.791  69.707 [kV, N/S]
 [34m
 VOLTRON
      UT   = 2001-06-01 23:21:05
      tilt =    0.000 [deg]
    Sym-H  =   -5.000 [nT]
    BSDst  ~   17.495 [nT]
           dSMRs  ~     0.73   -0.13   -0.77    0.18 [nT, 12/18/00/06]
   DPSDst  ~   -4.742 [nT]
   Spent    41.7% of time waiting for Gamera
            12.1% of time processing Chimp(Helpers)
             9.7% of time processing IMAG
            13.4% of time processing Remix
            23.0% of time processing Tubes(Helpers)
             0.0% of time writing files
    Running @   84.753% of real-time (8 threads)
[0m  [35m
 RAIJU
      UT   = 2001-06-01 23:21:10
      Time =    21.167 [min]
     dtCpl =  5.00E+00 [sec]
     Max/Min dt @ k:
        Max 3.63E+01 [sec] @ 57
        Min 1.38E-01 [sec] @ 160
     Flav : max Press/Den @ L,MLT; DPS-dst
        0: P =   0.00, D =9075.91 @  1.54 Rp,12.07 MLT; DPS:   0.00
        1: P =   0.12, D =   3.02 @ 11.77 Rp,23.96 MLT; DPS:  -0.61
        2: P =   3.09, D =   0.43 @  3.95 Rp,21.54 MLT; DPS:  -5.06
[0m [32m<Writing HDF5 DATA @ t =    21.084 [min] >[0m 
[32m<Writing RAIJU HDF5 DATA @ t =    21.167 [min] >[0m 
 [36m
 GAMERA
      Time =    21.168 [min]
        ts =    15493
        dt =  1.01E-01 [sec]
    dt/dt0 =   84.700%
    Spent     0.0% of time waiting for Voltron
      kZCs =   3425.86 /   1290.76 [MHD/TOT] (8 threads)
[0m       CPCP =   71.760  69.568 [kV, N/S]
 [34m
 VOLTRON
      UT   = 2001-06-01 23:21:10
      tilt =    0.000 [deg]
    Sym-H  =   -5.000 [nT]
    BSDst  ~   17.484 [nT]
           dSMRs  ~     0.74   -0.13   -0.78    0.18 [nT, 12/18/00/06]
   DPSDst  ~   -4.742 [nT]
   Spent    41.8% of time waiting for Gamera
            12.1% of time processing Chimp(Helpers)
             9.6% of time processing IMAG
            13.4% of time processing Remix
            22.9% of time processing Tubes(Helpers)
             0.0% of time writing files
    Running @   84.803% of real-time (8 threads)
[0m  [35m
 RAIJU
      UT   = 2001-06-01 23:21:15
      Time =    21.250 [min]
     dtCpl =  5.00E+00 [sec]
     Max/Min dt @ k:
        Max 3.62E+01 [sec] @ 57
        Min 1.38E-01 [sec] @ 160
     Flav : max Press/Den @ L,MLT; DPS-dst
        0: P =   0.00, D =9075.91 @  1.54 Rp,12.07 MLT; DPS:   0.00
        1: P =   0.12, D =   3.01 @ 11.79 Rp,23.96 MLT; DPS:  -0.61
        2: P =   3.09, D =   0.43 @  3.95 Rp,21.54 MLT; DPS:  -5.06
[0m [32m<Writing HDF5 DATA @ t =    21.168 [min] >[0m 
[32m<Writing RAIJU HDF5 DATA @ t =    21.250 [min] >[0m 
 [36m
 GAMERA
      Time =    21.250 [min]
        ts =    15542
        dt =  1.01E-01 [sec]
    dt/dt0 =   84.673%
    Spent     0.0% of time waiting for Voltron
      kZCs =   3424.17 /   1275.57 [MHD/TOT] (8 threads)
[0m       CPCP =   71.741  69.425 [kV, N/S]
 [34m
 VOLTRON
      UT   = 2001-06-01 23:21:15
      tilt =    0.000 [deg]
    Sym-H  =   -5.000 [nT]
    BSDst  ~   17.478 [nT]
           dSMRs  ~     0.75   -0.13   -0.79    0.18 [nT, 12/18/00/06]
   DPSDst  ~   -4.741 [nT]
   Spent    41.7% of time waiting for Gamera
            12.1% of time processing Chimp(Helpers)
             9.7% of time processing IMAG
            13.4% of time processing Remix
            22.9% of time processing Tubes(Helpers)
             0.0% of time writing files
    Running @   84.832% of real-time (8 threads)
[0m  [35m
 RAIJU
      UT   = 2001-06-01 23:21:20
      Time =    21.333 [min]
     dtCpl =  5.00E+00 [sec]
     Max/Min dt @ k:
        Max 3.62E+01 [sec] @ 57
        Min 1.38E-01 [sec] @ 160
     Flav : max Press/Den @ L,MLT; DPS-dst
        0: P =   0.00, D =9075.91 @  1.54 Rp,12.07 MLT; DPS:   0.00
        1: P =   0.12, D =   3.01 @ 11.81 Rp,23.96 MLT; DPS:  -0.61
        2: P =   3.09, D =   0.43 @  3.95 Rp,21.54 MLT; DPS:  -5.06
[0m [32m<Writing HDF5 DATA @ t =    21.250 [min] >[0m 
[32m<Writing RAIJU HDF5 DATA @ t =    21.333 [min] >[0m 
 [36m
 GAMERA
      Time =    21.334 [min]
        ts =    15592
        dt =  1.01E-01 [sec]
    dt/dt0 =   84.643%
    Spent     0.0% of time waiting for Voltron
      kZCs =   3425.39 /   1290.73 [MHD/TOT] (8 threads)
[0m       CPCP =   71.684  69.302 [kV, N/S]
 [34m
 VOLTRON
      UT   = 2001-06-01 23:21:20
      tilt =    0.000 [deg]
    Sym-H  =   -5.000 [nT]
    BSDst  ~   17.475 [nT]
           dSMRs  ~     0.75   -0.13   -0.80    0.18 [nT, 12/18/00/06]
   DPSDst  ~   -4.747 [nT]
   Spent    41.8% of time waiting for Gamera
            12.1% of time processing Chimp(Helpers)
             9.7% of time processing IMAG
            13.3% of time processing Remix
            22.9% of time processing Tubes(Helpers)
             0.0% of time writing files
    Running @   84.868% of real-time (8 threads)
[0m  [35m
 RAIJU
      UT   = 2001-06-01 23:21:25
      Time =    21.417 [min]
     dtCpl =  5.00E+00 [sec]
     Max/Min dt @ k:
        Max 3.62E+01 [sec] @ 57
        Min 1.38E-01 [sec] @ 160
     Flav : max Press/Den @ L,MLT; DPS-dst
        0: P =   0.00, D =9075.91 @  1.54 Rp,12.07 MLT; DPS:   0.00
        1: P =   0.17, D =   6.96 @  8.41 Rp,11.45 MLT; DPS:  -0.61
        2: P =   3.09, D =   0.43 @  3.95 Rp,21.54 MLT; DPS:  -5.06
[0m [32m<Writing HDF5 DATA @ t =    21.334 [min] >[0m 
[32m<Writing RAIJU HDF5 DATA @ t =    21.417 [min] >[0m 
 [36m
 GAMERA
      Time =    21.418 [min]
        ts =    15642
        dt =  1.01E-01 [sec]
    dt/dt0 =   84.614%
    Spent     0.0% of time waiting for Voltron
      kZCs =   3423.80 /   1290.80 [MHD/TOT] (8 threads)
[0m       CPCP =   71.640  69.228 [kV, N/S]
 [34m
 VOLTRON
      UT   = 2001-06-01 23:21:25
      tilt =    0.000 [deg]
    Sym-H  =   -5.000 [nT]
    BSDst  ~   17.474 [nT]
           dSMRs  ~     0.76   -0.13   -0.80    0.18 [nT, 12/18/00/06]
   DPSDst  ~   -4.750 [nT]
   Spent    41.8% of time waiting for Gamera
            12.1% of time processing Chimp(Helpers)
             9.7% of time processing IMAG
            13.3% of time processing Remix
            22.9% of time processing Tubes(Helpers)
             0.0% of time writing files
    Running @   84.928% of real-time (8 threads)
[0m  [35m
 RAIJU
      UT   = 2001-06-01 23:21:30
      Time =    21.500 [min]
     dtCpl =  5.00E+00 [sec]
     Max/Min dt @ k:
        Max 3.63E+01 [sec] @ 57
        Min 1.38E-01 [sec] @ 160
     Flav : max Press/Den @ L,MLT; DPS-dst
        0: P =   0.00, D =9075.91 @  1.54 Rp,12.07 MLT; DPS:   0.00
        1: P =   0.17, D =   7.09 @  8.35 Rp,11.10 MLT; DPS:  -0.61
        2: P =   3.09, D =   0.43 @  3.99 Rp,21.43 MLT; DPS:  -5.06
[0m [32m<Writing HDF5 DATA @ t =    21.418 [min] >[0m 
[32m<Writing RAIJU HDF5 DATA @ t =    21.500 [min] >[0m 
 [36m
 GAMERA
      Time =    21.501 [min]
        ts =    15691
        dt =  1.01E-01 [sec]
    dt/dt0 =   84.598%
    Spent     0.0% of time waiting for Voltron
      kZCs =   3424.50 /   1275.66 [MHD/TOT] (8 threads)
[0m       CPCP =   71.634  69.175 [kV, N/S]
 [34m
 VOLTRON
      UT   = 2001-06-01 23:21:30
      tilt =    0.000 [deg]
    Sym-H  =   -5.000 [nT]
    BSDst  ~   17.479 [nT]
           dSMRs  ~     0.77   -0.13   -0.81    0.18 [nT, 12/18/00/06]
   DPSDst  ~   -4.764 [nT]
   Spent    41.8% of time waiting for Gamera
            12.1% of time processing Chimp(Helpers)
             9.7% of time processing IMAG
            13.3% of time processing Remix
            22.9% of time processing Tubes(Helpers)
             0.0% of time writing files
    Running @   84.898% of real-time (8 threads)
[0m  [35m
 RAIJU
      UT   = 2001-06-01 23:21:35
      Time =    21.583 [min]
     dtCpl =  5.00E+00 [sec]
     Max/Min dt @ k:
        Max 3.62E+01 [sec] @ 57
        Min 1.38E-01 [sec] @ 160
     Flav : max Press/Den @ L,MLT; DPS-dst
        0: P =   0.00, D =9075.91 @  1.54 Rp,12.07 MLT; DPS:   0.00
        1: P =   0.18, D =   7.34 @  8.76 Rp, 9.98 MLT; DPS:  -0.62
        2: P =   3.09, D =   0.43 @  3.95 Rp,21.40 MLT; DPS:  -5.07
[0m [32m<Writing HDF5 DATA @ t =    21.501 [min] >[0m 
[32m<Writing RAIJU HDF5 DATA @ t =    21.583 [min] >[0m 
 [36m
 GAMERA
      Time =    21.584 [min]
        ts =    15741
        dt =  1.01E-01 [sec]
    dt/dt0 =   84.587%
    Spent     0.0% of time waiting for Voltron
      kZCs =   3423.95 /   1292.11 [MHD/TOT] (8 threads)
[0m       CPCP =   71.623  69.117 [kV, N/S]
 [34m
 VOLTRON
      UT   = 2001-06-01 23:21:35
      tilt =    0.000 [deg]
    Sym-H  =   -5.000 [nT]
    BSDst  ~   17.487 [nT]
           dSMRs  ~     0.77   -0.13   -0.82    0.18 [nT, 12/18/00/06]
   DPSDst  ~   -4.750 [nT]
   Spent    41.8% of time waiting for Gamera
            12.1% of time processing Chimp(Helpers)
             9.7% of time processing IMAG
            13.3% of time processing Remix
            22.9% of time processing Tubes(Helpers)
             0.0% of time writing files
    Running @   84.957% of real-time (8 threads)
[0m  [35m
 RAIJU
      UT   = 2001-06-01 23:21:40
      Time =    21.667 [min]
     dtCpl =  5.00E+00 [sec]
     Max/Min dt @ k:
        Max 3.62E+01 [sec] @ 57
        Min 1.38E-01 [sec] @ 160
     Flav : max Press/Den @ L,MLT; DPS-dst
        0: P =   0.00, D =9075.91 @  1.54 Rp,12.07 MLT; DPS:   0.00
        1: P =   0.18, D =   7.27 @  9.68 Rp,12.01 MLT; DPS:  -0.61
        2: P =   3.09, D =   0.43 @  3.95 Rp,21.40 MLT; DPS:  -5.06
[0m [32m<Writing HDF5 DATA @ t =    21.584 [min] >[0m 
[32m<Writing RAIJU HDF5 DATA @ t =    21.667 [min] >[0m 
 [36m
 GAMERA
      Time =    21.667 [min]
        ts =    15790
        dt =  1.01E-01 [sec]
    dt/dt0 =   84.578%
    Spent     0.0% of time waiting for Voltron
      kZCs =   3424.66 /   1277.19 [MHD/TOT] (8 threads)
[0m       CPCP =   71.614  69.095 [kV, N/S]
 [34m
 VOLTRON
      UT   = 2001-06-01 23:21:40
      tilt =    0.000 [deg]
    Sym-H  =   -5.000 [nT]
    BSDst  ~   17.496 [nT]
           dSMRs  ~     0.78   -0.13   -0.82    0.18 [nT, 12/18/00/06]
   DPSDst  ~   -4.747 [nT]
   Spent    41.8% of time waiting for Gamera
            12.1% of time processing Chimp(Helpers)
             9.7% of time processing IMAG
            13.3% of time processing Remix
            22.9% of time processing Tubes(Helpers)
             0.0% of time writing files
    Running @   84.937% of real-time (8 threads)
[0m  [35m
 RAIJU
      UT   = 2001-06-01 23:21:45
      Time =    21.750 [min]
     dtCpl =  5.00E+00 [sec]
     Max/Min dt @ k:
        Max 3.62E+01 [sec] @ 57
        Min 1.38E-01 [sec] @ 160
     Flav : max Press/Den @ L,MLT; DPS-dst
        0: P =   0.00, D =9075.91 @  1.54 Rp,12.07 MLT; DPS:   0.00
        1: P =   0.18, D =   7.27 @  9.72 Rp,12.04 MLT; DPS:  -0.61
        2: P =   3.09, D =   0.43 @  3.95 Rp,21.40 MLT; DPS:  -5.06
[0m [32m<Writing HDF5 DATA @ t =    21.667 [min] >[0m 
[32m<Writing RAIJU HDF5 DATA @ t =    21.750 [min] >[0m 
 [36m
 GAMERA
      Time =    21.751 [min]
        ts =    15840
        dt =  1.01E-01 [sec]
    dt/dt0 =   84.567%
    Spent     0.0% of time waiting for Voltron
      kZCs =   3424.27 /   1294.09 [MHD/TOT] (8 threads)
[0m       CPCP =   71.638  69.135 [kV, N/S]
 [34m
 VOLTRON
      UT   = 2001-06-01 23:21:45
      tilt =    0.000 [deg]
    Sym-H  =   -5.000 [nT]
    BSDst  ~   17.503 [nT]
           dSMRs  ~     0.78   -0.13   -0.83    0.18 [nT, 12/18/00/06]
   DPSDst  ~   -4.745 [nT]
   Spent    41.9% of time waiting for Gamera
            12.1% of time processing Chimp(Helpers)
             9.7% of time processing IMAG
            13.3% of time processing Remix
            22.8% of time processing Tubes(Helpers)
             0.0% of time writing files
    Running @   84.998% of real-time (8 threads)
[0m  [35m
 RAIJU
      UT   = 2001-06-01 23:21:50
      Time =    21.833 [min]
     dtCpl =  5.00E+00 [sec]
     Max/Min dt @ k:
        Max 3.61E+01 [sec] @ 57
        Min 1.38E-01 [sec] @ 160
     Flav : max Press/Den @ L,MLT; DPS-dst
        0: P =   0.00, D =9075.91 @  1.54 Rp,12.07 MLT; DPS:   0.00
        1: P =   0.18, D =   7.26 @  9.75 Rp,12.07 MLT; DPS:  -0.61
        2: P =   3.09, D =   0.43 @  3.95 Rp,21.40 MLT; DPS:  -5.06
[0m [32m<Writing HDF5 DATA @ t =    21.751 [min] >[0m 
[32m<Writing RAIJU HDF5 DATA @ t =    21.833 [min] >[0m 
 [36m
 GAMERA
      Time =    21.835 [min]
        ts =    15890
        dt =  1.01E-01 [sec]
    dt/dt0 =   84.557%
    Spent     0.0% of time waiting for Voltron
      kZCs =   3424.11 /   1294.45 [MHD/TOT] (8 threads)
[0m       CPCP =   71.661  69.168 [kV, N/S]
 [34m
 VOLTRON
      UT   = 2001-06-01 23:21:50
      tilt =    0.000 [deg]
    Sym-H  =   -5.000 [nT]
    BSDst  ~   17.507 [nT]
           dSMRs  ~     0.78   -0.13   -0.83    0.18 [nT, 12/18/00/06]
   DPSDst  ~   -4.742 [nT]
   Spent    41.9% of time waiting for Gamera
            12.1% of time processing Chimp(Helpers)
             9.7% of time processing IMAG
            13.3% of time processing Remix
            22.8% of time processing Tubes(Helpers)
             0.0% of time writing files
    Running @   85.057% of real-time (8 threads)
[0m  [35m
 RAIJU
      UT   = 2001-06-01 23:21:55
      Time =    21.917 [min]
     dtCpl =  5.00E+00 [sec]
     Max/Min dt @ k:
        Max 3.61E+01 [sec] @ 57
        Min 1.38E-01 [sec] @ 160
     Flav : max Press/Den @ L,MLT; DPS-dst
        0: P =   0.00, D =9075.91 @  1.54 Rp,12.07 MLT; DPS:   0.00
        1: P =   0.18, D =   7.25 @  9.74 Rp,12.07 MLT; DPS:  -0.61
        2: P =   3.09, D =   0.43 @  3.95 Rp,21.40 MLT; DPS:  -5.06
[0m [32m<Writing HDF5 DATA @ t =    21.835 [min] >[0m 
[32m<Writing RAIJU HDF5 DATA @ t =    21.917 [min] >[0m 
 [36m
 GAMERA
      Time =    21.917 [min]
        ts =    15939
        dt =  1.01E-01 [sec]
    dt/dt0 =   84.546%
    Spent     0.0% of time waiting for Voltron
      kZCs =   3421.74 /   1278.10 [MHD/TOT] (8 threads)
[0m       CPCP =   71.655  69.177 [kV, N/S]
 [34m
 VOLTRON
      UT   = 2001-06-01 23:21:55
      tilt =    0.000 [deg]
    Sym-H  =   -5.000 [nT]
    BSDst  ~   17.507 [nT]
           dSMRs  ~     0.78   -0.13   -0.83    0.18 [nT, 12/18/00/06]
   DPSDst  ~   -4.727 [nT]
   Spent    41.9% of time waiting for Gamera
            12.1% of time processing Chimp(Helpers)
             9.7% of time processing IMAG
            13.3% of time processing Remix
            22.8% of time processing Tubes(Helpers)
             0.0% of time writing files
    Running @   85.081% of real-time (8 threads)
[0m  [35m
 RAIJU
      UT   = 2001-06-01 23:21:59
      Time =    22.000 [min]
     dtCpl =  5.00E+00 [sec]
     Max/Min dt @ k:
        Max 3.61E+01 [sec] @ 57
        Min 1.38E-01 [sec] @ 160
     Flav : max Press/Den @ L,MLT; DPS-dst
        0: P =   0.00, D =9075.91 @  1.54 Rp,12.07 MLT; DPS:   0.00
        1: P =   0.12, D =   3.00 @ 11.94 Rp, 0.00 MLT; DPS:  -0.60
        2: P =   3.09, D =   0.43 @  3.95 Rp,21.40 MLT; DPS:  -5.05
[0m [32m<Writing HDF5 DATA @ t =    21.917 [min] >[0m 
[32m<Writing RAIJU HDF5 DATA @ t =    22.000 [min] >[0m 
 [36m
 GAMERA
      Time =    22.001 [min]
        ts =    15989
        dt =  1.01E-01 [sec]
    dt/dt0 =   84.535%
    Spent     0.0% of time waiting for Voltron
      kZCs =   3424.59 /   1294.93 [MHD/TOT] (8 threads)
[0m       CPCP =   71.594  69.217 [kV, N/S]
 [34m
 VOLTRON
      UT   = 2001-06-01 23:22:00
      tilt =    0.000 [deg]
    Sym-H  =   -5.000 [nT]
    BSDst  ~   17.506 [nT]
           dSMRs  ~     0.78   -0.13   -0.83    0.18 [nT, 12/18/00/06]
   DPSDst  ~   -4.736 [nT]
   Spent    41.9% of time waiting for Gamera
            12.1% of time processing Chimp(Helpers)
             9.7% of time processing IMAG
            13.3% of time processing Remix
            22.8% of time processing Tubes(Helpers)
             0.0% of time writing files
    Running @   85.139% of real-time (8 threads)
[0m  [35m
 RAIJU
      UT   = 2001-06-01 23:22:05
      Time =    22.083 [min]
     dtCpl =  5.00E+00 [sec]
     Max/Min dt @ k:
        Max 3.61E+01 [sec] @ 57
        Min 1.38E-01 [sec] @ 160
     Flav : max Press/Den @ L,MLT; DPS-dst
        0: P =   0.00, D =9075.91 @  1.54 Rp,12.07 MLT; DPS:   0.00
        1: P =   0.18, D =   7.25 @  9.09 Rp,12.00 MLT; DPS:  -0.60
        2: P =   3.09, D =   0.43 @  3.95 Rp,21.40 MLT; DPS:  -5.06
[0m [32m<Writing HDF5 DATA @ t =    22.001 [min] >[0m 
[32m<Writing RAIJU HDF5 DATA @ t =    22.083 [min] >[0m 
 [36m
 GAMERA
      Time =    22.084 [min]
        ts =    16039
        dt =  1.01E-01 [sec]
    dt/dt0 =   84.523%
    Spent     0.0% of time waiting for Voltron
      kZCs =   3423.95 /   1295.36 [MHD/TOT] (8 threads)
[0m       CPCP =   71.486  69.223 [kV, N/S]
 [34m
 VOLTRON
      UT   = 2001-06-01 23:22:05
      tilt =    0.000 [deg]
    Sym-H  =   -5.000 [nT]
    BSDst  ~   17.501 [nT]
           dSMRs  ~     0.79   -0.13   -0.83    0.18 [nT, 12/18/00/06]
   DPSDst  ~   -4.732 [nT]
   Spent    42.0% of time waiting for Gamera
            12.1% of time processing Chimp(Helpers)
             9.7% of time processing IMAG
            13.2% of time processing Remix
            22.8% of time processing Tubes(Helpers)
             0.0% of time writing files
    Running @   85.195% of real-time (8 threads)
[0m  [35m
 RAIJU
      UT   = 2001-06-01 23:22:10
      Time =    22.167 [min]
     dtCpl =  5.00E+00 [sec]
     Max/Min dt @ k:
        Max 3.61E+01 [sec] @ 57
        Min 1.38E-01 [sec] @ 160
     Flav : max Press/Den @ L,MLT; DPS-dst
        0: P =   0.00, D =9075.91 @  1.54 Rp,12.07 MLT; DPS:   0.00
        1: P =   0.18, D =   7.18 @  9.42 Rp,12.22 MLT; DPS:  -0.60
        2: P =   3.09, D =   0.43 @  3.95 Rp,21.40 MLT; DPS:  -5.05
[0m [32m<Writing HDF5 DATA @ t =    22.084 [min] >[0m 
[32m<Writing RAIJU HDF5 DATA @ t =    22.167 [min] >[0m 
 [36m
 GAMERA
      Time =    22.168 [min]
        ts =    16089
        dt =  1.01E-01 [sec]
    dt/dt0 =   84.510%
    Spent     0.0% of time waiting for Voltron
      kZCs =   3422.84 /   1295.13 [MHD/TOT] (8 threads)
[0m       CPCP =   71.435  69.260 [kV, N/S]
 [34m
 VOLTRON
      UT   = 2001-06-01 23:22:10
      tilt =    0.000 [deg]
    Sym-H  =   -5.000 [nT]
    BSDst  ~   17.495 [nT]
           dSMRs  ~     0.79   -0.13   -0.83    0.18 [nT, 12/18/00/06]
   DPSDst  ~   -4.723 [nT]
   Spent    42.0% of time waiting for Gamera
            12.1% of time processing Chimp(Helpers)
             9.7% of time processing IMAG
            13.2% of time processing Remix
            22.8% of time processing Tubes(Helpers)
             0.0% of time writing files
    Running @   85.221% of real-time (8 threads)
[0m  [35m
 RAIJU
      UT   = 2001-06-01 23:22:15
      Time =    22.250 [min]
     dtCpl =  5.00E+00 [sec]
     Max/Min dt @ k:
        Max 3.61E+01 [sec] @ 57
        Min 1.38E-01 [sec] @ 160
     Flav : max Press/Den @ L,MLT; DPS-dst
        0: P =   0.00, D =9075.91 @  1.54 Rp,12.07 MLT; DPS:   0.00
        1: P =   0.18, D =   7.18 @  9.90 Rp,12.93 MLT; DPS:  -0.59
        2: P =   3.09, D =   0.43 @  3.95 Rp,21.27 MLT; DPS:  -5.05
[0m [32m<Writing HDF5 DATA @ t =    22.168 [min] >[0m 
[32m<Writing RAIJU HDF5 DATA @ t =    22.250 [min] >[0m 
 [36m
 GAMERA
      Time =    22.251 [min]
        ts =    16138
        dt =  1.01E-01 [sec]
    dt/dt0 =   84.497%
    Spent     0.0% of time waiting for Voltron
      kZCs =   3423.20 /   1281.36 [MHD/TOT] (8 threads)
[0m       CPCP =   71.449  69.283 [kV, N/S]
 [34m
 VOLTRON
      UT   = 2001-06-01 23:22:15
      tilt =    0.000 [deg]
    Sym-H  =   -5.000 [nT]
    BSDst  ~   17.489 [nT]
           dSMRs  ~     0.79   -0.13   -0.83    0.18 [nT, 12/18/00/06]
   DPSDst  ~   -4.721 [nT]
   Spent    42.0% of time waiting for Gamera
            12.1% of time processing Chimp(Helpers)
             9.7% of time processing IMAG
            13.2% of time processing Remix
            22.8% of time processing Tubes(Helpers)
             0.0% of time writing files
    Running @   85.244% of real-time (8 threads)
[0m  [35m
 RAIJU
      UT   = 2001-06-01 23:22:20
      Time =    22.333 [min]
     dtCpl =  5.00E+00 [sec]
     Max/Min dt @ k:
        Max 3.61E+01 [sec] @ 57
        Min 1.38E-01 [sec] @ 160
     Flav : max Press/Den @ L,MLT; DPS-dst
        0: P =   0.00, D =9075.91 @  1.54 Rp,12.07 MLT; DPS:   0.00
        1: P =   0.18, D =   7.17 @  9.96 Rp,12.96 MLT; DPS:  -0.59
        2: P =   3.09, D =   0.43 @  3.95 Rp,21.27 MLT; DPS:  -5.05
[0m [32m<Writing HDF5 DATA @ t =    22.251 [min] >[0m 
[32m<Writing RAIJU HDF5 DATA @ t =    22.333 [min] >[0m 
 [36m
 GAMERA
      Time =    22.334 [min]
        ts =    16188
        dt =  1.01E-01 [sec]
    dt/dt0 =   84.485%
    Spent     0.0% of time waiting for Voltron
      kZCs =   3422.05 /   1296.23 [MHD/TOT] (8 threads)
[0m       CPCP =   71.491  69.277 [kV, N/S]
 [34m
 VOLTRON
      UT   = 2001-06-01 23:22:20
      tilt =    0.000 [deg]
    Sym-H  =   -5.000 [nT]
    BSDst  ~   17.482 [nT]
           dSMRs  ~     0.79   -0.14   -0.83    0.18 [nT, 12/18/00/06]
   DPSDst  ~   -4.719 [nT]
   Spent    42.0% of time waiting for Gamera
            12.1% of time processing Chimp(Helpers)
             9.7% of time processing IMAG
            13.2% of time processing Remix
            22.8% of time processing Tubes(Helpers)
             0.0% of time writing files
    Running @   85.298% of real-time (8 threads)
[0m  [35m
 RAIJU
      UT   = 2001-06-01 23:22:25
      Time =    22.417 [min]
     dtCpl =  5.00E+00 [sec]
     Max/Min dt @ k:
        Max 3.61E+01 [sec] @ 57
        Min 1.38E-01 [sec] @ 160
     Flav : max Press/Den @ L,MLT; DPS-dst
        0: P =   0.00, D =9075.91 @  1.54 Rp,12.07 MLT; DPS:   0.00
        1: P =   0.18, D =   7.16 @  9.94 Rp,13.01 MLT; DPS:  -0.59
        2: P =   3.09, D =   0.43 @  3.95 Rp,21.27 MLT; DPS:  -5.05
[0m [32m<Writing HDF5 DATA @ t =    22.334 [min] >[0m 
[32m<Writing RAIJU HDF5 DATA @ t =    22.417 [min] >[0m 
 [36m
 GAMERA
      Time =    22.418 [min]
        ts =    16238
        dt =  1.01E-01 [sec]
    dt/dt0 =   84.473%
    Spent     0.0% of time waiting for Voltron
      kZCs =   3425.39 /   1297.30 [MHD/TOT] (8 threads)
[0m       CPCP =   71.636  69.267 [kV, N/S]
 [34m
 VOLTRON
      UT   = 2001-06-01 23:22:25
      tilt =    0.000 [deg]
    Sym-H  =   -5.000 [nT]
    BSDst  ~   17.473 [nT]
           dSMRs  ~     0.79   -0.13   -0.83    0.18 [nT, 12/18/00/06]
   DPSDst  ~   -4.713 [nT]
   Spent    42.1% of time waiting for Gamera
            12.1% of time processing Chimp(Helpers)
             9.7% of time processing IMAG
            13.2% of time processing Remix
            22.8% of time processing Tubes(Helpers)
             0.0% of time writing files
    Running @   85.352% of real-time (8 threads)
[0m  [35m
 RAIJU
      UT   = 2001-06-01 23:22:30
      Time =    22.500 [min]
     dtCpl =  5.00E+00 [sec]
     Max/Min dt @ k:
        Max 3.60E+01 [sec] @ 57
        Min 1.38E-01 [sec] @ 160
     Flav : max Press/Den @ L,MLT; DPS-dst
        0: P =   0.00, D =9075.91 @  1.54 Rp,12.07 MLT; DPS:   0.00
        1: P =   0.18, D =   7.15 @ 10.05 Rp,13.51 MLT; DPS:  -0.59
        2: P =   3.09, D =   0.43 @  3.95 Rp,21.27 MLT; DPS:  -5.04
[0m [32m<Writing HDF5 DATA @ t =    22.418 [min] >[0m 
[32m<Writing RAIJU HDF5 DATA @ t =    22.500 [min] >[0m 
 [36m
 GAMERA
      Time =    22.500 [min]
        ts =    16287
        dt =  1.01E-01 [sec]
    dt/dt0 =   84.460%
    Spent     0.0% of time waiting for Voltron
      kZCs =   3423.68 /   1281.52 [MHD/TOT] (8 threads)
[0m       CPCP =   71.774  69.280 [kV, N/S]
 [34m
 VOLTRON
      UT   = 2001-06-01 23:22:30
      tilt =    0.000 [deg]
    Sym-H  =   -5.000 [nT]
    BSDst  ~   17.461 [nT]
           dSMRs  ~     0.78   -0.13   -0.83    0.17 [nT, 12/18/00/06]
   DPSDst  ~   -4.716 [nT]
   Spent    42.0% of time waiting for Gamera
            12.1% of time processing Chimp(Helpers)
             9.7% of time processing IMAG
            13.2% of time processing Remix
            22.8% of time processing Tubes(Helpers)
             0.0% of time writing files
    Running @   85.368% of real-time (8 threads)
[0m  [35m
 RAIJU
      UT   = 2001-06-01 23:22:35
      Time =    22.583 [min]
     dtCpl =  5.00E+00 [sec]
     Max/Min dt @ k:
        Max 3.59E+01 [sec] @ 57
        Min 1.38E-01 [sec] @ 160
     Flav : max Press/Den @ L,MLT; DPS-dst
        0: P =   0.00, D =9075.91 @  1.54 Rp,12.07 MLT; DPS:   0.00
        1: P =   0.18, D =   7.14 @  9.50 Rp,13.53 MLT; DPS:  -0.59
        2: P =   3.09, D =   0.43 @  3.95 Rp,21.27 MLT; DPS:  -5.05
[0m [32m<Writing HDF5 DATA @ t =    22.500 [min] >[0m 
[32m<Writing RAIJU HDF5 DATA @ t =    22.583 [min] >[0m 
 [36m
 GAMERA
      Time =    22.584 [min]
        ts =    16337
        dt =  1.01E-01 [sec]
    dt/dt0 =   84.447%
    Spent     0.0% of time waiting for Voltron
      kZCs =   3424.59 /   1299.10 [MHD/TOT] (8 threads)
[0m       CPCP =   71.924  69.306 [kV, N/S]
 [34m
 VOLTRON
      UT   = 2001-06-01 23:22:35
      tilt =    0.000 [deg]
    Sym-H  =   -5.000 [nT]
    BSDst  ~   17.448 [nT]
           dSMRs  ~     0.79   -0.13   -0.83    0.18 [nT, 12/18/00/06]
   DPSDst  ~   -4.714 [nT]
   Spent    42.1% of time waiting for Gamera
            12.1% of time processing Chimp(Helpers)
             9.7% of time processing IMAG
            13.2% of time processing Remix
            22.7% of time processing Tubes(Helpers)
             0.0% of time writing files
    Running @   85.422% of real-time (8 threads)
[0m  [35m
 RAIJU
      UT   = 2001-06-01 23:22:40
      Time =    22.667 [min]
     dtCpl =  5.00E+00 [sec]
     Max/Min dt @ k:
        Max 3.58E+01 [sec] @ 57
        Min 1.38E-01 [sec] @ 160
     Flav : max Press/Den @ L,MLT; DPS-dst
        0: P =   0.00, D =9075.91 @  1.54 Rp,12.07 MLT; DPS:   0.00
        1: P =   0.18, D =   7.14 @  9.49 Rp,13.53 MLT; DPS:  -0.59
        2: P =   3.09, D =   0.43 @  3.95 Rp,21.27 MLT; DPS:  -5.04
[0m [32m<Writing HDF5 DATA @ t =    22.584 [min] >[0m 
[32m<Writing RAIJU HDF5 DATA @ t =    22.667 [min] >[0m 
 [36m
 GAMERA
      Time =    22.668 [min]
        ts =    16387
        dt =  1.01E-01 [sec]
    dt/dt0 =   84.434%
    Spent     0.0% of time waiting for Voltron
      kZCs =   3425.54 /   1299.15 [MHD/TOT] (8 threads)
[0m       CPCP =   72.046  69.283 [kV, N/S]
 [34m
 VOLTRON
      UT   = 2001-06-01 23:22:40
      tilt =    0.000 [deg]
    Sym-H  =   -5.000 [nT]
    BSDst  ~   17.436 [nT]
           dSMRs  ~     0.79   -0.13   -0.83    0.18 [nT, 12/18/00/06]
   DPSDst  ~   -4.746 [nT]
   Spent    42.1% of time waiting for Gamera
            12.1% of time processing Chimp(Helpers)
             9.7% of time processing IMAG
            13.1% of time processing Remix
            22.7% of time processing Tubes(Helpers)
             0.0% of time writing files
    Running @   85.467% of real-time (8 threads)
[0m  [35m
 RAIJU
      UT   = 2001-06-01 23:22:45
      Time =    22.750 [min]
     dtCpl =  5.00E+00 [sec]
     Max/Min dt @ k:
        Max 3.58E+01 [sec] @ 57
        Min 1.38E-01 [sec] @ 160
     Flav : max Press/Den @ L,MLT; DPS-dst
        0: P =   0.00, D =9075.91 @  1.54 Rp,12.07 MLT; DPS:   0.00
        1: P =   0.21, D =   6.98 @  6.59 Rp,11.70 MLT; DPS:  -0.61
        2: P =   3.09, D =   0.43 @  3.95 Rp,21.14 MLT; DPS:  -5.06
[0m [32m<Writing HDF5 DATA @ t =    22.668 [min] >[0m 
[32m<Writing RAIJU HDF5 DATA @ t =    22.750 [min] >[0m 
 [36m
 GAMERA
      Time =    22.752 [min]
        ts =    16437
        dt =  1.01E-01 [sec]
    dt/dt0 =   84.420%
    Spent     0.0% of time waiting for Voltron
      kZCs =   3426.50 /   1299.38 [MHD/TOT] (8 threads)
[0m       CPCP =   72.182  69.223 [kV, N/S]
 [34m
 VOLTRON
      UT   = 2001-06-01 23:22:45
      tilt =    0.000 [deg]
    Sym-H  =   -5.000 [nT]
    BSDst  ~   17.425 [nT]
           dSMRs  ~     0.79   -0.14   -0.83    0.18 [nT, 12/18/00/06]
   DPSDst  ~   -4.709 [nT]
   Spent    42.1% of time waiting for Gamera
            12.1% of time processing Chimp(Helpers)
             9.7% of time processing IMAG
            13.1% of time processing Remix
            22.7% of time processing Tubes(Helpers)
             0.0% of time writing files
    Running @   85.502% of real-time (8 threads)
[0m  [35m
 RAIJU
      UT   = 2001-06-01 23:22:50
      Time =    22.833 [min]
     dtCpl =  5.00E+00 [sec]
     Max/Min dt @ k:
        Max 3.57E+01 [sec] @ 57
        Min 1.38E-01 [sec] @ 160
     Flav : max Press/Den @ L,MLT; DPS-dst
        0: P =   0.00, D =9075.91 @  1.54 Rp,12.07 MLT; DPS:   0.00
        1: P =   0.18, D =   7.16 @  8.89 Rp,12.26 MLT; DPS:  -0.59
        2: P =   3.09, D =   0.43 @  3.95 Rp,21.14 MLT; DPS:  -5.04
[0m [32m<Writing HDF5 DATA @ t =    22.752 [min] >[0m 
[32m<Writing RAIJU HDF5 DATA @ t =    22.833 [min] >[0m 
 [36m
 GAMERA
      Time =    22.834 [min]
        ts =    16486
        dt =  1.00E-01 [sec]
    dt/dt0 =   84.407%
    Spent     0.0% of time waiting for Voltron
      kZCs =   3426.44 /   1286.01 [MHD/TOT] (8 threads)
[0m       CPCP =   72.309  69.210 [kV, N/S]
 [34m
 VOLTRON
      UT   = 2001-06-01 23:22:50
      tilt =    0.000 [deg]
    Sym-H  =   -5.000 [nT]
    BSDst  ~   17.417 [nT]
           dSMRs  ~     0.79   -0.14   -0.83    0.18 [nT, 12/18/00/06]
   DPSDst  ~   -4.708 [nT]
   Spent    42.1% of time waiting for Gamera
            12.1% of time processing Chimp(Helpers)
             9.7% of time processing IMAG
            13.1% of time processing Remix
            22.7% of time processing Tubes(Helpers)
             0.0% of time writing files
    Running @   85.521% of real-time (8 threads)
[0m  [35m
 RAIJU
      UT   = 2001-06-01 23:22:55
      Time =    22.917 [min]
     dtCpl =  5.00E+00 [sec]
     Max/Min dt @ k:
        Max 3.57E+01 [sec] @ 57
        Min 1.38E-01 [sec] @ 160
     Flav : max Press/Den @ L,MLT; DPS-dst
        0: P =   0.00, D =9075.91 @  1.54 Rp,12.07 MLT; DPS:   0.00
        1: P =   0.18, D =   7.15 @  8.97 Rp,12.31 MLT; DPS:  -0.58
        2: P =   3.09, D =   0.43 @  3.95 Rp,21.14 MLT; DPS:  -5.04
[0m [32m<Writing HDF5 DATA @ t =    22.834 [min] >[0m 
[32m<Writing RAIJU HDF5 DATA @ t =    22.917 [min] >[0m 
 [36m
 GAMERA
      Time =    22.917 [min]
        ts =    16536
        dt =  1.00E-01 [sec]
    dt/dt0 =   84.397%
    Spent     0.0% of time waiting for Voltron
      kZCs =   3426.02 /   1296.25 [MHD/TOT] (8 threads)
[0m       CPCP =   72.375  69.226 [kV, N/S]
 [34m
 VOLTRON
      UT   = 2001-06-01 23:22:55
      tilt =    0.000 [deg]
    Sym-H  =   -5.000 [nT]
    BSDst  ~   17.410 [nT]
           dSMRs  ~     0.79   -0.14   -0.83    0.18 [nT, 12/18/00/06]
   DPSDst  ~   -4.704 [nT]
   Spent    42.1% of time waiting for Gamera
            12.1% of time processing Chimp(Helpers)
             9.7% of time processing IMAG
            13.1% of time processing Remix
            22.7% of time processing Tubes(Helpers)
             0.0% of time writing files
    Running @   85.561% of real-time (8 threads)
[0m  [35m
 RAIJU
      UT   = 2001-06-01 23:22:59
      Time =    23.000 [min]
     dtCpl =  5.00E+00 [sec]
     Max/Min dt @ k:
        Max 3.56E+01 [sec] @ 57
        Min 1.38E-01 [sec] @ 160
     Flav : max Press/Den @ L,MLT; DPS-dst
        0: P =   0.00, D =9075.91 @  1.54 Rp,12.07 MLT; DPS:   0.00
        1: P =   0.18, D =   7.14 @  9.01 Rp,12.33 MLT; DPS:  -0.58
        2: P =   3.09, D =   0.43 @  3.95 Rp,21.14 MLT; DPS:  -5.04
[0m [32m<Writing HDF5 DATA @ t =    22.917 [min] >[0m 
[32m<Writing RAIJU HDF5 DATA @ t =    23.000 [min] >[0m 
 [36m
 GAMERA
      Time =    23.001 [min]
        ts =    16586
        dt =  1.00E-01 [sec]
    dt/dt0 =   84.386%
    Spent     0.0% of time waiting for Voltron
      kZCs =   3424.59 /   1296.27 [MHD/TOT] (8 threads)
[0m       CPCP =   72.466  69.260 [kV, N/S]
 [34m
 VOLTRON
      UT   = 2001-06-01 23:23:00
      tilt =    0.000 [deg]
    Sym-H  =   -5.000 [nT]
    BSDst  ~   17.402 [nT]
           dSMRs  ~     0.79   -0.14   -0.83    0.18 [nT, 12/18/00/06]
   DPSDst  ~   -4.681 [nT]
   Spent    42.1% of time waiting for Gamera
            12.1% of time processing Chimp(Helpers)
             9.7% of time processing IMAG
            13.2% of time processing Remix
            22.7% of time processing Tubes(Helpers)
             0.0% of time writing files
    Running @   85.601% of real-time (8 threads)
[0m  [35m
 RAIJU
      UT   = 2001-06-01 23:23:05
      Time =    23.083 [min]
     dtCpl =  5.00E+00 [sec]
     Max/Min dt @ k:
        Max 3.55E+01 [sec] @ 57
        Min 1.38E-01 [sec] @ 160
     Flav : max Press/Den @ L,MLT; DPS-dst
        0: P =   0.00, D =9075.91 @  1.54 Rp,12.07 MLT; DPS:   0.00
        1: P =   0.11, D =   2.99 @ 12.16 Rp, 0.08 MLT; DPS:  -0.57
        2: P =   3.09, D =   0.43 @  3.95 Rp,21.14 MLT; DPS:  -5.03
[0m [32m<Writing HDF5 DATA @ t =    23.001 [min] >[0m 
[32m<Writing RAIJU HDF5 DATA @ t =    23.083 [min] >[0m 
 [36m
 GAMERA
      Time =    23.085 [min]
        ts =    16636
        dt =  1.00E-01 [sec]
    dt/dt0 =   84.376%
    Spent     0.0% of time waiting for Voltron
      kZCs =   3427.14 /   1302.18 [MHD/TOT] (8 threads)
[0m       CPCP =   72.493  69.302 [kV, N/S]
 [34m
 VOLTRON
      UT   = 2001-06-01 23:23:05
      tilt =    0.000 [deg]
    Sym-H  =   -5.000 [nT]
    BSDst  ~   17.392 [nT]
           dSMRs  ~     0.79   -0.14   -0.83    0.18 [nT, 12/18/00/06]
   DPSDst  ~   -4.699 [nT]
   Spent    42.2% of time waiting for Gamera
            12.1% of time processing Chimp(Helpers)
             9.7% of time processing IMAG
            13.1% of time processing Remix
            22.6% of time processing Tubes(Helpers)
             0.0% of time writing files
    Running @   85.635% of real-time (8 threads)
[0m  [35m
 RAIJU
      UT   = 2001-06-01 23:23:10
      Time =    23.167 [min]
     dtCpl =  5.00E+00 [sec]
     Max/Min dt @ k:
        Max 3.54E+01 [sec] @ 57
        Min 1.38E-01 [sec] @ 160
     Flav : max Press/Den @ L,MLT; DPS-dst
        0: P =   0.00, D =9075.91 @  1.54 Rp,12.07 MLT; DPS:   0.00
        1: P =   0.18, D =   7.12 @  8.85 Rp,11.71 MLT; DPS:  -0.58
        2: P =   3.09, D =   0.43 @  3.95 Rp,21.14 MLT; DPS:  -5.04
[0m [32m<Writing HDF5 DATA @ t =    23.085 [min] >[0m 
[32m<Writing RAIJU HDF5 DATA @ t =    23.167 [min] >[0m 
 [36m
 GAMERA
      Time =    23.167 [min]
        ts =    16685
        dt =  1.00E-01 [sec]
    dt/dt0 =   84.366%
    Spent     0.0% of time waiting for Voltron
      kZCs =   3425.63 /   1287.76 [MHD/TOT] (8 threads)
[0m       CPCP =   72.496  69.333 [kV, N/S]
 [34m
 VOLTRON
      UT   = 2001-06-01 23:23:10
      tilt =    0.000 [deg]
    Sym-H  =   -5.000 [nT]
    BSDst  ~   17.383 [nT]
           dSMRs  ~     0.79   -0.14   -0.83    0.18 [nT, 12/18/00/06]
   DPSDst  ~   -4.696 [nT]
   Spent    42.2% of time waiting for Gamera
            12.1% of time processing Chimp(Helpers)
             9.8% of time processing IMAG
            13.1% of time processing Remix
            22.7% of time processing Tubes(Helpers)
             0.0% of time writing files
    Running @   85.637% of real-time (8 threads)
[0m  [35m
 RAIJU
      UT   = 2001-06-01 23:23:15
      Time =    23.250 [min]
     dtCpl =  5.00E+00 [sec]
     Max/Min dt @ k:
        Max 3.53E+01 [sec] @ 57
        Min 1.38E-01 [sec] @ 160
     Flav : max Press/Den @ L,MLT; DPS-dst
        0: P =   0.00, D =9075.91 @  1.54 Rp,12.07 MLT; DPS:   0.00
        1: P =   0.18, D =   7.11 @  8.86 Rp,11.73 MLT; DPS:  -0.58
        2: P =   3.09, D =   0.43 @  3.95 Rp,21.14 MLT; DPS:  -5.03
[0m [32m<Writing HDF5 DATA @ t =    23.167 [min] >[0m 
[32m<Writing RAIJU HDF5 DATA @ t =    23.250 [min] >[0m 
 [36m
 GAMERA
      Time =    23.251 [min]
        ts =    16735
        dt =  1.00E-01 [sec]
    dt/dt0 =   84.353%
    Spent     0.0% of time waiting for Voltron
      kZCs =   3424.11 /   1301.53 [MHD/TOT] (8 threads)
[0m       CPCP =   72.517  69.365 [kV, N/S]
 [34m
 VOLTRON
      UT   = 2001-06-01 23:23:15
      tilt =    0.000 [deg]
    Sym-H  =   -5.000 [nT]
    BSDst  ~   17.375 [nT]
           dSMRs  ~     0.80   -0.14   -0.84    0.18 [nT, 12/18/00/06]
   DPSDst  ~   -4.692 [nT]
   Spent    42.2% of time waiting for Gamera
            12.1% of time processing Chimp(Helpers)
             9.8% of time processing IMAG
            13.1% of time processing Remix
            22.7% of time processing Tubes(Helpers)
             0.0% of time writing files
    Running @   85.684% of real-time (8 threads)
[0m  [35m
 RAIJU
      UT   = 2001-06-01 23:23:20
      Time =    23.333 [min]
     dtCpl =  5.00E+00 [sec]
     Max/Min dt @ k:
        Max 3.53E+01 [sec] @ 57
        Min 1.38E-01 [sec] @ 160
     Flav : max Press/Den @ L,MLT; DPS-dst
        0: P =   0.00, D =9075.91 @  1.54 Rp,12.07 MLT; DPS:   0.00
        1: P =   0.18, D =   7.10 @  8.87 Rp,11.74 MLT; DPS:  -0.58
        2: P =   3.09, D =   0.43 @  3.95 Rp,21.14 MLT; DPS:  -5.03
[0m [32m<Writing HDF5 DATA @ t =    23.251 [min] >[0m 
[32m<Writing RAIJU HDF5 DATA @ t =    23.333 [min] >[0m 
 [36m
 GAMERA
      Time =    23.334 [min]
        ts =    16785
        dt =  1.00E-01 [sec]
    dt/dt0 =   84.336%
    Spent     0.0% of time waiting for Voltron
      kZCs =   3423.64 /   1304.14 [MHD/TOT] (8 threads)
[0m       CPCP =   72.582  69.420 [kV, N/S]
 [34m
 VOLTRON
      UT   = 2001-06-01 23:23:20
      tilt =    0.000 [deg]
    Sym-H  =   -5.000 [nT]
    BSDst  ~   17.369 [nT]
           dSMRs  ~     0.80   -0.14   -0.84    0.18 [nT, 12/18/00/06]
   DPSDst  ~   -4.690 [nT]
   Spent    42.2% of time waiting for Gamera
            12.1% of time processing Chimp(Helpers)
             9.8% of time processing IMAG
            13.1% of time processing Remix
            22.6% of time processing Tubes(Helpers)
             0.0% of time writing files
    Running @   85.736% of real-time (8 threads)
[0m  [35m
 RAIJU
      UT   = 2001-06-01 23:23:25
      Time =    23.417 [min]
     dtCpl =  5.00E+00 [sec]
     Max/Min dt @ k:
        Max 3.52E+01 [sec] @ 57
        Min 1.38E-01 [sec] @ 160
     Flav : max Press/Den @ L,MLT; DPS-dst
        0: P =   0.00, D =9075.91 @  1.54 Rp,12.07 MLT; DPS:   0.00
        1: P =   0.18, D =   7.09 @  8.85 Rp,11.75 MLT; DPS:  -0.57
        2: P =   3.09, D =   0.43 @  3.95 Rp,21.14 MLT; DPS:  -5.03
[0m [32m<Writing HDF5 DATA @ t =    23.334 [min] >[0m 
[32m<Writing RAIJU HDF5 DATA @ t =    23.417 [min] >[0m 
 [36m
 GAMERA
      Time =    23.418 [min]
        ts =    16835
        dt =  1.00E-01 [sec]
    dt/dt0 =   84.318%
    Spent     0.0% of time waiting for Voltron
      kZCs =   3423.80 /   1302.50 [MHD/TOT] (8 threads)
[0m       CPCP =   72.626  69.494 [kV, N/S]
 [34m
 VOLTRON
      UT   = 2001-06-01 23:23:25
      tilt =    0.000 [deg]
    Sym-H  =   -5.000 [nT]
    BSDst  ~   17.365 [nT]
           dSMRs  ~     0.81   -0.14   -0.85    0.18 [nT, 12/18/00/06]
   DPSDst  ~   -4.696 [nT]
   Spent    42.3% of time waiting for Gamera
            12.1% of time processing Chimp(Helpers)
             9.8% of time processing IMAG
            13.0% of time processing Remix
            22.6% of time processing Tubes(Helpers)
             0.0% of time writing files
    Running @   85.699% of real-time (8 threads)
[0m  [35m
 RAIJU
      UT   = 2001-06-01 23:23:30
      Time =    23.500 [min]
     dtCpl =  5.00E+00 [sec]
     Max/Min dt @ k:
        Max 3.50E+01 [sec] @ 57
        Min 1.38E-01 [sec] @ 160
     Flav : max Press/Den @ L,MLT; DPS-dst
        0: P =   0.00, D =9075.91 @  1.54 Rp,12.07 MLT; DPS:   0.00
        1: P =   0.18, D =   7.04 @  8.10 Rp,10.78 MLT; DPS:  -0.58
        2: P =   3.09, D =   0.43 @  3.95 Rp,21.14 MLT; DPS:  -5.03
[0m [32m<Writing HDF5 DATA @ t =    23.418 [min] >[0m 
[32m<Writing RAIJU HDF5 DATA @ t =    23.500 [min] >[0m 
 [36m
 GAMERA
      Time =    23.502 [min]
        ts =    16885
        dt =  1.00E-01 [sec]
    dt/dt0 =   84.298%
    Spent     0.0% of time waiting for Voltron
      kZCs =   3424.43 /   1299.61 [MHD/TOT] (8 threads)
[0m       CPCP =   72.734  69.548 [kV, N/S]
 [34m
 VOLTRON
      UT   = 2001-06-01 23:23:30
      tilt =    0.000 [deg]
    Sym-H  =   -5.000 [nT]
    BSDst  ~   17.361 [nT]
           dSMRs  ~     0.82   -0.14   -0.85    0.18 [nT, 12/18/00/06]
   DPSDst  ~   -4.690 [nT]
   Spent    42.3% of time waiting for Gamera
            12.1% of time processing Chimp(Helpers)
             9.8% of time processing IMAG
            13.1% of time processing Remix
            22.6% of time processing Tubes(Helpers)
             0.0% of time writing files
    Running @   85.739% of real-time (8 threads)
[0m  [35m
 RAIJU
      UT   = 2001-06-01 23:23:35
      Time =    23.583 [min]
     dtCpl =  5.00E+00 [sec]
     Max/Min dt @ k:
        Max 3.49E+01 [sec] @ 57
        Min 1.38E-01 [sec] @ 160
     Flav : max Press/Den @ L,MLT; DPS-dst
        0: P =   0.00, D =9075.91 @  1.54 Rp,12.07 MLT; DPS:   0.00
        1: P =   0.18, D =   7.03 @  8.31 Rp,10.88 MLT; DPS:  -0.57
        2: P =   3.09, D =   0.43 @  3.95 Rp,21.27 MLT; DPS:  -5.03
[0m [32m<Writing HDF5 DATA @ t =    23.502 [min] >[0m 
[32m<Writing RAIJU HDF5 DATA @ t =    23.583 [min] >[0m 
 [36m
 GAMERA
      Time =    23.584 [min]
        ts =    16934
        dt =  1.00E-01 [sec]
    dt/dt0 =   84.278%
    Spent     0.0% of time waiting for Voltron
      kZCs =   3425.96 /   1288.84 [MHD/TOT] (8 threads)
[0m       CPCP =   72.845  69.573 [kV, N/S]
 [34m
 VOLTRON
      UT   = 2001-06-01 23:23:35
      tilt =    0.000 [deg]
    Sym-H  =   -5.000 [nT]
    BSDst  ~   17.354 [nT]
           dSMRs  ~     0.82   -0.14   -0.86    0.17 [nT, 12/18/00/06]
   DPSDst  ~   -4.678 [nT]
   Spent    42.2% of time waiting for Gamera
            12.1% of time processing Chimp(Helpers)
             9.8% of time processing IMAG
            13.0% of time processing Remix
            22.6% of time processing Tubes(Helpers)
             0.0% of time writing files
    Running @   85.733% of real-time (8 threads)
[0m  [35m
 RAIJU
      UT   = 2001-06-01 23:23:40
      Time =    23.667 [min]
     dtCpl =  5.00E+00 [sec]
     Max/Min dt @ k:
        Max 3.48E+01 [sec] @ 57
        Min 1.38E-01 [sec] @ 160
     Flav : max Press/Den @ L,MLT; DPS-dst
        0: P =   0.00, D =9075.91 @  1.54 Rp,12.07 MLT; DPS:   0.00
        1: P =   0.18, D =   7.02 @  8.27 Rp,10.90 MLT; DPS:  -0.57
        2: P =   3.09, D =   0.43 @  3.95 Rp,21.27 MLT; DPS:  -5.02
[0m [32m<Writing HDF5 DATA @ t =    23.584 [min] >[0m 
[32m<Writing RAIJU HDF5 DATA @ t =    23.667 [min] >[0m 
 [36m
 GAMERA
      Time =    23.667 [min]
        ts =    16984
        dt =  1.00E-01 [sec]
    dt/dt0 =   84.255%
    Spent     0.0% of time waiting for Voltron
      kZCs =   3423.95 /   1304.57 [MHD/TOT] (8 threads)
[0m       CPCP =   72.963  69.560 [kV, N/S]
 [34m
 VOLTRON
      UT   = 2001-06-01 23:23:40
      tilt =    0.000 [deg]
    Sym-H  =   -5.000 [nT]
    BSDst  ~   17.344 [nT]
           dSMRs  ~     0.83   -0.13   -0.86    0.17 [nT, 12/18/00/06]
   DPSDst  ~   -4.667 [nT]
   Spent    42.3% of time waiting for Gamera
            12.1% of time processing Chimp(Helpers)
             9.8% of time processing IMAG
            13.0% of time processing Remix
            22.6% of time processing Tubes(Helpers)
             0.0% of time writing files
    Running @   85.783% of real-time (8 threads)
[0m  [35m
 RAIJU
      UT   = 2001-06-01 23:23:45
      Time =    23.750 [min]
     dtCpl =  5.00E+00 [sec]
     Max/Min dt @ k:
        Max 3.46E+01 [sec] @ 57
        Min 1.38E-01 [sec] @ 160
     Flav : max Press/Den @ L,MLT; DPS-dst
        0: P =   0.00, D =9075.91 @  1.54 Rp,12.07 MLT; DPS:   0.00
        1: P =   0.18, D =   7.02 @  8.28 Rp,10.93 MLT; DPS:  -0.56
        2: P =   3.09, D =   0.43 @  3.95 Rp,21.27 MLT; DPS:  -5.01
[0m [32m<Writing HDF5 DATA @ t =    23.667 [min] >[0m 
[32m<Writing RAIJU HDF5 DATA @ t =    23.750 [min] >[0m 
 [36m
 GAMERA
      Time =    23.751 [min]
        ts =    17034
        dt =  1.00E-01 [sec]
    dt/dt0 =   84.229%
    Spent     0.0% of time waiting for Voltron
      kZCs =   3423.80 /   1303.40 [MHD/TOT] (8 threads)
[0m       CPCP =   73.102  69.514 [kV, N/S]
 [34m
 VOLTRON
      UT   = 2001-06-01 23:23:45
      tilt =    0.000 [deg]
    Sym-H  =   -5.000 [nT]
    BSDst  ~   17.337 [nT]
           dSMRs  ~     0.83   -0.13   -0.87    0.17 [nT, 12/18/00/06]
   DPSDst  ~   -4.665 [nT]
   Spent    42.3% of time waiting for Gamera
            12.1% of time processing Chimp(Helpers)
             9.8% of time processing IMAG
            13.0% of time processing Remix
            22.6% of time processing Tubes(Helpers)
             0.0% of time writing files
    Running @   85.826% of real-time (8 threads)
[0m  [35m
 RAIJU
      UT   = 2001-06-01 23:23:50
      Time =    23.833 [min]
     dtCpl =  5.00E+00 [sec]
     Max/Min dt @ k:
        Max 3.45E+01 [sec] @ 57
        Min 1.38E-01 [sec] @ 160
     Flav : max Press/Den @ L,MLT; DPS-dst
        0: P =   0.00, D =9075.91 @  1.54 Rp,12.07 MLT; DPS:   0.00
        1: P =   0.18, D =   7.01 @  8.26 Rp,10.95 MLT; DPS:  -0.56
        2: P =   3.09, D =   0.43 @  3.95 Rp,21.27 MLT; DPS:  -5.01
[0m [32m<Writing HDF5 DATA @ t =    23.751 [min] >[0m 
[32m<Writing RAIJU HDF5 DATA @ t =    23.833 [min] >[0m 
 [36m
 GAMERA
      Time =    23.834 [min]
        ts =    17084
        dt =  1.00E-01 [sec]
    dt/dt0 =   84.202%
    Spent     0.0% of time waiting for Voltron
      kZCs =   3425.07 /   1305.29 [MHD/TOT] (8 threads)
[0m       CPCP =   73.213  69.444 [kV, N/S]
 [34m
 VOLTRON
      UT   = 2001-06-01 23:23:50
      tilt =    0.000 [deg]
    Sym-H  =   -5.000 [nT]
    BSDst  ~   17.329 [nT]
           dSMRs  ~     0.84   -0.13   -0.87    0.17 [nT, 12/18/00/06]
   DPSDst  ~   -4.665 [nT]
   Spent    42.4% of time waiting for Gamera
            12.1% of time processing Chimp(Helpers)
             9.8% of time processing IMAG
            13.0% of time processing Remix
            22.6% of time processing Tubes(Helpers)
             0.0% of time writing files
    Running @   85.870% of real-time (8 threads)
[0m  [35m
 RAIJU
      UT   = 2001-06-01 23:23:55
      Time =    23.917 [min]
     dtCpl =  5.00E+00 [sec]
     Max/Min dt @ k:
        Max 3.43E+01 [sec] @ 57
        Min 1.38E-01 [sec] @ 160
     Flav : max Press/Den @ L,MLT; DPS-dst
        0: P =   0.00, D =9075.91 @  1.54 Rp,12.07 MLT; DPS:   0.00
        1: P =   0.18, D =   7.00 @  8.27 Rp,10.97 MLT; DPS:  -0.56
        2: P =   3.09, D =   0.43 @  3.95 Rp,21.27 MLT; DPS:  -5.01
[0m [32m<Writing HDF5 DATA @ t =    23.834 [min] >[0m 
[32m<Writing RAIJU HDF5 DATA @ t =    23.917 [min] >[0m 
 [36m
 GAMERA
      Time =    23.918 [min]
        ts =    17134
        dt =  1.00E-01 [sec]
    dt/dt0 =   84.173%
    Spent     0.0% of time waiting for Voltron
      kZCs =   3424.91 /   1306.72 [MHD/TOT] (8 threads)
[0m       CPCP =   73.312  69.361 [kV, N/S]
 [34m
 VOLTRON
      UT   = 2001-06-01 23:23:55
      tilt =    0.000 [deg]
    Sym-H  =   -5.000 [nT]
    BSDst  ~   17.320 [nT]
           dSMRs  ~     0.84   -0.13   -0.88    0.17 [nT, 12/18/00/06]
   DPSDst  ~   -4.660 [nT]
   Spent    42.4% of time waiting for Gamera
            12.1% of time processing Chimp(Helpers)
             9.8% of time processing IMAG
            13.0% of time processing Remix
            22.6% of time processing Tubes(Helpers)
             0.0% of time writing files
    Running @   85.866% of real-time (8 threads)
[0m  [35m
 RAIJU
      UT   = 2001-06-01 23:23:59
      Time =    24.000 [min]
     dtCpl =  5.00E+00 [sec]
     Max/Min dt @ k:
        Max 3.42E+01 [sec] @ 57
        Min 1.38E-01 [sec] @ 160
     Flav : max Press/Den @ L,MLT; DPS-dst
        0: P =   0.00, D =9075.91 @  1.54 Rp,12.07 MLT; DPS:   0.00
        1: P =   0.18, D =   6.99 @  8.26 Rp,10.99 MLT; DPS:  -0.56
        2: P =   3.09, D =   0.43 @  3.95 Rp,21.27 MLT; DPS:  -5.01
[0m [32m<Writing HDF5 DATA @ t =    23.918 [min] >[0m 
[32m<Writing RAIJU HDF5 DATA @ t =    24.000 [min] >[0m 
 [36m
 GAMERA
      Time =    24.001 [min]
        ts =    17184
        dt =  1.00E-01 [sec]
    dt/dt0 =   84.144%
    Spent     0.0% of time waiting for Voltron
      kZCs =   3423.95 /   1304.85 [MHD/TOT] (8 threads)
[0m       CPCP =   73.351  69.283 [kV, N/S]
 [34m
 VOLTRON
      UT   = 2001-06-01 23:24:00
      tilt =    0.000 [deg]
    Sym-H  =   -5.000 [nT]
    BSDst  ~   17.311 [nT]
           dSMRs  ~     0.85   -0.13   -0.88    0.17 [nT, 12/18/00/06]
   DPSDst  ~   -4.657 [nT]
   Spent    42.4% of time waiting for Gamera
            12.1% of time processing Chimp(Helpers)
             9.8% of time processing IMAG
            12.9% of time processing Remix
            22.6% of time processing Tubes(Helpers)
             0.0% of time writing files
    Running @   85.906% of real-time (8 threads)
[0m  [35m
 RAIJU
      UT   = 2001-06-01 23:24:05
      Time =    24.083 [min]
     dtCpl =  5.00E+00 [sec]
     Max/Min dt @ k:
        Max 3.40E+01 [sec] @ 57
        Min 1.38E-01 [sec] @ 160
     Flav : max Press/Den @ L,MLT; DPS-dst
        0: P =   0.00, D =9075.91 @  1.54 Rp,12.07 MLT; DPS:   0.00
        1: P =   0.18, D =   6.98 @  8.24 Rp,11.01 MLT; DPS:  -0.56
        2: P =   3.09, D =   0.43 @  3.95 Rp,21.27 MLT; DPS:  -5.01
[0m [32m<Writing HDF5 DATA @ t =    24.001 [min] >[0m 
[32m<Writing RAIJU HDF5 DATA @ t =    24.083 [min] >[0m 
 [36m
 GAMERA
      Time =    24.085 [min]
        ts =    17234
        dt =  1.00E-01 [sec]
    dt/dt0 =   84.116%
    Spent     0.0% of time waiting for Voltron
      kZCs =   3422.52 /   1304.71 [MHD/TOT] (8 threads)
[0m       CPCP =   73.336  69.216 [kV, N/S]
 [34m
 VOLTRON
      UT   = 2001-06-01 23:24:05
      tilt =    0.000 [deg]
    Sym-H  =   -5.000 [nT]
    BSDst  ~   17.299 [nT]
           dSMRs  ~     0.85   -0.13   -0.89    0.17 [nT, 12/18/00/06]
   DPSDst  ~   -4.686 [nT]
   Spent    42.4% of time waiting for Gamera
            12.1% of time processing Chimp(Helpers)
             9.8% of time processing IMAG
            12.9% of time processing Remix
            22.6% of time processing Tubes(Helpers)
             0.0% of time writing files
    Running @   85.916% of real-time (8 threads)
[0m  [35m
 RAIJU
      UT   = 2001-06-01 23:24:10
      Time =    24.167 [min]
     dtCpl =  5.00E+00 [sec]
     Max/Min dt @ k:
        Max 3.39E+01 [sec] @ 57
        Min 1.38E-01 [sec] @ 160
     Flav : max Press/Den @ L,MLT; DPS-dst
        0: P =   0.00, D =9075.91 @  1.54 Rp,12.07 MLT; DPS:   0.00
        1: P =   0.21, D =   6.86 @  6.54 Rp,11.93 MLT; DPS:  -0.57
        2: P =   3.09, D =   0.43 @  3.95 Rp,21.14 MLT; DPS:  -5.02
[0m [32m<Writing HDF5 DATA @ t =    24.085 [min] >[0m 
[32m<Writing RAIJU HDF5 DATA @ t =    24.167 [min] >[0m 
 [36m
 GAMERA
      Time =    24.168 [min]
        ts =    17284
        dt =  1.00E-01 [sec]
    dt/dt0 =   84.088%
    Spent     0.0% of time waiting for Voltron
      kZCs =   3426.18 /   1307.42 [MHD/TOT] (8 threads)
[0m       CPCP =   73.329  69.166 [kV, N/S]
 [34m
 VOLTRON
      UT   = 2001-06-01 23:24:10
      tilt =    0.000 [deg]
    Sym-H  =   -5.000 [nT]
    BSDst  ~   17.286 [nT]
           dSMRs  ~     0.86   -0.13   -0.90    0.17 [nT, 12/18/00/06]
   DPSDst  ~   -4.682 [nT]
   Spent    42.5% of time waiting for Gamera
            12.1% of time processing Chimp(Helpers)
             9.8% of time processing IMAG
            12.9% of time processing Remix
            22.6% of time processing Tubes(Helpers)
             0.0% of time writing files
    Running @   85.927% of real-time (8 threads)
[0m  [35m
 RAIJU
      UT   = 2001-06-01 23:24:15
      Time =    24.250 [min]
     dtCpl =  5.00E+00 [sec]
     Max/Min dt @ k:
        Max 3.38E+01 [sec] @ 57
        Min 1.38E-01 [sec] @ 160
     Flav : max Press/Den @ L,MLT; DPS-dst
        0: P =   0.00, D =9075.91 @  1.54 Rp,12.07 MLT; DPS:   0.00
        1: P =   0.20, D =   6.85 @  6.56 Rp,11.94 MLT; DPS:  -0.57
        2: P =   3.09, D =   0.43 @  3.95 Rp,21.14 MLT; DPS:  -5.02
[0m [32m<Writing HDF5 DATA @ t =    24.168 [min] >[0m 
[32m<Writing RAIJU HDF5 DATA @ t =    24.250 [min] >[0m 
 [36m
 GAMERA
      Time =    24.250 [min]
        ts =    17333
        dt =  1.00E-01 [sec]
    dt/dt0 =   84.060%
    Spent     0.0% of time waiting for Voltron
      kZCs =   3424.17 /   1292.73 [MHD/TOT] (8 threads)
[0m       CPCP =   73.321  69.132 [kV, N/S]
 [34m
 VOLTRON
      UT   = 2001-06-01 23:24:15
      tilt =    0.000 [deg]
    Sym-H  =   -5.000 [nT]
    BSDst  ~   17.272 [nT]
           dSMRs  ~     0.86   -0.13   -0.91    0.18 [nT, 12/18/00/06]
   DPSDst  ~   -4.676 [nT]
   Spent    42.4% of time waiting for Gamera
            12.1% of time processing Chimp(Helpers)
             9.8% of time processing IMAG
            12.9% of time processing Remix
            22.6% of time processing Tubes(Helpers)
             0.0% of time writing files
    Running @   85.922% of real-time (8 threads)
[0m  [35m
 RAIJU
      UT   = 2001-06-01 23:24:20
      Time =    24.333 [min]
     dtCpl =  5.00E+00 [sec]
     Max/Min dt @ k:
        Max 3.37E+01 [sec] @ 57
        Min 1.38E-01 [sec] @ 160
     Flav : max Press/Den @ L,MLT; DPS-dst
        0: P =   0.00, D =9075.91 @  1.54 Rp,12.07 MLT; DPS:   0.00
        1: P =   0.20, D =   6.84 @  6.55 Rp,11.95 MLT; DPS:  -0.57
        2: P =   3.09, D =   0.43 @  3.95 Rp,21.14 MLT; DPS:  -5.02
[0m [32m<Writing HDF5 DATA @ t =    24.250 [min] >[0m 
[32m<Writing RAIJU HDF5 DATA @ t =    24.333 [min] >[0m 
 [36m
 GAMERA
      Time =    24.333 [min]
        ts =    17383
        dt =  1.00E-01 [sec]
    dt/dt0 =   84.032%
    Spent     0.0% of time waiting for Voltron
      kZCs =   3425.86 /   1308.93 [MHD/TOT] (8 threads)
[0m       CPCP =   73.292  69.091 [kV, N/S]
 [34m
 VOLTRON
      UT   = 2001-06-01 23:24:20
      tilt =    0.000 [deg]
    Sym-H  =   -5.000 [nT]
    BSDst  ~   17.257 [nT]
           dSMRs  ~     0.86   -0.13   -0.91    0.18 [nT, 12/18/00/06]
   DPSDst  ~   -4.673 [nT]
   Spent    42.4% of time waiting for Gamera
            12.1% of time processing Chimp(Helpers)
             9.8% of time processing IMAG
            12.9% of time processing Remix
            22.6% of time processing Tubes(Helpers)
             0.0% of time writing files
    Running @   85.937% of real-time (8 threads)
[0m  [35m
 RAIJU
      UT   = 2001-06-01 23:24:25
      Time =    24.417 [min]
     dtCpl =  5.00E+00 [sec]
     Max/Min dt @ k:
        Max 3.37E+01 [sec] @ 57
        Min 1.38E-01 [sec] @ 160
     Flav : max Press/Den @ L,MLT; DPS-dst
        0: P =   0.00, D =9075.91 @  1.54 Rp,12.07 MLT; DPS:   0.00
        1: P =   0.20, D =   6.83 @  6.54 Rp,11.96 MLT; DPS:  -0.57
        2: P =   3.09, D =   0.43 @  3.95 Rp,21.14 MLT; DPS:  -5.01
[0m [32m<Writing HDF5 DATA @ t =    24.333 [min] >[0m 
[32m<Writing RAIJU HDF5 DATA @ t =    24.417 [min] >[0m 
 [36m
 GAMERA
      Time =    24.417 [min]
        ts =    17433
        dt =  1.00E-01 [sec]
    dt/dt0 =   84.003%
    Spent     0.0% of time waiting for Voltron
      kZCs =   3424.11 /   1303.33 [MHD/TOT] (8 threads)
[0m       CPCP =   73.268  69.043 [kV, N/S]
 [34m
 VOLTRON
      UT   = 2001-06-01 23:24:25
      tilt =    0.000 [deg]
    Sym-H  =   -5.000 [nT]
    BSDst  ~   17.242 [nT]
           dSMRs  ~     0.87   -0.13   -0.92    0.18 [nT, 12/18/00/06]
   DPSDst  ~   -4.669 [nT]
   Spent    42.5% of time waiting for Gamera
            12.1% of time processing Chimp(Helpers)
             9.8% of time processing IMAG
            12.9% of time processing Remix
            22.6% of time processing Tubes(Helpers)
             0.0% of time writing files
    Running @   85.966% of real-time (8 threads)
[0m  [35m
 RAIJU
      UT   = 2001-06-01 23:24:30
      Time =    24.500 [min]
     dtCpl =  5.00E+00 [sec]
     Max/Min dt @ k:
        Max 3.36E+01 [sec] @ 57
        Min 1.38E-01 [sec] @ 160
     Flav : max Press/Den @ L,MLT; DPS-dst
        0: P =   0.00, D =9075.91 @  1.54 Rp,12.07 MLT; DPS:   0.00
        1: P =   0.20, D =   6.83 @  6.52 Rp,11.98 MLT; DPS:  -0.56
        2: P =   3.08, D =   0.43 @  3.95 Rp,21.14 MLT; DPS:  -5.01
[0m [32m<Writing HDF5 DATA @ t =    24.417 [min] >[0m 
[32m<Writing RAIJU HDF5 DATA @ t =    24.500 [min] >[0m 
 [36m
 GAMERA
      Time =    24.500 [min]
        ts =    17483
        dt =  1.00E-01 [sec]
    dt/dt0 =   83.975%
    Spent     0.0% of time waiting for Voltron
      kZCs =   3351.73 /   1295.72 [MHD/TOT] (8 threads)
[0m       CPCP =   73.238  69.016 [kV, N/S]
 [34m
 VOLTRON
      UT   = 2001-06-01 23:24:30
      tilt =    0.000 [deg]
    Sym-H  =   -5.000 [nT]
    BSDst  ~   17.226 [nT]
           dSMRs  ~     0.87   -0.13   -0.92    0.18 [nT, 12/18/00/06]
   DPSDst  ~   -4.669 [nT]
   Spent    42.6% of time waiting for Gamera
            12.1% of time processing Chimp(Helpers)
             9.8% of time processing IMAG
            12.8% of time processing Remix
            22.5% of time processing Tubes(Helpers)
             0.0% of time writing files
    Running @   85.980% of real-time (8 threads)
[0m  [35m
 RAIJU
      UT   = 2001-06-01 23:24:35
      Time =    24.583 [min]
     dtCpl =  5.00E+00 [sec]
     Max/Min dt @ k:
        Max 3.35E+01 [sec] @ 57
        Min 1.38E-01 [sec] @ 160
     Flav : max Press/Den @ L,MLT; DPS-dst
        0: P =   0.00, D =9075.91 @  1.54 Rp,12.07 MLT; DPS:   0.00
        1: P =   0.20, D =   6.82 @  6.52 Rp,11.98 MLT; DPS:  -0.56
        2: P =   3.08, D =   0.43 @  3.95 Rp,21.00 MLT; DPS:  -5.01
[0m [32m<Writing HDF5 DATA @ t =    24.500 [min] >[0m 
[32m<Writing RAIJU HDF5 DATA @ t =    24.583 [min] >[0m 
 [36m
 GAMERA
      Time =    24.583 [min]
        ts =    17533
        dt =  9.99E-02 [sec]
    dt/dt0 =   83.948%
    Spent     0.0% of time waiting for Voltron
      kZCs =   3427.93 /   1306.47 [MHD/TOT] (8 threads)
[0m       CPCP =   73.199  69.022 [kV, N/S]
 [34m
 VOLTRON
      UT   = 2001-06-01 23:24:35
      tilt =    0.000 [deg]
    Sym-H  =   -5.000 [nT]
    BSDst  ~   17.210 [nT]
           dSMRs  ~     0.88   -0.13   -0.93    0.18 [nT, 12/18/00/06]
   DPSDst  ~   -4.667 [nT]
   Spent    42.6% of time waiting for Gamera
            12.1% of time processing Chimp(Helpers)
             9.8% of time processing IMAG
            12.8% of time processing Remix
            22.5% of time processing Tubes(Helpers)
             0.0% of time writing files
    Running @   86.001% of real-time (8 threads)
[0m  [35m
 RAIJU
      UT   = 2001-06-01 23:24:40
      Time =    24.667 [min]
     dtCpl =  5.00E+00 [sec]
     Max/Min dt @ k:
        Max 3.34E+01 [sec] @ 57
        Min 1.38E-01 [sec] @ 160
     Flav : max Press/Den @ L,MLT; DPS-dst
        0: P =   0.00, D =9075.91 @  1.54 Rp,12.07 MLT; DPS:   0.00
        1: P =   0.20, D =   6.81 @  6.49 Rp,11.99 MLT; DPS:  -0.56
        2: P =   3.08, D =   0.43 @  3.95 Rp,21.00 MLT; DPS:  -5.01
[0m [32m<Writing HDF5 DATA @ t =    24.583 [min] >[0m 
[32m<Writing RAIJU HDF5 DATA @ t =    24.667 [min] >[0m 
 [36m
 GAMERA
      Time =    24.667 [min]
        ts =    17583
        dt =  9.99E-02 [sec]
    dt/dt0 =   83.922%
    Spent     0.0% of time waiting for Voltron
      kZCs =   3426.50 /   1308.30 [MHD/TOT] (8 threads)
[0m       CPCP =   73.173  69.006 [kV, N/S]
 [34m
 VOLTRON
      UT   = 2001-06-01 23:24:40
      tilt =    0.000 [deg]
    Sym-H  =   -5.000 [nT]
    BSDst  ~   17.194 [nT]
           dSMRs  ~     0.88   -0.13   -0.93    0.18 [nT, 12/18/00/06]
   DPSDst  ~   -4.666 [nT]
   Spent    42.6% of time waiting for Gamera
            12.1% of time processing Chimp(Helpers)
             9.8% of time processing IMAG
            12.8% of time processing Remix
            22.5% of time processing Tubes(Helpers)
             0.0% of time writing files
    Running @   86.034% of real-time (8 threads)
[0m  [35m
 RAIJU
      UT   = 2001-06-01 23:24:45
      Time =    24.750 [min]
     dtCpl =  5.00E+00 [sec]
     Max/Min dt @ k:
        Max 3.33E+01 [sec] @ 57
        Min 1.38E-01 [sec] @ 160
     Flav : max Press/Den @ L,MLT; DPS-dst
        0: P =   0.00, D =9075.91 @  1.54 Rp,12.07 MLT; DPS:   0.00
        1: P =   0.20, D =   6.79 @  6.49 Rp,12.00 MLT; DPS:  -0.56
        2: P =   3.08, D =   0.43 @  3.95 Rp,20.87 MLT; DPS:  -5.01
[0m [32m<Writing HDF5 DATA @ t =    24.667 [min] >[0m 
[32m<Writing RAIJU HDF5 DATA @ t =    24.750 [min] >[0m 
 [36m
 GAMERA
      Time =    24.752 [min]
        ts =    17634
        dt =  9.99E-02 [sec]
    dt/dt0 =   83.897%
    Spent     0.0% of time waiting for Voltron
      kZCs =   3427.80 /   1323.01 [MHD/TOT] (8 threads)
[0m       CPCP =   73.172  68.972 [kV, N/S]
 [34m
 VOLTRON
      UT   = 2001-06-01 23:24:45
      tilt =    0.000 [deg]
    Sym-H  =   -5.000 [nT]
    BSDst  ~   17.179 [nT]
           dSMRs  ~     0.89   -0.12   -0.94    0.17 [nT, 12/18/00/06]
   DPSDst  ~   -4.659 [nT]
   Spent    42.6% of time waiting for Gamera
            12.0% of time processing Chimp(Helpers)
             9.8% of time processing IMAG
            12.8% of time processing Remix
            22.5% of time processing Tubes(Helpers)
             0.0% of time writing files
    Running @   86.074% of real-time (8 threads)
[0m  [35m
 RAIJU
      UT   = 2001-06-01 23:24:50
      Time =    24.833 [min]
     dtCpl =  5.00E+00 [sec]
     Max/Min dt @ k:
        Max 3.33E+01 [sec] @ 57
        Min 1.38E-01 [sec] @ 160
     Flav : max Press/Den @ L,MLT; DPS-dst
        0: P =   0.00, D =9075.91 @  1.54 Rp,12.07 MLT; DPS:   0.00
        1: P =   0.20, D =   6.78 @  6.47 Rp,12.00 MLT; DPS:  -0.56
        2: P =   3.08, D =   0.43 @  3.95 Rp,20.60 MLT; DPS:  -5.01
[0m [32m<Writing HDF5 DATA @ t =    24.752 [min] >[0m 
[32m<Writing RAIJU HDF5 DATA @ t =    24.833 [min] >[0m 
 [36m
 GAMERA
      Time =    24.835 [min]
        ts =    17684
        dt =  9.99E-02 [sec]
    dt/dt0 =   83.872%
    Spent     0.0% of time waiting for Voltron
      kZCs =   3427.14 /   1308.97 [MHD/TOT] (8 threads)
[0m       CPCP =   73.169  68.932 [kV, N/S]
 [34m
 VOLTRON
      UT   = 2001-06-01 23:24:50
      tilt =    0.000 [deg]
    Sym-H  =   -5.000 [nT]
    BSDst  ~   17.163 [nT]
           dSMRs  ~     0.89   -0.12   -0.94    0.17 [nT, 12/18/00/06]
   DPSDst  ~   -4.657 [nT]
   Spent    42.6% of time waiting for Gamera
            12.0% of time processing Chimp(Helpers)
             9.8% of time processing IMAG
            12.8% of time processing Remix
            22.5% of time processing Tubes(Helpers)
             0.0% of time writing files
    Running @   86.107% of real-time (8 threads)
[0m  [35m
 RAIJU
      UT   = 2001-06-01 23:24:55
      Time =    24.917 [min]
     dtCpl =  5.00E+00 [sec]
     Max/Min dt @ k:
        Max 3.32E+01 [sec] @ 57
        Min 1.38E-01 [sec] @ 160
     Flav : max Press/Den @ L,MLT; DPS-dst
        0: P =   0.00, D =9075.91 @  1.54 Rp,12.07 MLT; DPS:   0.00
        1: P =   0.20, D =   6.77 @  6.46 Rp,12.01 MLT; DPS:  -0.56
        2: P =   3.08, D =   0.43 @  3.95 Rp,20.60 MLT; DPS:  -5.00
[0m [32m<Writing HDF5 DATA @ t =    24.835 [min] >[0m 
[32m<Writing RAIJU HDF5 DATA @ t =    24.917 [min] >[0m 
 [36m
 GAMERA
      Time =    24.918 [min]
        ts =    17734
        dt =  9.98E-02 [sec]
    dt/dt0 =   83.846%
    Spent     0.0% of time waiting for Voltron
      kZCs =   3425.23 /   1309.67 [MHD/TOT] (8 threads)
[0m       CPCP =   73.182  68.920 [kV, N/S]
 [34m
 VOLTRON
      UT   = 2001-06-01 23:24:55
      tilt =    0.000 [deg]
    Sym-H  =   -5.000 [nT]
    BSDst  ~   17.147 [nT]
           dSMRs  ~     0.89   -0.12   -0.94    0.17 [nT, 12/18/00/06]
   DPSDst  ~   -4.654 [nT]
   Spent    42.6% of time waiting for Gamera
            12.1% of time processing Chimp(Helpers)
             9.8% of time processing IMAG
            12.8% of time processing Remix
            22.5% of time processing Tubes(Helpers)
             0.0% of time writing files
    Running @   86.140% of real-time (8 threads)
[0m  [35m
 RAIJU
      UT   = 2001-06-01 23:24:59
      Time =    25.000 [min]
     dtCpl =  5.00E+00 [sec]
     Max/Min dt @ k:
        Max 3.32E+01 [sec] @ 57
        Min 1.38E-01 [sec] @ 160
     Flav : max Press/Den @ L,MLT; DPS-dst
        0: P =   0.00, D =9075.91 @  1.54 Rp,12.07 MLT; DPS:   0.00
        1: P =   0.20, D =   6.76 @  6.45 Rp,12.02 MLT; DPS:  -0.56
        2: P =   3.08, D =   0.43 @  3.95 Rp,20.60 MLT; DPS:  -5.00
[0m [32m<Writing HDF5 DATA @ t =    24.918 [min] >[0m 
[32m<Writing RAIJU HDF5 DATA @ t =    25.000 [min] >[0m 
 [36m
 GAMERA
      Time =    25.001 [min]
        ts =    17784
        dt =  9.98E-02 [sec]
    dt/dt0 =   83.823%
    Spent     0.0% of time waiting for Voltron
      kZCs =   3426.82 /   1309.63 [MHD/TOT] (8 threads)
[0m       CPCP =   73.212  68.937 [kV, N/S]
 [34m
 VOLTRON
      UT   = 2001-06-01 23:25:00
      tilt =    0.000 [deg]
    Sym-H  =   -5.000 [nT]
    BSDst  ~   17.132 [nT]
           dSMRs  ~     0.90   -0.12   -0.94    0.17 [nT, 12/18/00/06]
   DPSDst  ~   -4.655 [nT]
   Spent    42.6% of time waiting for Gamera
            12.1% of time processing Chimp(Helpers)
             9.8% of time processing IMAG
            12.8% of time processing Remix
            22.5% of time processing Tubes(Helpers)
             0.0% of time writing files
    Running @   86.162% of real-time (8 threads)
[0m  [35m
 RAIJU
      UT   = 2001-06-01 23:25:05
      Time =    25.083 [min]
     dtCpl =  5.00E+00 [sec]
     Max/Min dt @ k:
        Max 3.31E+01 [sec] @ 57
        Min 1.38E-01 [sec] @ 160
     Flav : max Press/Den @ L,MLT; DPS-dst
        0: P =   0.00, D =9075.91 @  1.54 Rp,12.07 MLT; DPS:   0.00
        1: P =   0.20, D =   6.75 @  6.34 Rp,12.04 MLT; DPS:  -0.56
        2: P =   3.08, D =   0.43 @  3.95 Rp,20.60 MLT; DPS:  -5.00
[0m [32m<Writing HDF5 DATA @ t =    25.001 [min] >[0m 
[32m<Writing RAIJU HDF5 DATA @ t =    25.083 [min] >[0m 
 [36m
 GAMERA
      Time =    25.084 [min]
        ts =    17834
        dt =  9.98E-02 [sec]
    dt/dt0 =   83.802%
    Spent     0.0% of time waiting for Voltron
      kZCs =   3427.93 /   1309.84 [MHD/TOT] (8 threads)
[0m       CPCP =   73.237  68.974 [kV, N/S]
 [34m
 VOLTRON
      UT   = 2001-06-01 23:25:05
      tilt =    0.000 [deg]
    Sym-H  =   -5.000 [nT]
    BSDst  ~   17.116 [nT]
           dSMRs  ~     0.90   -0.12   -0.95    0.17 [nT, 12/18/00/06]
   DPSDst  ~   -4.649 [nT]
   Spent    42.6% of time waiting for Gamera
            12.1% of time processing Chimp(Helpers)
             9.8% of time processing IMAG
            12.8% of time processing Remix
            22.5% of time processing Tubes(Helpers)
             0.0% of time writing files
    Running @   86.192% of real-time (8 threads)
[0m  [35m
 RAIJU
      UT   = 2001-06-01 23:25:10
      Time =    25.167 [min]
     dtCpl =  5.00E+00 [sec]
     Max/Min dt @ k:
        Max 3.30E+01 [sec] @ 57
        Min 1.38E-01 [sec] @ 160
     Flav : max Press/Den @ L,MLT; DPS-dst
        0: P =   0.00, D =9075.91 @  1.54 Rp,12.07 MLT; DPS:   0.00
        1: P =   0.20, D =   6.74 @  6.33 Rp,12.05 MLT; DPS:  -0.55
        2: P =   3.08, D =   0.43 @  3.95 Rp,20.60 MLT; DPS:  -5.00
[0m [32m<Writing HDF5 DATA @ t =    25.084 [min] >[0m 
[32m<Writing RAIJU HDF5 DATA @ t =    25.167 [min] >[0m 
 [36m
 GAMERA
      Time =    25.167 [min]
        ts =    17884
        dt =  9.98E-02 [sec]
    dt/dt0 =   83.782%
    Spent     0.0% of time waiting for Voltron
      kZCs =   3426.18 /   1310.18 [MHD/TOT] (8 threads)
[0m       CPCP =   73.267  69.013 [kV, N/S]
 [34m
 VOLTRON
      UT   = 2001-06-01 23:25:10
      tilt =    0.000 [deg]
    Sym-H  =   -5.000 [nT]
    BSDst  ~   17.099 [nT]
           dSMRs  ~     0.90   -0.12   -0.95    0.16 [nT, 12/18/00/06]
   DPSDst  ~   -4.646 [nT]
   Spent    42.7% of time waiting for Gamera
            12.1% of time processing Chimp(Helpers)
             9.8% of time processing IMAG
            12.7% of time processing Remix
            22.5% of time processing Tubes(Helpers)
             0.0% of time writing files
    Running @   86.221% of real-time (8 threads)
[0m  [35m
 RAIJU
      UT   = 2001-06-01 23:25:15
      Time =    25.250 [min]
     dtCpl =  5.00E+00 [sec]
     Max/Min dt @ k:
        Max 3.29E+01 [sec] @ 57
        Min 1.38E-01 [sec] @ 160
     Flav : max Press/Den @ L,MLT; DPS-dst
        0: P =   0.00, D =9075.91 @  1.54 Rp,12.07 MLT; DPS:   0.00
        1: P =   0.20, D =   6.73 @  6.31 Rp,12.06 MLT; DPS:  -0.55
        2: P =   3.08, D =   0.43 @  3.95 Rp,20.47 MLT; DPS:  -5.00
[0m [32m<Writing HDF5 DATA @ t =    25.167 [min] >[0m 
[32m<Writing RAIJU HDF5 DATA @ t =    25.250 [min] >[0m 
 [36m
 GAMERA
      Time =    25.251 [min]
        ts =    17934
        dt =  9.97E-02 [sec]
    dt/dt0 =   83.764%
    Spent     0.0% of time waiting for Voltron
      kZCs =   3426.50 /   1312.19 [MHD/TOT] (8 threads)
[0m       CPCP =   73.292  69.047 [kV, N/S]
 [34m
 VOLTRON
      UT   = 2001-06-01 23:25:15
      tilt =    0.000 [deg]
    Sym-H  =   -5.000 [nT]
    BSDst  ~   17.082 [nT]
           dSMRs  ~     0.91   -0.12   -0.95    0.16 [nT, 12/18/00/06]
   DPSDst  ~   -4.635 [nT]
   Spent    42.7% of time waiting for Gamera
            12.1% of time processing Chimp(Helpers)
             9.8% of time processing IMAG
            12.7% of time processing Remix
            22.5% of time processing Tubes(Helpers)
             0.0% of time writing files
    Running @   86.224% of real-time (8 threads)
[0m  [35m
 RAIJU
      UT   = 2001-06-01 23:25:20
      Time =    25.333 [min]
     dtCpl =  5.00E+00 [sec]
     Max/Min dt @ k:
        Max 3.28E+01 [sec] @ 57
        Min 1.38E-01 [sec] @ 160
     Flav : max Press/Den @ L,MLT; DPS-dst
        0: P =   0.00, D =9075.91 @  1.54 Rp,12.07 MLT; DPS:   0.00
        1: P =   0.20, D =   6.72 @  6.29 Rp,12.07 MLT; DPS:  -0.54
        2: P =   3.08, D =   0.43 @  3.95 Rp,20.47 MLT; DPS:  -4.99
[0m [32m<Writing HDF5 DATA @ t =    25.251 [min] >[0m 
[32m<Writing RAIJU HDF5 DATA @ t =    25.333 [min] >[0m 
 [36m
 GAMERA
      Time =    25.334 [min]
        ts =    17984
        dt =  9.97E-02 [sec]
    dt/dt0 =   83.747%
    Spent     0.0% of time waiting for Voltron
      kZCs =   3430.01 /   1312.28 [MHD/TOT] (8 threads)
[0m       CPCP =   73.290  69.090 [kV, N/S]
 [34m
 VOLTRON
      UT   = 2001-06-01 23:25:20
      tilt =    0.000 [deg]
    Sym-H  =   -5.000 [nT]
    BSDst  ~   17.064 [nT]
           dSMRs  ~     0.91   -0.11   -0.95    0.16 [nT, 12/18/00/06]
   DPSDst  ~   -4.629 [nT]
   Spent    42.7% of time waiting for Gamera
            12.1% of time processing Chimp(Helpers)
             9.8% of time processing IMAG
            12.7% of time processing Remix
            22.5% of time processing Tubes(Helpers)
             0.0% of time writing files
    Running @   86.243% of real-time (8 threads)
[0m  [35m
 RAIJU
      UT   = 2001-06-01 23:25:25
      Time =    25.417 [min]
     dtCpl =  5.00E+00 [sec]
     Max/Min dt @ k:
        Max 3.27E+01 [sec] @ 57
        Min 1.38E-01 [sec] @ 160
     Flav : max Press/Den @ L,MLT; DPS-dst
        0: P =   0.00, D =9075.91 @  1.54 Rp,12.07 MLT; DPS:   0.00
        1: P =   0.20, D =   6.71 @  6.28 Rp,12.08 MLT; DPS:  -0.54
        2: P =   3.08, D =   0.43 @  3.95 Rp,20.47 MLT; DPS:  -4.99
[0m [32m<Writing HDF5 DATA @ t =    25.334 [min] >[0m 
[32m<Writing RAIJU HDF5 DATA @ t =    25.417 [min] >[0m 
 [36m
 GAMERA
      Time =    25.417 [min]
        ts =    18034
        dt =  9.97E-02 [sec]
    dt/dt0 =   83.733%
    Spent     0.0% of time waiting for Voltron
      kZCs =   3428.09 /   1310.98 [MHD/TOT] (8 threads)
[0m       CPCP =   73.254  69.108 [kV, N/S]
 [34m
 VOLTRON
      UT   = 2001-06-01 23:25:25
      tilt =    0.000 [deg]
    Sym-H  =   -5.000 [nT]
    BSDst  ~   17.046 [nT]
           dSMRs  ~     0.91   -0.11   -0.96    0.16 [nT, 12/18/00/06]
   DPSDst  ~   -4.628 [nT]
   Spent    42.7% of time waiting for Gamera
            12.1% of time processing Chimp(Helpers)
             9.8% of time processing IMAG
            12.7% of time processing Remix
            22.5% of time processing Tubes(Helpers)
             0.0% of time writing files
    Running @   86.270% of real-time (8 threads)
[0m  [35m
 RAIJU
      UT   = 2001-06-01 23:25:30
      Time =    25.500 [min]
     dtCpl =  5.00E+00 [sec]
     Max/Min dt @ k:
        Max 3.26E+01 [sec] @ 57
        Min 1.38E-01 [sec] @ 160
     Flav : max Press/Den @ L,MLT; DPS-dst
        0: P =   0.00, D =9075.91 @  1.54 Rp,12.07 MLT; DPS:   0.00
        1: P =   0.20, D =   6.70 @  6.28 Rp,12.08 MLT; DPS:  -0.54
        2: P =   3.08, D =   0.43 @  3.95 Rp,20.47 MLT; DPS:  -4.99
[0m [32m<Writing HDF5 DATA @ t =    25.417 [min] >[0m 
[32m<Writing RAIJU HDF5 DATA @ t =    25.500 [min] >[0m 
 [36m
 GAMERA
      Time =    25.502 [min]
        ts =    18085
        dt =  9.97E-02 [sec]
    dt/dt0 =   83.723%
    Spent     0.0% of time waiting for Voltron
      kZCs =   3427.33 /   1326.46 [MHD/TOT] (8 threads)
[0m       CPCP =   73.209  69.117 [kV, N/S]
 [34m
 VOLTRON
      UT   = 2001-06-01 23:25:30
      tilt =    0.000 [deg]
    Sym-H  =   -5.000 [nT]
    BSDst  ~   17.028 [nT]
           dSMRs  ~     0.92   -0.11   -0.96    0.16 [nT, 12/18/00/06]
   DPSDst  ~   -4.627 [nT]
   Spent    42.8% of time waiting for Gamera
            12.1% of time processing Chimp(Helpers)
             9.8% of time processing IMAG
            12.7% of time processing Remix
            22.5% of time processing Tubes(Helpers)
             0.0% of time writing files
    Running @   86.318% of real-time (8 threads)
[0m  [35m
 RAIJU
      UT   = 2001-06-01 23:25:35
      Time =    25.583 [min]
     dtCpl =  5.00E+00 [sec]
     Max/Min dt @ k:
        Max 3.26E+01 [sec] @ 57
        Min 1.38E-01 [sec] @ 160
     Flav : max Press/Den @ L,MLT; DPS-dst
        0: P =   0.00, D =9075.91 @  1.54 Rp,12.07 MLT; DPS:   0.00
        1: P =   0.20, D =   6.69 @  6.25 Rp,12.09 MLT; DPS:  -0.54
        2: P =   3.08, D =   0.43 @  3.95 Rp,20.47 MLT; DPS:  -4.99
[0m [32m<Writing HDF5 DATA @ t =    25.502 [min] >[0m 
[32m<Writing RAIJU HDF5 DATA @ t =    25.583 [min] >[0m 
 [36m
 GAMERA
      Time =    25.585 [min]
        ts =    18135
        dt =  9.97E-02 [sec]
    dt/dt0 =   83.716%
    Spent     0.0% of time waiting for Voltron
      kZCs =   3429.85 /   1311.82 [MHD/TOT] (8 threads)
[0m       CPCP =   73.157  69.135 [kV, N/S]
 [34m
 VOLTRON
      UT   = 2001-06-01 23:25:35
      tilt =    0.000 [deg]
    Sym-H  =   -5.000 [nT]
    BSDst  ~   17.011 [nT]
           dSMRs  ~     0.92   -0.11   -0.96    0.15 [nT, 12/18/00/06]
   DPSDst  ~   -4.620 [nT]
   Spent    42.7% of time waiting for Gamera
            12.1% of time processing Chimp(Helpers)
             9.8% of time processing IMAG
            12.7% of time processing Remix
            22.5% of time processing Tubes(Helpers)
             0.0% of time writing files
    Running @   86.344% of real-time (8 threads)
[0m  [35m
 RAIJU
      UT   = 2001-06-01 23:25:40
      Time =    25.667 [min]
     dtCpl =  5.00E+00 [sec]
     Max/Min dt @ k:
        Max 3.25E+01 [sec] @ 57
        Min 1.38E-01 [sec] @ 160
     Flav : max Press/Den @ L,MLT; DPS-dst
        0: P =   0.00, D =9075.91 @  1.54 Rp,12.07 MLT; DPS:   0.00
        1: P =   0.20, D =   6.68 @  6.23 Rp,12.09 MLT; DPS:  -0.54
        2: P =   3.08, D =   0.43 @  3.95 Rp,20.47 MLT; DPS:  -4.98
[0m [32m<Writing HDF5 DATA @ t =    25.585 [min] >[0m 
[32m<Writing RAIJU HDF5 DATA @ t =    25.667 [min] >[0m 
 [36m
 GAMERA
      Time =    25.668 [min]
        ts =    18185
        dt =  9.97E-02 [sec]
    dt/dt0 =   83.713%
    Spent     0.0% of time waiting for Voltron
      kZCs =   3426.98 /   1311.19 [MHD/TOT] (8 threads)
[0m       CPCP =   73.094  69.138 [kV, N/S]
 [34m
 VOLTRON
      UT   = 2001-06-01 23:25:40
      tilt =    0.000 [deg]
    Sym-H  =   -5.000 [nT]
    BSDst  ~   16.996 [nT]
           dSMRs  ~     0.93   -0.11   -0.97    0.15 [nT, 12/18/00/06]
   DPSDst  ~   -4.620 [nT]
   Spent    42.7% of time waiting for Gamera
            12.1% of time processing Chimp(Helpers)
             9.8% of time processing IMAG
            12.7% of time processing Remix
            22.5% of time processing Tubes(Helpers)
             0.0% of time writing files
    Running @   86.341% of real-time (8 threads)
[0m  [35m
 RAIJU
      UT   = 2001-06-01 23:25:45
      Time =    25.750 [min]
     dtCpl =  5.00E+00 [sec]
     Max/Min dt @ k:
        Max 3.24E+01 [sec] @ 57
        Min 1.38E-01 [sec] @ 160
     Flav : max Press/Den @ L,MLT; DPS-dst
        0: P =   0.00, D =9075.91 @  1.54 Rp,12.07 MLT; DPS:   0.00
        1: P =   0.20, D =   6.67 @  6.21 Rp,12.10 MLT; DPS:  -0.54
        2: P =   3.08, D =   0.43 @  3.95 Rp,20.47 MLT; DPS:  -4.98
[0m [32m<Writing HDF5 DATA @ t =    25.668 [min] >[0m 
[32m<Writing RAIJU HDF5 DATA @ t =    25.750 [min] >[0m 
 [36m
 GAMERA
      Time =    25.751 [min]
        ts =    18235
        dt =  9.97E-02 [sec]
    dt/dt0 =   83.714%
    Spent     0.0% of time waiting for Voltron
      kZCs =   3426.18 /   1311.42 [MHD/TOT] (8 threads)
[0m       CPCP =   73.039  69.125 [kV, N/S]
 [34m
 VOLTRON
      UT   = 2001-06-01 23:25:45
      tilt =    0.000 [deg]
    Sym-H  =   -5.000 [nT]
    BSDst  ~   16.983 [nT]
           dSMRs  ~     0.94   -0.12   -0.97    0.15 [nT, 12/18/00/06]
   DPSDst  ~   -4.619 [nT]
   Spent    42.7% of time waiting for Gamera
            12.1% of time processing Chimp(Helpers)
             9.8% of time processing IMAG
            12.7% of time processing Remix
            22.5% of time processing Tubes(Helpers)
             0.0% of time writing files
    Running @   86.351% of real-time (8 threads)
[0m  [35m
 RAIJU
      UT   = 2001-06-01 23:25:50
      Time =    25.833 [min]
     dtCpl =  5.00E+00 [sec]
     Max/Min dt @ k:
        Max 3.24E+01 [sec] @ 57
        Min 1.38E-01 [sec] @ 160
     Flav : max Press/Den @ L,MLT; DPS-dst
        0: P =   0.00, D =9075.91 @  1.54 Rp,12.07 MLT; DPS:   0.00
        1: P =   0.20, D =   6.67 @  6.21 Rp,12.10 MLT; DPS:  -0.54
        2: P =   3.08, D =   0.43 @  3.95 Rp,20.34 MLT; DPS:  -4.98
[0m [32m<Writing HDF5 DATA @ t =    25.751 [min] >[0m 
[32m<Writing RAIJU HDF5 DATA @ t =    25.833 [min] >[0m 
 [36m
 GAMERA
      Time =    25.834 [min]
        ts =    18285
        dt =  9.97E-02 [sec]
    dt/dt0 =   83.717%
    Spent     0.0% of time waiting for Voltron
      kZCs =   3427.14 /   1313.08 [MHD/TOT] (8 threads)
[0m       CPCP =   73.006  69.109 [kV, N/S]
 [34m
 VOLTRON
      UT   = 2001-06-01 23:25:50
      tilt =    0.000 [deg]
    Sym-H  =   -5.000 [nT]
    BSDst  ~   16.967 [nT]
           dSMRs  ~     0.95   -0.12   -0.97    0.15 [nT, 12/18/00/06]
   DPSDst  ~   -4.618 [nT]
   Spent    42.7% of time waiting for Gamera
            12.1% of time processing Chimp(Helpers)
             9.8% of time processing IMAG
            12.7% of time processing Remix
            22.5% of time processing Tubes(Helpers)
             0.0% of time writing files
    Running @   86.379% of real-time (8 threads)
[0m  [35m
 RAIJU
      UT   = 2001-06-01 23:25:55
      Time =    25.917 [min]
     dtCpl =  5.00E+00 [sec]
     Max/Min dt @ k:
        Max 3.24E+01 [sec] @ 58
        Min 1.38E-01 [sec] @ 160
     Flav : max Press/Den @ L,MLT; DPS-dst
        0: P =   0.00, D =9075.91 @  1.54 Rp,12.07 MLT; DPS:   0.00
        1: P =   0.20, D =   6.66 @  6.19 Rp,12.11 MLT; DPS:  -0.53
        2: P =   3.08, D =   0.42 @  3.95 Rp,20.34 MLT; DPS:  -4.98
[0m [32m<Writing HDF5 DATA @ t =    25.834 [min] >[0m 
[32m<Writing RAIJU HDF5 DATA @ t =    25.917 [min] >[0m 
 [36m
 GAMERA
      Time =    25.917 [min]
        ts =    18335
        dt =  9.97E-02 [sec]
    dt/dt0 =   83.722%
    Spent     0.0% of time waiting for Voltron
      kZCs =   3427.46 /   1313.73 [MHD/TOT] (8 threads)
[0m       CPCP =   72.986  69.072 [kV, N/S]
 [34m
 VOLTRON
      UT   = 2001-06-01 23:25:55
      tilt =    0.000 [deg]
    Sym-H  =   -5.000 [nT]
    BSDst  ~   16.951 [nT]
           dSMRs  ~     0.95   -0.12   -0.98    0.14 [nT, 12/18/00/06]
   DPSDst  ~   -4.613 [nT]
   Spent    42.7% of time waiting for Gamera
            12.1% of time processing Chimp(Helpers)
             9.8% of time processing IMAG
            12.7% of time processing Remix
            22.5% of time processing Tubes(Helpers)
             0.0% of time writing files
    Running @   86.354% of real-time (8 threads)
[0m  [35m
 RAIJU
      UT   = 2001-06-01 23:25:59
      Time =    26.000 [min]
     dtCpl =  5.00E+00 [sec]
     Max/Min dt @ k:
        Max 3.23E+01 [sec] @ 58
        Min 1.38E-01 [sec] @ 160
     Flav : max Press/Den @ L,MLT; DPS-dst
        0: P =   0.00, D =9075.91 @  1.54 Rp,12.07 MLT; DPS:   0.00
        1: P =   0.20, D =   6.64 @  6.18 Rp,12.12 MLT; DPS:  -0.53
        2: P =   3.08, D =   0.42 @  3.95 Rp,20.34 MLT; DPS:  -4.98
[0m [32m<Writing HDF5 DATA @ t =    25.917 [min] >[0m 
[32m<Writing RAIJU HDF5 DATA @ t =    26.000 [min] >[0m 
 [36m
 GAMERA
      Time =    26.002 [min]
        ts =    18386
        dt =  9.97E-02 [sec]
    dt/dt0 =   83.727%
    Spent     0.0% of time waiting for Voltron
      kZCs =   3425.46 /   1328.36 [MHD/TOT] (8 threads)
[0m       CPCP =   72.980  69.008 [kV, N/S]
 [34m
 VOLTRON
      UT   = 2001-06-01 23:26:00
      tilt =    0.000 [deg]
    Sym-H  =   -5.000 [nT]
    BSDst  ~   16.934 [nT]
           dSMRs  ~     0.96   -0.12   -0.98    0.14 [nT, 12/18/00/06]
   DPSDst  ~   -4.610 [nT]
   Spent    42.8% of time waiting for Gamera
            12.1% of time processing Chimp(Helpers)
             9.8% of time processing IMAG
            12.7% of time processing Remix
            22.4% of time processing Tubes(Helpers)
             0.0% of time writing files
    Running @   86.415% of real-time (8 threads)
[0m  [35m
 RAIJU
      UT   = 2001-06-01 23:26:05
      Time =    26.083 [min]
     dtCpl =  5.00E+00 [sec]
     Max/Min dt @ k:
        Max 3.23E+01 [sec] @ 58
        Min 1.38E-01 [sec] @ 160
     Flav : max Press/Den @ L,MLT; DPS-dst
        0: P =   0.00, D =9075.91 @  1.54 Rp,12.07 MLT; DPS:   0.00
        1: P =   0.20, D =   6.63 @  6.16 Rp,12.13 MLT; DPS:  -0.53
        2: P =   3.08, D =   0.42 @  3.95 Rp,20.34 MLT; DPS:  -4.97
[0m [32m<Writing HDF5 DATA @ t =    26.002 [min] >[0m 
[32m<Writing RAIJU HDF5 DATA @ t =    26.083 [min] >[0m 
 [36m
 GAMERA
      Time =    26.085 [min]
        ts =    18436
        dt =  9.97E-02 [sec]
    dt/dt0 =   83.732%
    Spent     0.0% of time waiting for Voltron
      kZCs =   3427.62 /   1315.56 [MHD/TOT] (8 threads)
[0m       CPCP =   72.979  68.917 [kV, N/S]
 [34m
 VOLTRON
      UT   = 2001-06-01 23:26:05
      tilt =    0.000 [deg]
    Sym-H  =   -5.000 [nT]
    BSDst  ~   16.916 [nT]
           dSMRs  ~     0.96   -0.12   -0.98    0.14 [nT, 12/18/00/06]
   DPSDst  ~   -4.607 [nT]
   Spent    42.8% of time waiting for Gamera
            12.1% of time processing Chimp(Helpers)
             9.8% of time processing IMAG
            12.7% of time processing Remix
            22.4% of time processing Tubes(Helpers)
             0.0% of time writing files
    Running @   86.384% of real-time (8 threads)
[0m  [35m
 RAIJU
      UT   = 2001-06-01 23:26:10
      Time =    26.167 [min]
     dtCpl =  5.00E+00 [sec]
     Max/Min dt @ k:
        Max 3.22E+01 [sec] @ 58
        Min 1.38E-01 [sec] @ 160
     Flav : max Press/Den @ L,MLT; DPS-dst
        0: P =   0.00, D =9075.91 @  1.54 Rp,12.07 MLT; DPS:   0.00
        1: P =   0.20, D =   6.62 @  6.15 Rp,12.13 MLT; DPS:  -0.53
        2: P =   3.08, D =   0.42 @  3.95 Rp,20.34 MLT; DPS:  -4.97
[0m [32m<Writing HDF5 DATA @ t =    26.085 [min] >[0m 
[32m<Writing RAIJU HDF5 DATA @ t =    26.167 [min] >[0m 
 [36m
 GAMERA
      Time =    26.168 [min]
        ts =    18486
        dt =  9.97E-02 [sec]
    dt/dt0 =   83.734%
    Spent     0.0% of time waiting for Voltron
      kZCs =   3427.30 /   1314.11 [MHD/TOT] (8 threads)
[0m       CPCP =   72.984  68.886 [kV, N/S]
 [34m
 VOLTRON
      UT   = 2001-06-01 23:26:10
      tilt =    0.000 [deg]
    Sym-H  =   -5.000 [nT]
    BSDst  ~   16.899 [nT]
           dSMRs  ~     0.96   -0.12   -0.98    0.14 [nT, 12/18/00/06]
   DPSDst  ~   -4.605 [nT]
   Spent    42.8% of time waiting for Gamera
            12.1% of time processing Chimp(Helpers)
             9.8% of time processing IMAG
            12.7% of time processing Remix
            22.4% of time processing Tubes(Helpers)
             0.0% of time writing files
    Running @   86.413% of real-time (8 threads)
[0m  [35m
 RAIJU
      UT   = 2001-06-01 23:26:15
      Time =    26.250 [min]
     dtCpl =  5.00E+00 [sec]
     Max/Min dt @ k:
        Max 3.21E+01 [sec] @ 58
        Min 1.38E-01 [sec] @ 160
     Flav : max Press/Den @ L,MLT; DPS-dst
        0: P =   0.00, D =9075.91 @  1.54 Rp,12.07 MLT; DPS:   0.00
        1: P =   0.20, D =   6.61 @  6.12 Rp,12.13 MLT; DPS:  -0.53
        2: P =   3.08, D =   0.43 @  3.96 Rp,23.34 MLT; DPS:  -4.97
[0m [32m<Writing HDF5 DATA @ t =    26.168 [min] >[0m 
[32m<Writing RAIJU HDF5 DATA @ t =    26.250 [min] >[0m 
 [36m
 GAMERA
      Time =    26.251 [min]
        ts =    18536
        dt =  9.97E-02 [sec]
    dt/dt0 =   83.737%
    Spent     0.0% of time waiting for Voltron
      kZCs =   3423.16 /   1313.55 [MHD/TOT] (8 threads)
[0m       CPCP =   72.988  68.908 [kV, N/S]
 [34m
 VOLTRON
      UT   = 2001-06-01 23:26:15
      tilt =    0.000 [deg]
    Sym-H  =   -5.000 [nT]
    BSDst  ~   16.881 [nT]
           dSMRs  ~     0.97   -0.12   -0.98    0.13 [nT, 12/18/00/06]
   DPSDst  ~   -4.598 [nT]
   Spent    42.8% of time waiting for Gamera
            12.1% of time processing Chimp(Helpers)
             9.8% of time processing IMAG
            12.7% of time processing Remix
            22.4% of time processing Tubes(Helpers)
             0.0% of time writing files
    Running @   86.391% of real-time (8 threads)
[0m  [35m
 RAIJU
      UT   = 2001-06-01 23:26:20
      Time =    26.333 [min]
     dtCpl =  5.00E+00 [sec]
     Max/Min dt @ k:
        Max 3.20E+01 [sec] @ 58
        Min 1.38E-01 [sec] @ 160
     Flav : max Press/Den @ L,MLT; DPS-dst
        0: P =   0.00, D =9075.91 @  1.54 Rp,12.07 MLT; DPS:   0.00
        1: P =   0.20, D =   6.59 @  6.10 Rp,12.14 MLT; DPS:  -0.52
        2: P =   3.08, D =   0.43 @  3.96 Rp,23.34 MLT; DPS:  -4.97
[0m [32m<Writing HDF5 DATA @ t =    26.251 [min] >[0m 
[32m<Writing RAIJU HDF5 DATA @ t =    26.333 [min] >[0m 
 [36m
 GAMERA
      Time =    26.334 [min]
        ts =    18586
        dt =  9.97E-02 [sec]
    dt/dt0 =   83.738%
    Spent     0.0% of time waiting for Voltron
      kZCs =   3426.02 /   1315.19 [MHD/TOT] (8 threads)
[0m       CPCP =   73.001  68.949 [kV, N/S]
 [34m
 VOLTRON
      UT   = 2001-06-01 23:26:20
      tilt =    0.000 [deg]
    Sym-H  =   -5.000 [nT]
    BSDst  ~   16.866 [nT]
           dSMRs  ~     0.97   -0.12   -0.98    0.13 [nT, 12/18/00/06]
   DPSDst  ~   -4.597 [nT]
   Spent    42.8% of time waiting for Gamera
            12.1% of time processing Chimp(Helpers)
             9.8% of time processing IMAG
            12.6% of time processing Remix
            22.4% of time processing Tubes(Helpers)
             0.0% of time writing files
    Running @   86.421% of real-time (8 threads)
[0m  [35m
 RAIJU
      UT   = 2001-06-01 23:26:25
      Time =    26.417 [min]
     dtCpl =  5.00E+00 [sec]
     Max/Min dt @ k:
        Max 3.19E+01 [sec] @ 58
        Min 1.38E-01 [sec] @ 160
     Flav : max Press/Den @ L,MLT; DPS-dst
        0: P =   0.00, D =9075.91 @  1.54 Rp,12.07 MLT; DPS:   0.00
        1: P =   0.20, D =   6.58 @  6.09 Rp,12.16 MLT; DPS:  -0.52
        2: P =   3.08, D =   0.43 @  3.96 Rp,23.34 MLT; DPS:  -4.97
[0m [32m<Writing HDF5 DATA @ t =    26.334 [min] >[0m 
[32m<Writing RAIJU HDF5 DATA @ t =    26.417 [min] >[0m 
 [36m
 GAMERA
      Time =    26.417 [min]
        ts =    18636
        dt =  9.97E-02 [sec]
    dt/dt0 =   83.737%
    Spent     0.0% of time waiting for Voltron
      kZCs =   3426.66 /   1315.40 [MHD/TOT] (8 threads)
[0m       CPCP =   73.036  68.996 [kV, N/S]
 [34m
 VOLTRON
      UT   = 2001-06-01 23:26:25
      tilt =    0.000 [deg]
    Sym-H  =   -5.000 [nT]
    BSDst  ~   16.853 [nT]
           dSMRs  ~     0.97   -0.12   -0.98    0.13 [nT, 12/18/00/06]
   DPSDst  ~   -4.595 [nT]
   Spent    42.8% of time waiting for Gamera
            12.1% of time processing Chimp(Helpers)
             9.8% of time processing IMAG
            12.6% of time processing Remix
            22.4% of time processing Tubes(Helpers)
             0.0% of time writing files
    Running @   86.451% of real-time (8 threads)
[0m  [35m
 RAIJU
      UT   = 2001-06-01 23:26:30
      Time =    26.500 [min]
     dtCpl =  5.00E+00 [sec]
     Max/Min dt @ k:
        Max 3.19E+01 [sec] @ 58
        Min 1.38E-01 [sec] @ 160
     Flav : max Press/Den @ L,MLT; DPS-dst
        0: P =   0.00, D =9075.91 @  1.54 Rp,12.07 MLT; DPS:   0.00
        1: P =   0.20, D =   6.57 @  6.08 Rp,12.17 MLT; DPS:  -0.52
        2: P =   3.08, D =   0.43 @  3.96 Rp,23.34 MLT; DPS:  -4.97
[0m [32m<Writing HDF5 DATA @ t =    26.417 [min] >[0m 
[32m<Writing RAIJU HDF5 DATA @ t =    26.500 [min] >[0m 
 [36m
 GAMERA
      Time =    26.500 [min]
        ts =    18686
        dt =  9.97E-02 [sec]
    dt/dt0 =   83.733%
    Spent     0.0% of time waiting for Voltron
      kZCs =   3425.86 /   1315.30 [MHD/TOT] (8 threads)
[0m       CPCP =   73.075  69.037 [kV, N/S]
 [34m
 VOLTRON
      UT   = 2001-06-01 23:26:30
      tilt =    0.000 [deg]
    Sym-H  =   -5.000 [nT]
    BSDst  ~   16.841 [nT]
           dSMRs  ~     0.98   -0.12   -0.98    0.13 [nT, 12/18/00/06]
   DPSDst  ~   -4.594 [nT]
   Spent    42.8% of time waiting for Gamera
            12.1% of time processing Chimp(Helpers)
             9.8% of time processing IMAG
            12.6% of time processing Remix
            22.4% of time processing Tubes(Helpers)
             0.0% of time writing files
    Running @   86.479% of real-time (8 threads)
[0m  [35m
 RAIJU
      UT   = 2001-06-01 23:26:35
      Time =    26.583 [min]
     dtCpl =  5.00E+00 [sec]
     Max/Min dt @ k:
        Max 3.18E+01 [sec] @ 58
        Min 1.38E-01 [sec] @ 160
     Flav : max Press/Den @ L,MLT; DPS-dst
        0: P =   0.00, D =9075.91 @  1.54 Rp,12.07 MLT; DPS:   0.00
        1: P =   0.20, D =   6.55 @  6.08 Rp,12.19 MLT; DPS:  -0.52
        2: P =   3.08, D =   0.43 @  3.96 Rp,23.34 MLT; DPS:  -4.96
[0m [32m<Writing HDF5 DATA @ t =    26.500 [min] >[0m 
[32m<Writing RAIJU HDF5 DATA @ t =    26.583 [min] >[0m 
 [36m
 GAMERA
      Time =    26.585 [min]
        ts =    18737
        dt =  9.97E-02 [sec]
    dt/dt0 =   83.727%
    Spent     0.0% of time waiting for Voltron
      kZCs =   3426.40 /   1330.71 [MHD/TOT] (8 threads)
[0m       CPCP =   73.101  69.059 [kV, N/S]
 [34m
 VOLTRON
      UT   = 2001-06-01 23:26:35
      tilt =    0.000 [deg]
    Sym-H  =   -5.000 [nT]
    BSDst  ~   16.829 [nT]
           dSMRs  ~     0.98   -0.12   -0.98    0.12 [nT, 12/18/00/06]
   DPSDst  ~   -4.588 [nT]
   Spent    42.9% of time waiting for Gamera
            12.1% of time processing Chimp(Helpers)
             9.8% of time processing IMAG
            12.6% of time processing Remix
            22.4% of time processing Tubes(Helpers)
             0.0% of time writing files
    Running @   86.540% of real-time (8 threads)
[0m  [35m
 RAIJU
      UT   = 2001-06-01 23:26:40
      Time =    26.667 [min]
     dtCpl =  5.00E+00 [sec]
     Max/Min dt @ k:
        Max 3.18E+01 [sec] @ 58
        Min 1.38E-01 [sec] @ 160
     Flav : max Press/Den @ L,MLT; DPS-dst
        0: P =   0.00, D =9075.91 @  1.54 Rp,12.07 MLT; DPS:   0.00
        1: P =   0.20, D =   6.54 @  6.05 Rp,12.20 MLT; DPS:  -0.52
        2: P =   3.08, D =   0.43 @  3.96 Rp,23.34 MLT; DPS:  -4.96
[0m [32m<Writing HDF5 DATA @ t =    26.585 [min] >[0m 
[32m<Writing RAIJU HDF5 DATA @ t =    26.667 [min] >[0m 
 [36m
 GAMERA
      Time =    26.668 [min]
        ts =    18787
        dt =  9.97E-02 [sec]
    dt/dt0 =   83.717%
    Spent     0.0% of time waiting for Voltron
      kZCs =   3424.59 /   1315.40 [MHD/TOT] (8 threads)
[0m       CPCP =   73.116  69.067 [kV, N/S]
 [34m
 VOLTRON
      UT   = 2001-06-01 23:26:40
      tilt =    0.000 [deg]
    Sym-H  =   -5.000 [nT]
    BSDst  ~   16.818 [nT]
           dSMRs  ~     0.98   -0.12   -0.98    0.12 [nT, 12/18/00/06]
   DPSDst  ~   -4.587 [nT]
   Spent    42.9% of time waiting for Gamera
            12.1% of time processing Chimp(Helpers)
             9.8% of time processing IMAG
            12.6% of time processing Remix
            22.4% of time processing Tubes(Helpers)
             0.0% of time writing files
    Running @   86.543% of real-time (8 threads)
[0m  [35m
 RAIJU
      UT   = 2001-06-01 23:26:45
      Time =    26.750 [min]
     dtCpl =  5.00E+00 [sec]
     Max/Min dt @ k:
        Max 3.17E+01 [sec] @ 58
        Min 1.38E-01 [sec] @ 160
     Flav : max Press/Den @ L,MLT; DPS-dst
        0: P =   0.00, D =9075.91 @  1.54 Rp,12.07 MLT; DPS:   0.00
        1: P =   0.20, D =   6.52 @  6.05 Rp,12.22 MLT; DPS:  -0.52
        2: P =   3.08, D =   0.43 @  3.96 Rp,23.34 MLT; DPS:  -4.96
[0m [32m<Writing HDF5 DATA @ t =    26.668 [min] >[0m 
[32m<Writing RAIJU HDF5 DATA @ t =    26.750 [min] >[0m 
 [36m
 GAMERA
      Time =    26.751 [min]
        ts =    18837
        dt =  9.97E-02 [sec]
    dt/dt0 =   83.703%
    Spent     0.0% of time waiting for Voltron
      kZCs =   3427.62 /   1317.32 [MHD/TOT] (8 threads)
[0m       CPCP =   73.131  69.083 [kV, N/S]
 [34m
 VOLTRON
      UT   = 2001-06-01 23:26:45
      tilt =    0.000 [deg]
    Sym-H  =   -5.000 [nT]
    BSDst  ~   16.808 [nT]
           dSMRs  ~     0.98   -0.12   -0.98    0.12 [nT, 12/18/00/06]
   DPSDst  ~   -4.585 [nT]
   Spent    42.9% of time waiting for Gamera
            12.1% of time processing Chimp(Helpers)
             9.8% of time processing IMAG
            12.6% of time processing Remix
            22.4% of time processing Tubes(Helpers)
             0.0% of time writing files
    Running @   86.574% of real-time (8 threads)
[0m  [35m
 RAIJU
      UT   = 2001-06-01 23:26:50
      Time =    26.833 [min]
     dtCpl =  5.00E+00 [sec]
     Max/Min dt @ k:
        Max 3.16E+01 [sec] @ 58
        Min 1.38E-01 [sec] @ 160
     Flav : max Press/Den @ L,MLT; DPS-dst
        0: P =   0.00, D =9075.91 @  1.54 Rp,12.07 MLT; DPS:   0.00
        1: P =   0.19, D =   6.51 @  6.04 Rp,12.24 MLT; DPS:  -0.52
        2: P =   3.08, D =   0.43 @  3.96 Rp,23.60 MLT; DPS:  -4.96
[0m [32m<Writing HDF5 DATA @ t =    26.751 [min] >[0m 
[32m<Writing RAIJU HDF5 DATA @ t =    26.833 [min] >[0m 
 [36m
 GAMERA
      Time =    26.834 [min]
        ts =    18887
        dt =  9.96E-02 [sec]
    dt/dt0 =   83.687%
    Spent     0.0% of time waiting for Voltron
      kZCs =   3428.41 /   1317.63 [MHD/TOT] (8 threads)
[0m       CPCP =   73.183  69.100 [kV, N/S]
 [34m
 VOLTRON
      UT   = 2001-06-01 23:26:50
      tilt =    0.000 [deg]
    Sym-H  =   -5.000 [nT]
    BSDst  ~   16.797 [nT]
           dSMRs  ~     0.99   -0.12   -0.98    0.12 [nT, 12/18/00/06]
   DPSDst  ~   -4.583 [nT]
   Spent    42.9% of time waiting for Gamera
            12.1% of time processing Chimp(Helpers)
             9.8% of time processing IMAG
            12.6% of time processing Remix
            22.4% of time processing Tubes(Helpers)
             0.0% of time writing files
    Running @   86.562% of real-time (8 threads)
[0m  [35m
 RAIJU
      UT   = 2001-06-01 23:26:55
      Time =    26.917 [min]
     dtCpl =  5.00E+00 [sec]
     Max/Min dt @ k:
        Max 3.16E+01 [sec] @ 58
        Min 1.38E-01 [sec] @ 160
     Flav : max Press/Den @ L,MLT; DPS-dst
        0: P =   0.00, D =9075.91 @  1.54 Rp,12.07 MLT; DPS:   0.00
        1: P =   0.19, D =   6.49 @  6.05 Rp,12.26 MLT; DPS:  -0.52
        2: P =   3.08, D =   0.43 @  3.96 Rp,23.60 MLT; DPS:  -4.96
[0m [32m<Writing HDF5 DATA @ t =    26.834 [min] >[0m 
[32m<Writing RAIJU HDF5 DATA @ t =    26.917 [min] >[0m 
 [36m
 GAMERA
      Time =    26.917 [min]
        ts =    18937
        dt =  9.96E-02 [sec]
    dt/dt0 =   83.670%
    Spent     0.0% of time waiting for Voltron
      kZCs =   3428.57 /   1317.68 [MHD/TOT] (8 threads)
[0m       CPCP =   73.252  69.157 [kV, N/S]
 [34m
 VOLTRON
      UT   = 2001-06-01 23:26:55
      tilt =    0.000 [deg]
    Sym-H  =   -5.000 [nT]
    BSDst  ~   16.787 [nT]
           dSMRs  ~     0.99   -0.12   -0.99    0.12 [nT, 12/18/00/06]
   DPSDst  ~   -4.580 [nT]
   Spent    42.9% of time waiting for Gamera
            12.1% of time processing Chimp(Helpers)
             9.8% of time processing IMAG
            12.6% of time processing Remix
            22.4% of time processing Tubes(Helpers)
             0.0% of time writing files
    Running @   86.535% of real-time (8 threads)
[0m  [35m
 RAIJU
      UT   = 2001-06-01 23:26:59
      Time =    27.000 [min]
     dtCpl =  5.00E+00 [sec]
     Max/Min dt @ k:
        Max 3.15E+01 [sec] @ 58
        Min 1.38E-01 [sec] @ 160
     Flav : max Press/Den @ L,MLT; DPS-dst
        0: P =   0.00, D =9075.91 @  1.54 Rp,12.07 MLT; DPS:   0.00
        1: P =   0.19, D =   6.48 @  6.03 Rp,12.28 MLT; DPS:  -0.51
        2: P =   3.08, D =   0.43 @  3.96 Rp,23.60 MLT; DPS:  -4.96
[0m [32m<Writing HDF5 DATA @ t =    26.917 [min] >[0m 
[32m<Writing RAIJU HDF5 DATA @ t =    27.000 [min] >[0m 
 [36m
 GAMERA
      Time =    27.002 [min]
        ts =    18988
        dt =  9.96E-02 [sec]
    dt/dt0 =   83.651%
    Spent     0.0% of time waiting for Voltron
      kZCs =   3427.80 /   1331.56 [MHD/TOT] (8 threads)
[0m       CPCP =   73.339  69.230 [kV, N/S]
 [34m
 VOLTRON
      UT   = 2001-06-01 23:27:00
      tilt =    0.000 [deg]
    Sym-H  =   -5.000 [nT]
    BSDst  ~   16.777 [nT]
           dSMRs  ~     1.00   -0.12   -0.99    0.11 [nT, 12/18/00/06]
   DPSDst  ~   -4.580 [nT]
   Spent    43.0% of time waiting for Gamera
            12.1% of time processing Chimp(Helpers)
             9.8% of time processing IMAG
            12.6% of time processing Remix
            22.3% of time processing Tubes(Helpers)
             0.0% of time writing files
    Running @   86.580% of real-time (8 threads)
[0m  [35m
 RAIJU
      UT   = 2001-06-01 23:27:05
      Time =    27.083 [min]
     dtCpl =  5.00E+00 [sec]
     Max/Min dt @ k:
        Max 3.14E+01 [sec] @ 58
        Min 1.38E-01 [sec] @ 160
     Flav : max Press/Den @ L,MLT; DPS-dst
        0: P =   0.00, D =9075.91 @  1.54 Rp,12.07 MLT; DPS:   0.00
        1: P =   0.19, D =   6.47 @  6.03 Rp,12.30 MLT; DPS:  -0.51
        2: P =   3.08, D =   0.43 @  3.96 Rp,23.60 MLT; DPS:  -4.96
[0m [32m<Writing HDF5 DATA @ t =    27.002 [min] >[0m 
[32m<Writing RAIJU HDF5 DATA @ t =    27.083 [min] >[0m 
 [36m
 GAMERA
      Time =    27.085 [min]
        ts =    19038
        dt =  9.96E-02 [sec]
    dt/dt0 =   83.633%
    Spent     0.0% of time waiting for Voltron
      kZCs =   3425.86 /   1316.67 [MHD/TOT] (8 threads)
[0m       CPCP =   73.464  69.295 [kV, N/S]
 [34m
 VOLTRON
      UT   = 2001-06-01 23:27:05
      tilt =    0.000 [deg]
    Sym-H  =   -5.000 [nT]
    BSDst  ~   16.768 [nT]
           dSMRs  ~     1.00   -0.12   -0.99    0.11 [nT, 12/18/00/06]
   DPSDst  ~   -4.578 [nT]
   Spent    43.0% of time waiting for Gamera
            12.1% of time processing Chimp(Helpers)
             9.8% of time processing IMAG
            12.6% of time processing Remix
            22.3% of time processing Tubes(Helpers)
             0.0% of time writing files
    Running @   86.523% of real-time (8 threads)
[0m  [35m
 RAIJU
      UT   = 2001-06-01 23:27:10
      Time =    27.167 [min]
     dtCpl =  5.00E+00 [sec]
     Max/Min dt @ k:
        Max 3.14E+01 [sec] @ 58
        Min 1.38E-01 [sec] @ 160
     Flav : max Press/Den @ L,MLT; DPS-dst
        0: P =   0.00, D =9075.91 @  1.54 Rp,12.07 MLT; DPS:   0.00
        1: P =   0.19, D =   6.46 @  6.04 Rp,12.32 MLT; DPS:  -0.51
        2: P =   3.08, D =   0.43 @  3.96 Rp,23.60 MLT; DPS:  -4.95
[0m [32m<Writing HDF5 DATA @ t =    27.085 [min] >[0m 
[32m<Writing RAIJU HDF5 DATA @ t =    27.167 [min] >[0m 
 [36m
 GAMERA
      Time =    27.168 [min]
        ts =    19088
        dt =  9.96E-02 [sec]
    dt/dt0 =   83.615%
    Spent     0.0% of time waiting for Voltron
      kZCs =   3429.53 /   1316.29 [MHD/TOT] (8 threads)
[0m       CPCP =   73.601  69.343 [kV, N/S]
 [34m
 VOLTRON
      UT   = 2001-06-01 23:27:10
      tilt =    0.000 [deg]
    Sym-H  =   -5.000 [nT]
    BSDst  ~   16.757 [nT]
           dSMRs  ~     1.01   -0.12   -1.00    0.11 [nT, 12/18/00/06]
   DPSDst  ~   -4.587 [nT]
   Spent    42.9% of time waiting for Gamera
            12.1% of time processing Chimp(Helpers)
             9.8% of time processing IMAG
            12.6% of time processing Remix
            22.3% of time processing Tubes(Helpers)
             0.0% of time writing files
    Running @   86.536% of real-time (8 threads)
[0m  [35m
 RAIJU
      UT   = 2001-06-01 23:27:15
      Time =    27.250 [min]
     dtCpl =  5.00E+00 [sec]
     Max/Min dt @ k:
        Max 3.13E+01 [sec] @ 58
        Min 1.38E-01 [sec] @ 160
     Flav : max Press/Den @ L,MLT; DPS-dst
        0: P =   0.00, D =9075.91 @  1.54 Rp,12.07 MLT; DPS:   0.00
        1: P =   0.19, D =   6.44 @  6.04 Rp,12.33 MLT; DPS:  -0.52
        2: P =   3.08, D =   0.43 @  3.96 Rp,23.60 MLT; DPS:  -4.96
[0m [32m<Writing HDF5 DATA @ t =    27.168 [min] >[0m 
[32m<Writing RAIJU HDF5 DATA @ t =    27.250 [min] >[0m 
 [36m
 GAMERA
      Time =    27.251 [min]
        ts =    19138
        dt =  9.95E-02 [sec]
    dt/dt0 =   83.597%
    Spent     0.0% of time waiting for Voltron
      kZCs =   3427.77 /   1315.91 [MHD/TOT] (8 threads)
[0m       CPCP =   73.722  69.355 [kV, N/S]
 [34m
 VOLTRON
      UT   = 2001-06-01 23:27:15
      tilt =    0.000 [deg]
    Sym-H  =   -5.000 [nT]
    BSDst  ~   16.744 [nT]
           dSMRs  ~     1.01   -0.12   -1.00    0.11 [nT, 12/18/00/06]
   DPSDst  ~   -4.581 [nT]
   Spent    42.9% of time waiting for Gamera
            12.1% of time processing Chimp(Helpers)
             9.8% of time processing IMAG
            12.6% of time processing Remix
            22.3% of time processing Tubes(Helpers)
             0.0% of time writing files
    Running @   86.560% of real-time (8 threads)
[0m  [35m
 RAIJU
      UT   = 2001-06-01 23:27:20
      Time =    27.333 [min]
     dtCpl =  5.00E+00 [sec]
     Max/Min dt @ k:
        Max 3.12E+01 [sec] @ 58
        Min 1.38E-01 [sec] @ 160
     Flav : max Press/Den @ L,MLT; DPS-dst
        0: P =   0.00, D =9075.91 @  1.54 Rp,12.07 MLT; DPS:   0.00
        1: P =   0.19, D =   6.43 @  6.03 Rp,12.35 MLT; DPS:  -0.51
        2: P =   3.08, D =   0.43 @  3.96 Rp,23.60 MLT; DPS:  -4.96
[0m [32m<Writing HDF5 DATA @ t =    27.251 [min] >[0m 
[32m<Writing RAIJU HDF5 DATA @ t =    27.333 [min] >[0m 
 [36m
 GAMERA
      Time =    27.333 [min]
        ts =    19188
        dt =  9.95E-02 [sec]
    dt/dt0 =   83.578%
    Spent     0.0% of time waiting for Voltron
      kZCs =   3427.46 /   1317.18 [MHD/TOT] (8 threads)
[0m       CPCP =   73.815  69.342 [kV, N/S]
 [34m
 VOLTRON
      UT   = 2001-06-01 23:27:20
      tilt =    0.000 [deg]
    Sym-H  =   -5.000 [nT]
    BSDst  ~   16.731 [nT]
           dSMRs  ~     1.01   -0.12   -1.00    0.11 [nT, 12/18/00/06]
   DPSDst  ~   -4.579 [nT]
   Spent    42.9% of time waiting for Gamera
            12.1% of time processing Chimp(Helpers)
             9.8% of time processing IMAG
            12.6% of time processing Remix
            22.3% of time processing Tubes(Helpers)
             0.0% of time writing files
    Running @   86.552% of real-time (8 threads)
[0m  [35m
 RAIJU
      UT   = 2001-06-01 23:27:25
      Time =    27.417 [min]
     dtCpl =  5.00E+00 [sec]
     Max/Min dt @ k:
        Max 3.12E+01 [sec] @ 58
        Min 1.38E-01 [sec] @ 160
     Flav : max Press/Den @ L,MLT; DPS-dst
        0: P =   0.00, D =9075.91 @  1.54 Rp,12.07 MLT; DPS:   0.00
        1: P =   0.19, D =   6.42 @  6.03 Rp,12.36 MLT; DPS:  -0.51
        2: P =   3.08, D =   0.43 @  3.96 Rp,23.34 MLT; DPS:  -4.95
[0m [32m<Writing HDF5 DATA @ t =    27.333 [min] >[0m 
[32m<Writing RAIJU HDF5 DATA @ t =    27.417 [min] >[0m 
 [36m
 GAMERA
      Time =    27.418 [min]
        ts =    19239
        dt =  9.95E-02 [sec]
    dt/dt0 =   83.559%
    Spent     0.0% of time waiting for Voltron
      kZCs =   3428.58 /   1332.81 [MHD/TOT] (8 threads)
[0m       CPCP =   73.862  69.346 [kV, N/S]
 [34m
 VOLTRON
      UT   = 2001-06-01 23:27:25
      tilt =    0.000 [deg]
    Sym-H  =   -5.000 [nT]
    BSDst  ~   16.720 [nT]
           dSMRs  ~     1.02   -0.12   -1.00    0.10 [nT, 12/18/00/06]
   DPSDst  ~   -4.575 [nT]
   Spent    43.0% of time waiting for Gamera
            12.1% of time processing Chimp(Helpers)
             9.8% of time processing IMAG
            12.6% of time processing Remix
            22.3% of time processing Tubes(Helpers)
             0.0% of time writing files
    Running @   86.556% of real-time (8 threads)
[0m  [35m
 RAIJU
      UT   = 2001-06-01 23:27:30
      Time =    27.500 [min]
     dtCpl =  5.00E+00 [sec]
     Max/Min dt @ k:
        Max 3.11E+01 [sec] @ 58
        Min 1.38E-01 [sec] @ 160
     Flav : max Press/Den @ L,MLT; DPS-dst
        0: P =   0.00, D =9075.91 @  1.54 Rp,12.07 MLT; DPS:   0.00
        1: P =   0.19, D =   6.41 @  6.00 Rp,12.38 MLT; DPS:  -0.51
        2: P =   3.08, D =   0.43 @  3.96 Rp,23.34 MLT; DPS:  -4.95
[0m [32m<Writing HDF5 DATA @ t =    27.418 [min] >[0m 
[32m<Writing RAIJU HDF5 DATA @ t =    27.500 [min] >[0m 
 [36m
 GAMERA
      Time =    27.501 [min]
        ts =    19289
        dt =  9.95E-02 [sec]
    dt/dt0 =   83.538%
    Spent     0.0% of time waiting for Voltron
      kZCs =   3426.18 /   1320.27 [MHD/TOT] (8 threads)
[0m       CPCP =   73.857  69.294 [kV, N/S]
 [34m
 VOLTRON
      UT   = 2001-06-01 23:27:30
      tilt =    0.000 [deg]
    Sym-H  =   -5.000 [nT]
    BSDst  ~   16.710 [nT]
           dSMRs  ~     1.02   -0.12   -1.01    0.10 [nT, 12/18/00/06]
   DPSDst  ~   -4.574 [nT]
   Spent    43.0% of time waiting for Gamera
            12.1% of time processing Chimp(Helpers)
             9.8% of time processing IMAG
            12.6% of time processing Remix
            22.3% of time processing Tubes(Helpers)
             0.0% of time writing files
    Running @   86.557% of real-time (8 threads)
[0m  [35m
 RAIJU
      UT   = 2001-06-01 23:27:35
      Time =    27.583 [min]
     dtCpl =  5.00E+00 [sec]
     Max/Min dt @ k:
        Max 3.11E+01 [sec] @ 58
        Min 1.38E-01 [sec] @ 160
     Flav : max Press/Den @ L,MLT; DPS-dst
        0: P =   0.00, D =9075.91 @  1.54 Rp,12.07 MLT; DPS:   0.00
        1: P =   0.19, D =   6.39 @  6.01 Rp,12.39 MLT; DPS:  -0.51
        2: P =   3.08, D =   0.43 @  3.96 Rp,23.34 MLT; DPS:  -4.95
[0m [32m<Writing HDF5 DATA @ t =    27.501 [min] >[0m 
[32m<Writing RAIJU HDF5 DATA @ t =    27.583 [min] >[0m 
 [36m
 GAMERA
      Time =    27.584 [min]
        ts =    19339
        dt =  9.94E-02 [sec]
    dt/dt0 =   83.518%
    Spent     0.0% of time waiting for Voltron
      kZCs =   3427.46 /   1317.58 [MHD/TOT] (8 threads)
[0m       CPCP =   73.827  69.257 [kV, N/S]
 [34m
 VOLTRON
      UT   = 2001-06-01 23:27:35
      tilt =    0.000 [deg]
    Sym-H  =   -5.000 [nT]
    BSDst  ~   16.699 [nT]
           dSMRs  ~     1.03   -0.12   -1.01    0.10 [nT, 12/18/00/06]
   DPSDst  ~   -4.572 [nT]
   Spent    43.0% of time waiting for Gamera
            12.1% of time processing Chimp(Helpers)
             9.8% of time processing IMAG
            12.6% of time processing Remix
            22.3% of time processing Tubes(Helpers)
             0.0% of time writing files
    Running @   86.569% of real-time (8 threads)
[0m  [35m
 RAIJU
      UT   = 2001-06-01 23:27:40
      Time =    27.667 [min]
     dtCpl =  5.00E+00 [sec]
     Max/Min dt @ k:
        Max 3.11E+01 [sec] @ 58
        Min 1.38E-01 [sec] @ 160
     Flav : max Press/Den @ L,MLT; DPS-dst
        0: P =   0.00, D =9075.91 @  1.54 Rp,12.07 MLT; DPS:   0.00
        1: P =   0.19, D =   6.92 @  5.29 Rp,11.52 MLT; DPS:  -0.51
        2: P =   3.08, D =   0.43 @  3.96 Rp,23.34 MLT; DPS:  -4.95
[0m [32m<Writing HDF5 DATA @ t =    27.584 [min] >[0m 
[32m<Writing RAIJU HDF5 DATA @ t =    27.667 [min] >[0m 
 [36m
 GAMERA
      Time =    27.667 [min]
        ts =    19389
        dt =  9.94E-02 [sec]
    dt/dt0 =   83.498%
    Spent     0.0% of time waiting for Voltron
      kZCs =   3428.25 /   1322.52 [MHD/TOT] (8 threads)
[0m       CPCP =   73.797  69.229 [kV, N/S]
 [34m
 VOLTRON
      UT   = 2001-06-01 23:27:40
      tilt =    0.000 [deg]
    Sym-H  =   -5.000 [nT]
    BSDst  ~   16.686 [nT]
           dSMRs  ~     1.03   -0.12   -1.01    0.09 [nT, 12/18/00/06]
   DPSDst  ~   -4.571 [nT]
   Spent    43.0% of time waiting for Gamera
            12.1% of time processing Chimp(Helpers)
             9.8% of time processing IMAG
            12.5% of time processing Remix
            22.3% of time processing Tubes(Helpers)
             0.0% of time writing files
    Running @   86.601% of real-time (8 threads)
[0m  [35m
 RAIJU
      UT   = 2001-06-01 23:27:45
      Time =    27.750 [min]
     dtCpl =  5.00E+00 [sec]
     Max/Min dt @ k:
        Max 3.11E+01 [sec] @ 58
        Min 1.38E-01 [sec] @ 160
     Flav : max Press/Den @ L,MLT; DPS-dst
        0: P =   0.00, D =9075.91 @  1.54 Rp,12.07 MLT; DPS:   0.00
        1: P =   0.20, D =   6.91 @  5.28 Rp,11.64 MLT; DPS:  -0.51
        2: P =   3.08, D =   0.43 @  3.96 Rp,23.34 MLT; DPS:  -4.95
[0m [32m<Writing HDF5 DATA @ t =    27.667 [min] >[0m 
[32m<Writing RAIJU HDF5 DATA @ t =    27.750 [min] >[0m 
 [36m
 GAMERA
      Time =    27.751 [min]
        ts =    19440
        dt =  9.94E-02 [sec]
    dt/dt0 =   83.476%
    Spent     0.0% of time waiting for Voltron
      kZCs =   3425.93 /   1332.93 [MHD/TOT] (8 threads)
[0m       CPCP =   73.753  69.165 [kV, N/S]
 [34m
 VOLTRON
      UT   = 2001-06-01 23:27:45
      tilt =    0.000 [deg]
    Sym-H  =   -5.000 [nT]
    BSDst  ~   16.671 [nT]
           dSMRs  ~     1.03   -0.11   -1.01    0.09 [nT, 12/18/00/06]
   DPSDst  ~   -4.569 [nT]
   Spent    43.1% of time waiting for Gamera
            12.1% of time processing Chimp(Helpers)
             9.8% of time processing IMAG
            12.5% of time processing Remix
            22.3% of time processing Tubes(Helpers)
             0.0% of time writing files
    Running @   86.654% of real-time (8 threads)
[0m  [35m
 RAIJU
      UT   = 2001-06-01 23:27:50
      Time =    27.833 [min]
     dtCpl =  5.00E+00 [sec]
     Max/Min dt @ k:
        Max 3.11E+01 [sec] @ 58
        Min 1.38E-01 [sec] @ 160
     Flav : max Press/Den @ L,MLT; DPS-dst
        0: P =   0.00, D =9075.91 @  1.54 Rp,12.07 MLT; DPS:   0.00
        1: P =   0.20, D =   6.88 @  5.29 Rp,11.78 MLT; DPS:  -0.50
        2: P =   3.08, D =   0.43 @  3.96 Rp,23.27 MLT; DPS:  -4.95
[0m [32m<Writing HDF5 DATA @ t =    27.751 [min] >[0m 
[32m<Writing RAIJU HDF5 DATA @ t =    27.833 [min] >[0m 
 [36m
 GAMERA
      Time =    27.834 [min]
        ts =    19490
        dt =  9.94E-02 [sec]
    dt/dt0 =   83.453%
    Spent     0.0% of time waiting for Voltron
      kZCs =   3424.91 /   1318.36 [MHD/TOT] (8 threads)
[0m       CPCP =   73.702  69.097 [kV, N/S]
 [34m
 VOLTRON
      UT   = 2001-06-01 23:27:50
      tilt =    0.000 [deg]
    Sym-H  =   -5.000 [nT]
    BSDst  ~   16.656 [nT]
           dSMRs  ~     1.04   -0.11   -1.01    0.09 [nT, 12/18/00/06]
   DPSDst  ~   -4.569 [nT]
   Spent    43.0% of time waiting for Gamera
            12.1% of time processing Chimp(Helpers)
             9.8% of time processing IMAG
            12.5% of time processing Remix
            22.3% of time processing Tubes(Helpers)
             0.0% of time writing files
    Running @   86.674% of real-time (8 threads)
[0m  [35m
 RAIJU
      UT   = 2001-06-01 23:27:55
      Time =    27.917 [min]
     dtCpl =  5.00E+00 [sec]
     Max/Min dt @ k:
        Max 3.11E+01 [sec] @ 58
        Min 1.38E-01 [sec] @ 160
     Flav : max Press/Den @ L,MLT; DPS-dst
        0: P =   0.00, D =9075.91 @  1.54 Rp,12.07 MLT; DPS:   0.00
        1: P =   0.20, D =   6.59 @  5.70 Rp,12.21 MLT; DPS:  -0.50
        2: P =   3.08, D =   0.43 @  3.96 Rp,23.27 MLT; DPS:  -4.95
[0m [32m<Writing HDF5 DATA @ t =    27.834 [min] >[0m 
[32m<Writing RAIJU HDF5 DATA @ t =    27.917 [min] >[0m 
 [36m
 GAMERA
      Time =    27.917 [min]
        ts =    19540
        dt =  9.93E-02 [sec]
    dt/dt0 =   83.429%
    Spent     0.0% of time waiting for Voltron
      kZCs =   3426.66 /   1319.59 [MHD/TOT] (8 threads)
[0m       CPCP =   73.640  69.066 [kV, N/S]
 [34m
 VOLTRON
      UT   = 2001-06-01 23:27:55
      tilt =    0.000 [deg]
    Sym-H  =   -5.000 [nT]
    BSDst  ~   16.639 [nT]
           dSMRs  ~     1.04   -0.11   -1.02    0.09 [nT, 12/18/00/06]
   DPSDst  ~   -4.566 [nT]
   Spent    43.0% of time waiting for Gamera
            12.1% of time processing Chimp(Helpers)
             9.8% of time processing IMAG
            12.5% of time processing Remix
            22.3% of time processing Tubes(Helpers)
             0.0% of time writing files
    Running @   86.694% of real-time (8 threads)
[0m  [35m
 RAIJU
      UT   = 2001-06-01 23:27:59
      Time =    28.000 [min]
     dtCpl =  5.00E+00 [sec]
     Max/Min dt @ k:
        Max 3.11E+01 [sec] @ 58
        Min 1.38E-01 [sec] @ 160
     Flav : max Press/Den @ L,MLT; DPS-dst
        0: P =   0.00, D =9075.91 @  1.54 Rp,12.07 MLT; DPS:   0.00
        1: P =   0.20, D =   6.58 @  5.69 Rp,12.23 MLT; DPS:  -0.50
        2: P =   3.08, D =   0.43 @  3.96 Rp,23.27 MLT; DPS:  -4.95
[0m [32m<Writing HDF5 DATA @ t =    27.917 [min] >[0m 
[32m<Writing RAIJU HDF5 DATA @ t =    28.000 [min] >[0m 
 [36m
 GAMERA
      Time =    28.001 [min]
        ts =    19591
        dt =  9.93E-02 [sec]
    dt/dt0 =   83.404%
    Spent     0.0% of time waiting for Voltron
      kZCs =   3427.02 /   1334.49 [MHD/TOT] (8 threads)
[0m       CPCP =   73.566  69.049 [kV, N/S]
 [34m
 VOLTRON
      UT   = 2001-06-01 23:28:00
      tilt =    0.000 [deg]
    Sym-H  =   -5.000 [nT]
    BSDst  ~   16.623 [nT]
           dSMRs  ~     1.05   -0.11   -1.02    0.08 [nT, 12/18/00/06]
   DPSDst  ~   -4.563 [nT]
   Spent    43.1% of time waiting for Gamera
            12.1% of time processing Chimp(Helpers)
             9.8% of time processing IMAG
            12.5% of time processing Remix
            22.3% of time processing Tubes(Helpers)
             0.0% of time writing files
    Running @   86.706% of real-time (8 threads)
[0m  [35m
 RAIJU
      UT   = 2001-06-01 23:28:05
      Time =    28.083 [min]
     dtCpl =  5.00E+00 [sec]
     Max/Min dt @ k:
        Max 3.11E+01 [sec] @ 58
        Min 1.38E-01 [sec] @ 160
     Flav : max Press/Den @ L,MLT; DPS-dst
        0: P =   0.00, D =9075.91 @  1.54 Rp,12.07 MLT; DPS:   0.00
        1: P =   0.20, D =   6.58 @  5.69 Rp,12.26 MLT; DPS:  -0.50
        2: P =   3.08, D =   0.43 @  3.96 Rp,23.27 MLT; DPS:  -4.94
[0m [32m<Writing HDF5 DATA @ t =    28.001 [min] >[0m 
[32m<Writing RAIJU HDF5 DATA @ t =    28.083 [min] >[0m 
 [36m
 GAMERA
      Time =    28.084 [min]
        ts =    19641
        dt =  9.93E-02 [sec]
    dt/dt0 =   83.379%
    Spent     0.0% of time waiting for Voltron
      kZCs =   3427.62 /   1318.64 [MHD/TOT] (8 threads)
[0m       CPCP =   73.496  69.014 [kV, N/S]
 [34m
 VOLTRON
      UT   = 2001-06-01 23:28:05
      tilt =    0.000 [deg]
    Sym-H  =   -5.000 [nT]
    BSDst  ~   16.608 [nT]
           dSMRs  ~     1.06   -0.11   -1.03    0.08 [nT, 12/18/00/06]
   DPSDst  ~   -4.560 [nT]
   Spent    43.1% of time waiting for Gamera
            12.1% of time processing Chimp(Helpers)
             9.8% of time processing IMAG
            12.5% of time processing Remix
            22.3% of time processing Tubes(Helpers)
             0.0% of time writing files
    Running @   86.712% of real-time (8 threads)
[0m  [35m
 RAIJU
      UT   = 2001-06-01 23:28:10
      Time =    28.167 [min]
     dtCpl =  5.00E+00 [sec]
     Max/Min dt @ k:
        Max 3.11E+01 [sec] @ 58
        Min 1.38E-01 [sec] @ 160
     Flav : max Press/Den @ L,MLT; DPS-dst
        0: P =   0.00, D =9075.91 @  1.54 Rp,12.07 MLT; DPS:   0.00
        1: P =   0.20, D =   6.58 @  5.66 Rp,12.28 MLT; DPS:  -0.50
        2: P =   3.08, D =   0.43 @  3.96 Rp,23.27 MLT; DPS:  -4.94
[0m [32m<Writing HDF5 DATA @ t =    28.084 [min] >[0m 
[32m<Writing RAIJU HDF5 DATA @ t =    28.167 [min] >[0m 
 [36m
 GAMERA
      Time =    28.168 [min]
        ts =    19692
        dt =  9.92E-02 [sec]
    dt/dt0 =   83.354%
    Spent     0.0% of time waiting for Voltron
      kZCs =   3426.55 /   1335.18 [MHD/TOT] (8 threads)
[0m       CPCP =   73.416  68.979 [kV, N/S]
 [34m
 VOLTRON
      UT   = 2001-06-01 23:28:10
      tilt =    0.000 [deg]
    Sym-H  =   -5.000 [nT]
    BSDst  ~   16.594 [nT]
           dSMRs  ~     1.06   -0.11   -1.03    0.08 [nT, 12/18/00/06]
   DPSDst  ~   -4.556 [nT]
   Spent    43.1% of time waiting for Gamera
            12.1% of time processing Chimp(Helpers)
             9.8% of time processing IMAG
            12.5% of time processing Remix
            22.2% of time processing Tubes(Helpers)
             0.0% of time writing files
    Running @   86.762% of real-time (8 threads)
[0m  [35m
 RAIJU
      UT   = 2001-06-01 23:28:15
      Time =    28.250 [min]
     dtCpl =  5.00E+00 [sec]
     Max/Min dt @ k:
        Max 3.11E+01 [sec] @ 58
        Min 1.38E-01 [sec] @ 160
     Flav : max Press/Den @ L,MLT; DPS-dst
        0: P =   0.00, D =9075.91 @  1.54 Rp,12.07 MLT; DPS:   0.00
        1: P =   0.20, D =   6.58 @  5.65 Rp,12.30 MLT; DPS:  -0.50
        2: P =   3.08, D =   0.43 @  3.96 Rp,23.27 MLT; DPS:  -4.94
[0m [32m<Writing HDF5 DATA @ t =    28.168 [min] >[0m 
[32m<Writing RAIJU HDF5 DATA @ t =    28.250 [min] >[0m 
 [36m
 GAMERA
      Time =    28.251 [min]
        ts =    19742
        dt =  9.92E-02 [sec]
    dt/dt0 =   83.329%
    Spent     0.0% of time waiting for Voltron
      kZCs =   3426.18 /   1320.56 [MHD/TOT] (8 threads)
[0m       CPCP =   73.326  68.936 [kV, N/S]
 [34m
 VOLTRON
      UT   = 2001-06-01 23:28:15
      tilt =    0.000 [deg]
    Sym-H  =   -5.000 [nT]
    BSDst  ~   16.581 [nT]
           dSMRs  ~     1.07   -0.11   -1.04    0.08 [nT, 12/18/00/06]
   DPSDst  ~   -4.552 [nT]
   Spent    43.1% of time waiting for Gamera
            12.1% of time processing Chimp(Helpers)
             9.8% of time processing IMAG
            12.5% of time processing Remix
            22.3% of time processing Tubes(Helpers)
             0.0% of time writing files
    Running @   86.776% of real-time (8 threads)
[0m  [35m
 RAIJU
      UT   = 2001-06-01 23:28:20
      Time =    28.333 [min]
     dtCpl =  5.00E+00 [sec]
     Max/Min dt @ k:
        Max 3.11E+01 [sec] @ 58
        Min 1.38E-01 [sec] @ 160
     Flav : max Press/Den @ L,MLT; DPS-dst
        0: P =   0.00, D =9075.91 @  1.54 Rp,12.07 MLT; DPS:   0.00
        1: P =   0.20, D =   6.58 @  5.65 Rp,12.33 MLT; DPS:  -0.49
        2: P =   3.08, D =   0.43 @  3.96 Rp,23.14 MLT; DPS:  -4.94
[0m [32m<Writing HDF5 DATA @ t =    28.251 [min] >[0m 
[32m<Writing RAIJU HDF5 DATA @ t =    28.333 [min] >[0m 
 [36m
 GAMERA
      Time =    28.334 [min]
        ts =    19792
        dt =  9.92E-02 [sec]
    dt/dt0 =   83.305%
    Spent     0.0% of time waiting for Voltron
      kZCs =   3425.70 /   1320.72 [MHD/TOT] (8 threads)
[0m       CPCP =   73.247  68.868 [kV, N/S]
 [34m
 VOLTRON
      UT   = 2001-06-01 23:28:20
      tilt =    0.000 [deg]
    Sym-H  =   -5.000 [nT]
    BSDst  ~   16.569 [nT]
           dSMRs  ~     1.07   -0.11   -1.04    0.08 [nT, 12/18/00/06]
   DPSDst  ~   -4.550 [nT]
   Spent    43.1% of time waiting for Gamera
            12.1% of time processing Chimp(Helpers)
             9.8% of time processing IMAG
            12.5% of time processing Remix
            22.3% of time processing Tubes(Helpers)
             0.0% of time writing files
    Running @   86.711% of real-time (8 threads)
[0m  [35m
 RAIJU
      UT   = 2001-06-01 23:28:25
      Time =    28.417 [min]
     dtCpl =  5.00E+00 [sec]
     Max/Min dt @ k:
        Max 3.11E+01 [sec] @ 58
        Min 1.38E-01 [sec] @ 160
     Flav : max Press/Den @ L,MLT; DPS-dst
        0: P =   0.00, D =9075.91 @  1.54 Rp,12.07 MLT; DPS:   0.00
        1: P =   0.20, D =   6.58 @  5.66 Rp,12.36 MLT; DPS:  -0.49
        2: P =   3.08, D =   0.43 @  3.96 Rp,23.14 MLT; DPS:  -4.94
[0m [32m<Writing HDF5 DATA @ t =    28.334 [min] >[0m 
[32m<Writing RAIJU HDF5 DATA @ t =    28.417 [min] >[0m 
 [36m
 GAMERA
      Time =    28.418 [min]
        ts =    19843
        dt =  9.92E-02 [sec]
    dt/dt0 =   83.282%
    Spent     0.0% of time waiting for Voltron
      kZCs =   3423.90 /   1333.90 [MHD/TOT] (8 threads)
[0m       CPCP =   73.204  68.808 [kV, N/S]
 [34m
 VOLTRON
      UT   = 2001-06-01 23:28:25
      tilt =    0.000 [deg]
    Sym-H  =   -5.000 [nT]
    BSDst  ~   16.555 [nT]
           dSMRs  ~     1.08   -0.11   -1.04    0.07 [nT, 12/18/00/06]
   DPSDst  ~   -4.550 [nT]
   Spent    43.2% of time waiting for Gamera
            12.1% of time processing Chimp(Helpers)
             9.8% of time processing IMAG
            12.5% of time processing Remix
            22.2% of time processing Tubes(Helpers)
             0.0% of time writing files
    Running @   86.729% of real-time (8 threads)
[0m  [35m
 RAIJU
      UT   = 2001-06-01 23:28:30
      Time =    28.500 [min]
     dtCpl =  5.00E+00 [sec]
     Max/Min dt @ k:
        Max 3.11E+01 [sec] @ 58
        Min 1.38E-01 [sec] @ 160
     Flav : max Press/Den @ L,MLT; DPS-dst
        0: P =   0.00, D =9075.91 @  1.54 Rp,12.07 MLT; DPS:   0.00
        1: P =   0.20, D =   6.58 @  5.65 Rp,12.39 MLT; DPS:  -0.49
        2: P =   3.08, D =   0.43 @  3.96 Rp,23.14 MLT; DPS:  -4.94
[0m [32m<Writing HDF5 DATA @ t =    28.418 [min] >[0m 
[32m<Writing RAIJU HDF5 DATA @ t =    28.500 [min] >[0m 
 [36m
 GAMERA
      Time =    28.501 [min]
        ts =    19893
        dt =  9.91E-02 [sec]
    dt/dt0 =   83.261%
    Spent     0.0% of time waiting for Voltron
      kZCs =   3425.70 /   1318.24 [MHD/TOT] (8 threads)
[0m       CPCP =   73.189  68.760 [kV, N/S]
 [34m
 VOLTRON
      UT   = 2001-06-01 23:28:30
      tilt =    0.000 [deg]
    Sym-H  =   -5.000 [nT]
    BSDst  ~   16.542 [nT]
           dSMRs  ~     1.08   -0.11   -1.04    0.07 [nT, 12/18/00/06]
   DPSDst  ~   -4.549 [nT]
   Spent    43.1% of time waiting for Gamera
            12.1% of time processing Chimp(Helpers)
             9.8% of time processing IMAG
            12.5% of time processing Remix
            22.2% of time processing Tubes(Helpers)
             0.0% of time writing files
    Running @   86.740% of real-time (8 threads)
[0m  [35m
 RAIJU
      UT   = 2001-06-01 23:28:35
      Time =    28.583 [min]
     dtCpl =  5.00E+00 [sec]
     Max/Min dt @ k:
        Max 3.11E+01 [sec] @ 58
        Min 1.38E-01 [sec] @ 160
     Flav : max Press/Den @ L,MLT; DPS-dst
        0: P =   0.00, D =9075.91 @  1.54 Rp,12.07 MLT; DPS:   0.00
        1: P =   0.20, D =   6.58 @  5.67 Rp,12.43 MLT; DPS:  -0.49
        2: P =   3.08, D =   0.43 @  3.96 Rp,23.14 MLT; DPS:  -4.94
[0m [32m<Writing HDF5 DATA @ t =    28.501 [min] >[0m 
[32m<Writing RAIJU HDF5 DATA @ t =    28.583 [min] >[0m 
 [36m
 GAMERA
      Time =    28.585 [min]
        ts =    19944
        dt =  9.91E-02 [sec]
    dt/dt0 =   83.238%
    Spent     0.0% of time waiting for Voltron
      kZCs =   3425.15 /   1336.77 [MHD/TOT] (8 threads)
[0m       CPCP =   73.193  68.698 [kV, N/S]
 [34m
 VOLTRON
      UT   = 2001-06-01 23:28:35
      tilt =    0.000 [deg]
    Sym-H  =   -5.000 [nT]
    BSDst  ~   16.530 [nT]
           dSMRs  ~     1.08   -0.10   -1.05    0.07 [nT, 12/18/00/06]
   DPSDst  ~   -4.548 [nT]
   Spent    43.2% of time waiting for Gamera
            12.1% of time processing Chimp(Helpers)
             9.8% of time processing IMAG
            12.5% of time processing Remix
            22.2% of time processing Tubes(Helpers)
             0.0% of time writing files
    Running @   86.726% of real-time (8 threads)
[0m  [35m
 RAIJU
      UT   = 2001-06-01 23:28:40
      Time =    28.667 [min]
     dtCpl =  5.00E+00 [sec]
     Max/Min dt @ k:
        Max 3.12E+01 [sec] @ 58
        Min 1.38E-01 [sec] @ 160
     Flav : max Press/Den @ L,MLT; DPS-dst
        0: P =   0.00, D =9075.91 @  1.54 Rp,12.07 MLT; DPS:   0.00
        1: P =   0.20, D =   6.58 @  5.69 Rp,12.48 MLT; DPS:  -0.49
        2: P =   3.08, D =   0.43 @  3.96 Rp,23.14 MLT; DPS:  -4.93
[0m [32m<Writing HDF5 DATA @ t =    28.585 [min] >[0m 
[32m<Writing RAIJU HDF5 DATA @ t =    28.667 [min] >[0m 
 [36m
 GAMERA
      Time =    28.667 [min]
        ts =    19994
        dt =  9.91E-02 [sec]
    dt/dt0 =   83.216%
    Spent     0.0% of time waiting for Voltron
      kZCs =   3426.34 /   1322.12 [MHD/TOT] (8 threads)
[0m       CPCP =   73.197  68.625 [kV, N/S]
 [34m
 VOLTRON
      UT   = 2001-06-01 23:28:40
      tilt =    0.000 [deg]
    Sym-H  =   -5.000 [nT]
    BSDst  ~   16.521 [nT]
           dSMRs  ~     1.09   -0.10   -1.05    0.07 [nT, 12/18/00/06]
   DPSDst  ~   -4.544 [nT]
   Spent    43.2% of time waiting for Gamera
            12.1% of time processing Chimp(Helpers)
             9.8% of time processing IMAG
            12.4% of time processing Remix
            22.2% of time processing Tubes(Helpers)
             0.0% of time writing files
    Running @   86.741% of real-time (8 threads)
[0m  [35m
 RAIJU
      UT   = 2001-06-01 23:28:45
      Time =    28.750 [min]
     dtCpl =  5.00E+00 [sec]
     Max/Min dt @ k:
        Max 3.12E+01 [sec] @ 58
        Min 1.38E-01 [sec] @ 160
     Flav : max Press/Den @ L,MLT; DPS-dst
        0: P =   0.00, D =9075.91 @  1.54 Rp,12.07 MLT; DPS:   0.00
        1: P =   0.20, D =   6.58 @  5.71 Rp,12.52 MLT; DPS:  -0.49
        2: P =   3.08, D =   0.43 @  3.96 Rp,23.34 MLT; DPS:  -4.93
[0m [32m<Writing HDF5 DATA @ t =    28.667 [min] >[0m 
[32m<Writing RAIJU HDF5 DATA @ t =    28.750 [min] >[0m 
 [36m
 GAMERA
      Time =    28.752 [min]
        ts =    20045
        dt =  9.90E-02 [sec]
    dt/dt0 =   83.193%
    Spent     0.0% of time waiting for Voltron
      kZCs =   3426.71 /   1337.62 [MHD/TOT] (8 threads)
[0m       CPCP =   73.200  68.542 [kV, N/S]
 [34m
 VOLTRON
      UT   = 2001-06-01 23:28:45
      tilt =    0.000 [deg]
    Sym-H  =   -5.000 [nT]
    BSDst  ~   16.514 [nT]
           dSMRs  ~     1.09   -0.10   -1.05    0.07 [nT, 12/18/00/06]
   DPSDst  ~   -4.538 [nT]
   Spent    43.2% of time waiting for Gamera
            12.1% of time processing Chimp(Helpers)
             9.8% of time processing IMAG
            12.4% of time processing Remix
            22.2% of time processing Tubes(Helpers)
             0.0% of time writing files
    Running @   86.784% of real-time (8 threads)
[0m  [35m
 RAIJU
      UT   = 2001-06-01 23:28:50
      Time =    28.833 [min]
     dtCpl =  5.00E+00 [sec]
     Max/Min dt @ k:
        Max 3.12E+01 [sec] @ 58
        Min 1.38E-01 [sec] @ 160
     Flav : max Press/Den @ L,MLT; DPS-dst
        0: P =   0.00, D =9075.91 @  1.54 Rp,12.07 MLT; DPS:   0.00
        1: P =   0.20, D =   6.58 @  5.75 Rp,12.57 MLT; DPS:  -0.49
        2: P =   3.08, D =   0.43 @  3.96 Rp,23.34 MLT; DPS:  -4.93
[0m [32m<Writing HDF5 DATA @ t =    28.752 [min] >[0m 
[32m<Writing RAIJU HDF5 DATA @ t =    28.833 [min] >[0m 
 [36m
 GAMERA
      Time =    28.834 [min]
        ts =    20095
        dt =  9.90E-02 [sec]
    dt/dt0 =   83.170%
    Spent     0.0% of time waiting for Voltron
      kZCs =   3424.91 /   1322.97 [MHD/TOT] (8 threads)
[0m       CPCP =   73.208  68.470 [kV, N/S]
 [34m
 VOLTRON
      UT   = 2001-06-01 23:28:50
      tilt =    0.000 [deg]
    Sym-H  =   -5.000 [nT]
    BSDst  ~   16.508 [nT]
           dSMRs  ~     1.10   -0.10   -1.06    0.06 [nT, 12/18/00/06]
   DPSDst  ~   -4.533 [nT]
   Spent    43.2% of time waiting for Gamera
            12.1% of time processing Chimp(Helpers)
             9.8% of time processing IMAG
            12.4% of time processing Remix
            22.2% of time processing Tubes(Helpers)
             0.0% of time writing files
    Running @   86.785% of real-time (8 threads)
[0m  [35m
 RAIJU
      UT   = 2001-06-01 23:28:55
      Time =    28.917 [min]
     dtCpl =  5.00E+00 [sec]
     Max/Min dt @ k:
        Max 3.12E+01 [sec] @ 58
        Min 1.38E-01 [sec] @ 160
     Flav : max Press/Den @ L,MLT; DPS-dst
        0: P =   0.00, D =9075.91 @  1.54 Rp,12.07 MLT; DPS:   0.00
        1: P =   0.20, D =   6.57 @  5.78 Rp,12.61 MLT; DPS:  -0.48
        2: P =   3.09, D =   0.43 @  3.96 Rp,23.34 MLT; DPS:  -4.92
[0m [32m<Writing HDF5 DATA @ t =    28.834 [min] >[0m 
[32m<Writing RAIJU HDF5 DATA @ t =    28.917 [min] >[0m 
 [36m
 GAMERA
      Time =    28.918 [min]
        ts =    20146
        dt =  9.90E-02 [sec]
    dt/dt0 =   83.146%
    Spent     0.0% of time waiting for Voltron
      kZCs =   3426.08 /   1338.43 [MHD/TOT] (8 threads)
[0m       CPCP =   73.227  68.402 [kV, N/S]
 [34m
 VOLTRON
      UT   = 2001-06-01 23:28:55
      tilt =    0.000 [deg]
    Sym-H  =   -5.000 [nT]
    BSDst  ~   16.499 [nT]
           dSMRs  ~     1.10   -0.10   -1.06    0.06 [nT, 12/18/00/06]
   DPSDst  ~   -4.525 [nT]
   Spent    43.3% of time waiting for Gamera
            12.1% of time processing Chimp(Helpers)
             9.8% of time processing IMAG
            12.4% of time processing Remix
            22.2% of time processing Tubes(Helpers)
             0.0% of time writing files
    Running @   86.834% of real-time (8 threads)
[0m  [35m
 RAIJU
      UT   = 2001-06-01 23:28:59
      Time =    29.000 [min]
     dtCpl =  5.00E+00 [sec]
     Max/Min dt @ k:
        Max 3.12E+01 [sec] @ 58
        Min 1.38E-01 [sec] @ 160
     Flav : max Press/Den @ L,MLT; DPS-dst
        0: P =   0.00, D =9075.91 @  1.54 Rp,12.07 MLT; DPS:   0.00
        1: P =   0.20, D =   6.56 @  5.84 Rp,12.66 MLT; DPS:  -0.48
        2: P =   3.09, D =   0.43 @  3.96 Rp,23.34 MLT; DPS:  -4.92
[0m [32m<Writing HDF5 DATA @ t =    28.918 [min] >[0m 
[32m<Writing RAIJU HDF5 DATA @ t =    29.000 [min] >[0m 
 [36m
 GAMERA
      Time =    29.001 [min]
        ts =    20196
        dt =  9.90E-02 [sec]
    dt/dt0 =   83.121%
    Spent     0.0% of time waiting for Voltron
      kZCs =   3425.70 /   1324.16 [MHD/TOT] (8 threads)
[0m       CPCP =   73.246  68.344 [kV, N/S]
 [34m
 VOLTRON
      UT   = 2001-06-01 23:29:00
      tilt =    0.000 [deg]
    Sym-H  =   -5.000 [nT]
    BSDst  ~   16.490 [nT]
           dSMRs  ~     1.10   -0.10   -1.06    0.06 [nT, 12/18/00/06]
   DPSDst  ~   -4.520 [nT]
   Spent    43.3% of time waiting for Gamera
            12.1% of time processing Chimp(Helpers)
             9.8% of time processing IMAG
            12.3% of time processing Remix
            22.2% of time processing Tubes(Helpers)
             0.0% of time writing files
    Running @   86.844% of real-time (8 threads)
[0m  [35m
 RAIJU
      UT   = 2001-06-01 23:29:05
      Time =    29.083 [min]
     dtCpl =  5.00E+00 [sec]
     Max/Min dt @ k:
        Max 3.12E+01 [sec] @ 58
        Min 1.38E-01 [sec] @ 160
     Flav : max Press/Den @ L,MLT; DPS-dst
        0: P =   0.00, D =9075.91 @  1.54 Rp,12.07 MLT; DPS:   0.00
        1: P =   0.20, D =   6.56 @  5.88 Rp,12.71 MLT; DPS:  -0.48
        2: P =   3.09, D =   0.43 @  3.96 Rp,23.34 MLT; DPS:  -4.92
[0m [32m<Writing HDF5 DATA @ t =    29.001 [min] >[0m 
[32m<Writing RAIJU HDF5 DATA @ t =    29.083 [min] >[0m 
 [36m
 GAMERA
      Time =    29.085 [min]
        ts =    20247
        dt =  9.89E-02 [sec]
    dt/dt0 =   83.096%
    Spent     0.0% of time waiting for Voltron
      kZCs =   3427.02 /   1340.70 [MHD/TOT] (8 threads)
[0m       CPCP =   73.254  68.316 [kV, N/S]
 [34m
 VOLTRON
      UT   = 2001-06-01 23:29:05
      tilt =    0.000 [deg]
    Sym-H  =   -5.000 [nT]
    BSDst  ~   16.479 [nT]
           dSMRs  ~     1.11   -0.10   -1.07    0.06 [nT, 12/18/00/06]
   DPSDst  ~   -4.513 [nT]
   Spent    43.3% of time waiting for Gamera
            12.1% of time processing Chimp(Helpers)
             9.8% of time processing IMAG
            12.3% of time processing Remix
            22.2% of time processing Tubes(Helpers)
             0.0% of time writing files
    Running @   86.892% of real-time (8 threads)
[0m  [35m
 RAIJU
      UT   = 2001-06-01 23:29:10
      Time =    29.167 [min]
     dtCpl =  5.00E+00 [sec]
     Max/Min dt @ k:
        Max 3.13E+01 [sec] @ 58
        Min 1.38E-01 [sec] @ 160
     Flav : max Press/Den @ L,MLT; DPS-dst
        0: P =   0.00, D =9075.91 @  1.54 Rp,12.07 MLT; DPS:   0.00
        1: P =   0.20, D =   6.55 @  5.92 Rp,12.74 MLT; DPS:  -0.48
        2: P =   3.09, D =   0.43 @  3.96 Rp,23.34 MLT; DPS:  -4.91
[0m [32m<Writing HDF5 DATA @ t =    29.085 [min] >[0m 
[32m<Writing RAIJU HDF5 DATA @ t =    29.167 [min] >[0m 
 [36m
 GAMERA
      Time =    29.167 [min]
        ts =    20297
        dt =  9.89E-02 [sec]
    dt/dt0 =   83.072%
    Spent     0.0% of time waiting for Voltron
      kZCs =   3428.89 /   1325.42 [MHD/TOT] (8 threads)
[0m       CPCP =   73.260  68.318 [kV, N/S]
 [34m
 VOLTRON
      UT   = 2001-06-01 23:29:10
      tilt =    0.000 [deg]
    Sym-H  =   -5.000 [nT]
    BSDst  ~   16.468 [nT]
           dSMRs  ~     1.11   -0.10   -1.07    0.06 [nT, 12/18/00/06]
   DPSDst  ~   -4.511 [nT]
   Spent    43.3% of time waiting for Gamera
            12.1% of time processing Chimp(Helpers)
             9.8% of time processing IMAG
            12.3% of time processing Remix
            22.2% of time processing Tubes(Helpers)
             0.0% of time writing files
    Running @   86.903% of real-time (8 threads)
[0m  [35m
 RAIJU
      UT   = 2001-06-01 23:29:15
      Time =    29.250 [min]
     dtCpl =  5.00E+00 [sec]
     Max/Min dt @ k:
        Max 3.13E+01 [sec] @ 58
        Min 1.38E-01 [sec] @ 160
     Flav : max Press/Den @ L,MLT; DPS-dst
        0: P =   0.00, D =9075.91 @  1.54 Rp,12.07 MLT; DPS:   0.00
        1: P =   0.20, D =   6.53 @  5.99 Rp,12.79 MLT; DPS:  -0.47
        2: P =   3.09, D =   0.43 @  3.96 Rp,23.27 MLT; DPS:  -4.91
[0m [32m<Writing HDF5 DATA @ t =    29.167 [min] >[0m 
[32m<Writing RAIJU HDF5 DATA @ t =    29.250 [min] >[0m 
 [36m
 GAMERA
      Time =    29.251 [min]
        ts =    20348
        dt =  9.89E-02 [sec]
    dt/dt0 =   83.048%
    Spent     0.0% of time waiting for Voltron
      kZCs =   3427.80 /   1340.29 [MHD/TOT] (8 threads)
[0m       CPCP =   73.283  68.345 [kV, N/S]
 [34m
 VOLTRON
      UT   = 2001-06-01 23:29:15
      tilt =    0.000 [deg]
    Sym-H  =   -5.000 [nT]
    BSDst  ~   16.457 [nT]
           dSMRs  ~     1.12   -0.10   -1.07    0.06 [nT, 12/18/00/06]
   DPSDst  ~   -4.508 [nT]
   Spent    43.4% of time waiting for Gamera
            12.1% of time processing Chimp(Helpers)
             9.8% of time processing IMAG
            12.3% of time processing Remix
            22.2% of time processing Tubes(Helpers)
             0.0% of time writing files
    Running @   86.946% of real-time (8 threads)
[0m  [35m
 RAIJU
      UT   = 2001-06-01 23:29:20
      Time =    29.333 [min]
     dtCpl =  5.00E+00 [sec]
     Max/Min dt @ k:
        Max 3.14E+01 [sec] @ 58
        Min 1.38E-01 [sec] @ 160
     Flav : max Press/Den @ L,MLT; DPS-dst
        0: P =   0.00, D =9075.91 @  1.54 Rp,12.07 MLT; DPS:   0.00
        1: P =   0.20, D =   6.52 @  6.05 Rp,12.83 MLT; DPS:  -0.47
        2: P =   3.09, D =   0.43 @  3.96 Rp,23.27 MLT; DPS:  -4.91
[0m [32m<Writing HDF5 DATA @ t =    29.251 [min] >[0m 
[32m<Writing RAIJU HDF5 DATA @ t =    29.333 [min] >[0m 
 [36m
 GAMERA
      Time =    29.334 [min]
        ts =    20398
        dt =  9.89E-02 [sec]
    dt/dt0 =   83.026%
    Spent     0.0% of time waiting for Voltron
      kZCs =   3430.96 /   1325.73 [MHD/TOT] (8 threads)
[0m       CPCP =   73.333  68.376 [kV, N/S]
 [34m
 VOLTRON
      UT   = 2001-06-01 23:29:20
      tilt =    0.000 [deg]
    Sym-H  =   -5.000 [nT]
    BSDst  ~   16.448 [nT]
           dSMRs  ~     1.12   -0.11   -1.07    0.06 [nT, 12/18/00/06]
   DPSDst  ~   -4.506 [nT]
   Spent    43.3% of time waiting for Gamera
            12.1% of time processing Chimp(Helpers)
             9.8% of time processing IMAG
            12.3% of time processing Remix
            22.2% of time processing Tubes(Helpers)
             0.0% of time writing files
    Running @   86.955% of real-time (8 threads)
[0m  [35m
 RAIJU
      UT   = 2001-06-01 23:29:25
      Time =    29.417 [min]
     dtCpl =  5.00E+00 [sec]
     Max/Min dt @ k:
        Max 3.15E+01 [sec] @ 58
        Min 1.38E-01 [sec] @ 160
     Flav : max Press/Den @ L,MLT; DPS-dst
        0: P =   0.00, D =9075.91 @  1.54 Rp,12.07 MLT; DPS:   0.00
        1: P =   0.20, D =   6.50 @  6.11 Rp,12.86 MLT; DPS:  -0.47
        2: P =   3.09, D =   0.43 @  3.96 Rp,23.27 MLT; DPS:  -4.90
[0m [32m<Writing HDF5 DATA @ t =    29.334 [min] >[0m 
[32m<Writing RAIJU HDF5 DATA @ t =    29.417 [min] >[0m 
 [36m
 GAMERA
      Time =    29.418 [min]
        ts =    20449
        dt =  9.88E-02 [sec]
    dt/dt0 =   83.004%
    Spent     0.0% of time waiting for Voltron
      kZCs =   3427.65 /   1339.70 [MHD/TOT] (8 threads)
[0m       CPCP =   73.394  68.411 [kV, N/S]
 [34m
 VOLTRON
      UT   = 2001-06-01 23:29:25
      tilt =    0.000 [deg]
    Sym-H  =   -5.000 [nT]
    BSDst  ~   16.440 [nT]
           dSMRs  ~     1.12   -0.11   -1.08    0.06 [nT, 12/18/00/06]
   DPSDst  ~   -4.506 [nT]
   Spent    43.4% of time waiting for Gamera
            12.1% of time processing Chimp(Helpers)
             9.8% of time processing IMAG
            12.3% of time processing Remix
            22.2% of time processing Tubes(Helpers)
             0.0% of time writing files
    Running @   86.967% of real-time (8 threads)
[0m  [35m
 RAIJU
      UT   = 2001-06-01 23:29:30
      Time =    29.500 [min]
     dtCpl =  5.00E+00 [sec]
     Max/Min dt @ k:
        Max 3.15E+01 [sec] @ 58
        Min 1.38E-01 [sec] @ 160
     Flav : max Press/Den @ L,MLT; DPS-dst
        0: P =   0.00, D =9075.91 @  1.54 Rp,12.07 MLT; DPS:   0.00
        1: P =   0.20, D =   6.49 @  6.16 Rp,12.88 MLT; DPS:  -0.47
        2: P =   3.09, D =   0.43 @  3.96 Rp,23.27 MLT; DPS:  -4.90
[0m [32m<Writing HDF5 DATA @ t =    29.418 [min] >[0m 
[32m<Writing RAIJU HDF5 DATA @ t =    29.500 [min] >[0m 
 [36m
 GAMERA
      Time =    29.500 [min]
        ts =    20499
        dt =  9.88E-02 [sec]
    dt/dt0 =   82.982%
    Spent     0.0% of time waiting for Voltron
      kZCs =   3429.05 /   1326.64 [MHD/TOT] (8 threads)
[0m       CPCP =   73.453  68.446 [kV, N/S]
 [34m
 VOLTRON
      UT   = 2001-06-01 23:29:30
      tilt =    0.000 [deg]
    Sym-H  =   -5.000 [nT]
    BSDst  ~   16.433 [nT]
           dSMRs  ~     1.12   -0.11   -1.08    0.06 [nT, 12/18/00/06]
   DPSDst  ~   -4.503 [nT]
   Spent    43.3% of time waiting for Gamera
            12.1% of time processing Chimp(Helpers)
             9.8% of time processing IMAG
            12.3% of time processing Remix
            22.2% of time processing Tubes(Helpers)
             0.0% of time writing files
    Running @   86.975% of real-time (8 threads)
[0m  [35m
 RAIJU
      UT   = 2001-06-01 23:29:35
      Time =    29.583 [min]
     dtCpl =  5.00E+00 [sec]
     Max/Min dt @ k:
        Max 3.15E+01 [sec] @ 58
        Min 1.38E-01 [sec] @ 160
     Flav : max Press/Den @ L,MLT; DPS-dst
        0: P =   0.00, D =9075.91 @  1.54 Rp,12.07 MLT; DPS:   0.00
        1: P =   0.19, D =   6.47 @  6.23 Rp,12.91 MLT; DPS:  -0.47
        2: P =   3.09, D =   0.43 @  3.96 Rp,23.27 MLT; DPS:  -4.90
[0m [32m<Writing HDF5 DATA @ t =    29.500 [min] >[0m 
[32m<Writing RAIJU HDF5 DATA @ t =    29.583 [min] >[0m 
 [36m
 GAMERA
      Time =    29.584 [min]
        ts =    20550
        dt =  9.88E-02 [sec]
    dt/dt0 =   82.959%
    Spent     0.0% of time waiting for Voltron
      kZCs =   3428.43 /   1340.94 [MHD/TOT] (8 threads)
[0m       CPCP =   73.510  68.475 [kV, N/S]
 [34m
 VOLTRON
      UT   = 2001-06-01 23:29:35
      tilt =    0.000 [deg]
    Sym-H  =   -5.000 [nT]
    BSDst  ~   16.426 [nT]
           dSMRs  ~     1.13   -0.11   -1.08    0.06 [nT, 12/18/00/06]
   DPSDst  ~   -4.499 [nT]
   Spent    43.4% of time waiting for Gamera
            12.1% of time processing Chimp(Helpers)
             9.8% of time processing IMAG
            12.3% of time processing Remix
            22.2% of time processing Tubes(Helpers)
             0.0% of time writing files
    Running @   87.014% of real-time (8 threads)
[0m  [35m
 RAIJU
      UT   = 2001-06-01 23:29:40
      Time =    29.667 [min]
     dtCpl =  5.00E+00 [sec]
     Max/Min dt @ k:
        Max 3.15E+01 [sec] @ 58
        Min 1.38E-01 [sec] @ 160
     Flav : max Press/Den @ L,MLT; DPS-dst
        0: P =   0.00, D =9075.91 @  1.54 Rp,12.07 MLT; DPS:   0.00
        1: P =   0.19, D =   6.45 @  6.27 Rp,12.92 MLT; DPS:  -0.47
        2: P =   3.09, D =   0.43 @  3.96 Rp,23.27 MLT; DPS:  -4.90
[0m [32m<Writing HDF5 DATA @ t =    29.584 [min] >[0m 
[32m<Writing RAIJU HDF5 DATA @ t =    29.667 [min] >[0m 
 [36m
 GAMERA
      Time =    29.668 [min]
        ts =    20601
        dt =  9.87E-02 [sec]
    dt/dt0 =   82.935%
    Spent     0.0% of time waiting for Voltron
      kZCs =   3427.65 /   1342.57 [MHD/TOT] (8 threads)
[0m       CPCP =   73.534  68.498 [kV, N/S]
 [34m
 VOLTRON
      UT   = 2001-06-01 23:29:40
      tilt =    0.000 [deg]
    Sym-H  =   -5.000 [nT]
    BSDst  ~   16.420 [nT]
           dSMRs  ~     1.13   -0.11   -1.08    0.06 [nT, 12/18/00/06]
   DPSDst  ~   -4.496 [nT]
   Spent    43.4% of time waiting for Gamera
            12.1% of time processing Chimp(Helpers)
             9.8% of time processing IMAG
            12.3% of time processing Remix
            22.2% of time processing Tubes(Helpers)
             0.0% of time writing files
    Running @   87.055% of real-time (8 threads)
[0m  [35m
 RAIJU
      UT   = 2001-06-01 23:29:45
      Time =    29.750 [min]
     dtCpl =  5.00E+00 [sec]
     Max/Min dt @ k:
        Max 3.14E+01 [sec] @ 58
        Min 1.38E-01 [sec] @ 160
     Flav : max Press/Den @ L,MLT; DPS-dst
        0: P =   0.00, D =9075.91 @  1.54 Rp,12.07 MLT; DPS:   0.00
        1: P =   0.19, D =   6.43 @  6.32 Rp,12.93 MLT; DPS:  -0.46
        2: P =   3.09, D =   0.43 @  3.96 Rp,23.27 MLT; DPS:  -4.89
[0m [32m<Writing HDF5 DATA @ t =    29.668 [min] >[0m 
[32m<Writing RAIJU HDF5 DATA @ t =    29.750 [min] >[0m 
 [36m
 GAMERA
      Time =    29.750 [min]
        ts =    20651
        dt =  9.87E-02 [sec]
    dt/dt0 =   82.911%
    Spent     0.0% of time waiting for Voltron
      kZCs =   3427.93 /   1323.47 [MHD/TOT] (8 threads)
[0m       CPCP =   73.554  68.511 [kV, N/S]
 [34m
 VOLTRON
      UT   = 2001-06-01 23:29:45
      tilt =    0.000 [deg]
    Sym-H  =   -5.000 [nT]
    BSDst  ~   16.413 [nT]
           dSMRs  ~     1.13   -0.11   -1.08    0.06 [nT, 12/18/00/06]
   DPSDst  ~   -4.492 [nT]
   Spent    43.4% of time waiting for Gamera
            12.1% of time processing Chimp(Helpers)
             9.8% of time processing IMAG
            12.3% of time processing Remix
            22.2% of time processing Tubes(Helpers)
             0.0% of time writing files
    Running @   87.052% of real-time (8 threads)
[0m  [35m
 RAIJU
      UT   = 2001-06-01 23:29:50
      Time =    29.833 [min]
     dtCpl =  5.00E+00 [sec]
     Max/Min dt @ k:
        Max 3.14E+01 [sec] @ 58
        Min 1.38E-01 [sec] @ 160
     Flav : max Press/Den @ L,MLT; DPS-dst
        0: P =   0.00, D =9075.91 @  1.54 Rp,12.07 MLT; DPS:   0.00
        1: P =   0.19, D =   6.41 @  6.37 Rp,12.94 MLT; DPS:  -0.46
        2: P =   3.09, D =   0.43 @  3.96 Rp,23.27 MLT; DPS:  -4.89
[0m [32m<Writing HDF5 DATA @ t =    29.750 [min] >[0m 
[32m<Writing RAIJU HDF5 DATA @ t =    29.833 [min] >[0m 
 [36m
 GAMERA
      Time =    29.834 [min]
        ts =    20702
        dt =  9.87E-02 [sec]
    dt/dt0 =   82.887%
    Spent     0.0% of time waiting for Voltron
      kZCs =   3428.27 /   1340.41 [MHD/TOT] (8 threads)
[0m       CPCP =   73.576  68.520 [kV, N/S]
 [34m
 VOLTRON
      UT   = 2001-06-01 23:29:50
      tilt =    0.000 [deg]
    Sym-H  =   -5.000 [nT]
    BSDst  ~   16.406 [nT]
           dSMRs  ~     1.14   -0.11   -1.09    0.06 [nT, 12/18/00/06]
   DPSDst  ~   -4.486 [nT]
   Spent    43.4% of time waiting for Gamera
            12.1% of time processing Chimp(Helpers)
             9.8% of time processing IMAG
            12.3% of time processing Remix
            22.2% of time processing Tubes(Helpers)
             0.0% of time writing files
    Running @   87.086% of real-time (8 threads)
[0m  [35m
 RAIJU
      UT   = 2001-06-01 23:29:55
      Time =    29.917 [min]
     dtCpl =  5.00E+00 [sec]
     Max/Min dt @ k:
        Max 3.14E+01 [sec] @ 58
        Min 1.38E-01 [sec] @ 160
     Flav : max Press/Den @ L,MLT; DPS-dst
        0: P =   0.00, D =9075.91 @  1.54 Rp,12.07 MLT; DPS:   0.00
        1: P =   0.19, D =   6.40 @  6.44 Rp,12.95 MLT; DPS:  -0.46
        2: P =   3.09, D =   0.43 @  3.96 Rp,23.14 MLT; DPS:  -4.89
[0m [32m<Writing HDF5 DATA @ t =    29.834 [min] >[0m 
[32m<Writing RAIJU HDF5 DATA @ t =    29.917 [min] >[0m 
 [36m
 GAMERA
      Time =    29.918 [min]
        ts =    20753
        dt =  9.87E-02 [sec]
    dt/dt0 =   82.862%
    Spent     0.0% of time waiting for Voltron
      kZCs =   3429.37 /   1341.73 [MHD/TOT] (8 threads)
[0m       CPCP =   73.613  68.532 [kV, N/S]
 [34m
 VOLTRON
      UT   = 2001-06-01 23:29:55
      tilt =    0.000 [deg]
    Sym-H  =   -5.000 [nT]
    BSDst  ~   16.399 [nT]
           dSMRs  ~     1.14   -0.11   -1.09    0.05 [nT, 12/18/00/06]
   DPSDst  ~   -4.485 [nT]
   Spent    43.5% of time waiting for Gamera
            12.1% of time processing Chimp(Helpers)
             9.8% of time processing IMAG
            12.3% of time processing Remix
            22.2% of time processing Tubes(Helpers)
             0.0% of time writing files
    Running @   87.091% of real-time (8 threads)
[0m  [35m
 RAIJU
      UT   = 2001-06-01 23:29:59
      Time =    30.000 [min]
     dtCpl =  5.00E+00 [sec]
     Max/Min dt @ k:
        Max 3.14E+01 [sec] @ 58
        Min 1.38E-01 [sec] @ 160
     Flav : max Press/Den @ L,MLT; DPS-dst
        0: P =   0.00, D =9075.91 @  1.54 Rp,12.07 MLT; DPS:   0.00
        1: P =   0.19, D =   6.39 @  6.40 Rp,13.15 MLT; DPS:  -0.46
        2: P =   3.09, D =   0.43 @  3.96 Rp,23.14 MLT; DPS:  -4.89
[0m [32m<Writing HDF5 DATA @ t =    29.918 [min] >[0m 
[32m<Writing RAIJU HDF5 DATA @ t =    30.000 [min] >[0m 
 [36m
 GAMERA
      Time =    30.000 [min]
        ts =    20803
        dt =  9.86E-02 [sec]
    dt/dt0 =   82.837%
    Spent     0.0% of time waiting for Voltron
      kZCs =   3426.18 /   1324.19 [MHD/TOT] (8 threads)
[0m       CPCP =   73.665  68.554 [kV, N/S]
 [34m
 VOLTRON
      UT   = 2001-06-01 23:30:00
      tilt =    0.000 [deg]
    Sym-H  =   -5.000 [nT]
    BSDst  ~   16.393 [nT]
           dSMRs  ~     1.14   -0.11   -1.09    0.05 [nT, 12/18/00/06]
   DPSDst  ~   -4.481 [nT]
   Spent    43.4% of time waiting for Gamera
            12.1% of time processing Chimp(Helpers)
             9.8% of time processing IMAG
            12.3% of time processing Remix
            22.2% of time processing Tubes(Helpers)
             0.0% of time writing files
    Running @   87.023% of real-time (8 threads)
[0m  [35m
 RAIJU
      UT   = 2001-06-01 23:30:05
      Time =    30.083 [min]
     dtCpl =  5.00E+00 [sec]
     Max/Min dt @ k:
        Max 3.14E+01 [sec] @ 58
        Min 1.38E-01 [sec] @ 160
     Flav : max Press/Den @ L,MLT; DPS-dst
        0: P =   0.00, D =9075.91 @  1.54 Rp,12.07 MLT; DPS:   0.00
        1: P =   0.19, D =   6.35 @  6.46 Rp,13.18 MLT; DPS:  -0.46
        2: P =   3.09, D =   0.43 @  3.96 Rp,23.14 MLT; DPS:  -4.88
[0m [32m<Writing HDF5 DATA @ t =    30.000 [min] >[0m 
[32m<Writing RAIJU HDF5 DATA @ t =    30.083 [min] >[0m 
 Fin
