OMP: Warning #182: OMP_STACKSIZE: ignored because KMP_STACKSIZE has been defined
 Voltron Reading input deck from 
 tinyCase_sami3_moments_dsB_lmlt_recommended_long1800_exclude_lmax_dens005_tiote
 .xml
  KAIJU/VOLTRON/threading/NumTh           :             8[34m     (XML)[0m 
  KAIJU/GAMERA/debug/writeGhosts          :             F[32m (DEFAULT)[0m 
  KAIJU/GAMERA/debug/writeMagFlux         :             F[32m (DEFAULT)[0m 
  KAIJU/GAMERA/threading/NumTh            :             8[34m     (XML)[0m 
 KAIJU/GAMERA running threaded ...
    # Threads =            8
    # Cores   =            8
 Checking stacksize, if the code crashes here fix your stack ...
  KAIJU/GAMERA/physics/doMHD              :             T[34m     (XML)[0m 
  KAIJU/GAMERA/physics/do25D              :             F[32m (DEFAULT)[0m 
  KAIJU/GAMERA/physics/doResistive        :             F[32m (DEFAULT)[0m 
  KAIJU/GAMERA/sim/pdmb                   :   1.00000E+00[34m     (XML)[0m 
  KAIJU/GAMERA/floors/dFloor              :   1.00000E-04[34m     (XML)[0m 
  KAIJU/GAMERA/floors/pFloor              :   1.00000E-06[34m     (XML)[0m 
  KAIJU/GAMERA/sim/CFL                    :   3.00000E-01[32m (DEFAULT)[0m 
 CFL # =   0.300000000000000     
  KAIJU/GAMERA/sim/Vd0                    :   5.00000E-01[32m (DEFAULT)[0m 
  KAIJU/GAMERA/physics/gamma              :   1.66667E+00[32m (DEFAULT)[0m 
  KAIJU/GAMERA/physics/doHogs             :             T[32m (DEFAULT)[0m 
  KAIJU/GAMERA/physics/cHogH              :   2.50000E-01[32m (DEFAULT)[0m 
  KAIJU/GAMERA/physics/cHogM              :   2.50000E-01[32m (DEFAULT)[0m 
  KAIJU/GAMERA/sim/doAB3                  :             F[32m (DEFAULT)[0m 
  KAIJU/GAMERA/time/tFin                  :   1.00000E+00[32m (DEFAULT)[0m 
  KAIJU/GAMERA/time/fixedTimestep         :  -1.00000E+00[32m (DEFAULT)[0m 
  KAIJU/GAMERA/timestep/limDT0            :   1.00000E-03[32m (DEFAULT)[0m 
  KAIJU/GAMERA/timestep/doCPR             :             T[34m     (XML)[0m 
  KAIJU/GAMERA/timestep/limCPR            :   2.50000E-01[34m     (XML)[0m 
 Please update the XML to use output/dtCon for console output
 Instead of the no longer used output/tsOut
  KAIJU/GAMERA/output/dtCon               :   5.00000E+00[32m (DEFAULT)[0m 
  KAIJU/GAMERA/output/dtOut               :   1.00000E+01[32m (DEFAULT)[0m 
  KAIJU/GAMERA/restart/dtRes              :   1.00000E+02[32m (DEFAULT)[0m 
  KAIJU/GAMERA/output/doTimer             :             F[32m (DEFAULT)[0m 
  KAIJU/GAMERA/output/doFat               :             F[32m (DEFAULT)[0m 
  KAIJU/GAMERA/output/doSlim              :             F[32m (DEFAULT)[0m 
  KAIJU/GAMERA/output/slimTimers          :             T[32m (DEFAULT)[0m 
  KAIJU/GAMERA/output/DivB                :             T[32m (DEFAULT)[0m 
  KAIJU/GAMERA/output/doFatIO             :             F[32m (DEFAULT)[0m 
  KAIJU/GAMERA/output/doHighPrecOut       :             F[32m (DEFAULT)[0m 
  KAIJU/GAMERA/restart/doRes              :             F[34m     (XML)[0m 
  KAIJU/GAMERA/physics/doBoris            :             T[34m     (XML)[0m 
  KAIJU/GAMERA/physics/Ca                 :   1.00000E+01[34m     (XML)[0m 
  KAIJU/GAMERA/multifluid/doMF            :             F[32m (DEFAULT)[0m 
  KAIJU/GAMERA/source/doSource            :             T[34m     (XML)[0m 
  KAIJU/GAMERA/source/nvSrc               :            10[32m (DEFAULT)[0m 
  KAIJU/GAMERA/sim/runid                  :  sami3_moment[34m     (XML)[0m 
  KAIJU/GAMERA/sim/rmeth                  :           7UP[34m     (XML)[0m 
 Using 7UP Reconstruction
  KAIJU/GAMERA/sim/lfmlim                 :             T[32m (DEFAULT)[0m 
  KAIJU/GAMERA/ring/rngrec                :           PPM[32m (DEFAULT)[0m 
  KAIJU/GAMERA/random/seed                :         31337[32m (DEFAULT)[0m 
  KAIJU/GAMERA/sim/doH5g                  :             T[34m     (XML)[0m 
  KAIJU/GAMERA/sim/H5Grid                 :       lfmD.h5[34m     (XML)[0m 
 Reading grid from file: lfmD.h5
  KAIJU/GAMERA/ring/doRing                :             T[34m     (XML)[0m 
  KAIJU/GAMERA/ring/gid                   :           lfm[34m     (XML)[0m 
  KAIJU/GAMERA/ringknobs/doMassRA         :             F[32m (DEFAULT)[0m 
  KAIJU/GAMERA/ringknobs/doClean          :             T[32m (DEFAULT)[0m 
  KAIJU/GAMERA/ringknobs/doFastClean      :             T[32m (DEFAULT)[0m 
  KAIJU/GAMERA/ringknobs/doShift          :             F[32m (DEFAULT)[0m 
  KAIJU/GAMERA/ringknobs/NMag             :             1[32m (DEFAULT)[0m 
  KAIJU/GAMERA/ringknobs/doVClean         :             T[34m     (XML)[0m 
  KAIJU/GAMERA/ringknobs/NVel             :             0[32m (DEFAULT)[0m 
  KAIJU/GAMERA/ring/doAggressive          :             F[34m     (XML)[0m 
  KAIJU/GAMERA/ring/Nr                    :             4[32m (DEFAULT)[0m 
  KAIJU/GAMERA/ring/Nc1                   :             8[32m (DEFAULT)[0m 
  KAIJU/GAMERA/ring/Nc2                   :            16[32m (DEFAULT)[0m 
  KAIJU/GAMERA/ring/Nc3                   :            32[32m (DEFAULT)[0m 
  KAIJU/GAMERA/ring/Nc4                   :            32[32m (DEFAULT)[0m 
  KAIJU/GAMERA/sim/doH5ic                 :             F[32m (DEFAULT)[0m 
  KAIJU/GAMERA/sim/icType                 :          user[34m     (XML)[0m 
  KAIJU/GAMERA/prob/Rho0                  :   2.00000E-01[32m (DEFAULT)[0m 
  KAIJU/GAMERA/prob/P0                    :   1.00000E-03[32m (DEFAULT)[0m 
  KAIJU/GAMERA/prob/doPP0                 :             F[32m (DEFAULT)[0m 
  KAIJU/GAMERA/prob/writeBC               :             T[32m (DEFAULT)[0m 
  /Kaiju/Gamera/prob/planet               :         Earth[32m (DEFAULT)[0m 
  /Kaiju/Gamera/prob/M0                   :   2.96174E-01[32m (DEFAULT)[0m 
  /Kaiju/Gamera/prob/period               :   8.64000E+04[32m (DEFAULT)[0m 
  /Kaiju/Gamera/prob/doCorot              :             T[32m (DEFAULT)[0m 
  KAIJU/GAMERA/floors/dFloor              :   1.00000E-04[34m     (XML)[0m 
  KAIJU/GAMERA/floors/pFloor              :   1.00000E-06[34m     (XML)[0m 
  KAIJU/GAMERA/timestep/doCPR             :             T[34m     (XML)[0m 
  KAIJU/GAMERA/timestep/limCPR            :   2.50000E-01[34m     (XML)[0m 
  KAIJU/GAMERA/chill/doGAMChill           :             F[32m (DEFAULT)[0m 
  KAIJU/GAMERA/chill/doLFMChill           :             F[32m (DEFAULT)[0m 
 ---------------
 Magnetosphere normalization
 T0   [s]    =    63.7810000000000     
 x0   [m]    =    6378100.00000000     
 v0   [m/s]  =    100000.000000000     
 P0   [nPa]  =   1.660539066600000E-002
 B0   [nT]   =    4.56803560959387     
 g    [m/s2] =    9.80700000000000     
 psi0 [kV]   =    87.6183892504483     
 ---------------
 doGrav      =  T
  KAIJU/GAMERA/source/doIngest            :             T[32m (DEFAULT)[0m 
  KAIJU/GAMERA/source/doIngestCold        :             T[32m (DEFAULT)[0m 
  KAIJU/GAMERA/source/coldDMax            :  -1.00000E+00[32m (DEFAULT)[0m 
  KAIJU/GAMERA/source/coldPMax            :  -1.00000E+00[32m (DEFAULT)[0m 
  /Kaiju/voltron/imag/doInit              :             T[34m     (XML)[0m 
  KAIJU/GAMERA/wind/tsfile                :     bcwind.h5[34m     (XML)[0m 
  KAIJU/GAMERA/source0/dz                 :   5.00000E+00[32m (DEFAULT)[0m 
  KAIJU/GAMERA/source0/dt0                :   3.00000E+02[32m (DEFAULT)[0m 
  KAIJU/GAMERA/prob/xMax                  :   2.00000E+01[32m (DEFAULT)[0m 
  KAIJU/GAMERA/prob/yMax                  :   7.50000E+01[32m (DEFAULT)[0m 
  KAIJU/GAMERA/prob/xMin                  :  -2.25000E+02[32m (DEFAULT)[0m 
  KAIJU/GAMERA/prob/sIn                   :   9.60000E-01[32m (DEFAULT)[0m 
  KAIJU/GAMERA/background/rCut            :   1.60000E+01[32m (DEFAULT)[0m 
  KAIJU/GAMERA/background/lCut            :   8.00000E+00[32m (DEFAULT)[0m 
  KAIJU/GAMERA/background/dcScl           :   4.00000E+00[32m (DEFAULT)[0m 
  /Kaiju/voltron/coupling/dt              :   5.00000E+00[32m (DEFAULT)[0m 
  KAIJU/GAMERA/ibc/doIonPush              :             T[32m (DEFAULT)[0m 
  KAIJU/GAMERA/ibc/nIonP                  :             1[32m (DEFAULT)[0m 
  KAIJU/GAMERA/wind/tsfile                :     bcwind.h5[34m     (XML)[0m 
 ---------------
 Solar wind data
 Reading wind data from bcwind.h5
 Assuming input units: t,D,V,T,B = [s],[#/cm3],[m/s],[K],[nT]
 SW Coefficients (Bx0,ByC,BzC) =    0.000   0.000   0.000
 Min solar wind Alfvenic Mach number =    7.587
 Finished reading solar wind data
 ---------------
  /Kaiju/voltron/spinup/doSeq             :             F[32m (DEFAULT)[0m 
[32m<Writing HDF5 DATA @ t =  0.00E+00 [sec] >[0m 
 [36m
 GAMERA
      Time =  0.00E+00 [sec]
        ts =        0
        dt =  1.19E-01 [sec]
    Spent     0.0% of time waiting for Voltron
[0m  Please update the XML to use output/dtCon for console output
 Instead of the no longer used output/tsOut
  KAIJU/GAMERA/output/dtCon               :   5.00000E+00[32m (DEFAULT)[0m 
  KAIJU/GAMERA/output/dtOut               :   1.00000E+01[32m (DEFAULT)[0m 
  KAIJU/GAMERA/restart/dtRes              :   1.00000E+02[32m (DEFAULT)[0m 
  KAIJU/GAMERA/output/doTimer             :             F[32m (DEFAULT)[0m 
  KAIJU/GAMERA/output/doFat               :             F[32m (DEFAULT)[0m 
  KAIJU/GAMERA/output/doSlim              :             F[32m (DEFAULT)[0m 
  KAIJU/GAMERA/output/slimTimers          :             T[32m (DEFAULT)[0m 
  KAIJU/GAMERA/output/DivB                :             T[32m (DEFAULT)[0m 
  KAIJU/GAMERA/output/doFatIO             :             F[32m (DEFAULT)[0m 
  /Kaiju/Gamera/prob/planet               :         Earth[32m (DEFAULT)[0m 
  /Kaiju/Gamera/prob/M0                   :   2.96174E-01[32m (DEFAULT)[0m 
  /Kaiju/Gamera/prob/period               :   8.64000E+04[32m (DEFAULT)[0m 
  /Kaiju/Gamera/prob/doCorot              :             T[32m (DEFAULT)[0m 
 -------------
 Planet params
 Name             : EARTH
 Planet Radius [m]:    6378100.00000000     
 Iono Radius   [m]:    6500000.00000000     
 Gravity    [m/s2]:    9.80700000000000     
 Use gravity      :  T
 Mag. Moment   [G]:   0.296173700000000     
 Corot Pot.   [kV]:    87.6183892504483     
 -------------
  /Kaiju/Gamera/prob/doGeoCorot           :             F[32m (DEFAULT)[0m 
 Going into geospace mode ...
  /Kaiju/Gamera/wind/tsfile               :     bcwind.h5[34m     (XML)[0m 
  KAIJU/VOLTRON/time/tFin                 :   1.80000E+03[34m     (XML)[0m 
 Please update the XML to use output/dtCon for console output
 Instead of the no longer used output/tsOut
  KAIJU/VOLTRON/output/dtCon              :   5.00000E+00[32m (DEFAULT)[0m 
  KAIJU/VOLTRON/output/dtOut              :   5.00000E+00[34m     (XML)[0m 
  KAIJU/VOLTRON/restart/dtRes             :   1.08000E+04[34m     (XML)[0m 
  KAIJU/VOLTRON/output/doTimer            :             F[32m (DEFAULT)[0m 
  KAIJU/VOLTRON/output/doFat              :             F[32m (DEFAULT)[0m 
  KAIJU/VOLTRON/output/doSlim             :             F[32m (DEFAULT)[0m 
  KAIJU/VOLTRON/output/slimTimers         :             T[32m (DEFAULT)[0m 
  KAIJU/VOLTRON/coupling/dtCouple         :   5.00000E+00[34m     (XML)[0m 
  KAIJU/VOLTRON/coupling/rTrc             :   4.00000E+01[32m (DEFAULT)[0m 
 Ending a simulation too close to a coupling interval can cause synchronization 
 issues
 Increasing the ending time by a fraction of a second to create a buffer
  KAIJU/VOLTRON/coupling/doDeep           :             T[32m (DEFAULT)[0m 
  KAIJU/VOLTRON/coupling/doGCM            :             F[32m (DEFAULT)[0m 
  KAIJU/VOLTRON/coupling/dtAvgB0          :   9.00000E+02[32m (DEFAULT)[0m 
  /Kaiju/gamera/restart/doRes             :             F[34m     (XML)[0m 
  KAIJU/VOLTRON/spinup/doSpin             :             T[34m     (XML)[0m 
  KAIJU/VOLTRON/spinup/tSpin              :   5.00000E+00[34m     (XML)[0m 
  KAIJU/VOLTRON/spinup/tIO                :   0.00000E+00[32m (DEFAULT)[0m 
  KAIJU/VOLTRON/coupling/tCouple          :  -5.00000E+00[32m (DEFAULT)[0m 
  KAIJU/VOLTRON/grid/Nt                   :            90[32m (DEFAULT)[0m 
  KAIJU/VOLTRON/grid/Np                   :           180[32m (DEFAULT)[0m 
  KAIJU/VOLTRON/grid/Ng                   :             4[32m (DEFAULT)[0m 
  KAIJU/VOLTRON/grid/gType                :        UNISPH[32m (DEFAULT)[0m 
  KAIJU/VOLTRON/coupling/doQkSquish       :             T[34m     (XML)[0m 
  KAIJU/VOLTRON/coupling/qkSquishStride   :             2[34m     (XML)[0m 
  KAIJU/VOLTRON/ebsquish/epsSquish        :   5.00000E-02[32m (DEFAULT)[0m 
  KAIJU/VOLTRON/coupling/imType           :         RAIJU[34m     (XML)[0m 
  /Kaiju/voltron/imag/doInit              :             T[34m     (XML)[0m 
 raijuInitModel is starting
  KAIJU/RAIJU/driver/isSA                 :             F[32m (DEFAULT)[0m 
  /Kaiju/Gamera/sim/runid                 :  sami3_moment[34m     (XML)[0m 
  KAIJU/RAIJU/time/T0                     :   0.00000E+00[32m (DEFAULT)[0m 
  KAIJU/RAIJU/time/tFin                   :   6.00000E+01[32m (DEFAULT)[0m 
  KAIJU/RAIJU/time/dt                     :   1.00000E+00[32m (DEFAULT)[0m 
  KAIJU/RAIJU/config/fname                :  raijuconfig.[34m     (XML)[0m 
  /Kaiju/Gamera/wind/tsFile               :     bcwind.h5[34m     (XML)[0m 
  KAIJU/RAIJU/mpi/isMPI                   :             F[32m (DEFAULT)[0m 
  /Kaiju/Gamera/restart/doRes             :             F[34m     (XML)[0m 
  KAIJU/RAIJU/plasmasphere/doPsphere      :             T[34m     (XML)[0m 
  KAIJU/RAIJU/plasmasphere/doEvol         :             T[32m (DEFAULT)[0m 
  KAIJU/RAIJU/plasmasphere/evolRad        :   2.25000E+00[32m (DEFAULT)[0m 
  KAIJU/RAIJU/plasmasphere/initKp         :   3.00000E+00[32m (DEFAULT)[0m 
  KAIJU/RAIJU/prob/doExcessMap            :             T[32m (DEFAULT)[0m 
  KAIJU/RAIJU/prob/nSpc                   :             3[32m (DEFAULT)[0m 
  KAIJU/RAIJU/domain/bndLim               :             3[32m (DEFAULT)[0m 
  KAIJU/RAIJU/domain/tail_buffer          :   1.50000E+01[34m     (XML)[0m 
  KAIJU/RAIJU/domain/sun_buffer           :   1.50000E+01[34m     (XML)[0m 
  KAIJU/RAIJU/domain/tail_active          :   1.20000E+01[34m     (XML)[0m 
  KAIJU/RAIJU/domain/sun_active           :   1.20000E+01[34m     (XML)[0m 
  KAIJU/RAIJU/domain/activeRad            :   3.00000E+00[32m (DEFAULT)[0m 
  KAIJU/RAIJU/sim/doSmoothGrads           :             T[32m (DEFAULT)[0m 
  KAIJU/RAIJU/sim/useVelLRs               :             T[32m (DEFAULT)[0m 
  KAIJU/RAIJU/sim/maxIter                 :          1000[32m (DEFAULT)[0m 
  KAIJU/RAIJU/sim/maxOrder                :             7[32m (DEFAULT)[0m 
  KAIJU/RAIJU/sim/pdmb                    :   7.50000E-01[34m     (XML)[0m 
  KAIJU/RAIJU/sim/cfl                     :   3.00000E-01[32m (DEFAULT)[0m 
 CFL # =   0.300000000000000     
  KAIJU/RAIJU/prob/tiote                  :   4.00000E+00[32m (DEFAULT)[0m 
  KAIJU/RAIJU/moments/useStateTioteForInge:             T[34m     (XML)[0m 
  KAIJU/RAIJU/activeShell/doAS            :             F[32m (DEFAULT)[0m 
  KAIJU/RAIJU/activeShell/worthyFrac      :   1.00000E-03[32m (DEFAULT)[0m 
  KAIJU/RAIJU/prob/doCorot                :             F[32m (DEFAULT)[0m 
  KAIJU/RAIJU/lambdas/dynamicRanges       :             F[32m (DEFAULT)[0m 
  KAIJU/RAIJU/moments/DP2EtaMap           :       MAXWELL[32m (DEFAULT)[0m 
  KAIJU/RAIJU/losses/doLosses             :             T[34m     (XML)[0m 
  KAIJU/RAIJU/losses/doCC                 :             T[34m     (XML)[0m 
  KAIJU/RAIJU/losses/doCX                 :             T[34m     (XML)[0m 
  KAIJU/RAIJU/losses/doEWM                :             T[32m (DEFAULT)[0m 
  KAIJU/RAIJU/losses/ewmType              :            SS[32m (DEFAULT)[0m 
  KAIJU/RAIJU/output/loudConsole          :             T[34m     (XML)[0m 
  KAIJU/RAIJU/output/writeGhosts          :             F[34m     (XML)[0m 
  KAIJU/RAIJU/output/doLossExtras         :             F[34m     (XML)[0m 
  KAIJU/RAIJU/output/doDebug              :             F[34m     (XML)[0m 
  KAIJU/RAIJU/hax/rcmEtaPush              :             F[32m (DEFAULT)[0m 
  KAIJU/RAIJU/domain/vaFrac_soft          :   6.00000E-01[32m (DEFAULT)[0m 
  KAIJU/RAIJU/domain/vaFrac_hard          :   4.00000E-01[32m (DEFAULT)[0m 
  KAIJU/RAIJU/domain/bmin_soft            :   5.00000E+00[32m (DEFAULT)[0m 
  KAIJU/RAIJU/domain/bmin_hard            :   2.00000E+00[32m (DEFAULT)[0m 
  KAIJU/RAIJU/cpl/nBounce                 :   3.00000E+00[32m (DEFAULT)[0m 
  KAIJU/RAIJU/cpl/nFluidsIn               :             1[34m     (XML)[0m 
  KAIJU/RAIJU/fluidIn1/imhd               :             0[34m     (XML)[0m 
  KAIJU/RAIJU/fluidIn1/flav               :             2[34m     (XML)[0m 
  KAIJU/RAIJU/fluidIn1/excessToPsph       :             T[34m     (XML)[0m 
  /Kaiju/Gamera/prob/planet               :         Earth[32m (DEFAULT)[0m 
  /Kaiju/Gamera/prob/M0                   :   2.96174E-01[32m (DEFAULT)[0m 
  /Kaiju/Gamera/prob/period               :   8.64000E+04[32m (DEFAULT)[0m 
  Calculated corotation potential [kV]:    87.6183892504483     
  /Kaiju/Gamera/prob/doCorot              :             T[32m (DEFAULT)[0m 
  KAIJU/RAIJU/grid/Nbnd                   :             4[32m (DEFAULT)[0m 
  KAIJU/RAIJU/grid/gType                  :        SHGRID[34m     (XML)[0m 
  KAIJU/RAIJU/grid/ThetaL                 :   1.50000E+01[34m     (XML)[0m 
 RAIJU theta range =    15.0000000000000        49.1066053508691     
  KAIJU/RAIJU/grid/Ng                     :             4[32m (DEFAULT)[0m 
  KAIJU/RAIJU/hax/doConstB                :             F[32m (DEFAULT)[0m 
  KAIJU/RAIJU/config/ignoreMismatch       :             F[32m (DEFAULT)[0m 
 Found spc group Species/0
  Flav:                    0
  N:                       1
  # nuc_p:                 1
  # nuc_n:                 0
  q:                       1
  spcType:                 2
  Fudge:          0.000000000000000E+000
  kStart:                  1
  kEnd:                    1
 Found spc group Species/1
  Flav:                    1
  N:                      39
  # nuc_p:                 0
  # nuc_n:                 0
  q:                      -1
  spcType:                 1
  Fudge:          0.333333333333333     
  kStart:                  2
  kEnd:                   40
 Found spc group Species/2
  Flav:                    2
  N:                     120
  # nuc_p:                 1
  # nuc_n:                 0
  q:                       1
  spcType:                 2
  Fudge:          0.000000000000000E+000
  kStart:                 41
  kEnd:                  160
           0 T
           1 F
           2 T
 ---------------
 Creating time series for Kp
 Reading data from bcwind.h5
 Finished reading data for Kp
 ---------------
  KAIJU/RAIJU/prob/IC                     :           DIP[32m (DEFAULT)[0m 
 Initializing a dipole field with XML-determined electrostatic potential and eta
  distribution
  KAIJU/RAIJU/prob/espotPreset            :         TOFFO[32m (DEFAULT)[0m 
  KAIJU/RAIJU/prob/cpcp                   :   5.00000E+01[32m (DEFAULT)[0m 
  KAIJU/RAIJU/prob/etaPreset              :          RING[32m (DEFAULT)[0m 
  KAIJU/RAIJU/prob/D                      :   1.00000E+01[32m (DEFAULT)[0m 
  KAIJU/RAIJU/prob/T                      :   3.00000E+01[32m (DEFAULT)[0m 
  KAIJU/RAIJU/prob/tiote                  :   4.00000E+00[32m (DEFAULT)[0m 
  KAIJU/RAIJU/prob/L                      :   4.00000E+00[32m (DEFAULT)[0m 
  KAIJU/RAIJU/prob/dL                     :   6.25000E-01[32m (DEFAULT)[0m 
 RAIJU initializing plasmasphere with Kp =   3.00000000000000     
  /Kaiju/RAIJU/losses/ssMult              :   1.00000E+00[32m (DEFAULT)[0m 
 Please update the XML to use output/dtCon for console output
 Instead of the no longer used output/tsOut
  KAIJU/VOLTRON/output/dtCon              :   5.00000E+00[32m (DEFAULT)[0m 
  KAIJU/VOLTRON/output/dtOut              :   5.00000E+00[34m     (XML)[0m 
  KAIJU/VOLTRON/restart/dtRes             :   1.08000E+04[34m     (XML)[0m 
  KAIJU/VOLTRON/output/doTimer            :             F[32m (DEFAULT)[0m 
  KAIJU/VOLTRON/output/doFat              :             F[32m (DEFAULT)[0m 
  KAIJU/VOLTRON/output/doSlim             :             F[32m (DEFAULT)[0m 
  KAIJU/VOLTRON/output/slimTimers         :             T[32m (DEFAULT)[0m 
  KAIJU/RAIJU/cpl/startupTscl             :   7.20000E+03[34m     (XML)[0m 
  KAIJU/RAIJU/cpl/tsclSm_dL               :   1.00000E+00[32m (DEFAULT)[0m 
  KAIJU/RAIJU/cpl/tsclSm_dMLT             :   1.00000E+00[32m (DEFAULT)[0m 
  KAIJU/RAIJU/sami3Moments/doIngest       :             T[34m     (XML)[0m 
  KAIJU/RAIJU/sami3Moments/file           :  /home/jiaoy_[34m     (XML)[0m 
  KAIJU/RAIJU/sami3Moments/group          :  /RaiCplMomen[34m     (XML)[0m 
  KAIJU/RAIJU/sami3Moments/alphaPavg      :   0.00000E+00[34m     (XML)[0m 
  KAIJU/RAIJU/sami3Moments/alphaDavg      :   5.00000E-02[34m     (XML)[0m 
  KAIJU/RAIJU/sami3Moments/alphaPstd      :   0.00000E+00[34m     (XML)[0m 
  KAIJU/RAIJU/sami3Moments/alphaDstd      :   0.00000E+00[34m     (XML)[0m 
  KAIJU/RAIJU/sami3Moments/alphaTiote     :   1.00000E+00[34m     (XML)[0m 
  KAIJU/RAIJU/sami3Moments/densityFloor   :   0.00000E+00[32m (DEFAULT)[0m 
  KAIJU/RAIJU/sami3Moments/pressureFloor  :   0.00000E+00[32m (DEFAULT)[0m 
  KAIJU/RAIJU/sami3Moments/tioteMin       :   0.00000E+00[32m (DEFAULT)[0m 
  KAIJU/RAIJU/sami3Moments/tioteMax       :   1.00000E+30[32m (DEFAULT)[0m 
  KAIJU/RAIJU/sami3Moments/abortOnNonfinit:             T[32m (DEFAULT)[0m 
  KAIJU/RAIJU/coldStarter/doCX            :             T[32m (DEFAULT)[0m 
  KAIJU/RAIJU/coldStarter/doUpdate        :             F[32m (DEFAULT)[0m 
  KAIJU/RAIJU/coldStarter/evalCadence     :   3.00000E+02[32m (DEFAULT)[0m 
  KAIJU/RAIJU/coldStarter/tEnd            :   7.20000E+03[32m (DEFAULT)[0m 
  KAIJU/RAIJU/grid/ThetaL                 :   1.50000E+01[34m     (XML)[0m 
 RAIJU theta range =    15.0000000000000        49.1066053508691     
  KAIJU/RAIJU/grid/Ng                     :             4[32m (DEFAULT)[0m 
 SAMI3 moments ingest enabled: 
 /home/jiaoy_group/jiaoy/data/MAGE1.25/kaiju_sami3_voltron_moments_20260523/anal
 ysis/sami3_voltron_raiju_diag_stubpayload_nfluid1_ds_over_B_voltron_tubeshell_l
 _mlt_lon0_bin_bvol_overlap_exclude_lmax_20260526.h5 group=/RaiCplMomentsOnly
 SAMI3 moments alpha Pavg/Davg/Pstd/Dstd/tiote:  0.000000000000000E+000
  5.000000000000000E-002  0.000000000000000E+000  0.000000000000000E+000
   1.00000000000000     
 SAMI3 moments floors density/pressure and tiote min/max:
  0.000000000000000E+000  0.000000000000000E+000  0.000000000000000E+000
  1.000000000000000E+030
 SAMI3 moments abortOnNonfinite: T
 RAIJU outputting to 
 sami3_moments_dsB_lmlt_recommended_long1800_exclude_lmax_dens005_tiote.raiju.h5
  KAIJU/VOLTRON/coupling/doDynDT          :             F[32m (DEFAULT)[0m 
 Voltron outputting to 
 sami3_moments_dsB_lmlt_recommended_long1800_exclude_lmax_dens005_tiote.volt.h5
  KAIJU/REMIX/conductance/euv_model_type  :         LOMPE[32m (DEFAULT)[0m 
  KAIJU/REMIX/conductance/et_model_type   :          NONE[32m (DEFAULT)[0m 
  KAIJU/REMIX/conductance/sigma_model_type:         KAE23[32m (DEFAULT)[0m 
  KAIJU/REMIX/precipitation/aurora_model_t:        LINMRG[34m     (XML)[0m 
  KAIJU/REMIX/precipitation/alpha         :   2.00000E-01[34m     (XML)[0m 
  KAIJU/REMIX/precipitation/beta          :   4.00000E-01[34m     (XML)[0m 
  KAIJU/REMIX/precipitation/R             :   8.00000E-02[32m (DEFAULT)[0m 
  KAIJU/REMIX/precipitation/doAuroralSmoot:             F[34m     (XML)[0m 
  KAIJU/REMIX/conductance/F107            :   1.20000E+02[32m (DEFAULT)[0m 
  KAIJU/REMIX/conductance/pedmin          :   2.00000E+00[32m (DEFAULT)[0m 
  KAIJU/REMIX/conductance/hallmin         :   1.00000E+00[32m (DEFAULT)[0m 
  KAIJU/REMIX/conductance/sigma_ratio     :   6.00000E+00[32m (DEFAULT)[0m 
  KAIJU/REMIX/conductance/ped0            :   1.00000E+01[32m (DEFAULT)[0m 
  KAIJU/REMIX/conductance/const_sigma     :             F[32m (DEFAULT)[0m 
  KAIJU/REMIX/conductance/doRamp          :             F[34m     (XML)[0m 
  KAIJU/REMIX/conductance/doChill         :             F[32m (DEFAULT)[0m 
  KAIJU/REMIX/conductance/doStarlight     :             T[34m     (XML)[0m 
  KAIJU/REMIX/conductance/doMR            :             F[32m (DEFAULT)[0m 
  KAIJU/REMIX/conductance/apply_cap       :             T[32m (DEFAULT)[0m 
  KAIJU/REMIX/precipitation/gamma         :   1.66667E+00[32m (DEFAULT)[0m 
  KAIJU/REMIX/conductance/doEMA           :             T[32m (DEFAULT)[0m 
  KAIJU/REMIX/conductance/doET            :             F[32m (DEFAULT)[0m 
  KAIJU/REMIX/conductance/doSWF107        :             T[32m (DEFAULT)[0m 
  KAIJU/REMIX/solver/maxitr               :           400[32m (DEFAULT)[0m 
  KAIJU/REMIX/solver/mr                   :            30[32m (DEFAULT)[0m 
  KAIJU/REMIX/solver/tol_abs              :   1.00000E-06[32m (DEFAULT)[0m 
  KAIJU/REMIX/solver/tol_rel              :   1.00000E-06[32m (DEFAULT)[0m 
  KAIJU/REMIX/solver/llbc_value           :   0.00000E+00[32m (DEFAULT)[0m 
  KAIJU/REMIX/grid/Np                     :           360[32m (DEFAULT)[0m 
  KAIJU/REMIX/grid/Nt                     :            45[32m (DEFAULT)[0m 
  KAIJU/REMIX/grid/LowLatBoundary         :   4.50000E+01[32m (DEFAULT)[0m 
  KAIJU/REMIX/grid/init_from_file         :             F[32m (DEFAULT)[0m 
  KAIJU/REMIX/output/dtOut                :   1.00000E+00[32m (DEFAULT)[0m 
  /Kaiju/gamera/restart/nRes              :             2[34m     (XML)[0m 
  KAIJU/REMIX/debug/mklmsglvl             :             0[32m (DEFAULT)[0m 
 [31m
 [0m 
 WARNING for ShellGrid with name: REMIX
 No radius provided, assuming Earth's ionosphere according to kdefs:
   1.01911227481538       Rp
  KAIJU/REMIX/conductance/euv_model_type  :         LOMPE[32m (DEFAULT)[0m 
  KAIJU/REMIX/conductance/et_model_type   :          NONE[32m (DEFAULT)[0m 
  KAIJU/REMIX/conductance/sigma_model_type:         KAE23[32m (DEFAULT)[0m 
  KAIJU/REMIX/precipitation/aurora_model_t:        LINMRG[34m     (XML)[0m 
  KAIJU/REMIX/precipitation/alpha         :   2.00000E-01[34m     (XML)[0m 
  KAIJU/REMIX/precipitation/beta          :   4.00000E-01[34m     (XML)[0m 
  KAIJU/REMIX/precipitation/R             :   8.00000E-02[32m (DEFAULT)[0m 
  KAIJU/REMIX/precipitation/doAuroralSmoot:             F[34m     (XML)[0m 
  KAIJU/REMIX/conductance/F107            :   1.20000E+02[32m (DEFAULT)[0m 
  KAIJU/REMIX/conductance/pedmin          :   2.00000E+00[32m (DEFAULT)[0m 
  KAIJU/REMIX/conductance/hallmin         :   1.00000E+00[32m (DEFAULT)[0m 
  KAIJU/REMIX/conductance/sigma_ratio     :   6.00000E+00[32m (DEFAULT)[0m 
  KAIJU/REMIX/conductance/ped0            :   1.00000E+01[32m (DEFAULT)[0m 
  KAIJU/REMIX/conductance/const_sigma     :             F[32m (DEFAULT)[0m 
  KAIJU/REMIX/conductance/doRamp          :             F[34m     (XML)[0m 
  KAIJU/REMIX/conductance/doChill         :             F[32m (DEFAULT)[0m 
  KAIJU/REMIX/conductance/doStarlight     :             T[34m     (XML)[0m 
  KAIJU/REMIX/conductance/doMR            :             F[32m (DEFAULT)[0m 
  KAIJU/REMIX/conductance/apply_cap       :             T[32m (DEFAULT)[0m 
  KAIJU/REMIX/precipitation/gamma         :   1.66667E+00[32m (DEFAULT)[0m 
  KAIJU/REMIX/conductance/doEMA           :             T[32m (DEFAULT)[0m 
  KAIJU/REMIX/conductance/doET            :             F[32m (DEFAULT)[0m 
  KAIJU/REMIX/conductance/doSWF107        :             T[32m (DEFAULT)[0m 
  KAIJU/REMIX/solver/maxitr               :           400[32m (DEFAULT)[0m 
  KAIJU/REMIX/solver/mr                   :            30[32m (DEFAULT)[0m 
  KAIJU/REMIX/solver/tol_abs              :   1.00000E-06[32m (DEFAULT)[0m 
  KAIJU/REMIX/solver/tol_rel              :   1.00000E-06[32m (DEFAULT)[0m 
  KAIJU/REMIX/solver/llbc_value           :   0.00000E+00[32m (DEFAULT)[0m 
  KAIJU/REMIX/grid/Np                     :           360[32m (DEFAULT)[0m 
  KAIJU/REMIX/grid/Nt                     :            45[32m (DEFAULT)[0m 
  KAIJU/REMIX/grid/LowLatBoundary         :   4.50000E+01[32m (DEFAULT)[0m 
  KAIJU/REMIX/grid/init_from_file         :             F[32m (DEFAULT)[0m 
  KAIJU/REMIX/output/dtOut                :   1.00000E+00[32m (DEFAULT)[0m 
  /Kaiju/gamera/restart/nRes              :             2[34m     (XML)[0m 
  KAIJU/REMIX/debug/mklmsglvl             :             0[32m (DEFAULT)[0m 
 [31m
 [0m 
 WARNING for ShellGrid with name: REMIX
 No radius provided, assuming Earth's ionosphere according to kdefs:
   1.01911227481538       Rp
 Using F10.7 =    100.000000000000     
 Using MJD0  =    52061.9583333333     
[32m<Writing HDF5 DATA @ t = -5.00E+00 [sec] >[0m 
 Overwriting group 
 sami3_moments_dsB_lmlt_recommended_long1800_exclude_lmax_dens005_tiote.gam.h5/
 Step#0
  KAIJU/CHIMP/domain/rClosed              :   2.25000E+00[32m (DEFAULT)[0m 
 ------------
 CHIMP Units
 inTScl =    2997.92458000000     
 inBScl =    17.0931245918848     
 inVScl =   3.335640951981520E-004
 ------------
  KAIJU/CHIMP/interp/wgt                  :           TSC[32m (DEFAULT)[0m 
  KAIJU/CHIMP/tracer/epsds                :   5.00000E-02[34m     (XML)[0m 
  KAIJU/CHIMP/tracer/doDip                :             F[32m (DEFAULT)[0m 
  KAIJU/CHIMP/streamline/steptype         :          MAGE[32m (DEFAULT)[0m 
  KAIJU/CHIMP/streamline/bMin_C           :   1.00000E-12[32m (DEFAULT)[0m 
<Grid size = (48,48,64)>
  KAIJU/CHIMP/fields/grType               :           LFM[34m     (XML)[0m 
 <Grid type = LFM>
 Doing grid calculations ...
 Finished grid calculations
 Initializing LFM locator
  KAIJU/CHIMP/domain/rmin                 :   1.01911E+00[32m (DEFAULT)[0m 
  KAIJU/CHIMP/domain/rmax                 :   2.69493E+01[32m (DEFAULT)[0m 
  KAIJU/CHIMP/domain/dtype                :          MAGE[34m     (XML)[0m 
 Using MAGE inDomain
  KAIJU/CHIMP/domain/xSun                 :   2.00000E+01[32m (DEFAULT)[0m 
  KAIJU/CHIMP/domain/xTail                :  -5.00000E+01[32m (DEFAULT)[0m 
  KAIJU/CHIMP/domain/yzMax                :   4.00000E+01[32m (DEFAULT)[0m 
  KAIJU/CHIMP/domain/gtype                :           LFM[32m (DEFAULT)[0m 
 Using spherical inGap
  KAIJU/CHIMP/domain/rgap                 :   2.81609E+00[32m (DEFAULT)[0m 
 MAXTUBESIZE =         5000
 [32m
 ---------------
 Kaiju configuration
Git branch = HEAD
Git hash   = 9e19bfc
Compiler   = Intel(R) Fortran Intel(R) 64 Compiler Classic for applications running on Intel(R) 64, Version 2021.10.0 Build 20230609_000000
Run starting on: Tue May 26 03:26:37 2026
 ---------------
[0m  [36m
 GAMERA
      Time = -5.00E+00 [sec]
        ts =        0
        dt =  1.19E-01 [sec]
    dt/dt0 =  100.000%
    Spent     0.0% of time waiting for Voltron
[0m       CPCP =    0.052   0.052 [kV, N/S]
 [34m
 VOLTRON
      UT   = 2001-06-01 22:59:55
      tilt =    0.000 [deg]
    Sym-H  =   -5.000 [nT]
    BSDst  ~    7.607 [nT]
           dSMRs  ~     0.24   -0.08   -0.08   -0.08 [nT, 12/18/00/06]
   Spent     0.0% of time waiting for Gamera
             0.0% of time processing Chimp(Helpers)
             0.0% of time processing IMAG
             0.0% of time processing Remix
             0.0% of time processing Tubes(Helpers)
             0.0% of time writing files
[0m [32m<Writing HDF5 DATA @ t = -5.00E+00 [sec] >[0m 
 Overwriting group 
 sami3_moments_dsB_lmlt_recommended_long1800_exclude_lmax_dens005_tiote.gam.h5/
 Step#0
[32m<Writing RAIJU HDF5 DATA @ t =  0.00E+00 [sec] >[0m 
 SAMI3 moments ingest applied after RAIJU realtime pack: 
 /home/jiaoy_group/jiaoy/data/MAGE1.25/kaiju_sami3_voltron_moments_20260523/anal
 ysis/sami3_voltron_raiju_diag_stubpayload_nfluid1_ds_over_B_voltron_tubeshell_l
 _mlt_lon0_bin_bvol_overlap_exclude_lmax_20260526.h5 group=/RaiCplMomentsOnly
 SAMI3 moments Pavg(0) min/max:  0.000000000000000E+000  4.578137400972702E-003
 SAMI3 moments Davg(0) min/max:  0.000000000000000E+000   870.244726562500     
 SAMI3 moments tiote min/max:  0.874962389469147        4.00000000000000     
 SAMI3 moments valid mask counts Pavg/Davg/Pstd/Dstd/tiote:        8100
        8100        8100        8100        8100
 RAIJU Cold starting...
  Real Dst             :   -5.00
  Model Dst            :    7.70
  Target DPS-Dst       :  -12.70
  Hot proton pre-loss  :  -28.73
            post-loss  :  -20.08
         post-rescale  :  -12.70
  Hot electron DPS-Dst :   -5.06
 RAIJU initializing plasmasphere with Kp =   3.00000000000000     
 [36m
 GAMERA
      Time =  1.17E-01 [sec]
        ts =       43
        dt =  1.19E-01 [sec]
    dt/dt0 =   99.907%
    Spent     0.0% of time waiting for Voltron
[0m       CPCP =    2.423   2.423 [kV, N/S]
 [34m
 VOLTRON
      UT   = 2001-06-01 23:00:00
      tilt =    0.000 [deg]
    Sym-H  =   -5.000 [nT]
    BSDst  ~    7.671 [nT]
           dSMRs  ~     0.25   -0.08   -0.09   -0.08 [nT, 12/18/00/06]
   DPSDst  ~   -5.799 [nT]
   Spent     4.6% of time waiting for Gamera
             2.2% of time processing Chimp(Helpers)
             3.1% of time processing IMAG
             2.3% of time processing Remix
             3.7% of time processing Tubes(Helpers)
             0.0% of time writing files
    Running @    2.364% of real-time (8 threads)
[0m  [35m
 RAIJU
      UT   = 2001-06-01 23:00:05
      Time =  5.00E+00 [sec]
     dtCpl =  5.00E+00 [sec]
     Max/Min dt @ k:
        Max    2.554 [min] @ 53
        Min 1.38E-01 [sec] @ 160
     Flav : max Press/Den @ L,MLT; DPS-dst
        0: P =   0.00, D =9075.91 @  1.54 Rp,12.07 MLT; DPS:   0.00
        1: P =   1.03, D =   0.40 @  4.00 Rp,15.69 MLT; DPS:  -2.01
        2: P =   2.67, D =   0.26 @  4.00 Rp,15.51 MLT; DPS:  -5.12
[0m [32m<Writing HDF5 DATA @ t =  1.17E-01 [sec] >[0m 
 Overwriting group 
 sami3_moments_dsB_lmlt_recommended_long1800_exclude_lmax_dens005_tiote.gamCpl.h
 5/Step#1
[32m<Writing RAIJU HDF5 DATA @ t =  5.00E+00 [sec] >[0m 
[32m<Writing HDF5 RESTART @ t =  1.17E-01 [sec] >[0m 
[32m<Writing RAIJU HDF5 RESTART @ t =  5.00E+00 [sec] >[0m 
 [36m
 GAMERA
      Time =  5.01E+00 [sec]
        ts =       83
        dt =  1.25E-01 [sec]
    dt/dt0 =  104.655%
    Spent     0.0% of time waiting for Voltron
      kZCs =   3569.07 /   1018.52 [MHD/TOT] (8 threads)
[0m       CPCP =    3.075   3.076 [kV, N/S]
 [34m
 VOLTRON
      UT   = 2001-06-01 23:00:05
      tilt =    0.000 [deg]
    Sym-H  =   -5.000 [nT]
    BSDst  ~    7.695 [nT]
           dSMRs  ~     0.26   -0.08   -0.09   -0.08 [nT, 12/18/00/06]
   DPSDst  ~   -5.678 [nT]
   Spent     8.8% of time waiting for Gamera
             4.4% of time processing Chimp(Helpers)
             4.1% of time processing IMAG
             4.1% of time processing Remix
             7.5% of time processing Tubes(Helpers)
             0.0% of time writing files
    Running @    4.693% of real-time (8 threads)
[0m  [35m
 RAIJU
      UT   = 2001-06-01 23:00:10
      Time =  1.00E+01 [sec]
     dtCpl =  5.00E+00 [sec]
     Max/Min dt @ k:
        Max    2.703 [min] @ 53
        Min 1.38E-01 [sec] @ 160
     Flav : max Press/Den @ L,MLT; DPS-dst
        0: P =   0.00, D =9075.91 @  1.54 Rp,12.07 MLT; DPS:   0.00
        1: P =   1.00, D =   0.41 @  4.16 Rp,16.22 MLT; DPS:  -1.99
        2: P =   2.67, D =   0.26 @  3.96 Rp,15.47 MLT; DPS:  -5.12
[0m [32m<Writing HDF5 DATA @ t =  5.01E+00 [sec] >[0m 
[32m<Writing RAIJU HDF5 DATA @ t =  1.00E+01 [sec] >[0m 
 [36m
 GAMERA
      Time =  1.00E+01 [sec]
        ts =      123
        dt =  1.27E-01 [sec]
    dt/dt0 =  106.441%
    Spent     0.0% of time waiting for Voltron
      kZCs =   3571.01 /   1007.35 [MHD/TOT] (8 threads)
[0m       CPCP =    3.297   3.298 [kV, N/S]
 [34m
 VOLTRON
      UT   = 2001-06-01 23:00:10
      tilt =    0.000 [deg]
    Sym-H  =   -5.000 [nT]
    BSDst  ~    7.717 [nT]
           dSMRs  ~     0.28   -0.11   -0.06   -0.11 [nT, 12/18/00/06]
   DPSDst  ~   -5.657 [nT]
   Spent    12.3% of time waiting for Gamera
             6.2% of time processing Chimp(Helpers)
             4.9% of time processing IMAG
             5.8% of time processing Remix
            10.6% of time processing Tubes(Helpers)
             0.0% of time writing files
    Running @    7.270% of real-time (8 threads)
[0m  [35m
 RAIJU
      UT   = 2001-06-01 23:00:15
      Time =  1.50E+01 [sec]
     dtCpl =  5.00E+00 [sec]
     Max/Min dt @ k:
        Max    2.661 [min] @ 53
        Min 1.38E-01 [sec] @ 160
     Flav : max Press/Den @ L,MLT; DPS-dst
        0: P =   0.00, D =9075.91 @  1.54 Rp,12.07 MLT; DPS:   0.00
        1: P =   0.98, D =   0.40 @  4.16 Rp,16.22 MLT; DPS:  -1.96
        2: P =   2.68, D =   0.26 @  3.96 Rp,15.46 MLT; DPS:  -5.12
[0m [32m<Writing HDF5 DATA @ t =  1.00E+01 [sec] >[0m 
[32m<Writing RAIJU HDF5 DATA @ t =  1.50E+01 [sec] >[0m 
 [36m
 GAMERA
      Time =  1.50E+01 [sec]
        ts =      162
        dt =  1.28E-01 [sec]
    dt/dt0 =  107.155%
    Spent     0.0% of time waiting for Voltron
      kZCs =   3568.37 /    976.80 [MHD/TOT] (8 threads)
[0m       CPCP =    3.262   3.263 [kV, N/S]
 [34m
 VOLTRON
      UT   = 2001-06-01 23:00:15
      tilt =    0.000 [deg]
    Sym-H  =   -5.000 [nT]
    BSDst  ~    7.702 [nT]
           dSMRs  ~     0.28   -0.11   -0.04   -0.12 [nT, 12/18/00/06]
   DPSDst  ~   -5.636 [nT]
   Spent    15.1% of time waiting for Gamera
             7.8% of time processing Chimp(Helpers)
             5.5% of time processing IMAG
             7.4% of time processing Remix
            13.2% of time processing Tubes(Helpers)
             0.0% of time writing files
    Running @    9.723% of real-time (8 threads)
[0m  [35m
 RAIJU
      UT   = 2001-06-01 23:00:20
      Time =  2.00E+01 [sec]
     dtCpl =  5.00E+00 [sec]
     Max/Min dt @ k:
        Max    2.500 [min] @ 53
        Min 1.38E-01 [sec] @ 160
     Flav : max Press/Den @ L,MLT; DPS-dst
        0: P =   0.00, D =9075.91 @  1.54 Rp,12.07 MLT; DPS:   0.00
        1: P =   0.95, D =   0.39 @  4.21 Rp,16.26 MLT; DPS:  -1.93
        2: P =   2.67, D =   0.26 @  3.96 Rp,15.46 MLT; DPS:  -5.12
[0m [32m<Writing HDF5 DATA @ t =  1.50E+01 [sec] >[0m 
[32m<Writing RAIJU HDF5 DATA @ t =  2.00E+01 [sec] >[0m 
 [36m
 GAMERA
      Time =  2.01E+01 [sec]
        ts =      202
        dt =  1.28E-01 [sec]
    dt/dt0 =  107.571%
    Spent     0.0% of time waiting for Voltron
      kZCs =   3570.58 /    987.57 [MHD/TOT] (8 threads)
[0m       CPCP =    3.131   3.133 [kV, N/S]
 [34m
 VOLTRON
      UT   = 2001-06-01 23:00:20
      tilt =    0.000 [deg]
    Sym-H  =   -5.000 [nT]
    BSDst  ~    7.802 [nT]
           dSMRs  ~     0.27   -0.12   -0.03   -0.13 [nT, 12/18/00/06]
   DPSDst  ~   -5.618 [nT]
   Spent    17.5% of time waiting for Gamera
             9.0% of time processing Chimp(Helpers)
             6.1% of time processing IMAG
             8.9% of time processing Remix
            15.3% of time processing Tubes(Helpers)
             0.0% of time writing files
    Running @   12.085% of real-time (8 threads)
[0m  [35m
 RAIJU
      UT   = 2001-06-01 23:00:25
      Time =  2.50E+01 [sec]
     dtCpl =  5.00E+00 [sec]
     Max/Min dt @ k:
        Max    2.537 [min] @ 53
        Min 1.38E-01 [sec] @ 160
     Flav : max Press/Den @ L,MLT; DPS-dst
        0: P =   0.00, D =9075.91 @  1.54 Rp,12.07 MLT; DPS:   0.00
        1: P =   0.93, D =   0.38 @  4.21 Rp,16.26 MLT; DPS:  -1.91
        2: P =   2.67, D =   0.26 @  3.96 Rp,15.47 MLT; DPS:  -5.12
[0m [32m<Writing HDF5 DATA @ t =  2.01E+01 [sec] >[0m 
[32m<Writing RAIJU HDF5 DATA @ t =  2.50E+01 [sec] >[0m 
 [36m
 GAMERA
      Time =  2.51E+01 [sec]
        ts =      241
        dt =  1.28E-01 [sec]
    dt/dt0 =  107.834%
    Spent     0.0% of time waiting for Voltron
      kZCs =   3567.04 /    966.10 [MHD/TOT] (8 threads)
[0m       CPCP =    2.987   2.990 [kV, N/S]
 [34m
 VOLTRON
      UT   = 2001-06-01 23:00:25
      tilt =    0.000 [deg]
    Sym-H  =   -5.000 [nT]
    BSDst  ~    7.819 [nT]
           dSMRs  ~     0.25   -0.10   -0.05   -0.10 [nT, 12/18/00/06]
   DPSDst  ~   -5.626 [nT]
   Spent    19.5% of time waiting for Gamera
            10.1% of time processing Chimp(Helpers)
             6.5% of time processing IMAG
            10.2% of time processing Remix
            17.0% of time processing Tubes(Helpers)
             0.0% of time writing files
    Running @   14.399% of real-time (8 threads)
[0m  [35m
 RAIJU
      UT   = 2001-06-01 23:00:30
      Time =  3.00E+01 [sec]
     dtCpl =  5.00E+00 [sec]
     Max/Min dt @ k:
        Max    2.418 [min] @ 53
        Min 1.38E-01 [sec] @ 160
     Flav : max Press/Den @ L,MLT; DPS-dst
        0: P =   0.00, D =9075.91 @  1.54 Rp,12.07 MLT; DPS:   0.00
        1: P =   0.90, D =   0.38 @  4.21 Rp,16.27 MLT; DPS:  -1.88
        2: P =   2.66, D =   0.26 @  3.96 Rp,15.47 MLT; DPS:  -5.12
[0m [32m<Writing HDF5 DATA @ t =  2.51E+01 [sec] >[0m 
[32m<Writing RAIJU HDF5 DATA @ t =  3.00E+01 [sec] >[0m 
 [36m
 GAMERA
      Time =  3.01E+01 [sec]
        ts =      280
        dt =  1.29E-01 [sec]
    dt/dt0 =  108.025%
    Spent     0.0% of time waiting for Voltron
      kZCs =   3567.04 /    973.19 [MHD/TOT] (8 threads)
[0m       CPCP =    2.921   2.924 [kV, N/S]
 [34m
 VOLTRON
      UT   = 2001-06-01 23:00:30
      tilt =    0.000 [deg]
    Sym-H  =   -5.000 [nT]
    BSDst  ~    7.689 [nT]
           dSMRs  ~     0.24   -0.11   -0.03   -0.11 [nT, 12/18/00/06]
   DPSDst  ~   -5.597 [nT]
   Spent    21.1% of time waiting for Gamera
            11.0% of time processing Chimp(Helpers)
             6.9% of time processing IMAG
            11.3% of time processing Remix
            18.6% of time processing Tubes(Helpers)
             0.0% of time writing files
    Running @   16.604% of real-time (8 threads)
[0m  [35m
 RAIJU
      UT   = 2001-06-01 23:00:35
      Time =  3.50E+01 [sec]
     dtCpl =  5.00E+00 [sec]
     Max/Min dt @ k:
        Max    2.358 [min] @ 53
        Min 1.38E-01 [sec] @ 160
     Flav : max Press/Den @ L,MLT; DPS-dst
        0: P =   0.00, D =9075.91 @  1.54 Rp,12.07 MLT; DPS:   0.00
        1: P =   0.88, D =   0.37 @  4.21 Rp, 9.00 MLT; DPS:  -1.86
        2: P =   2.66, D =   0.26 @  3.96 Rp,15.47 MLT; DPS:  -5.13
[0m [32m<Writing HDF5 DATA @ t =  3.01E+01 [sec] >[0m 
[32m<Writing RAIJU HDF5 DATA @ t =  3.50E+01 [sec] >[0m 
 [36m
 GAMERA
      Time =  3.50E+01 [sec]
        ts =      318
        dt =  1.29E-01 [sec]
    dt/dt0 =  108.147%
    Spent     0.0% of time waiting for Voltron
      kZCs =   3568.54 /    957.65 [MHD/TOT] (8 threads)
[0m       CPCP =    2.831   2.839 [kV, N/S]
 [34m
 VOLTRON
      UT   = 2001-06-01 23:00:35
      tilt =    0.000 [deg]
    Sym-H  =   -5.000 [nT]
    BSDst  ~    7.511 [nT]
           dSMRs  ~     0.28   -0.12   -0.04   -0.12 [nT, 12/18/00/06]
   DPSDst  ~   -5.551 [nT]
   Spent    22.5% of time waiting for Gamera
            11.8% of time processing Chimp(Helpers)
             7.2% of time processing IMAG
            12.3% of time processing Remix
            19.9% of time processing Tubes(Helpers)
             0.0% of time writing files
    Running @   18.714% of real-time (8 threads)
[0m  [35m
 RAIJU
      UT   = 2001-06-01 23:00:40
      Time =  4.00E+01 [sec]
     dtCpl =  5.00E+00 [sec]
     Max/Min dt @ k:
        Max    2.214 [min] @ 54
        Min 1.38E-01 [sec] @ 160
     Flav : max Press/Den @ L,MLT; DPS-dst
        0: P =   0.00, D =9075.91 @  1.54 Rp,12.07 MLT; DPS:   0.00
        1: P =   0.86, D =   0.36 @  4.21 Rp, 9.13 MLT; DPS:  -1.83
        2: P =   2.66, D =   0.26 @  3.96 Rp,15.47 MLT; DPS:  -5.12
[0m [32m<Writing HDF5 DATA @ t =  3.50E+01 [sec] >[0m 
[32m<Writing RAIJU HDF5 DATA @ t =  4.00E+01 [sec] >[0m 
 [36m
 GAMERA
      Time =  4.00E+01 [sec]
        ts =      357
        dt =  1.29E-01 [sec]
    dt/dt0 =  108.236%
    Spent     0.0% of time waiting for Voltron
      kZCs =   3571.25 /    979.74 [MHD/TOT] (8 threads)
[0m       CPCP =    2.766   2.765 [kV, N/S]
 [34m
 VOLTRON
      UT   = 2001-06-01 23:00:40
      tilt =    0.000 [deg]
    Sym-H  =   -5.000 [nT]
    BSDst  ~    7.377 [nT]
           dSMRs  ~     0.30   -0.13   -0.05   -0.12 [nT, 12/18/00/06]
   DPSDst  ~   -5.550 [nT]
   Spent    23.8% of time waiting for Gamera
            12.5% of time processing Chimp(Helpers)
             7.5% of time processing IMAG
            13.0% of time processing Remix
            20.9% of time processing Tubes(Helpers)
             0.0% of time writing files
    Running @   20.834% of real-time (8 threads)
[0m  [35m
 RAIJU
      UT   = 2001-06-01 23:00:45
      Time =  4.50E+01 [sec]
     dtCpl =  5.00E+00 [sec]
     Max/Min dt @ k:
        Max    2.150 [min] @ 54
        Min 1.38E-01 [sec] @ 160
     Flav : max Press/Den @ L,MLT; DPS-dst
        0: P =   0.00, D =9075.91 @  1.54 Rp,12.07 MLT; DPS:   0.00
        1: P =   0.84, D =   0.36 @  4.21 Rp, 9.00 MLT; DPS:  -1.82
        2: P =   2.66, D =   0.26 @  3.96 Rp,15.47 MLT; DPS:  -5.14
[0m [32m<Writing HDF5 DATA @ t =  4.00E+01 [sec] >[0m 
[32m<Writing RAIJU HDF5 DATA @ t =  4.50E+01 [sec] >[0m 
 [36m
 GAMERA
      Time =  4.51E+01 [sec]
        ts =      396
        dt =  1.29E-01 [sec]
    dt/dt0 =  108.034%
    Spent     0.0% of time waiting for Voltron
      kZCs =   3571.69 /    982.91 [MHD/TOT] (8 threads)
[0m       CPCP =    2.878   2.867 [kV, N/S]
 [34m
 VOLTRON
      UT   = 2001-06-01 23:00:45
      tilt =    0.000 [deg]
    Sym-H  =   -5.000 [nT]
    BSDst  ~    7.271 [nT]
           dSMRs  ~     0.28   -0.13   -0.04   -0.12 [nT, 12/18/00/06]
   DPSDst  ~   -5.547 [nT]
   Spent    24.8% of time waiting for Gamera
            13.0% of time processing Chimp(Helpers)
             7.7% of time processing IMAG
            13.6% of time processing Remix
            21.8% of time processing Tubes(Helpers)
             0.0% of time writing files
    Running @   22.894% of real-time (8 threads)
[0m  [35m
 RAIJU
      UT   = 2001-06-01 23:00:50
      Time =  5.00E+01 [sec]
     dtCpl =  5.00E+00 [sec]
     Max/Min dt @ k:
        Max    1.862 [min] @ 54
        Min 1.38E-01 [sec] @ 160
     Flav : max Press/Den @ L,MLT; DPS-dst
        0: P =   0.00, D =9075.91 @  1.54 Rp,12.07 MLT; DPS:   0.00
        1: P =   0.81, D =   0.35 @  4.21 Rp, 9.13 MLT; DPS:  -1.80
        2: P =   2.65, D =   0.26 @  3.96 Rp,15.47 MLT; DPS:  -5.15
[0m [32m<Writing HDF5 DATA @ t =  4.51E+01 [sec] >[0m 
[32m<Writing RAIJU HDF5 DATA @ t =  5.00E+01 [sec] >[0m 
 [36m
 GAMERA
      Time =  5.00E+01 [sec]
        ts =      435
        dt =  1.26E-01 [sec]
    dt/dt0 =  105.495%
    Spent     0.0% of time waiting for Voltron
      kZCs =   3571.25 /    981.88 [MHD/TOT] (8 threads)
[0m       CPCP =    2.962   2.948 [kV, N/S]
 [34m
 VOLTRON
      UT   = 2001-06-01 23:00:50
      tilt =    0.000 [deg]
    Sym-H  =   -5.000 [nT]
    BSDst  ~    7.107 [nT]
           dSMRs  ~     0.27   -0.12   -0.02   -0.12 [nT, 12/18/00/06]
   DPSDst  ~   -5.536 [nT]
   Spent    25.7% of time waiting for Gamera
            13.5% of time processing Chimp(Helpers)
             7.9% of time processing IMAG
            14.2% of time processing Remix
            22.6% of time processing Tubes(Helpers)
             0.0% of time writing files
    Running @   24.852% of real-time (8 threads)
[0m  [35m
 RAIJU
      UT   = 2001-06-01 23:00:55
      Time =  5.50E+01 [sec]
     dtCpl =  5.00E+00 [sec]
     Max/Min dt @ k:
        Max    1.745 [min] @ 54
        Min 1.38E-01 [sec] @ 160
     Flav : max Press/Den @ L,MLT; DPS-dst
        0: P =   0.00, D =9075.91 @  1.54 Rp,12.07 MLT; DPS:   0.00
        1: P =   0.79, D =   0.34 @  4.21 Rp,14.87 MLT; DPS:  -1.79
        2: P =   2.65, D =   0.25 @  3.96 Rp,15.47 MLT; DPS:  -5.17
[0m [32m<Writing HDF5 DATA @ t =  5.00E+01 [sec] >[0m 
[32m<Writing RAIJU HDF5 DATA @ t =  5.50E+01 [sec] >[0m 
 [36m
 GAMERA
      Time =  5.51E+01 [sec]
        ts =      476
        dt =  1.22E-01 [sec]
    dt/dt0 =  102.832%
    Spent     0.0% of time waiting for Voltron
      kZCs =   3569.94 /   1020.30 [MHD/TOT] (8 threads)
[0m       CPCP =    3.235   3.210 [kV, N/S]
 [34m
 VOLTRON
      UT   = 2001-06-01 23:00:55
      tilt =    0.000 [deg]
    Sym-H  =   -5.000 [nT]
    BSDst  ~    6.892 [nT]
           dSMRs  ~     0.25   -0.13    0.00   -0.12 [nT, 12/18/00/06]
   DPSDst  ~   -5.533 [nT]
   Spent    26.7% of time waiting for Gamera
            13.9% of time processing Chimp(Helpers)
             8.1% of time processing IMAG
            14.6% of time processing Remix
            23.2% of time processing Tubes(Helpers)
             0.0% of time writing files
    Running @   26.778% of real-time (8 threads)
[0m  [35m
 RAIJU
      UT   = 2001-06-01 23:00:59
      Time =  6.00E+01 [sec]
     dtCpl =  5.00E+00 [sec]
     Max/Min dt @ k:
        Max    1.718 [min] @ 54
        Min 1.38E-01 [sec] @ 160
     Flav : max Press/Den @ L,MLT; DPS-dst
        0: P =   0.00, D =9075.91 @  1.54 Rp,12.07 MLT; DPS:   0.00
        1: P =   0.77, D =   0.34 @  4.21 Rp,15.14 MLT; DPS:  -1.77
        2: P =   2.64, D =   0.25 @  3.96 Rp,15.47 MLT; DPS:  -5.18
[0m [32m<Writing HDF5 DATA @ t =  5.51E+01 [sec] >[0m 
[32m<Writing RAIJU HDF5 DATA @ t =  6.00E+01 [sec] >[0m 
 [36m
 GAMERA
      Time =     1.002 [min]
        ts =      517
        dt =  1.21E-01 [sec]
    dt/dt0 =  101.341%
    Spent     0.0% of time waiting for Voltron
      kZCs =   3571.84 /   1022.96 [MHD/TOT] (8 threads)
[0m       CPCP =    3.268   3.247 [kV, N/S]
 [34m
 VOLTRON
      UT   = 2001-06-01 23:01:00
      tilt =    0.000 [deg]
    Sym-H  =   -5.000 [nT]
    BSDst  ~    6.667 [nT]
           dSMRs  ~     0.25   -0.13    0.01   -0.13 [nT, 12/18/00/06]
   DPSDst  ~   -5.528 [nT]
   Spent    27.5% of time waiting for Gamera
            14.2% of time processing Chimp(Helpers)
             8.2% of time processing IMAG
            14.9% of time processing Remix
            23.6% of time processing Tubes(Helpers)
             0.0% of time writing files
    Running @   28.615% of real-time (8 threads)
[0m  [35m
 RAIJU
      UT   = 2001-06-01 23:01:05
      Time =     1.083 [min]
     dtCpl =  5.00E+00 [sec]
     Max/Min dt @ k:
        Max    1.662 [min] @ 54
        Min 1.38E-01 [sec] @ 160
     Flav : max Press/Den @ L,MLT; DPS-dst
        0: P =   0.00, D =9075.91 @  1.54 Rp,12.07 MLT; DPS:   0.00
        1: P =   0.75, D =   0.33 @  4.21 Rp,15.13 MLT; DPS:  -1.76
        2: P =   2.64, D =   0.25 @  3.96 Rp,15.40 MLT; DPS:  -5.19
[0m [32m<Writing HDF5 DATA @ t =     1.002 [min] >[0m 
[32m<Writing RAIJU HDF5 DATA @ t =     1.083 [min] >[0m 
 [36m
 GAMERA
      Time =     1.084 [min]
        ts =      558
        dt =  1.21E-01 [sec]
    dt/dt0 =  101.457%
    Spent     0.0% of time waiting for Voltron
      kZCs =   3571.63 /   1029.77 [MHD/TOT] (8 threads)
[0m       CPCP =    3.489   3.468 [kV, N/S]
 [34m
 VOLTRON
      UT   = 2001-06-01 23:01:05
      tilt =    0.000 [deg]
    Sym-H  =   -5.000 [nT]
    BSDst  ~    6.467 [nT]
           dSMRs  ~     0.25   -0.14    0.03   -0.14 [nT, 12/18/00/06]
   DPSDst  ~   -5.514 [nT]
   Spent    28.2% of time waiting for Gamera
            14.4% of time processing Chimp(Helpers)
             8.3% of time processing IMAG
            15.2% of time processing Remix
            24.0% of time processing Tubes(Helpers)
             0.0% of time writing files
    Running @   30.385% of real-time (8 threads)
[0m  [35m
 RAIJU
      UT   = 2001-06-01 23:01:10
      Time =     1.167 [min]
     dtCpl =  5.00E+00 [sec]
     Max/Min dt @ k:
        Max    1.703 [min] @ 54
        Min 1.38E-01 [sec] @ 160
     Flav : max Press/Den @ L,MLT; DPS-dst
        0: P =   0.00, D =9075.91 @  1.54 Rp,12.07 MLT; DPS:   0.00
        1: P =   0.74, D =   0.32 @  4.21 Rp,23.00 MLT; DPS:  -1.74
        2: P =   2.64, D =   0.25 @  3.96 Rp,15.40 MLT; DPS:  -5.20
[0m [32m<Writing HDF5 DATA @ t =     1.084 [min] >[0m 
[32m<Writing RAIJU HDF5 DATA @ t =     1.167 [min] >[0m 
 [36m
 GAMERA
      Time =     1.167 [min]
        ts =      599
        dt =  1.22E-01 [sec]
    dt/dt0 =  102.218%
    Spent     0.0% of time waiting for Voltron
      kZCs =   3575.85 /   1029.26 [MHD/TOT] (8 threads)
[0m       CPCP =    3.732   3.671 [kV, N/S]
 [34m
 VOLTRON
      UT   = 2001-06-01 23:01:10
      tilt =    0.000 [deg]
    Sym-H  =   -5.000 [nT]
    BSDst  ~    6.296 [nT]
           dSMRs  ~     0.25   -0.13    0.01   -0.13 [nT, 12/18/00/06]
   DPSDst  ~   -5.508 [nT]
   Spent    28.8% of time waiting for Gamera
            14.7% of time processing Chimp(Helpers)
             8.5% of time processing IMAG
            15.4% of time processing Remix
            24.3% of time processing Tubes(Helpers)
             0.0% of time writing files
    Running @   32.122% of real-time (8 threads)
[0m  [35m
 RAIJU
      UT   = 2001-06-01 23:01:15
      Time =     1.250 [min]
     dtCpl =  5.00E+00 [sec]
     Max/Min dt @ k:
        Max    1.736 [min] @ 54
        Min 1.38E-01 [sec] @ 160
     Flav : max Press/Den @ L,MLT; DPS-dst
        0: P =   0.00, D =9075.91 @  1.54 Rp,12.07 MLT; DPS:   0.00
        1: P =   0.72, D =   0.32 @  4.21 Rp, 1.00 MLT; DPS:  -1.73
        2: P =   2.64, D =   0.25 @  3.96 Rp,15.40 MLT; DPS:  -5.22
[0m [32m<Writing HDF5 DATA @ t =     1.167 [min] >[0m 
[32m<Writing RAIJU HDF5 DATA @ t =     1.250 [min] >[0m 
 [36m
 GAMERA
      Time =     1.252 [min]
        ts =      641
        dt =  1.21E-01 [sec]
    dt/dt0 =  101.681%
    Spent     0.0% of time waiting for Voltron
      kZCs =   3569.33 /   1050.42 [MHD/TOT] (8 threads)
[0m       CPCP =    3.828   3.738 [kV, N/S]
 [34m
 VOLTRON
      UT   = 2001-06-01 23:01:15
      tilt =    0.000 [deg]
    Sym-H  =   -5.000 [nT]
    BSDst  ~    6.156 [nT]
           dSMRs  ~     0.26   -0.13   -0.00   -0.13 [nT, 12/18/00/06]
   DPSDst  ~   -5.508 [nT]
   Spent    29.4% of time waiting for Gamera
            14.8% of time processing Chimp(Helpers)
             8.5% of time processing IMAG
            15.5% of time processing Remix
            24.5% of time processing Tubes(Helpers)
             0.0% of time writing files
    Running @   33.855% of real-time (8 threads)
[0m  [35m
 RAIJU
      UT   = 2001-06-01 23:01:20
      Time =     1.333 [min]
     dtCpl =  5.00E+00 [sec]
     Max/Min dt @ k:
        Max    1.735 [min] @ 54
        Min 1.38E-01 [sec] @ 160
     Flav : max Press/Den @ L,MLT; DPS-dst
        0: P =   0.00, D =9075.91 @  1.54 Rp,12.07 MLT; DPS:   0.00
        1: P =   0.70, D =   0.31 @  4.21 Rp,21.00 MLT; DPS:  -1.72
        2: P =   2.63, D =   0.25 @  3.97 Rp, 0.20 MLT; DPS:  -5.23
[0m [32m<Writing HDF5 DATA @ t =     1.252 [min] >[0m 
[32m<Writing RAIJU HDF5 DATA @ t =     1.333 [min] >[0m 
 [36m
 GAMERA
      Time =     1.334 [min]
        ts =      682
        dt =  1.21E-01 [sec]
    dt/dt0 =  101.605%
    Spent     0.0% of time waiting for Voltron
      kZCs =   3573.32 /   1036.41 [MHD/TOT] (8 threads)
[0m       CPCP =    3.940   3.840 [kV, N/S]
 [34m
 VOLTRON
      UT   = 2001-06-01 23:01:20
      tilt =    0.000 [deg]
    Sym-H  =   -5.000 [nT]
    BSDst  ~    6.057 [nT]
           dSMRs  ~     0.26   -0.13    0.01   -0.13 [nT, 12/18/00/06]
   DPSDst  ~   -5.511 [nT]
   Spent    29.9% of time waiting for Gamera
            15.0% of time processing Chimp(Helpers)
             8.6% of time processing IMAG
            15.6% of time processing Remix
            24.7% of time processing Tubes(Helpers)
             0.0% of time writing files
    Running @   35.465% of real-time (8 threads)
[0m  [35m
 RAIJU
      UT   = 2001-06-01 23:01:25
      Time =     1.417 [min]
     dtCpl =  5.00E+00 [sec]
     Max/Min dt @ k:
        Max    1.672 [min] @ 54
        Min 1.38E-01 [sec] @ 160
     Flav : max Press/Den @ L,MLT; DPS-dst
        0: P =   0.00, D =9075.91 @  1.54 Rp,12.07 MLT; DPS:   0.00
        1: P =   0.70, D =   0.31 @  4.21 Rp,11.80 MLT; DPS:  -1.71
        2: P =   2.66, D =   0.27 @  4.21 Rp,12.20 MLT; DPS:  -5.25
[0m [32m<Writing HDF5 DATA @ t =     1.334 [min] >[0m 
[32m<Writing RAIJU HDF5 DATA @ t =     1.417 [min] >[0m 
 [36m
 GAMERA
      Time =     1.417 [min]
        ts =      723
        dt =  1.20E-01 [sec]
    dt/dt0 =  101.146%
    Spent     0.0% of time waiting for Voltron
      kZCs =   3576.49 /   1036.80 [MHD/TOT] (8 threads)
[0m       CPCP =    4.036   4.045 [kV, N/S]
 [34m
 VOLTRON
      UT   = 2001-06-01 23:01:25
      tilt =    0.000 [deg]
    Sym-H  =   -5.000 [nT]
    BSDst  ~    5.913 [nT]
           dSMRs  ~     0.17   -0.10    0.04   -0.10 [nT, 12/18/00/06]
   DPSDst  ~   -5.511 [nT]
   Spent    30.3% of time waiting for Gamera
            15.2% of time processing Chimp(Helpers)
             8.7% of time processing IMAG
            15.7% of time processing Remix
            25.0% of time processing Tubes(Helpers)
             0.0% of time writing files
    Running @   37.032% of real-time (8 threads)
[0m  [35m
 RAIJU
      UT   = 2001-06-01 23:01:30
      Time =     1.500 [min]
     dtCpl =  5.00E+00 [sec]
     Max/Min dt @ k:
        Max    1.616 [min] @ 54
        Min 1.38E-01 [sec] @ 160
     Flav : max Press/Den @ L,MLT; DPS-dst
        0: P =   0.00, D =9075.91 @  1.54 Rp,12.07 MLT; DPS:   0.00
        1: P =   0.70, D =   0.31 @  4.20 Rp,11.80 MLT; DPS:  -1.69
        2: P =   2.74, D =   0.28 @  4.19 Rp,12.47 MLT; DPS:  -5.26
[0m [32m<Writing HDF5 DATA @ t =     1.417 [min] >[0m 
[32m<Writing RAIJU HDF5 DATA @ t =     1.500 [min] >[0m 
 [36m
 GAMERA
      Time =     1.501 [min]
        ts =      765
        dt =  1.17E-01 [sec]
    dt/dt0 =   98.222%
    Spent     0.0% of time waiting for Voltron
      kZCs =   3575.10 /   1055.88 [MHD/TOT] (8 threads)
[0m       CPCP =    4.236   4.261 [kV, N/S]
 [34m
 VOLTRON
      UT   = 2001-06-01 23:01:30
      tilt =    0.000 [deg]
    Sym-H  =   -5.000 [nT]
    BSDst  ~    6.314 [nT]
           dSMRs  ~     0.74   -0.24   -0.25   -0.24 [nT, 12/18/00/06]
   DPSDst  ~   -5.511 [nT]
   Spent    30.7% of time waiting for Gamera
            15.3% of time processing Chimp(Helpers)
             8.8% of time processing IMAG
            15.8% of time processing Remix
            25.1% of time processing Tubes(Helpers)
             0.0% of time writing files
    Running @   38.549% of real-time (8 threads)
[0m  [35m
 RAIJU
      UT   = 2001-06-01 23:01:35
      Time =     1.583 [min]
     dtCpl =  5.00E+00 [sec]
     Max/Min dt @ k:
        Max    1.533 [min] @ 54
        Min 1.38E-01 [sec] @ 160
     Flav : max Press/Den @ L,MLT; DPS-dst
        0: P =   0.00, D =9075.91 @  1.54 Rp,12.07 MLT; DPS:   0.00
        1: P =   0.69, D =   0.31 @  4.18 Rp,11.53 MLT; DPS:  -1.68
        2: P =   2.79, D =   0.28 @  4.18 Rp,12.47 MLT; DPS:  -5.28
[0m [32m<Writing HDF5 DATA @ t =     1.501 [min] >[0m 
[32m<Writing RAIJU HDF5 DATA @ t =     1.583 [min] >[0m 
 [36m
 GAMERA
      Time =     1.584 [min]
        ts =      809
        dt =  1.11E-01 [sec]
    dt/dt0 =   93.034%
    Spent     0.0% of time waiting for Voltron
      kZCs =   3572.92 /   1099.19 [MHD/TOT] (8 threads)
[0m       CPCP =    4.575   4.423 [kV, N/S]
 [34m
 VOLTRON
      UT   = 2001-06-01 23:01:35
      tilt =    0.000 [deg]
    Sym-H  =   -5.000 [nT]
    BSDst  ~    7.970 [nT]
           dSMRs  ~     2.27   -0.58   -1.10   -0.58 [nT, 12/18/00/06]
   DPSDst  ~   -5.502 [nT]
   Spent    31.3% of time waiting for Gamera
            15.4% of time processing Chimp(Helpers)
             8.8% of time processing IMAG
            15.6% of time processing Remix
            25.2% of time processing Tubes(Helpers)
             0.0% of time writing files
    Running @   40.018% of real-time (8 threads)
[0m  [35m
 RAIJU
      UT   = 2001-06-01 23:01:40
      Time =     1.667 [min]
     dtCpl =  5.00E+00 [sec]
     Max/Min dt @ k:
        Max    1.425 [min] @ 54
        Min 1.38E-01 [sec] @ 160
     Flav : max Press/Den @ L,MLT; DPS-dst
        0: P =   0.00, D =9075.91 @  1.54 Rp,12.07 MLT; DPS:   0.00
        1: P =   0.67, D =   0.30 @  4.18 Rp,11.39 MLT; DPS:  -1.67
        2: P =   2.79, D =   0.28 @  4.18 Rp,12.61 MLT; DPS:  -5.29
[0m [32m<Writing HDF5 DATA @ t =     1.584 [min] >[0m 
[32m<Writing RAIJU HDF5 DATA @ t =     1.667 [min] >[0m 
 [36m
 GAMERA
      Time =     1.667 [min]
        ts =      855
        dt =  1.06E-01 [sec]
    dt/dt0 =   88.980%
    Spent     0.0% of time waiting for Voltron
      kZCs =   3572.81 /   1116.04 [MHD/TOT] (8 threads)
[0m       CPCP =    7.124   7.137 [kV, N/S]
 [34m
 VOLTRON
      UT   = 2001-06-01 23:01:40
      tilt =    0.000 [deg]
    Sym-H  =   -5.000 [nT]
    BSDst  ~    9.782 [nT]
           dSMRs  ~     3.22   -0.68   -1.84   -0.70 [nT, 12/18/00/06]
   DPSDst  ~   -5.482 [nT]
   Spent    31.8% of time waiting for Gamera
            15.4% of time processing Chimp(Helpers)
             8.8% of time processing IMAG
            15.7% of time processing Remix
            25.1% of time processing Tubes(Helpers)
             0.0% of time writing files
    Running @   41.303% of real-time (8 threads)
[0m  [35m
 RAIJU
      UT   = 2001-06-01 23:01:45
      Time =     1.750 [min]
     dtCpl =  5.00E+00 [sec]
     Max/Min dt @ k:
        Max    1.338 [min] @ 55
        Min 1.38E-01 [sec] @ 160
     Flav : max Press/Den @ L,MLT; DPS-dst
        0: P =   0.00, D =9075.91 @  1.54 Rp,12.07 MLT; DPS:   0.00
        1: P =   0.66, D =   0.29 @  4.18 Rp,11.40 MLT; DPS:  -1.65
        2: P =   2.78, D =   0.28 @  4.18 Rp,10.19 MLT; DPS:  -5.28
[0m [32m<Writing HDF5 DATA @ t =     1.667 [min] >[0m 
[32m<Writing RAIJU HDF5 DATA @ t =     1.750 [min] >[0m 
 [36m
 GAMERA
      Time =     1.750 [min]
        ts =      903
        dt =  1.02E-01 [sec]
    dt/dt0 =   86.077%
    Spent     0.0% of time waiting for Voltron
      kZCs =   3572.71 /   1146.57 [MHD/TOT] (8 threads)
[0m       CPCP =   12.350  12.392 [kV, N/S]
 [34m
 VOLTRON
      UT   = 2001-06-01 23:01:45
      tilt =    0.000 [deg]
    Sym-H  =   -5.000 [nT]
    BSDst  ~   10.722 [nT]
           dSMRs  ~     3.06   -0.51   -2.02   -0.53 [nT, 12/18/00/06]
   DPSDst  ~   -5.461 [nT]
   Spent    32.4% of time waiting for Gamera
            15.3% of time processing Chimp(Helpers)
             8.8% of time processing IMAG
            15.7% of time processing Remix
            25.0% of time processing Tubes(Helpers)
             0.0% of time writing files
    Running @   42.566% of real-time (8 threads)
[0m  [35m
 RAIJU
      UT   = 2001-06-01 23:01:50
      Time =     1.833 [min]
     dtCpl =  5.00E+00 [sec]
     Max/Min dt @ k:
        Max    1.248 [min] @ 55
        Min 1.38E-01 [sec] @ 160
     Flav : max Press/Den @ L,MLT; DPS-dst
        0: P =   0.00, D =9075.91 @  1.54 Rp,12.07 MLT; DPS:   0.00
        1: P =   0.64, D =   0.29 @  4.19 Rp,11.40 MLT; DPS:  -1.63
        2: P =   2.78, D =   0.28 @  4.18 Rp,10.19 MLT; DPS:  -5.27
[0m [32m<Writing HDF5 DATA @ t =     1.750 [min] >[0m 
[32m<Writing RAIJU HDF5 DATA @ t =     1.833 [min] >[0m 
 [36m
 GAMERA
      Time =     1.834 [min]
        ts =      953
        dt =  9.91E-02 [sec]
    dt/dt0 =   83.234%
    Spent     0.0% of time waiting for Voltron
      kZCs =   3575.04 /   1178.37 [MHD/TOT] (8 threads)
[0m       CPCP =   18.198  18.382 [kV, N/S]
 [34m
 VOLTRON
      UT   = 2001-06-01 23:01:50
      tilt =    0.000 [deg]
    Sym-H  =   -5.000 [nT]
    BSDst  ~   10.876 [nT]
           dSMRs  ~     2.46   -0.29   -1.85   -0.32 [nT, 12/18/00/06]
   DPSDst  ~   -5.466 [nT]
   Spent    33.1% of time waiting for Gamera
            15.3% of time processing Chimp(Helpers)
             8.7% of time processing IMAG
            15.6% of time processing Remix
            24.9% of time processing Tubes(Helpers)
             0.0% of time writing files
    Running @   43.746% of real-time (8 threads)
[0m  [35m
 RAIJU
      UT   = 2001-06-01 23:01:55
      Time =     1.917 [min]
     dtCpl =  5.00E+00 [sec]
     Max/Min dt @ k:
        Max 5.82E+01 [sec] @ 55
        Min 1.38E-01 [sec] @ 160
     Flav : max Press/Den @ L,MLT; DPS-dst
        0: P =   0.00, D =9075.91 @  1.54 Rp,12.07 MLT; DPS:   0.00
        1: P =   0.62, D =   0.28 @  4.19 Rp,11.40 MLT; DPS:  -1.61
        2: P =   2.77, D =   0.28 @  4.18 Rp,10.19 MLT; DPS:  -5.27
[0m [32m<Writing HDF5 DATA @ t =     1.834 [min] >[0m 
[32m<Writing RAIJU HDF5 DATA @ t =     1.917 [min] >[0m 
 [36m
 GAMERA
      Time =     1.918 [min]
        ts =     1004
        dt =  9.69E-02 [sec]
    dt/dt0 =   81.386%
    Spent     0.0% of time waiting for Voltron
      kZCs =   3574.44 /   1190.61 [MHD/TOT] (8 threads)
[0m       CPCP =   24.981  25.228 [kV, N/S]
 [34m
 VOLTRON
      UT   = 2001-06-01 23:01:55
      tilt =    0.000 [deg]
    Sym-H  =   -5.000 [nT]
    BSDst  ~   10.522 [nT]
           dSMRs  ~     1.85   -0.14   -1.54   -0.17 [nT, 12/18/00/06]
   DPSDst  ~   -5.466 [nT]
   Spent    33.7% of time waiting for Gamera
            15.2% of time processing Chimp(Helpers)
             8.7% of time processing IMAG
            15.6% of time processing Remix
            24.7% of time processing Tubes(Helpers)
             0.0% of time writing files
    Running @   44.867% of real-time (8 threads)
[0m  [35m
 RAIJU
      UT   = 2001-06-01 23:01:59
      Time =     2.000 [min]
     dtCpl =  5.00E+00 [sec]
     Max/Min dt @ k:
        Max 4.36E+01 [sec] @ 56
        Min 1.38E-01 [sec] @ 160
     Flav : max Press/Den @ L,MLT; DPS-dst
        0: P =   0.00, D =9075.91 @  1.54 Rp,12.07 MLT; DPS:   0.00
        1: P =   0.60, D =   0.27 @  4.18 Rp,15.48 MLT; DPS:  -1.60
        2: P =   2.75, D =   0.28 @  4.18 Rp, 8.52 MLT; DPS:  -5.26
[0m [32m<Writing HDF5 DATA @ t =     1.918 [min] >[0m 
[32m<Writing RAIJU HDF5 DATA @ t =     2.000 [min] >[0m 
 [36m
 GAMERA
      Time =     2.000 [min]
        ts =     1056
        dt =  9.32E-02 [sec]
    dt/dt0 =   78.283%
    Spent     0.0% of time waiting for Voltron
      kZCs =   3573.19 /   1204.97 [MHD/TOT] (8 threads)
[0m       CPCP =   29.233  29.507 [kV, N/S]
 [34m
 VOLTRON
      UT   = 2001-06-01 23:02:00
      tilt =    0.000 [deg]
    Sym-H  =   -5.000 [nT]
    BSDst  ~    9.940 [nT]
           dSMRs  ~     1.43   -0.09   -1.21   -0.13 [nT, 12/18/00/06]
   DPSDst  ~   -5.428 [nT]
   Spent    34.3% of time waiting for Gamera
            15.1% of time processing Chimp(Helpers)
             8.7% of time processing IMAG
            15.6% of time processing Remix
            24.6% of time processing Tubes(Helpers)
             0.0% of time writing files
    Running @   45.890% of real-time (8 threads)
[0m  [35m
 RAIJU
      UT   = 2001-06-01 23:02:05
      Time =     2.083 [min]
     dtCpl =  5.00E+00 [sec]
     Max/Min dt @ k:
        Max 3.54E+01 [sec] @ 57
        Min 1.38E-01 [sec] @ 160
     Flav : max Press/Den @ L,MLT; DPS-dst
        0: P =   0.00, D =9075.91 @  1.54 Rp,12.07 MLT; DPS:   0.00
        1: P =   0.58, D =   0.27 @  4.19 Rp,15.48 MLT; DPS:  -1.57
        2: P =   2.73, D =   0.27 @  4.19 Rp, 8.52 MLT; DPS:  -5.24
[0m [32m<Writing HDF5 DATA @ t =     2.000 [min] >[0m 
[32m<Writing RAIJU HDF5 DATA @ t =     2.083 [min] >[0m 
 [36m
 GAMERA
      Time =     2.085 [min]
        ts =     1111
        dt =  9.18E-02 [sec]
    dt/dt0 =   77.125%
    Spent     0.0% of time waiting for Voltron
      kZCs =   3571.31 /   1246.09 [MHD/TOT] (8 threads)
[0m       CPCP =   32.119  32.452 [kV, N/S]
 [34m
 VOLTRON
      UT   = 2001-06-01 23:02:05
      tilt =    0.000 [deg]
    Sym-H  =   -5.000 [nT]
    BSDst  ~    9.274 [nT]
           dSMRs  ~     1.18   -0.11   -0.92   -0.15 [nT, 12/18/00/06]
   DPSDst  ~   -5.390 [nT]
   Spent    35.0% of time waiting for Gamera
            15.0% of time processing Chimp(Helpers)
             8.6% of time processing IMAG
            15.5% of time processing Remix
            24.4% of time processing Tubes(Helpers)
             0.0% of time writing files
    Running @   46.884% of real-time (8 threads)
[0m  [35m
 RAIJU
      UT   = 2001-06-01 23:02:10
      Time =     2.167 [min]
     dtCpl =  5.00E+00 [sec]
     Max/Min dt @ k:
        Max 3.42E+01 [sec] @ 57
        Min 1.38E-01 [sec] @ 160
     Flav : max Press/Den @ L,MLT; DPS-dst
        0: P =   0.00, D =9075.91 @  1.54 Rp,12.07 MLT; DPS:   0.00
        1: P =   0.57, D =   0.26 @  4.19 Rp,15.47 MLT; DPS:  -1.55
        2: P =   2.71, D =   0.27 @  4.19 Rp, 8.53 MLT; DPS:  -5.23
[0m [32m<Writing HDF5 DATA @ t =     2.085 [min] >[0m 
[32m<Writing RAIJU HDF5 DATA @ t =     2.167 [min] >[0m 
 [36m
 GAMERA
      Time =     2.167 [min]
        ts =     1165
        dt =  9.07E-02 [sec]
    dt/dt0 =   76.164%
    Spent     0.0% of time waiting for Voltron
      kZCs =   3571.16 /   1231.56 [MHD/TOT] (8 threads)
[0m       CPCP =   34.639  34.960 [kV, N/S]
 [34m
 VOLTRON
      UT   = 2001-06-01 23:02:10
      tilt =    0.000 [deg]
    Sym-H  =   -5.000 [nT]
    BSDst  ~    8.599 [nT]
           dSMRs  ~     1.05   -0.12   -0.75   -0.17 [nT, 12/18/00/06]
   DPSDst  ~   -5.365 [nT]
   Spent    35.6% of time waiting for Gamera
            14.9% of time processing Chimp(Helpers)
             8.6% of time processing IMAG
            15.4% of time processing Remix
            24.2% of time processing Tubes(Helpers)
             0.0% of time writing files
    Running @   47.813% of real-time (8 threads)
[0m  [35m
 RAIJU
      UT   = 2001-06-01 23:02:15
      Time =     2.250 [min]
     dtCpl =  5.00E+00 [sec]
     Max/Min dt @ k:
        Max 3.52E+01 [sec] @ 57
        Min 1.38E-01 [sec] @ 160
     Flav : max Press/Den @ L,MLT; DPS-dst
        0: P =   0.00, D =9075.91 @  1.54 Rp,12.07 MLT; DPS:   0.00
        1: P =   0.55, D =   0.26 @  4.20 Rp, 8.73 MLT; DPS:  -1.53
        2: P =   2.70, D =   0.25 @  3.96 Rp, 9.93 MLT; DPS:  -5.21
[0m [32m<Writing HDF5 DATA @ t =     2.167 [min] >[0m 
[32m<Writing RAIJU HDF5 DATA @ t =     2.250 [min] >[0m 
 [36m
 GAMERA
      Time =     2.251 [min]
        ts =     1221
        dt =  9.06E-02 [sec]
    dt/dt0 =   76.110%
    Spent     0.0% of time waiting for Voltron
      kZCs =   3573.92 /   1261.64 [MHD/TOT] (8 threads)
[0m       CPCP =   35.559  35.888 [kV, N/S]
 [34m
 VOLTRON
      UT   = 2001-06-01 23:02:15
      tilt =    0.000 [deg]
    Sym-H  =   -5.000 [nT]
    BSDst  ~    7.971 [nT]
           dSMRs  ~     1.00   -0.12   -0.68   -0.20 [nT, 12/18/00/06]
   DPSDst  ~   -5.340 [nT]
   Spent    36.2% of time waiting for Gamera
            14.8% of time processing Chimp(Helpers)
             8.5% of time processing IMAG
            15.3% of time processing Remix
            24.0% of time processing Tubes(Helpers)
             0.0% of time writing files
    Running @   48.718% of real-time (8 threads)
[0m  [35m
 RAIJU
      UT   = 2001-06-01 23:02:20
      Time =     2.333 [min]
     dtCpl =  5.00E+00 [sec]
     Max/Min dt @ k:
        Max 3.52E+01 [sec] @ 57
        Min 1.38E-01 [sec] @ 160
     Flav : max Press/Den @ L,MLT; DPS-dst
        0: P =   0.00, D =9075.91 @  1.54 Rp,12.07 MLT; DPS:   0.00
        1: P =   0.53, D =   0.29 @  4.47 Rp, 8.59 MLT; DPS:  -1.51
        2: P =   2.69, D =   0.25 @  3.96 Rp, 9.93 MLT; DPS:  -5.20
[0m [32m<Writing HDF5 DATA @ t =     2.251 [min] >[0m 
[32m<Writing RAIJU HDF5 DATA @ t =     2.333 [min] >[0m 
 [36m
 GAMERA
      Time =     2.334 [min]
        ts =     1276
        dt =  8.99E-02 [sec]
    dt/dt0 =   75.515%
    Spent     0.0% of time waiting for Voltron
      kZCs =   3573.19 /   1251.71 [MHD/TOT] (8 threads)
[0m       CPCP =   34.870  35.272 [kV, N/S]
 [34m
 VOLTRON
      UT   = 2001-06-01 23:02:20
      tilt =    0.000 [deg]
    Sym-H  =   -5.000 [nT]
    BSDst  ~    7.470 [nT]
           dSMRs  ~     0.97   -0.12   -0.64   -0.20 [nT, 12/18/00/06]
   DPSDst  ~   -5.331 [nT]
   Spent    36.6% of time waiting for Gamera
            14.7% of time processing Chimp(Helpers)
             8.5% of time processing IMAG
            15.2% of time processing Remix
            23.9% of time processing Tubes(Helpers)
             0.0% of time writing files
    Running @   49.601% of real-time (8 threads)
[0m  [35m
 RAIJU
      UT   = 2001-06-01 23:02:25
      Time =     2.417 [min]
     dtCpl =  5.00E+00 [sec]
     Max/Min dt @ k:
        Max 3.36E+01 [sec] @ 57
        Min 1.38E-01 [sec] @ 160
     Flav : max Press/Den @ L,MLT; DPS-dst
        0: P =   0.00, D =9075.91 @  1.54 Rp,12.07 MLT; DPS:   0.00
        1: P =   0.52, D =   0.28 @  4.48 Rp, 8.73 MLT; DPS:  -1.50
        2: P =   2.68, D =   0.25 @  3.96 Rp, 9.93 MLT; DPS:  -5.19
[0m [32m<Writing HDF5 DATA @ t =     2.334 [min] >[0m 
[32m<Writing RAIJU HDF5 DATA @ t =     2.417 [min] >[0m 
 [36m
 GAMERA
      Time =     2.417 [min]
        ts =     1332
        dt =  8.54E-02 [sec]
    dt/dt0 =   71.759%
    Spent     0.0% of time waiting for Voltron
      kZCs =   3572.68 /   1263.06 [MHD/TOT] (8 threads)
[0m       CPCP =   33.579  33.683 [kV, N/S]
 [34m
 VOLTRON
      UT   = 2001-06-01 23:02:25
      tilt =    0.000 [deg]
    Sym-H  =   -5.000 [nT]
    BSDst  ~    7.068 [nT]
           dSMRs  ~     0.95   -0.13   -0.61   -0.21 [nT, 12/18/00/06]
   DPSDst  ~   -5.334 [nT]
   Spent    37.1% of time waiting for Gamera
            14.6% of time processing Chimp(Helpers)
             8.5% of time processing IMAG
            15.1% of time processing Remix
            23.8% of time processing Tubes(Helpers)
             0.0% of time writing files
    Running @   50.400% of real-time (8 threads)
[0m  [35m
 RAIJU
      UT   = 2001-06-01 23:02:30
      Time =     2.500 [min]
     dtCpl =  5.00E+00 [sec]
     Max/Min dt @ k:
        Max 3.23E+01 [sec] @ 58
        Min 1.38E-01 [sec] @ 160
     Flav : max Press/Den @ L,MLT; DPS-dst
        0: P =   0.00, D =9075.91 @  1.54 Rp,12.07 MLT; DPS:   0.00
        1: P =   0.51, D =   0.28 @  4.48 Rp, 8.73 MLT; DPS:  -1.49
        2: P =   2.68, D =   0.25 @  3.96 Rp, 9.80 MLT; DPS:  -5.18
[0m [32m<Writing HDF5 DATA @ t =     2.417 [min] >[0m 
[32m<Writing RAIJU HDF5 DATA @ t =     2.500 [min] >[0m 
 [36m
 GAMERA
      Time =     2.501 [min]
        ts =     1394
        dt =  7.77E-02 [sec]
    dt/dt0 =   65.235%
    Spent     0.0% of time waiting for Voltron
      kZCs =   3572.04 /   1341.16 [MHD/TOT] (8 threads)
[0m       CPCP =   33.761  33.643 [kV, N/S]
 [34m
 VOLTRON
      UT   = 2001-06-01 23:02:30
      tilt =    0.000 [deg]
    Sym-H  =   -5.000 [nT]
    BSDst  ~    6.734 [nT]
           dSMRs  ~     0.94   -0.12   -0.60   -0.21 [nT, 12/18/00/06]
   DPSDst  ~   -5.317 [nT]
   Spent    37.8% of time waiting for Gamera
            14.5% of time processing Chimp(Helpers)
             8.4% of time processing IMAG
            15.0% of time processing Remix
            23.6% of time processing Tubes(Helpers)
             0.0% of time writing files
    Running @   51.113% of real-time (8 threads)
[0m  [35m
 RAIJU
      UT   = 2001-06-01 23:02:35
      Time =     2.583 [min]
     dtCpl =  5.00E+00 [sec]
     Max/Min dt @ k:
        Max 3.14E+01 [sec] @ 58
        Min 1.38E-01 [sec] @ 160
     Flav : max Press/Den @ L,MLT; DPS-dst
        0: P =   0.00, D =9075.91 @  1.54 Rp,12.07 MLT; DPS:   0.00
        1: P =   0.50, D =   0.27 @  4.48 Rp, 8.73 MLT; DPS:  -1.48
        2: P =   2.67, D =   0.25 @  3.96 Rp, 9.80 MLT; DPS:  -5.17
[0m [32m<Writing HDF5 DATA @ t =     2.501 [min] >[0m 
[32m<Writing RAIJU HDF5 DATA @ t =     2.583 [min] >[0m 
 [36m
 GAMERA
      Time =     2.584 [min]
        ts =     1460
        dt =  7.63E-02 [sec]
    dt/dt0 =   64.110%
    Spent     0.0% of time waiting for Voltron
      kZCs =   3573.38 /   1390.22 [MHD/TOT] (8 threads)
[0m       CPCP =   33.660  33.428 [kV, N/S]
 [34m
 VOLTRON
      UT   = 2001-06-01 23:02:35
      tilt =    0.000 [deg]
    Sym-H  =   -5.000 [nT]
    BSDst  ~    6.478 [nT]
           dSMRs  ~     0.92   -0.11   -0.60   -0.21 [nT, 12/18/00/06]
   DPSDst  ~   -5.259 [nT]
   Spent    38.7% of time waiting for Gamera
            14.3% of time processing Chimp(Helpers)
             8.3% of time processing IMAG
            14.8% of time processing Remix
            23.3% of time processing Tubes(Helpers)
             0.0% of time writing files
    Running @   51.750% of real-time (8 threads)
[0m  [35m
 RAIJU
      UT   = 2001-06-01 23:02:40
      Time =     2.667 [min]
     dtCpl =  5.00E+00 [sec]
     Max/Min dt @ k:
        Max 3.12E+01 [sec] @ 58
        Min 1.38E-01 [sec] @ 160
     Flav : max Press/Den @ L,MLT; DPS-dst
        0: P =   0.00, D =9075.91 @  1.54 Rp,12.07 MLT; DPS:   0.00
        1: P =   0.49, D =   0.27 @  4.48 Rp, 8.73 MLT; DPS:  -1.45
        2: P =   2.67, D =   0.25 @  3.96 Rp, 9.80 MLT; DPS:  -5.14
[0m [32m<Writing HDF5 DATA @ t =     2.584 [min] >[0m 
[32m<Writing RAIJU HDF5 DATA @ t =     2.667 [min] >[0m 
 [36m
 GAMERA
      Time =     2.667 [min]
        ts =     1524
        dt =  7.85E-02 [sec]
    dt/dt0 =   65.939%
    Spent     0.0% of time waiting for Voltron
      kZCs =   3572.80 /   1369.10 [MHD/TOT] (8 threads)
[0m       CPCP =   33.106  32.934 [kV, N/S]
 [34m
 VOLTRON
      UT   = 2001-06-01 23:02:40
      tilt =    0.000 [deg]
    Sym-H  =   -5.000 [nT]
    BSDst  ~    6.264 [nT]
           dSMRs  ~     0.90   -0.10   -0.60   -0.19 [nT, 12/18/00/06]
   DPSDst  ~   -5.229 [nT]
   Spent    39.3% of time waiting for Gamera
            14.2% of time processing Chimp(Helpers)
             8.2% of time processing IMAG
            14.6% of time processing Remix
            23.1% of time processing Tubes(Helpers)
             0.0% of time writing files
    Running @   52.373% of real-time (8 threads)
[0m  [35m
 RAIJU
      UT   = 2001-06-01 23:02:45
      Time =     2.750 [min]
     dtCpl =  5.00E+00 [sec]
     Max/Min dt @ k:
        Max 3.16E+01 [sec] @ 58
        Min 1.38E-01 [sec] @ 160
     Flav : max Press/Den @ L,MLT; DPS-dst
        0: P =   0.00, D =9075.91 @  1.54 Rp,12.07 MLT; DPS:   0.00
        1: P =   0.48, D =   0.26 @  4.48 Rp, 8.73 MLT; DPS:  -1.43
        2: P =   2.66, D =   0.25 @  3.96 Rp, 9.80 MLT; DPS:  -5.13
[0m [32m<Writing HDF5 DATA @ t =     2.667 [min] >[0m 
[32m<Writing RAIJU HDF5 DATA @ t =     2.750 [min] >[0m 
 [36m
 GAMERA
      Time =     2.751 [min]
        ts =     1587
        dt =  8.09E-02 [sec]
    dt/dt0 =   67.980%
    Spent     0.0% of time waiting for Voltron
      kZCs =   3574.21 /   1356.52 [MHD/TOT] (8 threads)
[0m       CPCP =   31.714  31.746 [kV, N/S]
 [34m
 VOLTRON
      UT   = 2001-06-01 23:02:45
      tilt =    0.000 [deg]
    Sym-H  =   -5.000 [nT]
    BSDst  ~    6.080 [nT]
           dSMRs  ~     0.85   -0.09   -0.58   -0.18 [nT, 12/18/00/06]
   DPSDst  ~   -5.210 [nT]
   Spent    39.8% of time waiting for Gamera
            14.1% of time processing Chimp(Helpers)
             8.2% of time processing IMAG
            14.5% of time processing Remix
            22.9% of time processing Tubes(Helpers)
             0.0% of time writing files
    Running @   53.022% of real-time (8 threads)
[0m  [35m
 RAIJU
      UT   = 2001-06-01 23:02:50
      Time =     2.833 [min]
     dtCpl =  5.00E+00 [sec]
     Max/Min dt @ k:
        Max 3.26E+01 [sec] @ 57
        Min 1.38E-01 [sec] @ 160
     Flav : max Press/Den @ L,MLT; DPS-dst
        0: P =   0.00, D =9075.91 @  1.54 Rp,12.07 MLT; DPS:   0.00
        1: P =   0.47, D =   0.26 @  4.48 Rp, 8.73 MLT; DPS:  -1.42
        2: P =   2.66, D =   0.25 @  3.96 Rp, 8.20 MLT; DPS:  -5.13
[0m [32m<Writing HDF5 DATA @ t =     2.751 [min] >[0m 
[32m<Writing RAIJU HDF5 DATA @ t =     2.833 [min] >[0m 
 [36m
 GAMERA
      Time =     2.834 [min]
        ts =     1648
        dt =  8.21E-02 [sec]
    dt/dt0 =   68.964%
    Spent     0.0% of time waiting for Voltron
      kZCs =   3570.93 /   1332.45 [MHD/TOT] (8 threads)
[0m       CPCP =   30.045  30.130 [kV, N/S]
 [34m
 VOLTRON
      UT   = 2001-06-01 23:02:50
      tilt =    0.000 [deg]
    Sym-H  =   -5.000 [nT]
    BSDst  ~    5.924 [nT]
           dSMRs  ~     0.77   -0.08   -0.53   -0.16 [nT, 12/18/00/06]
   DPSDst  ~   -5.199 [nT]
   Spent    40.1% of time waiting for Gamera
            14.0% of time processing Chimp(Helpers)
             8.2% of time processing IMAG
            14.4% of time processing Remix
            22.8% of time processing Tubes(Helpers)
             0.0% of time writing files
    Running @   53.671% of real-time (8 threads)
[0m  [35m
 RAIJU
      UT   = 2001-06-01 23:02:55
      Time =     2.917 [min]
     dtCpl =  5.00E+00 [sec]
     Max/Min dt @ k:
        Max 3.36E+01 [sec] @ 57
        Min 1.38E-01 [sec] @ 160
     Flav : max Press/Den @ L,MLT; DPS-dst
        0: P =   0.00, D =9075.91 @  1.54 Rp,12.07 MLT; DPS:   0.00
        1: P =   0.46, D =   0.26 @  4.49 Rp, 8.73 MLT; DPS:  -1.41
        2: P =   2.65, D =   0.25 @  3.96 Rp, 8.06 MLT; DPS:  -5.12
[0m [32m<Writing HDF5 DATA @ t =     2.834 [min] >[0m 
[32m<Writing RAIJU HDF5 DATA @ t =     2.917 [min] >[0m 
 [36m
 GAMERA
      Time =     2.918 [min]
        ts =     1709
        dt =  8.18E-02 [sec]
    dt/dt0 =   68.721%
    Spent     0.0% of time waiting for Voltron
      kZCs =   3571.78 /   1337.46 [MHD/TOT] (8 threads)
[0m       CPCP =   28.414  28.530 [kV, N/S]
 [34m
 VOLTRON
      UT   = 2001-06-01 23:02:55
      tilt =    0.000 [deg]
    Sym-H  =   -5.000 [nT]
    BSDst  ~    5.805 [nT]
           dSMRs  ~     0.71   -0.08   -0.50   -0.14 [nT, 12/18/00/06]
   DPSDst  ~   -5.229 [nT]
   Spent    40.3% of time waiting for Gamera
            14.0% of time processing Chimp(Helpers)
             8.1% of time processing IMAG
            14.3% of time processing Remix
            22.8% of time processing Tubes(Helpers)
             0.0% of time writing files
    Running @   54.322% of real-time (8 threads)
[0m  [35m
 RAIJU
      UT   = 2001-06-01 23:02:59
      Time =     3.000 [min]
     dtCpl =  5.00E+00 [sec]
     Max/Min dt @ k:
        Max 3.62E+01 [sec] @ 57
        Min 1.38E-01 [sec] @ 160
     Flav : max Press/Den @ L,MLT; DPS-dst
        0: P =   0.00, D =9075.91 @  1.54 Rp,12.07 MLT; DPS:   0.00
        1: P =   0.45, D =   0.25 @  4.49 Rp, 8.73 MLT; DPS:  -1.41
        2: P =   2.65, D =   0.25 @  3.96 Rp, 8.07 MLT; DPS:  -5.14
[0m [32m<Writing HDF5 DATA @ t =     2.918 [min] >[0m 
[32m<Writing RAIJU HDF5 DATA @ t =     3.000 [min] >[0m 
 [36m
 GAMERA
      Time =     3.000 [min]
        ts =     1770
        dt =  8.03E-02 [sec]
    dt/dt0 =   67.470%
    Spent     0.0% of time waiting for Voltron
      kZCs =   3573.63 /   1336.25 [MHD/TOT] (8 threads)
[0m       CPCP =   26.656  26.777 [kV, N/S]
 [34m
 VOLTRON
      UT   = 2001-06-01 23:03:00
      tilt =    0.000 [deg]
    Sym-H  =   -5.000 [nT]
    BSDst  ~    5.718 [nT]
           dSMRs  ~     0.66   -0.06   -0.47   -0.12 [nT, 12/18/00/06]
   DPSDst  ~   -5.218 [nT]
   Spent    40.6% of time waiting for Gamera
            14.0% of time processing Chimp(Helpers)
             8.1% of time processing IMAG
            14.2% of time processing Remix
            22.7% of time processing Tubes(Helpers)
             0.0% of time writing files
    Running @   54.905% of real-time (8 threads)
[0m  [35m
 RAIJU
      UT   = 2001-06-01 23:03:05
      Time =     3.083 [min]
     dtCpl =  5.00E+00 [sec]
     Max/Min dt @ k:
        Max 3.73E+01 [sec] @ 57
        Min 1.38E-01 [sec] @ 160
     Flav : max Press/Den @ L,MLT; DPS-dst
        0: P =   0.00, D =9075.91 @  1.54 Rp,12.07 MLT; DPS:   0.00
        1: P =   0.44, D =   0.25 @  4.49 Rp, 8.73 MLT; DPS:  -1.40
        2: P =   2.65, D =   0.25 @  3.96 Rp, 8.07 MLT; DPS:  -5.14
[0m [32m<Writing HDF5 DATA @ t =     3.000 [min] >[0m 
[32m<Writing RAIJU HDF5 DATA @ t =     3.083 [min] >[0m 
 [36m
 GAMERA
      Time =     3.084 [min]
        ts =     1833
        dt =  7.95E-02 [sec]
    dt/dt0 =   66.760%
    Spent     0.0% of time waiting for Voltron
      kZCs =   3572.83 /   1363.57 [MHD/TOT] (8 threads)
[0m       CPCP =   25.013  25.443 [kV, N/S]
 [34m
 VOLTRON
      UT   = 2001-06-01 23:03:05
      tilt =    0.000 [deg]
    Sym-H  =   -5.000 [nT]
    BSDst  ~    5.664 [nT]
           dSMRs  ~     0.63   -0.06   -0.46   -0.11 [nT, 12/18/00/06]
   DPSDst  ~   -5.212 [nT]
   Spent    40.9% of time waiting for Gamera
            13.9% of time processing Chimp(Helpers)
             8.1% of time processing IMAG
            14.1% of time processing Remix
            22.6% of time processing Tubes(Helpers)
             0.0% of time writing files
    Running @   55.485% of real-time (8 threads)
[0m  [35m
 RAIJU
      UT   = 2001-06-01 23:03:10
      Time =     3.167 [min]
     dtCpl =  5.00E+00 [sec]
     Max/Min dt @ k:
        Max 3.91E+01 [sec] @ 57
        Min 1.38E-01 [sec] @ 160
     Flav : max Press/Den @ L,MLT; DPS-dst
        0: P =   0.00, D =9075.91 @  1.54 Rp,12.07 MLT; DPS:   0.00
        1: P =   0.43, D =   0.25 @  4.49 Rp, 8.73 MLT; DPS:  -1.39
        2: P =   2.65, D =   0.25 @  3.96 Rp, 8.07 MLT; DPS:  -5.14
[0m [32m<Writing HDF5 DATA @ t =     3.084 [min] >[0m 
[32m<Writing RAIJU HDF5 DATA @ t =     3.167 [min] >[0m 
 [36m
 GAMERA
      Time =     3.168 [min]
        ts =     1895
        dt =  8.37E-02 [sec]
    dt/dt0 =   70.266%
    Spent     0.0% of time waiting for Voltron
      kZCs =   3572.87 /   1352.59 [MHD/TOT] (8 threads)
[0m       CPCP =   23.625  24.122 [kV, N/S]
 [34m
 VOLTRON
      UT   = 2001-06-01 23:03:10
      tilt =    0.000 [deg]
    Sym-H  =   -5.000 [nT]
    BSDst  ~    5.645 [nT]
           dSMRs  ~     0.62   -0.06   -0.45   -0.10 [nT, 12/18/00/06]
   DPSDst  ~   -5.209 [nT]
   Spent    41.1% of time waiting for Gamera
            13.9% of time processing Chimp(Helpers)
             8.1% of time processing IMAG
            14.0% of time processing Remix
            22.6% of time processing Tubes(Helpers)
             0.0% of time writing files
    Running @   56.069% of real-time (8 threads)
[0m  [35m
 RAIJU
      UT   = 2001-06-01 23:03:15
      Time =     3.250 [min]
     dtCpl =  5.00E+00 [sec]
     Max/Min dt @ k:
        Max 4.10E+01 [sec] @ 57
        Min 1.38E-01 [sec] @ 160
     Flav : max Press/Den @ L,MLT; DPS-dst
        0: P =   0.00, D =9075.91 @  1.54 Rp,12.07 MLT; DPS:   0.00
        1: P =   0.43, D =   0.24 @  4.49 Rp, 8.73 MLT; DPS:  -1.38
        2: P =   2.65, D =   0.25 @  3.96 Rp, 8.07 MLT; DPS:  -5.14
[0m [32m<Writing HDF5 DATA @ t =     3.168 [min] >[0m 
[32m<Writing RAIJU HDF5 DATA @ t =     3.250 [min] >[0m 
 [36m
 GAMERA
      Time =     3.250 [min]
        ts =     1952
        dt =  8.86E-02 [sec]
    dt/dt0 =   74.417%
    Spent     0.0% of time waiting for Voltron
      kZCs =   3572.03 /   1288.18 [MHD/TOT] (8 threads)
[0m       CPCP =   22.412  22.984 [kV, N/S]
 [34m
 VOLTRON
      UT   = 2001-06-01 23:03:15
      tilt =    0.000 [deg]
    Sym-H  =   -5.000 [nT]
    BSDst  ~    5.662 [nT]
           dSMRs  ~     0.62   -0.06   -0.46   -0.10 [nT, 12/18/00/06]
   DPSDst  ~   -5.205 [nT]
   Spent    41.0% of time waiting for Gamera
            13.9% of time processing Chimp(Helpers)
             8.1% of time processing IMAG
            14.0% of time processing Remix
            22.7% of time processing Tubes(Helpers)
             0.0% of time writing files
    Running @   56.648% of real-time (8 threads)
[0m  [35m
 RAIJU
      UT   = 2001-06-01 23:03:20
      Time =     3.333 [min]
     dtCpl =  5.00E+00 [sec]
     Max/Min dt @ k:
        Max 4.22E+01 [sec] @ 56
        Min 1.38E-01 [sec] @ 160
     Flav : max Press/Den @ L,MLT; DPS-dst
        0: P =   0.00, D =9075.91 @  1.54 Rp,12.07 MLT; DPS:   0.00
        1: P =   0.42, D =   0.24 @  4.49 Rp, 8.73 MLT; DPS:  -1.37
        2: P =   2.65, D =   0.25 @  3.96 Rp, 8.07 MLT; DPS:  -5.15
[0m [32m<Writing HDF5 DATA @ t =     3.250 [min] >[0m 
[32m<Writing RAIJU HDF5 DATA @ t =     3.333 [min] >[0m 
 [36m
 GAMERA
      Time =     3.334 [min]
        ts =     2011
        dt =  8.14E-02 [sec]
    dt/dt0 =   68.385%
    Spent     0.0% of time waiting for Voltron
      kZCs =   3571.83 /   1316.23 [MHD/TOT] (8 threads)
[0m       CPCP =   21.260  21.930 [kV, N/S]
 [34m
 VOLTRON
      UT   = 2001-06-01 23:03:20
      tilt =    0.000 [deg]
    Sym-H  =   -5.000 [nT]
    BSDst  ~    5.714 [nT]
           dSMRs  ~     0.62   -0.06   -0.48   -0.09 [nT, 12/18/00/06]
   DPSDst  ~   -5.203 [nT]
   Spent    41.0% of time waiting for Gamera
            13.9% of time processing Chimp(Helpers)
             8.1% of time processing IMAG
            13.9% of time processing Remix
            22.7% of time processing Tubes(Helpers)
             0.0% of time writing files
    Running @   57.206% of real-time (8 threads)
[0m  [35m
 RAIJU
      UT   = 2001-06-01 23:03:25
      Time =     3.417 [min]
     dtCpl =  5.00E+00 [sec]
     Max/Min dt @ k:
        Max 4.40E+01 [sec] @ 56
        Min 1.38E-01 [sec] @ 160
     Flav : max Press/Den @ L,MLT; DPS-dst
        0: P =   0.00, D =9075.91 @  1.54 Rp,12.07 MLT; DPS:   0.00
        1: P =   0.41, D =   0.24 @  4.49 Rp, 8.73 MLT; DPS:  -1.37
        2: P =   2.65, D =   0.25 @  3.96 Rp, 8.07 MLT; DPS:  -5.16
[0m [32m<Writing HDF5 DATA @ t =     3.334 [min] >[0m 
[32m<Writing RAIJU HDF5 DATA @ t =     3.417 [min] >[0m 
 [36m
 GAMERA
      Time =     3.417 [min]
        ts =     2075
        dt =  7.50E-02 [sec]
    dt/dt0 =   62.966%
    Spent     0.0% of time waiting for Voltron
      kZCs =   3573.47 /   1379.44 [MHD/TOT] (8 threads)
[0m       CPCP =   20.223  21.112 [kV, N/S]
 [34m
 VOLTRON
      UT   = 2001-06-01 23:03:25
      tilt =    0.000 [deg]
    Sym-H  =   -5.000 [nT]
    BSDst  ~    5.783 [nT]
           dSMRs  ~     0.62   -0.05   -0.50   -0.08 [nT, 12/18/00/06]
   DPSDst  ~   -5.205 [nT]
   Spent    41.3% of time waiting for Gamera
            13.8% of time processing Chimp(Helpers)
             8.1% of time processing IMAG
            13.8% of time processing Remix
            22.6% of time processing Tubes(Helpers)
             0.0% of time writing files
    Running @   57.637% of real-time (8 threads)
[0m  [35m
 RAIJU
      UT   = 2001-06-01 23:03:30
      Time =     3.500 [min]
     dtCpl =  5.00E+00 [sec]
     Max/Min dt @ k:
        Max 4.58E+01 [sec] @ 56
        Min 1.38E-01 [sec] @ 160
     Flav : max Press/Den @ L,MLT; DPS-dst
        0: P =   0.00, D =9075.91 @  1.54 Rp,12.07 MLT; DPS:   0.00
        1: P =   0.41, D =   0.23 @  4.49 Rp, 8.73 MLT; DPS:  -1.36
        2: P =   2.65, D =   0.25 @  3.96 Rp, 8.07 MLT; DPS:  -5.17
[0m [32m<Writing HDF5 DATA @ t =     3.417 [min] >[0m 
[32m<Writing RAIJU HDF5 DATA @ t =     3.500 [min] >[0m 
 [36m
 GAMERA
      Time =     3.500 [min]
        ts =     2145
        dt =  6.88E-02 [sec]
    dt/dt0 =   57.747%
    Spent     0.0% of time waiting for Voltron
      kZCs =   3573.45 /   1451.52 [MHD/TOT] (8 threads)
[0m       CPCP =   19.416  20.527 [kV, N/S]
 [34m
 VOLTRON
      UT   = 2001-06-01 23:03:30
      tilt =    0.000 [deg]
    Sym-H  =   -5.000 [nT]
    BSDst  ~    5.808 [nT]
           dSMRs  ~     0.59   -0.03   -0.51   -0.05 [nT, 12/18/00/06]
   DPSDst  ~   -5.219 [nT]
   Spent    41.9% of time waiting for Gamera
            13.7% of time processing Chimp(Helpers)
             8.0% of time processing IMAG
            13.6% of time processing Remix
            22.4% of time processing Tubes(Helpers)
             0.0% of time writing files
    Running @   58.023% of real-time (8 threads)
[0m  [35m
 RAIJU
      UT   = 2001-06-01 23:03:35
      Time =     3.583 [min]
     dtCpl =  5.00E+00 [sec]
     Max/Min dt @ k:
        Max 4.75E+01 [sec] @ 56
        Min 1.38E-01 [sec] @ 160
     Flav : max Press/Den @ L,MLT; DPS-dst
        0: P =   0.00, D =9075.91 @  1.54 Rp,12.07 MLT; DPS:   0.00
        1: P =   0.40, D =   0.23 @  4.49 Rp, 8.73 MLT; DPS:  -1.37
        2: P =   2.65, D =   0.25 @  3.96 Rp, 8.00 MLT; DPS:  -5.19
[0m [32m<Writing HDF5 DATA @ t =     3.500 [min] >[0m 
[32m<Writing RAIJU HDF5 DATA @ t =     3.583 [min] >[0m 
 [36m
 GAMERA
      Time =     3.583 [min]
        ts =     2224
        dt =  5.75E-02 [sec]
    dt/dt0 =   48.308%
    Spent     0.0% of time waiting for Voltron
      kZCs =   3571.68 /   1549.01 [MHD/TOT] (8 threads)
[0m       CPCP =   18.923  20.158 [kV, N/S]
 [34m
 VOLTRON
      UT   = 2001-06-01 23:03:35
      tilt =    0.000 [deg]
    Sym-H  =   -5.000 [nT]
    BSDst  ~    5.782 [nT]
           dSMRs  ~     0.55    0.00   -0.52   -0.03 [nT, 12/18/00/06]
   DPSDst  ~   -5.227 [nT]
   Spent    42.9% of time waiting for Gamera
            13.5% of time processing Chimp(Helpers)
             7.9% of time processing IMAG
            13.3% of time processing Remix
            22.1% of time processing Tubes(Helpers)
             0.0% of time writing files
    Running @   58.270% of real-time (8 threads)
[0m  [35m
 RAIJU
      UT   = 2001-06-01 23:03:40
      Time =     3.667 [min]
     dtCpl =  5.00E+00 [sec]
     Max/Min dt @ k:
        Max 4.91E+01 [sec] @ 56
        Min 1.38E-01 [sec] @ 160
     Flav : max Press/Den @ L,MLT; DPS-dst
        0: P =   0.00, D =9075.91 @  1.54 Rp,12.07 MLT; DPS:   0.00
        1: P =   0.40, D =   0.23 @  4.48 Rp,10.33 MLT; DPS:  -1.36
        2: P =   2.67, D =   0.25 @  3.97 Rp,11.93 MLT; DPS:  -5.21
[0m [32m<Writing HDF5 DATA @ t =     3.583 [min] >[0m 
[32m<Writing RAIJU HDF5 DATA @ t =     3.667 [min] >[0m 
 [36m
 GAMERA
      Time =     3.667 [min]
        ts =     2318
        dt =  5.08E-02 [sec]
    dt/dt0 =   42.704%
    Spent     0.0% of time waiting for Voltron
      kZCs =   3575.89 /   1690.06 [MHD/TOT] (8 threads)
[0m       CPCP =   18.570  20.054 [kV, N/S]
 [34m
 VOLTRON
      UT   = 2001-06-01 23:03:40
      tilt =    0.000 [deg]
    Sym-H  =   -5.000 [nT]
    BSDst  ~    5.992 [nT]
           dSMRs  ~     0.79   -0.05   -0.65   -0.09 [nT, 12/18/00/06]
   DPSDst  ~   -5.248 [nT]
   Spent    44.4% of time waiting for Gamera
            13.1% of time processing Chimp(Helpers)
             7.7% of time processing IMAG
            13.0% of time processing Remix
            21.5% of time processing Tubes(Helpers)
             0.0% of time writing files
    Running @   58.345% of real-time (8 threads)
[0m  [35m
 RAIJU
      UT   = 2001-06-01 23:03:45
      Time =     3.750 [min]
     dtCpl =  5.00E+00 [sec]
     Max/Min dt @ k:
        Max 5.04E+01 [sec] @ 56
        Min 1.38E-01 [sec] @ 160
     Flav : max Press/Den @ L,MLT; DPS-dst
        0: P =   0.00, D =9075.91 @  1.54 Rp,12.07 MLT; DPS:   0.00
        1: P =   0.39, D =   0.23 @  4.48 Rp,11.80 MLT; DPS:  -1.36
        2: P =   2.69, D =   0.26 @  3.96 Rp,11.93 MLT; DPS:  -5.23
[0m [32m<Writing HDF5 DATA @ t =     3.667 [min] >[0m 
[32m<Writing RAIJU HDF5 DATA @ t =     3.750 [min] >[0m 
 [36m
 GAMERA
      Time =     3.750 [min]
        ts =     2419
        dt =  4.82E-02 [sec]
    dt/dt0 =   40.513%
    Spent     0.0% of time waiting for Voltron
      kZCs =   3574.65 /   1747.19 [MHD/TOT] (8 threads)
[0m       CPCP =   18.582  20.193 [kV, N/S]
 [34m
 VOLTRON
      UT   = 2001-06-01 23:03:45
      tilt =    0.000 [deg]
    Sym-H  =   -5.000 [nT]
    BSDst  ~    6.729 [nT]
           dSMRs  ~     1.44   -0.20   -1.01   -0.23 [nT, 12/18/00/06]
   DPSDst  ~   -5.260 [nT]
   Spent    46.0% of time waiting for Gamera
            12.8% of time processing Chimp(Helpers)
             7.5% of time processing IMAG
            12.6% of time processing Remix
            20.9% of time processing Tubes(Helpers)
             0.0% of time writing files
    Running @   58.318% of real-time (8 threads)
[0m  [35m
 RAIJU
      UT   = 2001-06-01 23:03:50
      Time =     3.833 [min]
     dtCpl =  5.00E+00 [sec]
     Max/Min dt @ k:
        Max 5.17E+01 [sec] @ 56
        Min 1.38E-01 [sec] @ 160
     Flav : max Press/Den @ L,MLT; DPS-dst
        0: P =   0.00, D =9075.91 @  1.54 Rp,12.07 MLT; DPS:   0.00
        1: P =   0.39, D =   0.23 @  4.47 Rp,10.33 MLT; DPS:  -1.36
        2: P =   2.70, D =   0.26 @  3.96 Rp,11.93 MLT; DPS:  -5.25
[0m [32m<Writing HDF5 DATA @ t =     3.750 [min] >[0m 
[32m<Writing RAIJU HDF5 DATA @ t =     3.833 [min] >[0m 
 [36m
 GAMERA
      Time =     3.834 [min]
        ts =     2526
        dt =  4.48E-02 [sec]
    dt/dt0 =   37.597%
    Spent     0.0% of time waiting for Voltron
      kZCs =   3572.55 /   1790.86 [MHD/TOT] (8 threads)
[0m       CPCP =   19.064  20.828 [kV, N/S]
 [34m
 VOLTRON
      UT   = 2001-06-01 23:03:50
      tilt =    0.000 [deg]
    Sym-H  =   -5.000 [nT]
    BSDst  ~    7.605 [nT]
           dSMRs  ~     1.94   -0.28   -1.36   -0.31 [nT, 12/18/00/06]
   DPSDst  ~   -5.267 [nT]
   Spent    47.5% of time waiting for Gamera
            12.4% of time processing Chimp(Helpers)
             7.3% of time processing IMAG
            12.2% of time processing Remix
            20.3% of time processing Tubes(Helpers)
             0.0% of time writing files
    Running @   58.251% of real-time (8 threads)
[0m  [35m
 RAIJU
      UT   = 2001-06-01 23:03:55
      Time =     3.917 [min]
     dtCpl =  5.00E+00 [sec]
     Max/Min dt @ k:
        Max 5.31E+01 [sec] @ 56
        Min 1.38E-01 [sec] @ 160
     Flav : max Press/Den @ L,MLT; DPS-dst
        0: P =   0.00, D =9075.91 @  1.54 Rp,12.07 MLT; DPS:   0.00
        1: P =   0.38, D =   0.22 @  4.47 Rp,10.06 MLT; DPS:  -1.36
        2: P =   2.71, D =   0.26 @  3.95 Rp, 9.53 MLT; DPS:  -5.26
[0m [32m<Writing HDF5 DATA @ t =     3.834 [min] >[0m 
[32m<Writing RAIJU HDF5 DATA @ t =     3.917 [min] >[0m 
 [36m
 GAMERA
      Time =     3.917 [min]
        ts =     2647
        dt =  3.59E-02 [sec]
    dt/dt0 =   30.157%
    Spent     0.0% of time waiting for Voltron
      kZCs =   3574.44 /   1885.23 [MHD/TOT] (8 threads)
[0m       CPCP =   19.975  21.887 [kV, N/S]
 [34m
 VOLTRON
      UT   = 2001-06-01 23:03:55
      tilt =    0.000 [deg]
    Sym-H  =   -5.000 [nT]
    BSDst  ~    8.127 [nT]
           dSMRs  ~     2.01   -0.24   -1.48   -0.29 [nT, 12/18/00/06]
   DPSDst  ~   -5.273 [nT]
   Spent    49.3% of time waiting for Gamera
            11.9% of time processing Chimp(Helpers)
             7.0% of time processing IMAG
            11.8% of time processing Remix
            19.7% of time processing Tubes(Helpers)
             0.0% of time writing files
    Running @   58.040% of real-time (8 threads)
[0m  [35m
 RAIJU
      UT   = 2001-06-01 23:03:59
      Time =     4.000 [min]
     dtCpl =  5.00E+00 [sec]
     Max/Min dt @ k:
        Max 5.49E+01 [sec] @ 56
        Min 1.38E-01 [sec] @ 160
     Flav : max Press/Den @ L,MLT; DPS-dst
        0: P =   0.00, D =9075.91 @  1.54 Rp,12.07 MLT; DPS:   0.00
        1: P =   0.38, D =   0.22 @  4.42 Rp, 8.83 MLT; DPS:  -1.36
        2: P =   2.72, D =   0.26 @  3.95 Rp, 9.53 MLT; DPS:  -5.28
[0m [32m<Writing HDF5 DATA @ t =     3.917 [min] >[0m 
[32m<Writing RAIJU HDF5 DATA @ t =     4.000 [min] >[0m 
 [36m
 GAMERA
      Time =     4.000 [min]
        ts =     2809
        dt =  3.00E-02 [sec]
    dt/dt0 =   25.202%
    Spent     0.0% of time waiting for Voltron
      kZCs =   3573.19 /   2093.43 [MHD/TOT] (8 threads)
[0m       CPCP =   21.293  23.216 [kV, N/S]
 [34m
 VOLTRON
      UT   = 2001-06-01 23:04:00
      tilt =    0.000 [deg]
    Sym-H  =   -5.000 [nT]
    BSDst  ~    8.336 [nT]
           dSMRs  ~     1.86   -0.17   -1.46   -0.23 [nT, 12/18/00/06]
   DPSDst  ~   -5.282 [nT]
   Spent    51.8% of time waiting for Gamera
            11.3% of time processing Chimp(Helpers)
             6.7% of time processing IMAG
            11.3% of time processing Remix
            18.7% of time processing Tubes(Helpers)
             0.0% of time writing files
    Running @   57.516% of real-time (8 threads)
[0m  [35m
 RAIJU
      UT   = 2001-06-01 23:04:05
      Time =     4.083 [min]
     dtCpl =  5.00E+00 [sec]
     Max/Min dt @ k:
        Max 5.63E+01 [sec] @ 56
        Min 1.38E-01 [sec] @ 160
     Flav : max Press/Den @ L,MLT; DPS-dst
        0: P =   0.00, D =9075.91 @  1.54 Rp,12.07 MLT; DPS:   0.00
        1: P =   0.38, D =   0.22 @  4.46 Rp, 8.86 MLT; DPS:  -1.36
        2: P =   2.73, D =   0.26 @  3.95 Rp, 9.40 MLT; DPS:  -5.29
[0m [32m<Writing HDF5 DATA @ t =     4.000 [min] >[0m 
[32m<Writing RAIJU HDF5 DATA @ t =     4.083 [min] >[0m 
 [36m
 GAMERA
      Time =     4.084 [min]
        ts =     2975
        dt =  3.02E-02 [sec]
    dt/dt0 =   25.347%
    Spent     0.0% of time waiting for Voltron
      kZCs =   3572.60 /   2112.46 [MHD/TOT] (8 threads)
[0m       CPCP =   23.221  24.794 [kV, N/S]
 [34m
 VOLTRON
      UT   = 2001-06-01 23:04:05
      tilt =    0.000 [deg]
    Sym-H  =   -5.000 [nT]
    BSDst  ~    8.344 [nT]
           dSMRs  ~     1.68   -0.13   -1.40   -0.15 [nT, 12/18/00/06]
   DPSDst  ~   -5.292 [nT]
   Spent    54.0% of time waiting for Gamera
            10.8% of time processing Chimp(Helpers)
             6.4% of time processing IMAG
            10.8% of time processing Remix
            17.8% of time processing Tubes(Helpers)
             0.0% of time writing files
    Running @   57.029% of real-time (8 threads)
[0m  [35m
 RAIJU
      UT   = 2001-06-01 23:04:10
      Time =     4.167 [min]
     dtCpl =  5.00E+00 [sec]
     Max/Min dt @ k:
        Max 5.41E+01 [sec] @ 56
        Min 1.38E-01 [sec] @ 160
     Flav : max Press/Den @ L,MLT; DPS-dst
        0: P =   0.00, D =9075.91 @  1.54 Rp,12.07 MLT; DPS:   0.00
        1: P =   0.37, D =   0.22 @  4.46 Rp, 8.86 MLT; DPS:  -1.35
        2: P =   2.73, D =   0.26 @  3.95 Rp, 9.39 MLT; DPS:  -5.31
[0m [32m<Writing HDF5 DATA @ t =     4.084 [min] >[0m 
[32m<Writing RAIJU HDF5 DATA @ t =     4.167 [min] >[0m 
 [36m
 GAMERA
      Time =     4.167 [min]
        ts =     3142
        dt =  3.00E-02 [sec]
    dt/dt0 =   25.205%
    Spent     0.0% of time waiting for Voltron
      kZCs =   3573.01 /   2119.61 [MHD/TOT] (8 threads)
[0m       CPCP =   25.496  26.814 [kV, N/S]
 [34m
 VOLTRON
      UT   = 2001-06-01 23:04:10
      tilt =    0.000 [deg]
    Sym-H  =   -5.000 [nT]
    BSDst  ~    8.252 [nT]
           dSMRs  ~     1.58   -0.12   -1.33   -0.12 [nT, 12/18/00/06]
   DPSDst  ~   -5.303 [nT]
   Spent    55.9% of time waiting for Gamera
            10.3% of time processing Chimp(Helpers)
             6.1% of time processing IMAG
            10.3% of time processing Remix
            17.1% of time processing Tubes(Helpers)
             0.0% of time writing files
    Running @   56.547% of real-time (8 threads)
[0m  [35m
 RAIJU
      UT   = 2001-06-01 23:04:15
      Time =     4.250 [min]
     dtCpl =  5.00E+00 [sec]
     Max/Min dt @ k:
        Max 5.15E+01 [sec] @ 56
        Min 1.38E-01 [sec] @ 160
     Flav : max Press/Den @ L,MLT; DPS-dst
        0: P =   0.00, D =9075.91 @  1.54 Rp,12.07 MLT; DPS:   0.00
        1: P =   0.36, D =   0.21 @  4.46 Rp, 8.72 MLT; DPS:  -1.35
        2: P =   2.72, D =   0.26 @  3.95 Rp, 9.39 MLT; DPS:  -5.32
[0m [32m<Writing HDF5 DATA @ t =     4.167 [min] >[0m 
[32m<Writing RAIJU HDF5 DATA @ t =     4.250 [min] >[0m 
 [36m
 GAMERA
      Time =     4.250 [min]
        ts =     3308
        dt =  3.03E-02 [sec]
    dt/dt0 =   25.427%
    Spent     0.0% of time waiting for Voltron
      kZCs =   3573.07 /   2115.22 [MHD/TOT] (8 threads)
[0m       CPCP =   27.695  29.017 [kV, N/S]
 [34m
 VOLTRON
      UT   = 2001-06-01 23:04:15
      tilt =    0.000 [deg]
    Sym-H  =   -5.000 [nT]
    BSDst  ~    8.136 [nT]
           dSMRs  ~     1.54   -0.13   -1.28   -0.13 [nT, 12/18/00/06]
   DPSDst  ~   -5.310 [nT]
   Spent    57.5% of time waiting for Gamera
             9.9% of time processing Chimp(Helpers)
             5.9% of time processing IMAG
            10.0% of time processing Remix
            16.5% of time processing Tubes(Helpers)
             0.0% of time writing files
    Running @   56.091% of real-time (8 threads)
[0m  [35m
 RAIJU
      UT   = 2001-06-01 23:04:20
      Time =     4.333 [min]
     dtCpl =  5.00E+00 [sec]
     Max/Min dt @ k:
        Max 4.97E+01 [sec] @ 56
        Min 1.38E-01 [sec] @ 160
     Flav : max Press/Den @ L,MLT; DPS-dst
        0: P =   0.00, D =9075.91 @  1.54 Rp,12.07 MLT; DPS:   0.00
        1: P =   0.36, D =   0.21 @  4.47 Rp, 8.72 MLT; DPS:  -1.35
        2: P =   2.72, D =   0.26 @  3.95 Rp, 9.40 MLT; DPS:  -5.33
[0m [32m<Writing HDF5 DATA @ t =     4.250 [min] >[0m 
[32m<Writing RAIJU HDF5 DATA @ t =     4.333 [min] >[0m 
 [36m
 GAMERA
      Time =     4.333 [min]
        ts =     3472
        dt =  3.20E-02 [sec]
    dt/dt0 =   26.894%
    Spent     0.0% of time waiting for Voltron
      kZCs =   3572.63 /   2109.51 [MHD/TOT] (8 threads)
[0m       CPCP =   29.854  31.291 [kV, N/S]
 [34m
 VOLTRON
      UT   = 2001-06-01 23:04:20
      tilt =    0.000 [deg]
    Sym-H  =   -5.000 [nT]
    BSDst  ~    8.044 [nT]
           dSMRs  ~     1.56   -0.14   -1.27   -0.15 [nT, 12/18/00/06]
   DPSDst  ~   -5.318 [nT]
   Spent    58.8% of time waiting for Gamera
             9.6% of time processing Chimp(Helpers)
             5.7% of time processing IMAG
             9.7% of time processing Remix
            16.0% of time processing Tubes(Helpers)
             0.0% of time writing files
    Running @   55.664% of real-time (8 threads)
[0m  [35m
 RAIJU
      UT   = 2001-06-01 23:04:25
      Time =     4.417 [min]
     dtCpl =  5.00E+00 [sec]
     Max/Min dt @ k:
        Max 4.75E+01 [sec] @ 56
        Min 1.38E-01 [sec] @ 160
     Flav : max Press/Den @ L,MLT; DPS-dst
        0: P =   0.00, D =9075.91 @  1.54 Rp,12.07 MLT; DPS:   0.00
        1: P =   0.35, D =   0.21 @  4.47 Rp, 8.86 MLT; DPS:  -1.35
        2: P =   2.72, D =   0.26 @  3.95 Rp, 9.40 MLT; DPS:  -5.35
[0m [32m<Writing HDF5 DATA @ t =     4.333 [min] >[0m 
[32m<Writing RAIJU HDF5 DATA @ t =     4.417 [min] >[0m 
 [36m
 GAMERA
      Time =     4.417 [min]
        ts =     3602
        dt =  4.52E-02 [sec]
    dt/dt0 =   37.949%
    Spent     0.0% of time waiting for Voltron
      kZCs =   3572.16 /   1936.55 [MHD/TOT] (8 threads)
[0m       CPCP =   31.970  33.547 [kV, N/S]
 [34m
 VOLTRON
      UT   = 2001-06-01 23:04:25
      tilt =    0.000 [deg]
    Sym-H  =   -5.000 [nT]
    BSDst  ~    8.002 [nT]
           dSMRs  ~     1.61   -0.14   -1.30   -0.18 [nT, 12/18/00/06]
   DPSDst  ~   -5.325 [nT]
   Spent    59.1% of time waiting for Gamera
             9.6% of time processing Chimp(Helpers)
             5.7% of time processing IMAG
             9.6% of time processing Remix
            15.9% of time processing Tubes(Helpers)
             0.0% of time writing files
    Running @   55.463% of real-time (8 threads)
[0m  [35m
 RAIJU
      UT   = 2001-06-01 23:04:30
      Time =     4.500 [min]
     dtCpl =  5.00E+00 [sec]
     Max/Min dt @ k:
        Max 4.68E+01 [sec] @ 56
        Min 1.38E-01 [sec] @ 160
     Flav : max Press/Den @ L,MLT; DPS-dst
        0: P =   0.00, D =9075.91 @  1.54 Rp,12.07 MLT; DPS:   0.00
        1: P =   0.34, D =   0.21 @  4.47 Rp, 8.86 MLT; DPS:  -1.34
        2: P =   2.73, D =   0.26 @  3.95 Rp, 9.40 MLT; DPS:  -5.36
[0m [32m<Writing HDF5 DATA @ t =     4.417 [min] >[0m 
[32m<Writing RAIJU HDF5 DATA @ t =     4.500 [min] >[0m 
 [36m
 GAMERA
      Time =     4.500 [min]
        ts =     3703
        dt =  5.42E-02 [sec]
    dt/dt0 =   45.500%
    Spent     0.0% of time waiting for Voltron
      kZCs =   3575.85 /   1742.84 [MHD/TOT] (8 threads)
[0m       CPCP =   34.098  35.524 [kV, N/S]
 [34m
 VOLTRON
      UT   = 2001-06-01 23:04:30
      tilt =    0.000 [deg]
    Sym-H  =   -5.000 [nT]
    BSDst  ~    8.025 [nT]
           dSMRs  ~     1.70   -0.15   -1.35   -0.20 [nT, 12/18/00/06]
   DPSDst  ~   -5.330 [nT]
   Spent    58.4% of time waiting for Gamera
             9.7% of time processing Chimp(Helpers)
             5.8% of time processing IMAG
             9.8% of time processing Remix
            16.1% of time processing Tubes(Helpers)
             0.0% of time writing files
    Running @   55.536% of real-time (8 threads)
[0m  [35m
 RAIJU
      UT   = 2001-06-01 23:04:35
      Time =     4.583 [min]
     dtCpl =  5.00E+00 [sec]
     Max/Min dt @ k:
        Max 4.31E+01 [sec] @ 56
        Min 1.38E-01 [sec] @ 160
     Flav : max Press/Den @ L,MLT; DPS-dst
        0: P =   0.00, D =9075.91 @  1.54 Rp,12.07 MLT; DPS:   0.00
        1: P =   0.34, D =   0.24 @  4.76 Rp, 9.92 MLT; DPS:  -1.34
        2: P =   2.73, D =   0.26 @  3.95 Rp, 9.40 MLT; DPS:  -5.37
[0m [32m<Writing HDF5 DATA @ t =     4.500 [min] >[0m 
[32m<Writing RAIJU HDF5 DATA @ t =     4.583 [min] >[0m 
 [36m
 GAMERA
      Time =     4.584 [min]
        ts =     3790
        dt =  6.10E-02 [sec]
    dt/dt0 =   51.265%
    Spent     0.0% of time waiting for Voltron
      kZCs =   3574.04 /   1622.67 [MHD/TOT] (8 threads)
[0m       CPCP =   36.091  37.452 [kV, N/S]
 [34m
 VOLTRON
      UT   = 2001-06-01 23:04:35
      tilt =    0.000 [deg]
    Sym-H  =   -5.000 [nT]
    BSDst  ~    8.125 [nT]
           dSMRs  ~     1.81   -0.16   -1.42   -0.23 [nT, 12/18/00/06]
   DPSDst  ~   -5.335 [nT]
   Spent    57.2% of time waiting for Gamera
            10.0% of time processing Chimp(Helpers)
             5.9% of time processing IMAG
            10.1% of time processing Remix
            16.6% of time processing Tubes(Helpers)
             0.0% of time writing files
    Running @   55.768% of real-time (8 threads)
[0m  [35m
 RAIJU
      UT   = 2001-06-01 23:04:40
      Time =     4.667 [min]
     dtCpl =  5.00E+00 [sec]
     Max/Min dt @ k:
        Max 4.00E+01 [sec] @ 57
        Min 1.38E-01 [sec] @ 160
     Flav : max Press/Den @ L,MLT; DPS-dst
        0: P =   0.00, D =9075.91 @  1.54 Rp,12.07 MLT; DPS:   0.00
        1: P =   0.34, D =   0.24 @  4.76 Rp, 9.92 MLT; DPS:  -1.34
        2: P =   2.74, D =   0.26 @  3.95 Rp, 9.40 MLT; DPS:  -5.38
[0m [32m<Writing HDF5 DATA @ t =     4.584 [min] >[0m 
[32m<Writing RAIJU HDF5 DATA @ t =     4.667 [min] >[0m 
 [36m
 GAMERA
      Time =     4.667 [min]
        ts =     3868
        dt =  6.75E-02 [sec]
    dt/dt0 =   56.722%
    Spent     0.0% of time waiting for Voltron
      kZCs =   3572.80 /   1535.55 [MHD/TOT] (8 threads)
[0m       CPCP =   38.023  39.323 [kV, N/S]
 [34m
 VOLTRON
      UT   = 2001-06-01 23:04:40
      tilt =    0.000 [deg]
    Sym-H  =   -5.000 [nT]
    BSDst  ~    8.319 [nT]
           dSMRs  ~     1.95   -0.18   -1.52   -0.25 [nT, 12/18/00/06]
   DPSDst  ~   -5.341 [nT]
   Spent    55.8% of time waiting for Gamera
            10.3% of time processing Chimp(Helpers)
             6.1% of time processing IMAG
            10.5% of time processing Remix
            17.1% of time processing Tubes(Helpers)
             0.0% of time writing files
    Running @   56.097% of real-time (8 threads)
[0m  [35m
 RAIJU
      UT   = 2001-06-01 23:04:45
      Time =     4.750 [min]
     dtCpl =  5.00E+00 [sec]
     Max/Min dt @ k:
        Max 3.81E+01 [sec] @ 57
        Min 1.38E-01 [sec] @ 160
     Flav : max Press/Den @ L,MLT; DPS-dst
        0: P =   0.00, D =9075.91 @  1.54 Rp,12.07 MLT; DPS:   0.00
        1: P =   0.34, D =   0.23 @  4.75 Rp, 9.93 MLT; DPS:  -1.34
        2: P =   2.75, D =   0.26 @  3.95 Rp, 9.26 MLT; DPS:  -5.39
[0m [32m<Writing HDF5 DATA @ t =     4.667 [min] >[0m 
[32m<Writing RAIJU HDF5 DATA @ t =     4.750 [min] >[0m 
 [36m
 GAMERA
      Time =     4.751 [min]
        ts =     3940
        dt =  7.12E-02 [sec]
    dt/dt0 =   59.832%
    Spent     0.0% of time waiting for Voltron
      kZCs =   3574.69 /   1472.45 [MHD/TOT] (8 threads)
[0m       CPCP =   40.047  41.157 [kV, N/S]
 [34m
 VOLTRON
      UT   = 2001-06-01 23:04:45
      tilt =    0.000 [deg]
    Sym-H  =   -5.000 [nT]
    BSDst  ~    8.537 [nT]
           dSMRs  ~     2.05   -0.18   -1.61   -0.26 [nT, 12/18/00/06]
   DPSDst  ~   -5.346 [nT]
   Spent    54.3% of time waiting for Gamera
            10.7% of time processing Chimp(Helpers)
             6.3% of time processing IMAG
            10.8% of time processing Remix
            17.7% of time processing Tubes(Helpers)
             0.0% of time writing files
    Running @   56.480% of real-time (8 threads)
[0m  [35m
 RAIJU
      UT   = 2001-06-01 23:04:50
      Time =     4.833 [min]
     dtCpl =  5.00E+00 [sec]
     Max/Min dt @ k:
        Max 3.69E+01 [sec] @ 57
        Min 1.38E-01 [sec] @ 160
     Flav : max Press/Den @ L,MLT; DPS-dst
        0: P =   0.00, D =9075.91 @  1.54 Rp,12.07 MLT; DPS:   0.00
        1: P =   0.33, D =   0.23 @  4.75 Rp, 9.93 MLT; DPS:  -1.33
        2: P =   2.76, D =   0.26 @  3.95 Rp, 9.26 MLT; DPS:  -5.40
[0m [32m<Writing HDF5 DATA @ t =     4.751 [min] >[0m 
[32m<Writing RAIJU HDF5 DATA @ t =     4.833 [min] >[0m 
 [36m
 GAMERA
      Time =     4.834 [min]
        ts =     4024
        dt =  5.14E-02 [sec]
    dt/dt0 =   43.205%
    Spent     0.0% of time waiting for Voltron
      kZCs =   3572.01 /   1599.02 [MHD/TOT] (8 threads)
[0m       CPCP =   42.167  42.926 [kV, N/S]
 [34m
 VOLTRON
      UT   = 2001-06-01 23:04:50
      tilt =    0.000 [deg]
    Sym-H  =   -5.000 [nT]
    BSDst  ~    8.734 [nT]
           dSMRs  ~     2.11   -0.18   -1.68   -0.25 [nT, 12/18/00/06]
   DPSDst  ~   -5.350 [nT]
   Spent    53.6% of time waiting for Gamera
            10.8% of time processing Chimp(Helpers)
             6.4% of time processing IMAG
            10.9% of time processing Remix
            18.0% of time processing Tubes(Helpers)
             0.0% of time writing files
    Running @   56.701% of real-time (8 threads)
[0m  [35m
 RAIJU
      UT   = 2001-06-01 23:04:55
      Time =     4.917 [min]
     dtCpl =  5.00E+00 [sec]
     Max/Min dt @ k:
        Max 3.57E+01 [sec] @ 57
        Min 1.38E-01 [sec] @ 160
     Flav : max Press/Den @ L,MLT; DPS-dst
        0: P =   0.00, D =9075.91 @  1.54 Rp,12.07 MLT; DPS:   0.00
        1: P =   0.33, D =   0.23 @  4.75 Rp, 9.93 MLT; DPS:  -1.33
        2: P =   2.76, D =   0.26 @  3.95 Rp, 9.26 MLT; DPS:  -5.41
[0m [32m<Writing HDF5 DATA @ t =     4.834 [min] >[0m 
[32m<Writing RAIJU HDF5 DATA @ t =     4.917 [min] >[0m 
 [36m
 GAMERA
      Time =     4.917 [min]
        ts =     4135
        dt =  3.78E-02 [sec]
    dt/dt0 =   31.740%
    Spent     0.0% of time waiting for Voltron
      kZCs =   3573.95 /   1818.30 [MHD/TOT] (8 threads)
[0m       CPCP =   44.349  44.880 [kV, N/S]
 [34m
 VOLTRON
      UT   = 2001-06-01 23:04:55
      tilt =    0.000 [deg]
    Sym-H  =   -5.000 [nT]
    BSDst  ~    8.919 [nT]
           dSMRs  ~     2.16   -0.18   -1.74   -0.24 [nT, 12/18/00/06]
   DPSDst  ~   -5.356 [nT]
   Spent    54.1% of time waiting for Gamera
            10.7% of time processing Chimp(Helpers)
             6.4% of time processing IMAG
            10.8% of time processing Remix
            17.8% of time processing Tubes(Helpers)
             0.0% of time writing files
    Running @   56.638% of real-time (8 threads)
[0m  [35m
 RAIJU
      UT   = 2001-06-01 23:04:59
      Time =     5.000 [min]
     dtCpl =  5.00E+00 [sec]
     Max/Min dt @ k:
        Max 3.45E+01 [sec] @ 57
        Min 1.38E-01 [sec] @ 160
     Flav : max Press/Den @ L,MLT; DPS-dst
        0: P =   0.00, D =9075.91 @  1.54 Rp,12.07 MLT; DPS:   0.00
        1: P =   0.33, D =   0.23 @  4.75 Rp, 9.93 MLT; DPS:  -1.33
        2: P =   2.77, D =   0.26 @  3.95 Rp, 9.26 MLT; DPS:  -5.42
[0m [32m<Writing HDF5 DATA @ t =     4.917 [min] >[0m 
[32m<Writing RAIJU HDF5 DATA @ t =     5.000 [min] >[0m 
 [36m
 GAMERA
      Time =     5.000 [min]
        ts =     4288
        dt =  3.52E-02 [sec]
    dt/dt0 =   29.531%
    Spent     0.0% of time waiting for Voltron
      kZCs =   3574.61 /   2063.11 [MHD/TOT] (8 threads)
[0m       CPCP =   46.587  47.103 [kV, N/S]
 [34m
 VOLTRON
      UT   = 2001-06-01 23:05:00
      tilt =    0.000 [deg]
    Sym-H  =   -5.000 [nT]
    BSDst  ~    9.105 [nT]
           dSMRs  ~     2.23   -0.17   -1.81   -0.25 [nT, 12/18/00/06]
   DPSDst  ~   -5.361 [nT]
   Spent    55.7% of time waiting for Gamera
            10.3% of time processing Chimp(Helpers)
             6.2% of time processing IMAG
            10.5% of time processing Remix
            17.2% of time processing Tubes(Helpers)
             0.0% of time writing files
    Running @   56.261% of real-time (8 threads)
[0m  [35m
 RAIJU
      UT   = 2001-06-01 23:05:05
      Time =     5.083 [min]
     dtCpl =  5.00E+00 [sec]
     Max/Min dt @ k:
        Max 3.35E+01 [sec] @ 57
        Min 1.38E-01 [sec] @ 160
     Flav : max Press/Den @ L,MLT; DPS-dst
        0: P =   0.00, D =9075.91 @  1.54 Rp,12.07 MLT; DPS:   0.00
        1: P =   0.32, D =   0.23 @  4.74 Rp, 9.93 MLT; DPS:  -1.33
        2: P =   2.78, D =   0.26 @  3.95 Rp, 9.26 MLT; DPS:  -5.43
[0m [32m<Writing HDF5 DATA @ t =     5.000 [min] >[0m 
[32m<Writing RAIJU HDF5 DATA @ t =     5.083 [min] >[0m 
 [36m
 GAMERA
      Time =     5.083 [min]
        ts =     4418
        dt =  4.37E-02 [sec]
    dt/dt0 =   36.733%
    Spent     0.0% of time waiting for Voltron
      kZCs =   3576.49 /   1940.88 [MHD/TOT] (8 threads)
[0m       CPCP =   48.868  49.141 [kV, N/S]
 [34m
 VOLTRON
      UT   = 2001-06-01 23:05:05
      tilt =    0.000 [deg]
    Sym-H  =   -5.000 [nT]
    BSDst  ~    9.294 [nT]
           dSMRs  ~     2.32   -0.16   -1.88   -0.28 [nT, 12/18/00/06]
   DPSDst  ~   -5.374 [nT]
   Spent    56.5% of time waiting for Gamera
            10.1% of time processing Chimp(Helpers)
             6.1% of time processing IMAG
            10.3% of time processing Remix
            16.9% of time processing Tubes(Helpers)
             0.0% of time writing files
    Running @   56.050% of real-time (8 threads)
[0m  [35m
 RAIJU
      UT   = 2001-06-01 23:05:10
      Time =     5.167 [min]
     dtCpl =  5.00E+00 [sec]
     Max/Min dt @ k:
        Max 3.24E+01 [sec] @ 58
        Min 1.38E-01 [sec] @ 160
     Flav : max Press/Den @ L,MLT; DPS-dst
        0: P =   0.00, D =9075.91 @  1.54 Rp,12.07 MLT; DPS:   0.00
        1: P =   0.32, D =   0.23 @  4.74 Rp, 9.92 MLT; DPS:  -1.32
        2: P =   2.78, D =   0.26 @  3.95 Rp, 9.26 MLT; DPS:  -5.45
[0m [32m<Writing HDF5 DATA @ t =     5.083 [min] >[0m 
[32m<Writing RAIJU HDF5 DATA @ t =     5.167 [min] >[0m 
 [36m
 GAMERA
      Time =     5.167 [min]
        ts =     4494
        dt =  6.80E-02 [sec]
    dt/dt0 =   57.124%
    Spent     0.0% of time waiting for Voltron
      kZCs =   3573.32 /   1518.46 [MHD/TOT] (8 threads)
[0m       CPCP =   51.335  50.770 [kV, N/S]
 [34m
 VOLTRON
      UT   = 2001-06-01 23:05:10
      tilt =    0.000 [deg]
    Sym-H  =   -5.000 [nT]
    BSDst  ~    9.465 [nT]
           dSMRs  ~     2.38   -0.16   -1.92   -0.30 [nT, 12/18/00/06]
   DPSDst  ~   -5.385 [nT]
   Spent    55.1% of time waiting for Gamera
            10.4% of time processing Chimp(Helpers)
             6.3% of time processing IMAG
            10.6% of time processing Remix
            17.4% of time processing Tubes(Helpers)
             0.0% of time writing files
    Running @   56.404% of real-time (8 threads)
[0m  [35m
 RAIJU
      UT   = 2001-06-01 23:05:15
      Time =     5.250 [min]
     dtCpl =  5.00E+00 [sec]
     Max/Min dt @ k:
        Max 3.13E+01 [sec] @ 58
        Min 1.38E-01 [sec] @ 160
     Flav : max Press/Den @ L,MLT; DPS-dst
        0: P =   0.00, D =9075.91 @  1.54 Rp,12.07 MLT; DPS:   0.00
        1: P =   0.32, D =   0.22 @  4.74 Rp, 9.93 MLT; DPS:  -1.32
        2: P =   2.79, D =   0.26 @  3.94 Rp, 9.13 MLT; DPS:  -5.46
[0m [32m<Writing HDF5 DATA @ t =     5.167 [min] >[0m 
[32m<Writing RAIJU HDF5 DATA @ t =     5.250 [min] >[0m 
 [36m
 GAMERA
      Time =     5.250 [min]
        ts =     4571
        dt =  6.27E-02 [sec]
    dt/dt0 =   52.669%
    Spent     0.0% of time waiting for Voltron
      kZCs =   3573.40 /   1525.09 [MHD/TOT] (8 threads)
[0m       CPCP =   53.339  52.689 [kV, N/S]
 [34m
 VOLTRON
      UT   = 2001-06-01 23:05:15
      tilt =    0.000 [deg]
    Sym-H  =   -5.000 [nT]
    BSDst  ~    9.620 [nT]
           dSMRs  ~     2.38   -0.15   -1.94   -0.29 [nT, 12/18/00/06]
   DPSDst  ~   -5.394 [nT]
   Spent    53.9% of time waiting for Gamera
            10.7% of time processing Chimp(Helpers)
             6.4% of time processing IMAG
            10.9% of time processing Remix
            17.9% of time processing Tubes(Helpers)
             0.0% of time writing files
    Running @   56.715% of real-time (8 threads)
[0m  [35m
 RAIJU
      UT   = 2001-06-01 23:05:20
      Time =     5.333 [min]
     dtCpl =  5.00E+00 [sec]
     Max/Min dt @ k:
        Max 3.04E+01 [sec] @ 58
        Min 1.38E-01 [sec] @ 160
     Flav : max Press/Den @ L,MLT; DPS-dst
        0: P =   0.00, D =9075.91 @  1.54 Rp,12.07 MLT; DPS:   0.00
        1: P =   0.32, D =   0.22 @  4.74 Rp, 9.93 MLT; DPS:  -1.32
        2: P =   2.79, D =   0.26 @  3.94 Rp, 9.13 MLT; DPS:  -5.47
[0m [32m<Writing HDF5 DATA @ t =     5.250 [min] >[0m 
[32m<Writing RAIJU HDF5 DATA @ t =     5.333 [min] >[0m 
 [36m
 GAMERA
      Time =     5.334 [min]
        ts =     4655
        dt =  5.46E-02 [sec]
    dt/dt0 =   45.888%
    Spent     0.0% of time waiting for Voltron
      kZCs =   3575.62 /   1595.74 [MHD/TOT] (8 threads)
[0m       CPCP =   55.499  54.708 [kV, N/S]
 [34m
 VOLTRON
      UT   = 2001-06-01 23:05:20
      tilt =    0.000 [deg]
    Sym-H  =   -5.000 [nT]
    BSDst  ~    9.720 [nT]
           dSMRs  ~     2.35   -0.12   -1.95   -0.28 [nT, 12/18/00/06]
   DPSDst  ~   -5.402 [nT]
   Spent    53.3% of time waiting for Gamera
            10.8% of time processing Chimp(Helpers)
             6.5% of time processing IMAG
            11.0% of time processing Remix
            18.1% of time processing Tubes(Helpers)
             0.0% of time writing files
    Running @   56.788% of real-time (8 threads)
[0m  [35m
 RAIJU
      UT   = 2001-06-01 23:05:25
      Time =     5.417 [min]
     dtCpl =  5.00E+00 [sec]
     Max/Min dt @ k:
        Max 2.95E+01 [sec] @ 58
        Min 1.38E-01 [sec] @ 160
     Flav : max Press/Den @ L,MLT; DPS-dst
        0: P =   0.00, D =9075.91 @  1.54 Rp,12.07 MLT; DPS:   0.00
        1: P =   0.31, D =   0.22 @  4.74 Rp, 9.93 MLT; DPS:  -1.32
        2: P =   2.80, D =   0.26 @  3.94 Rp, 9.13 MLT; DPS:  -5.48
[0m [32m<Writing HDF5 DATA @ t =     5.334 [min] >[0m 
[32m<Writing RAIJU HDF5 DATA @ t =     5.417 [min] >[0m 
 [36m
 GAMERA
      Time =     5.417 [min]
        ts =     4761
        dt =  3.91E-02 [sec]
    dt/dt0 =   32.839%
    Spent     0.0% of time waiting for Voltron
      kZCs =   3573.06 /   1780.93 [MHD/TOT] (8 threads)
[0m       CPCP =   57.763  56.772 [kV, N/S]
 [34m
 VOLTRON
      UT   = 2001-06-01 23:05:25
      tilt =    0.000 [deg]
    Sym-H  =   -5.000 [nT]
    BSDst  ~    9.842 [nT]
           dSMRs  ~     2.35   -0.11   -1.98   -0.26 [nT, 12/18/00/06]
   DPSDst  ~   -5.407 [nT]
   Spent    53.7% of time waiting for Gamera
            10.7% of time processing Chimp(Helpers)
             6.5% of time processing IMAG
            10.9% of time processing Remix
            18.0% of time processing Tubes(Helpers)
             0.0% of time writing files
    Running @   56.762% of real-time (8 threads)
[0m  [35m
 RAIJU
      UT   = 2001-06-01 23:05:30
      Time =     5.500 [min]
     dtCpl =  5.00E+00 [sec]
     Max/Min dt @ k:
        Max 2.88E+01 [sec] @ 58
        Min 1.38E-01 [sec] @ 160
     Flav : max Press/Den @ L,MLT; DPS-dst
        0: P =   0.00, D =9075.91 @  1.54 Rp,12.07 MLT; DPS:   0.00
        1: P =   0.31, D =   0.22 @  4.74 Rp, 9.79 MLT; DPS:  -1.32
        2: P =   2.80, D =   0.26 @  3.94 Rp, 9.13 MLT; DPS:  -5.49
[0m [32m<Writing HDF5 DATA @ t =     5.417 [min] >[0m 
[32m<Writing RAIJU HDF5 DATA @ t =     5.500 [min] >[0m 
 [36m
 GAMERA
      Time =     5.500 [min]
        ts =     4905
        dt =  3.06E-02 [sec]
    dt/dt0 =   25.742%
    Spent     0.0% of time waiting for Voltron
      kZCs =   3576.20 /   2019.25 [MHD/TOT] (8 threads)
[0m       CPCP =   59.784  58.702 [kV, N/S]
 [34m
 VOLTRON
      UT   = 2001-06-01 23:05:30
      tilt =    0.000 [deg]
    Sym-H  =   -5.000 [nT]
    BSDst  ~   10.001 [nT]
           dSMRs  ~     2.39   -0.11   -2.04   -0.25 [nT, 12/18/00/06]
   DPSDst  ~   -5.417 [nT]
   Spent    55.1% of time waiting for Gamera
            10.4% of time processing Chimp(Helpers)
             6.3% of time processing IMAG
            10.6% of time processing Remix
            17.4% of time processing Tubes(Helpers)
             0.0% of time writing files
    Running @   56.421% of real-time (8 threads)
[0m  [35m
 RAIJU
      UT   = 2001-06-01 23:05:35
      Time =     5.583 [min]
     dtCpl =  5.00E+00 [sec]
     Max/Min dt @ k:
        Max 2.82E+01 [sec] @ 58
        Min 1.38E-01 [sec] @ 160
     Flav : max Press/Den @ L,MLT; DPS-dst
        0: P =   0.00, D =9075.91 @  1.54 Rp,12.07 MLT; DPS:   0.00
        1: P =   0.31, D =   0.22 @  4.74 Rp, 9.79 MLT; DPS:  -1.32
        2: P =   2.81, D =   0.26 @  3.94 Rp, 8.99 MLT; DPS:  -5.50
[0m [32m<Writing HDF5 DATA @ t =     5.500 [min] >[0m 
[32m<Writing RAIJU HDF5 DATA @ t =     5.583 [min] >[0m 
 [36m
 GAMERA
      Time =     5.584 [min]
        ts =     5070
        dt =  2.99E-02 [sec]
    dt/dt0 =   25.105%
    Spent     0.0% of time waiting for Voltron
      kZCs =   3575.24 /   2117.55 [MHD/TOT] (8 threads)
[0m       CPCP =   61.664  60.303 [kV, N/S]
 [34m
 VOLTRON
      UT   = 2001-06-01 23:05:35
      tilt =    0.000 [deg]
    Sym-H  =   -5.000 [nT]
    BSDst  ~   10.171 [nT]
           dSMRs  ~     2.43   -0.11   -2.09   -0.23 [nT, 12/18/00/06]
   DPSDst  ~   -5.423 [nT]
   Spent    56.8% of time waiting for Gamera
            10.0% of time processing Chimp(Helpers)
             6.0% of time processing IMAG
            10.2% of time processing Remix
            16.8% of time processing Tubes(Helpers)
             0.0% of time writing files
    Running @   55.992% of real-time (8 threads)
[0m  [35m
 RAIJU
      UT   = 2001-06-01 23:05:40
      Time =     5.667 [min]
     dtCpl =  5.00E+00 [sec]
     Max/Min dt @ k:
        Max 2.75E+01 [sec] @ 58
        Min 1.38E-01 [sec] @ 160
     Flav : max Press/Den @ L,MLT; DPS-dst
        0: P =   0.00, D =9075.91 @  1.54 Rp,12.07 MLT; DPS:   0.00
        1: P =   0.30, D =   0.22 @  4.73 Rp, 9.79 MLT; DPS:  -1.31
        2: P =   2.82, D =   0.26 @  3.94 Rp, 8.99 MLT; DPS:  -5.51
[0m [32m<Writing HDF5 DATA @ t =     5.584 [min] >[0m 
[32m<Writing RAIJU HDF5 DATA @ t =     5.667 [min] >[0m 
 [36m
 GAMERA
      Time =     5.667 [min]
        ts =     5192
        dt =  4.22E-02 [sec]
    dt/dt0 =   35.407%
    Spent     0.0% of time waiting for Voltron
      kZCs =   3575.54 /   1896.12 [MHD/TOT] (8 threads)
[0m       CPCP =   63.301  61.723 [kV, N/S]
 [34m
 VOLTRON
      UT   = 2001-06-01 23:05:40
      tilt =    0.000 [deg]
    Sym-H  =   -5.000 [nT]
    BSDst  ~   10.336 [nT]
           dSMRs  ~     2.43   -0.07   -2.12   -0.23 [nT, 12/18/00/06]
   DPSDst  ~   -5.428 [nT]
   Spent    57.2% of time waiting for Gamera
             9.9% of time processing Chimp(Helpers)
             6.0% of time processing IMAG
            10.1% of time processing Remix
            16.7% of time processing Tubes(Helpers)
             0.0% of time writing files
    Running @   55.854% of real-time (8 threads)
[0m  [35m
 RAIJU
      UT   = 2001-06-01 23:05:45
      Time =     5.750 [min]
     dtCpl =  5.00E+00 [sec]
     Max/Min dt @ k:
        Max 2.69E+01 [sec] @ 58
        Min 1.38E-01 [sec] @ 160
     Flav : max Press/Den @ L,MLT; DPS-dst
        0: P =   0.00, D =9075.91 @  1.54 Rp,12.07 MLT; DPS:   0.00
        1: P =   0.30, D =   0.21 @  4.73 Rp, 9.66 MLT; DPS:  -1.31
        2: P =   2.82, D =   0.26 @  3.94 Rp, 8.99 MLT; DPS:  -5.52
[0m [32m<Writing HDF5 DATA @ t =     5.667 [min] >[0m 
[32m<Writing RAIJU HDF5 DATA @ t =     5.750 [min] >[0m 
 [36m
 GAMERA
      Time =     5.750 [min]
        ts =     5308
        dt =  4.25E-02 [sec]
    dt/dt0 =   35.669%
    Spent     0.0% of time waiting for Voltron
      kZCs =   3575.89 /   1856.73 [MHD/TOT] (8 threads)
[0m       CPCP =   64.451  62.868 [kV, N/S]
 [34m
 VOLTRON
      UT   = 2001-06-01 23:05:45
      tilt =    0.000 [deg]
    Sym-H  =   -5.000 [nT]
    BSDst  ~   10.511 [nT]
           dSMRs  ~     2.41   -0.04   -2.15   -0.22 [nT, 12/18/00/06]
   DPSDst  ~   -5.436 [nT]
   Spent    57.3% of time waiting for Gamera
             9.9% of time processing Chimp(Helpers)
             6.0% of time processing IMAG
            10.1% of time processing Remix
            16.6% of time processing Tubes(Helpers)
             0.0% of time writing files
    Running @   55.777% of real-time (8 threads)
[0m  [35m
 RAIJU
      UT   = 2001-06-01 23:05:50
      Time =     5.833 [min]
     dtCpl =  5.00E+00 [sec]
     Max/Min dt @ k:
        Max 2.62E+01 [sec] @ 58
        Min 1.38E-01 [sec] @ 160
     Flav : max Press/Den @ L,MLT; DPS-dst
        0: P =   0.00, D =9075.91 @  1.54 Rp,12.07 MLT; DPS:   0.00
        1: P =   0.30, D =   0.21 @  4.73 Rp, 9.66 MLT; DPS:  -1.31
        2: P =   2.83, D =   0.26 @  3.94 Rp, 8.86 MLT; DPS:  -5.53
[0m [32m<Writing HDF5 DATA @ t =     5.750 [min] >[0m 
[32m<Writing RAIJU HDF5 DATA @ t =     5.833 [min] >[0m 
 [36m
 GAMERA
      Time =     5.834 [min]
        ts =     5416
        dt =  5.91E-02 [sec]
    dt/dt0 =   49.674%
    Spent     0.0% of time waiting for Voltron
      kZCs =   3575.01 /   1799.44 [MHD/TOT] (8 threads)
[0m       CPCP =   65.015  63.682 [kV, N/S]
 [34m
 VOLTRON
      UT   = 2001-06-01 23:05:50
      tilt =    0.000 [deg]
    Sym-H  =   -5.000 [nT]
    BSDst  ~   10.660 [nT]
           dSMRs  ~     2.39   -0.02   -2.18   -0.18 [nT, 12/18/00/06]
   DPSDst  ~   -5.445 [nT]
   Spent    57.2% of time waiting for Gamera
             9.9% of time processing Chimp(Helpers)
             6.0% of time processing IMAG
            10.1% of time processing Remix
            16.7% of time processing Tubes(Helpers)
             0.0% of time writing files
    Running @   55.792% of real-time (8 threads)
[0m  [35m
 RAIJU
      UT   = 2001-06-01 23:05:55
      Time =     5.917 [min]
     dtCpl =  5.00E+00 [sec]
     Max/Min dt @ k:
        Max 2.58E+01 [sec] @ 58
        Min 1.38E-01 [sec] @ 160
     Flav : max Press/Den @ L,MLT; DPS-dst
        0: P =   0.00, D =9075.91 @  1.54 Rp,12.07 MLT; DPS:   0.00
        1: P =   0.29, D =   0.21 @  4.73 Rp, 9.66 MLT; DPS:  -1.31
        2: P =   2.83, D =   0.26 @  3.94 Rp, 8.86 MLT; DPS:  -5.54
[0m [32m<Writing HDF5 DATA @ t =     5.834 [min] >[0m 
[32m<Writing RAIJU HDF5 DATA @ t =     5.917 [min] >[0m 
 [36m
 GAMERA
      Time =     5.917 [min]
        ts =     5493
        dt =  6.68E-02 [sec]
    dt/dt0 =   56.116%
    Spent     0.0% of time waiting for Voltron
      kZCs =   3574.86 /   1531.30 [MHD/TOT] (8 threads)
[0m       CPCP =   64.826  63.946 [kV, N/S]
 [34m
 VOLTRON
      UT   = 2001-06-01 23:05:55
      tilt =    0.000 [deg]
    Sym-H  =   -5.000 [nT]
    BSDst  ~   10.785 [nT]
           dSMRs  ~     2.35   -0.00   -2.20   -0.15 [nT, 12/18/00/06]
   DPSDst  ~   -5.457 [nT]
   Spent    55.7% of time waiting for Gamera
            10.2% of time processing Chimp(Helpers)
             6.2% of time processing IMAG
            10.4% of time processing Remix
            17.3% of time processing Tubes(Helpers)
             0.0% of time writing files
    Running @   56.122% of real-time (8 threads)
[0m  [35m
 RAIJU
      UT   = 2001-06-01 23:05:59
      Time =     6.000 [min]
     dtCpl =  5.00E+00 [sec]
     Max/Min dt @ k:
        Max 2.55E+01 [sec] @ 59
        Min 1.38E-01 [sec] @ 160
     Flav : max Press/Den @ L,MLT; DPS-dst
        0: P =   0.00, D =9075.91 @  1.54 Rp,12.07 MLT; DPS:   0.00
        1: P =   0.29, D =   0.21 @  4.73 Rp, 9.52 MLT; DPS:  -1.31
        2: P =   2.84, D =   0.26 @  3.94 Rp, 8.73 MLT; DPS:  -5.56
[0m [32m<Writing HDF5 DATA @ t =     5.917 [min] >[0m 
[32m<Writing RAIJU HDF5 DATA @ t =     6.000 [min] >[0m 
 [36m
 GAMERA
      Time =     6.000 [min]
        ts =     5575
        dt =  5.64E-02 [sec]
    dt/dt0 =   47.405%
    Spent     0.0% of time waiting for Voltron
      kZCs =   3575.85 /   1582.54 [MHD/TOT] (8 threads)
[0m       CPCP =   64.127  63.572 [kV, N/S]
 [34m
 VOLTRON
      UT   = 2001-06-01 23:06:00
      tilt =    0.000 [deg]
    Sym-H  =   -5.000 [nT]
    BSDst  ~   10.901 [nT]
           dSMRs  ~     2.30    0.03   -2.20   -0.12 [nT, 12/18/00/06]
   DPSDst  ~   -5.467 [nT]
   Spent    54.8% of time waiting for Gamera
            10.4% of time processing Chimp(Helpers)
             6.3% of time processing IMAG
            10.7% of time processing Remix
            17.7% of time processing Tubes(Helpers)
             0.0% of time writing files
    Running @   56.383% of real-time (8 threads)
[0m  [35m
 RAIJU
      UT   = 2001-06-01 23:06:05
      Time =     6.083 [min]
     dtCpl =  5.00E+00 [sec]
     Max/Min dt @ k:
        Max 2.54E+01 [sec] @ 59
        Min 1.38E-01 [sec] @ 160
     Flav : max Press/Den @ L,MLT; DPS-dst
        0: P =   0.00, D =9075.91 @  1.54 Rp,12.07 MLT; DPS:   0.00
        1: P =   0.29, D =   5.87 @  9.13 Rp,12.07 MLT; DPS:  -1.31
        2: P =   2.84, D =   0.26 @  3.94 Rp, 8.19 MLT; DPS:  -5.57
[0m [32m<Writing HDF5 DATA @ t =     6.000 [min] >[0m 
[32m<Writing RAIJU HDF5 DATA @ t =     6.083 [min] >[0m 
 [36m
 GAMERA
      Time =     6.084 [min]
        ts =     5662
        dt =  5.96E-02 [sec]
    dt/dt0 =   50.083%
    Spent     0.0% of time waiting for Voltron
      kZCs =   3576.04 /   1632.15 [MHD/TOT] (8 threads)
[0m       CPCP =   62.509  62.401 [kV, N/S]
 [34m
 VOLTRON
      UT   = 2001-06-01 23:06:05
      tilt =    0.000 [deg]
    Sym-H  =   -5.000 [nT]
    BSDst  ~   11.026 [nT]
           dSMRs  ~     2.24    0.05   -2.18   -0.10 [nT, 12/18/00/06]
   DPSDst  ~   -5.476 [nT]
   Spent    54.2% of time waiting for Gamera
            10.5% of time processing Chimp(Helpers)
             6.4% of time processing IMAG
            10.8% of time processing Remix
            17.9% of time processing Tubes(Helpers)
             0.0% of time writing files
    Running @   56.605% of real-time (8 threads)
[0m  [35m
 RAIJU
      UT   = 2001-06-01 23:06:10
      Time =     6.167 [min]
     dtCpl =  5.00E+00 [sec]
     Max/Min dt @ k:
        Max 2.57E+01 [sec] @ 59
        Min 1.38E-01 [sec] @ 160
     Flav : max Press/Den @ L,MLT; DPS-dst
        0: P =   0.00, D =9075.91 @  1.54 Rp,12.07 MLT; DPS:   0.00
        1: P =   0.30, D =   5.95 @  9.09 Rp,12.07 MLT; DPS:  -1.31
        2: P =   2.85, D =   0.26 @  3.94 Rp, 8.06 MLT; DPS:  -5.58
[0m [32m<Writing HDF5 DATA @ t =     6.084 [min] >[0m 
[32m<Writing RAIJU HDF5 DATA @ t =     6.167 [min] >[0m 
 [36m
 GAMERA
      Time =     6.167 [min]
        ts =     5746
        dt =  5.39E-02 [sec]
    dt/dt0 =   45.285%
    Spent     0.0% of time waiting for Voltron
      kZCs =   3576.76 /   1605.59 [MHD/TOT] (8 threads)
[0m       CPCP =   60.425  60.401 [kV, N/S]
 [34m
 VOLTRON
      UT   = 2001-06-01 23:06:10
      tilt =    0.000 [deg]
    Sym-H  =   -5.000 [nT]
    BSDst  ~   11.170 [nT]
           dSMRs  ~     2.24    0.03   -2.19   -0.09 [nT, 12/18/00/06]
   DPSDst  ~   -5.485 [nT]
   Spent    53.6% of time waiting for Gamera
            10.7% of time processing Chimp(Helpers)
             6.5% of time processing IMAG
            10.9% of time processing Remix
            18.1% of time processing Tubes(Helpers)
             0.0% of time writing files
    Running @   56.831% of real-time (8 threads)
[0m  [35m
 RAIJU
      UT   = 2001-06-01 23:06:15
      Time =     6.250 [min]
     dtCpl =  5.00E+00 [sec]
     Max/Min dt @ k:
        Max 2.61E+01 [sec] @ 58
        Min 1.38E-01 [sec] @ 160
     Flav : max Press/Den @ L,MLT; DPS-dst
        0: P =   0.00, D =9075.91 @  1.54 Rp,12.07 MLT; DPS:   0.00
        1: P =   0.30, D =   6.05 @  8.98 Rp,12.23 MLT; DPS:  -1.30
        2: P =   2.85, D =   0.26 @  3.94 Rp, 7.99 MLT; DPS:  -5.59
[0m [32m<Writing HDF5 DATA @ t =     6.167 [min] >[0m 
[32m<Writing RAIJU HDF5 DATA @ t =     6.250 [min] >[0m 
 [36m
 GAMERA
      Time =     6.250 [min]
        ts =     5875
        dt =  3.17E-02 [sec]
    dt/dt0 =   26.655%
    Spent     0.0% of time waiting for Voltron
      kZCs =   3574.86 /   1947.86 [MHD/TOT] (8 threads)
[0m       CPCP =   60.594  59.877 [kV, N/S]
 [34m
 VOLTRON
      UT   = 2001-06-01 23:06:15
      tilt =    0.000 [deg]
    Sym-H  =   -5.000 [nT]
    BSDst  ~   11.370 [nT]
           dSMRs  ~     2.26    0.05   -2.20   -0.11 [nT, 12/18/00/06]
   DPSDst  ~   -5.497 [nT]
   Spent    54.7% of time waiting for Gamera
            10.4% of time processing Chimp(Helpers)
             6.4% of time processing IMAG
            10.7% of time processing Remix
            17.7% of time processing Tubes(Helpers)
             0.0% of time writing files
    Running @   56.550% of real-time (8 threads)
[0m  [35m
 RAIJU
      UT   = 2001-06-01 23:06:20
      Time =     6.333 [min]
     dtCpl =  5.00E+00 [sec]
     Max/Min dt @ k:
        Max 2.67E+01 [sec] @ 58
        Min 1.38E-01 [sec] @ 160
     Flav : max Press/Den @ L,MLT; DPS-dst
        0: P =   0.00, D =9075.91 @  1.54 Rp,12.07 MLT; DPS:   0.00
        1: P =   0.31, D =   6.14 @  8.94 Rp,12.07 MLT; DPS:  -1.30
        2: P =   2.85, D =   0.26 @  3.94 Rp, 7.99 MLT; DPS:  -5.60
[0m [32m<Writing HDF5 DATA @ t =     6.250 [min] >[0m 
[32m<Writing RAIJU HDF5 DATA @ t =     6.333 [min] >[0m 
 [36m
 GAMERA
      Time =     6.334 [min]
        ts =     6034
        dt =  3.42E-02 [sec]
    dt/dt0 =   28.693%
    Spent     0.0% of time waiting for Voltron
      kZCs =   3577.55 /   2102.45 [MHD/TOT] (8 threads)
[0m       CPCP =   61.095  58.578 [kV, N/S]
 [34m
 VOLTRON
      UT   = 2001-06-01 23:06:20
      tilt =    0.000 [deg]
    Sym-H  =   -5.000 [nT]
    BSDst  ~   11.602 [nT]
           dSMRs  ~     2.22    0.08   -2.19   -0.10 [nT, 12/18/00/06]
   DPSDst  ~   -5.514 [nT]
   Spent    56.4% of time waiting for Gamera
            10.0% of time processing Chimp(Helpers)
             6.2% of time processing IMAG
            10.2% of time processing Remix
            17.1% of time processing Tubes(Helpers)
             0.0% of time writing files
    Running @   56.157% of real-time (8 threads)
[0m  [35m
 RAIJU
      UT   = 2001-06-01 23:06:25
      Time =     6.417 [min]
     dtCpl =  5.00E+00 [sec]
     Max/Min dt @ k:
        Max 2.72E+01 [sec] @ 58
        Min 1.38E-01 [sec] @ 160
     Flav : max Press/Den @ L,MLT; DPS-dst
        0: P =   0.00, D =9075.91 @  1.54 Rp,12.07 MLT; DPS:   0.00
        1: P =   0.32, D =   6.23 @  9.03 Rp,12.07 MLT; DPS:  -1.31
        2: P =   2.86, D =   0.26 @  3.94 Rp, 7.73 MLT; DPS:  -5.62
[0m [32m<Writing HDF5 DATA @ t =     6.334 [min] >[0m 
[32m<Writing RAIJU HDF5 DATA @ t =     6.417 [min] >[0m 
 [36m
 GAMERA
      Time =     6.417 [min]
        ts =     6148
        dt =  4.23E-02 [sec]
    dt/dt0 =   35.553%
    Spent     0.0% of time waiting for Voltron
      kZCs =   3576.59 /   1852.03 [MHD/TOT] (8 threads)
[0m       CPCP =   61.758  57.424 [kV, N/S]
 [34m
 VOLTRON
      UT   = 2001-06-01 23:06:25
      tilt =    0.000 [deg]
    Sym-H  =   -5.000 [nT]
    BSDst  ~   11.903 [nT]
           dSMRs  ~     2.19    0.10   -2.19   -0.10 [nT, 12/18/00/06]
   DPSDst  ~   -5.524 [nT]
   Spent    56.6% of time waiting for Gamera
             9.9% of time processing Chimp(Helpers)
             6.1% of time processing IMAG
            10.2% of time processing Remix
            17.0% of time processing Tubes(Helpers)
             0.0% of time writing files
    Running @   56.097% of real-time (8 threads)
[0m  [35m
 RAIJU
      UT   = 2001-06-01 23:06:30
      Time =     6.500 [min]
     dtCpl =  5.00E+00 [sec]
     Max/Min dt @ k:
        Max 2.64E+01 [sec] @ 58
        Min 1.38E-01 [sec] @ 160
     Flav : max Press/Den @ L,MLT; DPS-dst
        0: P =   0.00, D =9075.91 @  1.54 Rp,12.07 MLT; DPS:   0.00
        1: P =   0.32, D =   6.31 @  8.78 Rp,12.07 MLT; DPS:  -1.30
        2: P =   2.86, D =   0.26 @  3.94 Rp, 7.73 MLT; DPS:  -5.63
[0m [32m<Writing HDF5 DATA @ t =     6.417 [min] >[0m 
[32m<Writing RAIJU HDF5 DATA @ t =     6.500 [min] >[0m 
 [36m
 GAMERA
      Time =     6.500 [min]
        ts =     6256
        dt =  4.89E-02 [sec]
    dt/dt0 =   41.074%
    Spent     0.0% of time waiting for Voltron
      kZCs =   3576.14 /   1811.66 [MHD/TOT] (8 threads)
[0m       CPCP =   61.041  56.088 [kV, N/S]
 [34m
 VOLTRON
      UT   = 2001-06-01 23:06:30
      tilt =    0.000 [deg]
    Sym-H  =   -5.000 [nT]
    BSDst  ~   12.262 [nT]
           dSMRs  ~     2.16    0.06   -2.16   -0.06 [nT, 12/18/00/06]
   DPSDst  ~   -5.534 [nT]
   Spent    56.6% of time waiting for Gamera
             9.9% of time processing Chimp(Helpers)
             6.1% of time processing IMAG
            10.2% of time processing Remix
            17.0% of time processing Tubes(Helpers)
             0.0% of time writing files
    Running @   56.098% of real-time (8 threads)
[0m  [35m
 RAIJU
      UT   = 2001-06-01 23:06:35
      Time =     6.583 [min]
     dtCpl =  5.00E+00 [sec]
     Max/Min dt @ k:
        Max 2.65E+01 [sec] @ 58
        Min 1.38E-01 [sec] @ 160
     Flav : max Press/Den @ L,MLT; DPS-dst
        0: P =   0.00, D =9075.91 @  1.54 Rp,12.07 MLT; DPS:   0.00
        1: P =   0.33, D =   6.39 @  8.72 Rp,12.07 MLT; DPS:  -1.30
        2: P =   2.87, D =   0.27 @  3.94 Rp, 7.73 MLT; DPS:  -5.64
[0m [32m<Writing HDF5 DATA @ t =     6.500 [min] >[0m 
[32m<Writing RAIJU HDF5 DATA @ t =     6.583 [min] >[0m 
 [36m
 GAMERA
      Time =     6.584 [min]
        ts =     6361
        dt =  4.59E-02 [sec]
    dt/dt0 =   38.580%
    Spent     0.0% of time waiting for Voltron
      kZCs =   3577.54 /   1790.11 [MHD/TOT] (8 threads)
[0m       CPCP =   60.574  55.195 [kV, N/S]
 [34m
 VOLTRON
      UT   = 2001-06-01 23:06:35
      tilt =    0.000 [deg]
    Sym-H  =   -5.000 [nT]
    BSDst  ~   12.573 [nT]
           dSMRs  ~     2.12    0.06   -2.14   -0.05 [nT, 12/18/00/06]
   DPSDst  ~   -5.533 [nT]
   Spent    56.5% of time waiting for Gamera
             9.9% of time processing Chimp(Helpers)
             6.2% of time processing IMAG
            10.2% of time processing Remix
            17.0% of time processing Tubes(Helpers)
             0.0% of time writing files
    Running @   56.114% of real-time (8 threads)
[0m  [35m
 RAIJU
      UT   = 2001-06-01 23:06:40
      Time =     6.667 [min]
     dtCpl =  5.00E+00 [sec]
     Max/Min dt @ k:
        Max 2.72E+01 [sec] @ 58
        Min 1.38E-01 [sec] @ 160
     Flav : max Press/Den @ L,MLT; DPS-dst
        0: P =   0.00, D =9075.91 @  1.54 Rp,12.07 MLT; DPS:   0.00
        1: P =   0.34, D =   6.46 @  8.61 Rp,12.07 MLT; DPS:  -1.29
        2: P =   2.88, D =   0.27 @  3.94 Rp, 7.73 MLT; DPS:  -5.64
[0m [32m<Writing HDF5 DATA @ t =     6.584 [min] >[0m 
[32m<Writing RAIJU HDF5 DATA @ t =     6.667 [min] >[0m 
 [36m
 GAMERA
      Time =     6.667 [min]
        ts =     6473
        dt =  4.54E-02 [sec]
    dt/dt0 =   38.140%
    Spent     0.0% of time waiting for Voltron
      kZCs =   3578.33 /   1847.80 [MHD/TOT] (8 threads)
[0m       CPCP =   60.315  54.347 [kV, N/S]
 [34m
 VOLTRON
      UT   = 2001-06-01 23:06:40
      tilt =    0.000 [deg]
    Sym-H  =   -5.000 [nT]
    BSDst  ~   12.855 [nT]
           dSMRs  ~     2.09    0.09   -2.13   -0.05 [nT, 12/18/00/06]
   DPSDst  ~   -5.542 [nT]
   Spent    56.7% of time waiting for Gamera
             9.9% of time processing Chimp(Helpers)
             6.2% of time processing IMAG
            10.2% of time processing Remix
            16.9% of time processing Tubes(Helpers)
             0.0% of time writing files
    Running @   56.092% of real-time (8 threads)
[0m  [35m
 RAIJU
      UT   = 2001-06-01 23:06:45
      Time =     6.750 [min]
     dtCpl =  5.00E+00 [sec]
     Max/Min dt @ k:
        Max 2.78E+01 [sec] @ 58
        Min 1.38E-01 [sec] @ 160
     Flav : max Press/Den @ L,MLT; DPS-dst
        0: P =   0.00, D =9075.91 @  1.54 Rp,12.07 MLT; DPS:   0.00
        1: P =   0.34, D =   6.56 @  8.62 Rp,12.07 MLT; DPS:  -1.29
        2: P =   2.88, D =   0.27 @  3.94 Rp, 7.73 MLT; DPS:  -5.66
[0m [32m<Writing HDF5 DATA @ t =     6.667 [min] >[0m 
[32m<Writing RAIJU HDF5 DATA @ t =     6.750 [min] >[0m 
 [36m
 GAMERA
      Time =     6.751 [min]
        ts =     6568
        dt =  5.68E-02 [sec]
    dt/dt0 =   47.739%
    Spent     0.0% of time waiting for Voltron
      kZCs =   3575.65 /   1718.69 [MHD/TOT] (8 threads)
[0m       CPCP =   59.507  53.059 [kV, N/S]
 [34m
 VOLTRON
      UT   = 2001-06-01 23:06:45
      tilt =    0.000 [deg]
    Sym-H  =   -5.000 [nT]
    BSDst  ~   13.100 [nT]
           dSMRs  ~     2.08    0.11   -2.15   -0.04 [nT, 12/18/00/06]
   DPSDst  ~   -5.556 [nT]
   Spent    56.2% of time waiting for Gamera
             9.9% of time processing Chimp(Helpers)
             6.2% of time processing IMAG
            10.3% of time processing Remix
            17.1% of time processing Tubes(Helpers)
             0.0% of time writing files
    Running @   56.173% of real-time (8 threads)
[0m  [35m
 RAIJU
      UT   = 2001-06-01 23:06:50
      Time =     6.833 [min]
     dtCpl =  5.00E+00 [sec]
     Max/Min dt @ k:
        Max 2.73E+01 [sec] @ 58
        Min 1.38E-01 [sec] @ 160
     Flav : max Press/Den @ L,MLT; DPS-dst
        0: P =   0.00, D =9075.91 @  1.54 Rp,12.07 MLT; DPS:   0.00
        1: P =   0.35, D =   6.66 @  8.52 Rp,12.07 MLT; DPS:  -1.29
        2: P =   2.89, D =   0.27 @  3.94 Rp, 7.66 MLT; DPS:  -5.67
[0m [32m<Writing HDF5 DATA @ t =     6.751 [min] >[0m 
[32m<Writing RAIJU HDF5 DATA @ t =     6.833 [min] >[0m 
 [36m
 GAMERA
      Time =     6.834 [min]
        ts =     6655
        dt =  5.70E-02 [sec]
    dt/dt0 =   47.904%
    Spent     0.0% of time waiting for Voltron
      kZCs =   3578.23 /   1654.37 [MHD/TOT] (8 threads)
[0m       CPCP =   59.127  52.162 [kV, N/S]
 [34m
 VOLTRON
      UT   = 2001-06-01 23:06:50
      tilt =    0.000 [deg]
    Sym-H  =   -5.000 [nT]
    BSDst  ~   13.341 [nT]
           dSMRs  ~     2.06    0.12   -2.15   -0.03 [nT, 12/18/00/06]
   DPSDst  ~   -5.568 [nT]
   Spent    55.5% of time waiting for Gamera
            10.1% of time processing Chimp(Helpers)
             6.4% of time processing IMAG
            10.4% of time processing Remix
            17.4% of time processing Tubes(Helpers)
             0.0% of time writing files
    Running @   56.408% of real-time (8 threads)
[0m  [35m
 RAIJU
      UT   = 2001-06-01 23:06:55
      Time =     6.917 [min]
     dtCpl =  5.00E+00 [sec]
     Max/Min dt @ k:
        Max 2.71E+01 [sec] @ 58
        Min 1.38E-01 [sec] @ 160
     Flav : max Press/Den @ L,MLT; DPS-dst
        0: P =   0.00, D =9075.91 @  1.54 Rp,12.07 MLT; DPS:   0.00
        1: P =   0.36, D =   6.75 @  8.36 Rp,12.23 MLT; DPS:  -1.29
        2: P =   2.89, D =   0.27 @  3.94 Rp, 7.66 MLT; DPS:  -5.69
[0m [32m<Writing HDF5 DATA @ t =     6.834 [min] >[0m 
[32m<Writing RAIJU HDF5 DATA @ t =     6.917 [min] >[0m 
 [36m
 GAMERA
      Time =     6.917 [min]
        ts =     6746
        dt =  5.17E-02 [sec]
    dt/dt0 =   43.446%
    Spent     0.0% of time waiting for Voltron
      kZCs =   3579.41 /   1691.16 [MHD/TOT] (8 threads)
[0m       CPCP =   59.079  51.354 [kV, N/S]
 [34m
 VOLTRON
      UT   = 2001-06-01 23:06:55
      tilt =    0.000 [deg]
    Sym-H  =   -5.000 [nT]
    BSDst  ~   13.590 [nT]
           dSMRs  ~     2.06    0.11   -2.15   -0.02 [nT, 12/18/00/06]
   DPSDst  ~   -5.583 [nT]
   Spent    55.1% of time waiting for Gamera
            10.2% of time processing Chimp(Helpers)
             6.4% of time processing IMAG
            10.5% of time processing Remix
            17.6% of time processing Tubes(Helpers)
             0.0% of time writing files
    Running @   56.549% of real-time (8 threads)
[0m  [35m
 RAIJU
      UT   = 2001-06-01 23:06:59
      Time =     7.000 [min]
     dtCpl =  5.00E+00 [sec]
     Max/Min dt @ k:
        Max 2.66E+01 [sec] @ 58
        Min 1.38E-01 [sec] @ 160
     Flav : max Press/Den @ L,MLT; DPS-dst
        0: P =   0.00, D =9075.91 @  1.54 Rp,12.07 MLT; DPS:   0.00
        1: P =   0.37, D =   6.83 @  8.54 Rp,12.08 MLT; DPS:  -1.29
        2: P =   2.89, D =   0.27 @  3.94 Rp, 7.66 MLT; DPS:  -5.70
[0m [32m<Writing HDF5 DATA @ t =     6.917 [min] >[0m 
[32m<Writing RAIJU HDF5 DATA @ t =     7.000 [min] >[0m 
 [36m
 GAMERA
      Time =     7.001 [min]
        ts =     6854
        dt =  4.06E-02 [sec]
    dt/dt0 =   34.064%
    Spent     0.0% of time waiting for Voltron
      kZCs =   3581.28 /   1834.47 [MHD/TOT] (8 threads)
[0m       CPCP =   58.766  50.097 [kV, N/S]
 [34m
 VOLTRON
      UT   = 2001-06-01 23:07:00
      tilt =    0.000 [deg]
    Sym-H  =   -5.000 [nT]
    BSDst  ~   13.840 [nT]
           dSMRs  ~     2.08    0.10   -2.17   -0.02 [nT, 12/18/00/06]
   DPSDst  ~   -5.601 [nT]
   Spent    55.4% of time waiting for Gamera
            10.1% of time processing Chimp(Helpers)
             6.4% of time processing IMAG
            10.4% of time processing Remix
            17.5% of time processing Tubes(Helpers)
             0.0% of time writing files
    Running @   56.564% of real-time (8 threads)
[0m  [35m
 RAIJU
      UT   = 2001-06-01 23:07:05
      Time =     7.083 [min]
     dtCpl =  5.00E+00 [sec]
     Max/Min dt @ k:
        Max 2.67E+01 [sec] @ 58
        Min 1.38E-01 [sec] @ 160
     Flav : max Press/Den @ L,MLT; DPS-dst
        0: P =   0.00, D =9075.91 @  1.54 Rp,12.07 MLT; DPS:   0.00
        1: P =   0.37, D =   6.91 @  8.68 Rp,12.11 MLT; DPS:  -1.30
        2: P =   2.90, D =   0.27 @  3.94 Rp, 7.66 MLT; DPS:  -5.72
[0m [32m<Writing HDF5 DATA @ t =     7.001 [min] >[0m 
[32m<Writing RAIJU HDF5 DATA @ t =     7.083 [min] >[0m 
 [36m
 GAMERA
      Time =     7.084 [min]
        ts =     7004
        dt =  3.00E-02 [sec]
    dt/dt0 =   25.218%
    Spent     0.0% of time waiting for Voltron
      kZCs =   3579.32 /   2084.26 [MHD/TOT] (8 threads)
[0m       CPCP =   57.682  48.450 [kV, N/S]
 [34m
 VOLTRON
      UT   = 2001-06-01 23:07:05
      tilt =    0.000 [deg]
    Sym-H  =   -5.000 [nT]
    BSDst  ~   14.070 [nT]
           dSMRs  ~     2.10    0.10   -2.19   -0.01 [nT, 12/18/00/06]
   DPSDst  ~   -5.618 [nT]
   Spent    56.9% of time waiting for Gamera
             9.7% of time processing Chimp(Helpers)
             6.2% of time processing IMAG
            10.0% of time processing Remix
            16.9% of time processing Tubes(Helpers)
             0.0% of time writing files
    Running @   56.228% of real-time (8 threads)
[0m  [35m
 RAIJU
      UT   = 2001-06-01 23:07:10
      Time =     7.167 [min]
     dtCpl =  5.00E+00 [sec]
     Max/Min dt @ k:
        Max 2.68E+01 [sec] @ 58
        Min 1.38E-01 [sec] @ 160
     Flav : max Press/Den @ L,MLT; DPS-dst
        0: P =   0.00, D =9075.91 @  1.54 Rp,12.07 MLT; DPS:   0.00
        1: P =   0.38, D =   6.98 @  8.70 Rp,12.24 MLT; DPS:  -1.30
        2: P =   2.90, D =   0.27 @  3.94 Rp, 7.53 MLT; DPS:  -5.74
[0m [32m<Writing HDF5 DATA @ t =     7.084 [min] >[0m 
[32m<Writing RAIJU HDF5 DATA @ t =     7.167 [min] >[0m 
 [36m
 GAMERA
      Time =     7.167 [min]
        ts =     7171
        dt =  2.96E-02 [sec]
    dt/dt0 =   24.878%
    Spent     0.0% of time waiting for Voltron
      kZCs =   3579.86 /   2156.28 [MHD/TOT] (8 threads)
[0m       CPCP =   56.544  47.082 [kV, N/S]
 [34m
 VOLTRON
      UT   = 2001-06-01 23:07:10
      tilt =    0.000 [deg]
    Sym-H  =   -5.000 [nT]
    BSDst  ~   14.306 [nT]
           dSMRs  ~     2.11    0.08   -2.19    0.01 [nT, 12/18/00/06]
   DPSDst  ~   -5.610 [nT]
   Spent    58.6% of time waiting for Gamera
             9.3% of time processing Chimp(Helpers)
             6.0% of time processing IMAG
             9.6% of time processing Remix
            16.3% of time processing Tubes(Helpers)
             0.0% of time writing files
    Running @   55.811% of real-time (8 threads)
[0m  [35m
 RAIJU
      UT   = 2001-06-01 23:07:15
      Time =     7.250 [min]
     dtCpl =  5.00E+00 [sec]
     Max/Min dt @ k:
        Max 2.71E+01 [sec] @ 58
        Min 1.38E-01 [sec] @ 160
     Flav : max Press/Den @ L,MLT; DPS-dst
        0: P =   0.00, D =9075.91 @  1.54 Rp,12.07 MLT; DPS:   0.00
        1: P =   0.38, D =   7.05 @  8.37 Rp,12.24 MLT; DPS:  -1.28
        2: P =   2.91, D =   0.27 @  3.94 Rp, 7.53 MLT; DPS:  -5.73
[0m [32m<Writing HDF5 DATA @ t =     7.167 [min] >[0m 
[32m<Writing RAIJU HDF5 DATA @ t =     7.250 [min] >[0m 
 [36m
 GAMERA
      Time =     7.250 [min]
        ts =     7338
        dt =  2.99E-02 [sec]
    dt/dt0 =   25.108%
    Spent     0.0% of time waiting for Voltron
      kZCs =   3577.11 /   2154.36 [MHD/TOT] (8 threads)
[0m       CPCP =   55.500  46.006 [kV, N/S]
 [34m
 VOLTRON
      UT   = 2001-06-01 23:07:15
      tilt =    0.000 [deg]
    Sym-H  =   -5.000 [nT]
    BSDst  ~   14.619 [nT]
           dSMRs  ~     2.17    0.06   -2.23   -0.00 [nT, 12/18/00/06]
   DPSDst  ~   -5.617 [nT]
   Spent    60.0% of time waiting for Gamera
             9.0% of time processing Chimp(Helpers)
             5.8% of time processing IMAG
             9.3% of time processing Remix
            15.8% of time processing Tubes(Helpers)
             0.0% of time writing files
    Running @   55.399% of real-time (8 threads)
[0m  [35m
 RAIJU
      UT   = 2001-06-01 23:07:20
      Time =     7.333 [min]
     dtCpl =  5.00E+00 [sec]
     Max/Min dt @ k:
        Max 2.74E+01 [sec] @ 58
        Min 1.38E-01 [sec] @ 160
     Flav : max Press/Den @ L,MLT; DPS-dst
        0: P =   0.00, D =9075.91 @  1.54 Rp,12.07 MLT; DPS:   0.00
        1: P =   0.39, D =   7.12 @  8.36 Rp,12.24 MLT; DPS:  -1.28
        2: P =   2.91, D =   0.27 @  3.94 Rp, 7.53 MLT; DPS:  -5.74
[0m [32m<Writing HDF5 DATA @ t =     7.250 [min] >[0m 
[32m<Writing RAIJU HDF5 DATA @ t =     7.333 [min] >[0m 
 [36m
 GAMERA
      Time =     7.334 [min]
        ts =     7506
        dt =  2.97E-02 [sec]
    dt/dt0 =   24.925%
    Spent     0.0% of time waiting for Voltron
      kZCs =   3578.15 /   2160.19 [MHD/TOT] (8 threads)
[0m       CPCP =   54.429  44.866 [kV, N/S]
 [34m
 VOLTRON
      UT   = 2001-06-01 23:07:20
      tilt =    0.000 [deg]
    Sym-H  =   -5.000 [nT]
    BSDst  ~   14.972 [nT]
           dSMRs  ~     2.24    0.05   -2.26   -0.02 [nT, 12/18/00/06]
   DPSDst  ~   -5.626 [nT]
   Spent    61.2% of time waiting for Gamera
             8.7% of time processing Chimp(Helpers)
             5.7% of time processing IMAG
             9.0% of time processing Remix
            15.3% of time processing Tubes(Helpers)
             0.0% of time writing files
    Running @   55.000% of real-time (8 threads)
[0m  [35m
 RAIJU
      UT   = 2001-06-01 23:07:25
      Time =     7.417 [min]
     dtCpl =  5.00E+00 [sec]
     Max/Min dt @ k:
        Max 2.77E+01 [sec] @ 58
        Min 1.38E-01 [sec] @ 160
     Flav : max Press/Den @ L,MLT; DPS-dst
        0: P =   0.00, D =9075.91 @  1.54 Rp,12.07 MLT; DPS:   0.00
        1: P =   0.39, D =   7.16 @  8.31 Rp,12.24 MLT; DPS:  -1.28
        2: P =   2.92, D =   0.27 @  3.94 Rp, 7.53 MLT; DPS:  -5.75
[0m [32m<Writing HDF5 DATA @ t =     7.334 [min] >[0m 
[32m<Writing RAIJU HDF5 DATA @ t =     7.417 [min] >[0m 
 [36m
 GAMERA
      Time =     7.417 [min]
        ts =     7673
        dt =  2.98E-02 [sec]
    dt/dt0 =   25.011%
    Spent     0.0% of time waiting for Voltron
      kZCs =   3579.97 /   2158.40 [MHD/TOT] (8 threads)
[0m       CPCP =   53.162  43.745 [kV, N/S]
 [34m
 VOLTRON
      UT   = 2001-06-01 23:07:25
      tilt =    0.000 [deg]
    Sym-H  =   -5.000 [nT]
    BSDst  ~   15.299 [nT]
           dSMRs  ~     2.26    0.04   -2.28   -0.02 [nT, 12/18/00/06]
   DPSDst  ~   -5.637 [nT]
   Spent    62.2% of time waiting for Gamera
             8.5% of time processing Chimp(Helpers)
             5.5% of time processing IMAG
             8.7% of time processing Remix
            14.9% of time processing Tubes(Helpers)
             0.0% of time writing files
    Running @   54.610% of real-time (8 threads)
[0m  [35m
 RAIJU
      UT   = 2001-06-01 23:07:30
      Time =     7.500 [min]
     dtCpl =  5.00E+00 [sec]
     Max/Min dt @ k:
        Max 2.82E+01 [sec] @ 58
        Min 1.38E-01 [sec] @ 160
     Flav : max Press/Den @ L,MLT; DPS-dst
        0: P =   0.00, D =9075.91 @  1.54 Rp,12.07 MLT; DPS:   0.00
        1: P =   0.39, D =   7.19 @  8.35 Rp,12.24 MLT; DPS:  -1.28
        2: P =   2.93, D =   0.27 @  3.94 Rp, 7.53 MLT; DPS:  -5.76
[0m [32m<Writing HDF5 DATA @ t =     7.417 [min] >[0m 
[32m<Writing RAIJU HDF5 DATA @ t =     7.500 [min] >[0m 
 [36m
 GAMERA
      Time =     7.500 [min]
        ts =     7841
        dt =  2.98E-02 [sec]
    dt/dt0 =   24.989%
    Spent     0.0% of time waiting for Voltron
      kZCs =   3580.27 /   2162.73 [MHD/TOT] (8 threads)
[0m       CPCP =   51.844  42.767 [kV, N/S]
 [34m
 VOLTRON
      UT   = 2001-06-01 23:07:30
      tilt =    0.000 [deg]
    Sym-H  =   -5.000 [nT]
    BSDst  ~   15.689 [nT]
           dSMRs  ~     2.34    0.03   -2.35   -0.02 [nT, 12/18/00/06]
   DPSDst  ~   -5.640 [nT]
   Spent    63.1% of time waiting for Gamera
             8.3% of time processing Chimp(Helpers)
             5.4% of time processing IMAG
             8.4% of time processing Remix
            14.6% of time processing Tubes(Helpers)
             0.0% of time writing files
    Running @   54.241% of real-time (8 threads)
[0m  [35m
 RAIJU
      UT   = 2001-06-01 23:07:35
      Time =     7.583 [min]
     dtCpl =  5.00E+00 [sec]
     Max/Min dt @ k:
        Max 2.85E+01 [sec] @ 58
        Min 1.38E-01 [sec] @ 160
     Flav : max Press/Den @ L,MLT; DPS-dst
        0: P =   0.00, D =9075.91 @  1.54 Rp,12.07 MLT; DPS:   0.00
        1: P =   0.40, D =   7.22 @  8.35 Rp,12.24 MLT; DPS:  -1.28
        2: P =   2.93, D =   0.27 @  3.94 Rp, 7.53 MLT; DPS:  -5.77
[0m [32m<Writing HDF5 DATA @ t =     7.500 [min] >[0m 
[32m<Writing RAIJU HDF5 DATA @ t =     7.583 [min] >[0m 
 [36m
 GAMERA
      Time =     7.583 [min]
        ts =     8009
        dt =  3.00E-02 [sec]
    dt/dt0 =   25.217%
    Spent     0.0% of time waiting for Voltron
      kZCs =   3580.06 /   2162.17 [MHD/TOT] (8 threads)
[0m       CPCP =   50.320  41.853 [kV, N/S]
 [34m
 VOLTRON
      UT   = 2001-06-01 23:07:35
      tilt =    0.000 [deg]
    Sym-H  =   -5.000 [nT]
    BSDst  ~   16.154 [nT]
           dSMRs  ~     2.43    0.03   -2.42   -0.04 [nT, 12/18/00/06]
   DPSDst  ~   -5.662 [nT]
   Spent    63.9% of time waiting for Gamera
             8.1% of time processing Chimp(Helpers)
             5.3% of time processing IMAG
             8.2% of time processing Remix
            14.3% of time processing Tubes(Helpers)
             0.0% of time writing files
    Running @   53.876% of real-time (8 threads)
[0m  [35m
 RAIJU
      UT   = 2001-06-01 23:07:40
      Time =     7.667 [min]
     dtCpl =  5.00E+00 [sec]
     Max/Min dt @ k:
        Max 2.87E+01 [sec] @ 58
        Min 1.38E-01 [sec] @ 160
     Flav : max Press/Den @ L,MLT; DPS-dst
        0: P =   0.00, D =9075.91 @  1.54 Rp,12.07 MLT; DPS:   0.00
        1: P =   0.40, D =   7.23 @  8.42 Rp,12.24 MLT; DPS:  -1.28
        2: P =   2.94, D =   0.27 @  3.93 Rp, 7.66 MLT; DPS:  -5.78
[0m [32m<Writing HDF5 DATA @ t =     7.583 [min] >[0m 
[32m<Writing RAIJU HDF5 DATA @ t =     7.667 [min] >[0m 
 [36m
 GAMERA
      Time =     7.667 [min]
        ts =     8175
        dt =  2.98E-02 [sec]
    dt/dt0 =   25.032%
    Spent     0.0% of time waiting for Voltron
      kZCs =   3580.86 /   2161.41 [MHD/TOT] (8 threads)
[0m       CPCP =   48.622  41.054 [kV, N/S]
 [34m
 VOLTRON
      UT   = 2001-06-01 23:07:40
      tilt =    0.000 [deg]
    Sym-H  =   -5.000 [nT]
    BSDst  ~   16.551 [nT]
           dSMRs  ~     2.43    0.03   -2.42   -0.04 [nT, 12/18/00/06]
   DPSDst  ~   -5.667 [nT]
   Spent    64.5% of time waiting for Gamera
             8.0% of time processing Chimp(Helpers)
             5.3% of time processing IMAG
             8.0% of time processing Remix
            14.1% of time processing Tubes(Helpers)
             0.0% of time writing files
    Running @   53.538% of real-time (8 threads)
[0m  [35m
 RAIJU
      UT   = 2001-06-01 23:07:45
      Time =     7.750 [min]
     dtCpl =  5.00E+00 [sec]
     Max/Min dt @ k:
        Max 2.88E+01 [sec] @ 58
        Min 1.38E-01 [sec] @ 160
     Flav : max Press/Den @ L,MLT; DPS-dst
        0: P =   0.00, D =9075.91 @  1.54 Rp,12.07 MLT; DPS:   0.00
        1: P =   0.39, D =   7.22 @  8.45 Rp,12.24 MLT; DPS:  -1.28
        2: P =   2.95, D =   0.27 @  3.93 Rp, 7.53 MLT; DPS:  -5.79
[0m [32m<Writing HDF5 DATA @ t =     7.667 [min] >[0m 
[32m<Writing RAIJU HDF5 DATA @ t =     7.750 [min] >[0m 
 [36m
 GAMERA
      Time =     7.751 [min]
        ts =     8253
        dt =  8.65E-02 [sec]
    dt/dt0 =   72.627%
    Spent     0.0% of time waiting for Voltron
      kZCs =   3580.14 /   1590.39 [MHD/TOT] (8 threads)
[0m       CPCP =   47.225  40.566 [kV, N/S]
 [34m
 VOLTRON
      UT   = 2001-06-01 23:07:45
      tilt =    0.000 [deg]
    Sym-H  =   -5.000 [nT]
    BSDst  ~   16.783 [nT]
           dSMRs  ~     2.32    0.04   -2.35   -0.02 [nT, 12/18/00/06]
   DPSDst  ~   -5.670 [nT]
   Spent    62.2% of time waiting for Gamera
             8.4% of time processing Chimp(Helpers)
             5.6% of time processing IMAG
             8.5% of time processing Remix
            15.1% of time processing Tubes(Helpers)
             0.0% of time writing files
    Running @   54.026% of real-time (8 threads)
[0m  [35m
 RAIJU
      UT   = 2001-06-01 23:07:50
      Time =     7.833 [min]
     dtCpl =  5.00E+00 [sec]
     Max/Min dt @ k:
        Max 2.92E+01 [sec] @ 58
        Min 1.38E-01 [sec] @ 160
     Flav : max Press/Den @ L,MLT; DPS-dst
        0: P =   0.00, D =9075.91 @  1.54 Rp,12.07 MLT; DPS:   0.00
        1: P =   0.39, D =   7.13 @  8.59 Rp,13.18 MLT; DPS:  -1.28
        2: P =   2.95, D =   0.27 @  3.93 Rp, 7.53 MLT; DPS:  -5.79
[0m [32m<Writing HDF5 DATA @ t =     7.751 [min] >[0m 
[32m<Writing RAIJU HDF5 DATA @ t =     7.833 [min] >[0m 
 [36m
 GAMERA
      Time =     7.834 [min]
        ts =     8311
        dt =  8.63E-02 [sec]
    dt/dt0 =   72.478%
    Spent     0.0% of time waiting for Voltron
      kZCs =   3580.98 /   1354.05 [MHD/TOT] (8 threads)
[0m       CPCP =   45.671  39.889 [kV, N/S]
 [34m
 VOLTRON
      UT   = 2001-06-01 23:07:50
      tilt =    0.000 [deg]
    Sym-H  =   -5.000 [nT]
    BSDst  ~   16.916 [nT]
           dSMRs  ~     2.21    0.07   -2.27   -0.00 [nT, 12/18/00/06]
   DPSDst  ~   -5.665 [nT]
   Spent    59.1% of time waiting for Gamera
             9.1% of time processing Chimp(Helpers)
             6.1% of time processing IMAG
             9.1% of time processing Remix
            16.4% of time processing Tubes(Helpers)
             0.0% of time writing files
    Running @   54.805% of real-time (8 threads)
[0m  [35m
 RAIJU
      UT   = 2001-06-01 23:07:55
      Time =     7.917 [min]
     dtCpl =  5.00E+00 [sec]
     Max/Min dt @ k:
        Max 2.96E+01 [sec] @ 58
        Min 1.38E-01 [sec] @ 160
     Flav : max Press/Den @ L,MLT; DPS-dst
        0: P =   0.00, D =9075.91 @  1.54 Rp,12.07 MLT; DPS:   0.00
        1: P =   0.39, D =   7.15 @  8.64 Rp,13.18 MLT; DPS:  -1.27
        2: P =   2.95, D =   0.27 @  3.93 Rp, 7.46 MLT; DPS:  -5.80
[0m [32m<Writing HDF5 DATA @ t =     7.834 [min] >[0m 
[32m<Writing RAIJU HDF5 DATA @ t =     7.917 [min] >[0m 
 [36m
 GAMERA
      Time =     7.918 [min]
        ts =     8369
        dt =  8.61E-02 [sec]
    dt/dt0 =   72.326%
    Spent     0.0% of time waiting for Voltron
      kZCs =   3580.23 /   1360.38 [MHD/TOT] (8 threads)
[0m       CPCP =   44.171  39.005 [kV, N/S]
 [34m
 VOLTRON
      UT   = 2001-06-01 23:07:55
      tilt =    0.000 [deg]
    Sym-H  =   -5.000 [nT]
    BSDst  ~   17.099 [nT]
           dSMRs  ~     2.18    0.07   -2.23   -0.01 [nT, 12/18/00/06]
   DPSDst  ~   -5.662 [nT]
   Spent    56.6% of time waiting for Gamera
             9.7% of time processing Chimp(Helpers)
             6.5% of time processing IMAG
             9.6% of time processing Remix
            17.5% of time processing Tubes(Helpers)
             0.0% of time writing files
    Running @   55.576% of real-time (8 threads)
[0m  [35m
 RAIJU
      UT   = 2001-06-01 23:07:59
      Time =     8.000 [min]
     dtCpl =  5.00E+00 [sec]
     Max/Min dt @ k:
        Max 3.01E+01 [sec] @ 58
        Min 1.38E-01 [sec] @ 160
     Flav : max Press/Den @ L,MLT; DPS-dst
        0: P =   0.00, D =9075.91 @  1.54 Rp,12.07 MLT; DPS:   0.00
        1: P =   0.40, D =   7.16 @  8.53 Rp,13.17 MLT; DPS:  -1.27
        2: P =   2.96, D =   0.27 @  3.93 Rp, 7.46 MLT; DPS:  -5.80
[0m [32m<Writing HDF5 DATA @ t =     7.918 [min] >[0m 
[32m<Writing RAIJU HDF5 DATA @ t =     8.000 [min] >[0m 
 [36m
 GAMERA
      Time =     8.001 [min]
        ts =     8427
        dt =  8.60E-02 [sec]
    dt/dt0 =   72.232%
    Spent     0.0% of time waiting for Voltron
      kZCs =   3578.73 /   1358.14 [MHD/TOT] (8 threads)
[0m       CPCP =   42.715  38.089 [kV, N/S]
 [34m
 VOLTRON
      UT   = 2001-06-01 23:08:00
      tilt =    0.000 [deg]
    Sym-H  =   -5.000 [nT]
    BSDst  ~   17.297 [nT]
           dSMRs  ~     2.16    0.07   -2.21   -0.02 [nT, 12/18/00/06]
   DPSDst  ~   -5.666 [nT]
   Spent    54.4% of time waiting for Gamera
            10.1% of time processing Chimp(Helpers)
             6.9% of time processing IMAG
            10.0% of time processing Remix
            18.5% of time processing Tubes(Helpers)
             0.0% of time writing files
    Running @   56.310% of real-time (8 threads)
[0m  [35m
 RAIJU
      UT   = 2001-06-01 23:08:05
      Time =     8.083 [min]
     dtCpl =  5.00E+00 [sec]
     Max/Min dt @ k:
        Max 3.08E+01 [sec] @ 58
        Min 1.38E-01 [sec] @ 160
     Flav : max Press/Den @ L,MLT; DPS-dst
        0: P =   0.00, D =9075.91 @  1.54 Rp,12.07 MLT; DPS:   0.00
        1: P =   0.40, D =   7.18 @  8.41 Rp,13.15 MLT; DPS:  -1.26
        2: P =   2.96, D =   0.27 @  3.93 Rp, 7.46 MLT; DPS:  -5.80
[0m [32m<Writing HDF5 DATA @ t =     8.001 [min] >[0m 
[32m<Writing RAIJU HDF5 DATA @ t =     8.083 [min] >[0m 
 [36m
 GAMERA
      Time =     8.084 [min]
        ts =     8485
        dt =  8.59E-02 [sec]
    dt/dt0 =   72.155%
    Spent     0.0% of time waiting for Voltron
      kZCs =   3580.68 /   1356.05 [MHD/TOT] (8 threads)
[0m       CPCP =   41.215  37.114 [kV, N/S]
 [34m
 VOLTRON
      UT   = 2001-06-01 23:08:05
      tilt =    0.000 [deg]
    Sym-H  =   -5.000 [nT]
    BSDst  ~   17.421 [nT]
           dSMRs  ~     2.06    0.10   -2.16    0.00 [nT, 12/18/00/06]
   DPSDst  ~   -5.571 [nT]
   Spent    52.5% of time waiting for Gamera
            10.5% of time processing Chimp(Helpers)
             7.1% of time processing IMAG
            10.4% of time processing Remix
            19.2% of time processing Tubes(Helpers)
             0.0% of time writing files
    Running @   56.985% of real-time (8 threads)
[0m  [35m
 RAIJU
      UT   = 2001-06-01 23:08:10
      Time =     8.167 [min]
     dtCpl =  5.00E+00 [sec]
     Max/Min dt @ k:
        Max 3.16E+01 [sec] @ 58
        Min 1.38E-01 [sec] @ 160
     Flav : max Press/Den @ L,MLT; DPS-dst
        0: P =   0.00, D =9075.91 @  1.54 Rp,12.07 MLT; DPS:   0.00
        1: P =   0.40, D =   7.20 @  8.44 Rp,13.15 MLT; DPS:  -1.18
        2: P =   2.96, D =   0.27 @  3.93 Rp, 7.46 MLT; DPS:  -5.62
[0m [32m<Writing HDF5 DATA @ t =     8.084 [min] >[0m 
[32m<Writing RAIJU HDF5 DATA @ t =     8.167 [min] >[0m 
 [36m
 GAMERA
      Time =     8.167 [min]
        ts =     8543
        dt =  8.58E-02 [sec]
    dt/dt0 =   72.068%
    Spent     0.0% of time waiting for Voltron
      kZCs =   3581.28 /   1356.93 [MHD/TOT] (8 threads)
[0m       CPCP =   39.798  36.045 [kV, N/S]
 [34m
 VOLTRON
      UT   = 2001-06-01 23:08:10
      tilt =    0.000 [deg]
    Sym-H  =   -5.000 [nT]
    BSDst  ~   17.467 [nT]
           dSMRs  ~     1.88    0.12   -2.05    0.04 [nT, 12/18/00/06]
   DPSDst  ~   -5.535 [nT]
   Spent    51.0% of time waiting for Gamera
            10.8% of time processing Chimp(Helpers)
             7.4% of time processing IMAG
            10.7% of time processing Remix
            19.9% of time processing Tubes(Helpers)
             0.0% of time writing files
    Running @   57.653% of real-time (8 threads)
[0m  [35m
 RAIJU
      UT   = 2001-06-01 23:08:15
      Time =     8.250 [min]
     dtCpl =  5.00E+00 [sec]
     Max/Min dt @ k:
        Max 3.23E+01 [sec] @ 58
        Min 1.38E-01 [sec] @ 160
     Flav : max Press/Den @ L,MLT; DPS-dst
        0: P =   0.00, D =9075.91 @  1.54 Rp,12.07 MLT; DPS:   0.00
        1: P =   0.40, D =   7.21 @  8.37 Rp,13.14 MLT; DPS:  -1.17
        2: P =   2.97, D =   0.27 @  3.93 Rp, 7.46 MLT; DPS:  -5.59
[0m [32m<Writing HDF5 DATA @ t =     8.167 [min] >[0m 
[32m<Writing RAIJU HDF5 DATA @ t =     8.250 [min] >[0m 
 [36m
 GAMERA
      Time =     8.251 [min]
        ts =     8602
        dt =  8.57E-02 [sec]
    dt/dt0 =   71.986%
    Spent     0.0% of time waiting for Voltron
      kZCs =   3580.35 /   1363.98 [MHD/TOT] (8 threads)
[0m       CPCP =   38.108  34.945 [kV, N/S]
 [34m
 VOLTRON
      UT   = 2001-06-01 23:08:15
      tilt =    0.000 [deg]
    Sym-H  =   -5.000 [nT]
    BSDst  ~   17.473 [nT]
           dSMRs  ~     1.72    0.13   -1.93    0.08 [nT, 12/18/00/06]
   DPSDst  ~   -5.510 [nT]
   Spent    49.7% of time waiting for Gamera
            11.0% of time processing Chimp(Helpers)
             7.6% of time processing IMAG
            11.1% of time processing Remix
            20.4% of time processing Tubes(Helpers)
             0.0% of time writing files
    Running @   58.322% of real-time (8 threads)
[0m  [35m
 RAIJU
      UT   = 2001-06-01 23:08:20
      Time =     8.333 [min]
     dtCpl =  5.00E+00 [sec]
     Max/Min dt @ k:
        Max 3.28E+01 [sec] @ 57
        Min 1.38E-01 [sec] @ 160
     Flav : max Press/Den @ L,MLT; DPS-dst
        0: P =   0.00, D =9075.91 @  1.54 Rp,12.07 MLT; DPS:   0.00
        1: P =   0.40, D =   7.21 @  8.40 Rp,13.14 MLT; DPS:  -1.16
        2: P =   2.97, D =   0.27 @  3.93 Rp, 7.46 MLT; DPS:  -5.57
[0m [32m<Writing HDF5 DATA @ t =     8.251 [min] >[0m 
[32m<Writing RAIJU HDF5 DATA @ t =     8.333 [min] >[0m 
 [36m
 GAMERA
      Time =     8.334 [min]
        ts =     8660
        dt =  8.56E-02 [sec]
    dt/dt0 =   71.922%
    Spent     0.0% of time waiting for Voltron
      kZCs =   3580.98 /   1347.69 [MHD/TOT] (8 threads)
[0m       CPCP =   36.445  33.593 [kV, N/S]
 [34m
 VOLTRON
      UT   = 2001-06-01 23:08:20
      tilt =    0.000 [deg]
    Sym-H  =   -5.000 [nT]
    BSDst  ~   17.482 [nT]
           dSMRs  ~     1.59    0.13   -1.82    0.10 [nT, 12/18/00/06]
   DPSDst  ~   -5.496 [nT]
   Spent    48.5% of time waiting for Gamera
            11.2% of time processing Chimp(Helpers)
             7.7% of time processing IMAG
            11.4% of time processing Remix
            20.9% of time processing Tubes(Helpers)
             0.0% of time writing files
    Running @   58.912% of real-time (8 threads)
[0m  [35m
 RAIJU
      UT   = 2001-06-01 23:08:25
      Time =     8.417 [min]
     dtCpl =  5.00E+00 [sec]
     Max/Min dt @ k:
        Max 3.32E+01 [sec] @ 57
        Min 1.38E-01 [sec] @ 160
     Flav : max Press/Den @ L,MLT; DPS-dst
        0: P =   0.00, D =9075.91 @  1.54 Rp,12.07 MLT; DPS:   0.00
        1: P =   0.40, D =   7.21 @  8.41 Rp,13.13 MLT; DPS:  -1.15
        2: P =   2.97, D =   0.27 @  3.93 Rp, 7.20 MLT; DPS:  -5.56
[0m [32m<Writing HDF5 DATA @ t =     8.334 [min] >[0m 
[32m<Writing RAIJU HDF5 DATA @ t =     8.417 [min] >[0m 
 [36m
 GAMERA
      Time =     8.417 [min]
        ts =     8718
        dt =  8.56E-02 [sec]
    dt/dt0 =   71.876%
    Spent     0.0% of time waiting for Voltron
      kZCs =   3581.88 /   1353.71 [MHD/TOT] (8 threads)
[0m       CPCP =   34.907  32.199 [kV, N/S]
 [34m
 VOLTRON
      UT   = 2001-06-01 23:08:25
      tilt =    0.000 [deg]
    Sym-H  =   -5.000 [nT]
    BSDst  ~   17.514 [nT]
           dSMRs  ~     1.49    0.13   -1.73    0.11 [nT, 12/18/00/06]
   DPSDst  ~   -5.475 [nT]
   Spent    47.6% of time waiting for Gamera
            11.4% of time processing Chimp(Helpers)
             7.9% of time processing IMAG
            11.6% of time processing Remix
            21.3% of time processing Tubes(Helpers)
             0.0% of time writing files
    Running @   59.494% of real-time (8 threads)
[0m  [35m
 RAIJU
      UT   = 2001-06-01 23:08:30
      Time =     8.500 [min]
     dtCpl =  5.00E+00 [sec]
     Max/Min dt @ k:
        Max 3.39E+01 [sec] @ 57
        Min 1.38E-01 [sec] @ 160
     Flav : max Press/Den @ L,MLT; DPS-dst
        0: P =   0.00, D =9075.91 @  1.54 Rp,12.07 MLT; DPS:   0.00
        1: P =   0.39, D =   7.20 @  8.39 Rp,13.13 MLT; DPS:  -1.14
        2: P =   2.97, D =   0.27 @  3.93 Rp, 7.20 MLT; DPS:  -5.54
[0m [32m<Writing HDF5 DATA @ t =     8.417 [min] >[0m 
[32m<Writing RAIJU HDF5 DATA @ t =     8.500 [min] >[0m 
 [36m
 GAMERA
      Time =     8.501 [min]
        ts =     8777
        dt =  8.55E-02 [sec]
    dt/dt0 =   71.815%
    Spent     0.0% of time waiting for Voltron
      kZCs =   3581.83 /   1363.47 [MHD/TOT] (8 threads)
[0m       CPCP =   32.795  30.596 [kV, N/S]
 [34m
 VOLTRON
      UT   = 2001-06-01 23:08:30
      tilt =    0.000 [deg]
    Sym-H  =   -5.000 [nT]
    BSDst  ~   17.559 [nT]
           dSMRs  ~     1.38    0.13   -1.64    0.12 [nT, 12/18/00/06]
   DPSDst  ~   -5.466 [nT]
   Spent    46.8% of time waiting for Gamera
            11.5% of time processing Chimp(Helpers)
             8.0% of time processing IMAG
            11.9% of time processing Remix
            21.6% of time processing Tubes(Helpers)
             0.0% of time writing files
    Running @   60.074% of real-time (8 threads)
[0m  [35m
 RAIJU
      UT   = 2001-06-01 23:08:35
      Time =     8.583 [min]
     dtCpl =  5.00E+00 [sec]
     Max/Min dt @ k:
        Max 3.47E+01 [sec] @ 57
        Min 1.38E-01 [sec] @ 160
     Flav : max Press/Den @ L,MLT; DPS-dst
        0: P =   0.00, D =9075.91 @  1.54 Rp,12.07 MLT; DPS:   0.00
        1: P =   0.39, D =   7.18 @  8.39 Rp,13.12 MLT; DPS:  -1.14
        2: P =   2.96, D =   0.27 @  3.93 Rp, 7.20 MLT; DPS:  -5.54
[0m [32m<Writing HDF5 DATA @ t =     8.501 [min] >[0m 
[32m<Writing RAIJU HDF5 DATA @ t =     8.583 [min] >[0m 
 [36m
 GAMERA
      Time =     8.584 [min]
        ts =     8835
        dt =  8.54E-02 [sec]
    dt/dt0 =   71.736%
    Spent     0.0% of time waiting for Voltron
      kZCs =   3580.83 /   1353.41 [MHD/TOT] (8 threads)
[0m       CPCP =   30.691  29.753 [kV, N/S]
 [34m
 VOLTRON
      UT   = 2001-06-01 23:08:35
      tilt =    0.000 [deg]
    Sym-H  =   -5.000 [nT]
    BSDst  ~   17.651 [nT]
           dSMRs  ~     1.31    0.13   -1.56    0.12 [nT, 12/18/00/06]
   DPSDst  ~   -5.458 [nT]
   Spent    46.1% of time waiting for Gamera
            11.6% of time processing Chimp(Helpers)
             8.1% of time processing IMAG
            12.0% of time processing Remix
            21.9% of time processing Tubes(Helpers)
             0.0% of time writing files
    Running @   60.614% of real-time (8 threads)
[0m  [35m
 RAIJU
      UT   = 2001-06-01 23:08:40
      Time =     8.667 [min]
     dtCpl =  5.00E+00 [sec]
     Max/Min dt @ k:
        Max 3.57E+01 [sec] @ 57
        Min 1.38E-01 [sec] @ 160
     Flav : max Press/Den @ L,MLT; DPS-dst
        0: P =   0.00, D =9075.91 @  1.54 Rp,12.07 MLT; DPS:   0.00
        1: P =   0.39, D =   7.17 @  8.40 Rp,13.12 MLT; DPS:  -1.13
        2: P =   2.96, D =   0.27 @  3.93 Rp, 7.20 MLT; DPS:  -5.54
[0m [32m<Writing HDF5 DATA @ t =     8.584 [min] >[0m 
[32m<Writing RAIJU HDF5 DATA @ t =     8.667 [min] >[0m 
 [36m
 GAMERA
      Time =     8.668 [min]
        ts =     8894
        dt =  8.53E-02 [sec]
    dt/dt0 =   71.655%
    Spent     0.0% of time waiting for Voltron
      kZCs =   3583.16 /   1365.91 [MHD/TOT] (8 threads)
[0m       CPCP =   29.291  30.221 [kV, N/S]
 [34m
 VOLTRON
      UT   = 2001-06-01 23:08:40
      tilt =    0.000 [deg]
    Sym-H  =   -5.000 [nT]
    BSDst  ~   17.826 [nT]
           dSMRs  ~     1.27    0.11   -1.49    0.10 [nT, 12/18/00/06]
   DPSDst  ~   -5.456 [nT]
   Spent    45.6% of time waiting for Gamera
            11.7% of time processing Chimp(Helpers)
             8.2% of time processing IMAG
            12.2% of time processing Remix
            22.1% of time processing Tubes(Helpers)
             0.0% of time writing files
    Running @   61.154% of real-time (8 threads)
[0m  [35m
 RAIJU
      UT   = 2001-06-01 23:08:45
      Time =     8.750 [min]
     dtCpl =  5.00E+00 [sec]
     Max/Min dt @ k:
        Max 3.68E+01 [sec] @ 57
        Min 1.38E-01 [sec] @ 160
     Flav : max Press/Den @ L,MLT; DPS-dst
        0: P =   0.00, D =9075.91 @  1.54 Rp,12.07 MLT; DPS:   0.00
        1: P =   0.39, D =   7.15 @  8.43 Rp,13.12 MLT; DPS:  -1.13
        2: P =   2.96, D =   0.27 @  3.93 Rp, 7.13 MLT; DPS:  -5.54
[0m [32m<Writing HDF5 DATA @ t =     8.668 [min] >[0m 
[32m<Writing RAIJU HDF5 DATA @ t =     8.750 [min] >[0m 
 [36m
 GAMERA
      Time =     8.751 [min]
        ts =     8953
        dt =  8.52E-02 [sec]
    dt/dt0 =   71.571%
    Spent     0.0% of time waiting for Voltron
      kZCs =   3583.30 /   1364.50 [MHD/TOT] (8 threads)
[0m       CPCP =   28.534  30.756 [kV, N/S]
 [34m
 VOLTRON
      UT   = 2001-06-01 23:08:45
      tilt =    0.000 [deg]
    Sym-H  =   -5.000 [nT]
    BSDst  ~   18.073 [nT]
           dSMRs  ~     1.27    0.09   -1.44    0.09 [nT, 12/18/00/06]
   DPSDst  ~   -5.424 [nT]
   Spent    45.1% of time waiting for Gamera
            11.8% of time processing Chimp(Helpers)
             8.3% of time processing IMAG
            12.4% of time processing Remix
            22.3% of time processing Tubes(Helpers)
             0.0% of time writing files
    Running @   61.677% of real-time (8 threads)
[0m  [35m
 RAIJU
      UT   = 2001-06-01 23:08:50
      Time =     8.833 [min]
     dtCpl =  5.00E+00 [sec]
     Max/Min dt @ k:
        Max 3.80E+01 [sec] @ 57
        Min 1.38E-01 [sec] @ 160
     Flav : max Press/Den @ L,MLT; DPS-dst
        0: P =   0.00, D =9075.91 @  1.54 Rp,12.07 MLT; DPS:   0.00
        1: P =   0.38, D =   7.14 @  8.40 Rp,13.11 MLT; DPS:  -1.11
        2: P =   2.96, D =   0.27 @  3.93 Rp, 7.13 MLT; DPS:  -5.52
[0m [32m<Writing HDF5 DATA @ t =     8.751 [min] >[0m 
[32m<Writing RAIJU HDF5 DATA @ t =     8.833 [min] >[0m 
 [36m
 GAMERA
      Time =     8.834 [min]
        ts =     9011
        dt =  8.51E-02 [sec]
    dt/dt0 =   71.476%
    Spent     0.0% of time waiting for Voltron
      kZCs =   3583.08 /   1351.70 [MHD/TOT] (8 threads)
[0m       CPCP =   28.622  31.072 [kV, N/S]
 [34m
 VOLTRON
      UT   = 2001-06-01 23:08:50
      tilt =    0.000 [deg]
    Sym-H  =   -5.000 [nT]
    BSDst  ~   18.339 [nT]
           dSMRs  ~     1.26    0.07   -1.41    0.08 [nT, 12/18/00/06]
   DPSDst  ~   -5.421 [nT]
   Spent    44.6% of time waiting for Gamera
            11.8% of time processing Chimp(Helpers)
             8.3% of time processing IMAG
            12.5% of time processing Remix
            22.5% of time processing Tubes(Helpers)
             0.0% of time writing files
    Running @   62.172% of real-time (8 threads)
[0m  [35m
 RAIJU
      UT   = 2001-06-01 23:08:55
      Time =     8.917 [min]
     dtCpl =  5.00E+00 [sec]
     Max/Min dt @ k:
        Max 3.88E+01 [sec] @ 57
        Min 1.38E-01 [sec] @ 160
     Flav : max Press/Den @ L,MLT; DPS-dst
        0: P =   0.00, D =9075.91 @  1.54 Rp,12.07 MLT; DPS:   0.00
        1: P =   0.38, D =   7.12 @  8.42 Rp,13.11 MLT; DPS:  -1.11
        2: P =   2.96, D =   0.27 @  3.93 Rp, 7.13 MLT; DPS:  -5.52
[0m [32m<Writing HDF5 DATA @ t =     8.834 [min] >[0m 
[32m<Writing RAIJU HDF5 DATA @ t =     8.917 [min] >[0m 
 [36m
 GAMERA
      Time =     8.917 [min]
        ts =     9070
        dt =  8.50E-02 [sec]
    dt/dt0 =   71.387%
    Spent     0.0% of time waiting for Voltron
      kZCs =   3581.09 /   1363.51 [MHD/TOT] (8 threads)
[0m       CPCP =   28.727  31.249 [kV, N/S]
 [34m
 VOLTRON
      UT   = 2001-06-01 23:08:55
      tilt =    0.000 [deg]
    Sym-H  =   -5.000 [nT]
    BSDst  ~   18.580 [nT]
           dSMRs  ~     1.22    0.07   -1.37    0.07 [nT, 12/18/00/06]
   DPSDst  ~   -5.423 [nT]
   Spent    44.3% of time waiting for Gamera
            11.9% of time processing Chimp(Helpers)
             8.4% of time processing IMAG
            12.6% of time processing Remix
            22.6% of time processing Tubes(Helpers)
             0.0% of time writing files
    Running @   62.665% of real-time (8 threads)
[0m  [35m
 RAIJU
      UT   = 2001-06-01 23:08:59
      Time =     9.000 [min]
     dtCpl =  5.00E+00 [sec]
     Max/Min dt @ k:
        Max 3.98E+01 [sec] @ 57
        Min 1.38E-01 [sec] @ 160
     Flav : max Press/Den @ L,MLT; DPS-dst
        0: P =   0.00, D =9075.91 @  1.54 Rp,12.07 MLT; DPS:   0.00
        1: P =   0.38, D =   7.11 @  8.42 Rp,13.11 MLT; DPS:  -1.10
        2: P =   2.96, D =   0.27 @  3.93 Rp, 7.00 MLT; DPS:  -5.52
[0m [32m<Writing HDF5 DATA @ t =     8.917 [min] >[0m 
[32m<Writing RAIJU HDF5 DATA @ t =     9.000 [min] >[0m 
 [36m
 GAMERA
      Time =     9.001 [min]
        ts =     9129
        dt =  8.49E-02 [sec]
    dt/dt0 =   71.302%
    Spent     0.0% of time waiting for Voltron
      kZCs =   3583.01 /   1361.87 [MHD/TOT] (8 threads)
[0m       CPCP =   29.569  31.398 [kV, N/S]
 [34m
 VOLTRON
      UT   = 2001-06-01 23:09:00
      tilt =    0.000 [deg]
    Sym-H  =   -5.000 [nT]
    BSDst  ~   18.802 [nT]
           dSMRs  ~     1.17    0.06   -1.31    0.08 [nT, 12/18/00/06]
   DPSDst  ~   -5.418 [nT]
   Spent    44.0% of time waiting for Gamera
            11.9% of time processing Chimp(Helpers)
             8.4% of time processing IMAG
            12.7% of time processing Remix
            22.7% of time processing Tubes(Helpers)
             0.0% of time writing files
    Running @   63.134% of real-time (8 threads)
[0m  [35m
 RAIJU
      UT   = 2001-06-01 23:09:05
      Time =     9.083 [min]
     dtCpl =  5.00E+00 [sec]
     Max/Min dt @ k:
        Max 4.11E+01 [sec] @ 57
        Min 1.38E-01 [sec] @ 160
     Flav : max Press/Den @ L,MLT; DPS-dst
        0: P =   0.00, D =9075.91 @  1.54 Rp,12.07 MLT; DPS:   0.00
        1: P =   0.38, D =   7.10 @  8.40 Rp,13.11 MLT; DPS:  -1.10
        2: P =   2.96, D =   0.27 @  3.93 Rp, 7.00 MLT; DPS:  -5.52
[0m [32m<Writing HDF5 DATA @ t =     9.001 [min] >[0m 
[32m<Writing RAIJU HDF5 DATA @ t =     9.083 [min] >[0m 
 [36m
 GAMERA
      Time =     9.084 [min]
        ts =     9188
        dt =  8.48E-02 [sec]
    dt/dt0 =   71.227%
    Spent     0.0% of time waiting for Voltron
      kZCs =   3583.01 /   1360.72 [MHD/TOT] (8 threads)
[0m       CPCP =   30.521  31.708 [kV, N/S]
 [34m
 VOLTRON
      UT   = 2001-06-01 23:09:05
      tilt =    0.000 [deg]
    Sym-H  =   -5.000 [nT]
    BSDst  ~   18.990 [nT]
           dSMRs  ~     1.09    0.05   -1.24    0.09 [nT, 12/18/00/06]
   DPSDst  ~   -5.411 [nT]
   Spent    43.8% of time waiting for Gamera
            11.9% of time processing Chimp(Helpers)
             8.4% of time processing IMAG
            12.8% of time processing Remix
            22.8% of time processing Tubes(Helpers)
             0.0% of time writing files
    Running @   63.561% of real-time (8 threads)
[0m  [35m
 RAIJU
      UT   = 2001-06-01 23:09:10
      Time =     9.167 [min]
     dtCpl =  5.00E+00 [sec]
     Max/Min dt @ k:
        Max 4.22E+01 [sec] @ 56
        Min 1.38E-01 [sec] @ 160
     Flav : max Press/Den @ L,MLT; DPS-dst
        0: P =   0.00, D =9075.91 @  1.54 Rp,12.07 MLT; DPS:   0.00
        1: P =   0.37, D =   7.07 @  8.39 Rp,13.11 MLT; DPS:  -1.09
        2: P =   2.96, D =   0.27 @  3.93 Rp, 7.00 MLT; DPS:  -5.51
[0m [32m<Writing HDF5 DATA @ t =     9.084 [min] >[0m 
[32m<Writing RAIJU HDF5 DATA @ t =     9.167 [min] >[0m 
 [36m
 GAMERA
      Time =     9.168 [min]
        ts =     9247
        dt =  8.47E-02 [sec]
    dt/dt0 =   71.145%
    Spent     0.0% of time waiting for Voltron
      kZCs =   3583.01 /   1361.23 [MHD/TOT] (8 threads)
[0m       CPCP =   31.954  32.456 [kV, N/S]
 [34m
 VOLTRON
      UT   = 2001-06-01 23:09:10
      tilt =    0.000 [deg]
    Sym-H  =   -5.000 [nT]
    BSDst  ~   19.134 [nT]
           dSMRs  ~     1.01    0.04   -1.15    0.11 [nT, 12/18/00/06]
   DPSDst  ~   -5.410 [nT]
   Spent    43.6% of time waiting for Gamera
            11.9% of time processing Chimp(Helpers)
             8.5% of time processing IMAG
            12.9% of time processing Remix
            22.9% of time processing Tubes(Helpers)
             0.0% of time writing files
    Running @   63.995% of real-time (8 threads)
[0m  [35m
 RAIJU
      UT   = 2001-06-01 23:09:15
      Time =     9.250 [min]
     dtCpl =  5.00E+00 [sec]
     Max/Min dt @ k:
        Max 4.33E+01 [sec] @ 56
        Min 1.38E-01 [sec] @ 160
     Flav : max Press/Den @ L,MLT; DPS-dst
        0: P =   0.00, D =9075.91 @  1.54 Rp,12.07 MLT; DPS:   0.00
        1: P =   0.37, D =   7.04 @  8.39 Rp,13.11 MLT; DPS:  -1.09
        2: P =   2.96, D =   0.27 @  3.93 Rp, 7.00 MLT; DPS:  -5.51
[0m [32m<Writing HDF5 DATA @ t =     9.168 [min] >[0m 
[32m<Writing RAIJU HDF5 DATA @ t =     9.250 [min] >[0m 
 [36m
 GAMERA
      Time =     9.251 [min]
        ts =     9306
        dt =  8.46E-02 [sec]
    dt/dt0 =   71.077%
    Spent     0.0% of time waiting for Voltron
      kZCs =   3583.16 /   1361.89 [MHD/TOT] (8 threads)
[0m       CPCP =   33.320  33.843 [kV, N/S]
 [34m
 VOLTRON
      UT   = 2001-06-01 23:09:15
      tilt =    0.000 [deg]
    Sym-H  =   -5.000 [nT]
    BSDst  ~   19.265 [nT]
           dSMRs  ~     0.93    0.02   -1.06    0.11 [nT, 12/18/00/06]
   DPSDst  ~   -5.385 [nT]
   Spent    43.4% of time waiting for Gamera
            11.9% of time processing Chimp(Helpers)
             8.5% of time processing IMAG
            13.0% of time processing Remix
            22.9% of time processing Tubes(Helpers)
             0.0% of time writing files
    Running @   64.419% of real-time (8 threads)
[0m  [35m
 RAIJU
      UT   = 2001-06-01 23:09:20
      Time =     9.333 [min]
     dtCpl =  5.00E+00 [sec]
     Max/Min dt @ k:
        Max 4.45E+01 [sec] @ 56
        Min 1.38E-01 [sec] @ 160
     Flav : max Press/Den @ L,MLT; DPS-dst
        0: P =   0.00, D =9075.91 @  1.54 Rp,12.07 MLT; DPS:   0.00
        1: P =   0.30, D =   7.96 @  8.27 Rp,13.31 MLT; DPS:  -1.07
        2: P =   2.96, D =   0.27 @  3.97 Rp, 6.89 MLT; DPS:  -5.50
[0m [32m<Writing HDF5 DATA @ t =     9.251 [min] >[0m 
[32m<Writing RAIJU HDF5 DATA @ t =     9.333 [min] >[0m 
 [36m
 GAMERA
      Time =     9.334 [min]
        ts =     9365
        dt =  8.46E-02 [sec]
    dt/dt0 =   71.015%
    Spent     0.0% of time waiting for Voltron
      kZCs =   3584.19 /   1362.81 [MHD/TOT] (8 threads)
[0m       CPCP =   34.556  35.519 [kV, N/S]
 [34m
 VOLTRON
      UT   = 2001-06-01 23:09:20
      tilt =    0.000 [deg]
    Sym-H  =   -5.000 [nT]
    BSDst  ~   19.382 [nT]
           dSMRs  ~     0.84    0.02   -0.98    0.12 [nT, 12/18/00/06]
   DPSDst  ~   -5.382 [nT]
   Spent    43.3% of time waiting for Gamera
            11.9% of time processing Chimp(Helpers)
             8.5% of time processing IMAG
            13.1% of time processing Remix
            23.0% of time processing Tubes(Helpers)
             0.0% of time writing files
    Running @   64.829% of real-time (8 threads)
[0m  [35m
 RAIJU
      UT   = 2001-06-01 23:09:25
      Time =     9.417 [min]
     dtCpl =  5.00E+00 [sec]
     Max/Min dt @ k:
        Max 4.43E+01 [sec] @ 56
        Min 1.38E-01 [sec] @ 160
     Flav : max Press/Den @ L,MLT; DPS-dst
        0: P =   0.00, D =9075.91 @  1.54 Rp,12.07 MLT; DPS:   0.00
        1: P =   0.30, D =   7.93 @  8.27 Rp,13.31 MLT; DPS:  -1.07
        2: P =   2.96, D =   0.27 @  3.93 Rp, 7.00 MLT; DPS:  -5.50
[0m [32m<Writing HDF5 DATA @ t =     9.334 [min] >[0m 
[32m<Writing RAIJU HDF5 DATA @ t =     9.417 [min] >[0m 
 [36m
 GAMERA
      Time =     9.417 [min]
        ts =     9424
        dt =  8.45E-02 [sec]
    dt/dt0 =   70.934%
    Spent     0.0% of time waiting for Voltron
      kZCs =   3582.27 /   1362.30 [MHD/TOT] (8 threads)
[0m       CPCP =   35.950  36.870 [kV, N/S]
 [34m
 VOLTRON
      UT   = 2001-06-01 23:09:25
      tilt =    0.000 [deg]
    Sym-H  =   -5.000 [nT]
    BSDst  ~   19.495 [nT]
           dSMRs  ~     0.78    0.01   -0.90    0.11 [nT, 12/18/00/06]
   DPSDst  ~   -5.378 [nT]
   Spent    43.2% of time waiting for Gamera
            11.9% of time processing Chimp(Helpers)
             8.5% of time processing IMAG
            13.2% of time processing Remix
            23.0% of time processing Tubes(Helpers)
             0.0% of time writing files
    Running @   65.201% of real-time (8 threads)
[0m  [35m
 RAIJU
      UT   = 2001-06-01 23:09:30
      Time =     9.500 [min]
     dtCpl =  5.00E+00 [sec]
     Max/Min dt @ k:
        Max 4.42E+01 [sec] @ 56
        Min 1.38E-01 [sec] @ 160
     Flav : max Press/Den @ L,MLT; DPS-dst
        0: P =   0.00, D =9075.91 @  1.54 Rp,12.07 MLT; DPS:   0.00
        1: P =   0.30, D =   7.90 @  8.27 Rp,13.30 MLT; DPS:  -1.06
        2: P =   2.96, D =   0.27 @  3.97 Rp, 6.89 MLT; DPS:  -5.50
[0m [32m<Writing HDF5 DATA @ t =     9.417 [min] >[0m 
[32m<Writing RAIJU HDF5 DATA @ t =     9.500 [min] >[0m 
 [36m
 GAMERA
      Time =     9.500 [min]
        ts =     9483
        dt =  8.44E-02 [sec]
    dt/dt0 =   70.854%
    Spent     0.0% of time waiting for Voltron
      kZCs =   3585.52 /   1363.54 [MHD/TOT] (8 threads)
[0m       CPCP =   37.218  38.330 [kV, N/S]
 [34m
 VOLTRON
      UT   = 2001-06-01 23:09:30
      tilt =    0.000 [deg]
    Sym-H  =   -5.000 [nT]
    BSDst  ~   19.611 [nT]
           dSMRs  ~     0.71    0.01   -0.83    0.11 [nT, 12/18/00/06]
   DPSDst  ~   -5.372 [nT]
   Spent    43.1% of time waiting for Gamera
            11.9% of time processing Chimp(Helpers)
             8.5% of time processing IMAG
            13.2% of time processing Remix
            23.0% of time processing Tubes(Helpers)
             0.0% of time writing files
    Running @   65.552% of real-time (8 threads)
[0m  [35m
 RAIJU
      UT   = 2001-06-01 23:09:35
      Time =     9.583 [min]
     dtCpl =  5.00E+00 [sec]
     Max/Min dt @ k:
        Max 4.38E+01 [sec] @ 56
        Min 1.38E-01 [sec] @ 160
     Flav : max Press/Den @ L,MLT; DPS-dst
        0: P =   0.00, D =9075.91 @  1.54 Rp,12.07 MLT; DPS:   0.00
        1: P =   0.30, D =   7.87 @  8.29 Rp,13.30 MLT; DPS:  -1.05
        2: P =   2.96, D =   0.27 @  3.97 Rp, 6.89 MLT; DPS:  -5.49
[0m [32m<Writing HDF5 DATA @ t =     9.500 [min] >[0m 
[32m<Writing RAIJU HDF5 DATA @ t =     9.583 [min] >[0m 
 [36m
 GAMERA
      Time =     9.584 [min]
        ts =     9543
        dt =  8.43E-02 [sec]
    dt/dt0 =   70.777%
    Spent     0.0% of time waiting for Voltron
      kZCs =   3584.54 /   1377.26 [MHD/TOT] (8 threads)
[0m       CPCP =   38.370  39.697 [kV, N/S]
 [34m
 VOLTRON
      UT   = 2001-06-01 23:09:35
      tilt =    0.000 [deg]
    Sym-H  =   -5.000 [nT]
    BSDst  ~   19.718 [nT]
           dSMRs  ~     0.65    0.00   -0.75    0.11 [nT, 12/18/00/06]
   DPSDst  ~   -5.370 [nT]
   Spent    43.0% of time waiting for Gamera
            11.9% of time processing Chimp(Helpers)
             8.6% of time processing IMAG
            13.3% of time processing Remix
            23.0% of time processing Tubes(Helpers)
             0.0% of time writing files
    Running @   65.922% of real-time (8 threads)
[0m  [35m
 RAIJU
      UT   = 2001-06-01 23:09:40
      Time =     9.667 [min]
     dtCpl =  5.00E+00 [sec]
     Max/Min dt @ k:
        Max 4.35E+01 [sec] @ 56
        Min 1.38E-01 [sec] @ 160
     Flav : max Press/Den @ L,MLT; DPS-dst
        0: P =   0.00, D =9075.91 @  1.54 Rp,12.07 MLT; DPS:   0.00
        1: P =   0.29, D =   7.84 @  8.32 Rp,13.30 MLT; DPS:  -1.05
        2: P =   2.96, D =   0.27 @  3.97 Rp, 6.71 MLT; DPS:  -5.49
[0m [32m<Writing HDF5 DATA @ t =     9.584 [min] >[0m 
[32m<Writing RAIJU HDF5 DATA @ t =     9.667 [min] >[0m 
 [36m
 GAMERA
      Time =     9.667 [min]
        ts =     9602
        dt =  8.42E-02 [sec]
    dt/dt0 =   70.712%
    Spent     0.0% of time waiting for Voltron
      kZCs =   3582.42 /   1365.23 [MHD/TOT] (8 threads)
[0m       CPCP =   39.633  41.099 [kV, N/S]
 [34m
 VOLTRON
      UT   = 2001-06-01 23:09:40
      tilt =    0.000 [deg]
    Sym-H  =   -5.000 [nT]
    BSDst  ~   19.787 [nT]
           dSMRs  ~     0.58   -0.00   -0.68    0.10 [nT, 12/18/00/06]
   DPSDst  ~   -5.330 [nT]
   Spent    43.0% of time waiting for Gamera
            11.9% of time processing Chimp(Helpers)
             8.6% of time processing IMAG
            13.3% of time processing Remix
            23.0% of time processing Tubes(Helpers)
             0.0% of time writing files
    Running @   66.254% of real-time (8 threads)
[0m  [35m
 RAIJU
      UT   = 2001-06-01 23:09:45
      Time =     9.750 [min]
     dtCpl =  5.00E+00 [sec]
     Max/Min dt @ k:
        Max 4.21E+01 [sec] @ 7
        Min 1.38E-01 [sec] @ 160
     Flav : max Press/Den @ L,MLT; DPS-dst
        0: P =   0.00, D =9075.91 @  1.54 Rp,12.07 MLT; DPS:   0.00
        1: P =   0.29, D =   7.81 @  8.34 Rp,13.29 MLT; DPS:  -1.01
        2: P =   2.96, D =   0.27 @  3.93 Rp, 6.33 MLT; DPS:  -5.40
[0m [32m<Writing HDF5 DATA @ t =     9.667 [min] >[0m 
[32m<Writing RAIJU HDF5 DATA @ t =     9.750 [min] >[0m 
 [36m
 GAMERA
      Time =     9.750 [min]
        ts =     9661
        dt =  8.41E-02 [sec]
    dt/dt0 =   70.635%
    Spent     0.0% of time waiting for Voltron
      kZCs =   3583.30 /   1365.18 [MHD/TOT] (8 threads)
[0m       CPCP =   41.128  42.596 [kV, N/S]
 [34m
 VOLTRON
      UT   = 2001-06-01 23:09:45
      tilt =    0.000 [deg]
    Sym-H  =   -5.000 [nT]
    BSDst  ~   19.822 [nT]
           dSMRs  ~     0.52   -0.01   -0.61    0.10 [nT, 12/18/00/06]
   DPSDst  ~   -5.316 [nT]
   Spent    42.9% of time waiting for Gamera
            11.9% of time processing Chimp(Helpers)
             8.6% of time processing IMAG
            13.3% of time processing Remix
            23.1% of time processing Tubes(Helpers)
             0.0% of time writing files
    Running @   66.575% of real-time (8 threads)
[0m  [35m
 RAIJU
      UT   = 2001-06-01 23:09:50
      Time =     9.833 [min]
     dtCpl =  5.00E+00 [sec]
     Max/Min dt @ k:
        Max 4.14E+01 [sec] @ 7
        Min 1.38E-01 [sec] @ 160
     Flav : max Press/Den @ L,MLT; DPS-dst
        0: P =   0.00, D =9075.91 @  1.54 Rp,12.07 MLT; DPS:   0.00
        1: P =   0.29, D =   7.77 @  8.34 Rp,13.29 MLT; DPS:  -1.00
        2: P =   2.96, D =   0.27 @  3.93 Rp, 6.33 MLT; DPS:  -5.39
[0m [32m<Writing HDF5 DATA @ t =     9.750 [min] >[0m 
[32m<Writing RAIJU HDF5 DATA @ t =     9.833 [min] >[0m 
 [36m
 GAMERA
      Time =     9.834 [min]
        ts =     9721
        dt =  8.40E-02 [sec]
    dt/dt0 =   70.566%
    Spent     0.0% of time waiting for Voltron
      kZCs =   3580.77 /   1376.36 [MHD/TOT] (8 threads)
[0m       CPCP =   42.799  44.424 [kV, N/S]
 [34m
 VOLTRON
      UT   = 2001-06-01 23:09:50
      tilt =    0.000 [deg]
    Sym-H  =   -5.000 [nT]
    BSDst  ~   19.834 [nT]
           dSMRs  ~     0.44   -0.01   -0.53    0.10 [nT, 12/18/00/06]
   DPSDst  ~   -5.310 [nT]
   Spent    42.9% of time waiting for Gamera
            11.9% of time processing Chimp(Helpers)
             8.6% of time processing IMAG
            13.4% of time processing Remix
            23.0% of time processing Tubes(Helpers)
             0.0% of time writing files
    Running @   66.918% of real-time (8 threads)
[0m  [35m
 RAIJU
      UT   = 2001-06-01 23:09:55
      Time =     9.917 [min]
     dtCpl =  5.00E+00 [sec]
     Max/Min dt @ k:
        Max 4.07E+01 [sec] @ 7
        Min 1.38E-01 [sec] @ 160
     Flav : max Press/Den @ L,MLT; DPS-dst
        0: P =   0.00, D =9075.91 @  1.54 Rp,12.07 MLT; DPS:   0.00
        1: P =   0.29, D =   7.74 @  8.34 Rp,13.28 MLT; DPS:  -1.00
        2: P =   2.96, D =   0.27 @  3.93 Rp, 6.07 MLT; DPS:  -5.39
[0m [32m<Writing HDF5 DATA @ t =     9.834 [min] >[0m 
[32m<Writing RAIJU HDF5 DATA @ t =     9.917 [min] >[0m 
 [36m
 GAMERA
      Time =     9.917 [min]
        ts =     9780
        dt =  8.39E-02 [sec]
    dt/dt0 =   70.500%
    Spent     0.0% of time waiting for Voltron
      kZCs =   3581.09 /   1367.57 [MHD/TOT] (8 threads)
[0m       CPCP =   44.678  46.329 [kV, N/S]
 [34m
 VOLTRON
      UT   = 2001-06-01 23:09:55
      tilt =    0.000 [deg]
    Sym-H  =   -5.000 [nT]
    BSDst  ~   19.833 [nT]
           dSMRs  ~     0.35   -0.02   -0.44    0.10 [nT, 12/18/00/06]
   DPSDst  ~   -5.240 [nT]
   Spent    42.9% of time waiting for Gamera
            11.9% of time processing Chimp(Helpers)
             8.6% of time processing IMAG
            13.4% of time processing Remix
            23.1% of time processing Tubes(Helpers)
             0.0% of time writing files
    Running @   67.221% of real-time (8 threads)
[0m  [35m
 RAIJU
      UT   = 2001-06-01 23:09:59
      Time =    10.000 [min]
     dtCpl =  5.00E+00 [sec]
     Max/Min dt @ k:
        Max 4.03E+01 [sec] @ 7
        Min 1.38E-01 [sec] @ 160
     Flav : max Press/Den @ L,MLT; DPS-dst
        0: P =   0.00, D =9075.91 @  1.54 Rp,12.07 MLT; DPS:   0.00
        1: P =   0.28, D =   7.71 @  8.32 Rp,13.27 MLT; DPS:  -0.97
        2: P =   2.96, D =   0.27 @  3.93 Rp, 5.93 MLT; DPS:  -5.33
[0m [32m<Writing HDF5 DATA @ t =     9.917 [min] >[0m 
[32m<Writing RAIJU HDF5 DATA @ t =    10.000 [min] >[0m 
 [36m
 GAMERA
      Time =    10.001 [min]
        ts =     9840
        dt =  8.39E-02 [sec]
    dt/dt0 =   70.452%
    Spent     0.0% of time waiting for Voltron
      kZCs =   3580.48 /   1380.61 [MHD/TOT] (8 threads)
[0m       CPCP =   46.694  48.082 [kV, N/S]
 [34m
 VOLTRON
      UT   = 2001-06-01 23:10:00
      tilt =    0.000 [deg]
    Sym-H  =   -5.000 [nT]
    BSDst  ~   19.826 [nT]
           dSMRs  ~     0.27   -0.03   -0.34    0.10 [nT, 12/18/00/06]
   DPSDst  ~   -5.234 [nT]
   Spent    42.9% of time waiting for Gamera
            11.9% of time processing Chimp(Helpers)
             8.6% of time processing IMAG
            13.4% of time processing Remix
            23.1% of time processing Tubes(Helpers)
             0.0% of time writing files
    Running @   67.552% of real-time (8 threads)
[0m  [35m
 RAIJU
      UT   = 2001-06-01 23:10:05
      Time =    10.083 [min]
     dtCpl =  5.00E+00 [sec]
     Max/Min dt @ k:
        Max 3.98E+01 [sec] @ 7
        Min 1.38E-01 [sec] @ 160
     Flav : max Press/Den @ L,MLT; DPS-dst
        0: P =   0.00, D =9075.91 @  1.54 Rp,12.07 MLT; DPS:   0.00
        1: P =   0.28, D =   7.70 @  8.24 Rp,13.27 MLT; DPS:  -0.97
        2: P =   2.95, D =   0.27 @  3.93 Rp, 5.93 MLT; DPS:  -5.32
[0m [32m<Writing HDF5 DATA @ t =    10.001 [min] >[0m 
[32m<Writing RAIJU HDF5 DATA @ t =    10.083 [min] >[0m 
 [36m
 GAMERA
      Time =    10.084 [min]
        ts =     9900
        dt =  8.38E-02 [sec]
    dt/dt0 =   70.417%
    Spent     0.0% of time waiting for Voltron
      kZCs =   3582.51 /   1381.43 [MHD/TOT] (8 threads)
[0m       CPCP =   48.621  49.772 [kV, N/S]
 [34m
 VOLTRON
      UT   = 2001-06-01 23:10:05
      tilt =    0.000 [deg]
    Sym-H  =   -5.000 [nT]
    BSDst  ~   19.812 [nT]
           dSMRs  ~     0.19   -0.04   -0.25    0.10 [nT, 12/18/00/06]
   DPSDst  ~   -5.189 [nT]
   Spent    42.9% of time waiting for Gamera
            11.8% of time processing Chimp(Helpers)
             8.6% of time processing IMAG
            13.4% of time processing Remix
            23.1% of time processing Tubes(Helpers)
             0.0% of time writing files
    Running @   67.848% of real-time (8 threads)
[0m  [35m
 RAIJU
      UT   = 2001-06-01 23:10:10
      Time =    10.167 [min]
     dtCpl =  5.00E+00 [sec]
     Max/Min dt @ k:
        Max 4.31E+01 [sec] @ 7
        Min 1.38E-01 [sec] @ 160
     Flav : max Press/Den @ L,MLT; DPS-dst
        0: P =   0.00, D =9075.91 @  1.54 Rp,12.07 MLT; DPS:   0.00
        1: P =   0.28, D =   7.70 @  8.22 Rp,13.27 MLT; DPS:  -0.95
        2: P =   2.95, D =   0.27 @  3.93 Rp, 5.93 MLT; DPS:  -5.28
[0m [32m<Writing HDF5 DATA @ t =    10.084 [min] >[0m 
[32m<Writing RAIJU HDF5 DATA @ t =    10.167 [min] >[0m 
 [36m
 GAMERA
      Time =    10.167 [min]
        ts =     9959
        dt =  8.38E-02 [sec]
    dt/dt0 =   70.391%
    Spent     0.0% of time waiting for Voltron
      kZCs =   3581.09 /   1368.04 [MHD/TOT] (8 threads)
[0m       CPCP =   50.374  51.776 [kV, N/S]
 [34m
 VOLTRON
      UT   = 2001-06-01 23:10:10
      tilt =    0.000 [deg]
    Sym-H  =   -5.000 [nT]
    BSDst  ~   19.792 [nT]
           dSMRs  ~     0.12   -0.05   -0.17    0.09 [nT, 12/18/00/06]
   DPSDst  ~   -5.184 [nT]
   Spent    42.9% of time waiting for Gamera
            11.8% of time processing Chimp(Helpers)
             8.6% of time processing IMAG
            13.4% of time processing Remix
            23.1% of time processing Tubes(Helpers)
             0.0% of time writing files
    Running @   68.111% of real-time (8 threads)
[0m  [35m
 RAIJU
      UT   = 2001-06-01 23:10:15
      Time =    10.250 [min]
     dtCpl =  5.00E+00 [sec]
     Max/Min dt @ k:
        Max 4.27E+01 [sec] @ 7
        Min 1.38E-01 [sec] @ 160
     Flav : max Press/Den @ L,MLT; DPS-dst
        0: P =   0.00, D =9075.91 @  1.54 Rp,12.07 MLT; DPS:   0.00
        1: P =   0.28, D =   7.69 @  8.25 Rp,13.27 MLT; DPS:  -0.95
        2: P =   2.95, D =   0.27 @  3.93 Rp, 5.80 MLT; DPS:  -5.28
[0m [32m<Writing HDF5 DATA @ t =    10.167 [min] >[0m 
[32m<Writing RAIJU HDF5 DATA @ t =    10.250 [min] >[0m 
 [36m
 GAMERA
      Time =    10.251 [min]
        ts =    10019
        dt =  8.38E-02 [sec]
    dt/dt0 =   70.369%
    Spent     0.0% of time waiting for Voltron
      kZCs =   3581.35 /   1381.62 [MHD/TOT] (8 threads)
[0m       CPCP =   52.372  54.047 [kV, N/S]
 [34m
 VOLTRON
      UT   = 2001-06-01 23:10:15
      tilt =    0.000 [deg]
    Sym-H  =   -5.000 [nT]
    BSDst  ~   19.758 [nT]
           dSMRs  ~     0.05   -0.06   -0.08    0.09 [nT, 12/18/00/06]
   DPSDst  ~   -5.180 [nT]
   Spent    42.9% of time waiting for Gamera
            11.8% of time processing Chimp(Helpers)
             8.6% of time processing IMAG
            13.4% of time processing Remix
            23.1% of time processing Tubes(Helpers)
             0.0% of time writing files
    Running @   68.408% of real-time (8 threads)
[0m  [35m
 RAIJU
      UT   = 2001-06-01 23:10:20
      Time =    10.333 [min]
     dtCpl =  5.00E+00 [sec]
     Max/Min dt @ k:
        Max 4.24E+01 [sec] @ 7
        Min 1.38E-01 [sec] @ 160
     Flav : max Press/Den @ L,MLT; DPS-dst
        0: P =   0.00, D =9075.91 @  1.54 Rp,12.07 MLT; DPS:   0.00
        1: P =   0.28, D =   7.67 @  8.32 Rp,13.27 MLT; DPS:  -0.94
        2: P =   2.95, D =   0.27 @  3.93 Rp, 5.80 MLT; DPS:  -5.28
[0m [32m<Writing HDF5 DATA @ t =    10.251 [min] >[0m 
[32m<Writing RAIJU HDF5 DATA @ t =    10.333 [min] >[0m 
 [36m
 GAMERA
      Time =    10.334 [min]
        ts =    10079
        dt =  8.37E-02 [sec]
    dt/dt0 =   70.334%
    Spent     0.0% of time waiting for Voltron
      kZCs =   3583.38 /   1382.10 [MHD/TOT] (8 threads)
[0m       CPCP =   54.538  56.342 [kV, N/S]
 [34m
 VOLTRON
      UT   = 2001-06-01 23:10:20
      tilt =    0.000 [deg]
    Sym-H  =   -5.000 [nT]
    BSDst  ~   19.717 [nT]
           dSMRs  ~    -0.01   -0.07    0.00    0.08 [nT, 12/18/00/06]
   DPSDst  ~   -5.176 [nT]
   Spent    43.0% of time waiting for Gamera
            11.8% of time processing Chimp(Helpers)
             8.6% of time processing IMAG
            13.4% of time processing Remix
            23.0% of time processing Tubes(Helpers)
             0.0% of time writing files
    Running @   68.678% of real-time (8 threads)
[0m  [35m
 RAIJU
      UT   = 2001-06-01 23:10:25
      Time =    10.417 [min]
     dtCpl =  5.00E+00 [sec]
     Max/Min dt @ k:
        Max 4.24E+01 [sec] @ 7
        Min 1.38E-01 [sec] @ 160
     Flav : max Press/Den @ L,MLT; DPS-dst
        0: P =   0.00, D =9075.91 @  1.54 Rp,12.07 MLT; DPS:   0.00
        1: P =   0.28, D =   7.63 @  8.35 Rp,13.28 MLT; DPS:  -0.94
        2: P =   2.95, D =   0.27 @  3.93 Rp, 5.80 MLT; DPS:  -5.27
[0m [32m<Writing HDF5 DATA @ t =    10.334 [min] >[0m 
[32m<Writing RAIJU HDF5 DATA @ t =    10.417 [min] >[0m 
 [36m
 GAMERA
      Time =    10.417 [min]
        ts =    10138
        dt =  8.37E-02 [sec]
    dt/dt0 =   70.300%
    Spent     0.0% of time waiting for Voltron
      kZCs =   3580.94 /   1369.91 [MHD/TOT] (8 threads)
[0m       CPCP =   56.657  58.483 [kV, N/S]
 [34m
 VOLTRON
      UT   = 2001-06-01 23:10:25
      tilt =    0.000 [deg]
    Sym-H  =   -5.000 [nT]
    BSDst  ~   19.680 [nT]
           dSMRs  ~    -0.07   -0.09    0.08    0.08 [nT, 12/18/00/06]
   DPSDst  ~   -5.180 [nT]
   Spent    42.9% of time waiting for Gamera
            11.8% of time processing Chimp(Helpers)
             8.6% of time processing IMAG
            13.4% of time processing Remix
            23.1% of time processing Tubes(Helpers)
             0.0% of time writing files
    Running @   68.886% of real-time (8 threads)
[0m  [35m
 RAIJU
      UT   = 2001-06-01 23:10:30
      Time =    10.500 [min]
     dtCpl =  5.00E+00 [sec]
     Max/Min dt @ k:
        Max 4.25E+01 [sec] @ 7
        Min 1.38E-01 [sec] @ 160
     Flav : max Press/Den @ L,MLT; DPS-dst
        0: P =   0.00, D =9075.91 @  1.54 Rp,12.07 MLT; DPS:   0.00
        1: P =   0.27, D =   7.58 @  8.37 Rp,13.28 MLT; DPS:  -0.94
        2: P =   2.94, D =   0.27 @  3.93 Rp, 5.40 MLT; DPS:  -5.28
[0m [32m<Writing HDF5 DATA @ t =    10.417 [min] >[0m 
[32m<Writing RAIJU HDF5 DATA @ t =    10.500 [min] >[0m 
 [36m
 GAMERA
      Time =    10.500 [min]
        ts =    10198
        dt =  8.37E-02 [sec]
    dt/dt0 =   70.260%
    Spent     0.0% of time waiting for Voltron
      kZCs =   3585.27 /   1385.04 [MHD/TOT] (8 threads)
[0m       CPCP =   58.667  60.473 [kV, N/S]
 [34m
 VOLTRON
      UT   = 2001-06-01 23:10:30
      tilt =    0.000 [deg]
    Sym-H  =   -5.000 [nT]
    BSDst  ~   19.658 [nT]
           dSMRs  ~    -0.10   -0.11    0.15    0.07 [nT, 12/18/00/06]
   DPSDst  ~   -5.169 [nT]
   Spent    43.0% of time waiting for Gamera
            11.7% of time processing Chimp(Helpers)
             8.6% of time processing IMAG
            13.4% of time processing Remix
            23.0% of time processing Tubes(Helpers)
             0.0% of time writing files
    Running @   68.878% of real-time (8 threads)
[0m  [35m
 RAIJU
      UT   = 2001-06-01 23:10:35
      Time =    10.583 [min]
     dtCpl =  5.00E+00 [sec]
     Max/Min dt @ k:
        Max 4.24E+01 [sec] @ 7
        Min 1.38E-01 [sec] @ 160
     Flav : max Press/Den @ L,MLT; DPS-dst
        0: P =   0.00, D =9075.91 @  1.54 Rp,12.07 MLT; DPS:   0.00
        1: P =   0.27, D =   7.52 @  8.38 Rp,13.28 MLT; DPS:  -0.93
        2: P =   2.94, D =   0.27 @  3.93 Rp, 5.40 MLT; DPS:  -5.27
[0m [32m<Writing HDF5 DATA @ t =    10.500 [min] >[0m 
[32m<Writing RAIJU HDF5 DATA @ t =    10.583 [min] >[0m 
 [36m
 GAMERA
      Time =    10.584 [min]
        ts =    10258
        dt =  8.36E-02 [sec]
    dt/dt0 =   70.216%
    Spent     0.0% of time waiting for Voltron
      kZCs =   3585.70 /   1385.37 [MHD/TOT] (8 threads)
[0m       CPCP =   60.575  62.134 [kV, N/S]
 [34m
 VOLTRON
      UT   = 2001-06-01 23:10:35
      tilt =    0.000 [deg]
    Sym-H  =   -5.000 [nT]
    BSDst  ~   19.666 [nT]
           dSMRs  ~    -0.11   -0.14    0.20    0.05 [nT, 12/18/00/06]
   DPSDst  ~   -5.168 [nT]
   Spent    43.0% of time waiting for Gamera
            11.7% of time processing Chimp(Helpers)
             8.6% of time processing IMAG
            13.4% of time processing Remix
            23.0% of time processing Tubes(Helpers)
             0.0% of time writing files
    Running @   69.156% of real-time (8 threads)
[0m  [35m
 RAIJU
      UT   = 2001-06-01 23:10:40
      Time =    10.667 [min]
     dtCpl =  5.00E+00 [sec]
     Max/Min dt @ k:
        Max 4.22E+01 [sec] @ 7
        Min 1.38E-01 [sec] @ 160
     Flav : max Press/Den @ L,MLT; DPS-dst
        0: P =   0.00, D =9075.91 @  1.54 Rp,12.07 MLT; DPS:   0.00
        1: P =   0.26, D =   7.47 @  8.39 Rp,13.28 MLT; DPS:  -0.93
        2: P =   2.94, D =   0.27 @  3.93 Rp, 5.27 MLT; DPS:  -5.27
[0m [32m<Writing HDF5 DATA @ t =    10.584 [min] >[0m 
[32m<Writing RAIJU HDF5 DATA @ t =    10.667 [min] >[0m 
 [36m
 GAMERA
      Time =    10.668 [min]
        ts =    10318
        dt =  8.36E-02 [sec]
    dt/dt0 =   70.175%
    Spent     0.0% of time waiting for Voltron
      kZCs =   3584.83 /   1383.44 [MHD/TOT] (8 threads)
[0m       CPCP =   62.438  63.632 [kV, N/S]
 [34m
 VOLTRON
      UT   = 2001-06-01 23:10:40
      tilt =    0.000 [deg]
    Sym-H  =   -5.000 [nT]
    BSDst  ~   19.709 [nT]
           dSMRs  ~    -0.10   -0.16    0.23    0.04 [nT, 12/18/00/06]
   DPSDst  ~   -5.148 [nT]
   Spent    43.0% of time waiting for Gamera
            11.7% of time processing Chimp(Helpers)
             8.6% of time processing IMAG
            13.4% of time processing Remix
            23.0% of time processing Tubes(Helpers)
             0.0% of time writing files
    Running @   69.411% of real-time (8 threads)
[0m  [35m
 RAIJU
      UT   = 2001-06-01 23:10:45
      Time =    10.750 [min]
     dtCpl =  5.00E+00 [sec]
     Max/Min dt @ k:
        Max 4.23E+01 [sec] @ 7
        Min 1.38E-01 [sec] @ 160
     Flav : max Press/Den @ L,MLT; DPS-dst
        0: P =   0.00, D =9075.91 @  1.54 Rp,12.07 MLT; DPS:   0.00
        1: P =   0.26, D =   7.42 @  8.40 Rp,13.28 MLT; DPS:  -0.92
        2: P =   2.94, D =   0.27 @  3.94 Rp, 5.27 MLT; DPS:  -5.26
[0m [32m<Writing HDF5 DATA @ t =    10.668 [min] >[0m 
[32m<Writing RAIJU HDF5 DATA @ t =    10.750 [min] >[0m 
 [36m
 GAMERA
      Time =    10.751 [min]
        ts =    10378
        dt =  8.35E-02 [sec]
    dt/dt0 =   70.127%
    Spent     0.0% of time waiting for Voltron
      kZCs =   3582.65 /   1386.02 [MHD/TOT] (8 threads)
[0m       CPCP =   64.091  64.992 [kV, N/S]
 [34m
 VOLTRON
      UT   = 2001-06-01 23:10:45
      tilt =    0.000 [deg]
    Sym-H  =   -5.000 [nT]
    BSDst  ~   19.765 [nT]
           dSMRs  ~    -0.10   -0.19    0.25    0.03 [nT, 12/18/00/06]
   DPSDst  ~   -5.147 [nT]
   Spent    43.0% of time waiting for Gamera
            11.7% of time processing Chimp(Helpers)
             8.6% of time processing IMAG
            13.4% of time processing Remix
            23.0% of time processing Tubes(Helpers)
             0.0% of time writing files
    Running @   69.597% of real-time (8 threads)
[0m  [35m
 RAIJU
      UT   = 2001-06-01 23:10:50
      Time =    10.833 [min]
     dtCpl =  5.00E+00 [sec]
     Max/Min dt @ k:
        Max 4.18E+01 [sec] @ 7
        Min 1.38E-01 [sec] @ 160
     Flav : max Press/Den @ L,MLT; DPS-dst
        0: P =   0.00, D =9075.91 @  1.54 Rp,12.07 MLT; DPS:   0.00
        1: P =   0.26, D =   7.39 @  8.38 Rp,13.27 MLT; DPS:  -0.92
        2: P =   2.94, D =   0.27 @  3.94 Rp, 5.14 MLT; DPS:  -5.26
[0m [32m<Writing HDF5 DATA @ t =    10.751 [min] >[0m 
[32m<Writing RAIJU HDF5 DATA @ t =    10.833 [min] >[0m 
 [36m
 GAMERA
      Time =    10.835 [min]
        ts =    10438
        dt =  8.34E-02 [sec]
    dt/dt0 =   70.075%
    Spent     0.0% of time waiting for Voltron
      kZCs =   3583.81 /   1386.06 [MHD/TOT] (8 threads)
[0m       CPCP =   65.562  66.422 [kV, N/S]
 [34m
 VOLTRON
      UT   = 2001-06-01 23:10:50
      tilt =    0.000 [deg]
    Sym-H  =   -5.000 [nT]
    BSDst  ~   19.798 [nT]
           dSMRs  ~    -0.11   -0.20    0.29    0.03 [nT, 12/18/00/06]
   DPSDst  ~   -5.142 [nT]
   Spent    43.1% of time waiting for Gamera
            11.7% of time processing Chimp(Helpers)
             8.6% of time processing IMAG
            13.4% of time processing Remix
            23.0% of time processing Tubes(Helpers)
             0.0% of time writing files
    Running @   69.846% of real-time (8 threads)
[0m  [35m
 RAIJU
      UT   = 2001-06-01 23:10:55
      Time =    10.917 [min]
     dtCpl =  5.00E+00 [sec]
     Max/Min dt @ k:
        Max 4.12E+01 [sec] @ 6
        Min 1.38E-01 [sec] @ 160
     Flav : max Press/Den @ L,MLT; DPS-dst
        0: P =   0.00, D =9075.91 @  1.54 Rp,12.07 MLT; DPS:   0.00
        1: P =   0.26, D =   7.39 @  8.36 Rp,13.27 MLT; DPS:  -0.91
        2: P =   2.94, D =   0.27 @  3.94 Rp, 5.14 MLT; DPS:  -5.25
[0m [32m<Writing HDF5 DATA @ t =    10.835 [min] >[0m 
[32m<Writing RAIJU HDF5 DATA @ t =    10.917 [min] >[0m 
 [36m
 GAMERA
      Time =    10.918 [min]
        ts =    10498
        dt =  8.34E-02 [sec]
    dt/dt0 =   70.031%
    Spent     0.0% of time waiting for Voltron
      kZCs =   3588.76 /   1387.86 [MHD/TOT] (8 threads)
[0m       CPCP =   66.800  67.853 [kV, N/S]
 [34m
 VOLTRON
      UT   = 2001-06-01 23:10:55
      tilt =    0.000 [deg]
    Sym-H  =   -5.000 [nT]
    BSDst  ~   19.798 [nT]
           dSMRs  ~    -0.15   -0.21    0.34    0.02 [nT, 12/18/00/06]
   DPSDst  ~   -5.133 [nT]
   Spent    43.1% of time waiting for Gamera
            11.7% of time processing Chimp(Helpers)
             8.6% of time processing IMAG
            13.4% of time processing Remix
            23.0% of time processing Tubes(Helpers)
             0.0% of time writing files
    Running @   70.088% of real-time (8 threads)
[0m  [35m
 RAIJU
      UT   = 2001-06-01 23:10:59
      Time =    11.000 [min]
     dtCpl =  5.00E+00 [sec]
     Max/Min dt @ k:
        Max 4.07E+01 [sec] @ 50
        Min 1.38E-01 [sec] @ 160
     Flav : max Press/Den @ L,MLT; DPS-dst
        0: P =   0.00, D =9075.91 @  1.54 Rp,12.07 MLT; DPS:   0.00
        1: P =   0.26, D =   7.39 @  8.38 Rp,13.27 MLT; DPS:  -0.91
        2: P =   2.94, D =   0.27 @  3.94 Rp, 5.00 MLT; DPS:  -5.25
[0m [32m<Writing HDF5 DATA @ t =    10.918 [min] >[0m 
[32m<Writing RAIJU HDF5 DATA @ t =    11.000 [min] >[0m 
 [36m
 GAMERA
      Time =    11.001 [min]
        ts =    10558
        dt =  8.34E-02 [sec]
    dt/dt0 =   70.007%
    Spent     0.0% of time waiting for Voltron
      kZCs =   3586.28 /   1389.65 [MHD/TOT] (8 threads)
[0m       CPCP =   67.830  69.122 [kV, N/S]
 [34m
 VOLTRON
      UT   = 2001-06-01 23:11:00
      tilt =    0.000 [deg]
    Sym-H  =   -5.000 [nT]
    BSDst  ~   19.770 [nT]
           dSMRs  ~    -0.22   -0.21    0.40    0.03 [nT, 12/18/00/06]
   DPSDst  ~   -5.130 [nT]
   Spent    43.1% of time waiting for Gamera
            11.7% of time processing Chimp(Helpers)
             8.6% of time processing IMAG
            13.4% of time processing Remix
            23.0% of time processing Tubes(Helpers)
             0.0% of time writing files
    Running @   70.304% of real-time (8 threads)
[0m  [35m
 RAIJU
      UT   = 2001-06-01 23:11:05
      Time =    11.083 [min]
     dtCpl =  5.00E+00 [sec]
     Max/Min dt @ k:
        Max 4.01E+01 [sec] @ 52
        Min 1.38E-01 [sec] @ 160
     Flav : max Press/Den @ L,MLT; DPS-dst
        0: P =   0.00, D =9075.91 @  1.54 Rp,12.07 MLT; DPS:   0.00
        1: P =   0.25, D =   7.39 @  8.38 Rp,13.28 MLT; DPS:  -0.90
        2: P =   2.94, D =   0.27 @  3.94 Rp, 5.00 MLT; DPS:  -5.25
[0m [32m<Writing HDF5 DATA @ t =    11.001 [min] >[0m 
[32m<Writing RAIJU HDF5 DATA @ t =    11.083 [min] >[0m 
 [36m
 GAMERA
      Time =    11.085 [min]
        ts =    10618
        dt =  8.33E-02 [sec]
    dt/dt0 =   69.992%
    Spent     0.0% of time waiting for Voltron
      kZCs =   3584.39 /   1390.46 [MHD/TOT] (8 threads)
[0m       CPCP =   68.744  70.234 [kV, N/S]
 [34m
 VOLTRON
      UT   = 2001-06-01 23:11:05
      tilt =    0.000 [deg]
    Sym-H  =   -5.000 [nT]
    BSDst  ~   19.722 [nT]
           dSMRs  ~    -0.29   -0.21    0.47    0.03 [nT, 12/18/00/06]
   DPSDst  ~   -5.127 [nT]
   Spent    43.2% of time waiting for Gamera
            11.7% of time processing Chimp(Helpers)
             8.6% of time processing IMAG
            13.4% of time processing Remix
            23.0% of time processing Tubes(Helpers)
             0.0% of time writing files
    Running @   70.527% of real-time (8 threads)
[0m  [35m
 RAIJU
      UT   = 2001-06-01 23:11:10
      Time =    11.167 [min]
     dtCpl =  5.00E+00 [sec]
     Max/Min dt @ k:
        Max 3.92E+01 [sec] @ 6
        Min 1.38E-01 [sec] @ 160
     Flav : max Press/Den @ L,MLT; DPS-dst
        0: P =   0.00, D =9075.91 @  1.54 Rp,12.07 MLT; DPS:   0.00
        1: P =   0.25, D =   7.37 @  8.42 Rp,13.28 MLT; DPS:  -0.90
        2: P =   2.94, D =   0.27 @  3.94 Rp, 4.87 MLT; DPS:  -5.25
[0m [32m<Writing HDF5 DATA @ t =    11.085 [min] >[0m 
[32m<Writing RAIJU HDF5 DATA @ t =    11.167 [min] >[0m 
 [36m
 GAMERA
      Time =    11.168 [min]
        ts =    10678
        dt =  8.33E-02 [sec]
    dt/dt0 =   69.969%
    Spent     0.0% of time waiting for Voltron
      kZCs =   3585.12 /   1392.63 [MHD/TOT] (8 threads)
[0m       CPCP =   69.541  71.211 [kV, N/S]
 [34m
 VOLTRON
      UT   = 2001-06-01 23:11:10
      tilt =    0.000 [deg]
    Sym-H  =   -5.000 [nT]
    BSDst  ~   19.660 [nT]
           dSMRs  ~    -0.36   -0.21    0.53    0.04 [nT, 12/18/00/06]
   DPSDst  ~   -5.122 [nT]
   Spent    43.2% of time waiting for Gamera
            11.7% of time processing Chimp(Helpers)
             8.6% of time processing IMAG
            13.3% of time processing Remix
            23.0% of time processing Tubes(Helpers)
             0.0% of time writing files
    Running @   70.754% of real-time (8 threads)
[0m  [35m
 RAIJU
      UT   = 2001-06-01 23:11:15
      Time =    11.250 [min]
     dtCpl =  5.00E+00 [sec]
     Max/Min dt @ k:
        Max 3.70E+01 [sec] @ 7
        Min 1.38E-01 [sec] @ 160
     Flav : max Press/Den @ L,MLT; DPS-dst
        0: P =   0.00, D =9075.91 @  1.54 Rp,12.07 MLT; DPS:   0.00
        1: P =   0.24, D =   7.19 @  8.43 Rp,13.41 MLT; DPS:  -0.90
        2: P =   2.94, D =   0.27 @  3.94 Rp, 4.87 MLT; DPS:  -5.24
[0m [32m<Writing HDF5 DATA @ t =    11.168 [min] >[0m 
[32m<Writing RAIJU HDF5 DATA @ t =    11.250 [min] >[0m 
 [36m
 GAMERA
      Time =    11.251 [min]
        ts =    10738
        dt =  8.33E-02 [sec]
    dt/dt0 =   69.952%
    Spent     0.0% of time waiting for Voltron
      kZCs =   3585.56 /   1395.50 [MHD/TOT] (8 threads)
[0m       CPCP =   70.270  72.084 [kV, N/S]
 [34m
 VOLTRON
      UT   = 2001-06-01 23:11:15
      tilt =    0.000 [deg]
    Sym-H  =   -5.000 [nT]
    BSDst  ~   19.591 [nT]
           dSMRs  ~    -0.41   -0.21    0.59    0.03 [nT, 12/18/00/06]
   DPSDst  ~   -5.118 [nT]
   Spent    43.2% of time waiting for Gamera
            11.7% of time processing Chimp(Helpers)
             8.6% of time processing IMAG
            13.3% of time processing Remix
            23.0% of time processing Tubes(Helpers)
             0.0% of time writing files
    Running @   70.957% of real-time (8 threads)
[0m  [35m
 RAIJU
      UT   = 2001-06-01 23:11:20
      Time =    11.333 [min]
     dtCpl =  5.00E+00 [sec]
     Max/Min dt @ k:
        Max 3.54E+01 [sec] @ 8
        Min 1.38E-01 [sec] @ 160
     Flav : max Press/Den @ L,MLT; DPS-dst
        0: P =   0.00, D =9075.91 @  1.54 Rp,12.07 MLT; DPS:   0.00
        1: P =   0.23, D =   7.14 @  8.43 Rp,13.41 MLT; DPS:  -0.89
        2: P =   2.94, D =   0.27 @  3.94 Rp, 4.87 MLT; DPS:  -5.24
[0m [32m<Writing HDF5 DATA @ t =    11.251 [min] >[0m 
[32m<Writing RAIJU HDF5 DATA @ t =    11.333 [min] >[0m 
 [36m
 GAMERA
      Time =    11.335 [min]
        ts =    10798
        dt =  8.32E-02 [sec]
    dt/dt0 =   69.917%
    Spent     0.0% of time waiting for Voltron
      kZCs =   3588.76 /   1394.47 [MHD/TOT] (8 threads)
[0m       CPCP =   71.047  72.768 [kV, N/S]
 [34m
 VOLTRON
      UT   = 2001-06-01 23:11:20
      tilt =    0.000 [deg]
    Sym-H  =   -5.000 [nT]
    BSDst  ~   19.530 [nT]
           dSMRs  ~    -0.43   -0.22    0.62    0.02 [nT, 12/18/00/06]
   DPSDst  ~   -5.116 [nT]
   Spent    43.3% of time waiting for Gamera
            11.7% of time processing Chimp(Helpers)
             8.6% of time processing IMAG
            13.3% of time processing Remix
            23.0% of time processing Tubes(Helpers)
             0.0% of time writing files
    Running @   71.144% of real-time (8 threads)
[0m  [35m
 RAIJU
      UT   = 2001-06-01 23:11:25
      Time =    11.417 [min]
     dtCpl =  5.00E+00 [sec]
     Max/Min dt @ k:
        Max 3.39E+01 [sec] @ 8
        Min 1.38E-01 [sec] @ 160
     Flav : max Press/Den @ L,MLT; DPS-dst
        0: P =   0.00, D =9075.91 @  1.54 Rp,12.07 MLT; DPS:   0.00
        1: P =   0.23, D =   7.09 @  8.44 Rp,13.41 MLT; DPS:  -0.89
        2: P =   2.94, D =   0.27 @  3.94 Rp, 4.74 MLT; DPS:  -5.24
[0m [32m<Writing HDF5 DATA @ t =    11.335 [min] >[0m 
[32m<Writing RAIJU HDF5 DATA @ t =    11.417 [min] >[0m 
 [36m
 GAMERA
      Time =    11.418 [min]
        ts =    10858
        dt =  8.32E-02 [sec]
    dt/dt0 =   69.858%
    Spent     0.0% of time waiting for Voltron
      kZCs =   3583.52 /   1393.35 [MHD/TOT] (8 threads)
[0m       CPCP =   71.686  73.327 [kV, N/S]
 [34m
 VOLTRON
      UT   = 2001-06-01 23:11:25
      tilt =    0.000 [deg]
    Sym-H  =   -5.000 [nT]
    BSDst  ~   19.499 [nT]
           dSMRs  ~    -0.41   -0.23    0.64    0.00 [nT, 12/18/00/06]
   DPSDst  ~   -5.111 [nT]
   Spent    43.3% of time waiting for Gamera
            11.6% of time processing Chimp(Helpers)
             8.6% of time processing IMAG
            13.3% of time processing Remix
            22.9% of time processing Tubes(Helpers)
             0.0% of time writing files
    Running @   71.343% of real-time (8 threads)
[0m  [35m
 RAIJU
      UT   = 2001-06-01 23:11:30
      Time =    11.500 [min]
     dtCpl =  5.00E+00 [sec]
     Max/Min dt @ k:
        Max 3.27E+01 [sec] @ 8
        Min 1.38E-01 [sec] @ 160
     Flav : max Press/Den @ L,MLT; DPS-dst
        0: P =   0.00, D =9075.91 @  1.54 Rp,12.07 MLT; DPS:   0.00
        1: P =   0.22, D =   7.04 @  8.45 Rp,13.40 MLT; DPS:  -0.89
        2: P =   2.94, D =   0.27 @  3.94 Rp, 4.74 MLT; DPS:  -5.24
[0m [32m<Writing HDF5 DATA @ t =    11.418 [min] >[0m 
[32m<Writing RAIJU HDF5 DATA @ t =    11.500 [min] >[0m 
 [36m
 GAMERA
      Time =    11.501 [min]
        ts =    10918
        dt =  8.31E-02 [sec]
    dt/dt0 =   69.795%
    Spent     0.0% of time waiting for Voltron
      kZCs =   3584.10 /   1397.44 [MHD/TOT] (8 threads)
[0m       CPCP =   72.186  73.857 [kV, N/S]
 [34m
 VOLTRON
      UT   = 2001-06-01 23:11:30
      tilt =    0.000 [deg]
    Sym-H  =   -5.000 [nT]
    BSDst  ~   19.509 [nT]
           dSMRs  ~    -0.37   -0.25    0.63   -0.01 [nT, 12/18/00/06]
   DPSDst  ~   -5.116 [nT]
   Spent    43.3% of time waiting for Gamera
            11.6% of time processing Chimp(Helpers)
             8.7% of time processing IMAG
            13.2% of time processing Remix
            22.9% of time processing Tubes(Helpers)
             0.0% of time writing files
    Running @   71.531% of real-time (8 threads)
[0m  [35m
 RAIJU
      UT   = 2001-06-01 23:11:35
      Time =    11.583 [min]
     dtCpl =  5.00E+00 [sec]
     Max/Min dt @ k:
        Max 3.18E+01 [sec] @ 8
        Min 1.38E-01 [sec] @ 160
     Flav : max Press/Den @ L,MLT; DPS-dst
        0: P =   0.00, D =9075.91 @  1.54 Rp,12.07 MLT; DPS:   0.00
        1: P =   0.22, D =   6.99 @  8.46 Rp,13.40 MLT; DPS:  -0.89
        2: P =   2.94, D =   0.27 @  3.94 Rp, 4.74 MLT; DPS:  -5.24
[0m [32m<Writing HDF5 DATA @ t =    11.501 [min] >[0m 
[32m<Writing RAIJU HDF5 DATA @ t =    11.583 [min] >[0m 
 [36m
 GAMERA
      Time =    11.584 [min]
        ts =    10978
        dt =  8.30E-02 [sec]
    dt/dt0 =   69.737%
    Spent     0.0% of time waiting for Voltron
      kZCs =   3586.43 /   1397.49 [MHD/TOT] (8 threads)
[0m       CPCP =   72.715  74.293 [kV, N/S]
 [34m
 VOLTRON
      UT   = 2001-06-01 23:11:35
      tilt =    0.000 [deg]
    Sym-H  =   -5.000 [nT]
    BSDst  ~   19.553 [nT]
           dSMRs  ~    -0.32   -0.26    0.61   -0.03 [nT, 12/18/00/06]
   DPSDst  ~   -5.111 [nT]
   Spent    43.4% of time waiting for Gamera
            11.6% of time processing Chimp(Helpers)
             8.7% of time processing IMAG
            13.2% of time processing Remix
            22.9% of time processing Tubes(Helpers)
             0.0% of time writing files
    Running @   71.679% of real-time (8 threads)
[0m  [35m
 RAIJU
      UT   = 2001-06-01 23:11:40
      Time =    11.667 [min]
     dtCpl =  5.00E+00 [sec]
     Max/Min dt @ k:
        Max 3.10E+01 [sec] @ 8
        Min 1.38E-01 [sec] @ 160
     Flav : max Press/Den @ L,MLT; DPS-dst
        0: P =   0.00, D =9075.91 @  1.54 Rp,12.07 MLT; DPS:   0.00
        1: P =   0.22, D =   6.96 @  8.47 Rp,13.40 MLT; DPS:  -0.88
        2: P =   2.94, D =   0.27 @  3.94 Rp, 4.74 MLT; DPS:  -5.24
[0m [32m<Writing HDF5 DATA @ t =    11.584 [min] >[0m 
[32m<Writing RAIJU HDF5 DATA @ t =    11.667 [min] >[0m 
 [36m
 GAMERA
      Time =    11.667 [min]
        ts =    11038
        dt =  8.30E-02 [sec]
    dt/dt0 =   69.690%
    Spent     0.0% of time waiting for Voltron
      kZCs =   3587.88 /   1398.95 [MHD/TOT] (8 threads)
[0m       CPCP =   73.591  74.549 [kV, N/S]
 [34m
 VOLTRON
      UT   = 2001-06-01 23:11:40
      tilt =    0.000 [deg]
    Sym-H  =   -5.000 [nT]
    BSDst  ~   19.615 [nT]
           dSMRs  ~    -0.26   -0.27    0.58   -0.04 [nT, 12/18/00/06]
   DPSDst  ~   -5.110 [nT]
   Spent    43.4% of time waiting for Gamera
            11.6% of time processing Chimp(Helpers)
             8.7% of time processing IMAG
            13.2% of time processing Remix
            22.9% of time processing Tubes(Helpers)
             0.0% of time writing files
    Running @   71.859% of real-time (8 threads)
[0m  [35m
 RAIJU
      UT   = 2001-06-01 23:11:45
      Time =    11.750 [min]
     dtCpl =  5.00E+00 [sec]
     Max/Min dt @ k:
        Max 3.03E+01 [sec] @ 8
        Min 1.38E-01 [sec] @ 160
     Flav : max Press/Den @ L,MLT; DPS-dst
        0: P =   0.00, D =9075.91 @  1.54 Rp,12.07 MLT; DPS:   0.00
        1: P =   0.17, D =   0.16 @  5.04 Rp, 0.34 MLT; DPS:  -0.88
        2: P =   2.94, D =   0.27 @  3.94 Rp, 4.60 MLT; DPS:  -5.24
[0m [32m<Writing HDF5 DATA @ t =    11.667 [min] >[0m 
[32m<Writing RAIJU HDF5 DATA @ t =    11.750 [min] >[0m 
 [36m
 GAMERA
      Time =    11.751 [min]
        ts =    11099
        dt =  8.29E-02 [sec]
    dt/dt0 =   69.634%
    Spent     0.0% of time waiting for Voltron
      kZCs =   3586.31 /   1412.99 [MHD/TOT] (8 threads)
[0m       CPCP =   74.788  75.371 [kV, N/S]
 [34m
 VOLTRON
      UT   = 2001-06-01 23:11:45
      tilt =    0.000 [deg]
    Sym-H  =   -5.000 [nT]
    BSDst  ~   19.674 [nT]
           dSMRs  ~    -0.24   -0.28    0.56   -0.05 [nT, 12/18/00/06]
   DPSDst  ~   -5.114 [nT]
   Spent    43.5% of time waiting for Gamera
            11.6% of time processing Chimp(Helpers)
             8.7% of time processing IMAG
            13.2% of time processing Remix
            22.8% of time processing Tubes(Helpers)
             0.0% of time writing files
    Running @   72.045% of real-time (8 threads)
[0m  [35m
 RAIJU
      UT   = 2001-06-01 23:11:50
      Time =    11.833 [min]
     dtCpl =  5.00E+00 [sec]
     Max/Min dt @ k:
        Max 2.98E+01 [sec] @ 8
        Min 1.38E-01 [sec] @ 160
     Flav : max Press/Den @ L,MLT; DPS-dst
        0: P =   0.00, D =9075.91 @  1.54 Rp,12.07 MLT; DPS:   0.00
        1: P =   0.17, D =   0.16 @  5.04 Rp, 0.34 MLT; DPS:  -0.88
        2: P =   2.94, D =   0.27 @  3.94 Rp, 4.60 MLT; DPS:  -5.24
[0m [32m<Writing HDF5 DATA @ t =    11.751 [min] >[0m 
[32m<Writing RAIJU HDF5 DATA @ t =    11.833 [min] >[0m 
 [36m
 GAMERA
      Time =    11.834 [min]
        ts =    11159
        dt =  8.29E-02 [sec]
    dt/dt0 =   69.595%
    Spent     0.0% of time waiting for Voltron
      kZCs =   3586.57 /   1400.39 [MHD/TOT] (8 threads)
[0m       CPCP =   75.748  76.134 [kV, N/S]
 [34m
 VOLTRON
      UT   = 2001-06-01 23:11:50
      tilt =    0.000 [deg]
    Sym-H  =   -5.000 [nT]
    BSDst  ~   19.700 [nT]
           dSMRs  ~    -0.25   -0.28    0.57   -0.04 [nT, 12/18/00/06]
   DPSDst  ~   -5.109 [nT]
   Spent    43.5% of time waiting for Gamera
            11.6% of time processing Chimp(Helpers)
             8.7% of time processing IMAG
            13.2% of time processing Remix
            22.8% of time processing Tubes(Helpers)
             0.0% of time writing files
    Running @   72.225% of real-time (8 threads)
[0m  [35m
 RAIJU
      UT   = 2001-06-01 23:11:55
      Time =    11.917 [min]
     dtCpl =  5.00E+00 [sec]
     Max/Min dt @ k:
        Max 2.94E+01 [sec] @ 8
        Min 1.38E-01 [sec] @ 160
     Flav : max Press/Den @ L,MLT; DPS-dst
        0: P =   0.00, D =9075.91 @  1.54 Rp,12.07 MLT; DPS:   0.00
        1: P =   0.17, D =   0.16 @  5.04 Rp, 0.34 MLT; DPS:  -0.88
        2: P =   2.94, D =   0.27 @  3.94 Rp, 4.60 MLT; DPS:  -5.24
[0m [32m<Writing HDF5 DATA @ t =    11.834 [min] >[0m 
[32m<Writing RAIJU HDF5 DATA @ t =    11.917 [min] >[0m 
 [36m
 GAMERA
      Time =    11.917 [min]
        ts =    11219
        dt =  8.28E-02 [sec]
    dt/dt0 =   69.583%
    Spent     0.0% of time waiting for Voltron
      kZCs =   3585.56 /   1402.10 [MHD/TOT] (8 threads)
[0m       CPCP =   76.518  76.682 [kV, N/S]
 [34m
 VOLTRON
      UT   = 2001-06-01 23:11:55
      tilt =    0.000 [deg]
    Sym-H  =   -5.000 [nT]
    BSDst  ~   19.676 [nT]
           dSMRs  ~    -0.30   -0.27    0.60   -0.03 [nT, 12/18/00/06]
   DPSDst  ~   -5.101 [nT]
   Spent    43.5% of time waiting for Gamera
            11.6% of time processing Chimp(Helpers)
             8.7% of time processing IMAG
            13.2% of time processing Remix
            22.7% of time processing Tubes(Helpers)
             0.0% of time writing files
    Running @   72.378% of real-time (8 threads)
[0m  [35m
 RAIJU
      UT   = 2001-06-01 23:11:59
      Time =    12.000 [min]
     dtCpl =  5.00E+00 [sec]
     Max/Min dt @ k:
        Max 2.88E+01 [sec] @ 8
        Min 1.38E-01 [sec] @ 160
     Flav : max Press/Den @ L,MLT; DPS-dst
        0: P =   0.00, D =9075.91 @  1.54 Rp,12.07 MLT; DPS:   0.00
        1: P =   0.17, D =   0.16 @  5.04 Rp, 0.20 MLT; DPS:  -0.87
        2: P =   2.94, D =   0.27 @  3.94 Rp, 4.60 MLT; DPS:  -5.23
[0m [32m<Writing HDF5 DATA @ t =    11.917 [min] >[0m 
[32m<Writing RAIJU HDF5 DATA @ t =    12.000 [min] >[0m 
 [36m
 GAMERA
      Time =    12.001 [min]
        ts =    11280
        dt =  8.28E-02 [sec]
    dt/dt0 =   69.560%
    Spent     0.0% of time waiting for Voltron
      kZCs =   3583.45 /   1415.06 [MHD/TOT] (8 threads)
[0m       CPCP =   77.266  77.110 [kV, N/S]
 [34m
 VOLTRON
      UT   = 2001-06-01 23:12:00
      tilt =    0.000 [deg]
    Sym-H  =   -5.000 [nT]
    BSDst  ~   19.603 [nT]
           dSMRs  ~    -0.36   -0.27    0.66   -0.03 [nT, 12/18/00/06]
   DPSDst  ~   -5.096 [nT]
   Spent    43.6% of time waiting for Gamera
            11.6% of time processing Chimp(Helpers)
             8.7% of time processing IMAG
            13.1% of time processing Remix
            22.7% of time processing Tubes(Helpers)
             0.0% of time writing files
    Running @   72.533% of real-time (8 threads)
[0m  [35m
 RAIJU
      UT   = 2001-06-01 23:12:05
      Time =    12.083 [min]
     dtCpl =  5.00E+00 [sec]
     Max/Min dt @ k:
        Max 2.79E+01 [sec] @ 8
        Min 1.38E-01 [sec] @ 160
     Flav : max Press/Den @ L,MLT; DPS-dst
        0: P =   0.00, D =9075.91 @  1.54 Rp,12.07 MLT; DPS:   0.00
        1: P =   0.17, D =   0.16 @  5.04 Rp, 0.20 MLT; DPS:  -0.87
        2: P =   2.94, D =   0.27 @  3.94 Rp, 4.47 MLT; DPS:  -5.23
[0m [32m<Writing HDF5 DATA @ t =    12.001 [min] >[0m 
[32m<Writing RAIJU HDF5 DATA @ t =    12.083 [min] >[0m 
 [36m
 GAMERA
      Time =    12.084 [min]
        ts =    11340
        dt =  8.28E-02 [sec]
    dt/dt0 =   69.541%
    Spent     0.0% of time waiting for Voltron
      kZCs =   3584.54 /   1402.61 [MHD/TOT] (8 threads)
[0m       CPCP =   78.033  77.443 [kV, N/S]
 [34m
 VOLTRON
      UT   = 2001-06-01 23:12:05
      tilt =    0.000 [deg]
    Sym-H  =   -5.000 [nT]
    BSDst  ~   19.494 [nT]
           dSMRs  ~    -0.41   -0.27    0.71   -0.02 [nT, 12/18/00/06]
   DPSDst  ~   -5.079 [nT]
   Spent    43.6% of time waiting for Gamera
            11.6% of time processing Chimp(Helpers)
             8.7% of time processing IMAG
            13.1% of time processing Remix
            22.7% of time processing Tubes(Helpers)
             0.0% of time writing files
    Running @   72.683% of real-time (8 threads)
[0m  [35m
 RAIJU
      UT   = 2001-06-01 23:12:10
      Time =    12.167 [min]
     dtCpl =  5.00E+00 [sec]
     Max/Min dt @ k:
        Max 2.70E+01 [sec] @ 8
        Min 1.38E-01 [sec] @ 160
     Flav : max Press/Den @ L,MLT; DPS-dst
        0: P =   0.00, D =9075.91 @  1.54 Rp,12.07 MLT; DPS:   0.00
        1: P =   0.16, D =   0.16 @  5.04 Rp, 0.20 MLT; DPS:  -0.86
        2: P =   2.94, D =   0.27 @  3.94 Rp, 0.34 MLT; DPS:  -5.22
[0m [32m<Writing HDF5 DATA @ t =    12.084 [min] >[0m 
[32m<Writing RAIJU HDF5 DATA @ t =    12.167 [min] >[0m 
 [36m
 GAMERA
      Time =    12.167 [min]
        ts =    11400
        dt =  8.28E-02 [sec]
    dt/dt0 =   69.532%
    Spent     0.0% of time waiting for Voltron
      kZCs =   3584.39 /   1401.83 [MHD/TOT] (8 threads)
[0m       CPCP =   78.852  77.809 [kV, N/S]
 [34m
 VOLTRON
      UT   = 2001-06-01 23:12:10
      tilt =    0.000 [deg]
    Sym-H  =   -5.000 [nT]
    BSDst  ~   19.378 [nT]
           dSMRs  ~    -0.43   -0.27    0.73   -0.03 [nT, 12/18/00/06]
   DPSDst  ~   -5.073 [nT]
   Spent    43.7% of time waiting for Gamera
            11.6% of time processing Chimp(Helpers)
             8.7% of time processing IMAG
            13.1% of time processing Remix
            22.6% of time processing Tubes(Helpers)
             0.0% of time writing files
    Running @   72.824% of real-time (8 threads)
[0m  [35m
 RAIJU
      UT   = 2001-06-01 23:12:15
      Time =    12.250 [min]
     dtCpl =  5.00E+00 [sec]
     Max/Min dt @ k:
        Max 2.65E+01 [sec] @ 9
        Min 1.38E-01 [sec] @ 160
     Flav : max Press/Den @ L,MLT; DPS-dst
        0: P =   0.00, D =9075.91 @  1.54 Rp,12.07 MLT; DPS:   0.00
        1: P =   0.16, D =   0.19 @  5.39 Rp,23.80 MLT; DPS:  -0.85
        2: P =   2.95, D =   0.27 @  3.94 Rp, 0.20 MLT; DPS:  -5.22
[0m [32m<Writing HDF5 DATA @ t =    12.167 [min] >[0m 
[32m<Writing RAIJU HDF5 DATA @ t =    12.250 [min] >[0m 
 [36m
 GAMERA
      Time =    12.251 [min]
        ts =    11461
        dt =  8.28E-02 [sec]
    dt/dt0 =   69.515%
    Spent     0.0% of time waiting for Voltron
      kZCs =   3582.59 /   1416.46 [MHD/TOT] (8 threads)
[0m       CPCP =   79.596  78.240 [kV, N/S]
 [34m
 VOLTRON
      UT   = 2001-06-01 23:12:15
      tilt =    0.000 [deg]
    Sym-H  =   -5.000 [nT]
    BSDst  ~   19.277 [nT]
           dSMRs  ~    -0.42   -0.27    0.73   -0.04 [nT, 12/18/00/06]
   DPSDst  ~   -5.065 [nT]
   Spent    43.7% of time waiting for Gamera
            11.6% of time processing Chimp(Helpers)
             8.7% of time processing IMAG
            13.1% of time processing Remix
            22.6% of time processing Tubes(Helpers)
             0.0% of time writing files
    Running @   72.980% of real-time (8 threads)
[0m  [35m
 RAIJU
      UT   = 2001-06-01 23:12:20
      Time =    12.333 [min]
     dtCpl =  5.00E+00 [sec]
     Max/Min dt @ k:
        Max 2.59E+01 [sec] @ 9
        Min 1.38E-01 [sec] @ 160
     Flav : max Press/Den @ L,MLT; DPS-dst
        0: P =   0.00, D =9075.91 @  1.54 Rp,12.07 MLT; DPS:   0.00
        1: P =   0.16, D =   0.19 @  5.39 Rp,23.80 MLT; DPS:  -0.85
        2: P =   2.95, D =   0.27 @  3.94 Rp, 0.20 MLT; DPS:  -5.22
[0m [32m<Writing HDF5 DATA @ t =    12.251 [min] >[0m 
[32m<Writing RAIJU HDF5 DATA @ t =    12.333 [min] >[0m 
 [36m
 GAMERA
      Time =    12.334 [min]
        ts =    11521
        dt =  8.27E-02 [sec]
    dt/dt0 =   69.493%
    Spent     0.0% of time waiting for Voltron
      kZCs =   3585.12 /   1404.43 [MHD/TOT] (8 threads)
[0m       CPCP =   80.279  78.815 [kV, N/S]
 [34m
 VOLTRON
      UT   = 2001-06-01 23:12:20
      tilt =    0.000 [deg]
    Sym-H  =   -5.000 [nT]
    BSDst  ~   19.207 [nT]
           dSMRs  ~    -0.39   -0.28    0.72   -0.04 [nT, 12/18/00/06]
   DPSDst  ~   -5.060 [nT]
   Spent    43.7% of time waiting for Gamera
            11.6% of time processing Chimp(Helpers)
             8.7% of time processing IMAG
            13.1% of time processing Remix
            22.6% of time processing Tubes(Helpers)
             0.0% of time writing files
    Running @   73.088% of real-time (8 threads)
[0m  [35m
 RAIJU
      UT   = 2001-06-01 23:12:25
      Time =    12.417 [min]
     dtCpl =  5.00E+00 [sec]
     Max/Min dt @ k:
        Max 2.55E+01 [sec] @ 9
        Min 1.38E-01 [sec] @ 160
     Flav : max Press/Den @ L,MLT; DPS-dst
        0: P =   0.00, D =9075.91 @  1.54 Rp,12.07 MLT; DPS:   0.00
        1: P =   0.16, D =   0.19 @  5.39 Rp,23.80 MLT; DPS:  -0.84
        2: P =   2.96, D =   0.27 @  3.94 Rp, 0.20 MLT; DPS:  -5.21
[0m [32m<Writing HDF5 DATA @ t =    12.334 [min] >[0m 
[32m<Writing RAIJU HDF5 DATA @ t =    12.417 [min] >[0m 
 [36m
 GAMERA
      Time =    12.418 [min]
        ts =    11582
        dt =  8.27E-02 [sec]
    dt/dt0 =   69.467%
    Spent     0.0% of time waiting for Voltron
      kZCs =   3583.73 /   1418.25 [MHD/TOT] (8 threads)
[0m       CPCP =   80.974  79.475 [kV, N/S]
 [34m
 VOLTRON
      UT   = 2001-06-01 23:12:25
      tilt =    0.000 [deg]
    Sym-H  =   -5.000 [nT]
    BSDst  ~   19.170 [nT]
           dSMRs  ~    -0.35   -0.29    0.69   -0.05 [nT, 12/18/00/06]
   DPSDst  ~   -5.055 [nT]
   Spent    43.8% of time waiting for Gamera
            11.6% of time processing Chimp(Helpers)
             8.7% of time processing IMAG
            13.1% of time processing Remix
            22.6% of time processing Tubes(Helpers)
             0.0% of time writing files
    Running @   73.246% of real-time (8 threads)
[0m  [35m
 RAIJU
      UT   = 2001-06-01 23:12:30
      Time =    12.500 [min]
     dtCpl =  5.00E+00 [sec]
     Max/Min dt @ k:
        Max 2.51E+01 [sec] @ 9
        Min 1.38E-01 [sec] @ 160
     Flav : max Press/Den @ L,MLT; DPS-dst
        0: P =   0.00, D =9075.91 @  1.54 Rp,12.07 MLT; DPS:   0.00
        1: P =   0.16, D =   0.19 @  5.39 Rp,23.80 MLT; DPS:  -0.84
        2: P =   2.96, D =   0.27 @  3.94 Rp, 0.20 MLT; DPS:  -5.21
[0m [32m<Writing HDF5 DATA @ t =    12.418 [min] >[0m 
[32m<Writing RAIJU HDF5 DATA @ t =    12.500 [min] >[0m 
 [36m
 GAMERA
      Time =    12.501 [min]
        ts =    11642
        dt =  8.27E-02 [sec]
    dt/dt0 =   69.444%
    Spent     0.0% of time waiting for Voltron
      kZCs =   3584.98 /   1405.90 [MHD/TOT] (8 threads)
[0m       CPCP =   81.574  80.168 [kV, N/S]
 [34m
 VOLTRON
      UT   = 2001-06-01 23:12:30
      tilt =    0.000 [deg]
    Sym-H  =   -5.000 [nT]
    BSDst  ~   19.162 [nT]
           dSMRs  ~    -0.30   -0.30    0.66   -0.06 [nT, 12/18/00/06]
   DPSDst  ~   -5.055 [nT]
   Spent    43.8% of time waiting for Gamera
            11.6% of time processing Chimp(Helpers)
             8.7% of time processing IMAG
            13.1% of time processing Remix
            22.6% of time processing Tubes(Helpers)
             0.0% of time writing files
    Running @   73.377% of real-time (8 threads)
[0m  [35m
 RAIJU
      UT   = 2001-06-01 23:12:35
      Time =    12.583 [min]
     dtCpl =  5.00E+00 [sec]
     Max/Min dt @ k:
        Max 2.46E+01 [sec] @ 9
        Min 1.38E-01 [sec] @ 160
     Flav : max Press/Den @ L,MLT; DPS-dst
        0: P =   0.00, D =9075.91 @  1.54 Rp,12.07 MLT; DPS:   0.00
        1: P =   0.16, D =   0.19 @  5.39 Rp,23.80 MLT; DPS:  -0.84
        2: P =   2.96, D =   0.27 @  3.94 Rp, 0.20 MLT; DPS:  -5.21
[0m [32m<Writing HDF5 DATA @ t =    12.501 [min] >[0m 
[32m<Writing RAIJU HDF5 DATA @ t =    12.583 [min] >[0m 
 [36m
 GAMERA
      Time =    12.585 [min]
        ts =    11703
        dt =  8.26E-02 [sec]
    dt/dt0 =   69.416%
    Spent     0.0% of time waiting for Voltron
      kZCs =   3586.31 /   1419.23 [MHD/TOT] (8 threads)
[0m       CPCP =   81.979  80.651 [kV, N/S]
 [34m
 VOLTRON
      UT   = 2001-06-01 23:12:35
      tilt =    0.000 [deg]
    Sym-H  =   -5.000 [nT]
    BSDst  ~   19.166 [nT]
           dSMRs  ~    -0.25   -0.30    0.62   -0.07 [nT, 12/18/00/06]
   DPSDst  ~   -5.059 [nT]
   Spent    43.9% of time waiting for Gamera
            11.6% of time processing Chimp(Helpers)
             8.7% of time processing IMAG
            13.1% of time processing Remix
            22.5% of time processing Tubes(Helpers)
             0.0% of time writing files
    Running @   73.525% of real-time (8 threads)
[0m  [35m
 RAIJU
      UT   = 2001-06-01 23:12:40
      Time =    12.667 [min]
     dtCpl =  5.00E+00 [sec]
     Max/Min dt @ k:
        Max 2.41E+01 [sec] @ 9
        Min 1.38E-01 [sec] @ 160
     Flav : max Press/Den @ L,MLT; DPS-dst
        0: P =   0.00, D =9075.91 @  1.54 Rp,12.07 MLT; DPS:   0.00
        1: P =   0.16, D =   0.19 @  5.39 Rp,23.80 MLT; DPS:  -0.84
        2: P =   2.97, D =   0.27 @  3.94 Rp, 0.20 MLT; DPS:  -5.21
[0m [32m<Writing HDF5 DATA @ t =    12.585 [min] >[0m 
[32m<Writing RAIJU HDF5 DATA @ t =    12.667 [min] >[0m 
 [36m
 GAMERA
      Time =    12.667 [min]
        ts =    11763
        dt =  8.26E-02 [sec]
    dt/dt0 =   69.382%
    Spent     0.0% of time waiting for Voltron
      kZCs =   3583.96 /   1406.13 [MHD/TOT] (8 threads)
[0m       CPCP =   82.131  80.770 [kV, N/S]
 [34m
 VOLTRON
      UT   = 2001-06-01 23:12:40
      tilt =    0.000 [deg]
    Sym-H  =   -5.000 [nT]
    BSDst  ~   19.173 [nT]
           dSMRs  ~    -0.22   -0.30    0.59   -0.08 [nT, 12/18/00/06]
   DPSDst  ~   -5.055 [nT]
   Spent    43.9% of time waiting for Gamera
            11.6% of time processing Chimp(Helpers)
             8.7% of time processing IMAG
            13.1% of time processing Remix
            22.5% of time processing Tubes(Helpers)
             0.0% of time writing files
    Running @   73.615% of real-time (8 threads)
[0m  [35m
 RAIJU
      UT   = 2001-06-01 23:12:45
      Time =    12.750 [min]
     dtCpl =  5.00E+00 [sec]
     Max/Min dt @ k:
        Max 2.35E+01 [sec] @ 9
        Min 1.38E-01 [sec] @ 160
     Flav : max Press/Den @ L,MLT; DPS-dst
        0: P =   0.00, D =9075.91 @  1.54 Rp,12.07 MLT; DPS:   0.00
        1: P =   0.16, D =   6.80 @  8.00 Rp,13.38 MLT; DPS:  -0.84
        2: P =   2.97, D =   0.27 @  3.94 Rp, 0.20 MLT; DPS:  -5.21
[0m [32m<Writing HDF5 DATA @ t =    12.667 [min] >[0m 
[32m<Writing RAIJU HDF5 DATA @ t =    12.750 [min] >[0m 
 [36m
 GAMERA
      Time =    12.751 [min]
        ts =    11824
        dt =  8.26E-02 [sec]
    dt/dt0 =   69.350%
    Spent     0.0% of time waiting for Voltron
      kZCs =   3584.16 /   1420.87 [MHD/TOT] (8 threads)
[0m       CPCP =   82.092  80.629 [kV, N/S]
 [34m
 VOLTRON
      UT   = 2001-06-01 23:12:45
      tilt =    0.000 [deg]
    Sym-H  =   -5.000 [nT]
    BSDst  ~   19.169 [nT]
           dSMRs  ~    -0.20   -0.29    0.58   -0.08 [nT, 12/18/00/06]
   DPSDst  ~   -5.054 [nT]
   Spent    43.9% of time waiting for Gamera
            11.5% of time processing Chimp(Helpers)
             8.7% of time processing IMAG
            13.1% of time processing Remix
            22.5% of time processing Tubes(Helpers)
             0.0% of time writing files
    Running @   73.769% of real-time (8 threads)
[0m  [35m
 RAIJU
      UT   = 2001-06-01 23:12:50
      Time =    12.833 [min]
     dtCpl =  5.00E+00 [sec]
     Max/Min dt @ k:
        Max 2.30E+01 [sec] @ 9
        Min 1.38E-01 [sec] @ 160
     Flav : max Press/Den @ L,MLT; DPS-dst
        0: P =   0.00, D =9075.91 @  1.54 Rp,12.07 MLT; DPS:   0.00
        1: P =   0.16, D =   6.78 @  8.00 Rp,13.38 MLT; DPS:  -0.84
        2: P =   2.98, D =   0.27 @  3.94 Rp, 0.20 MLT; DPS:  -5.22
[0m [32m<Writing HDF5 DATA @ t =    12.751 [min] >[0m 
[32m<Writing RAIJU HDF5 DATA @ t =    12.833 [min] >[0m 
 [36m
 GAMERA
      Time =    12.834 [min]
        ts =    11884
        dt =  8.25E-02 [sec]
    dt/dt0 =   69.319%
    Spent     0.0% of time waiting for Voltron
      kZCs =   3584.54 /   1405.01 [MHD/TOT] (8 threads)
[0m       CPCP =   81.997  80.323 [kV, N/S]
 [34m
 VOLTRON
      UT   = 2001-06-01 23:12:50
      tilt =    0.000 [deg]
    Sym-H  =   -5.000 [nT]
    BSDst  ~   19.141 [nT]
           dSMRs  ~    -0.21   -0.29    0.57   -0.07 [nT, 12/18/00/06]
   DPSDst  ~   -5.045 [nT]
   Spent    43.9% of time waiting for Gamera
            11.5% of time processing Chimp(Helpers)
             8.7% of time processing IMAG
            13.1% of time processing Remix
            22.5% of time processing Tubes(Helpers)
             0.0% of time writing files
    Running @   73.867% of real-time (8 threads)
[0m  [35m
 RAIJU
      UT   = 2001-06-01 23:12:55
      Time =    12.917 [min]
     dtCpl =  5.00E+00 [sec]
     Max/Min dt @ k:
        Max 2.26E+01 [sec] @ 9
        Min 1.38E-01 [sec] @ 160
     Flav : max Press/Den @ L,MLT; DPS-dst
        0: P =   0.00, D =9075.91 @  1.54 Rp,12.07 MLT; DPS:   0.00
        1: P =   0.16, D =   6.78 @  8.00 Rp,13.38 MLT; DPS:  -0.84
        2: P =   2.98, D =   0.27 @  3.94 Rp, 0.20 MLT; DPS:  -5.21
[0m [32m<Writing HDF5 DATA @ t =    12.834 [min] >[0m 
[32m<Writing RAIJU HDF5 DATA @ t =    12.917 [min] >[0m 
 [36m
 GAMERA
      Time =    12.918 [min]
        ts =    11945
        dt =  8.25E-02 [sec]
    dt/dt0 =   69.327%
    Spent     0.0% of time waiting for Voltron
      kZCs =   3585.73 /   1422.04 [MHD/TOT] (8 threads)
[0m       CPCP =   82.064  80.023 [kV, N/S]
 [34m
 VOLTRON
      UT   = 2001-06-01 23:12:55
      tilt =    0.000 [deg]
    Sym-H  =   -5.000 [nT]
    BSDst  ~   19.084 [nT]
           dSMRs  ~    -0.22   -0.29    0.58   -0.07 [nT, 12/18/00/06]
   DPSDst  ~   -5.040 [nT]
   Spent    44.0% of time waiting for Gamera
            11.5% of time processing Chimp(Helpers)
             8.7% of time processing IMAG
            13.1% of time processing Remix
            22.5% of time processing Tubes(Helpers)
             0.0% of time writing files
    Running @   73.969% of real-time (8 threads)
[0m  [35m
 RAIJU
      UT   = 2001-06-01 23:12:59
      Time =    13.000 [min]
     dtCpl =  5.00E+00 [sec]
     Max/Min dt @ k:
        Max 2.22E+01 [sec] @ 9
        Min 1.38E-01 [sec] @ 160
     Flav : max Press/Den @ L,MLT; DPS-dst
        0: P =   0.00, D =9075.91 @  1.54 Rp,12.07 MLT; DPS:   0.00
        1: P =   0.16, D =   6.77 @  8.00 Rp,13.38 MLT; DPS:  -0.83
        2: P =   2.98, D =   0.27 @  3.94 Rp, 0.20 MLT; DPS:  -5.21
[0m [32m<Writing HDF5 DATA @ t =    12.918 [min] >[0m 
[32m<Writing RAIJU HDF5 DATA @ t =    13.000 [min] >[0m 
 [36m
 GAMERA
      Time =    13.000 [min]
        ts =    12005
        dt =  8.26E-02 [sec]
    dt/dt0 =   69.396%
    Spent     0.0% of time waiting for Voltron
      kZCs =   3582.51 /   1408.55 [MHD/TOT] (8 threads)
[0m       CPCP =   81.992  79.685 [kV, N/S]
 [34m
 VOLTRON
      UT   = 2001-06-01 23:13:00
      tilt =    0.000 [deg]
    Sym-H  =   -5.000 [nT]
    BSDst  ~   19.002 [nT]
           dSMRs  ~    -0.24   -0.29    0.59   -0.06 [nT, 12/18/00/06]
   DPSDst  ~   -5.037 [nT]
   Spent    44.0% of time waiting for Gamera
            11.5% of time processing Chimp(Helpers)
             8.7% of time processing IMAG
            13.1% of time processing Remix
            22.5% of time processing Tubes(Helpers)
             0.0% of time writing files
    Running @   74.088% of real-time (8 threads)
[0m  [35m
 RAIJU
      UT   = 2001-06-01 23:13:05
      Time =    13.083 [min]
     dtCpl =  5.00E+00 [sec]
     Max/Min dt @ k:
        Max 2.19E+01 [sec] @ 9
        Min 1.38E-01 [sec] @ 160
     Flav : max Press/Den @ L,MLT; DPS-dst
        0: P =   0.00, D =9075.91 @  1.54 Rp,12.07 MLT; DPS:   0.00
        1: P =   0.16, D =   6.76 @  8.00 Rp,13.38 MLT; DPS:  -0.83
        2: P =   2.99, D =   0.27 @  3.94 Rp, 0.20 MLT; DPS:  -5.21
[0m [32m<Writing HDF5 DATA @ t =    13.000 [min] >[0m 
[32m<Writing RAIJU HDF5 DATA @ t =    13.083 [min] >[0m 
 [36m
 GAMERA
      Time =    13.084 [min]
        ts =    12066
        dt =  8.27E-02 [sec]
    dt/dt0 =   69.477%
    Spent     0.0% of time waiting for Voltron
      kZCs =   3583.02 /   1418.20 [MHD/TOT] (8 threads)
[0m       CPCP =   81.812  79.097 [kV, N/S]
 [34m
 VOLTRON
      UT   = 2001-06-01 23:13:05
      tilt =    0.000 [deg]
    Sym-H  =   -5.000 [nT]
    BSDst  ~   18.904 [nT]
           dSMRs  ~    -0.25   -0.29    0.60   -0.05 [nT, 12/18/00/06]
   DPSDst  ~   -5.034 [nT]
   Spent    44.0% of time waiting for Gamera
            11.5% of time processing Chimp(Helpers)
             8.7% of time processing IMAG
            13.1% of time processing Remix
            22.4% of time processing Tubes(Helpers)
             0.0% of time writing files
    Running @   74.215% of real-time (8 threads)
[0m  [35m
 RAIJU
      UT   = 2001-06-01 23:13:10
      Time =    13.167 [min]
     dtCpl =  5.00E+00 [sec]
     Max/Min dt @ k:
        Max 2.15E+01 [sec] @ 9
        Min 1.38E-01 [sec] @ 160
     Flav : max Press/Den @ L,MLT; DPS-dst
        0: P =   0.00, D =9075.91 @  1.54 Rp,12.07 MLT; DPS:   0.00
        1: P =   0.16, D =   6.75 @  8.00 Rp,13.38 MLT; DPS:  -0.83
        2: P =   2.99, D =   0.27 @  3.94 Rp, 0.14 MLT; DPS:  -5.20
[0m [32m<Writing HDF5 DATA @ t =    13.084 [min] >[0m 
[32m<Writing RAIJU HDF5 DATA @ t =    13.167 [min] >[0m 
 [36m
 GAMERA
      Time =    13.167 [min]
        ts =    12126
        dt =  8.28E-02 [sec]
    dt/dt0 =   69.517%
    Spent     0.0% of time waiting for Voltron
      kZCs =   3585.41 /   1411.76 [MHD/TOT] (8 threads)
[0m       CPCP =   81.571  78.719 [kV, N/S]
 [34m
 VOLTRON
      UT   = 2001-06-01 23:13:10
      tilt =    0.000 [deg]
    Sym-H  =   -5.000 [nT]
    BSDst  ~   18.809 [nT]
           dSMRs  ~    -0.26   -0.29    0.59   -0.04 [nT, 12/18/00/06]
   DPSDst  ~   -5.031 [nT]
   Spent    44.0% of time waiting for Gamera
            11.5% of time processing Chimp(Helpers)
             8.8% of time processing IMAG
            13.1% of time processing Remix
            22.4% of time processing Tubes(Helpers)
             0.0% of time writing files
    Running @   74.310% of real-time (8 threads)
[0m  [35m
 RAIJU
      UT   = 2001-06-01 23:13:15
      Time =    13.250 [min]
     dtCpl =  5.00E+00 [sec]
     Max/Min dt @ k:
        Max 2.12E+01 [sec] @ 9
        Min 1.38E-01 [sec] @ 160
     Flav : max Press/Den @ L,MLT; DPS-dst
        0: P =   0.00, D =9075.91 @  1.54 Rp,12.07 MLT; DPS:   0.00
        1: P =   0.16, D =   6.75 @  8.00 Rp,13.38 MLT; DPS:  -0.83
        2: P =   2.99, D =   0.27 @  3.94 Rp, 0.14 MLT; DPS:  -5.20
[0m [32m<Writing HDF5 DATA @ t =    13.167 [min] >[0m 
[32m<Writing RAIJU HDF5 DATA @ t =    13.250 [min] >[0m 
 [36m
 GAMERA
      Time =    13.251 [min]
        ts =    12187
        dt =  8.28E-02 [sec]
    dt/dt0 =   69.552%
    Spent     0.0% of time waiting for Voltron
      kZCs =   3584.73 /   1423.75 [MHD/TOT] (8 threads)
[0m       CPCP =   81.247  78.517 [kV, N/S]
 [34m
 VOLTRON
      UT   = 2001-06-01 23:13:15
      tilt =    0.000 [deg]
    Sym-H  =   -5.000 [nT]
    BSDst  ~   18.722 [nT]
           dSMRs  ~    -0.25   -0.28    0.57   -0.04 [nT, 12/18/00/06]
   DPSDst  ~   -5.044 [nT]
   Spent    44.1% of time waiting for Gamera
            11.5% of time processing Chimp(Helpers)
             8.8% of time processing IMAG
            13.1% of time processing Remix
            22.4% of time processing Tubes(Helpers)
             0.0% of time writing files
    Running @   74.323% of real-time (8 threads)
[0m  [35m
 RAIJU
      UT   = 2001-06-01 23:13:20
      Time =    13.333 [min]
     dtCpl =  5.00E+00 [sec]
     Max/Min dt @ k:
        Max 2.10E+01 [sec] @ 9
        Min 1.38E-01 [sec] @ 160
     Flav : max Press/Den @ L,MLT; DPS-dst
        0: P =   0.00, D =9075.91 @  1.54 Rp,12.07 MLT; DPS:   0.00
        1: P =   0.16, D =   6.74 @  8.00 Rp,13.38 MLT; DPS:  -0.83
        2: P =   3.00, D =   0.27 @  3.94 Rp, 0.14 MLT; DPS:  -5.21
[0m [32m<Writing HDF5 DATA @ t =    13.251 [min] >[0m 
[32m<Writing RAIJU HDF5 DATA @ t =    13.333 [min] >[0m 
 [36m
 GAMERA
      Time =    13.334 [min]
        ts =    12247
        dt =  8.28E-02 [sec]
    dt/dt0 =   69.579%
    Spent     0.0% of time waiting for Voltron
      kZCs =   3583.09 /   1411.26 [MHD/TOT] (8 threads)
[0m       CPCP =   80.786  78.216 [kV, N/S]
 [34m
 VOLTRON
      UT   = 2001-06-01 23:13:20
      tilt =    0.000 [deg]
    Sym-H  =   -5.000 [nT]
    BSDst  ~   18.657 [nT]
           dSMRs  ~    -0.23   -0.27    0.55   -0.04 [nT, 12/18/00/06]
   DPSDst  ~   -5.038 [nT]
   Spent    44.1% of time waiting for Gamera
            11.4% of time processing Chimp(Helpers)
             8.8% of time processing IMAG
            13.1% of time processing Remix
            22.4% of time processing Tubes(Helpers)
             0.0% of time writing files
    Running @   74.400% of real-time (8 threads)
[0m  [35m
 RAIJU
      UT   = 2001-06-01 23:13:25
      Time =    13.417 [min]
     dtCpl =  5.00E+00 [sec]
     Max/Min dt @ k:
        Max 2.08E+01 [sec] @ 9
        Min 1.38E-01 [sec] @ 160
     Flav : max Press/Den @ L,MLT; DPS-dst
        0: P =   0.00, D =9075.91 @  1.54 Rp,12.07 MLT; DPS:   0.00
        1: P =   0.16, D =   6.73 @  8.00 Rp,13.39 MLT; DPS:  -0.83
        2: P =   3.00, D =   0.27 @  3.94 Rp, 0.14 MLT; DPS:  -5.21
[0m [32m<Writing HDF5 DATA @ t =    13.334 [min] >[0m 
[32m<Writing RAIJU HDF5 DATA @ t =    13.417 [min] >[0m 
 [36m
 GAMERA
      Time =    13.417 [min]
        ts =    12307
        dt =  8.29E-02 [sec]
    dt/dt0 =   69.612%
    Spent     0.0% of time waiting for Voltron
      kZCs =   3583.81 /   1409.06 [MHD/TOT] (8 threads)
[0m       CPCP =   80.263  77.872 [kV, N/S]
 [34m
 VOLTRON
      UT   = 2001-06-01 23:13:25
      tilt =    0.000 [deg]
    Sym-H  =   -5.000 [nT]
    BSDst  ~   18.617 [nT]
           dSMRs  ~    -0.20   -0.27    0.52   -0.04 [nT, 12/18/00/06]
   DPSDst  ~   -5.031 [nT]
   Spent    44.0% of time waiting for Gamera
            11.4% of time processing Chimp(Helpers)
             8.8% of time processing IMAG
            13.1% of time processing Remix
            22.4% of time processing Tubes(Helpers)
             0.0% of time writing files
    Running @   74.458% of real-time (8 threads)
[0m  [35m
 RAIJU
      UT   = 2001-06-01 23:13:30
      Time =    13.500 [min]
     dtCpl =  5.00E+00 [sec]
     Max/Min dt @ k:
        Max 2.07E+01 [sec] @ 9
        Min 1.38E-01 [sec] @ 160
     Flav : max Press/Den @ L,MLT; DPS-dst
        0: P =   0.00, D =9075.91 @  1.54 Rp,12.07 MLT; DPS:   0.00
        1: P =   0.15, D =   6.72 @  8.00 Rp,13.39 MLT; DPS:  -0.82
        2: P =   3.00, D =   0.27 @  3.94 Rp, 0.14 MLT; DPS:  -5.20
[0m [32m<Writing HDF5 DATA @ t =    13.417 [min] >[0m 
[32m<Writing RAIJU HDF5 DATA @ t =    13.500 [min] >[0m 
 [36m
 GAMERA
      Time =    13.501 [min]
        ts =    12368
        dt =  8.29E-02 [sec]
    dt/dt0 =   69.643%
    Spent     0.0% of time waiting for Voltron
      kZCs =   3583.31 /   1426.34 [MHD/TOT] (8 threads)
[0m       CPCP =   79.747  77.544 [kV, N/S]
 [34m
 VOLTRON
      UT   = 2001-06-01 23:13:30
      tilt =    0.000 [deg]
    Sym-H  =   -5.000 [nT]
    BSDst  ~   18.602 [nT]
           dSMRs  ~    -0.17   -0.27    0.48   -0.04 [nT, 12/18/00/06]
   DPSDst  ~   -5.029 [nT]
   Spent    44.1% of time waiting for Gamera
            11.4% of time processing Chimp(Helpers)
             8.8% of time processing IMAG
            13.1% of time processing Remix
            22.4% of time processing Tubes(Helpers)
             0.0% of time writing files
    Running @   74.589% of real-time (8 threads)
[0m  [35m
 RAIJU
      UT   = 2001-06-01 23:13:35
      Time =    13.583 [min]
     dtCpl =  5.00E+00 [sec]
     Max/Min dt @ k:
        Max 2.06E+01 [sec] @ 9
        Min 1.38E-01 [sec] @ 160
     Flav : max Press/Den @ L,MLT; DPS-dst
        0: P =   0.00, D =9075.91 @  1.54 Rp,12.07 MLT; DPS:   0.00
        1: P =   0.15, D =   6.72 @  8.00 Rp,13.39 MLT; DPS:  -0.82
        2: P =   3.01, D =   0.27 @  3.95 Rp,23.87 MLT; DPS:  -5.20
[0m [32m<Writing HDF5 DATA @ t =    13.501 [min] >[0m 
[32m<Writing RAIJU HDF5 DATA @ t =    13.583 [min] >[0m 
 [36m
 GAMERA
      Time =    13.584 [min]
        ts =    12428
        dt =  8.29E-02 [sec]
    dt/dt0 =   69.664%
    Spent     0.0% of time waiting for Voltron
      kZCs =   3583.38 /   1415.35 [MHD/TOT] (8 threads)
[0m       CPCP =   79.139  77.172 [kV, N/S]
 [34m
 VOLTRON
      UT   = 2001-06-01 23:13:35
      tilt =    0.000 [deg]
    Sym-H  =   -5.000 [nT]
    BSDst  ~   18.607 [nT]
           dSMRs  ~    -0.14   -0.27    0.44   -0.04 [nT, 12/18/00/06]
   DPSDst  ~   -5.026 [nT]
   Spent    44.1% of time waiting for Gamera
            11.4% of time processing Chimp(Helpers)
             8.8% of time processing IMAG
            13.1% of time processing Remix
            22.4% of time processing Tubes(Helpers)
             0.0% of time writing files
    Running @   74.702% of real-time (8 threads)
[0m  [35m
 RAIJU
      UT   = 2001-06-01 23:13:40
      Time =    13.667 [min]
     dtCpl =  5.00E+00 [sec]
     Max/Min dt @ k:
        Max 2.06E+01 [sec] @ 9
        Min 1.38E-01 [sec] @ 160
     Flav : max Press/Den @ L,MLT; DPS-dst
        0: P =   0.00, D =9075.91 @  1.54 Rp,12.07 MLT; DPS:   0.00
        1: P =   0.15, D =   6.71 @  7.99 Rp,13.39 MLT; DPS:  -0.82
        2: P =   3.01, D =   0.27 @  3.95 Rp,23.87 MLT; DPS:  -5.20
[0m [32m<Writing HDF5 DATA @ t =    13.584 [min] >[0m 
[32m<Writing RAIJU HDF5 DATA @ t =    13.667 [min] >[0m 
 [36m
 GAMERA
      Time =    13.667 [min]
        ts =    12488
        dt =  8.30E-02 [sec]
    dt/dt0 =   69.685%
    Spent     0.0% of time waiting for Voltron
      kZCs =   3585.85 /   1416.35 [MHD/TOT] (8 threads)
[0m       CPCP =   78.390  76.521 [kV, N/S]
 [34m
 VOLTRON
      UT   = 2001-06-01 23:13:40
      tilt =    0.000 [deg]
    Sym-H  =   -5.000 [nT]
    BSDst  ~   18.627 [nT]
           dSMRs  ~    -0.11   -0.26    0.41   -0.04 [nT, 12/18/00/06]
   DPSDst  ~   -5.016 [nT]
   Spent    44.1% of time waiting for Gamera
            11.4% of time processing Chimp(Helpers)
             8.8% of time processing IMAG
            13.1% of time processing Remix
            22.4% of time processing Tubes(Helpers)
             0.0% of time writing files
    Running @   74.820% of real-time (8 threads)
[0m  [35m
 RAIJU
      UT   = 2001-06-01 23:13:45
      Time =    13.750 [min]
     dtCpl =  5.00E+00 [sec]
     Max/Min dt @ k:
        Max 2.06E+01 [sec] @ 9
        Min 1.38E-01 [sec] @ 160
     Flav : max Press/Den @ L,MLT; DPS-dst
        0: P =   0.00, D =9075.91 @  1.54 Rp,12.07 MLT; DPS:   0.00
        1: P =   0.15, D =   6.71 @  7.99 Rp,13.39 MLT; DPS:  -0.82
        2: P =   3.01, D =   0.27 @  3.95 Rp,23.87 MLT; DPS:  -5.20
[0m [32m<Writing HDF5 DATA @ t =    13.667 [min] >[0m 
[32m<Writing RAIJU HDF5 DATA @ t =    13.750 [min] >[0m 
 [36m
 GAMERA
      Time =    13.750 [min]
        ts =    12548
        dt =  8.30E-02 [sec]
    dt/dt0 =   69.702%
    Spent     0.0% of time waiting for Voltron
      kZCs =   3584.68 /   1415.60 [MHD/TOT] (8 threads)
[0m       CPCP =   77.704  75.682 [kV, N/S]
 [34m
 VOLTRON
      UT   = 2001-06-01 23:13:45
      tilt =    0.000 [deg]
    Sym-H  =   -5.000 [nT]
    BSDst  ~   18.657 [nT]
           dSMRs  ~    -0.09   -0.26    0.38   -0.03 [nT, 12/18/00/06]
   DPSDst  ~   -4.973 [nT]
   Spent    44.1% of time waiting for Gamera
            11.4% of time processing Chimp(Helpers)
             8.8% of time processing IMAG
            13.1% of time processing Remix
            22.4% of time processing Tubes(Helpers)
             0.0% of time writing files
    Running @   74.913% of real-time (8 threads)
[0m  [35m
 RAIJU
      UT   = 2001-06-01 23:13:50
      Time =    13.833 [min]
     dtCpl =  5.00E+00 [sec]
     Max/Min dt @ k:
        Max 2.07E+01 [sec] @ 9
        Min 1.38E-01 [sec] @ 160
     Flav : max Press/Den @ L,MLT; DPS-dst
        0: P =   0.00, D =9075.91 @  1.54 Rp,12.07 MLT; DPS:   0.00
        1: P =   0.15, D =   6.70 @  7.99 Rp,13.39 MLT; DPS:  -0.80
        2: P =   3.01, D =   0.27 @  3.95 Rp,23.87 MLT; DPS:  -5.17
[0m [32m<Writing HDF5 DATA @ t =    13.750 [min] >[0m 
[32m<Writing RAIJU HDF5 DATA @ t =    13.833 [min] >[0m 
 [36m
 GAMERA
      Time =    13.834 [min]
        ts =    12609
        dt =  8.30E-02 [sec]
    dt/dt0 =   69.718%
    Spent     0.0% of time waiting for Voltron
      kZCs =   3586.59 /   1430.38 [MHD/TOT] (8 threads)
[0m       CPCP =   77.177  75.026 [kV, N/S]
 [34m
 VOLTRON
      UT   = 2001-06-01 23:13:50
      tilt =    0.000 [deg]
    Sym-H  =   -5.000 [nT]
    BSDst  ~   18.689 [nT]
           dSMRs  ~    -0.07   -0.25    0.35   -0.03 [nT, 12/18/00/06]
   DPSDst  ~   -4.999 [nT]
   Spent    44.2% of time waiting for Gamera
            11.4% of time processing Chimp(Helpers)
             8.8% of time processing IMAG
            13.1% of time processing Remix
            22.3% of time processing Tubes(Helpers)
             0.0% of time writing files
    Running @   75.032% of real-time (8 threads)
[0m  [35m
 RAIJU
      UT   = 2001-06-01 23:13:55
      Time =    13.917 [min]
     dtCpl =  5.00E+00 [sec]
     Max/Min dt @ k:
        Max 2.08E+01 [sec] @ 9
        Min 1.38E-01 [sec] @ 160
     Flav : max Press/Den @ L,MLT; DPS-dst
        0: P =   0.00, D =9075.91 @  1.54 Rp,12.07 MLT; DPS:   0.00
        1: P =   0.16, D =   7.72 @  7.54 Rp, 9.15 MLT; DPS:  -0.81
        2: P =   3.02, D =   0.27 @  3.95 Rp,23.87 MLT; DPS:  -5.19
[0m [32m<Writing HDF5 DATA @ t =    13.834 [min] >[0m 
[32m<Writing RAIJU HDF5 DATA @ t =    13.917 [min] >[0m 
 [36m
 GAMERA
      Time =    13.917 [min]
        ts =    12669
        dt =  8.30E-02 [sec]
    dt/dt0 =   69.733%
    Spent     0.0% of time waiting for Voltron
      kZCs =   3584.68 /   1419.17 [MHD/TOT] (8 threads)
[0m       CPCP =   76.696  74.805 [kV, N/S]
 [34m
 VOLTRON
      UT   = 2001-06-01 23:13:55
      tilt =    0.000 [deg]
    Sym-H  =   -5.000 [nT]
    BSDst  ~   18.712 [nT]
           dSMRs  ~    -0.04   -0.25    0.32   -0.03 [nT, 12/18/00/06]
   DPSDst  ~   -4.987 [nT]
   Spent    44.2% of time waiting for Gamera
            11.4% of time processing Chimp(Helpers)
             8.8% of time processing IMAG
            13.1% of time processing Remix
            22.3% of time processing Tubes(Helpers)
             0.0% of time writing files
    Running @   75.106% of real-time (8 threads)
[0m  [35m
 RAIJU
      UT   = 2001-06-01 23:13:59
      Time =    14.000 [min]
     dtCpl =  5.00E+00 [sec]
     Max/Min dt @ k:
        Max 2.09E+01 [sec] @ 9
        Min 1.38E-01 [sec] @ 160
     Flav : max Press/Den @ L,MLT; DPS-dst
        0: P =   0.00, D =9075.91 @  1.54 Rp,12.07 MLT; DPS:   0.00
        1: P =   0.15, D =   6.88 @  7.98 Rp,13.52 MLT; DPS:  -0.80
        2: P =   3.02, D =   0.27 @  3.95 Rp,23.87 MLT; DPS:  -5.18
[0m [32m<Writing HDF5 DATA @ t =    13.917 [min] >[0m 
[32m<Writing RAIJU HDF5 DATA @ t =    14.000 [min] >[0m 
 [36m
 GAMERA
      Time =    14.000 [min]
        ts =    12729
        dt =  8.31E-02 [sec]
    dt/dt0 =   69.761%
    Spent     0.0% of time waiting for Voltron
      kZCs =   3585.27 /   1419.96 [MHD/TOT] (8 threads)
[0m       CPCP =   76.269  74.678 [kV, N/S]
 [34m
 VOLTRON
      UT   = 2001-06-01 23:14:00
      tilt =    0.000 [deg]
    Sym-H  =   -5.000 [nT]
    BSDst  ~   18.723 [nT]
           dSMRs  ~    -0.02   -0.25    0.29   -0.02 [nT, 12/18/00/06]
   DPSDst  ~   -4.987 [nT]
   Spent    44.2% of time waiting for Gamera
            11.4% of time processing Chimp(Helpers)
             8.8% of time processing IMAG
            13.1% of time processing Remix
            22.3% of time processing Tubes(Helpers)
             0.0% of time writing files
    Running @   75.217% of real-time (8 threads)
[0m  [35m
 RAIJU
      UT   = 2001-06-01 23:14:05
      Time =    14.083 [min]
     dtCpl =  5.00E+00 [sec]
     Max/Min dt @ k:
        Max 2.11E+01 [sec] @ 9
        Min 1.38E-01 [sec] @ 160
     Flav : max Press/Den @ L,MLT; DPS-dst
        0: P =   0.00, D =9075.91 @  1.54 Rp,12.07 MLT; DPS:   0.00
        1: P =   0.16, D =   7.55 @  7.47 Rp, 9.62 MLT; DPS:  -0.80
        2: P =   3.02, D =   0.27 @  3.95 Rp,23.87 MLT; DPS:  -5.18
[0m [32m<Writing HDF5 DATA @ t =    14.000 [min] >[0m 
[32m<Writing RAIJU HDF5 DATA @ t =    14.083 [min] >[0m 
 [36m
 GAMERA
      Time =    14.084 [min]
        ts =    12789
        dt =  8.31E-02 [sec]
    dt/dt0 =   69.806%
    Spent     0.0% of time waiting for Voltron
      kZCs =   3587.59 /   1420.87 [MHD/TOT] (8 threads)
[0m       CPCP =   75.992  74.331 [kV, N/S]
 [34m
 VOLTRON
      UT   = 2001-06-01 23:14:05
      tilt =    0.000 [deg]
    Sym-H  =   -5.000 [nT]
    BSDst  ~   18.716 [nT]
           dSMRs  ~    -0.01   -0.25    0.27   -0.01 [nT, 12/18/00/06]
   DPSDst  ~   -4.978 [nT]
   Spent    44.2% of time waiting for Gamera
            11.4% of time processing Chimp(Helpers)
             8.8% of time processing IMAG
            13.1% of time processing Remix
            22.3% of time processing Tubes(Helpers)
             0.0% of time writing files
    Running @   75.330% of real-time (8 threads)
[0m  [35m
 RAIJU
      UT   = 2001-06-01 23:14:10
      Time =    14.167 [min]
     dtCpl =  5.00E+00 [sec]
     Max/Min dt @ k:
        Max 2.13E+01 [sec] @ 9
        Min 1.38E-01 [sec] @ 160
     Flav : max Press/Den @ L,MLT; DPS-dst
        0: P =   0.00, D =9075.91 @  1.54 Rp,12.07 MLT; DPS:   0.00
        1: P =   0.15, D =   6.85 @  7.98 Rp,13.53 MLT; DPS:  -0.80
        2: P =   3.02, D =   0.27 @  3.95 Rp,23.80 MLT; DPS:  -5.18
[0m [32m<Writing HDF5 DATA @ t =    14.084 [min] >[0m 
[32m<Writing RAIJU HDF5 DATA @ t =    14.167 [min] >[0m 
 [36m
 GAMERA
      Time =    14.167 [min]
        ts =    12849
        dt =  8.32E-02 [sec]
    dt/dt0 =   69.872%
    Spent     0.0% of time waiting for Voltron
      kZCs =   3586.57 /   1421.40 [MHD/TOT] (8 threads)
[0m       CPCP =   75.516  74.059 [kV, N/S]
 [34m
 VOLTRON
      UT   = 2001-06-01 23:14:10
      tilt =    0.000 [deg]
    Sym-H  =   -5.000 [nT]
    BSDst  ~   18.686 [nT]
           dSMRs  ~    -0.00   -0.24    0.25   -0.01 [nT, 12/18/00/06]
   DPSDst  ~   -4.974 [nT]
   Spent    44.2% of time waiting for Gamera
            11.4% of time processing Chimp(Helpers)
             8.8% of time processing IMAG
            13.0% of time processing Remix
            22.3% of time processing Tubes(Helpers)
             0.0% of time writing files
    Running @   75.423% of real-time (8 threads)
[0m  [35m
 RAIJU
      UT   = 2001-06-01 23:14:15
      Time =    14.250 [min]
     dtCpl =  5.00E+00 [sec]
     Max/Min dt @ k:
        Max 2.15E+01 [sec] @ 9
        Min 1.38E-01 [sec] @ 160
     Flav : max Press/Den @ L,MLT; DPS-dst
        0: P =   0.00, D =9075.91 @  1.54 Rp,12.07 MLT; DPS:   0.00
        1: P =   0.15, D =   6.84 @  7.99 Rp,13.53 MLT; DPS:  -0.79
        2: P =   3.03, D =   0.27 @  3.95 Rp,23.80 MLT; DPS:  -5.17
[0m [32m<Writing HDF5 DATA @ t =    14.167 [min] >[0m 
[32m<Writing RAIJU HDF5 DATA @ t =    14.250 [min] >[0m 
 [36m
 GAMERA
      Time =    14.251 [min]
        ts =    12910
        dt =  8.33E-02 [sec]
    dt/dt0 =   69.950%
    Spent     0.0% of time waiting for Voltron
      kZCs =   3583.88 /   1432.82 [MHD/TOT] (8 threads)
[0m       CPCP =   74.932  73.390 [kV, N/S]
 [34m
 VOLTRON
      UT   = 2001-06-01 23:14:15
      tilt =    0.000 [deg]
    Sym-H  =   -5.000 [nT]
    BSDst  ~   18.642 [nT]
           dSMRs  ~    -0.00   -0.23    0.24   -0.01 [nT, 12/18/00/06]
   DPSDst  ~   -4.974 [nT]
   Spent    44.3% of time waiting for Gamera
            11.4% of time processing Chimp(Helpers)
             8.8% of time processing IMAG
            13.0% of time processing Remix
            22.3% of time processing Tubes(Helpers)
             0.0% of time writing files
    Running @   75.554% of real-time (8 threads)
[0m  [35m
 RAIJU
      UT   = 2001-06-01 23:14:20
      Time =    14.333 [min]
     dtCpl =  5.00E+00 [sec]
     Max/Min dt @ k:
        Max 2.18E+01 [sec] @ 9
        Min 1.38E-01 [sec] @ 160
     Flav : max Press/Den @ L,MLT; DPS-dst
        0: P =   0.00, D =9075.91 @  1.54 Rp,12.07 MLT; DPS:   0.00
        1: P =   0.15, D =   6.83 @  7.99 Rp,13.53 MLT; DPS:  -0.79
        2: P =   3.03, D =   0.27 @  3.95 Rp,23.80 MLT; DPS:  -5.17
[0m [32m<Writing HDF5 DATA @ t =    14.251 [min] >[0m 
[32m<Writing RAIJU HDF5 DATA @ t =    14.333 [min] >[0m 
 [36m
 GAMERA
      Time =    14.335 [min]
        ts =    12970
        dt =  8.34E-02 [sec]
    dt/dt0 =   70.017%
    Spent     0.0% of time waiting for Voltron
      kZCs =   3585.99 /   1416.48 [MHD/TOT] (8 threads)
[0m       CPCP =   74.233  72.237 [kV, N/S]
 [34m
 VOLTRON
      UT   = 2001-06-01 23:14:20
      tilt =    0.000 [deg]
    Sym-H  =   -5.000 [nT]
    BSDst  ~   18.590 [nT]
           dSMRs  ~    -0.01   -0.22    0.23   -0.00 [nT, 12/18/00/06]
   DPSDst  ~   -4.976 [nT]
   Spent    44.3% of time waiting for Gamera
            11.3% of time processing Chimp(Helpers)
             8.8% of time processing IMAG
            13.1% of time processing Remix
            22.3% of time processing Tubes(Helpers)
             0.0% of time writing files
    Running @   75.617% of real-time (8 threads)
[0m  [35m
 RAIJU
      UT   = 2001-06-01 23:14:25
      Time =    14.417 [min]
     dtCpl =  5.00E+00 [sec]
     Max/Min dt @ k:
        Max 2.21E+01 [sec] @ 9
        Min 1.38E-01 [sec] @ 160
     Flav : max Press/Den @ L,MLT; DPS-dst
        0: P =   0.00, D =9075.91 @  1.54 Rp,12.07 MLT; DPS:   0.00
        1: P =   0.15, D =   6.81 @  7.99 Rp,13.53 MLT; DPS:  -0.79
        2: P =   3.03, D =   0.27 @  3.95 Rp,23.67 MLT; DPS:  -5.18
[0m [32m<Writing HDF5 DATA @ t =    14.335 [min] >[0m 
[32m<Writing RAIJU HDF5 DATA @ t =    14.417 [min] >[0m 
 [36m
 GAMERA
      Time =    14.418 [min]
        ts =    13030
        dt =  8.34E-02 [sec]
    dt/dt0 =   70.075%
    Spent     0.0% of time waiting for Voltron
      kZCs =   3582.22 /   1421.45 [MHD/TOT] (8 threads)
[0m       CPCP =   73.433  71.519 [kV, N/S]
 [34m
 VOLTRON
      UT   = 2001-06-01 23:14:25
      tilt =    0.000 [deg]
    Sym-H  =   -5.000 [nT]
    BSDst  ~   18.537 [nT]
           dSMRs  ~    -0.01   -0.21    0.21    0.01 [nT, 12/18/00/06]
   DPSDst  ~   -4.972 [nT]
   Spent    44.3% of time waiting for Gamera
            11.3% of time processing Chimp(Helpers)
             8.8% of time processing IMAG
            13.1% of time processing Remix
            22.3% of time processing Tubes(Helpers)
             0.0% of time writing files
    Running @   75.673% of real-time (8 threads)
[0m  [35m
 RAIJU
      UT   = 2001-06-01 23:14:30
      Time =    14.500 [min]
     dtCpl =  5.00E+00 [sec]
     Max/Min dt @ k:
        Max 2.27E+01 [sec] @ 9
        Min 1.38E-01 [sec] @ 160
     Flav : max Press/Den @ L,MLT; DPS-dst
        0: P =   0.00, D =9075.91 @  1.54 Rp,12.07 MLT; DPS:   0.00
        1: P =   0.15, D =   6.80 @  7.99 Rp,13.53 MLT; DPS:  -0.79
        2: P =   3.03, D =   0.27 @  3.95 Rp,23.67 MLT; DPS:  -5.17
[0m [32m<Writing HDF5 DATA @ t =    14.418 [min] >[0m 
[32m<Writing RAIJU HDF5 DATA @ t =    14.500 [min] >[0m 
 [36m
 GAMERA
      Time =    14.500 [min]
        ts =    13089
        dt =  8.35E-02 [sec]
    dt/dt0 =   70.107%
    Spent     0.0% of time waiting for Voltron
      kZCs =   3584.78 /   1408.82 [MHD/TOT] (8 threads)
[0m       CPCP =   72.638  70.952 [kV, N/S]
 [34m
 VOLTRON
      UT   = 2001-06-01 23:14:30
      tilt =    0.000 [deg]
    Sym-H  =   -5.000 [nT]
    BSDst  ~   18.489 [nT]
           dSMRs  ~    -0.00   -0.20    0.20    0.01 [nT, 12/18/00/06]
   DPSDst  ~   -4.970 [nT]
   Spent    44.2% of time waiting for Gamera
            11.4% of time processing Chimp(Helpers)
             8.9% of time processing IMAG
            13.1% of time processing Remix
            22.3% of time processing Tubes(Helpers)
             0.0% of time writing files
    Running @   75.728% of real-time (8 threads)
[0m  [35m
 RAIJU
      UT   = 2001-06-01 23:14:35
      Time =    14.583 [min]
     dtCpl =  5.00E+00 [sec]
     Max/Min dt @ k:
        Max 2.35E+01 [sec] @ 9
        Min 1.38E-01 [sec] @ 160
     Flav : max Press/Den @ L,MLT; DPS-dst
        0: P =   0.00, D =9075.91 @  1.54 Rp,12.07 MLT; DPS:   0.00
        1: P =   0.15, D =   6.78 @  8.00 Rp,13.52 MLT; DPS:  -0.79
        2: P =   3.03, D =   0.27 @  3.95 Rp,23.60 MLT; DPS:  -5.17
[0m [32m<Writing HDF5 DATA @ t =    14.500 [min] >[0m 
[32m<Writing RAIJU HDF5 DATA @ t =    14.583 [min] >[0m 
 [36m
 GAMERA
      Time =    14.584 [min]
        ts =    13149
        dt =  8.35E-02 [sec]
    dt/dt0 =   70.139%
    Spent     0.0% of time waiting for Voltron
      kZCs =   3584.10 /   1422.20 [MHD/TOT] (8 threads)
[0m       CPCP =   71.757  70.341 [kV, N/S]
 [34m
 VOLTRON
      UT   = 2001-06-01 23:14:35
      tilt =    0.000 [deg]
    Sym-H  =   -5.000 [nT]
    BSDst  ~   18.448 [nT]
           dSMRs  ~     0.01   -0.20    0.17    0.01 [nT, 12/18/00/06]
   DPSDst  ~   -4.971 [nT]
   Spent    44.2% of time waiting for Gamera
            11.3% of time processing Chimp(Helpers)
             8.9% of time processing IMAG
            13.0% of time processing Remix
            22.3% of time processing Tubes(Helpers)
             0.0% of time writing files
    Running @   75.837% of real-time (8 threads)
[0m  [35m
 RAIJU
      UT   = 2001-06-01 23:14:40
      Time =    14.667 [min]
     dtCpl =  5.00E+00 [sec]
     Max/Min dt @ k:
        Max 2.42E+01 [sec] @ 9
        Min 1.38E-01 [sec] @ 160
     Flav : max Press/Den @ L,MLT; DPS-dst
        0: P =   0.00, D =9075.91 @  1.54 Rp,12.07 MLT; DPS:   0.00
        1: P =   0.15, D =   6.77 @  8.00 Rp,13.52 MLT; DPS:  -0.79
        2: P =   3.03, D =   0.27 @  3.95 Rp,23.60 MLT; DPS:  -5.17
[0m [32m<Writing HDF5 DATA @ t =    14.584 [min] >[0m 
[32m<Writing RAIJU HDF5 DATA @ t =    14.667 [min] >[0m 
 [36m
 GAMERA
      Time =    14.667 [min]
        ts =    13209
        dt =  8.36E-02 [sec]
    dt/dt0 =   70.176%
    Spent     0.0% of time waiting for Voltron
      kZCs =   3584.25 /   1422.61 [MHD/TOT] (8 threads)
[0m       CPCP =   71.253  70.276 [kV, N/S]
 [34m
 VOLTRON
      UT   = 2001-06-01 23:14:40
      tilt =    0.000 [deg]
    Sym-H  =   -5.000 [nT]
    BSDst  ~   18.418 [nT]
           dSMRs  ~     0.03   -0.19    0.15    0.01 [nT, 12/18/00/06]
   DPSDst  ~   -4.969 [nT]
   Spent    44.3% of time waiting for Gamera
            11.3% of time processing Chimp(Helpers)
             8.9% of time processing IMAG
            13.0% of time processing Remix
            22.3% of time processing Tubes(Helpers)
             0.0% of time writing files
    Running @   75.929% of real-time (8 threads)
[0m  [35m
 RAIJU
      UT   = 2001-06-01 23:14:45
      Time =    14.750 [min]
     dtCpl =  5.00E+00 [sec]
     Max/Min dt @ k:
        Max 2.49E+01 [sec] @ 9
        Min 1.38E-01 [sec] @ 160
     Flav : max Press/Den @ L,MLT; DPS-dst
        0: P =   0.00, D =9075.91 @  1.54 Rp,12.07 MLT; DPS:   0.00
        1: P =   0.15, D =   6.75 @  8.00 Rp,13.52 MLT; DPS:  -0.78
        2: P =   3.04, D =   0.27 @  3.95 Rp,23.60 MLT; DPS:  -5.17
[0m [32m<Writing HDF5 DATA @ t =    14.667 [min] >[0m 
[32m<Writing RAIJU HDF5 DATA @ t =    14.750 [min] >[0m 
 [36m
 GAMERA
      Time =    14.751 [min]
        ts =    13269
        dt =  8.36E-02 [sec]
    dt/dt0 =   70.217%
    Spent     0.0% of time waiting for Voltron
      kZCs =   3585.27 /   1424.17 [MHD/TOT] (8 threads)
[0m       CPCP =   70.670  70.421 [kV, N/S]
 [34m
 VOLTRON
      UT   = 2001-06-01 23:14:45
      tilt =    0.000 [deg]
    Sym-H  =   -5.000 [nT]
    BSDst  ~   18.398 [nT]
           dSMRs  ~     0.05   -0.19    0.12    0.02 [nT, 12/18/00/06]
   DPSDst  ~   -4.966 [nT]
   Spent    44.3% of time waiting for Gamera
            11.3% of time processing Chimp(Helpers)
             8.9% of time processing IMAG
            13.0% of time processing Remix
            22.3% of time processing Tubes(Helpers)
             0.0% of time writing files
    Running @   76.042% of real-time (8 threads)
[0m  [35m
 RAIJU
      UT   = 2001-06-01 23:14:50
      Time =    14.833 [min]
     dtCpl =  5.00E+00 [sec]
     Max/Min dt @ k:
        Max 2.57E+01 [sec] @ 9
        Min 1.38E-01 [sec] @ 160
     Flav : max Press/Den @ L,MLT; DPS-dst
        0: P =   0.00, D =9075.91 @  1.54 Rp,12.07 MLT; DPS:   0.00
        1: P =   0.15, D =   6.73 @  8.00 Rp,13.52 MLT; DPS:  -0.78
        2: P =   3.04, D =   0.27 @  3.95 Rp,23.60 MLT; DPS:  -5.17
[0m [32m<Writing HDF5 DATA @ t =    14.751 [min] >[0m 
[32m<Writing RAIJU HDF5 DATA @ t =    14.833 [min] >[0m 
 [36m
 GAMERA
      Time =    14.834 [min]
        ts =    13329
        dt =  8.37E-02 [sec]
    dt/dt0 =   70.259%
    Spent     0.0% of time waiting for Voltron
      kZCs =   3586.28 /   1424.31 [MHD/TOT] (8 threads)
[0m       CPCP =   70.264  70.404 [kV, N/S]
 [34m
 VOLTRON
      UT   = 2001-06-01 23:14:50
      tilt =    0.000 [deg]
    Sym-H  =   -5.000 [nT]
    BSDst  ~   18.387 [nT]
           dSMRs  ~     0.06   -0.19    0.10    0.02 [nT, 12/18/00/06]
   DPSDst  ~   -4.965 [nT]
   Spent    44.3% of time waiting for Gamera
            11.3% of time processing Chimp(Helpers)
             8.9% of time processing IMAG
            13.0% of time processing Remix
            22.2% of time processing Tubes(Helpers)
             0.0% of time writing files
    Running @   76.144% of real-time (8 threads)
[0m  [35m
 RAIJU
      UT   = 2001-06-01 23:14:55
      Time =    14.917 [min]
     dtCpl =  5.00E+00 [sec]
     Max/Min dt @ k:
        Max 2.65E+01 [sec] @ 9
        Min 1.38E-01 [sec] @ 160
     Flav : max Press/Den @ L,MLT; DPS-dst
        0: P =   0.00, D =9075.91 @  1.54 Rp,12.07 MLT; DPS:   0.00
        1: P =   0.15, D =   6.72 @  8.00 Rp,13.52 MLT; DPS:  -0.78
        2: P =   3.04, D =   0.27 @  3.95 Rp,23.60 MLT; DPS:  -5.17
[0m [32m<Writing HDF5 DATA @ t =    14.834 [min] >[0m 
[32m<Writing RAIJU HDF5 DATA @ t =    14.917 [min] >[0m 
 [36m
 GAMERA
      Time =    14.918 [min]
        ts =    13389
        dt =  8.37E-02 [sec]
    dt/dt0 =   70.289%
    Spent     0.0% of time waiting for Voltron
      kZCs =   3585.12 /   1422.45 [MHD/TOT] (8 threads)
[0m       CPCP =   70.195  70.295 [kV, N/S]
 [34m
 VOLTRON
      UT   = 2001-06-01 23:14:55
      tilt =    0.000 [deg]
    Sym-H  =   -5.000 [nT]
    BSDst  ~   18.382 [nT]
           dSMRs  ~     0.07   -0.19    0.09    0.03 [nT, 12/18/00/06]
   DPSDst  ~   -4.961 [nT]
   Spent    44.3% of time waiting for Gamera
            11.3% of time processing Chimp(Helpers)
             8.9% of time processing IMAG
            13.0% of time processing Remix
            22.2% of time processing Tubes(Helpers)
             0.0% of time writing files
    Running @   76.237% of real-time (8 threads)
[0m  [35m
 RAIJU
      UT   = 2001-06-01 23:14:59
      Time =    15.000 [min]
     dtCpl =  5.00E+00 [sec]
     Max/Min dt @ k:
        Max 2.71E+01 [sec] @ 8
        Min 1.38E-01 [sec] @ 160
     Flav : max Press/Den @ L,MLT; DPS-dst
        0: P =   0.00, D =9075.91 @  1.54 Rp,12.07 MLT; DPS:   0.00
        1: P =   0.15, D =   6.70 @  8.01 Rp,13.52 MLT; DPS:  -0.78
        2: P =   3.04, D =   0.27 @  3.95 Rp,23.60 MLT; DPS:  -5.17
[0m [32m<Writing HDF5 DATA @ t =    14.918 [min] >[0m 
[32m<Writing RAIJU HDF5 DATA @ t =    15.000 [min] >[0m 
 [36m
 GAMERA
      Time =    15.000 [min]
        ts =    13448
        dt =  8.37E-02 [sec]
    dt/dt0 =   70.317%
    Spent     0.0% of time waiting for Voltron
      kZCs =   3584.34 /   1411.41 [MHD/TOT] (8 threads)
[0m       CPCP =   70.279  70.221 [kV, N/S]
 [34m
 VOLTRON
      UT   = 2001-06-01 23:15:00
      tilt =    0.000 [deg]
    Sym-H  =   -5.000 [nT]
    BSDst  ~   18.383 [nT]
           dSMRs  ~     0.07   -0.18    0.08    0.03 [nT, 12/18/00/06]
   DPSDst  ~   -4.958 [nT]
   Spent    44.3% of time waiting for Gamera
            11.3% of time processing Chimp(Helpers)
             8.9% of time processing IMAG
            13.1% of time processing Remix
            22.2% of time processing Tubes(Helpers)
             0.0% of time writing files
    Running @   76.299% of real-time (8 threads)
[0m  [35m
 RAIJU
      UT   = 2001-06-01 23:15:05
      Time =    15.083 [min]
     dtCpl =  5.00E+00 [sec]
     Max/Min dt @ k:
        Max 2.77E+01 [sec] @ 8
        Min 1.38E-01 [sec] @ 160
     Flav : max Press/Den @ L,MLT; DPS-dst
        0: P =   0.00, D =9075.91 @  1.54 Rp,12.07 MLT; DPS:   0.00
        1: P =   0.14, D =   6.69 @  8.01 Rp,13.52 MLT; DPS:  -0.77
        2: P =   3.04, D =   0.28 @  3.95 Rp,23.60 MLT; DPS:  -5.17
[0m [32m<Writing HDF5 DATA @ t =    15.000 [min] >[0m 
[32m<Writing RAIJU HDF5 DATA @ t =    15.083 [min] >[0m 
 [36m
 GAMERA
      Time =    15.084 [min]
        ts =    13508
        dt =  8.38E-02 [sec]
    dt/dt0 =   70.347%
    Spent     0.0% of time waiting for Voltron
      kZCs =   3583.09 /   1425.20 [MHD/TOT] (8 threads)
[0m       CPCP =   70.276  70.241 [kV, N/S]
 [34m
 VOLTRON
      UT   = 2001-06-01 23:15:05
      tilt =    0.000 [deg]
    Sym-H  =   -5.000 [nT]
    BSDst  ~   18.385 [nT]
           dSMRs  ~     0.08   -0.18    0.06    0.04 [nT, 12/18/00/06]
   DPSDst  ~   -4.957 [nT]
   Spent    44.3% of time waiting for Gamera
            11.3% of time processing Chimp(Helpers)
             8.9% of time processing IMAG
            13.0% of time processing Remix
            22.2% of time processing Tubes(Helpers)
             0.0% of time writing files
    Running @   76.408% of real-time (8 threads)
[0m  [35m
 RAIJU
      UT   = 2001-06-01 23:15:10
      Time =    15.167 [min]
     dtCpl =  5.00E+00 [sec]
     Max/Min dt @ k:
        Max 2.84E+01 [sec] @ 8
        Min 1.38E-01 [sec] @ 160
     Flav : max Press/Den @ L,MLT; DPS-dst
        0: P =   0.00, D =9075.91 @  1.54 Rp,12.07 MLT; DPS:   0.00
        1: P =   0.14, D =   6.68 @  8.01 Rp,13.52 MLT; DPS:  -0.77
        2: P =   3.04, D =   0.28 @  3.95 Rp,23.60 MLT; DPS:  -5.17
[0m [32m<Writing HDF5 DATA @ t =    15.084 [min] >[0m 
[32m<Writing RAIJU HDF5 DATA @ t =    15.167 [min] >[0m 
 [36m
 GAMERA
      Time =    15.168 [min]
        ts =    13568
        dt =  8.38E-02 [sec]
    dt/dt0 =   70.378%
    Spent     0.0% of time waiting for Voltron
      kZCs =   3585.12 /   1421.95 [MHD/TOT] (8 threads)
[0m       CPCP =   70.403  70.262 [kV, N/S]
 [34m
 VOLTRON
      UT   = 2001-06-01 23:15:10
      tilt =    0.000 [deg]
    Sym-H  =   -5.000 [nT]
    BSDst  ~   18.388 [nT]
           dSMRs  ~     0.08   -0.18    0.05    0.04 [nT, 12/18/00/06]
   DPSDst  ~   -4.961 [nT]
   Spent    44.3% of time waiting for Gamera
            11.3% of time processing Chimp(Helpers)
             8.9% of time processing IMAG
            13.1% of time processing Remix
            22.2% of time processing Tubes(Helpers)
             0.0% of time writing files
    Running @   76.475% of real-time (8 threads)
[0m  [35m
 RAIJU
      UT   = 2001-06-01 23:15:15
      Time =    15.250 [min]
     dtCpl =  5.00E+00 [sec]
     Max/Min dt @ k:
        Max 2.91E+01 [sec] @ 8
        Min 1.38E-01 [sec] @ 160
     Flav : max Press/Den @ L,MLT; DPS-dst
        0: P =   0.00, D =9075.91 @  1.54 Rp,12.07 MLT; DPS:   0.00
        1: P =   0.17, D =   6.71 @  8.44 Rp,11.18 MLT; DPS:  -0.77
        2: P =   3.04, D =   0.28 @  3.95 Rp,23.60 MLT; DPS:  -5.17
[0m [32m<Writing HDF5 DATA @ t =    15.168 [min] >[0m 
[32m<Writing RAIJU HDF5 DATA @ t =    15.250 [min] >[0m 
 [36m
 GAMERA
      Time =    15.250 [min]
        ts =    13627
        dt =  8.38E-02 [sec]
    dt/dt0 =   70.409%
    Spent     0.0% of time waiting for Voltron
      kZCs =   3585.37 /   1413.29 [MHD/TOT] (8 threads)
[0m       CPCP =   70.509  70.307 [kV, N/S]
 [34m
 VOLTRON
      UT   = 2001-06-01 23:15:15
      tilt =    0.000 [deg]
    Sym-H  =   -5.000 [nT]
    BSDst  ~   18.389 [nT]
           dSMRs  ~     0.09   -0.18    0.04    0.05 [nT, 12/18/00/06]
   DPSDst  ~   -4.960 [nT]
   Spent    44.2% of time waiting for Gamera
            11.3% of time processing Chimp(Helpers)
             8.9% of time processing IMAG
            13.1% of time processing Remix
            22.2% of time processing Tubes(Helpers)
             0.0% of time writing files
    Running @   76.538% of real-time (8 threads)
[0m  [35m
 RAIJU
      UT   = 2001-06-01 23:15:20
      Time =    15.333 [min]
     dtCpl =  5.00E+00 [sec]
     Max/Min dt @ k:
        Max 2.99E+01 [sec] @ 8
        Min 1.38E-01 [sec] @ 160
     Flav : max Press/Den @ L,MLT; DPS-dst
        0: P =   0.00, D =9075.91 @  1.54 Rp,12.07 MLT; DPS:   0.00
        1: P =   0.17, D =   6.64 @  8.51 Rp,11.21 MLT; DPS:  -0.77
        2: P =   3.05, D =   0.28 @  3.95 Rp,23.33 MLT; DPS:  -5.17
[0m [32m<Writing HDF5 DATA @ t =    15.250 [min] >[0m 
[32m<Writing RAIJU HDF5 DATA @ t =    15.333 [min] >[0m 
 [36m
 GAMERA
      Time =    15.334 [min]
        ts =    13687
        dt =  8.39E-02 [sec]
    dt/dt0 =   70.446%
    Spent     0.0% of time waiting for Voltron
      kZCs =   3585.70 /   1425.73 [MHD/TOT] (8 threads)
[0m       CPCP =   70.574  70.385 [kV, N/S]
 [34m
 VOLTRON
      UT   = 2001-06-01 23:15:20
      tilt =    0.000 [deg]
    Sym-H  =   -5.000 [nT]
    BSDst  ~   18.385 [nT]
           dSMRs  ~     0.10   -0.18    0.02    0.05 [nT, 12/18/00/06]
   DPSDst  ~   -4.959 [nT]
   Spent    44.3% of time waiting for Gamera
            11.3% of time processing Chimp(Helpers)
             8.9% of time processing IMAG
            13.1% of time processing Remix
            22.2% of time processing Tubes(Helpers)
             0.0% of time writing files
    Running @   76.641% of real-time (8 threads)
[0m  [35m
 RAIJU
      UT   = 2001-06-01 23:15:25
      Time =    15.417 [min]
     dtCpl =  5.00E+00 [sec]
     Max/Min dt @ k:
        Max 3.10E+01 [sec] @ 8
        Min 1.38E-01 [sec] @ 160
     Flav : max Press/Den @ L,MLT; DPS-dst
        0: P =   0.00, D =9075.91 @  1.54 Rp,12.07 MLT; DPS:   0.00
        1: P =   0.17, D =   6.59 @  8.93 Rp,11.57 MLT; DPS:  -0.77
        2: P =   3.05, D =   0.28 @  3.95 Rp,23.33 MLT; DPS:  -5.17
[0m [32m<Writing HDF5 DATA @ t =    15.334 [min] >[0m 
[32m<Writing RAIJU HDF5 DATA @ t =    15.417 [min] >[0m 
 [36m
 GAMERA
      Time =    15.418 [min]
        ts =    13747
        dt =  8.39E-02 [sec]
    dt/dt0 =   70.486%
    Spent     0.0% of time waiting for Voltron
      kZCs =   3586.28 /   1426.90 [MHD/TOT] (8 threads)
[0m       CPCP =   70.638  70.492 [kV, N/S]
 [34m
 VOLTRON
      UT   = 2001-06-01 23:15:25
      tilt =    0.000 [deg]
    Sym-H  =   -5.000 [nT]
    BSDst  ~   18.379 [nT]
           dSMRs  ~     0.12   -0.18    0.01    0.04 [nT, 12/18/00/06]
   DPSDst  ~   -4.957 [nT]
   Spent    44.3% of time waiting for Gamera
            11.3% of time processing Chimp(Helpers)
             8.9% of time processing IMAG
            13.1% of time processing Remix
            22.2% of time processing Tubes(Helpers)
             0.0% of time writing files
    Running @   76.706% of real-time (8 threads)
[0m  [35m
 RAIJU
      UT   = 2001-06-01 23:15:30
      Time =    15.500 [min]
     dtCpl =  5.00E+00 [sec]
     Max/Min dt @ k:
        Max 3.19E+01 [sec] @ 8
        Min 1.38E-01 [sec] @ 160
     Flav : max Press/Den @ L,MLT; DPS-dst
        0: P =   0.00, D =9075.91 @  1.54 Rp,12.07 MLT; DPS:   0.00
        1: P =   0.17, D =   6.55 @  9.04 Rp,11.60 MLT; DPS:  -0.77
        2: P =   3.05, D =   0.28 @  3.95 Rp,23.33 MLT; DPS:  -5.17
[0m [32m<Writing HDF5 DATA @ t =    15.418 [min] >[0m 
[32m<Writing RAIJU HDF5 DATA @ t =    15.500 [min] >[0m 
 [36m
 GAMERA
      Time =    15.501 [min]
        ts =    13806
        dt =  8.40E-02 [sec]
    dt/dt0 =   70.526%
    Spent     0.0% of time waiting for Voltron
      kZCs =   3585.08 /   1414.62 [MHD/TOT] (8 threads)
[0m       CPCP =   70.703  70.604 [kV, N/S]
 [34m
 VOLTRON
      UT   = 2001-06-01 23:15:30
      tilt =    0.000 [deg]
    Sym-H  =   -5.000 [nT]
    BSDst  ~   18.380 [nT]
           dSMRs  ~     0.14   -0.17   -0.01    0.04 [nT, 12/18/00/06]
   DPSDst  ~   -4.954 [nT]
   Spent    44.3% of time waiting for Gamera
            11.3% of time processing Chimp(Helpers)
             8.9% of time processing IMAG
            13.1% of time processing Remix
            22.2% of time processing Tubes(Helpers)
             0.0% of time writing files
    Running @   76.787% of real-time (8 threads)
[0m  [35m
 RAIJU
      UT   = 2001-06-01 23:15:35
      Time =    15.583 [min]
     dtCpl =  5.00E+00 [sec]
     Max/Min dt @ k:
        Max 3.32E+01 [sec] @ 8
        Min 1.38E-01 [sec] @ 160
     Flav : max Press/Den @ L,MLT; DPS-dst
        0: P =   0.00, D =9075.91 @  1.54 Rp,12.07 MLT; DPS:   0.00
        1: P =   0.17, D =   6.65 @  8.41 Rp,11.65 MLT; DPS:  -0.77
        2: P =   3.05, D =   0.28 @  3.95 Rp,23.33 MLT; DPS:  -5.16
[0m [32m<Writing HDF5 DATA @ t =    15.501 [min] >[0m 
[32m<Writing RAIJU HDF5 DATA @ t =    15.583 [min] >[0m 
 [36m
 GAMERA
      Time =    15.585 [min]
        ts =    13866
        dt =  8.40E-02 [sec]
    dt/dt0 =   70.538%
    Spent     0.0% of time waiting for Voltron
      kZCs =   3585.70 /   1426.95 [MHD/TOT] (8 threads)
[0m       CPCP =   70.765  70.538 [kV, N/S]
 [34m
 VOLTRON
      UT   = 2001-06-01 23:15:35
      tilt =    0.000 [deg]
    Sym-H  =   -5.000 [nT]
    BSDst  ~   18.380 [nT]
           dSMRs  ~     0.16   -0.17   -0.04    0.04 [nT, 12/18/00/06]
   DPSDst  ~   -4.954 [nT]
   Spent    44.3% of time waiting for Gamera
            11.3% of time processing Chimp(Helpers)
             8.9% of time processing IMAG
            13.1% of time processing Remix
            22.2% of time processing Tubes(Helpers)
             0.0% of time writing files
    Running @   76.889% of real-time (8 threads)
[0m  [35m
 RAIJU
      UT   = 2001-06-01 23:15:40
      Time =    15.667 [min]
     dtCpl =  5.00E+00 [sec]
     Max/Min dt @ k:
        Max 3.52E+01 [sec] @ 8
        Min 1.38E-01 [sec] @ 160
     Flav : max Press/Den @ L,MLT; DPS-dst
        0: P =   0.00, D =9075.91 @  1.54 Rp,12.07 MLT; DPS:   0.00
        1: P =   0.17, D =   6.66 @  8.44 Rp,11.73 MLT; DPS:  -0.76
        2: P =   3.05, D =   0.28 @  3.95 Rp,23.33 MLT; DPS:  -5.17
[0m [32m<Writing HDF5 DATA @ t =    15.585 [min] >[0m 
[32m<Writing RAIJU HDF5 DATA @ t =    15.667 [min] >[0m 
 [36m
 GAMERA
      Time =    15.667 [min]
        ts =    13925
        dt =  8.40E-02 [sec]
    dt/dt0 =   70.523%
    Spent     0.0% of time waiting for Voltron
      kZCs =   3583.60 /   1411.75 [MHD/TOT] (8 threads)
[0m       CPCP =   70.807  70.479 [kV, N/S]
 [34m
 VOLTRON
      UT   = 2001-06-01 23:15:40
      tilt =    0.000 [deg]
    Sym-H  =   -5.000 [nT]
    BSDst  ~   18.382 [nT]
           dSMRs  ~     0.18   -0.17   -0.06    0.05 [nT, 12/18/00/06]
   DPSDst  ~   -4.951 [nT]
   Spent    44.3% of time waiting for Gamera
            11.3% of time processing Chimp(Helpers)
             9.0% of time processing IMAG
            13.1% of time processing Remix
            22.2% of time processing Tubes(Helpers)
             0.0% of time writing files
    Running @   76.909% of real-time (8 threads)
[0m  [35m
 RAIJU
      UT   = 2001-06-01 23:15:45
      Time =    15.750 [min]
     dtCpl =  5.00E+00 [sec]
     Max/Min dt @ k:
        Max 3.65E+01 [sec] @ 7
        Min 1.38E-01 [sec] @ 160
     Flav : max Press/Den @ L,MLT; DPS-dst
        0: P =   0.00, D =9075.91 @  1.54 Rp,12.07 MLT; DPS:   0.00
        1: P =   0.17, D =   6.65 @  8.41 Rp,11.72 MLT; DPS:  -0.76
        2: P =   3.05, D =   0.28 @  3.95 Rp,23.33 MLT; DPS:  -5.16
[0m [32m<Writing HDF5 DATA @ t =    15.667 [min] >[0m 
[32m<Writing RAIJU HDF5 DATA @ t =    15.750 [min] >[0m 
 [36m
 GAMERA
      Time =    15.751 [min]
        ts =    13985
        dt =  8.40E-02 [sec]
    dt/dt0 =   70.521%
    Spent     0.0% of time waiting for Voltron
      kZCs =   3584.25 /   1430.34 [MHD/TOT] (8 threads)
[0m       CPCP =   70.835  70.589 [kV, N/S]
 [34m
 VOLTRON
      UT   = 2001-06-01 23:15:45
      tilt =    0.000 [deg]
    Sym-H  =   -5.000 [nT]
    BSDst  ~   18.384 [nT]
           dSMRs  ~     0.19   -0.16   -0.08    0.06 [nT, 12/18/00/06]
   DPSDst  ~   -4.951 [nT]
   Spent    44.3% of time waiting for Gamera
            11.3% of time processing Chimp(Helpers)
             9.0% of time processing IMAG
            13.1% of time processing Remix
            22.1% of time processing Tubes(Helpers)
             0.0% of time writing files
    Running @   77.012% of real-time (8 threads)
[0m  [35m
 RAIJU
      UT   = 2001-06-01 23:15:50
      Time =    15.833 [min]
     dtCpl =  5.00E+00 [sec]
     Max/Min dt @ k:
        Max 3.76E+01 [sec] @ 7
        Min 1.38E-01 [sec] @ 160
     Flav : max Press/Den @ L,MLT; DPS-dst
        0: P =   0.00, D =9075.91 @  1.54 Rp,12.07 MLT; DPS:   0.00
        1: P =   0.17, D =   6.65 @  8.15 Rp,11.70 MLT; DPS:  -0.76
        2: P =   3.05, D =   0.28 @  3.95 Rp,23.33 MLT; DPS:  -5.16
[0m [32m<Writing HDF5 DATA @ t =    15.751 [min] >[0m 
[32m<Writing RAIJU HDF5 DATA @ t =    15.833 [min] >[0m 
 [36m
 GAMERA
      Time =    15.834 [min]
        ts =    14044
        dt =  8.40E-02 [sec]
    dt/dt0 =   70.532%
    Spent     0.0% of time waiting for Voltron
      kZCs =   3584.63 /   1416.83 [MHD/TOT] (8 threads)
[0m       CPCP =   70.846  70.688 [kV, N/S]
 [34m
 VOLTRON
      UT   = 2001-06-01 23:15:50
      tilt =    0.000 [deg]
    Sym-H  =   -5.000 [nT]
    BSDst  ~   18.388 [nT]
           dSMRs  ~     0.21   -0.16   -0.10    0.06 [nT, 12/18/00/06]
   DPSDst  ~   -4.951 [nT]
   Spent    44.3% of time waiting for Gamera
            11.3% of time processing Chimp(Helpers)
             9.0% of time processing IMAG
            13.1% of time processing Remix
            22.1% of time processing Tubes(Helpers)
             0.0% of time writing files
    Running @   77.051% of real-time (8 threads)
[0m  [35m
 RAIJU
      UT   = 2001-06-01 23:15:55
      Time =    15.917 [min]
     dtCpl =  5.00E+00 [sec]
     Max/Min dt @ k:
        Max 4.05E+01 [sec] @ 7
        Min 1.38E-01 [sec] @ 160
     Flav : max Press/Den @ L,MLT; DPS-dst
        0: P =   0.00, D =9075.91 @  1.54 Rp,12.07 MLT; DPS:   0.00
        1: P =   0.17, D =   6.66 @  8.13 Rp,11.67 MLT; DPS:  -0.76
        2: P =   3.05, D =   0.28 @  3.95 Rp,23.27 MLT; DPS:  -5.16
[0m [32m<Writing HDF5 DATA @ t =    15.834 [min] >[0m 
[32m<Writing RAIJU HDF5 DATA @ t =    15.917 [min] >[0m 
 [36m
 GAMERA
      Time =    15.918 [min]
        ts =    14104
        dt =  8.40E-02 [sec]
    dt/dt0 =   70.544%
    Spent     0.0% of time waiting for Voltron
      kZCs =   3584.68 /   1431.52 [MHD/TOT] (8 threads)
[0m       CPCP =   70.898  70.707 [kV, N/S]
 [34m
 VOLTRON
      UT   = 2001-06-01 23:15:55
      tilt =    0.000 [deg]
    Sym-H  =   -5.000 [nT]
    BSDst  ~   18.396 [nT]
           dSMRs  ~     0.22   -0.17   -0.11    0.06 [nT, 12/18/00/06]
   DPSDst  ~   -4.946 [nT]
   Spent    44.3% of time waiting for Gamera
            11.2% of time processing Chimp(Helpers)
             9.0% of time processing IMAG
            13.1% of time processing Remix
            22.1% of time processing Tubes(Helpers)
             0.0% of time writing files
    Running @   77.121% of real-time (8 threads)
[0m  [35m
 RAIJU
      UT   = 2001-06-01 23:15:59
      Time =    16.000 [min]
     dtCpl =  5.00E+00 [sec]
     Max/Min dt @ k:
        Max 4.12E+01 [sec] @ 4
        Min 1.38E-01 [sec] @ 160
     Flav : max Press/Den @ L,MLT; DPS-dst
        0: P =   0.00, D =9075.91 @  1.54 Rp,12.07 MLT; DPS:   0.00
        1: P =   0.17, D =   6.67 @  7.82 Rp,11.63 MLT; DPS:  -0.76
        2: P =   3.06, D =   0.28 @  3.95 Rp,23.27 MLT; DPS:  -5.16
[0m [32m<Writing HDF5 DATA @ t =    15.918 [min] >[0m 
[32m<Writing RAIJU HDF5 DATA @ t =    16.000 [min] >[0m 
 [36m
 GAMERA
      Time =    16.000 [min]
        ts =    14163
        dt =  8.40E-02 [sec]
    dt/dt0 =   70.559%
    Spent     0.0% of time waiting for Voltron
      kZCs =   3585.81 /   1418.19 [MHD/TOT] (8 threads)
[0m       CPCP =   71.032  70.601 [kV, N/S]
 [34m
 VOLTRON
      UT   = 2001-06-01 23:16:00
      tilt =    0.000 [deg]
    Sym-H  =   -5.000 [nT]
    BSDst  ~   18.403 [nT]
           dSMRs  ~     0.22   -0.17   -0.12    0.07 [nT, 12/18/00/06]
   DPSDst  ~   -4.949 [nT]
   Spent    44.3% of time waiting for Gamera
            11.2% of time processing Chimp(Helpers)
             9.0% of time processing IMAG
            13.1% of time processing Remix
            22.1% of time processing Tubes(Helpers)
             0.0% of time writing files
    Running @   77.197% of real-time (8 threads)
[0m  [35m
 RAIJU
      UT   = 2001-06-01 23:16:05
      Time =    16.083 [min]
     dtCpl =  5.00E+00 [sec]
     Max/Min dt @ k:
        Max 4.02E+01 [sec] @ 7
        Min 1.38E-01 [sec] @ 160
     Flav : max Press/Den @ L,MLT; DPS-dst
        0: P =   0.00, D =9075.91 @  1.54 Rp,12.07 MLT; DPS:   0.00
        1: P =   0.17, D =   6.67 @  7.62 Rp,11.52 MLT; DPS:  -0.76
        2: P =   3.06, D =   0.28 @  3.95 Rp,23.27 MLT; DPS:  -5.16
[0m [32m<Writing HDF5 DATA @ t =    16.000 [min] >[0m 
[32m<Writing RAIJU HDF5 DATA @ t =    16.083 [min] >[0m 
 [36m
 GAMERA
      Time =    16.084 [min]
        ts =    14223
        dt =  8.40E-02 [sec]
    dt/dt0 =   70.576%
    Spent     0.0% of time waiting for Voltron
      kZCs =   3586.72 /   1431.22 [MHD/TOT] (8 threads)
[0m       CPCP =   70.970  70.568 [kV, N/S]
 [34m
 VOLTRON
      UT   = 2001-06-01 23:16:05
      tilt =    0.000 [deg]
    Sym-H  =   -5.000 [nT]
    BSDst  ~   18.407 [nT]
           dSMRs  ~     0.23   -0.17   -0.13    0.06 [nT, 12/18/00/06]
   DPSDst  ~   -4.948 [nT]
   Spent    44.4% of time waiting for Gamera
            11.2% of time processing Chimp(Helpers)
             9.0% of time processing IMAG
            13.1% of time processing Remix
            22.1% of time processing Tubes(Helpers)
             0.0% of time writing files
    Running @   77.255% of real-time (8 threads)
[0m  [35m
 RAIJU
      UT   = 2001-06-01 23:16:10
      Time =    16.167 [min]
     dtCpl =  5.00E+00 [sec]
     Max/Min dt @ k:
        Max 3.98E+01 [sec] @ 7
        Min 1.38E-01 [sec] @ 160
     Flav : max Press/Den @ L,MLT; DPS-dst
        0: P =   0.00, D =9075.91 @  1.54 Rp,12.07 MLT; DPS:   0.00
        1: P =   0.17, D =   6.67 @  7.59 Rp,11.48 MLT; DPS:  -0.75
        2: P =   3.06, D =   0.28 @  3.95 Rp,23.27 MLT; DPS:  -5.16
[0m [32m<Writing HDF5 DATA @ t =    16.084 [min] >[0m 
[32m<Writing RAIJU HDF5 DATA @ t =    16.167 [min] >[0m 
 [36m
 GAMERA
      Time =    16.167 [min]
        ts =    14282
        dt =  8.40E-02 [sec]
    dt/dt0 =   70.590%
    Spent     0.0% of time waiting for Voltron
      kZCs =   3584.04 /   1418.61 [MHD/TOT] (8 threads)
[0m       CPCP =   70.914  70.593 [kV, N/S]
 [34m
 VOLTRON
      UT   = 2001-06-01 23:16:10
      tilt =    0.000 [deg]
    Sym-H  =   -5.000 [nT]
    BSDst  ~   18.413 [nT]
           dSMRs  ~     0.25   -0.17   -0.15    0.07 [nT, 12/18/00/06]
   DPSDst  ~   -4.946 [nT]
   Spent    44.3% of time waiting for Gamera
            11.2% of time processing Chimp(Helpers)
             9.0% of time processing IMAG
            13.1% of time processing Remix
            22.1% of time processing Tubes(Helpers)
             0.0% of time writing files
    Running @   77.329% of real-time (8 threads)
[0m  [35m
 RAIJU
      UT   = 2001-06-01 23:16:15
      Time =    16.250 [min]
     dtCpl =  5.00E+00 [sec]
     Max/Min dt @ k:
        Max 4.09E+01 [sec] @ 4
        Min 1.38E-01 [sec] @ 160
     Flav : max Press/Den @ L,MLT; DPS-dst
        0: P =   0.00, D =9075.91 @  1.54 Rp,12.07 MLT; DPS:   0.00
        1: P =   0.17, D =   6.80 @  8.33 Rp,11.11 MLT; DPS:  -0.75
        2: P =   3.06, D =   0.28 @  3.95 Rp,23.33 MLT; DPS:  -5.16
[0m [32m<Writing HDF5 DATA @ t =    16.167 [min] >[0m 
[32m<Writing RAIJU HDF5 DATA @ t =    16.250 [min] >[0m 
 [36m
 GAMERA
      Time =    16.251 [min]
        ts =    14342
        dt =  8.41E-02 [sec]
    dt/dt0 =   70.604%
    Spent     0.0% of time waiting for Voltron
      kZCs =   3583.38 /   1428.72 [MHD/TOT] (8 threads)
[0m       CPCP =   70.935  70.676 [kV, N/S]
 [34m
 VOLTRON
      UT   = 2001-06-01 23:16:15
      tilt =    0.000 [deg]
    Sym-H  =   -5.000 [nT]
    BSDst  ~   18.418 [nT]
           dSMRs  ~     0.26   -0.17   -0.16    0.07 [nT, 12/18/00/06]
   DPSDst  ~   -4.943 [nT]
   Spent    44.4% of time waiting for Gamera
            11.2% of time processing Chimp(Helpers)
             9.0% of time processing IMAG
            13.1% of time processing Remix
            22.1% of time processing Tubes(Helpers)
             0.0% of time writing files
    Running @   77.419% of real-time (8 threads)
[0m  [35m
 RAIJU
      UT   = 2001-06-01 23:16:20
      Time =    16.333 [min]
     dtCpl =  5.00E+00 [sec]
     Max/Min dt @ k:
        Max 4.10E+01 [sec] @ 57
        Min 1.38E-01 [sec] @ 160
     Flav : max Press/Den @ L,MLT; DPS-dst
        0: P =   0.00, D =9075.91 @  1.54 Rp,12.07 MLT; DPS:   0.00
        1: P =   0.16, D =   6.80 @  8.21 Rp,11.08 MLT; DPS:  -0.75
        2: P =   3.06, D =   0.28 @  3.95 Rp,23.27 MLT; DPS:  -5.16
[0m [32m<Writing HDF5 DATA @ t =    16.251 [min] >[0m 
[32m<Writing RAIJU HDF5 DATA @ t =    16.333 [min] >[0m 
 [36m
 GAMERA
      Time =    16.334 [min]
        ts =    14401
        dt =  8.41E-02 [sec]
    dt/dt0 =   70.614%
    Spent     0.0% of time waiting for Voltron
      kZCs =   3584.63 /   1419.77 [MHD/TOT] (8 threads)
[0m       CPCP =   70.865  70.776 [kV, N/S]
 [34m
 VOLTRON
      UT   = 2001-06-01 23:16:20
      tilt =    0.000 [deg]
    Sym-H  =   -5.000 [nT]
    BSDst  ~   18.429 [nT]
           dSMRs  ~     0.26   -0.17   -0.16    0.07 [nT, 12/18/00/06]
   DPSDst  ~   -4.941 [nT]
   Spent    44.4% of time waiting for Gamera
            11.2% of time processing Chimp(Helpers)
             9.0% of time processing IMAG
            13.1% of time processing Remix
            22.1% of time processing Tubes(Helpers)
             0.0% of time writing files
    Running @   77.478% of real-time (8 threads)
[0m  [35m
 RAIJU
      UT   = 2001-06-01 23:16:25
      Time =    16.417 [min]
     dtCpl =  5.00E+00 [sec]
     Max/Min dt @ k:
        Max 4.10E+01 [sec] @ 57
        Min 1.38E-01 [sec] @ 160
     Flav : max Press/Den @ L,MLT; DPS-dst
        0: P =   0.00, D =9075.91 @  1.54 Rp,12.07 MLT; DPS:   0.00
        1: P =   0.16, D =   6.82 @  7.92 Rp,11.01 MLT; DPS:  -0.75
        2: P =   3.07, D =   0.28 @  3.95 Rp,23.13 MLT; DPS:  -5.16
[0m [32m<Writing HDF5 DATA @ t =    16.334 [min] >[0m 
[32m<Writing RAIJU HDF5 DATA @ t =    16.417 [min] >[0m 
 [36m
 GAMERA
      Time =    16.418 [min]
        ts =    14461
        dt =  8.41E-02 [sec]
    dt/dt0 =   70.625%
    Spent     0.0% of time waiting for Voltron
      kZCs =   3584.10 /   1429.97 [MHD/TOT] (8 threads)
[0m       CPCP =   70.699  70.854 [kV, N/S]
 [34m
 VOLTRON
      UT   = 2001-06-01 23:16:25
      tilt =    0.000 [deg]
    Sym-H  =   -5.000 [nT]
    BSDst  ~   18.443 [nT]
           dSMRs  ~     0.27   -0.17   -0.17    0.07 [nT, 12/18/00/06]
   DPSDst  ~   -4.936 [nT]
   Spent    44.4% of time waiting for Gamera
            11.2% of time processing Chimp(Helpers)
             9.0% of time processing IMAG
            13.1% of time processing Remix
            22.0% of time processing Tubes(Helpers)
             0.0% of time writing files
    Running @   77.523% of real-time (8 threads)
[0m  [35m
 RAIJU
      UT   = 2001-06-01 23:16:30
      Time =    16.500 [min]
     dtCpl =  5.00E+00 [sec]
     Max/Min dt @ k:
        Max 4.10E+01 [sec] @ 57
        Min 1.38E-01 [sec] @ 160
     Flav : max Press/Den @ L,MLT; DPS-dst
        0: P =   0.00, D =9075.91 @  1.54 Rp,12.07 MLT; DPS:   0.00
        1: P =   0.16, D =   6.65 @  5.68 Rp,11.04 MLT; DPS:  -0.74
        2: P =   3.07, D =   0.28 @  3.95 Rp,23.13 MLT; DPS:  -5.16
[0m [32m<Writing HDF5 DATA @ t =    16.418 [min] >[0m 
[32m<Writing RAIJU HDF5 DATA @ t =    16.500 [min] >[0m 
 [36m
 GAMERA
      Time =    16.500 [min]
        ts =    14520
        dt =  8.41E-02 [sec]
    dt/dt0 =   70.630%
    Spent     0.0% of time waiting for Voltron
      kZCs =   3583.75 /   1419.16 [MHD/TOT] (8 threads)
[0m       CPCP =   70.559  70.904 [kV, N/S]
 [34m
 VOLTRON
      UT   = 2001-06-01 23:16:30
      tilt =    0.000 [deg]
    Sym-H  =   -5.000 [nT]
    BSDst  ~   18.448 [nT]
           dSMRs  ~     0.27   -0.17   -0.18    0.08 [nT, 12/18/00/06]
   DPSDst  ~   -4.934 [nT]
   Spent    44.4% of time waiting for Gamera
            11.2% of time processing Chimp(Helpers)
             9.0% of time processing IMAG
            13.1% of time processing Remix
            22.0% of time processing Tubes(Helpers)
             0.0% of time writing files
    Running @   77.589% of real-time (8 threads)
[0m  [35m
 RAIJU
      UT   = 2001-06-01 23:16:35
      Time =    16.583 [min]
     dtCpl =  5.00E+00 [sec]
     Max/Min dt @ k:
        Max 4.09E+01 [sec] @ 57
        Min 1.38E-01 [sec] @ 160
     Flav : max Press/Den @ L,MLT; DPS-dst
        0: P =   0.00, D =9075.91 @  1.54 Rp,12.07 MLT; DPS:   0.00
        1: P =   0.17, D =   6.65 @  5.66 Rp,11.10 MLT; DPS:  -0.74
        2: P =   3.07, D =   0.28 @  3.95 Rp,23.13 MLT; DPS:  -5.16
[0m [32m<Writing HDF5 DATA @ t =    16.500 [min] >[0m 
[32m<Writing RAIJU HDF5 DATA @ t =    16.583 [min] >[0m 
 [36m
 GAMERA
      Time =    16.584 [min]
        ts =    14580
        dt =  8.41E-02 [sec]
    dt/dt0 =   70.636%
    Spent     0.0% of time waiting for Voltron
      kZCs =   3583.52 /   1434.14 [MHD/TOT] (8 threads)
[0m       CPCP =   70.405  70.871 [kV, N/S]
 [34m
 VOLTRON
      UT   = 2001-06-01 23:16:35
      tilt =    0.000 [deg]
    Sym-H  =   -5.000 [nT]
    BSDst  ~   18.443 [nT]
           dSMRs  ~     0.27   -0.16   -0.18    0.07 [nT, 12/18/00/06]
   DPSDst  ~   -4.933 [nT]
   Spent    44.4% of time waiting for Gamera
            11.2% of time processing Chimp(Helpers)
             9.0% of time processing IMAG
            13.1% of time processing Remix
            22.0% of time processing Tubes(Helpers)
             0.0% of time writing files
    Running @   77.639% of real-time (8 threads)
[0m  [35m
 RAIJU
      UT   = 2001-06-01 23:16:40
      Time =    16.667 [min]
     dtCpl =  5.00E+00 [sec]
     Max/Min dt @ k:
        Max 4.09E+01 [sec] @ 57
        Min 1.38E-01 [sec] @ 160
     Flav : max Press/Den @ L,MLT; DPS-dst
        0: P =   0.00, D =9075.91 @  1.54 Rp,12.07 MLT; DPS:   0.00
        1: P =   0.17, D =   6.64 @  5.62 Rp,11.19 MLT; DPS:  -0.74
        2: P =   3.07, D =   0.28 @  3.95 Rp,23.07 MLT; DPS:  -5.16
[0m [32m<Writing HDF5 DATA @ t =    16.584 [min] >[0m 
[32m<Writing RAIJU HDF5 DATA @ t =    16.667 [min] >[0m 
 [36m
 GAMERA
      Time =    16.667 [min]
        ts =    14639
        dt =  8.41E-02 [sec]
    dt/dt0 =   70.640%
    Spent     0.0% of time waiting for Voltron
      kZCs =   3584.78 /   1420.18 [MHD/TOT] (8 threads)
[0m       CPCP =   70.287  70.779 [kV, N/S]
 [34m
 VOLTRON
      UT   = 2001-06-01 23:16:40
      tilt =    0.000 [deg]
    Sym-H  =   -5.000 [nT]
    BSDst  ~   18.429 [nT]
           dSMRs  ~     0.27   -0.16   -0.19    0.08 [nT, 12/18/00/06]
   DPSDst  ~   -4.931 [nT]
   Spent    44.4% of time waiting for Gamera
            11.2% of time processing Chimp(Helpers)
             9.0% of time processing IMAG
            13.1% of time processing Remix
            22.0% of time processing Tubes(Helpers)
             0.0% of time writing files
    Running @   77.701% of real-time (8 threads)
[0m  [35m
 RAIJU
      UT   = 2001-06-01 23:16:45
      Time =    16.750 [min]
     dtCpl =  5.00E+00 [sec]
     Max/Min dt @ k:
        Max 4.09E+01 [sec] @ 57
        Min 1.38E-01 [sec] @ 160
     Flav : max Press/Den @ L,MLT; DPS-dst
        0: P =   0.00, D =9075.91 @  1.54 Rp,12.07 MLT; DPS:   0.00
        1: P =   0.17, D =   6.62 @  5.72 Rp,11.31 MLT; DPS:  -0.74
        2: P =   3.07, D =   0.28 @  3.95 Rp,23.13 MLT; DPS:  -5.16
[0m [32m<Writing HDF5 DATA @ t =    16.667 [min] >[0m 
[32m<Writing RAIJU HDF5 DATA @ t =    16.750 [min] >[0m 
 [36m
 GAMERA
      Time =    16.751 [min]
        ts =    14699
        dt =  8.41E-02 [sec]
    dt/dt0 =   70.644%
    Spent     0.0% of time waiting for Voltron
      kZCs =   3584.39 /   1436.24 [MHD/TOT] (8 threads)
[0m       CPCP =   70.285  70.741 [kV, N/S]
 [34m
 VOLTRON
      UT   = 2001-06-01 23:16:45
      tilt =    0.000 [deg]
    Sym-H  =   -5.000 [nT]
    BSDst  ~   18.410 [nT]
           dSMRs  ~     0.28   -0.16   -0.20    0.08 [nT, 12/18/00/06]
   DPSDst  ~   -4.911 [nT]
   Spent    44.5% of time waiting for Gamera
            11.2% of time processing Chimp(Helpers)
             9.0% of time processing IMAG
            13.1% of time processing Remix
            22.0% of time processing Tubes(Helpers)
             0.0% of time writing files
    Running @   77.750% of real-time (8 threads)
[0m  [35m
 RAIJU
      UT   = 2001-06-01 23:16:50
      Time =    16.833 [min]
     dtCpl =  5.00E+00 [sec]
     Max/Min dt @ k:
        Max 4.08E+01 [sec] @ 57
        Min 1.38E-01 [sec] @ 160
     Flav : max Press/Den @ L,MLT; DPS-dst
        0: P =   0.00, D =9075.91 @  1.54 Rp,12.07 MLT; DPS:   0.00
        1: P =   0.14, D =   6.53 @  7.97 Rp,13.53 MLT; DPS:  -0.73
        2: P =   3.07, D =   0.28 @  3.95 Rp,23.27 MLT; DPS:  -5.15
[0m [32m<Writing HDF5 DATA @ t =    16.751 [min] >[0m 
[32m<Writing RAIJU HDF5 DATA @ t =    16.833 [min] >[0m 
 [36m
 GAMERA
      Time =    16.834 [min]
        ts =    14758
        dt =  8.41E-02 [sec]
    dt/dt0 =   70.649%
    Spent     0.0% of time waiting for Voltron
      kZCs =   3584.49 /   1423.04 [MHD/TOT] (8 threads)
[0m       CPCP =   70.305  70.754 [kV, N/S]
 [34m
 VOLTRON
      UT   = 2001-06-01 23:16:50
      tilt =    0.000 [deg]
    Sym-H  =   -5.000 [nT]
    BSDst  ~   18.386 [nT]
           dSMRs  ~     0.29   -0.17   -0.21    0.08 [nT, 12/18/00/06]
   DPSDst  ~   -4.907 [nT]
   Spent    44.4% of time waiting for Gamera
            11.2% of time processing Chimp(Helpers)
             9.0% of time processing IMAG
            13.1% of time processing Remix
            22.0% of time processing Tubes(Helpers)
             0.0% of time writing files
    Running @   77.795% of real-time (8 threads)
[0m  [35m
 RAIJU
      UT   = 2001-06-01 23:16:55
      Time =    16.917 [min]
     dtCpl =  5.00E+00 [sec]
     Max/Min dt @ k:
        Max 4.07E+01 [sec] @ 57
        Min 1.38E-01 [sec] @ 160
     Flav : max Press/Den @ L,MLT; DPS-dst
        0: P =   0.00, D =9075.91 @  1.54 Rp,12.07 MLT; DPS:   0.00
        1: P =   0.14, D =   6.53 @  7.97 Rp,13.53 MLT; DPS:  -0.72
        2: P =   3.07, D =   0.28 @  3.95 Rp,23.33 MLT; DPS:  -5.15
[0m [32m<Writing HDF5 DATA @ t =    16.834 [min] >[0m 
[32m<Writing RAIJU HDF5 DATA @ t =    16.917 [min] >[0m 
 [36m
 GAMERA
      Time =    16.918 [min]
        ts =    14818
        dt =  8.41E-02 [sec]
    dt/dt0 =   70.660%
    Spent     0.0% of time waiting for Voltron
      kZCs =   3584.83 /   1436.54 [MHD/TOT] (8 threads)
[0m       CPCP =   70.266  70.772 [kV, N/S]
 [34m
 VOLTRON
      UT   = 2001-06-01 23:16:55
      tilt =    0.000 [deg]
    Sym-H  =   -5.000 [nT]
    BSDst  ~   18.362 [nT]
           dSMRs  ~     0.30   -0.17   -0.22    0.09 [nT, 12/18/00/06]
   DPSDst  ~   -4.905 [nT]
   Spent    44.5% of time waiting for Gamera
            11.2% of time processing Chimp(Helpers)
             9.0% of time processing IMAG
            13.1% of time processing Remix
            21.9% of time processing Tubes(Helpers)
             0.0% of time writing files
    Running @   77.885% of real-time (8 threads)
[0m  [35m
 RAIJU
      UT   = 2001-06-01 23:16:59
      Time =    17.000 [min]
     dtCpl =  5.00E+00 [sec]
     Max/Min dt @ k:
        Max 4.07E+01 [sec] @ 57
        Min 1.38E-01 [sec] @ 160
     Flav : max Press/Den @ L,MLT; DPS-dst
        0: P =   0.00, D =9075.91 @  1.54 Rp,12.07 MLT; DPS:   0.00
        1: P =   0.14, D =   6.52 @  7.97 Rp,13.53 MLT; DPS:  -0.72
        2: P =   3.07, D =   0.28 @  3.95 Rp,23.33 MLT; DPS:  -5.15
[0m [32m<Writing HDF5 DATA @ t =    16.918 [min] >[0m 
[32m<Writing RAIJU HDF5 DATA @ t =    17.000 [min] >[0m 
 [36m
 GAMERA
      Time =    17.001 [min]
        ts =    14877
        dt =  8.41E-02 [sec]
    dt/dt0 =   70.669%
    Spent     0.0% of time waiting for Voltron
      kZCs =   3583.60 /   1424.35 [MHD/TOT] (8 threads)
[0m       CPCP =   70.294  70.763 [kV, N/S]
 [34m
 VOLTRON
      UT   = 2001-06-01 23:17:00
      tilt =    0.000 [deg]
    Sym-H  =   -5.000 [nT]
    BSDst  ~   18.338 [nT]
           dSMRs  ~     0.30   -0.17   -0.22    0.09 [nT, 12/18/00/06]
   DPSDst  ~   -4.903 [nT]
   Spent    44.5% of time waiting for Gamera
            11.2% of time processing Chimp(Helpers)
             9.0% of time processing IMAG
            13.1% of time processing Remix
            21.9% of time processing Tubes(Helpers)
             0.0% of time writing files
    Running @   77.921% of real-time (8 threads)
[0m  [35m
 RAIJU
      UT   = 2001-06-01 23:17:05
      Time =    17.083 [min]
     dtCpl =  5.00E+00 [sec]
     Max/Min dt @ k:
        Max 4.06E+01 [sec] @ 57
        Min 1.38E-01 [sec] @ 160
     Flav : max Press/Den @ L,MLT; DPS-dst
        0: P =   0.00, D =9075.91 @  1.54 Rp,12.07 MLT; DPS:   0.00
        1: P =   0.14, D =   3.23 @ 10.98 Rp,24.00 MLT; DPS:  -0.72
        2: P =   3.07, D =   0.28 @  3.95 Rp,23.33 MLT; DPS:  -5.14
[0m [32m<Writing HDF5 DATA @ t =    17.001 [min] >[0m 
[32m<Writing RAIJU HDF5 DATA @ t =    17.083 [min] >[0m 
 [36m
 GAMERA
      Time =    17.084 [min]
        ts =    14936
        dt =  8.42E-02 [sec]
    dt/dt0 =   70.681%
    Spent     0.0% of time waiting for Voltron
      kZCs =   3585.08 /   1425.65 [MHD/TOT] (8 threads)
[0m       CPCP =   70.331  70.759 [kV, N/S]
 [34m
 VOLTRON
      UT   = 2001-06-01 23:17:05
      tilt =    0.000 [deg]
    Sym-H  =   -5.000 [nT]
    BSDst  ~   18.317 [nT]
           dSMRs  ~     0.31   -0.17   -0.23    0.10 [nT, 12/18/00/06]
   DPSDst  ~   -4.900 [nT]
   Spent    44.5% of time waiting for Gamera
            11.2% of time processing Chimp(Helpers)
             9.0% of time processing IMAG
            13.1% of time processing Remix
            21.9% of time processing Tubes(Helpers)
             0.0% of time writing files
    Running @   77.965% of real-time (8 threads)
[0m  [35m
 RAIJU
      UT   = 2001-06-01 23:17:10
      Time =    17.167 [min]
     dtCpl =  5.00E+00 [sec]
     Max/Min dt @ k:
        Max 4.06E+01 [sec] @ 57
        Min 1.38E-01 [sec] @ 160
     Flav : max Press/Den @ L,MLT; DPS-dst
        0: P =   0.00, D =9075.91 @  1.54 Rp,12.07 MLT; DPS:   0.00
        1: P =   0.14, D =   3.24 @ 11.01 Rp, 0.00 MLT; DPS:  -0.72
        2: P =   3.07, D =   0.28 @  3.95 Rp,23.33 MLT; DPS:  -5.14
[0m [32m<Writing HDF5 DATA @ t =    17.084 [min] >[0m 
[32m<Writing RAIJU HDF5 DATA @ t =    17.167 [min] >[0m 
 [36m
 GAMERA
      Time =    17.168 [min]
        ts =    14996
        dt =  8.42E-02 [sec]
    dt/dt0 =   70.691%
    Spent     0.0% of time waiting for Voltron
      kZCs =   3583.81 /   1437.43 [MHD/TOT] (8 threads)
[0m       CPCP =   70.401  70.765 [kV, N/S]
 [34m
 VOLTRON
      UT   = 2001-06-01 23:17:10
      tilt =    0.000 [deg]
    Sym-H  =   -5.000 [nT]
    BSDst  ~   18.297 [nT]
           dSMRs  ~     0.31   -0.17   -0.24    0.10 [nT, 12/18/00/06]
   DPSDst  ~   -4.900 [nT]
   Spent    44.5% of time waiting for Gamera
            11.2% of time processing Chimp(Helpers)
             9.0% of time processing IMAG
            13.1% of time processing Remix
            21.9% of time processing Tubes(Helpers)
             0.0% of time writing files
    Running @   77.996% of real-time (8 threads)
[0m  [35m
 RAIJU
      UT   = 2001-06-01 23:17:15
      Time =    17.250 [min]
     dtCpl =  5.00E+00 [sec]
     Max/Min dt @ k:
        Max 4.06E+01 [sec] @ 57
        Min 1.38E-01 [sec] @ 160
     Flav : max Press/Den @ L,MLT; DPS-dst
        0: P =   0.00, D =9075.91 @  1.54 Rp,12.07 MLT; DPS:   0.00
        1: P =   0.14, D =   3.25 @ 11.03 Rp, 0.01 MLT; DPS:  -0.72
        2: P =   3.07, D =   0.28 @  3.95 Rp,23.33 MLT; DPS:  -5.14
[0m [32m<Writing HDF5 DATA @ t =    17.168 [min] >[0m 
[32m<Writing RAIJU HDF5 DATA @ t =    17.250 [min] >[0m 
 [36m
 GAMERA
      Time =    17.250 [min]
        ts =    15055
        dt =  8.42E-02 [sec]
    dt/dt0 =   70.702%
    Spent     0.0% of time waiting for Voltron
      kZCs =   3584.04 /   1424.65 [MHD/TOT] (8 threads)
[0m       CPCP =   70.498  70.803 [kV, N/S]
 [34m
 VOLTRON
      UT   = 2001-06-01 23:17:15
      tilt =    0.000 [deg]
    Sym-H  =   -5.000 [nT]
    BSDst  ~   18.280 [nT]
           dSMRs  ~     0.32   -0.17   -0.25    0.11 [nT, 12/18/00/06]
   DPSDst  ~   -4.887 [nT]
   Spent    44.5% of time waiting for Gamera
            11.2% of time processing Chimp(Helpers)
             9.0% of time processing IMAG
            13.1% of time processing Remix
            21.9% of time processing Tubes(Helpers)
             0.0% of time writing files
    Running @   78.051% of real-time (8 threads)
[0m  [35m
 RAIJU
      UT   = 2001-06-01 23:17:20
      Time =    17.333 [min]
     dtCpl =  5.00E+00 [sec]
     Max/Min dt @ k:
        Max 4.04E+01 [sec] @ 57
        Min 1.38E-01 [sec] @ 160
     Flav : max Press/Den @ L,MLT; DPS-dst
        0: P =   0.00, D =9075.91 @  1.54 Rp,12.07 MLT; DPS:   0.00
        1: P =   0.14, D =   3.25 @ 11.06 Rp, 0.01 MLT; DPS:  -0.71
        2: P =   3.07, D =   0.28 @  3.95 Rp,23.33 MLT; DPS:  -5.14
[0m [32m<Writing HDF5 DATA @ t =    17.250 [min] >[0m 
[32m<Writing RAIJU HDF5 DATA @ t =    17.333 [min] >[0m 
 [36m
 GAMERA
      Time =    17.335 [min]
        ts =    15115
        dt =  8.42E-02 [sec]
    dt/dt0 =   70.717%
    Spent     0.0% of time waiting for Voltron
      kZCs =   3584.10 /   1440.21 [MHD/TOT] (8 threads)
[0m       CPCP =   70.600  70.884 [kV, N/S]
 [34m
 VOLTRON
      UT   = 2001-06-01 23:17:20
      tilt =    0.000 [deg]
    Sym-H  =   -5.000 [nT]
    BSDst  ~   18.267 [nT]
           dSMRs  ~     0.32   -0.17   -0.26    0.11 [nT, 12/18/00/06]
   DPSDst  ~   -4.884 [nT]
   Spent    44.6% of time waiting for Gamera
            11.2% of time processing Chimp(Helpers)
             9.0% of time processing IMAG
            13.1% of time processing Remix
            21.9% of time processing Tubes(Helpers)
             0.0% of time writing files
    Running @   78.126% of real-time (8 threads)
[0m  [35m
 RAIJU
      UT   = 2001-06-01 23:17:25
      Time =    17.417 [min]
     dtCpl =  5.00E+00 [sec]
     Max/Min dt @ k:
        Max 4.02E+01 [sec] @ 57
        Min 1.38E-01 [sec] @ 160
     Flav : max Press/Den @ L,MLT; DPS-dst
        0: P =   0.00, D =9075.91 @  1.54 Rp,12.07 MLT; DPS:   0.00
        1: P =   0.14, D =   3.25 @ 11.08 Rp, 0.02 MLT; DPS:  -0.71
        2: P =   3.08, D =   0.28 @  3.95 Rp,23.27 MLT; DPS:  -5.14
[0m [32m<Writing HDF5 DATA @ t =    17.335 [min] >[0m 
[32m<Writing RAIJU HDF5 DATA @ t =    17.417 [min] >[0m 
 [36m
 GAMERA
      Time =    17.417 [min]
        ts =    15174
        dt =  8.42E-02 [sec]
    dt/dt0 =   70.727%
    Spent     0.0% of time waiting for Voltron
      kZCs =   3581.98 /   1426.31 [MHD/TOT] (8 threads)
[0m       CPCP =   70.723  70.949 [kV, N/S]
 [34m
 VOLTRON
      UT   = 2001-06-01 23:17:25
      tilt =    0.000 [deg]
    Sym-H  =   -5.000 [nT]
    BSDst  ~   18.258 [nT]
           dSMRs  ~     0.32   -0.17   -0.27    0.11 [nT, 12/18/00/06]
   DPSDst  ~   -4.880 [nT]
   Spent    44.6% of time waiting for Gamera
            11.2% of time processing Chimp(Helpers)
             9.0% of time processing IMAG
            13.1% of time processing Remix
            21.9% of time processing Tubes(Helpers)
             0.0% of time writing files
    Running @   78.168% of real-time (8 threads)
[0m  [35m
 RAIJU
      UT   = 2001-06-01 23:17:30
      Time =    17.500 [min]
     dtCpl =  5.00E+00 [sec]
     Max/Min dt @ k:
        Max 3.98E+01 [sec] @ 57
        Min 1.38E-01 [sec] @ 160
     Flav : max Press/Den @ L,MLT; DPS-dst
        0: P =   0.00, D =9075.91 @  1.54 Rp,12.07 MLT; DPS:   0.00
        1: P =   0.14, D =   3.26 @ 11.10 Rp, 0.02 MLT; DPS:  -0.71
        2: P =   3.08, D =   0.28 @  3.95 Rp,23.27 MLT; DPS:  -5.13
[0m [32m<Writing HDF5 DATA @ t =    17.417 [min] >[0m 
[32m<Writing RAIJU HDF5 DATA @ t =    17.500 [min] >[0m 
 [36m
 GAMERA
      Time =    17.500 [min]
        ts =    15233
        dt =  8.42E-02 [sec]
    dt/dt0 =   70.733%
    Spent     0.0% of time waiting for Voltron
      kZCs =   3584.04 /   1427.48 [MHD/TOT] (8 threads)
[0m       CPCP =   70.868  70.952 [kV, N/S]
 [34m
 VOLTRON
      UT   = 2001-06-01 23:17:30
      tilt =    0.000 [deg]
    Sym-H  =   -5.000 [nT]
    BSDst  ~   18.251 [nT]
           dSMRs  ~     0.33   -0.17   -0.27    0.12 [nT, 12/18/00/06]
   DPSDst  ~   -4.877 [nT]
   Spent    44.5% of time waiting for Gamera
            11.2% of time processing Chimp(Helpers)
             9.0% of time processing IMAG
            13.1% of time processing Remix
            21.9% of time processing Tubes(Helpers)
             0.0% of time writing files
    Running @   78.222% of real-time (8 threads)
[0m  [35m
 RAIJU
      UT   = 2001-06-01 23:17:35
      Time =    17.583 [min]
     dtCpl =  5.00E+00 [sec]
     Max/Min dt @ k:
        Max 3.95E+01 [sec] @ 57
        Min 1.38E-01 [sec] @ 160
     Flav : max Press/Den @ L,MLT; DPS-dst
        0: P =   0.00, D =9075.91 @  1.54 Rp,12.07 MLT; DPS:   0.00
        1: P =   0.14, D =   3.26 @ 11.11 Rp, 0.02 MLT; DPS:  -0.70
        2: P =   3.08, D =   0.28 @  3.95 Rp,23.27 MLT; DPS:  -5.13
[0m [32m<Writing HDF5 DATA @ t =    17.500 [min] >[0m 
[32m<Writing RAIJU HDF5 DATA @ t =    17.583 [min] >[0m 
 [36m
 GAMERA
      Time =    17.584 [min]
        ts =    15293
        dt =  8.42E-02 [sec]
    dt/dt0 =   70.734%
    Spent     0.0% of time waiting for Voltron
      kZCs =   3584.83 /   1441.62 [MHD/TOT] (8 threads)
[0m       CPCP =   71.026  70.897 [kV, N/S]
 [34m
 VOLTRON
      UT   = 2001-06-01 23:17:35
      tilt =    0.000 [deg]
    Sym-H  =   -5.000 [nT]
    BSDst  ~   18.242 [nT]
           dSMRs  ~     0.33   -0.17   -0.28    0.12 [nT, 12/18/00/06]
   DPSDst  ~   -4.874 [nT]
   Spent    44.6% of time waiting for Gamera
            11.2% of time processing Chimp(Helpers)
             9.0% of time processing IMAG
            13.1% of time processing Remix
            21.9% of time processing Tubes(Helpers)
             0.0% of time writing files
    Running @   78.295% of real-time (8 threads)
[0m  [35m
 RAIJU
      UT   = 2001-06-01 23:17:40
      Time =    17.667 [min]
     dtCpl =  5.00E+00 [sec]
     Max/Min dt @ k:
        Max 3.93E+01 [sec] @ 57
        Min 1.38E-01 [sec] @ 160
     Flav : max Press/Den @ L,MLT; DPS-dst
        0: P =   0.00, D =9075.91 @  1.54 Rp,12.07 MLT; DPS:   0.00
        1: P =   0.14, D =   3.26 @ 11.13 Rp, 0.03 MLT; DPS:  -0.70
        2: P =   3.08, D =   0.28 @  3.95 Rp,23.27 MLT; DPS:  -5.13
[0m [32m<Writing HDF5 DATA @ t =    17.584 [min] >[0m 
[32m<Writing RAIJU HDF5 DATA @ t =    17.667 [min] >[0m 
 [36m
 GAMERA
      Time =    17.667 [min]
        ts =    15352
        dt =  8.42E-02 [sec]
    dt/dt0 =   70.735%
    Spent     0.0% of time waiting for Voltron
      kZCs =   3583.89 /   1428.39 [MHD/TOT] (8 threads)
[0m       CPCP =   71.145  70.847 [kV, N/S]
 [34m
 VOLTRON
      UT   = 2001-06-01 23:17:40
      tilt =    0.000 [deg]
    Sym-H  =   -5.000 [nT]
    BSDst  ~   18.226 [nT]
           dSMRs  ~     0.34   -0.17   -0.29    0.13 [nT, 12/18/00/06]
   DPSDst  ~   -4.876 [nT]
   Spent    44.6% of time waiting for Gamera
            11.2% of time processing Chimp(Helpers)
             9.0% of time processing IMAG
            13.1% of time processing Remix
            21.9% of time processing Tubes(Helpers)
             0.0% of time writing files
    Running @   78.331% of real-time (8 threads)
[0m  [35m
 RAIJU
      UT   = 2001-06-01 23:17:45
      Time =    17.750 [min]
     dtCpl =  5.00E+00 [sec]
     Max/Min dt @ k:
        Max 3.91E+01 [sec] @ 57
        Min 1.38E-01 [sec] @ 160
     Flav : max Press/Den @ L,MLT; DPS-dst
        0: P =   0.00, D =9075.91 @  1.54 Rp,12.07 MLT; DPS:   0.00
        1: P =   0.15, D =   5.80 @  6.88 Rp,11.42 MLT; DPS:  -0.70
        2: P =   3.08, D =   0.28 @  3.95 Rp,23.13 MLT; DPS:  -5.13
[0m [32m<Writing HDF5 DATA @ t =    17.667 [min] >[0m 
[32m<Writing RAIJU HDF5 DATA @ t =    17.750 [min] >[0m 
 [36m
 GAMERA
      Time =    17.750 [min]
        ts =    15411
        dt =  8.42E-02 [sec]
    dt/dt0 =   70.738%
    Spent     0.0% of time waiting for Voltron
      kZCs =   3582.86 /   1428.65 [MHD/TOT] (8 threads)
[0m       CPCP =   71.228  70.823 [kV, N/S]
 [34m
 VOLTRON
      UT   = 2001-06-01 23:17:45
      tilt =    0.000 [deg]
    Sym-H  =   -5.000 [nT]
    BSDst  ~   18.201 [nT]
           dSMRs  ~     0.34   -0.17   -0.30    0.13 [nT, 12/18/00/06]
   DPSDst  ~   -4.874 [nT]
   Spent    44.6% of time waiting for Gamera
            11.2% of time processing Chimp(Helpers)
             9.0% of time processing IMAG
            13.1% of time processing Remix
            21.9% of time processing Tubes(Helpers)
             0.0% of time writing files
    Running @   78.392% of real-time (8 threads)
[0m  [35m
 RAIJU
      UT   = 2001-06-01 23:17:50
      Time =    17.833 [min]
     dtCpl =  5.00E+00 [sec]
     Max/Min dt @ k:
        Max 3.88E+01 [sec] @ 57
        Min 1.38E-01 [sec] @ 160
     Flav : max Press/Den @ L,MLT; DPS-dst
        0: P =   0.00, D =9075.91 @  1.54 Rp,12.07 MLT; DPS:   0.00
        1: P =   0.15, D =   5.74 @  6.87 Rp,11.40 MLT; DPS:  -0.70
        2: P =   3.08, D =   0.28 @  3.95 Rp,23.13 MLT; DPS:  -5.13
[0m [32m<Writing HDF5 DATA @ t =    17.750 [min] >[0m 
[32m<Writing RAIJU HDF5 DATA @ t =    17.833 [min] >[0m 
 [36m
 GAMERA
      Time =    17.834 [min]
        ts =    15471
        dt =  8.42E-02 [sec]
    dt/dt0 =   70.740%
    Spent     0.0% of time waiting for Voltron
      kZCs =   3583.52 /   1442.30 [MHD/TOT] (8 threads)
[0m       CPCP =   71.257  70.824 [kV, N/S]
 [34m
 VOLTRON
      UT   = 2001-06-01 23:17:50
      tilt =    0.000 [deg]
    Sym-H  =   -5.000 [nT]
    BSDst  ~   18.175 [nT]
           dSMRs  ~     0.35   -0.17   -0.31    0.13 [nT, 12/18/00/06]
   DPSDst  ~   -4.872 [nT]
   Spent    44.6% of time waiting for Gamera
            11.2% of time processing Chimp(Helpers)
             9.0% of time processing IMAG
            13.1% of time processing Remix
            21.8% of time processing Tubes(Helpers)
             0.0% of time writing files
    Running @   78.461% of real-time (8 threads)
[0m  [35m
 RAIJU
      UT   = 2001-06-01 23:17:55
      Time =    17.917 [min]
     dtCpl =  5.00E+00 [sec]
     Max/Min dt @ k:
        Max 3.87E+01 [sec] @ 57
        Min 1.38E-01 [sec] @ 160
     Flav : max Press/Den @ L,MLT; DPS-dst
        0: P =   0.00, D =9075.91 @  1.54 Rp,12.07 MLT; DPS:   0.00
        1: P =   0.15, D =   3.27 @ 11.17 Rp, 0.04 MLT; DPS:  -0.70
        2: P =   3.08, D =   0.28 @  3.95 Rp,23.13 MLT; DPS:  -5.13
[0m [32m<Writing HDF5 DATA @ t =    17.834 [min] >[0m 
[32m<Writing RAIJU HDF5 DATA @ t =    17.917 [min] >[0m 
 [36m
 GAMERA
      Time =    17.917 [min]
        ts =    15530
        dt =  8.42E-02 [sec]
    dt/dt0 =   70.743%
    Spent     0.0% of time waiting for Voltron
      kZCs =   3583.30 /   1425.61 [MHD/TOT] (8 threads)
[0m       CPCP =   71.292  70.812 [kV, N/S]
 [34m
 VOLTRON
      UT   = 2001-06-01 23:17:55
      tilt =    0.000 [deg]
    Sym-H  =   -5.000 [nT]
    BSDst  ~   18.152 [nT]
           dSMRs  ~     0.36   -0.17   -0.32    0.13 [nT, 12/18/00/06]
   DPSDst  ~   -4.869 [nT]
   Spent    44.6% of time waiting for Gamera
            11.2% of time processing Chimp(Helpers)
             9.0% of time processing IMAG
            13.1% of time processing Remix
            21.8% of time processing Tubes(Helpers)
             0.0% of time writing files
    Running @   78.491% of real-time (8 threads)
[0m  [35m
 RAIJU
      UT   = 2001-06-01 23:17:59
      Time =    18.000 [min]
     dtCpl =  5.00E+00 [sec]
     Max/Min dt @ k:
        Max 3.86E+01 [sec] @ 57
        Min 1.38E-01 [sec] @ 160
     Flav : max Press/Den @ L,MLT; DPS-dst
        0: P =   0.00, D =9075.91 @  1.54 Rp,12.07 MLT; DPS:   0.00
        1: P =   0.15, D =   3.27 @ 11.18 Rp, 0.04 MLT; DPS:  -0.70
        2: P =   3.08, D =   0.28 @  3.95 Rp,23.07 MLT; DPS:  -5.13
[0m [32m<Writing HDF5 DATA @ t =    17.917 [min] >[0m 
[32m<Writing RAIJU HDF5 DATA @ t =    18.000 [min] >[0m 
 [36m
 GAMERA
      Time =    18.001 [min]
        ts =    15590
        dt =  8.42E-02 [sec]
    dt/dt0 =   70.747%
    Spent     0.0% of time waiting for Voltron
      kZCs =   3582.80 /   1442.37 [MHD/TOT] (8 threads)
[0m       CPCP =   71.346  70.763 [kV, N/S]
 [34m
 VOLTRON
      UT   = 2001-06-01 23:18:00
      tilt =    0.000 [deg]
    Sym-H  =   -5.000 [nT]
    BSDst  ~   18.128 [nT]
           dSMRs  ~     0.37   -0.17   -0.33    0.13 [nT, 12/18/00/06]
   DPSDst  ~   -4.860 [nT]
   Spent    44.7% of time waiting for Gamera
            11.2% of time processing Chimp(Helpers)
             9.0% of time processing IMAG
            13.1% of time processing Remix
            21.8% of time processing Tubes(Helpers)
             0.0% of time writing files
    Running @   78.572% of real-time (8 threads)
[0m  [35m
 RAIJU
      UT   = 2001-06-01 23:18:05
      Time =    18.083 [min]
     dtCpl =  5.00E+00 [sec]
     Max/Min dt @ k:
        Max 3.84E+01 [sec] @ 57
        Min 1.38E-01 [sec] @ 160
     Flav : max Press/Den @ L,MLT; DPS-dst
        0: P =   0.00, D =9075.91 @  1.54 Rp,12.07 MLT; DPS:   0.00
        1: P =   0.15, D =   3.27 @ 11.19 Rp, 0.05 MLT; DPS:  -0.69
        2: P =   3.08, D =   0.28 @  3.95 Rp,23.07 MLT; DPS:  -5.13
[0m [32m<Writing HDF5 DATA @ t =    18.001 [min] >[0m 
[32m<Writing RAIJU HDF5 DATA @ t =    18.083 [min] >[0m 
 [36m
 GAMERA
      Time =    18.084 [min]
        ts =    15649
        dt =  8.42E-02 [sec]
    dt/dt0 =   70.750%
    Spent     0.0% of time waiting for Voltron
      kZCs =   3582.12 /   1429.87 [MHD/TOT] (8 threads)
[0m       CPCP =   71.411  70.696 [kV, N/S]
 [34m
 VOLTRON
      UT   = 2001-06-01 23:18:05
      tilt =    0.000 [deg]
    Sym-H  =   -5.000 [nT]
    BSDst  ~   18.106 [nT]
           dSMRs  ~     0.38   -0.17   -0.35    0.14 [nT, 12/18/00/06]
   DPSDst  ~   -4.856 [nT]
   Spent    44.7% of time waiting for Gamera
            11.2% of time processing Chimp(Helpers)
             9.0% of time processing IMAG
            13.1% of time processing Remix
            21.8% of time processing Tubes(Helpers)
             0.0% of time writing files
    Running @   78.610% of real-time (8 threads)
[0m  [35m
 RAIJU
      UT   = 2001-06-01 23:18:10
      Time =    18.167 [min]
     dtCpl =  5.00E+00 [sec]
     Max/Min dt @ k:
        Max 3.83E+01 [sec] @ 57
        Min 1.38E-01 [sec] @ 160
     Flav : max Press/Den @ L,MLT; DPS-dst
        0: P =   0.00, D =9075.91 @  1.54 Rp,12.07 MLT; DPS:   0.00
        1: P =   0.15, D =   3.27 @ 11.21 Rp, 0.05 MLT; DPS:  -0.69
        2: P =   3.08, D =   0.28 @  3.95 Rp,23.07 MLT; DPS:  -5.12
[0m [32m<Writing HDF5 DATA @ t =    18.084 [min] >[0m 
[32m<Writing RAIJU HDF5 DATA @ t =    18.167 [min] >[0m 
 [36m
 GAMERA
      Time =    18.167 [min]
        ts =    15708
        dt =  8.42E-02 [sec]
    dt/dt0 =   70.753%
    Spent     0.0% of time waiting for Voltron
      kZCs =   3584.63 /   1426.35 [MHD/TOT] (8 threads)
[0m       CPCP =   71.486  70.644 [kV, N/S]
 [34m
 VOLTRON
      UT   = 2001-06-01 23:18:10
      tilt =    0.000 [deg]
    Sym-H  =   -5.000 [nT]
    BSDst  ~   18.088 [nT]
           dSMRs  ~     0.39   -0.17   -0.36    0.14 [nT, 12/18/00/06]
   DPSDst  ~   -4.858 [nT]
   Spent    44.6% of time waiting for Gamera
            11.2% of time processing Chimp(Helpers)
             9.0% of time processing IMAG
            13.2% of time processing Remix
            21.8% of time processing Tubes(Helpers)
             0.0% of time writing files
    Running @   78.651% of real-time (8 threads)
[0m  [35m
 RAIJU
      UT   = 2001-06-01 23:18:15
      Time =    18.250 [min]
     dtCpl =  5.00E+00 [sec]
     Max/Min dt @ k:
        Max 3.82E+01 [sec] @ 57
        Min 1.38E-01 [sec] @ 160
     Flav : max Press/Den @ L,MLT; DPS-dst
        0: P =   0.00, D =9075.91 @  1.54 Rp,12.07 MLT; DPS:   0.00
        1: P =   0.15, D =   3.27 @ 11.22 Rp, 0.05 MLT; DPS:  -0.69
        2: P =   3.08, D =   0.28 @  3.95 Rp,23.07 MLT; DPS:  -5.12
[0m [32m<Writing HDF5 DATA @ t =    18.167 [min] >[0m 
[32m<Writing RAIJU HDF5 DATA @ t =    18.250 [min] >[0m 
 [36m
 GAMERA
      Time =    18.251 [min]
        ts =    15768
        dt =  8.42E-02 [sec]
    dt/dt0 =   70.752%
    Spent     0.0% of time waiting for Voltron
      kZCs =   3584.54 /   1440.00 [MHD/TOT] (8 threads)
[0m       CPCP =   71.498  70.609 [kV, N/S]
 [34m
 VOLTRON
      UT   = 2001-06-01 23:18:15
      tilt =    0.000 [deg]
    Sym-H  =   -5.000 [nT]
    BSDst  ~   18.074 [nT]
           dSMRs  ~     0.41   -0.17   -0.38    0.14 [nT, 12/18/00/06]
   DPSDst  ~   -4.849 [nT]
   Spent    44.7% of time waiting for Gamera
            11.2% of time processing Chimp(Helpers)
             9.0% of time processing IMAG
            13.2% of time processing Remix
            21.7% of time processing Tubes(Helpers)
             0.0% of time writing files
    Running @   78.715% of real-time (8 threads)
[0m  [35m
 RAIJU
      UT   = 2001-06-01 23:18:20
      Time =    18.333 [min]
     dtCpl =  5.00E+00 [sec]
     Max/Min dt @ k:
        Max 3.81E+01 [sec] @ 57
        Min 1.38E-01 [sec] @ 160
     Flav : max Press/Den @ L,MLT; DPS-dst
        0: P =   0.00, D =9075.91 @  1.54 Rp,12.07 MLT; DPS:   0.00
        1: P =   0.15, D =   3.26 @ 11.24 Rp, 0.06 MLT; DPS:  -0.69
        2: P =   3.08, D =   0.28 @  3.95 Rp,23.07 MLT; DPS:  -5.12
[0m [32m<Writing HDF5 DATA @ t =    18.251 [min] >[0m 
[32m<Writing RAIJU HDF5 DATA @ t =    18.333 [min] >[0m 
 [36m
 GAMERA
      Time =    18.334 [min]
        ts =    15827
        dt =  8.42E-02 [sec]
    dt/dt0 =   70.752%
    Spent     0.0% of time waiting for Voltron
      kZCs =   3584.34 /   1429.71 [MHD/TOT] (8 threads)
[0m       CPCP =   71.514  70.631 [kV, N/S]
 [34m
 VOLTRON
      UT   = 2001-06-01 23:18:20
      tilt =    0.000 [deg]
    Sym-H  =   -5.000 [nT]
    BSDst  ~   18.061 [nT]
           dSMRs  ~     0.42   -0.17   -0.39    0.14 [nT, 12/18/00/06]
   DPSDst  ~   -4.846 [nT]
   Spent    44.7% of time waiting for Gamera
            11.2% of time processing Chimp(Helpers)
             9.0% of time processing IMAG
            13.2% of time processing Remix
            21.7% of time processing Tubes(Helpers)
             0.0% of time writing files
    Running @   78.756% of real-time (8 threads)
[0m  [35m
 RAIJU
      UT   = 2001-06-01 23:18:25
      Time =    18.417 [min]
     dtCpl =  5.00E+00 [sec]
     Max/Min dt @ k:
        Max 3.79E+01 [sec] @ 57
        Min 1.38E-01 [sec] @ 160
     Flav : max Press/Den @ L,MLT; DPS-dst
        0: P =   0.00, D =9075.91 @  1.54 Rp,12.07 MLT; DPS:   0.00
        1: P =   0.14, D =   3.26 @ 11.25 Rp, 0.06 MLT; DPS:  -0.68
        2: P =   3.08, D =   0.28 @  3.95 Rp,23.07 MLT; DPS:  -5.12
[0m [32m<Writing HDF5 DATA @ t =    18.334 [min] >[0m 
[32m<Writing RAIJU HDF5 DATA @ t =    18.417 [min] >[0m 
 [36m
 GAMERA
      Time =    18.417 [min]
        ts =    15886
        dt =  8.42E-02 [sec]
    dt/dt0 =   70.754%
    Spent     0.0% of time waiting for Voltron
      kZCs =   3583.01 /   1430.32 [MHD/TOT] (8 threads)
[0m       CPCP =   71.549  70.665 [kV, N/S]
 [34m
 VOLTRON
      UT   = 2001-06-01 23:18:25
      tilt =    0.000 [deg]
    Sym-H  =   -5.000 [nT]
    BSDst  ~   18.048 [nT]
           dSMRs  ~     0.42   -0.16   -0.40    0.14 [nT, 12/18/00/06]
   DPSDst  ~   -4.843 [nT]
   Spent    44.6% of time waiting for Gamera
            11.2% of time processing Chimp(Helpers)
             9.0% of time processing IMAG
            13.2% of time processing Remix
            21.8% of time processing Tubes(Helpers)
             0.0% of time writing files
    Running @   78.766% of real-time (8 threads)
[0m  [35m
 RAIJU
      UT   = 2001-06-01 23:18:30
      Time =    18.500 [min]
     dtCpl =  5.00E+00 [sec]
     Max/Min dt @ k:
        Max 3.78E+01 [sec] @ 57
        Min 1.38E-01 [sec] @ 160
     Flav : max Press/Den @ L,MLT; DPS-dst
        0: P =   0.00, D =9075.91 @  1.54 Rp,12.07 MLT; DPS:   0.00
        1: P =   0.14, D =   3.25 @ 11.27 Rp, 0.06 MLT; DPS:  -0.68
        2: P =   3.08, D =   0.28 @  3.95 Rp,22.80 MLT; DPS:  -5.12
[0m [32m<Writing HDF5 DATA @ t =    18.417 [min] >[0m 
[32m<Writing RAIJU HDF5 DATA @ t =    18.500 [min] >[0m 
 [36m
 GAMERA
      Time =    18.501 [min]
        ts =    15946
        dt =  8.42E-02 [sec]
    dt/dt0 =   70.759%
    Spent     0.0% of time waiting for Voltron
      kZCs =   3584.10 /   1445.46 [MHD/TOT] (8 threads)
[0m       CPCP =   71.595  70.696 [kV, N/S]
 [34m
 VOLTRON
      UT   = 2001-06-01 23:18:30
      tilt =    0.000 [deg]
    Sym-H  =   -5.000 [nT]
    BSDst  ~   18.032 [nT]
           dSMRs  ~     0.43   -0.16   -0.41    0.14 [nT, 12/18/00/06]
   DPSDst  ~   -4.840 [nT]
   Spent    44.7% of time waiting for Gamera
            11.2% of time processing Chimp(Helpers)
             9.0% of time processing IMAG
            13.1% of time processing Remix
            21.7% of time processing Tubes(Helpers)
             0.0% of time writing files
    Running @   78.834% of real-time (8 threads)
[0m  [35m
 RAIJU
      UT   = 2001-06-01 23:18:35
      Time =    18.583 [min]
     dtCpl =  5.00E+00 [sec]
     Max/Min dt @ k:
        Max 3.76E+01 [sec] @ 57
        Min 1.38E-01 [sec] @ 160
     Flav : max Press/Den @ L,MLT; DPS-dst
        0: P =   0.00, D =9075.91 @  1.54 Rp,12.07 MLT; DPS:   0.00
        1: P =   0.14, D =   3.25 @ 11.29 Rp, 0.07 MLT; DPS:  -0.68
        2: P =   3.08, D =   0.28 @  3.95 Rp,22.07 MLT; DPS:  -5.12
[0m [32m<Writing HDF5 DATA @ t =    18.501 [min] >[0m 
[32m<Writing RAIJU HDF5 DATA @ t =    18.583 [min] >[0m 
 [36m
 GAMERA
      Time =    18.584 [min]
        ts =    16005
        dt =  8.43E-02 [sec]
    dt/dt0 =   70.763%
    Spent     0.0% of time waiting for Voltron
      kZCs =   3582.57 /   1431.47 [MHD/TOT] (8 threads)
[0m       CPCP =   71.659  70.717 [kV, N/S]
 [34m
 VOLTRON
      UT   = 2001-06-01 23:18:35
      tilt =    0.000 [deg]
    Sym-H  =   -5.000 [nT]
    BSDst  ~   18.013 [nT]
           dSMRs  ~     0.44   -0.15   -0.42    0.14 [nT, 12/18/00/06]
   DPSDst  ~   -4.835 [nT]
   Spent    44.7% of time waiting for Gamera
            11.2% of time processing Chimp(Helpers)
             9.0% of time processing IMAG
            13.1% of time processing Remix
            21.7% of time processing Tubes(Helpers)
             0.0% of time writing files
    Running @   78.885% of real-time (8 threads)
[0m  [35m
 RAIJU
      UT   = 2001-06-01 23:18:40
      Time =    18.667 [min]
     dtCpl =  5.00E+00 [sec]
     Max/Min dt @ k:
        Max 3.75E+01 [sec] @ 57
        Min 1.38E-01 [sec] @ 160
     Flav : max Press/Den @ L,MLT; DPS-dst
        0: P =   0.00, D =9075.91 @  1.54 Rp,12.07 MLT; DPS:   0.00
        1: P =   0.14, D =   3.24 @ 11.31 Rp, 0.07 MLT; DPS:  -0.68
        2: P =   3.08, D =   0.28 @  3.95 Rp,22.07 MLT; DPS:  -5.11
[0m [32m<Writing HDF5 DATA @ t =    18.584 [min] >[0m 
[32m<Writing RAIJU HDF5 DATA @ t =    18.667 [min] >[0m 
 [36m
 GAMERA
      Time =    18.667 [min]
        ts =    16064
        dt =  8.43E-02 [sec]
    dt/dt0 =   70.766%
    Spent     0.0% of time waiting for Voltron
      kZCs =   3584.04 /   1430.93 [MHD/TOT] (8 threads)
[0m       CPCP =   71.717  70.722 [kV, N/S]
 [34m
 VOLTRON
      UT   = 2001-06-01 23:18:40
      tilt =    0.000 [deg]
    Sym-H  =   -5.000 [nT]
    BSDst  ~   17.991 [nT]
           dSMRs  ~     0.45   -0.15   -0.44    0.14 [nT, 12/18/00/06]
   DPSDst  ~   -4.835 [nT]
   Spent    44.7% of time waiting for Gamera
            11.2% of time processing Chimp(Helpers)
             9.0% of time processing IMAG
            13.1% of time processing Remix
            21.7% of time processing Tubes(Helpers)
             0.0% of time writing files
    Running @   78.912% of real-time (8 threads)
[0m  [35m
 RAIJU
      UT   = 2001-06-01 23:18:45
      Time =    18.750 [min]
     dtCpl =  5.00E+00 [sec]
     Max/Min dt @ k:
        Max 3.73E+01 [sec] @ 57
        Min 1.38E-01 [sec] @ 160
     Flav : max Press/Den @ L,MLT; DPS-dst
        0: P =   0.00, D =9075.91 @  1.54 Rp,12.07 MLT; DPS:   0.00
        1: P =   0.14, D =   3.23 @ 11.33 Rp, 0.07 MLT; DPS:  -0.67
        2: P =   3.08, D =   0.28 @  3.95 Rp,22.00 MLT; DPS:  -5.11
[0m [32m<Writing HDF5 DATA @ t =    18.667 [min] >[0m 
[32m<Writing RAIJU HDF5 DATA @ t =    18.750 [min] >[0m 
 [36m
 GAMERA
      Time =    18.751 [min]
        ts =    16124
        dt =  8.43E-02 [sec]
    dt/dt0 =   70.769%
    Spent     0.0% of time waiting for Voltron
      kZCs =   3583.23 /   1446.19 [MHD/TOT] (8 threads)
[0m       CPCP =   71.772  70.731 [kV, N/S]
 [34m
 VOLTRON
      UT   = 2001-06-01 23:18:45
      tilt =    0.000 [deg]
    Sym-H  =   -5.000 [nT]
    BSDst  ~   17.967 [nT]
           dSMRs  ~     0.45   -0.15   -0.45    0.14 [nT, 12/18/00/06]
   DPSDst  ~   -4.834 [nT]
   Spent    44.7% of time waiting for Gamera
            11.2% of time processing Chimp(Helpers)
             9.0% of time processing IMAG
            13.1% of time processing Remix
            21.7% of time processing Tubes(Helpers)
             0.0% of time writing files
    Running @   78.963% of real-time (8 threads)
[0m  [35m
 RAIJU
      UT   = 2001-06-01 23:18:50
      Time =    18.833 [min]
     dtCpl =  5.00E+00 [sec]
     Max/Min dt @ k:
        Max 3.72E+01 [sec] @ 57
        Min 1.38E-01 [sec] @ 160
     Flav : max Press/Den @ L,MLT; DPS-dst
        0: P =   0.00, D =9075.91 @  1.54 Rp,12.07 MLT; DPS:   0.00
        1: P =   0.14, D =   3.23 @ 11.35 Rp, 0.08 MLT; DPS:  -0.67
        2: P =   3.08, D =   0.28 @  3.95 Rp,22.00 MLT; DPS:  -5.11
[0m [32m<Writing HDF5 DATA @ t =    18.751 [min] >[0m 
[32m<Writing RAIJU HDF5 DATA @ t =    18.833 [min] >[0m 
 [36m
 GAMERA
      Time =    18.834 [min]
        ts =    16183
        dt =  8.43E-02 [sec]
    dt/dt0 =   70.773%
    Spent     0.0% of time waiting for Voltron
      kZCs =   3582.42 /   1432.55 [MHD/TOT] (8 threads)
[0m       CPCP =   71.853  70.775 [kV, N/S]
 [34m
 VOLTRON
      UT   = 2001-06-01 23:18:50
      tilt =    0.000 [deg]
    Sym-H  =   -5.000 [nT]
    BSDst  ~   17.947 [nT]
           dSMRs  ~     0.46   -0.15   -0.46    0.15 [nT, 12/18/00/06]
   DPSDst  ~   -4.828 [nT]
   Spent    44.7% of time waiting for Gamera
            11.2% of time processing Chimp(Helpers)
             9.0% of time processing IMAG
            13.1% of time processing Remix
            21.7% of time processing Tubes(Helpers)
             0.0% of time writing files
    Running @   78.966% of real-time (8 threads)
[0m  [35m
 RAIJU
      UT   = 2001-06-01 23:18:55
      Time =    18.917 [min]
     dtCpl =  5.00E+00 [sec]
     Max/Min dt @ k:
        Max 3.71E+01 [sec] @ 57
        Min 1.38E-01 [sec] @ 160
     Flav : max Press/Den @ L,MLT; DPS-dst
        0: P =   0.00, D =9075.91 @  1.54 Rp,12.07 MLT; DPS:   0.00
        1: P =   0.14, D =   3.22 @ 11.37 Rp, 0.08 MLT; DPS:  -0.67
        2: P =   3.08, D =   0.28 @  3.95 Rp,22.00 MLT; DPS:  -5.11
[0m [32m<Writing HDF5 DATA @ t =    18.834 [min] >[0m 
[32m<Writing RAIJU HDF5 DATA @ t =    18.917 [min] >[0m 
 [36m
 GAMERA
      Time =    18.917 [min]
        ts =    16242
        dt =  8.43E-02 [sec]
    dt/dt0 =   70.772%
    Spent     0.0% of time waiting for Voltron
      kZCs =   3584.93 /   1433.97 [MHD/TOT] (8 threads)
[0m       CPCP =   71.978  70.859 [kV, N/S]
 [34m
 VOLTRON
      UT   = 2001-06-01 23:18:55
      tilt =    0.000 [deg]
    Sym-H  =   -5.000 [nT]
    BSDst  ~   17.927 [nT]
           dSMRs  ~     0.47   -0.15   -0.46    0.15 [nT, 12/18/00/06]
   DPSDst  ~   -4.823 [nT]
   Spent    44.7% of time waiting for Gamera
            11.2% of time processing Chimp(Helpers)
             9.0% of time processing IMAG
            13.1% of time processing Remix
            21.7% of time processing Tubes(Helpers)
             0.0% of time writing files
    Running @   79.012% of real-time (8 threads)
[0m  [35m
 RAIJU
      UT   = 2001-06-01 23:18:59
      Time =    19.000 [min]
     dtCpl =  5.00E+00 [sec]
     Max/Min dt @ k:
        Max 3.69E+01 [sec] @ 57
        Min 1.38E-01 [sec] @ 160
     Flav : max Press/Den @ L,MLT; DPS-dst
        0: P =   0.00, D =9075.91 @  1.54 Rp,12.07 MLT; DPS:   0.00
        1: P =   0.14, D =   3.21 @ 11.39 Rp, 0.08 MLT; DPS:  -0.67
        2: P =   3.09, D =   0.28 @  3.95 Rp,22.00 MLT; DPS:  -5.11
[0m [32m<Writing HDF5 DATA @ t =    18.917 [min] >[0m 
[32m<Writing RAIJU HDF5 DATA @ t =    19.000 [min] >[0m 
 [36m
 GAMERA
      Time =    19.001 [min]
        ts =    16302
        dt =  8.43E-02 [sec]
    dt/dt0 =   70.766%
    Spent     0.0% of time waiting for Voltron
      kZCs =   3585.27 /   1447.09 [MHD/TOT] (8 threads)
[0m       CPCP =   72.144  70.932 [kV, N/S]
 [34m
 VOLTRON
      UT   = 2001-06-01 23:19:00
      tilt =    0.000 [deg]
    Sym-H  =   -5.000 [nT]
    BSDst  ~   17.909 [nT]
           dSMRs  ~     0.48   -0.16   -0.47    0.15 [nT, 12/18/00/06]
   DPSDst  ~   -4.823 [nT]
   Spent    44.8% of time waiting for Gamera
            11.2% of time processing Chimp(Helpers)
             9.0% of time processing IMAG
            13.0% of time processing Remix
            21.7% of time processing Tubes(Helpers)
             0.0% of time writing files
    Running @   79.074% of real-time (8 threads)
[0m  [35m
 RAIJU
      UT   = 2001-06-01 23:19:05
      Time =    19.083 [min]
     dtCpl =  5.00E+00 [sec]
     Max/Min dt @ k:
        Max 3.67E+01 [sec] @ 57
        Min 1.38E-01 [sec] @ 160
     Flav : max Press/Den @ L,MLT; DPS-dst
        0: P =   0.00, D =9075.91 @  1.54 Rp,12.07 MLT; DPS:   0.00
        1: P =   0.14, D =   3.20 @ 11.41 Rp, 0.08 MLT; DPS:  -0.67
        2: P =   3.09, D =   0.28 @  3.95 Rp,22.00 MLT; DPS:  -5.11
[0m [32m<Writing HDF5 DATA @ t =    19.001 [min] >[0m 
[32m<Writing RAIJU HDF5 DATA @ t =    19.083 [min] >[0m 
 [36m
 GAMERA
      Time =    19.084 [min]
        ts =    16361
        dt =  8.42E-02 [sec]
    dt/dt0 =   70.755%
    Spent     0.0% of time waiting for Voltron
      kZCs =   3582.12 /   1434.30 [MHD/TOT] (8 threads)
[0m       CPCP =   72.322  70.979 [kV, N/S]
 [34m
 VOLTRON
      UT   = 2001-06-01 23:19:05
      tilt =    0.000 [deg]
    Sym-H  =   -5.000 [nT]
    BSDst  ~   17.894 [nT]
           dSMRs  ~     0.49   -0.16   -0.49    0.15 [nT, 12/18/00/06]
   DPSDst  ~   -4.818 [nT]
   Spent    44.8% of time waiting for Gamera
            11.2% of time processing Chimp(Helpers)
             9.0% of time processing IMAG
            13.0% of time processing Remix
            21.7% of time processing Tubes(Helpers)
             0.0% of time writing files
    Running @   79.120% of real-time (8 threads)
[0m  [35m
 RAIJU
      UT   = 2001-06-01 23:19:10
      Time =    19.167 [min]
     dtCpl =  5.00E+00 [sec]
     Max/Min dt @ k:
        Max 3.65E+01 [sec] @ 57
        Min 1.38E-01 [sec] @ 160
     Flav : max Press/Den @ L,MLT; DPS-dst
        0: P =   0.00, D =9075.91 @  1.54 Rp,12.07 MLT; DPS:   0.00
        1: P =   0.14, D =   3.18 @ 11.25 Rp,23.90 MLT; DPS:  -0.66
        2: P =   3.09, D =   0.28 @  3.95 Rp,22.00 MLT; DPS:  -5.11
[0m [32m<Writing HDF5 DATA @ t =    19.084 [min] >[0m 
[32m<Writing RAIJU HDF5 DATA @ t =    19.167 [min] >[0m 
 [36m
 GAMERA
      Time =    19.167 [min]
        ts =    16420
        dt =  8.42E-02 [sec]
    dt/dt0 =   70.738%
    Spent     0.0% of time waiting for Voltron
      kZCs =   3583.89 /   1433.97 [MHD/TOT] (8 threads)
[0m       CPCP =   72.511  71.055 [kV, N/S]
 [34m
 VOLTRON
      UT   = 2001-06-01 23:19:10
      tilt =    0.000 [deg]
    Sym-H  =   -5.000 [nT]
    BSDst  ~   17.880 [nT]
           dSMRs  ~     0.50   -0.15   -0.50    0.15 [nT, 12/18/00/06]
   DPSDst  ~   -4.821 [nT]
   Spent    44.8% of time waiting for Gamera
            11.2% of time processing Chimp(Helpers)
             9.0% of time processing IMAG
            13.0% of time processing Remix
            21.8% of time processing Tubes(Helpers)
             0.0% of time writing files
    Running @   79.168% of real-time (8 threads)
[0m  [35m
 RAIJU
      UT   = 2001-06-01 23:19:15
      Time =    19.250 [min]
     dtCpl =  5.00E+00 [sec]
     Max/Min dt @ k:
        Max 3.63E+01 [sec] @ 57
        Min 1.38E-01 [sec] @ 160
     Flav : max Press/Den @ L,MLT; DPS-dst
        0: P =   0.00, D =9075.91 @  1.54 Rp,12.07 MLT; DPS:   0.00
        1: P =   0.14, D =   5.27 @  7.46 Rp,11.65 MLT; DPS:  -0.66
        2: P =   3.09, D =   0.28 @  3.95 Rp,22.00 MLT; DPS:  -5.11
[0m [32m<Writing HDF5 DATA @ t =    19.167 [min] >[0m 
[32m<Writing RAIJU HDF5 DATA @ t =    19.250 [min] >[0m 
 [36m
 GAMERA
      Time =    19.251 [min]
        ts =    16480
        dt =  8.42E-02 [sec]
    dt/dt0 =   70.715%
    Spent     0.0% of time waiting for Voltron
      kZCs =   3582.94 /   1447.82 [MHD/TOT] (8 threads)
[0m       CPCP =   72.675  71.158 [kV, N/S]
 [34m
 VOLTRON
      UT   = 2001-06-01 23:19:15
      tilt =    0.000 [deg]
    Sym-H  =   -5.000 [nT]
    BSDst  ~   17.866 [nT]
           dSMRs  ~     0.51   -0.15   -0.51    0.15 [nT, 12/18/00/06]
   DPSDst  ~   -4.812 [nT]
   Spent    44.8% of time waiting for Gamera
            11.2% of time processing Chimp(Helpers)
             9.0% of time processing IMAG
            13.0% of time processing Remix
            21.7% of time processing Tubes(Helpers)
             0.0% of time writing files
    Running @   79.235% of real-time (8 threads)
[0m  [35m
 RAIJU
      UT   = 2001-06-01 23:19:20
      Time =    19.333 [min]
     dtCpl =  5.00E+00 [sec]
     Max/Min dt @ k:
        Max 3.61E+01 [sec] @ 57
        Min 1.38E-01 [sec] @ 160
     Flav : max Press/Den @ L,MLT; DPS-dst
        0: P =   0.00, D =9075.91 @  1.54 Rp,12.07 MLT; DPS:   0.00
        1: P =   0.14, D =   3.17 @ 11.30 Rp,23.90 MLT; DPS:  -0.66
        2: P =   3.09, D =   0.28 @  3.95 Rp,22.00 MLT; DPS:  -5.10
[0m [32m<Writing HDF5 DATA @ t =    19.251 [min] >[0m 
[32m<Writing RAIJU HDF5 DATA @ t =    19.333 [min] >[0m 
 [36m
 GAMERA
      Time =    19.334 [min]
        ts =    16539
        dt =  8.42E-02 [sec]
    dt/dt0 =   70.689%
    Spent     0.0% of time waiting for Voltron
      kZCs =   3584.34 /   1434.94 [MHD/TOT] (8 threads)
[0m       CPCP =   72.818  71.206 [kV, N/S]
 [34m
 VOLTRON
      UT   = 2001-06-01 23:19:20
      tilt =    0.000 [deg]
    Sym-H  =   -5.000 [nT]
    BSDst  ~   17.851 [nT]
           dSMRs  ~     0.52   -0.15   -0.53    0.16 [nT, 12/18/00/06]
   DPSDst  ~   -4.811 [nT]
   Spent    44.8% of time waiting for Gamera
            11.2% of time processing Chimp(Helpers)
             9.0% of time processing IMAG
            13.0% of time processing Remix
            21.7% of time processing Tubes(Helpers)
             0.0% of time writing files
    Running @   79.217% of real-time (8 threads)
[0m  [35m
 RAIJU
      UT   = 2001-06-01 23:19:25
      Time =    19.417 [min]
     dtCpl =  5.00E+00 [sec]
     Max/Min dt @ k:
        Max 3.60E+01 [sec] @ 57
        Min 1.38E-01 [sec] @ 160
     Flav : max Press/Den @ L,MLT; DPS-dst
        0: P =   0.00, D =9075.91 @  1.54 Rp,12.07 MLT; DPS:   0.00
        1: P =   0.15, D =   5.32 @  8.27 Rp,11.50 MLT; DPS:  -0.66
        2: P =   3.09, D =   0.28 @  3.95 Rp,22.00 MLT; DPS:  -5.10
[0m [32m<Writing HDF5 DATA @ t =    19.334 [min] >[0m 
[32m<Writing RAIJU HDF5 DATA @ t =    19.417 [min] >[0m 
 [36m
 GAMERA
      Time =    19.418 [min]
        ts =    16599
        dt =  8.41E-02 [sec]
    dt/dt0 =   70.662%
    Spent     0.0% of time waiting for Voltron
      kZCs =   3582.22 /   1448.34 [MHD/TOT] (8 threads)
[0m       CPCP =   72.953  71.229 [kV, N/S]
 [34m
 VOLTRON
      UT   = 2001-06-01 23:19:25
      tilt =    0.000 [deg]
    Sym-H  =   -5.000 [nT]
    BSDst  ~   17.836 [nT]
           dSMRs  ~     0.54   -0.15   -0.55    0.15 [nT, 12/18/00/06]
   DPSDst  ~   -4.801 [nT]
   Spent    44.9% of time waiting for Gamera
            11.2% of time processing Chimp(Helpers)
             9.0% of time processing IMAG
            13.0% of time processing Remix
            21.7% of time processing Tubes(Helpers)
             0.0% of time writing files
    Running @   79.282% of real-time (8 threads)
[0m  [35m
 RAIJU
      UT   = 2001-06-01 23:19:30
      Time =    19.500 [min]
     dtCpl =  5.00E+00 [sec]
     Max/Min dt @ k:
        Max 3.60E+01 [sec] @ 57
        Min 1.38E-01 [sec] @ 160
     Flav : max Press/Den @ L,MLT; DPS-dst
        0: P =   0.00, D =9075.91 @  1.54 Rp,12.07 MLT; DPS:   0.00
        1: P =   0.13, D =   3.15 @ 11.35 Rp,23.91 MLT; DPS:  -0.65
        2: P =   3.09, D =   0.28 @  3.95 Rp,21.74 MLT; DPS:  -5.10
[0m [32m<Writing HDF5 DATA @ t =    19.418 [min] >[0m 
[32m<Writing RAIJU HDF5 DATA @ t =    19.500 [min] >[0m 
 [36m
 GAMERA
      Time =    19.501 [min]
        ts =    16658
        dt =  8.41E-02 [sec]
    dt/dt0 =   70.636%
    Spent     0.0% of time waiting for Voltron
      kZCs =   3583.45 /   1434.73 [MHD/TOT] (8 threads)
[0m       CPCP =   73.021  71.255 [kV, N/S]
 [34m
 VOLTRON
      UT   = 2001-06-01 23:19:30
      tilt =    0.000 [deg]
    Sym-H  =   -5.000 [nT]
    BSDst  ~   17.821 [nT]
           dSMRs  ~     0.55   -0.15   -0.56    0.16 [nT, 12/18/00/06]
   DPSDst  ~   -4.800 [nT]
   Spent    44.8% of time waiting for Gamera
            11.2% of time processing Chimp(Helpers)
             9.0% of time processing IMAG
            13.0% of time processing Remix
            21.7% of time processing Tubes(Helpers)
             0.0% of time writing files
    Running @   79.322% of real-time (8 threads)
[0m  [35m
 RAIJU
      UT   = 2001-06-01 23:19:35
      Time =    19.583 [min]
     dtCpl =  5.00E+00 [sec]
     Max/Min dt @ k:
        Max 3.59E+01 [sec] @ 57
        Min 1.38E-01 [sec] @ 160
     Flav : max Press/Den @ L,MLT; DPS-dst
        0: P =   0.00, D =9075.91 @  1.54 Rp,12.07 MLT; DPS:   0.00
        1: P =   0.13, D =   3.14 @ 11.37 Rp,23.91 MLT; DPS:  -0.65
        2: P =   3.09, D =   0.28 @  3.95 Rp,21.74 MLT; DPS:  -5.10
[0m [32m<Writing HDF5 DATA @ t =    19.501 [min] >[0m 
[32m<Writing RAIJU HDF5 DATA @ t =    19.583 [min] >[0m 
 [36m
 GAMERA
      Time =    19.585 [min]
        ts =    16718
        dt =  8.41E-02 [sec]
    dt/dt0 =   70.609%
    Spent     0.0% of time waiting for Voltron
      kZCs =   3584.39 /   1448.70 [MHD/TOT] (8 threads)
[0m       CPCP =   73.047  71.296 [kV, N/S]
 [34m
 VOLTRON
      UT   = 2001-06-01 23:19:35
      tilt =    0.000 [deg]
    Sym-H  =   -5.000 [nT]
    BSDst  ~   17.805 [nT]
           dSMRs  ~     0.56   -0.15   -0.57    0.16 [nT, 12/18/00/06]
   DPSDst  ~   -4.796 [nT]
   Spent    44.9% of time waiting for Gamera
            11.2% of time processing Chimp(Helpers)
             9.0% of time processing IMAG
            12.9% of time processing Remix
            21.7% of time processing Tubes(Helpers)
             0.0% of time writing files
    Running @   79.381% of real-time (8 threads)
[0m  [35m
 RAIJU
      UT   = 2001-06-01 23:19:40
      Time =    19.667 [min]
     dtCpl =  5.00E+00 [sec]
     Max/Min dt @ k:
        Max 3.59E+01 [sec] @ 57
        Min 1.38E-01 [sec] @ 160
     Flav : max Press/Den @ L,MLT; DPS-dst
        0: P =   0.00, D =9075.91 @  1.54 Rp,12.07 MLT; DPS:   0.00
        1: P =   0.13, D =   3.14 @ 11.39 Rp,23.91 MLT; DPS:  -0.65
        2: P =   3.09, D =   0.28 @  3.95 Rp,21.74 MLT; DPS:  -5.09
[0m [32m<Writing HDF5 DATA @ t =    19.585 [min] >[0m 
[32m<Writing RAIJU HDF5 DATA @ t =    19.667 [min] >[0m 
 [36m
 GAMERA
      Time =    19.667 [min]
        ts =    16777
        dt =  8.40E-02 [sec]
    dt/dt0 =   70.582%
    Spent     0.0% of time waiting for Voltron
      kZCs =   3582.57 /   1435.27 [MHD/TOT] (8 threads)
[0m       CPCP =   73.041  71.303 [kV, N/S]
 [34m
 VOLTRON
      UT   = 2001-06-01 23:19:40
      tilt =    0.000 [deg]
    Sym-H  =   -5.000 [nT]
    BSDst  ~   17.788 [nT]
           dSMRs  ~     0.58   -0.15   -0.59    0.16 [nT, 12/18/00/06]
   DPSDst  ~   -4.811 [nT]
   Spent    44.9% of time waiting for Gamera
            11.2% of time processing Chimp(Helpers)
             9.0% of time processing IMAG
            12.9% of time processing Remix
            21.7% of time processing Tubes(Helpers)
             0.0% of time writing files
    Running @   79.404% of real-time (8 threads)
[0m  [35m
 RAIJU
      UT   = 2001-06-01 23:19:45
      Time =    19.750 [min]
     dtCpl =  5.00E+00 [sec]
     Max/Min dt @ k:
        Max 3.58E+01 [sec] @ 57
        Min 1.38E-01 [sec] @ 160
     Flav : max Press/Den @ L,MLT; DPS-dst
        0: P =   0.00, D =9075.91 @  1.54 Rp,12.07 MLT; DPS:   0.00
        1: P =   0.17, D =   6.71 @  7.47 Rp, 9.58 MLT; DPS:  -0.65
        2: P =   3.09, D =   0.28 @  3.95 Rp,21.74 MLT; DPS:  -5.10
[0m [32m<Writing HDF5 DATA @ t =    19.667 [min] >[0m 
[32m<Writing RAIJU HDF5 DATA @ t =    19.750 [min] >[0m 
 [36m
 GAMERA
      Time =    19.751 [min]
        ts =    16837
        dt =  8.40E-02 [sec]
    dt/dt0 =   70.555%
    Spent     0.0% of time waiting for Voltron
      kZCs =   3584.25 /   1449.34 [MHD/TOT] (8 threads)
[0m       CPCP =   73.003  71.253 [kV, N/S]
 [34m
 VOLTRON
      UT   = 2001-06-01 23:19:45
      tilt =    0.000 [deg]
    Sym-H  =   -5.000 [nT]
    BSDst  ~   17.768 [nT]
           dSMRs  ~     0.59   -0.14   -0.60    0.16 [nT, 12/18/00/06]
   DPSDst  ~   -4.794 [nT]
   Spent    44.9% of time waiting for Gamera
            11.2% of time processing Chimp(Helpers)
             9.0% of time processing IMAG
            12.9% of time processing Remix
            21.7% of time processing Tubes(Helpers)
             0.0% of time writing files
    Running @   79.441% of real-time (8 threads)
[0m  [35m
 RAIJU
      UT   = 2001-06-01 23:19:50
      Time =    19.833 [min]
     dtCpl =  5.00E+00 [sec]
     Max/Min dt @ k:
        Max 3.58E+01 [sec] @ 57
        Min 1.38E-01 [sec] @ 160
     Flav : max Press/Den @ L,MLT; DPS-dst
        0: P =   0.00, D =9075.91 @  1.54 Rp,12.07 MLT; DPS:   0.00
        1: P =   0.16, D =   6.15 @  8.17 Rp,10.90 MLT; DPS:  -0.65
        2: P =   3.09, D =   0.28 @  3.95 Rp,21.74 MLT; DPS:  -5.09
[0m [32m<Writing HDF5 DATA @ t =    19.751 [min] >[0m 
[32m<Writing RAIJU HDF5 DATA @ t =    19.833 [min] >[0m 
 [36m
 GAMERA
      Time =    19.834 [min]
        ts =    16896
        dt =  8.40E-02 [sec]
    dt/dt0 =   70.529%
    Spent     0.0% of time waiting for Voltron
      kZCs =   3581.98 /   1436.84 [MHD/TOT] (8 threads)
[0m       CPCP =   72.950  71.199 [kV, N/S]
 [34m
 VOLTRON
      UT   = 2001-06-01 23:19:50
      tilt =    0.000 [deg]
    Sym-H  =   -5.000 [nT]
    BSDst  ~   17.747 [nT]
           dSMRs  ~     0.60   -0.14   -0.62    0.16 [nT, 12/18/00/06]
   DPSDst  ~   -4.794 [nT]
   Spent    44.9% of time waiting for Gamera
            11.2% of time processing Chimp(Helpers)
             9.1% of time processing IMAG
            12.9% of time processing Remix
            21.7% of time processing Tubes(Helpers)
             0.0% of time writing files
    Running @   79.441% of real-time (8 threads)
[0m  [35m
 RAIJU
      UT   = 2001-06-01 23:19:55
      Time =    19.917 [min]
     dtCpl =  5.00E+00 [sec]
     Max/Min dt @ k:
        Max 3.57E+01 [sec] @ 57
        Min 1.38E-01 [sec] @ 160
     Flav : max Press/Den @ L,MLT; DPS-dst
        0: P =   0.00, D =9075.91 @  1.54 Rp,12.07 MLT; DPS:   0.00
        1: P =   0.16, D =   6.25 @  8.09 Rp,10.89 MLT; DPS:  -0.65
        2: P =   3.09, D =   0.28 @  3.95 Rp,21.67 MLT; DPS:  -5.09
[0m [32m<Writing HDF5 DATA @ t =    19.834 [min] >[0m 
[32m<Writing RAIJU HDF5 DATA @ t =    19.917 [min] >[0m 
 [36m
 GAMERA
      Time =    19.918 [min]
        ts =    16956
        dt =  8.39E-02 [sec]
    dt/dt0 =   70.502%
    Spent     0.0% of time waiting for Voltron
      kZCs =   3581.78 /   1451.20 [MHD/TOT] (8 threads)
[0m       CPCP =   72.876  71.146 [kV, N/S]
 [34m
 VOLTRON
      UT   = 2001-06-01 23:19:55
      tilt =    0.000 [deg]
    Sym-H  =   -5.000 [nT]
    BSDst  ~   17.725 [nT]
           dSMRs  ~     0.61   -0.14   -0.63    0.16 [nT, 12/18/00/06]
   DPSDst  ~   -4.784 [nT]
   Spent    45.0% of time waiting for Gamera
            11.2% of time processing Chimp(Helpers)
             9.0% of time processing IMAG
            12.9% of time processing Remix
            21.7% of time processing Tubes(Helpers)
             0.0% of time writing files
    Running @   79.452% of real-time (8 threads)
[0m  [35m
 RAIJU
      UT   = 2001-06-01 23:19:59
      Time =    20.000 [min]
     dtCpl =  5.00E+00 [sec]
     Max/Min dt @ k:
        Max 3.58E+01 [sec] @ 57
        Min 1.38E-01 [sec] @ 160
     Flav : max Press/Den @ L,MLT; DPS-dst
        0: P =   0.00, D =9075.91 @  1.54 Rp,12.07 MLT; DPS:   0.00
        1: P =   0.15, D =   5.68 @  8.29 Rp,11.74 MLT; DPS:  -0.64
        2: P =   3.09, D =   0.28 @  3.95 Rp,21.67 MLT; DPS:  -5.09
[0m [32m<Writing HDF5 DATA @ t =    19.918 [min] >[0m 
[32m<Writing RAIJU HDF5 DATA @ t =    20.000 [min] >[0m 
 [36m
 GAMERA
      Time =    20.000 [min]
        ts =    17015
        dt =  8.39E-02 [sec]
    dt/dt0 =   70.474%
    Spent     0.0% of time waiting for Voltron
      kZCs =   3584.19 /   1438.95 [MHD/TOT] (8 threads)
[0m       CPCP =   72.789  71.081 [kV, N/S]
 [34m
 VOLTRON
      UT   = 2001-06-01 23:20:00
      tilt =    0.000 [deg]
    Sym-H  =   -5.000 [nT]
    BSDst  ~   17.704 [nT]
           dSMRs  ~     0.62   -0.14   -0.64    0.17 [nT, 12/18/00/06]
   DPSDst  ~   -4.783 [nT]
   Spent    44.9% of time waiting for Gamera
            11.2% of time processing Chimp(Helpers)
             9.1% of time processing IMAG
            12.9% of time processing Remix
            21.7% of time processing Tubes(Helpers)
             0.0% of time writing files
    Running @   79.469% of real-time (8 threads)
[0m  [35m
 RAIJU
      UT   = 2001-06-01 23:20:05
      Time =    20.083 [min]
     dtCpl =  5.00E+00 [sec]
     Max/Min dt @ k:
        Max 3.58E+01 [sec] @ 57
        Min 1.38E-01 [sec] @ 160
     Flav : max Press/Den @ L,MLT; DPS-dst
        0: P =   0.00, D =9075.91 @  1.54 Rp,12.07 MLT; DPS:   0.00
        1: P =   0.15, D =   5.79 @  8.21 Rp,11.67 MLT; DPS:  -0.64
        2: P =   3.09, D =   0.28 @  3.95 Rp,21.67 MLT; DPS:  -5.08
[0m [32m<Writing HDF5 DATA @ t =    20.000 [min] >[0m 
[32m<Writing RAIJU HDF5 DATA @ t =    20.083 [min] >[0m 
 [36m
 GAMERA
      Time =    20.084 [min]
        ts =    17075
        dt =  8.39E-02 [sec]
    dt/dt0 =   70.444%
    Spent     0.0% of time waiting for Voltron
      kZCs =   3584.25 /   1452.67 [MHD/TOT] (8 threads)
[0m       CPCP =   72.723  71.011 [kV, N/S]
 [34m
 VOLTRON
      UT   = 2001-06-01 23:20:05
      tilt =    0.000 [deg]
    Sym-H  =   -5.000 [nT]
    BSDst  ~   17.685 [nT]
           dSMRs  ~     0.63   -0.14   -0.65    0.17 [nT, 12/18/00/06]
   DPSDst  ~   -4.774 [nT]
   Spent    45.0% of time waiting for Gamera
            11.2% of time processing Chimp(Helpers)
             9.1% of time processing IMAG
            12.9% of time processing Remix
            21.6% of time processing Tubes(Helpers)
             0.0% of time writing files
    Running @   79.520% of real-time (8 threads)
[0m  [35m
 RAIJU
      UT   = 2001-06-01 23:20:10
      Time =    20.167 [min]
     dtCpl =  5.00E+00 [sec]
     Max/Min dt @ k:
        Max 3.58E+01 [sec] @ 57
        Min 1.38E-01 [sec] @ 160
     Flav : max Press/Den @ L,MLT; DPS-dst
        0: P =   0.00, D =9075.91 @  1.54 Rp,12.07 MLT; DPS:   0.00
        1: P =   0.14, D =   5.51 @  7.36 Rp,10.31 MLT; DPS:  -0.63
        2: P =   3.09, D =   0.28 @  3.95 Rp,21.67 MLT; DPS:  -5.08
[0m [32m<Writing HDF5 DATA @ t =    20.084 [min] >[0m 
[32m<Writing RAIJU HDF5 DATA @ t =    20.167 [min] >[0m 
 [36m
 GAMERA
      Time =    20.167 [min]
        ts =    17134
        dt =  8.38E-02 [sec]
    dt/dt0 =   70.414%
    Spent     0.0% of time waiting for Voltron
      kZCs =   3585.08 /   1441.10 [MHD/TOT] (8 threads)
[0m       CPCP =   72.658  70.954 [kV, N/S]
 [34m
 VOLTRON
      UT   = 2001-06-01 23:20:10
      tilt =    0.000 [deg]
    Sym-H  =   -5.000 [nT]
    BSDst  ~   17.669 [nT]
           dSMRs  ~     0.64   -0.14   -0.66    0.17 [nT, 12/18/00/06]
   DPSDst  ~   -4.771 [nT]
   Spent    45.0% of time waiting for Gamera
            11.2% of time processing Chimp(Helpers)
             9.1% of time processing IMAG
            12.9% of time processing Remix
            21.6% of time processing Tubes(Helpers)
             0.0% of time writing files
    Running @   79.540% of real-time (8 threads)
[0m  [35m
 RAIJU
      UT   = 2001-06-01 23:20:15
      Time =    20.250 [min]
     dtCpl =  5.00E+00 [sec]
     Max/Min dt @ k:
        Max 3.58E+01 [sec] @ 57
        Min 1.38E-01 [sec] @ 160
     Flav : max Press/Den @ L,MLT; DPS-dst
        0: P =   0.00, D =9075.91 @  1.54 Rp,12.07 MLT; DPS:   0.00
        1: P =   0.14, D =   5.49 @  7.44 Rp,10.38 MLT; DPS:  -0.63
        2: P =   3.09, D =   0.28 @  3.95 Rp,21.67 MLT; DPS:  -5.08
[0m [32m<Writing HDF5 DATA @ t =    20.167 [min] >[0m 
[32m<Writing RAIJU HDF5 DATA @ t =    20.250 [min] >[0m 
 [36m
 GAMERA
      Time =    20.251 [min]
        ts =    17194
        dt =  8.38E-02 [sec]
    dt/dt0 =   70.383%
    Spent     0.0% of time waiting for Voltron
      kZCs =   3584.83 /   1455.78 [MHD/TOT] (8 threads)
[0m       CPCP =   72.561  70.903 [kV, N/S]
 [34m
 VOLTRON
      UT   = 2001-06-01 23:20:15
      tilt =    0.000 [deg]
    Sym-H  =   -5.000 [nT]
    BSDst  ~   17.656 [nT]
           dSMRs  ~     0.65   -0.14   -0.68    0.17 [nT, 12/18/00/06]
   DPSDst  ~   -4.777 [nT]
   Spent    45.0% of time waiting for Gamera
            11.2% of time processing Chimp(Helpers)
             9.1% of time processing IMAG
            12.9% of time processing Remix
            21.6% of time processing Tubes(Helpers)
             0.0% of time writing files
    Running @   79.572% of real-time (8 threads)
[0m  [35m
 RAIJU
      UT   = 2001-06-01 23:20:20
      Time =    20.333 [min]
     dtCpl =  5.00E+00 [sec]
     Max/Min dt @ k:
        Max 3.58E+01 [sec] @ 57
        Min 1.38E-01 [sec] @ 160
     Flav : max Press/Den @ L,MLT; DPS-dst
        0: P =   0.00, D =9075.91 @  1.54 Rp,12.07 MLT; DPS:   0.00
        1: P =   0.14, D =   5.48 @  7.33 Rp,10.41 MLT; DPS:  -0.63
        2: P =   3.09, D =   0.28 @  3.95 Rp,21.67 MLT; DPS:  -5.08
[0m [32m<Writing HDF5 DATA @ t =    20.251 [min] >[0m 
[32m<Writing RAIJU HDF5 DATA @ t =    20.333 [min] >[0m 
 [36m
 GAMERA
      Time =    20.334 [min]
        ts =    17254
        dt =  8.38E-02 [sec]
    dt/dt0 =   70.352%
    Spent     0.0% of time waiting for Voltron
      kZCs =   3581.93 /   1455.33 [MHD/TOT] (8 threads)
[0m       CPCP =   72.438  70.848 [kV, N/S]
 [34m
 VOLTRON
      UT   = 2001-06-01 23:20:20
      tilt =    0.000 [deg]
    Sym-H  =   -5.000 [nT]
    BSDst  ~   17.646 [nT]
           dSMRs  ~     0.66   -0.13   -0.69    0.16 [nT, 12/18/00/06]
   DPSDst  ~   -4.791 [nT]
   Spent    45.1% of time waiting for Gamera
            11.2% of time processing Chimp(Helpers)
             9.1% of time processing IMAG
            12.9% of time processing Remix
            21.6% of time processing Tubes(Helpers)
             0.0% of time writing files
    Running @   79.603% of real-time (8 threads)
[0m  [35m
 RAIJU
      UT   = 2001-06-01 23:20:25
      Time =    20.417 [min]
     dtCpl =  5.00E+00 [sec]
     Max/Min dt @ k:
        Max 3.60E+01 [sec] @ 57
        Min 1.38E-01 [sec] @ 160
     Flav : max Press/Den @ L,MLT; DPS-dst
        0: P =   0.00, D =9075.91 @  1.54 Rp,12.07 MLT; DPS:   0.00
        1: P =   0.17, D =   6.86 @  7.90 Rp,10.15 MLT; DPS:  -0.64
        2: P =   3.09, D =   0.28 @  3.95 Rp,21.67 MLT; DPS:  -5.09
[0m [32m<Writing HDF5 DATA @ t =    20.334 [min] >[0m 
[32m<Writing RAIJU HDF5 DATA @ t =    20.417 [min] >[0m 
 [36m
 GAMERA
      Time =    20.417 [min]
        ts =    17313
        dt =  8.37E-02 [sec]
    dt/dt0 =   70.321%
    Spent     0.0% of time waiting for Voltron
      kZCs =   3583.60 /   1443.25 [MHD/TOT] (8 threads)
[0m       CPCP =   72.300  70.795 [kV, N/S]
 [34m
 VOLTRON
      UT   = 2001-06-01 23:20:25
      tilt =    0.000 [deg]
    Sym-H  =   -5.000 [nT]
    BSDst  ~   17.637 [nT]
           dSMRs  ~     0.67   -0.13   -0.71    0.16 [nT, 12/18/00/06]
   DPSDst  ~   -4.790 [nT]
   Spent    45.1% of time waiting for Gamera
            11.2% of time processing Chimp(Helpers)
             9.1% of time processing IMAG
            12.9% of time processing Remix
            21.6% of time processing Tubes(Helpers)
             0.0% of time writing files
    Running @   79.634% of real-time (8 threads)
[0m  [35m
 RAIJU
      UT   = 2001-06-01 23:20:30
      Time =    20.500 [min]
     dtCpl =  5.00E+00 [sec]
     Max/Min dt @ k:
        Max 3.62E+01 [sec] @ 57
        Min 1.38E-01 [sec] @ 160
     Flav : max Press/Den @ L,MLT; DPS-dst
        0: P =   0.00, D =9075.91 @  1.54 Rp,12.07 MLT; DPS:   0.00
        1: P =   0.17, D =   6.94 @  8.12 Rp,10.36 MLT; DPS:  -0.64
        2: P =   3.09, D =   0.28 @  3.95 Rp,21.54 MLT; DPS:  -5.09
[0m [32m<Writing HDF5 DATA @ t =    20.417 [min] >[0m 
[32m<Writing RAIJU HDF5 DATA @ t =    20.500 [min] >[0m 
 [36m
 GAMERA
      Time =    20.500 [min]
        ts =    17373
        dt =  8.37E-02 [sec]
    dt/dt0 =   70.289%
    Spent     0.0% of time waiting for Voltron
      kZCs =   3584.54 /   1457.70 [MHD/TOT] (8 threads)
[0m       CPCP =   72.225  70.723 [kV, N/S]
 [34m
 VOLTRON
      UT   = 2001-06-01 23:20:30
      tilt =    0.000 [deg]
    Sym-H  =   -5.000 [nT]
    BSDst  ~   17.627 [nT]
           dSMRs  ~     0.69   -0.13   -0.72    0.17 [nT, 12/18/00/06]
   DPSDst  ~   -4.789 [nT]
   Spent    45.1% of time waiting for Gamera
            11.2% of time processing Chimp(Helpers)
             9.1% of time processing IMAG
            12.8% of time processing Remix
            21.5% of time processing Tubes(Helpers)
             0.0% of time writing files
    Running @   79.689% of real-time (8 threads)
[0m  [35m
 RAIJU
      UT   = 2001-06-01 23:20:35
      Time =    20.583 [min]
     dtCpl =  5.00E+00 [sec]
     Max/Min dt @ k:
        Max 3.63E+01 [sec] @ 57
        Min 1.38E-01 [sec] @ 160
     Flav : max Press/Den @ L,MLT; DPS-dst
        0: P =   0.00, D =9075.91 @  1.54 Rp,12.07 MLT; DPS:   0.00
        1: P =   0.18, D =   7.13 @  8.85 Rp,10.38 MLT; DPS:  -0.64
        2: P =   3.09, D =   0.28 @  3.95 Rp,21.54 MLT; DPS:  -5.09
[0m [32m<Writing HDF5 DATA @ t =    20.500 [min] >[0m 
[32m<Writing RAIJU HDF5 DATA @ t =    20.583 [min] >[0m 
 [36m
 GAMERA
      Time =    20.584 [min]
        ts =    17433
        dt =  8.37E-02 [sec]
    dt/dt0 =   70.259%
    Spent     0.0% of time waiting for Voltron
      kZCs =   3584.10 /   1458.18 [MHD/TOT] (8 threads)
[0m       CPCP =   72.149  70.602 [kV, N/S]
 [34m
 VOLTRON
      UT   = 2001-06-01 23:20:35
      tilt =    0.000 [deg]
    Sym-H  =   -5.000 [nT]
    BSDst  ~   17.617 [nT]
           dSMRs  ~     0.70   -0.13   -0.73    0.17 [nT, 12/18/00/06]
   DPSDst  ~   -4.787 [nT]
   Spent    45.2% of time waiting for Gamera
            11.2% of time processing Chimp(Helpers)
             9.1% of time processing IMAG
            12.8% of time processing Remix
            21.5% of time processing Tubes(Helpers)
             0.0% of time writing files
    Running @   79.742% of real-time (8 threads)
[0m  [35m
 RAIJU
      UT   = 2001-06-01 23:20:40
      Time =    20.667 [min]
     dtCpl =  5.00E+00 [sec]
     Max/Min dt @ k:
        Max 3.63E+01 [sec] @ 57
        Min 1.38E-01 [sec] @ 160
     Flav : max Press/Den @ L,MLT; DPS-dst
        0: P =   0.00, D =9075.91 @  1.54 Rp,12.07 MLT; DPS:   0.00
        1: P =   0.17, D =   7.20 @  9.27 Rp,10.07 MLT; DPS:  -0.64
        2: P =   3.09, D =   0.28 @  3.95 Rp,21.54 MLT; DPS:  -5.08
[0m [32m<Writing HDF5 DATA @ t =    20.584 [min] >[0m 
[32m<Writing RAIJU HDF5 DATA @ t =    20.667 [min] >[0m 
 [36m
 GAMERA
      Time =    20.668 [min]
        ts =    17493
        dt =  8.36E-02 [sec]
    dt/dt0 =   70.231%
    Spent     0.0% of time waiting for Voltron
      kZCs =   3584.25 /   1458.93 [MHD/TOT] (8 threads)
[0m       CPCP =   72.031  70.452 [kV, N/S]
 [34m
 VOLTRON
      UT   = 2001-06-01 23:20:40
      tilt =    0.000 [deg]
    Sym-H  =   -5.000 [nT]
    BSDst  ~   17.603 [nT]
           dSMRs  ~     0.70   -0.13   -0.74    0.17 [nT, 12/18/00/06]
   DPSDst  ~   -4.765 [nT]
   Spent    45.2% of time waiting for Gamera
            11.2% of time processing Chimp(Helpers)
             9.1% of time processing IMAG
            12.8% of time processing Remix
            21.5% of time processing Tubes(Helpers)
             0.0% of time writing files
    Running @   79.795% of real-time (8 threads)
[0m  [35m
 RAIJU
      UT   = 2001-06-01 23:20:45
      Time =    20.750 [min]
     dtCpl =  5.00E+00 [sec]
     Max/Min dt @ k:
        Max 3.63E+01 [sec] @ 57
        Min 1.38E-01 [sec] @ 160
     Flav : max Press/Den @ L,MLT; DPS-dst
        0: P =   0.00, D =9075.91 @  1.54 Rp,12.07 MLT; DPS:   0.00
        1: P =   0.14, D =   5.44 @  7.55 Rp,10.48 MLT; DPS:  -0.62
        2: P =   3.09, D =   0.28 @  3.95 Rp,21.54 MLT; DPS:  -5.07
[0m [32m<Writing HDF5 DATA @ t =    20.668 [min] >[0m 
[32m<Writing RAIJU HDF5 DATA @ t =    20.750 [min] >[0m 
 [36m
 GAMERA
      Time =    20.751 [min]
        ts =    17553
        dt =  8.36E-02 [sec]
    dt/dt0 =   70.206%
    Spent     0.0% of time waiting for Voltron
      kZCs =   3583.52 /   1460.01 [MHD/TOT] (8 threads)
[0m       CPCP =   71.887  70.267 [kV, N/S]
 [34m
 VOLTRON
      UT   = 2001-06-01 23:20:45
      tilt =    0.000 [deg]
    Sym-H  =   -5.000 [nT]
    BSDst  ~   17.584 [nT]
           dSMRs  ~     0.71   -0.13   -0.74    0.17 [nT, 12/18/00/06]
   DPSDst  ~   -4.759 [nT]
   Spent    45.3% of time waiting for Gamera
            11.2% of time processing Chimp(Helpers)
             9.1% of time processing IMAG
            12.8% of time processing Remix
            21.4% of time processing Tubes(Helpers)
             0.0% of time writing files
    Running @   79.810% of real-time (8 threads)
[0m  [35m
 RAIJU
      UT   = 2001-06-01 23:20:50
      Time =    20.833 [min]
     dtCpl =  5.00E+00 [sec]
     Max/Min dt @ k:
        Max 3.63E+01 [sec] @ 57
        Min 1.38E-01 [sec] @ 160
     Flav : max Press/Den @ L,MLT; DPS-dst
        0: P =   0.00, D =9075.91 @  1.54 Rp,12.07 MLT; DPS:   0.00
        1: P =   0.15, D =   6.34 @  7.64 Rp, 9.96 MLT; DPS:  -0.62
        2: P =   3.09, D =   0.28 @  3.95 Rp,21.54 MLT; DPS:  -5.07
[0m [32m<Writing HDF5 DATA @ t =    20.751 [min] >[0m 
[32m<Writing RAIJU HDF5 DATA @ t =    20.833 [min] >[0m 
 [36m
 GAMERA
      Time =    20.834 [min]
        ts =    17612
        dt =  8.36E-02 [sec]
    dt/dt0 =   70.182%
    Spent     0.0% of time waiting for Voltron
      kZCs =   3584.49 /   1446.49 [MHD/TOT] (8 threads)
[0m       CPCP =   71.725  70.108 [kV, N/S]
 [34m
 VOLTRON
      UT   = 2001-06-01 23:20:50
      tilt =    0.000 [deg]
    Sym-H  =   -5.000 [nT]
    BSDst  ~   17.565 [nT]
           dSMRs  ~     0.71   -0.13   -0.75    0.17 [nT, 12/18/00/06]
   DPSDst  ~   -4.757 [nT]
   Spent    45.2% of time waiting for Gamera
            11.2% of time processing Chimp(Helpers)
             9.1% of time processing IMAG
            12.8% of time processing Remix
            21.4% of time processing Tubes(Helpers)
             0.0% of time writing files
    Running @   79.785% of real-time (8 threads)
[0m  [35m
 RAIJU
      UT   = 2001-06-01 23:20:55
      Time =    20.917 [min]
     dtCpl =  5.00E+00 [sec]
     Max/Min dt @ k:
        Max 3.63E+01 [sec] @ 57
        Min 1.38E-01 [sec] @ 160
     Flav : max Press/Den @ L,MLT; DPS-dst
        0: P =   0.00, D =9075.91 @  1.54 Rp,12.07 MLT; DPS:   0.00
        1: P =   0.15, D =   6.37 @  7.73 Rp, 9.97 MLT; DPS:  -0.62
        2: P =   3.09, D =   0.28 @  3.95 Rp,21.54 MLT; DPS:  -5.07
[0m [32m<Writing HDF5 DATA @ t =    20.834 [min] >[0m 
[32m<Writing RAIJU HDF5 DATA @ t =    20.917 [min] >[0m 
 [36m
 GAMERA
      Time =    20.917 [min]
        ts =    17672
        dt =  8.35E-02 [sec]
    dt/dt0 =   70.157%
    Spent     0.0% of time waiting for Voltron
      kZCs =   3584.68 /   1455.88 [MHD/TOT] (8 threads)
[0m       CPCP =   71.570  69.970 [kV, N/S]
 [34m
 VOLTRON
      UT   = 2001-06-01 23:20:55
      tilt =    0.000 [deg]
    Sym-H  =   -5.000 [nT]
    BSDst  ~   17.546 [nT]
           dSMRs  ~     0.72   -0.13   -0.76    0.17 [nT, 12/18/00/06]
   DPSDst  ~   -4.750 [nT]
   Spent    45.3% of time waiting for Gamera
            11.2% of time processing Chimp(Helpers)
             9.1% of time processing IMAG
            12.8% of time processing Remix
            21.4% of time processing Tubes(Helpers)
             0.0% of time writing files
    Running @   79.691% of real-time (8 threads)
[0m  [35m
 RAIJU
      UT   = 2001-06-01 23:20:59
      Time =    21.000 [min]
     dtCpl =  5.00E+00 [sec]
     Max/Min dt @ k:
        Max 3.64E+01 [sec] @ 57
        Min 1.38E-01 [sec] @ 160
     Flav : max Press/Den @ L,MLT; DPS-dst
        0: P =   0.00, D =9075.91 @  1.54 Rp,12.07 MLT; DPS:   0.00
        1: P =   0.15, D =   6.40 @  7.88 Rp,10.00 MLT; DPS:  -0.61
        2: P =   3.09, D =   0.28 @  3.95 Rp,21.54 MLT; DPS:  -5.07
[0m [32m<Writing HDF5 DATA @ t =    20.917 [min] >[0m 
[32m<Writing RAIJU HDF5 DATA @ t =    21.000 [min] >[0m 
 [36m
 GAMERA
      Time =    21.001 [min]
        ts =    17732
        dt =  8.35E-02 [sec]
    dt/dt0 =   70.133%
    Spent     0.0% of time waiting for Voltron
      kZCs =   3583.67 /   1460.59 [MHD/TOT] (8 threads)
[0m       CPCP =   71.469  69.795 [kV, N/S]
 [34m
 VOLTRON
      UT   = 2001-06-01 23:21:00
      tilt =    0.000 [deg]
    Sym-H  =   -5.000 [nT]
    BSDst  ~   17.527 [nT]
           dSMRs  ~     0.73   -0.13   -0.77    0.17 [nT, 12/18/00/06]
   DPSDst  ~   -4.741 [nT]
   Spent    45.3% of time waiting for Gamera
            11.2% of time processing Chimp(Helpers)
             9.1% of time processing IMAG
            12.8% of time processing Remix
            21.4% of time processing Tubes(Helpers)
             0.0% of time writing files
    Running @   79.723% of real-time (8 threads)
[0m  [35m
 RAIJU
      UT   = 2001-06-01 23:21:05
      Time =    21.083 [min]
     dtCpl =  5.00E+00 [sec]
     Max/Min dt @ k:
        Max 3.64E+01 [sec] @ 57
        Min 1.38E-01 [sec] @ 160
     Flav : max Press/Den @ L,MLT; DPS-dst
        0: P =   0.00, D =9075.91 @  1.54 Rp,12.07 MLT; DPS:   0.00
        1: P =   0.12, D =   3.05 @ 11.75 Rp,23.95 MLT; DPS:  -0.61
        2: P =   3.09, D =   0.28 @  3.95 Rp,21.54 MLT; DPS:  -5.06
[0m [32m<Writing HDF5 DATA @ t =    21.001 [min] >[0m 
[32m<Writing RAIJU HDF5 DATA @ t =    21.083 [min] >[0m 
 [36m
 GAMERA
      Time =    21.084 [min]
        ts =    17792
        dt =  8.35E-02 [sec]
    dt/dt0 =   70.107%
    Spent     0.0% of time waiting for Voltron
      kZCs =   3584.25 /   1459.82 [MHD/TOT] (8 threads)
[0m       CPCP =   71.413  69.644 [kV, N/S]
 [34m
 VOLTRON
      UT   = 2001-06-01 23:21:05
      tilt =    0.000 [deg]
    Sym-H  =   -5.000 [nT]
    BSDst  ~   17.511 [nT]
           dSMRs  ~     0.74   -0.13   -0.78    0.17 [nT, 12/18/00/06]
   DPSDst  ~   -4.746 [nT]
   Spent    45.3% of time waiting for Gamera
            11.2% of time processing Chimp(Helpers)
             9.1% of time processing IMAG
            12.8% of time processing Remix
            21.4% of time processing Tubes(Helpers)
             0.0% of time writing files
    Running @   79.751% of real-time (8 threads)
[0m  [35m
 RAIJU
      UT   = 2001-06-01 23:21:10
      Time =    21.167 [min]
     dtCpl =  5.00E+00 [sec]
     Max/Min dt @ k:
        Max 3.64E+01 [sec] @ 57
        Min 1.38E-01 [sec] @ 160
     Flav : max Press/Den @ L,MLT; DPS-dst
        0: P =   0.00, D =9075.91 @  1.54 Rp,12.07 MLT; DPS:   0.00
        1: P =   0.12, D =   3.05 @ 11.77 Rp,23.96 MLT; DPS:  -0.61
        2: P =   3.09, D =   0.28 @  3.95 Rp,21.54 MLT; DPS:  -5.06
[0m [32m<Writing HDF5 DATA @ t =    21.084 [min] >[0m 
[32m<Writing RAIJU HDF5 DATA @ t =    21.167 [min] >[0m 
 [36m
 GAMERA
      Time =    21.168 [min]
        ts =    17852
        dt =  8.34E-02 [sec]
    dt/dt0 =   70.081%
    Spent     0.0% of time waiting for Voltron
      kZCs =   3583.38 /   1461.43 [MHD/TOT] (8 threads)
[0m       CPCP =   71.402  69.504 [kV, N/S]
 [34m
 VOLTRON
      UT   = 2001-06-01 23:21:10
      tilt =    0.000 [deg]
    Sym-H  =   -5.000 [nT]
    BSDst  ~   17.500 [nT]
           dSMRs  ~     0.75   -0.13   -0.79    0.17 [nT, 12/18/00/06]
   DPSDst  ~   -4.742 [nT]
   Spent    45.4% of time waiting for Gamera
            11.2% of time processing Chimp(Helpers)
             9.1% of time processing IMAG
            12.8% of time processing Remix
            21.4% of time processing Tubes(Helpers)
             0.0% of time writing files
    Running @   79.754% of real-time (8 threads)
[0m  [35m
 RAIJU
      UT   = 2001-06-01 23:21:15
      Time =    21.250 [min]
     dtCpl =  5.00E+00 [sec]
     Max/Min dt @ k:
        Max 3.64E+01 [sec] @ 57
        Min 1.38E-01 [sec] @ 160
     Flav : max Press/Den @ L,MLT; DPS-dst
        0: P =   0.00, D =9075.91 @  1.54 Rp,12.07 MLT; DPS:   0.00
        1: P =   0.12, D =   3.04 @ 11.79 Rp,23.96 MLT; DPS:  -0.61
        2: P =   3.09, D =   0.28 @  3.95 Rp,21.54 MLT; DPS:  -5.06
[0m [32m<Writing HDF5 DATA @ t =    21.168 [min] >[0m 
[32m<Writing RAIJU HDF5 DATA @ t =    21.250 [min] >[0m 
 [36m
 GAMERA
      Time =    21.251 [min]
        ts =    17912
        dt =  8.34E-02 [sec]
    dt/dt0 =   70.056%
    Spent     0.0% of time waiting for Voltron
      kZCs =   3583.81 /   1461.24 [MHD/TOT] (8 threads)
[0m       CPCP =   71.372  69.357 [kV, N/S]
 [34m
 VOLTRON
      UT   = 2001-06-01 23:21:15
      tilt =    0.000 [deg]
    Sym-H  =   -5.000 [nT]
    BSDst  ~   17.494 [nT]
           dSMRs  ~     0.76   -0.13   -0.80    0.17 [nT, 12/18/00/06]
   DPSDst  ~   -4.740 [nT]
   Spent    45.4% of time waiting for Gamera
            11.2% of time processing Chimp(Helpers)
             9.1% of time processing IMAG
            12.8% of time processing Remix
            21.3% of time processing Tubes(Helpers)
             0.0% of time writing files
    Running @   79.627% of real-time (8 threads)
[0m  [35m
 RAIJU
      UT   = 2001-06-01 23:21:20
      Time =    21.333 [min]
     dtCpl =  5.00E+00 [sec]
     Max/Min dt @ k:
        Max 3.64E+01 [sec] @ 57
        Min 1.38E-01 [sec] @ 160
     Flav : max Press/Den @ L,MLT; DPS-dst
        0: P =   0.00, D =9075.91 @  1.54 Rp,12.07 MLT; DPS:   0.00
        1: P =   0.12, D =   3.04 @ 11.81 Rp,23.96 MLT; DPS:  -0.61
        2: P =   3.08, D =   0.28 @  3.95 Rp,21.54 MLT; DPS:  -5.06
[0m [32m<Writing HDF5 DATA @ t =    21.251 [min] >[0m 
[32m<Writing RAIJU HDF5 DATA @ t =    21.333 [min] >[0m 
 [36m
 GAMERA
      Time =    21.334 [min]
        ts =    17972
        dt =  8.34E-02 [sec]
    dt/dt0 =   70.034%
    Spent     0.0% of time waiting for Voltron
      kZCs =   3584.39 /   1458.52 [MHD/TOT] (8 threads)
[0m       CPCP =   71.313  69.221 [kV, N/S]
 [34m
 VOLTRON
      UT   = 2001-06-01 23:21:20
      tilt =    0.000 [deg]
    Sym-H  =   -5.000 [nT]
    BSDst  ~   17.491 [nT]
           dSMRs  ~     0.76   -0.13   -0.80    0.17 [nT, 12/18/00/06]
   DPSDst  ~   -4.747 [nT]
   Spent    45.4% of time waiting for Gamera
            11.2% of time processing Chimp(Helpers)
             9.1% of time processing IMAG
            12.8% of time processing Remix
            21.3% of time processing Tubes(Helpers)
             0.0% of time writing files
    Running @   79.654% of real-time (8 threads)
[0m  [35m
 RAIJU
      UT   = 2001-06-01 23:21:25
      Time =    21.417 [min]
     dtCpl =  5.00E+00 [sec]
     Max/Min dt @ k:
        Max 3.64E+01 [sec] @ 57
        Min 1.38E-01 [sec] @ 160
     Flav : max Press/Den @ L,MLT; DPS-dst
        0: P =   0.00, D =9075.91 @  1.54 Rp,12.07 MLT; DPS:   0.00
        1: P =   0.18, D =   6.98 @  8.36 Rp,11.40 MLT; DPS:  -0.61
        2: P =   3.08, D =   0.28 @  3.95 Rp,21.54 MLT; DPS:  -5.06
[0m [32m<Writing HDF5 DATA @ t =    21.334 [min] >[0m 
[32m<Writing RAIJU HDF5 DATA @ t =    21.417 [min] >[0m 
 [36m
 GAMERA
      Time =    21.418 [min]
        ts =    18032
        dt =  8.34E-02 [sec]
    dt/dt0 =   70.011%
    Spent     0.0% of time waiting for Voltron
      kZCs =   3582.94 /   1461.70 [MHD/TOT] (8 threads)
[0m       CPCP =   71.278  69.135 [kV, N/S]
 [34m
 VOLTRON
      UT   = 2001-06-01 23:21:25
      tilt =    0.000 [deg]
    Sym-H  =   -5.000 [nT]
    BSDst  ~   17.492 [nT]
           dSMRs  ~     0.77   -0.13   -0.81    0.17 [nT, 12/18/00/06]
   DPSDst  ~   -4.749 [nT]
   Spent    45.4% of time waiting for Gamera
            11.2% of time processing Chimp(Helpers)
             9.1% of time processing IMAG
            12.8% of time processing Remix
            21.3% of time processing Tubes(Helpers)
             0.0% of time writing files
    Running @   79.693% of real-time (8 threads)
[0m  [35m
 RAIJU
      UT   = 2001-06-01 23:21:30
      Time =    21.500 [min]
     dtCpl =  5.00E+00 [sec]
     Max/Min dt @ k:
        Max 3.64E+01 [sec] @ 57
        Min 1.38E-01 [sec] @ 160
     Flav : max Press/Den @ L,MLT; DPS-dst
        0: P =   0.00, D =9075.91 @  1.54 Rp,12.07 MLT; DPS:   0.00
        1: P =   0.17, D =   7.06 @  8.44 Rp,11.10 MLT; DPS:  -0.61
        2: P =   3.08, D =   0.28 @  3.95 Rp,21.54 MLT; DPS:  -5.06
[0m [32m<Writing HDF5 DATA @ t =    21.418 [min] >[0m 
[32m<Writing RAIJU HDF5 DATA @ t =    21.500 [min] >[0m 
 [36m
 GAMERA
      Time =    21.501 [min]
        ts =    18092
        dt =  8.33E-02 [sec]
    dt/dt0 =   69.983%
    Spent     0.0% of time waiting for Voltron
      kZCs =   3582.94 /   1461.07 [MHD/TOT] (8 threads)
[0m       CPCP =   71.254  69.072 [kV, N/S]
 [34m
 VOLTRON
      UT   = 2001-06-01 23:21:30
      tilt =    0.000 [deg]
    Sym-H  =   -5.000 [nT]
    BSDst  ~   17.496 [nT]
           dSMRs  ~     0.78   -0.13   -0.82    0.17 [nT, 12/18/00/06]
   DPSDst  ~   -4.763 [nT]
   Spent    45.5% of time waiting for Gamera
            11.2% of time processing Chimp(Helpers)
             9.1% of time processing IMAG
            12.8% of time processing Remix
            21.3% of time processing Tubes(Helpers)
             0.0% of time writing files
    Running @   79.686% of real-time (8 threads)
[0m  [35m
 RAIJU
      UT   = 2001-06-01 23:21:35
      Time =    21.583 [min]
     dtCpl =  5.00E+00 [sec]
     Max/Min dt @ k:
        Max 3.64E+01 [sec] @ 57
        Min 1.38E-01 [sec] @ 160
     Flav : max Press/Den @ L,MLT; DPS-dst
        0: P =   0.00, D =9075.91 @  1.54 Rp,12.07 MLT; DPS:   0.00
        1: P =   0.18, D =   7.33 @  8.82 Rp,10.02 MLT; DPS:  -0.62
        2: P =   3.08, D =   0.28 @  3.95 Rp,21.40 MLT; DPS:  -5.07
[0m [32m<Writing HDF5 DATA @ t =    21.501 [min] >[0m 
[32m<Writing RAIJU HDF5 DATA @ t =    21.583 [min] >[0m 
 [36m
 GAMERA
      Time =    21.584 [min]
        ts =    18152
        dt =  8.33E-02 [sec]
    dt/dt0 =   69.955%
    Spent     0.0% of time waiting for Voltron
      kZCs =   3584.25 /   1463.92 [MHD/TOT] (8 threads)
[0m       CPCP =   71.231  69.026 [kV, N/S]
 [34m
 VOLTRON
      UT   = 2001-06-01 23:21:35
      tilt =    0.000 [deg]
    Sym-H  =   -5.000 [nT]
    BSDst  ~   17.504 [nT]
           dSMRs  ~     0.78   -0.13   -0.82    0.17 [nT, 12/18/00/06]
   DPSDst  ~   -4.749 [nT]
   Spent    45.5% of time waiting for Gamera
            11.2% of time processing Chimp(Helpers)
             9.1% of time processing IMAG
            12.8% of time processing Remix
            21.3% of time processing Tubes(Helpers)
             0.0% of time writing files
    Running @   79.719% of real-time (8 threads)
[0m  [35m
 RAIJU
      UT   = 2001-06-01 23:21:40
      Time =    21.667 [min]
     dtCpl =  5.00E+00 [sec]
     Max/Min dt @ k:
        Max 3.63E+01 [sec] @ 57
        Min 1.38E-01 [sec] @ 160
     Flav : max Press/Den @ L,MLT; DPS-dst
        0: P =   0.00, D =9075.91 @  1.54 Rp,12.07 MLT; DPS:   0.00
        1: P =   0.18, D =   7.26 @  9.69 Rp,12.01 MLT; DPS:  -0.61
        2: P =   3.08, D =   0.28 @  3.95 Rp,21.40 MLT; DPS:  -5.06
[0m [32m<Writing HDF5 DATA @ t =    21.584 [min] >[0m 
[32m<Writing RAIJU HDF5 DATA @ t =    21.667 [min] >[0m 
 [36m
 GAMERA
      Time =    21.668 [min]
        ts =    18212
        dt =  8.33E-02 [sec]
    dt/dt0 =   69.928%
    Spent     0.0% of time waiting for Voltron
      kZCs =   3581.78 /   1462.45 [MHD/TOT] (8 threads)
[0m       CPCP =   71.234  68.996 [kV, N/S]
 [34m
 VOLTRON
      UT   = 2001-06-01 23:21:40
      tilt =    0.000 [deg]
    Sym-H  =   -5.000 [nT]
    BSDst  ~   17.513 [nT]
           dSMRs  ~     0.79   -0.13   -0.83    0.17 [nT, 12/18/00/06]
   DPSDst  ~   -4.747 [nT]
   Spent    45.5% of time waiting for Gamera
            11.2% of time processing Chimp(Helpers)
             9.1% of time processing IMAG
            12.7% of time processing Remix
            21.3% of time processing Tubes(Helpers)
             0.0% of time writing files
    Running @   79.730% of real-time (8 threads)
[0m  [35m
 RAIJU
      UT   = 2001-06-01 23:21:45
      Time =    21.750 [min]
     dtCpl =  5.00E+00 [sec]
     Max/Min dt @ k:
        Max 3.63E+01 [sec] @ 57
        Min 1.38E-01 [sec] @ 160
     Flav : max Press/Den @ L,MLT; DPS-dst
        0: P =   0.00, D =9075.91 @  1.54 Rp,12.07 MLT; DPS:   0.00
        1: P =   0.18, D =   7.25 @  9.72 Rp,12.04 MLT; DPS:  -0.61
        2: P =   3.09, D =   0.28 @  3.95 Rp,21.40 MLT; DPS:  -5.06
[0m [32m<Writing HDF5 DATA @ t =    21.668 [min] >[0m 
[32m<Writing RAIJU HDF5 DATA @ t =    21.750 [min] >[0m 
 [36m
 GAMERA
      Time =    21.751 [min]
        ts =    18272
        dt =  8.32E-02 [sec]
    dt/dt0 =   69.898%
    Spent     0.0% of time waiting for Voltron
      kZCs =   3583.81 /   1464.70 [MHD/TOT] (8 threads)
[0m       CPCP =   71.246  69.040 [kV, N/S]
 [34m
 VOLTRON
      UT   = 2001-06-01 23:21:45
      tilt =    0.000 [deg]
    Sym-H  =   -5.000 [nT]
    BSDst  ~   17.520 [nT]
           dSMRs  ~     0.79   -0.13   -0.83    0.17 [nT, 12/18/00/06]
   DPSDst  ~   -4.744 [nT]
   Spent    45.5% of time waiting for Gamera
            11.2% of time processing Chimp(Helpers)
             9.1% of time processing IMAG
            12.7% of time processing Remix
            21.3% of time processing Tubes(Helpers)
             0.0% of time writing files
    Running @   79.771% of real-time (8 threads)
[0m  [35m
 RAIJU
      UT   = 2001-06-01 23:21:50
      Time =    21.833 [min]
     dtCpl =  5.00E+00 [sec]
     Max/Min dt @ k:
        Max 3.63E+01 [sec] @ 57
        Min 1.38E-01 [sec] @ 160
     Flav : max Press/Den @ L,MLT; DPS-dst
        0: P =   0.00, D =9075.91 @  1.54 Rp,12.07 MLT; DPS:   0.00
        1: P =   0.18, D =   7.24 @  9.76 Rp,12.06 MLT; DPS:  -0.61
        2: P =   3.09, D =   0.28 @  3.95 Rp,21.40 MLT; DPS:  -5.06
[0m [32m<Writing HDF5 DATA @ t =    21.751 [min] >[0m 
[32m<Writing RAIJU HDF5 DATA @ t =    21.833 [min] >[0m 
 [36m
 GAMERA
      Time =    21.834 [min]
        ts =    18332
        dt =  8.32E-02 [sec]
    dt/dt0 =   69.868%
    Spent     0.0% of time waiting for Voltron
      kZCs =   3581.49 /   1461.14 [MHD/TOT] (8 threads)
[0m       CPCP =   71.239  69.077 [kV, N/S]
 [34m
 VOLTRON
      UT   = 2001-06-01 23:21:50
      tilt =    0.000 [deg]
    Sym-H  =   -5.000 [nT]
    BSDst  ~   17.523 [nT]
           dSMRs  ~     0.79   -0.13   -0.83    0.17 [nT, 12/18/00/06]
   DPSDst  ~   -4.737 [nT]
   Spent    45.5% of time waiting for Gamera
            11.2% of time processing Chimp(Helpers)
             9.1% of time processing IMAG
            12.7% of time processing Remix
            21.2% of time processing Tubes(Helpers)
             0.0% of time writing files
    Running @   79.783% of real-time (8 threads)
[0m  [35m
 RAIJU
      UT   = 2001-06-01 23:21:55
      Time =    21.917 [min]
     dtCpl =  5.00E+00 [sec]
     Max/Min dt @ k:
        Max 3.62E+01 [sec] @ 57
        Min 1.38E-01 [sec] @ 160
     Flav : max Press/Den @ L,MLT; DPS-dst
        0: P =   0.00, D =9075.91 @  1.54 Rp,12.07 MLT; DPS:   0.00
        1: P =   0.18, D =   7.23 @  9.73 Rp,12.05 MLT; DPS:  -0.60
        2: P =   3.09, D =   0.28 @  3.95 Rp,21.40 MLT; DPS:  -5.06
[0m [32m<Writing HDF5 DATA @ t =    21.834 [min] >[0m 
[32m<Writing RAIJU HDF5 DATA @ t =    21.917 [min] >[0m 
 [36m
 GAMERA
      Time =    21.917 [min]
        ts =    18392
        dt =  8.31E-02 [sec]
    dt/dt0 =   69.838%
    Spent     0.0% of time waiting for Voltron
      kZCs =   3583.67 /   1465.79 [MHD/TOT] (8 threads)
[0m       CPCP =   71.217  69.105 [kV, N/S]
 [34m
 VOLTRON
      UT   = 2001-06-01 23:21:55
      tilt =    0.000 [deg]
    Sym-H  =   -5.000 [nT]
    BSDst  ~   17.523 [nT]
           dSMRs  ~     0.79   -0.13   -0.84    0.17 [nT, 12/18/00/06]
   DPSDst  ~   -4.722 [nT]
   Spent    45.6% of time waiting for Gamera
            11.2% of time processing Chimp(Helpers)
             9.1% of time processing IMAG
            12.7% of time processing Remix
            21.2% of time processing Tubes(Helpers)
             0.0% of time writing files
    Running @   79.823% of real-time (8 threads)
[0m  [35m
 RAIJU
      UT   = 2001-06-01 23:21:59
      Time =    22.000 [min]
     dtCpl =  5.00E+00 [sec]
     Max/Min dt @ k:
        Max 3.62E+01 [sec] @ 57
        Min 1.38E-01 [sec] @ 160
     Flav : max Press/Den @ L,MLT; DPS-dst
        0: P =   0.00, D =9075.91 @  1.54 Rp,12.07 MLT; DPS:   0.00
        1: P =   0.12, D =   3.03 @ 11.93 Rp, 0.00 MLT; DPS:  -0.59
        2: P =   3.09, D =   0.28 @  3.95 Rp,21.40 MLT; DPS:  -5.05
[0m [32m<Writing HDF5 DATA @ t =    21.917 [min] >[0m 
[32m<Writing RAIJU HDF5 DATA @ t =    22.000 [min] >[0m 
 [36m
 GAMERA
      Time =    22.000 [min]
        ts =    18452
        dt =  8.31E-02 [sec]
    dt/dt0 =   69.807%
    Spent     0.0% of time waiting for Voltron
      kZCs =   3583.38 /   1465.74 [MHD/TOT] (8 threads)
[0m       CPCP =   71.134  69.155 [kV, N/S]
 [34m
 VOLTRON
      UT   = 2001-06-01 23:22:00
      tilt =    0.000 [deg]
    Sym-H  =   -5.000 [nT]
    BSDst  ~   17.521 [nT]
           dSMRs  ~     0.79   -0.13   -0.84    0.17 [nT, 12/18/00/06]
   DPSDst  ~   -4.735 [nT]
   Spent    45.6% of time waiting for Gamera
            11.2% of time processing Chimp(Helpers)
             9.1% of time processing IMAG
            12.7% of time processing Remix
            21.2% of time processing Tubes(Helpers)
             0.0% of time writing files
    Running @   79.869% of real-time (8 threads)
[0m  [35m
 RAIJU
      UT   = 2001-06-01 23:22:05
      Time =    22.083 [min]
     dtCpl =  5.00E+00 [sec]
     Max/Min dt @ k:
        Max 3.62E+01 [sec] @ 57
        Min 1.38E-01 [sec] @ 160
     Flav : max Press/Den @ L,MLT; DPS-dst
        0: P =   0.00, D =9075.91 @  1.54 Rp,12.07 MLT; DPS:   0.00
        1: P =   0.18, D =   7.23 @  9.07 Rp,11.99 MLT; DPS:  -0.60
        2: P =   3.09, D =   0.28 @  3.95 Rp,21.40 MLT; DPS:  -5.06
[0m [32m<Writing HDF5 DATA @ t =    22.000 [min] >[0m 
[32m<Writing RAIJU HDF5 DATA @ t =    22.083 [min] >[0m 
 [36m
 GAMERA
      Time =    22.083 [min]
        ts =    18512
        dt =  8.31E-02 [sec]
    dt/dt0 =   69.778%
    Spent     0.0% of time waiting for Voltron
      kZCs =   3584.25 /   1462.98 [MHD/TOT] (8 threads)
[0m       CPCP =   71.044  69.161 [kV, N/S]
 [34m
 VOLTRON
      UT   = 2001-06-01 23:22:05
      tilt =    0.000 [deg]
    Sym-H  =   -5.000 [nT]
    BSDst  ~   17.517 [nT]
           dSMRs  ~     0.80   -0.13   -0.84    0.17 [nT, 12/18/00/06]
   DPSDst  ~   -4.729 [nT]
   Spent    45.6% of time waiting for Gamera
            11.2% of time processing Chimp(Helpers)
             9.1% of time processing IMAG
            12.7% of time processing Remix
            21.2% of time processing Tubes(Helpers)
             0.0% of time writing files
    Running @   79.795% of real-time (8 threads)
[0m  [35m
 RAIJU
      UT   = 2001-06-01 23:22:10
      Time =    22.167 [min]
     dtCpl =  5.00E+00 [sec]
     Max/Min dt @ k:
        Max 3.62E+01 [sec] @ 57
        Min 1.38E-01 [sec] @ 160
     Flav : max Press/Den @ L,MLT; DPS-dst
        0: P =   0.00, D =9075.91 @  1.54 Rp,12.07 MLT; DPS:   0.00
        1: P =   0.18, D =   7.17 @  9.37 Rp,12.17 MLT; DPS:  -0.60
        2: P =   3.09, D =   0.28 @  3.95 Rp,21.40 MLT; DPS:  -5.05
[0m [32m<Writing HDF5 DATA @ t =    22.083 [min] >[0m 
[32m<Writing RAIJU HDF5 DATA @ t =    22.167 [min] >[0m 
 [36m
 GAMERA
      Time =    22.168 [min]
        ts =    18573
        dt =  8.30E-02 [sec]
    dt/dt0 =   69.749%
    Spent     0.0% of time waiting for Voltron
      kZCs =   3583.02 /   1476.04 [MHD/TOT] (8 threads)
[0m       CPCP =   71.010  69.170 [kV, N/S]
 [34m
 VOLTRON
      UT   = 2001-06-01 23:22:10
      tilt =    0.000 [deg]
    Sym-H  =   -5.000 [nT]
    BSDst  ~   17.511 [nT]
           dSMRs  ~     0.80   -0.13   -0.84    0.17 [nT, 12/18/00/06]
   DPSDst  ~   -4.722 [nT]
   Spent    45.7% of time waiting for Gamera
            11.1% of time processing Chimp(Helpers)
             9.1% of time processing IMAG
            12.7% of time processing Remix
            21.2% of time processing Tubes(Helpers)
             0.0% of time writing files
    Running @   79.847% of real-time (8 threads)
[0m  [35m
 RAIJU
      UT   = 2001-06-01 23:22:15
      Time =    22.250 [min]
     dtCpl =  5.00E+00 [sec]
     Max/Min dt @ k:
        Max 3.62E+01 [sec] @ 57
        Min 1.38E-01 [sec] @ 160
     Flav : max Press/Den @ L,MLT; DPS-dst
        0: P =   0.00, D =9075.91 @  1.54 Rp,12.07 MLT; DPS:   0.00
        1: P =   0.18, D =   7.16 @  9.92 Rp,12.89 MLT; DPS:  -0.59
        2: P =   3.09, D =   0.28 @  3.95 Rp,21.27 MLT; DPS:  -5.05
[0m [32m<Writing HDF5 DATA @ t =    22.168 [min] >[0m 
[32m<Writing RAIJU HDF5 DATA @ t =    22.250 [min] >[0m 
 [36m
 GAMERA
      Time =    22.251 [min]
        ts =    18633
        dt =  8.30E-02 [sec]
    dt/dt0 =   69.721%
    Spent     0.0% of time waiting for Voltron
      kZCs =   3582.51 /   1466.98 [MHD/TOT] (8 threads)
[0m       CPCP =   71.068  69.175 [kV, N/S]
 [34m
 VOLTRON
      UT   = 2001-06-01 23:22:15
      tilt =    0.000 [deg]
    Sym-H  =   -5.000 [nT]
    BSDst  ~   17.506 [nT]
           dSMRs  ~     0.80   -0.13   -0.84    0.17 [nT, 12/18/00/06]
   DPSDst  ~   -4.721 [nT]
   Spent    45.7% of time waiting for Gamera
            11.1% of time processing Chimp(Helpers)
             9.1% of time processing IMAG
            12.7% of time processing Remix
            21.2% of time processing Tubes(Helpers)
             0.0% of time writing files
    Running @   79.891% of real-time (8 threads)
[0m  [35m
 RAIJU
      UT   = 2001-06-01 23:22:20
      Time =    22.333 [min]
     dtCpl =  5.00E+00 [sec]
     Max/Min dt @ k:
        Max 3.62E+01 [sec] @ 57
        Min 1.38E-01 [sec] @ 160
     Flav : max Press/Den @ L,MLT; DPS-dst
        0: P =   0.00, D =9075.91 @  1.54 Rp,12.07 MLT; DPS:   0.00
        1: P =   0.18, D =   7.15 @  9.96 Rp,12.96 MLT; DPS:  -0.59
        2: P =   3.09, D =   0.28 @  3.95 Rp,21.27 MLT; DPS:  -5.05
[0m [32m<Writing HDF5 DATA @ t =    22.251 [min] >[0m 
[32m<Writing RAIJU HDF5 DATA @ t =    22.333 [min] >[0m 
 [36m
 GAMERA
      Time =    22.334 [min]
        ts =    18693
        dt =  8.30E-02 [sec]
    dt/dt0 =   69.695%
    Spent     0.0% of time waiting for Voltron
      kZCs =   3583.09 /   1467.64 [MHD/TOT] (8 threads)
[0m       CPCP =   71.184  69.177 [kV, N/S]
 [34m
 VOLTRON
      UT   = 2001-06-01 23:22:20
      tilt =    0.000 [deg]
    Sym-H  =   -5.000 [nT]
    BSDst  ~   17.500 [nT]
           dSMRs  ~     0.80   -0.13   -0.84    0.17 [nT, 12/18/00/06]
   DPSDst  ~   -4.714 [nT]
   Spent    45.7% of time waiting for Gamera
            11.1% of time processing Chimp(Helpers)
             9.1% of time processing IMAG
            12.7% of time processing Remix
            21.2% of time processing Tubes(Helpers)
             0.0% of time writing files
    Running @   79.924% of real-time (8 threads)
[0m  [35m
 RAIJU
      UT   = 2001-06-01 23:22:25
      Time =    22.417 [min]
     dtCpl =  5.00E+00 [sec]
     Max/Min dt @ k:
        Max 3.61E+01 [sec] @ 57
        Min 1.38E-01 [sec] @ 160
     Flav : max Press/Den @ L,MLT; DPS-dst
        0: P =   0.00, D =9075.91 @  1.54 Rp,12.07 MLT; DPS:   0.00
        1: P =   0.18, D =   7.14 @  9.94 Rp,13.01 MLT; DPS:  -0.59
        2: P =   3.08, D =   0.28 @  3.95 Rp,21.27 MLT; DPS:  -5.05
[0m [32m<Writing HDF5 DATA @ t =    22.334 [min] >[0m 
[32m<Writing RAIJU HDF5 DATA @ t =    22.417 [min] >[0m 
 [36m
 GAMERA
      Time =    22.417 [min]
        ts =    18753
        dt =  8.29E-02 [sec]
    dt/dt0 =   69.668%
    Spent     0.0% of time waiting for Voltron
      kZCs =   3582.80 /   1467.88 [MHD/TOT] (8 threads)
[0m       CPCP =   71.330  69.171 [kV, N/S]
 [34m
 VOLTRON
      UT   = 2001-06-01 23:22:25
      tilt =    0.000 [deg]
    Sym-H  =   -5.000 [nT]
    BSDst  ~   17.491 [nT]
           dSMRs  ~     0.80   -0.13   -0.83    0.17 [nT, 12/18/00/06]
   DPSDst  ~   -4.712 [nT]
   Spent    45.7% of time waiting for Gamera
            11.1% of time processing Chimp(Helpers)
             9.1% of time processing IMAG
            12.7% of time processing Remix
            21.2% of time processing Tubes(Helpers)
             0.0% of time writing files
    Running @   79.965% of real-time (8 threads)
[0m  [35m
 RAIJU
      UT   = 2001-06-01 23:22:30
      Time =    22.500 [min]
     dtCpl =  5.00E+00 [sec]
     Max/Min dt @ k:
        Max 3.60E+01 [sec] @ 57
        Min 1.38E-01 [sec] @ 160
     Flav : max Press/Den @ L,MLT; DPS-dst
        0: P =   0.00, D =9075.91 @  1.54 Rp,12.07 MLT; DPS:   0.00
        1: P =   0.18, D =   7.14 @  9.86 Rp,12.98 MLT; DPS:  -0.59
        2: P =   3.08, D =   0.28 @  3.95 Rp,21.27 MLT; DPS:  -5.04
[0m [32m<Writing HDF5 DATA @ t =    22.417 [min] >[0m 
[32m<Writing RAIJU HDF5 DATA @ t =    22.500 [min] >[0m 
 [36m
 GAMERA
      Time =    22.501 [min]
        ts =    18814
        dt =  8.29E-02 [sec]
    dt/dt0 =   69.639%
    Spent     0.0% of time waiting for Voltron
      kZCs =   3582.45 /   1482.21 [MHD/TOT] (8 threads)
[0m       CPCP =   71.483  69.197 [kV, N/S]
 [34m
 VOLTRON
      UT   = 2001-06-01 23:22:30
      tilt =    0.000 [deg]
    Sym-H  =   -5.000 [nT]
    BSDst  ~   17.478 [nT]
           dSMRs  ~     0.80   -0.13   -0.83    0.17 [nT, 12/18/00/06]
   DPSDst  ~   -4.715 [nT]
   Spent    45.8% of time waiting for Gamera
            11.1% of time processing Chimp(Helpers)
             9.1% of time processing IMAG
            12.6% of time processing Remix
            21.1% of time processing Tubes(Helpers)
             0.0% of time writing files
    Running @   80.012% of real-time (8 threads)
[0m  [35m
 RAIJU
      UT   = 2001-06-01 23:22:35
      Time =    22.583 [min]
     dtCpl =  5.00E+00 [sec]
     Max/Min dt @ k:
        Max 3.60E+01 [sec] @ 57
        Min 1.38E-01 [sec] @ 160
     Flav : max Press/Den @ L,MLT; DPS-dst
        0: P =   0.00, D =9075.91 @  1.54 Rp,12.07 MLT; DPS:   0.00
        1: P =   0.18, D =   7.13 @  9.86 Rp,12.99 MLT; DPS:  -0.59
        2: P =   3.08, D =   0.28 @  3.95 Rp,21.27 MLT; DPS:  -5.05
[0m [32m<Writing HDF5 DATA @ t =    22.501 [min] >[0m 
[32m<Writing RAIJU HDF5 DATA @ t =    22.583 [min] >[0m 
 [36m
 GAMERA
      Time =    22.584 [min]
        ts =    18874
        dt =  8.29E-02 [sec]
    dt/dt0 =   69.609%
    Spent     0.0% of time waiting for Voltron
      kZCs =   3581.93 /   1470.71 [MHD/TOT] (8 threads)
[0m       CPCP =   71.660  69.223 [kV, N/S]
 [34m
 VOLTRON
      UT   = 2001-06-01 23:22:35
      tilt =    0.000 [deg]
    Sym-H  =   -5.000 [nT]
    BSDst  ~   17.465 [nT]
           dSMRs  ~     0.80   -0.13   -0.84    0.17 [nT, 12/18/00/06]
   DPSDst  ~   -4.711 [nT]
   Spent    45.8% of time waiting for Gamera
            11.1% of time processing Chimp(Helpers)
             9.1% of time processing IMAG
            12.6% of time processing Remix
            21.1% of time processing Tubes(Helpers)
             0.0% of time writing files
    Running @   80.038% of real-time (8 threads)
[0m  [35m
 RAIJU
      UT   = 2001-06-01 23:22:40
      Time =    22.667 [min]
     dtCpl =  5.00E+00 [sec]
     Max/Min dt @ k:
        Max 3.59E+01 [sec] @ 57
        Min 1.38E-01 [sec] @ 160
     Flav : max Press/Den @ L,MLT; DPS-dst
        0: P =   0.00, D =9075.91 @  1.54 Rp,12.07 MLT; DPS:   0.00
        1: P =   0.18, D =   7.12 @  9.50 Rp,13.53 MLT; DPS:  -0.59
        2: P =   3.08, D =   0.28 @  3.95 Rp,21.27 MLT; DPS:  -5.04
[0m [32m<Writing HDF5 DATA @ t =    22.584 [min] >[0m 
[32m<Writing RAIJU HDF5 DATA @ t =    22.667 [min] >[0m 
 [36m
 GAMERA
      Time =    22.667 [min]
        ts =    18934
        dt =  8.28E-02 [sec]
    dt/dt0 =   69.578%
    Spent     0.0% of time waiting for Voltron
      kZCs =   3583.09 /   1470.27 [MHD/TOT] (8 threads)
[0m       CPCP =   71.816  69.196 [kV, N/S]
 [34m
 VOLTRON
      UT   = 2001-06-01 23:22:40
      tilt =    0.000 [deg]
    Sym-H  =   -5.000 [nT]
    BSDst  ~   17.453 [nT]
           dSMRs  ~     0.80   -0.13   -0.84    0.17 [nT, 12/18/00/06]
   DPSDst  ~   -4.748 [nT]
   Spent    45.8% of time waiting for Gamera
            11.1% of time processing Chimp(Helpers)
             9.1% of time processing IMAG
            12.6% of time processing Remix
            21.1% of time processing Tubes(Helpers)
             0.0% of time writing files
    Running @   80.074% of real-time (8 threads)
[0m  [35m
 RAIJU
      UT   = 2001-06-01 23:22:45
      Time =    22.750 [min]
     dtCpl =  5.00E+00 [sec]
     Max/Min dt @ k:
        Max 3.58E+01 [sec] @ 57
        Min 1.38E-01 [sec] @ 160
     Flav : max Press/Den @ L,MLT; DPS-dst
        0: P =   0.00, D =9075.91 @  1.54 Rp,12.07 MLT; DPS:   0.00
        1: P =   0.21, D =   6.92 @  7.10 Rp,11.64 MLT; DPS:  -0.61
        2: P =   3.08, D =   0.28 @  3.95 Rp,21.27 MLT; DPS:  -5.06
[0m [32m<Writing HDF5 DATA @ t =    22.667 [min] >[0m 
[32m<Writing RAIJU HDF5 DATA @ t =    22.750 [min] >[0m 
 [36m
 GAMERA
      Time =    22.751 [min]
        ts =    18995
        dt =  8.28E-02 [sec]
    dt/dt0 =   69.544%
    Spent     0.0% of time waiting for Voltron
      kZCs =   3582.02 /   1483.61 [MHD/TOT] (8 threads)
[0m       CPCP =   71.957  69.128 [kV, N/S]
 [34m
 VOLTRON
      UT   = 2001-06-01 23:22:45
      tilt =    0.000 [deg]
    Sym-H  =   -5.000 [nT]
    BSDst  ~   17.441 [nT]
           dSMRs  ~     0.80   -0.13   -0.84    0.17 [nT, 12/18/00/06]
   DPSDst  ~   -4.709 [nT]
   Spent    45.9% of time waiting for Gamera
            11.1% of time processing Chimp(Helpers)
             9.1% of time processing IMAG
            12.6% of time processing Remix
            21.1% of time processing Tubes(Helpers)
             0.0% of time writing files
    Running @   80.132% of real-time (8 threads)
[0m  [35m
 RAIJU
      UT   = 2001-06-01 23:22:50
      Time =    22.833 [min]
     dtCpl =  5.00E+00 [sec]
     Max/Min dt @ k:
        Max 3.58E+01 [sec] @ 57
        Min 1.38E-01 [sec] @ 160
     Flav : max Press/Den @ L,MLT; DPS-dst
        0: P =   0.00, D =9075.91 @  1.54 Rp,12.07 MLT; DPS:   0.00
        1: P =   0.18, D =   7.15 @  8.85 Rp,11.62 MLT; DPS:  -0.59
        2: P =   3.08, D =   0.28 @  3.95 Rp,21.14 MLT; DPS:  -5.04
[0m [32m<Writing HDF5 DATA @ t =    22.751 [min] >[0m 
[32m<Writing RAIJU HDF5 DATA @ t =    22.833 [min] >[0m 
 [36m
 GAMERA
      Time =    22.834 [min]
        ts =    19055
        dt =  8.28E-02 [sec]
    dt/dt0 =   69.511%
    Spent     0.0% of time waiting for Voltron
      kZCs =   3583.96 /   1468.37 [MHD/TOT] (8 threads)
[0m       CPCP =   72.038  69.100 [kV, N/S]
 [34m
 VOLTRON
      UT   = 2001-06-01 23:22:50
      tilt =    0.000 [deg]
    Sym-H  =   -5.000 [nT]
    BSDst  ~   17.434 [nT]
           dSMRs  ~     0.80   -0.13   -0.84    0.17 [nT, 12/18/00/06]
   DPSDst  ~   -4.704 [nT]
   Spent    45.9% of time waiting for Gamera
            11.1% of time processing Chimp(Helpers)
             9.1% of time processing IMAG
            12.6% of time processing Remix
            21.1% of time processing Tubes(Helpers)
             0.0% of time writing files
    Running @   80.151% of real-time (8 threads)
[0m  [35m
 RAIJU
      UT   = 2001-06-01 23:22:55
      Time =    22.917 [min]
     dtCpl =  5.00E+00 [sec]
     Max/Min dt @ k:
        Max 3.57E+01 [sec] @ 57
        Min 1.38E-01 [sec] @ 160
     Flav : max Press/Den @ L,MLT; DPS-dst
        0: P =   0.00, D =9075.91 @  1.54 Rp,12.07 MLT; DPS:   0.00
        1: P =   0.18, D =   7.14 @  8.91 Rp,11.68 MLT; DPS:  -0.58
        2: P =   3.08, D =   0.28 @  3.95 Rp,21.27 MLT; DPS:  -5.04
[0m [32m<Writing HDF5 DATA @ t =    22.834 [min] >[0m 
[32m<Writing RAIJU HDF5 DATA @ t =    22.917 [min] >[0m 
 [36m
 GAMERA
      Time =    22.917 [min]
        ts =    19115
        dt =  8.27E-02 [sec]
    dt/dt0 =   69.479%
    Spent     0.0% of time waiting for Voltron
      kZCs =   3582.80 /   1472.67 [MHD/TOT] (8 threads)
[0m       CPCP =   72.096  69.125 [kV, N/S]
 [34m
 VOLTRON
      UT   = 2001-06-01 23:22:55
      tilt =    0.000 [deg]
    Sym-H  =   -5.000 [nT]
    BSDst  ~   17.427 [nT]
           dSMRs  ~     0.80   -0.14   -0.84    0.17 [nT, 12/18/00/06]
   DPSDst  ~   -4.701 [nT]
   Spent    45.9% of time waiting for Gamera
            11.1% of time processing Chimp(Helpers)
             9.1% of time processing IMAG
            12.6% of time processing Remix
            21.1% of time processing Tubes(Helpers)
             0.0% of time writing files
    Running @   80.171% of real-time (8 threads)
[0m  [35m
 RAIJU
      UT   = 2001-06-01 23:22:59
      Time =    23.000 [min]
     dtCpl =  5.00E+00 [sec]
     Max/Min dt @ k:
        Max 3.57E+01 [sec] @ 57
        Min 1.38E-01 [sec] @ 160
     Flav : max Press/Den @ L,MLT; DPS-dst
        0: P =   0.00, D =9075.91 @  1.54 Rp,12.07 MLT; DPS:   0.00
        1: P =   0.18, D =   7.13 @  8.95 Rp,11.70 MLT; DPS:  -0.58
        2: P =   3.08, D =   0.28 @  3.95 Rp,21.14 MLT; DPS:  -5.04
[0m [32m<Writing HDF5 DATA @ t =    22.917 [min] >[0m 
[32m<Writing RAIJU HDF5 DATA @ t =    23.000 [min] >[0m 
 [36m
 GAMERA
      Time =    23.001 [min]
        ts =    19176
        dt =  8.27E-02 [sec]
    dt/dt0 =   69.445%
    Spent     0.0% of time waiting for Voltron
      kZCs =   3583.59 /   1486.97 [MHD/TOT] (8 threads)
[0m       CPCP =   72.190  69.163 [kV, N/S]
 [34m
 VOLTRON
      UT   = 2001-06-01 23:23:00
      tilt =    0.000 [deg]
    Sym-H  =   -5.000 [nT]
    BSDst  ~   17.420 [nT]
           dSMRs  ~     0.80   -0.14   -0.84    0.18 [nT, 12/18/00/06]
   DPSDst  ~   -4.699 [nT]
   Spent    45.9% of time waiting for Gamera
            11.1% of time processing Chimp(Helpers)
             9.1% of time processing IMAG
            12.5% of time processing Remix
            21.1% of time processing Tubes(Helpers)
             0.0% of time writing files
    Running @   80.218% of real-time (8 threads)
[0m  [35m
 RAIJU
      UT   = 2001-06-01 23:23:05
      Time =    23.083 [min]
     dtCpl =  5.00E+00 [sec]
     Max/Min dt @ k:
        Max 3.56E+01 [sec] @ 57
        Min 1.38E-01 [sec] @ 160
     Flav : max Press/Den @ L,MLT; DPS-dst
        0: P =   0.00, D =9075.91 @  1.54 Rp,12.07 MLT; DPS:   0.00
        1: P =   0.18, D =   7.12 @  8.93 Rp,11.72 MLT; DPS:  -0.58
        2: P =   3.08, D =   0.28 @  3.95 Rp,21.14 MLT; DPS:  -5.04
[0m [32m<Writing HDF5 DATA @ t =    23.001 [min] >[0m 
[32m<Writing RAIJU HDF5 DATA @ t =    23.083 [min] >[0m 
 [36m
 GAMERA
      Time =    23.083 [min]
        ts =    19236
        dt =  8.26E-02 [sec]
    dt/dt0 =   69.409%
    Spent     0.0% of time waiting for Voltron
      kZCs =   3583.09 /   1473.97 [MHD/TOT] (8 threads)
[0m       CPCP =   72.233  69.194 [kV, N/S]
 [34m
 VOLTRON
      UT   = 2001-06-01 23:23:05
      tilt =    0.000 [deg]
    Sym-H  =   -5.000 [nT]
    BSDst  ~   17.409 [nT]
           dSMRs  ~     0.80   -0.14   -0.84    0.18 [nT, 12/18/00/06]
   DPSDst  ~   -4.679 [nT]
   Spent    46.0% of time waiting for Gamera
            11.1% of time processing Chimp(Helpers)
             9.1% of time processing IMAG
            12.5% of time processing Remix
            21.1% of time processing Tubes(Helpers)
             0.0% of time writing files
    Running @   80.179% of real-time (8 threads)
[0m  [35m
 RAIJU
      UT   = 2001-06-01 23:23:10
      Time =    23.167 [min]
     dtCpl =  5.00E+00 [sec]
     Max/Min dt @ k:
        Max 3.55E+01 [sec] @ 57
        Min 1.38E-01 [sec] @ 160
     Flav : max Press/Den @ L,MLT; DPS-dst
        0: P =   0.00, D =9075.91 @  1.54 Rp,12.07 MLT; DPS:   0.00
        1: P =   0.11, D =   3.02 @ 12.17 Rp, 0.08 MLT; DPS:  -0.57
        2: P =   3.08, D =   0.28 @  3.95 Rp,21.14 MLT; DPS:  -5.03
[0m [32m<Writing HDF5 DATA @ t =    23.083 [min] >[0m 
[32m<Writing RAIJU HDF5 DATA @ t =    23.167 [min] >[0m 
 [36m
 GAMERA
      Time =    23.167 [min]
        ts =    19297
        dt =  8.26E-02 [sec]
    dt/dt0 =   69.370%
    Spent     0.0% of time waiting for Voltron
      kZCs =   3583.45 /   1482.90 [MHD/TOT] (8 threads)
[0m       CPCP =   72.208  69.217 [kV, N/S]
 [34m
 VOLTRON
      UT   = 2001-06-01 23:23:10
      tilt =    0.000 [deg]
    Sym-H  =   -5.000 [nT]
    BSDst  ~   17.398 [nT]
           dSMRs  ~     0.80   -0.14   -0.84    0.18 [nT, 12/18/00/06]
   DPSDst  ~   -4.695 [nT]
   Spent    46.0% of time waiting for Gamera
            11.1% of time processing Chimp(Helpers)
             9.1% of time processing IMAG
            12.5% of time processing Remix
            21.0% of time processing Tubes(Helpers)
             0.0% of time writing files
    Running @   80.207% of real-time (8 threads)
[0m  [35m
 RAIJU
      UT   = 2001-06-01 23:23:15
      Time =    23.250 [min]
     dtCpl =  5.00E+00 [sec]
     Max/Min dt @ k:
        Max 3.54E+01 [sec] @ 57
        Min 1.38E-01 [sec] @ 160
     Flav : max Press/Den @ L,MLT; DPS-dst
        0: P =   0.00, D =9075.91 @  1.54 Rp,12.07 MLT; DPS:   0.00
        1: P =   0.18, D =   7.10 @  8.85 Rp,11.72 MLT; DPS:  -0.58
        2: P =   3.08, D =   0.28 @  3.95 Rp,21.14 MLT; DPS:  -5.04
[0m [32m<Writing HDF5 DATA @ t =    23.167 [min] >[0m 
[32m<Writing RAIJU HDF5 DATA @ t =    23.250 [min] >[0m 
 [36m
 GAMERA
      Time =    23.250 [min]
        ts =    19357
        dt =  8.25E-02 [sec]
    dt/dt0 =   69.331%
    Spent     0.0% of time waiting for Voltron
      kZCs =   3582.94 /   1474.31 [MHD/TOT] (8 threads)
[0m       CPCP =   72.284  69.259 [kV, N/S]
 [34m
 VOLTRON
      UT   = 2001-06-01 23:23:15
      tilt =    0.000 [deg]
    Sym-H  =   -5.000 [nT]
    BSDst  ~   17.391 [nT]
           dSMRs  ~     0.81   -0.13   -0.85    0.17 [nT, 12/18/00/06]
   DPSDst  ~   -4.691 [nT]
   Spent    46.0% of time waiting for Gamera
            11.1% of time processing Chimp(Helpers)
             9.1% of time processing IMAG
            12.5% of time processing Remix
            21.0% of time processing Tubes(Helpers)
             0.0% of time writing files
    Running @   80.226% of real-time (8 threads)
[0m  [35m
 RAIJU
      UT   = 2001-06-01 23:23:20
      Time =    23.333 [min]
     dtCpl =  5.00E+00 [sec]
     Max/Min dt @ k:
        Max 3.54E+01 [sec] @ 57
        Min 1.38E-01 [sec] @ 160
     Flav : max Press/Den @ L,MLT; DPS-dst
        0: P =   0.00, D =9075.91 @  1.54 Rp,12.07 MLT; DPS:   0.00
        1: P =   0.18, D =   7.09 @  8.86 Rp,11.74 MLT; DPS:  -0.57
        2: P =   3.08, D =   0.28 @  3.95 Rp,21.14 MLT; DPS:  -5.03
[0m [32m<Writing HDF5 DATA @ t =    23.250 [min] >[0m 
[32m<Writing RAIJU HDF5 DATA @ t =    23.333 [min] >[0m 
 [36m
 GAMERA
      Time =    23.334 [min]
        ts =    19418
        dt =  8.25E-02 [sec]
    dt/dt0 =   69.291%
    Spent     0.0% of time waiting for Voltron
      kZCs =   3583.31 /   1487.80 [MHD/TOT] (8 threads)
[0m       CPCP =   72.332  69.336 [kV, N/S]
 [34m
 VOLTRON
      UT   = 2001-06-01 23:23:20
      tilt =    0.000 [deg]
    Sym-H  =   -5.000 [nT]
    BSDst  ~   17.387 [nT]
           dSMRs  ~     0.82   -0.14   -0.85    0.17 [nT, 12/18/00/06]
   DPSDst  ~   -4.685 [nT]
   Spent    46.1% of time waiting for Gamera
            11.1% of time processing Chimp(Helpers)
             9.1% of time processing IMAG
            12.5% of time processing Remix
            21.0% of time processing Tubes(Helpers)
             0.0% of time writing files
    Running @   80.276% of real-time (8 threads)
[0m  [35m
 RAIJU
      UT   = 2001-06-01 23:23:25
      Time =    23.417 [min]
     dtCpl =  5.00E+00 [sec]
     Max/Min dt @ k:
        Max 3.53E+01 [sec] @ 57
        Min 1.38E-01 [sec] @ 160
     Flav : max Press/Den @ L,MLT; DPS-dst
        0: P =   0.00, D =9075.91 @  1.54 Rp,12.07 MLT; DPS:   0.00
        1: P =   0.18, D =   7.08 @  8.88 Rp,11.75 MLT; DPS:  -0.57
        2: P =   3.08, D =   0.28 @  3.95 Rp,21.14 MLT; DPS:  -5.03
[0m [32m<Writing HDF5 DATA @ t =    23.334 [min] >[0m 
[32m<Writing RAIJU HDF5 DATA @ t =    23.417 [min] >[0m 
 [36m
 GAMERA
      Time =    23.418 [min]
        ts =    19479
        dt =  8.25E-02 [sec]
    dt/dt0 =   69.253%
    Spent     0.0% of time waiting for Voltron
      kZCs =   3585.45 /   1488.54 [MHD/TOT] (8 threads)
[0m       CPCP =   72.395  69.394 [kV, N/S]
 [34m
 VOLTRON
      UT   = 2001-06-01 23:23:25
      tilt =    0.000 [deg]
    Sym-H  =   -5.000 [nT]
    BSDst  ~   17.385 [nT]
           dSMRs  ~     0.82   -0.14   -0.86    0.17 [nT, 12/18/00/06]
   DPSDst  ~   -4.687 [nT]
   Spent    46.1% of time waiting for Gamera
            11.1% of time processing Chimp(Helpers)
             9.1% of time processing IMAG
            12.4% of time processing Remix
            21.0% of time processing Tubes(Helpers)
             0.0% of time writing files
    Running @   80.327% of real-time (8 threads)
[0m  [35m
 RAIJU
      UT   = 2001-06-01 23:23:30
      Time =    23.500 [min]
     dtCpl =  5.00E+00 [sec]
     Max/Min dt @ k:
        Max 3.51E+01 [sec] @ 57
        Min 1.38E-01 [sec] @ 160
     Flav : max Press/Den @ L,MLT; DPS-dst
        0: P =   0.00, D =9075.91 @  1.54 Rp,12.07 MLT; DPS:   0.00
        1: P =   0.18, D =   7.07 @  8.86 Rp,11.76 MLT; DPS:  -0.57
        2: P =   3.08, D =   0.28 @  3.95 Rp,21.27 MLT; DPS:  -5.03
[0m [32m<Writing HDF5 DATA @ t =    23.418 [min] >[0m 
[32m<Writing RAIJU HDF5 DATA @ t =    23.500 [min] >[0m 
 [36m
 GAMERA
      Time =    23.500 [min]
        ts =    19539
        dt =  8.24E-02 [sec]
    dt/dt0 =   69.224%
    Spent     0.0% of time waiting for Voltron
      kZCs =   3584.10 /   1475.57 [MHD/TOT] (8 threads)
[0m       CPCP =   72.510  69.442 [kV, N/S]
 [34m
 VOLTRON
      UT   = 2001-06-01 23:23:30
      tilt =    0.000 [deg]
    Sym-H  =   -5.000 [nT]
    BSDst  ~   17.380 [nT]
           dSMRs  ~     0.83   -0.13   -0.87    0.17 [nT, 12/18/00/06]
   DPSDst  ~   -4.688 [nT]
   Spent    46.1% of time waiting for Gamera
            11.1% of time processing Chimp(Helpers)
             9.1% of time processing IMAG
            12.4% of time processing Remix
            21.0% of time processing Tubes(Helpers)
             0.0% of time writing files
    Running @   80.300% of real-time (8 threads)
[0m  [35m
 RAIJU
      UT   = 2001-06-01 23:23:35
      Time =    23.583 [min]
     dtCpl =  5.00E+00 [sec]
     Max/Min dt @ k:
        Max 3.50E+01 [sec] @ 57
        Min 1.38E-01 [sec] @ 160
     Flav : max Press/Den @ L,MLT; DPS-dst
        0: P =   0.00, D =9075.91 @  1.54 Rp,12.07 MLT; DPS:   0.00
        1: P =   0.18, D =   7.02 @  8.10 Rp,10.81 MLT; DPS:  -0.57
        2: P =   3.08, D =   0.28 @  3.95 Rp,21.27 MLT; DPS:  -5.03
[0m [32m<Writing HDF5 DATA @ t =    23.500 [min] >[0m 
[32m<Writing RAIJU HDF5 DATA @ t =    23.583 [min] >[0m 
 [36m
 GAMERA
      Time =    23.584 [min]
        ts =    19600
        dt =  8.24E-02 [sec]
    dt/dt0 =   69.198%
    Spent     0.0% of time waiting for Voltron
      kZCs =   3582.59 /   1488.44 [MHD/TOT] (8 threads)
[0m       CPCP =   72.615  69.475 [kV, N/S]
 [34m
 VOLTRON
      UT   = 2001-06-01 23:23:35
      tilt =    0.000 [deg]
    Sym-H  =   -5.000 [nT]
    BSDst  ~   17.371 [nT]
           dSMRs  ~     0.84   -0.13   -0.87    0.17 [nT, 12/18/00/06]
   DPSDst  ~   -4.669 [nT]
   Spent    46.1% of time waiting for Gamera
            11.1% of time processing Chimp(Helpers)
             9.1% of time processing IMAG
            12.4% of time processing Remix
            21.0% of time processing Tubes(Helpers)
             0.0% of time writing files
    Running @   80.346% of real-time (8 threads)
[0m  [35m
 RAIJU
      UT   = 2001-06-01 23:23:40
      Time =    23.667 [min]
     dtCpl =  5.00E+00 [sec]
     Max/Min dt @ k:
        Max 3.49E+01 [sec] @ 57
        Min 1.38E-01 [sec] @ 160
     Flav : max Press/Den @ L,MLT; DPS-dst
        0: P =   0.00, D =9075.91 @  1.54 Rp,12.07 MLT; DPS:   0.00
        1: P =   0.18, D =   7.01 @  8.27 Rp,10.89 MLT; DPS:  -0.57
        2: P =   3.08, D =   0.28 @  3.95 Rp,21.27 MLT; DPS:  -5.02
[0m [32m<Writing HDF5 DATA @ t =    23.584 [min] >[0m 
[32m<Writing RAIJU HDF5 DATA @ t =    23.667 [min] >[0m 
 [36m
 GAMERA
      Time =    23.668 [min]
        ts =    19661
        dt =  8.24E-02 [sec]
    dt/dt0 =   69.172%
    Spent     0.0% of time waiting for Voltron
      kZCs =   3584.88 /   1489.38 [MHD/TOT] (8 threads)
[0m       CPCP =   72.737  69.477 [kV, N/S]
 [34m
 VOLTRON
      UT   = 2001-06-01 23:23:40
      tilt =    0.000 [deg]
    Sym-H  =   -5.000 [nT]
    BSDst  ~   17.361 [nT]
           dSMRs  ~     0.84   -0.13   -0.87    0.16 [nT, 12/18/00/06]
   DPSDst  ~   -4.667 [nT]
   Spent    46.2% of time waiting for Gamera
            11.1% of time processing Chimp(Helpers)
             9.1% of time processing IMAG
            12.4% of time processing Remix
            21.0% of time processing Tubes(Helpers)
             0.0% of time writing files
    Running @   80.394% of real-time (8 threads)
[0m  [35m
 RAIJU
      UT   = 2001-06-01 23:23:45
      Time =    23.750 [min]
     dtCpl =  5.00E+00 [sec]
     Max/Min dt @ k:
        Max 3.47E+01 [sec] @ 57
        Min 1.38E-01 [sec] @ 160
     Flav : max Press/Den @ L,MLT; DPS-dst
        0: P =   0.00, D =9075.91 @  1.54 Rp,12.07 MLT; DPS:   0.00
        1: P =   0.18, D =   7.00 @  8.28 Rp,10.92 MLT; DPS:  -0.56
        2: P =   3.08, D =   0.28 @  3.95 Rp,21.27 MLT; DPS:  -5.02
[0m [32m<Writing HDF5 DATA @ t =    23.668 [min] >[0m 
[32m<Writing RAIJU HDF5 DATA @ t =    23.750 [min] >[0m 
 [36m
 GAMERA
      Time =    23.750 [min]
        ts =    19721
        dt =  8.23E-02 [sec]
    dt/dt0 =   69.148%
    Spent     0.0% of time waiting for Voltron
      kZCs =   3582.51 /   1474.76 [MHD/TOT] (8 threads)
[0m       CPCP =   72.844  69.437 [kV, N/S]
 [34m
 VOLTRON
      UT   = 2001-06-01 23:23:45
      tilt =    0.000 [deg]
    Sym-H  =   -5.000 [nT]
    BSDst  ~   17.353 [nT]
           dSMRs  ~     0.84   -0.13   -0.88    0.16 [nT, 12/18/00/06]
   DPSDst  ~   -4.665 [nT]
   Spent    46.2% of time waiting for Gamera
            11.1% of time processing Chimp(Helpers)
             9.1% of time processing IMAG
            12.4% of time processing Remix
            21.0% of time processing Tubes(Helpers)
             0.0% of time writing files
    Running @   80.360% of real-time (8 threads)
[0m  [35m
 RAIJU
      UT   = 2001-06-01 23:23:50
      Time =    23.833 [min]
     dtCpl =  5.00E+00 [sec]
     Max/Min dt @ k:
        Max 3.46E+01 [sec] @ 57
        Min 1.38E-01 [sec] @ 160
     Flav : max Press/Den @ L,MLT; DPS-dst
        0: P =   0.00, D =9075.91 @  1.54 Rp,12.07 MLT; DPS:   0.00
        1: P =   0.18, D =   6.99 @  8.27 Rp,10.94 MLT; DPS:  -0.56
        2: P =   3.08, D =   0.28 @  3.95 Rp,21.27 MLT; DPS:  -5.01
[0m [32m<Writing HDF5 DATA @ t =    23.750 [min] >[0m 
[32m<Writing RAIJU HDF5 DATA @ t =    23.833 [min] >[0m 
 [36m
 GAMERA
      Time =    23.834 [min]
        ts =    19782
        dt =  8.23E-02 [sec]
    dt/dt0 =   69.122%
    Spent     0.0% of time waiting for Voltron
      kZCs =   3582.02 /   1489.43 [MHD/TOT] (8 threads)
[0m       CPCP =   72.944  69.364 [kV, N/S]
 [34m
 VOLTRON
      UT   = 2001-06-01 23:23:50
      tilt =    0.000 [deg]
    Sym-H  =   -5.000 [nT]
    BSDst  ~   17.343 [nT]
           dSMRs  ~     0.85   -0.13   -0.88    0.16 [nT, 12/18/00/06]
   DPSDst  ~   -4.662 [nT]
   Spent    46.2% of time waiting for Gamera
            11.1% of time processing Chimp(Helpers)
             9.1% of time processing IMAG
            12.4% of time processing Remix
            20.9% of time processing Tubes(Helpers)
             0.0% of time writing files
    Running @   80.401% of real-time (8 threads)
[0m  [35m
 RAIJU
      UT   = 2001-06-01 23:23:55
      Time =    23.917 [min]
     dtCpl =  5.00E+00 [sec]
     Max/Min dt @ k:
        Max 3.44E+01 [sec] @ 57
        Min 1.38E-01 [sec] @ 160
     Flav : max Press/Den @ L,MLT; DPS-dst
        0: P =   0.00, D =9075.91 @  1.54 Rp,12.07 MLT; DPS:   0.00
        1: P =   0.18, D =   6.98 @  8.27 Rp,10.96 MLT; DPS:  -0.56
        2: P =   3.08, D =   0.28 @  3.95 Rp,21.27 MLT; DPS:  -5.01
[0m [32m<Writing HDF5 DATA @ t =    23.834 [min] >[0m 
[32m<Writing RAIJU HDF5 DATA @ t =    23.917 [min] >[0m 
 [36m
 GAMERA
      Time =    23.917 [min]
        ts =    19843
        dt =  8.23E-02 [sec]
    dt/dt0 =   69.097%
    Spent     0.0% of time waiting for Voltron
      kZCs =   3584.45 /   1490.79 [MHD/TOT] (8 threads)
[0m       CPCP =   73.020  69.276 [kV, N/S]
 [34m
 VOLTRON
      UT   = 2001-06-01 23:23:55
      tilt =    0.000 [deg]
    Sym-H  =   -5.000 [nT]
    BSDst  ~   17.335 [nT]
           dSMRs  ~     0.85   -0.13   -0.89    0.16 [nT, 12/18/00/06]
   DPSDst  ~   -4.658 [nT]
   Spent    46.2% of time waiting for Gamera
            11.1% of time processing Chimp(Helpers)
             9.1% of time processing IMAG
            12.4% of time processing Remix
            20.9% of time processing Tubes(Helpers)
             0.0% of time writing files
    Running @   80.378% of real-time (8 threads)
[0m  [35m
 RAIJU
      UT   = 2001-06-01 23:23:59
      Time =    24.000 [min]
     dtCpl =  5.00E+00 [sec]
     Max/Min dt @ k:
        Max 3.42E+01 [sec] @ 57
        Min 1.38E-01 [sec] @ 160
     Flav : max Press/Den @ L,MLT; DPS-dst
        0: P =   0.00, D =9075.91 @  1.54 Rp,12.07 MLT; DPS:   0.00
        1: P =   0.18, D =   6.97 @  8.26 Rp,10.98 MLT; DPS:  -0.56
        2: P =   3.08, D =   0.28 @  3.95 Rp,21.27 MLT; DPS:  -5.01
[0m [32m<Writing HDF5 DATA @ t =    23.917 [min] >[0m 
[32m<Writing RAIJU HDF5 DATA @ t =    24.000 [min] >[0m 
 [36m
 GAMERA
      Time =    24.001 [min]
        ts =    19904
        dt =  8.22E-02 [sec]
    dt/dt0 =   69.076%
    Spent     0.0% of time waiting for Voltron
      kZCs =   3580.88 /   1489.45 [MHD/TOT] (8 threads)
[0m       CPCP =   73.010  69.190 [kV, N/S]
 [34m
 VOLTRON
      UT   = 2001-06-01 23:24:00
      tilt =    0.000 [deg]
    Sym-H  =   -5.000 [nT]
    BSDst  ~   17.325 [nT]
           dSMRs  ~     0.86   -0.13   -0.89    0.16 [nT, 12/18/00/06]
   DPSDst  ~   -4.656 [nT]
   Spent    46.3% of time waiting for Gamera
            11.1% of time processing Chimp(Helpers)
             9.1% of time processing IMAG
            12.3% of time processing Remix
            20.9% of time processing Tubes(Helpers)
             0.0% of time writing files
    Running @   80.390% of real-time (8 threads)
[0m  [35m
 RAIJU
      UT   = 2001-06-01 23:24:05
      Time =    24.083 [min]
     dtCpl =  5.00E+00 [sec]
     Max/Min dt @ k:
        Max 3.41E+01 [sec] @ 57
        Min 1.38E-01 [sec] @ 160
     Flav : max Press/Den @ L,MLT; DPS-dst
        0: P =   0.00, D =9075.91 @  1.54 Rp,12.07 MLT; DPS:   0.00
        1: P =   0.18, D =   6.96 @  8.26 Rp,11.00 MLT; DPS:  -0.56
        2: P =   3.08, D =   0.28 @  3.95 Rp,21.14 MLT; DPS:  -5.01
[0m [32m<Writing HDF5 DATA @ t =    24.001 [min] >[0m 
[32m<Writing RAIJU HDF5 DATA @ t =    24.083 [min] >[0m 
 [36m
 GAMERA
      Time =    24.085 [min]
        ts =    19965
        dt =  8.22E-02 [sec]
    dt/dt0 =   69.054%
    Spent     0.0% of time waiting for Voltron
      kZCs =   3581.59 /   1489.92 [MHD/TOT] (8 threads)
[0m       CPCP =   72.990  69.122 [kV, N/S]
 [34m
 VOLTRON
      UT   = 2001-06-01 23:24:05
      tilt =    0.000 [deg]
    Sym-H  =   -5.000 [nT]
    BSDst  ~   17.316 [nT]
           dSMRs  ~     0.87   -0.13   -0.90    0.17 [nT, 12/18/00/06]
   DPSDst  ~   -4.684 [nT]
   Spent    46.3% of time waiting for Gamera
            11.1% of time processing Chimp(Helpers)
             9.1% of time processing IMAG
            12.3% of time processing Remix
            20.9% of time processing Tubes(Helpers)
             0.0% of time writing files
    Running @   80.431% of real-time (8 threads)
[0m  [35m
 RAIJU
      UT   = 2001-06-01 23:24:10
      Time =    24.167 [min]
     dtCpl =  5.00E+00 [sec]
     Max/Min dt @ k:
        Max 3.40E+01 [sec] @ 57
        Min 1.38E-01 [sec] @ 160
     Flav : max Press/Den @ L,MLT; DPS-dst
        0: P =   0.00, D =9075.91 @  1.54 Rp,12.07 MLT; DPS:   0.00
        1: P =   0.21, D =   6.79 @  6.55 Rp,11.92 MLT; DPS:  -0.57
        2: P =   3.08, D =   0.28 @  3.95 Rp,21.14 MLT; DPS:  -5.02
[0m [32m<Writing HDF5 DATA @ t =    24.085 [min] >[0m 
[32m<Writing RAIJU HDF5 DATA @ t =    24.167 [min] >[0m 
 [36m
 GAMERA
      Time =    24.167 [min]
        ts =    20025
        dt =  8.22E-02 [sec]
    dt/dt0 =   69.034%
    Spent     0.0% of time waiting for Voltron
      kZCs =   3581.64 /   1478.13 [MHD/TOT] (8 threads)
[0m       CPCP =   72.965  69.078 [kV, N/S]
 [34m
 VOLTRON
      UT   = 2001-06-01 23:24:10
      tilt =    0.000 [deg]
    Sym-H  =   -5.000 [nT]
    BSDst  ~   17.304 [nT]
           dSMRs  ~     0.87   -0.13   -0.91    0.17 [nT, 12/18/00/06]
   DPSDst  ~   -4.680 [nT]
   Spent    46.3% of time waiting for Gamera
            11.1% of time processing Chimp(Helpers)
             9.1% of time processing IMAG
            12.3% of time processing Remix
            20.9% of time processing Tubes(Helpers)
             0.0% of time writing files
    Running @   80.445% of real-time (8 threads)
[0m  [35m
 RAIJU
      UT   = 2001-06-01 23:24:15
      Time =    24.250 [min]
     dtCpl =  5.00E+00 [sec]
     Max/Min dt @ k:
        Max 3.39E+01 [sec] @ 57
        Min 1.38E-01 [sec] @ 160
     Flav : max Press/Den @ L,MLT; DPS-dst
        0: P =   0.00, D =9075.91 @  1.54 Rp,12.07 MLT; DPS:   0.00
        1: P =   0.21, D =   6.79 @  6.54 Rp,11.93 MLT; DPS:  -0.57
        2: P =   3.08, D =   0.28 @  3.95 Rp,21.14 MLT; DPS:  -5.02
[0m [32m<Writing HDF5 DATA @ t =    24.167 [min] >[0m 
[32m<Writing RAIJU HDF5 DATA @ t =    24.250 [min] >[0m 
 [36m
 GAMERA
      Time =    24.250 [min]
        ts =    20086
        dt =  8.22E-02 [sec]
    dt/dt0 =   69.014%
    Spent     0.0% of time waiting for Voltron
      kZCs =   3583.31 /   1492.25 [MHD/TOT] (8 threads)
[0m       CPCP =   72.930  69.034 [kV, N/S]
 [34m
 VOLTRON
      UT   = 2001-06-01 23:24:15
      tilt =    0.000 [deg]
    Sym-H  =   -5.000 [nT]
    BSDst  ~   17.291 [nT]
           dSMRs  ~     0.88   -0.13   -0.92    0.17 [nT, 12/18/00/06]
   DPSDst  ~   -4.674 [nT]
   Spent    46.3% of time waiting for Gamera
            11.1% of time processing Chimp(Helpers)
             9.1% of time processing IMAG
            12.3% of time processing Remix
            20.9% of time processing Tubes(Helpers)
             0.0% of time writing files
    Running @   80.462% of real-time (8 threads)
[0m  [35m
 RAIJU
      UT   = 2001-06-01 23:24:20
      Time =    24.333 [min]
     dtCpl =  5.00E+00 [sec]
     Max/Min dt @ k:
        Max 3.38E+01 [sec] @ 57
        Min 1.38E-01 [sec] @ 160
     Flav : max Press/Den @ L,MLT; DPS-dst
        0: P =   0.00, D =9075.91 @  1.54 Rp,12.07 MLT; DPS:   0.00
        1: P =   0.21, D =   6.78 @  6.55 Rp,11.95 MLT; DPS:  -0.57
        2: P =   3.08, D =   0.28 @  3.95 Rp,21.14 MLT; DPS:  -5.02
[0m [32m<Writing HDF5 DATA @ t =    24.250 [min] >[0m 
[32m<Writing RAIJU HDF5 DATA @ t =    24.333 [min] >[0m 
 [36m
 GAMERA
      Time =    24.334 [min]
        ts =    20147
        dt =  8.21E-02 [sec]
    dt/dt0 =   68.994%
    Spent     0.0% of time waiting for Voltron
      kZCs =   3582.59 /   1492.54 [MHD/TOT] (8 threads)
[0m       CPCP =   72.885  69.018 [kV, N/S]
 [34m
 VOLTRON
      UT   = 2001-06-01 23:24:20
      tilt =    0.000 [deg]
    Sym-H  =   -5.000 [nT]
    BSDst  ~   17.276 [nT]
           dSMRs  ~     0.88   -0.13   -0.92    0.17 [nT, 12/18/00/06]
   DPSDst  ~   -4.671 [nT]
   Spent    46.4% of time waiting for Gamera
            11.1% of time processing Chimp(Helpers)
             9.1% of time processing IMAG
            12.3% of time processing Remix
            20.9% of time processing Tubes(Helpers)
             0.0% of time writing files
    Running @   80.480% of real-time (8 threads)
[0m  [35m
 RAIJU
      UT   = 2001-06-01 23:24:25
      Time =    24.417 [min]
     dtCpl =  5.00E+00 [sec]
     Max/Min dt @ k:
        Max 3.37E+01 [sec] @ 57
        Min 1.38E-01 [sec] @ 160
     Flav : max Press/Den @ L,MLT; DPS-dst
        0: P =   0.00, D =9075.91 @  1.54 Rp,12.07 MLT; DPS:   0.00
        1: P =   0.21, D =   6.77 @  6.53 Rp,11.96 MLT; DPS:  -0.57
        2: P =   3.08, D =   0.28 @  3.95 Rp,21.14 MLT; DPS:  -5.01
[0m [32m<Writing HDF5 DATA @ t =    24.334 [min] >[0m 
[32m<Writing RAIJU HDF5 DATA @ t =    24.417 [min] >[0m 
 [36m
 GAMERA
      Time =    24.417 [min]
        ts =    20208
        dt =  8.21E-02 [sec]
    dt/dt0 =   68.972%
    Spent     0.0% of time waiting for Voltron
      kZCs =   3583.31 /   1494.03 [MHD/TOT] (8 threads)
[0m       CPCP =   72.834  68.987 [kV, N/S]
 [34m
 VOLTRON
      UT   = 2001-06-01 23:24:25
      tilt =    0.000 [deg]
    Sym-H  =   -5.000 [nT]
    BSDst  ~   17.260 [nT]
           dSMRs  ~     0.88   -0.13   -0.93    0.17 [nT, 12/18/00/06]
   DPSDst  ~   -4.670 [nT]
   Spent    46.4% of time waiting for Gamera
            11.1% of time processing Chimp(Helpers)
             9.1% of time processing IMAG
            12.2% of time processing Remix
            20.9% of time processing Tubes(Helpers)
             0.0% of time writing files
    Running @   80.513% of real-time (8 threads)
[0m  [35m
 RAIJU
      UT   = 2001-06-01 23:24:30
      Time =    24.500 [min]
     dtCpl =  5.00E+00 [sec]
     Max/Min dt @ k:
        Max 3.36E+01 [sec] @ 57
        Min 1.38E-01 [sec] @ 160
     Flav : max Press/Den @ L,MLT; DPS-dst
        0: P =   0.00, D =9075.91 @  1.54 Rp,12.07 MLT; DPS:   0.00
        1: P =   0.20, D =   6.76 @  6.53 Rp,11.97 MLT; DPS:  -0.56
        2: P =   3.08, D =   0.28 @  3.95 Rp,21.00 MLT; DPS:  -5.01
[0m [32m<Writing HDF5 DATA @ t =    24.417 [min] >[0m 
[32m<Writing RAIJU HDF5 DATA @ t =    24.500 [min] >[0m 
 [36m
 GAMERA
      Time =    24.501 [min]
        ts =    20269
        dt =  8.21E-02 [sec]
    dt/dt0 =   68.950%
    Spent     0.0% of time waiting for Voltron
      kZCs =   3582.74 /   1490.42 [MHD/TOT] (8 threads)
[0m       CPCP =   72.769  68.971 [kV, N/S]
 [34m
 VOLTRON
      UT   = 2001-06-01 23:24:30
      tilt =    0.000 [deg]
    Sym-H  =   -5.000 [nT]
    BSDst  ~   17.243 [nT]
           dSMRs  ~     0.89   -0.13   -0.93    0.17 [nT, 12/18/00/06]
   DPSDst  ~   -4.668 [nT]
   Spent    46.4% of time waiting for Gamera
            11.1% of time processing Chimp(Helpers)
             9.1% of time processing IMAG
            12.2% of time processing Remix
            20.9% of time processing Tubes(Helpers)
             0.0% of time writing files
    Running @   80.535% of real-time (8 threads)
[0m  [35m
 RAIJU
      UT   = 2001-06-01 23:24:35
      Time =    24.583 [min]
     dtCpl =  5.00E+00 [sec]
     Max/Min dt @ k:
        Max 3.35E+01 [sec] @ 57
        Min 1.38E-01 [sec] @ 160
     Flav : max Press/Den @ L,MLT; DPS-dst
        0: P =   0.00, D =9075.91 @  1.54 Rp,12.07 MLT; DPS:   0.00
        1: P =   0.20, D =   6.75 @  6.48 Rp,11.97 MLT; DPS:  -0.56
        2: P =   3.08, D =   0.28 @  3.95 Rp,21.00 MLT; DPS:  -5.01
[0m [32m<Writing HDF5 DATA @ t =    24.501 [min] >[0m 
[32m<Writing RAIJU HDF5 DATA @ t =    24.583 [min] >[0m 
 [36m
 GAMERA
      Time =    24.584 [min]
        ts =    20330
        dt =  8.21E-02 [sec]
    dt/dt0 =   68.930%
    Spent     0.0% of time waiting for Voltron
      kZCs =   3584.31 /   1494.18 [MHD/TOT] (8 threads)
[0m       CPCP =   72.718  68.973 [kV, N/S]
 [34m
 VOLTRON
      UT   = 2001-06-01 23:24:35
      tilt =    0.000 [deg]
    Sym-H  =   -5.000 [nT]
    BSDst  ~   17.225 [nT]
           dSMRs  ~     0.89   -0.13   -0.94    0.17 [nT, 12/18/00/06]
   DPSDst  ~   -4.667 [nT]
   Spent    46.4% of time waiting for Gamera
            11.1% of time processing Chimp(Helpers)
             9.1% of time processing IMAG
            12.2% of time processing Remix
            20.9% of time processing Tubes(Helpers)
             0.0% of time writing files
    Running @   80.545% of real-time (8 threads)
[0m  [35m
 RAIJU
      UT   = 2001-06-01 23:24:40
      Time =    24.667 [min]
     dtCpl =  5.00E+00 [sec]
     Max/Min dt @ k:
        Max 3.34E+01 [sec] @ 57
        Min 1.38E-01 [sec] @ 160
     Flav : max Press/Den @ L,MLT; DPS-dst
        0: P =   0.00, D =9075.91 @  1.54 Rp,12.07 MLT; DPS:   0.00
        1: P =   0.20, D =   6.74 @  6.49 Rp,11.98 MLT; DPS:  -0.56
        2: P =   3.08, D =   0.28 @  3.95 Rp,20.87 MLT; DPS:  -5.01
[0m [32m<Writing HDF5 DATA @ t =    24.584 [min] >[0m 
[32m<Writing RAIJU HDF5 DATA @ t =    24.667 [min] >[0m 
 [36m
 GAMERA
      Time =    24.668 [min]
        ts =    20391
        dt =  8.20E-02 [sec]
    dt/dt0 =   68.910%
    Spent     0.0% of time waiting for Voltron
      kZCs =   3582.16 /   1494.16 [MHD/TOT] (8 threads)
[0m       CPCP =   72.692  68.938 [kV, N/S]
 [34m
 VOLTRON
      UT   = 2001-06-01 23:24:40
      tilt =    0.000 [deg]
    Sym-H  =   -5.000 [nT]
    BSDst  ~   17.209 [nT]
           dSMRs  ~     0.90   -0.13   -0.94    0.17 [nT, 12/18/00/06]
   DPSDst  ~   -4.664 [nT]
   Spent    46.5% of time waiting for Gamera
            11.1% of time processing Chimp(Helpers)
             9.1% of time processing IMAG
            12.2% of time processing Remix
            20.9% of time processing Tubes(Helpers)
             0.0% of time writing files
    Running @   80.572% of real-time (8 threads)
[0m  [35m
 RAIJU
      UT   = 2001-06-01 23:24:45
      Time =    24.750 [min]
     dtCpl =  5.00E+00 [sec]
     Max/Min dt @ k:
        Max 3.33E+01 [sec] @ 57
        Min 1.38E-01 [sec] @ 160
     Flav : max Press/Den @ L,MLT; DPS-dst
        0: P =   0.00, D =9075.91 @  1.54 Rp,12.07 MLT; DPS:   0.00
        1: P =   0.20, D =   6.73 @  6.48 Rp,11.99 MLT; DPS:  -0.56
        2: P =   3.08, D =   0.28 @  3.95 Rp,20.74 MLT; DPS:  -5.01
[0m [32m<Writing HDF5 DATA @ t =    24.668 [min] >[0m 
[32m<Writing RAIJU HDF5 DATA @ t =    24.750 [min] >[0m 
 [36m
 GAMERA
      Time =    24.751 [min]
        ts =    20452
        dt =  8.20E-02 [sec]
    dt/dt0 =   68.889%
    Spent     0.0% of time waiting for Voltron
      kZCs =   3583.16 /   1494.75 [MHD/TOT] (8 threads)
[0m       CPCP =   72.673  68.888 [kV, N/S]
 [34m
 VOLTRON
      UT   = 2001-06-01 23:24:45
      tilt =    0.000 [deg]
    Sym-H  =   -5.000 [nT]
    BSDst  ~   17.194 [nT]
           dSMRs  ~     0.90   -0.12   -0.95    0.17 [nT, 12/18/00/06]
   DPSDst  ~   -4.659 [nT]
   Spent    46.5% of time waiting for Gamera
            11.1% of time processing Chimp(Helpers)
             9.1% of time processing IMAG
            12.2% of time processing Remix
            20.9% of time processing Tubes(Helpers)
             0.0% of time writing files
    Running @   80.485% of real-time (8 threads)
[0m  [35m
 RAIJU
      UT   = 2001-06-01 23:24:50
      Time =    24.833 [min]
     dtCpl =  5.00E+00 [sec]
     Max/Min dt @ k:
        Max 3.33E+01 [sec] @ 57
        Min 1.38E-01 [sec] @ 160
     Flav : max Press/Den @ L,MLT; DPS-dst
        0: P =   0.00, D =9075.91 @  1.54 Rp,12.07 MLT; DPS:   0.00
        1: P =   0.20, D =   6.72 @  6.48 Rp,12.00 MLT; DPS:  -0.56
        2: P =   3.08, D =   0.28 @  3.95 Rp,20.60 MLT; DPS:  -5.01
[0m [32m<Writing HDF5 DATA @ t =    24.751 [min] >[0m 
[32m<Writing RAIJU HDF5 DATA @ t =    24.833 [min] >[0m 
 [36m
 GAMERA
      Time =    24.835 [min]
        ts =    20513
        dt =  8.20E-02 [sec]
    dt/dt0 =   68.869%
    Spent     0.0% of time waiting for Voltron
      kZCs =   3583.59 /   1494.65 [MHD/TOT] (8 threads)
[0m       CPCP =   72.677  68.841 [kV, N/S]
 [34m
 VOLTRON
      UT   = 2001-06-01 23:24:50
      tilt =    0.000 [deg]
    Sym-H  =   -5.000 [nT]
    BSDst  ~   17.180 [nT]
           dSMRs  ~     0.90   -0.12   -0.95    0.17 [nT, 12/18/00/06]
   DPSDst  ~   -4.656 [nT]
   Spent    46.5% of time waiting for Gamera
            11.1% of time processing Chimp(Helpers)
             9.1% of time processing IMAG
            12.2% of time processing Remix
            20.9% of time processing Tubes(Helpers)
             0.0% of time writing files
    Running @   80.514% of real-time (8 threads)
[0m  [35m
 RAIJU
      UT   = 2001-06-01 23:24:55
      Time =    24.917 [min]
     dtCpl =  5.00E+00 [sec]
     Max/Min dt @ k:
        Max 3.33E+01 [sec] @ 57
        Min 1.38E-01 [sec] @ 160
     Flav : max Press/Den @ L,MLT; DPS-dst
        0: P =   0.00, D =9075.91 @  1.54 Rp,12.07 MLT; DPS:   0.00
        1: P =   0.20, D =   6.71 @  6.46 Rp,12.01 MLT; DPS:  -0.56
        2: P =   3.08, D =   0.28 @  3.95 Rp,20.60 MLT; DPS:  -5.00
[0m [32m<Writing HDF5 DATA @ t =    24.835 [min] >[0m 
[32m<Writing RAIJU HDF5 DATA @ t =    24.917 [min] >[0m 
 [36m
 GAMERA
      Time =    24.918 [min]
        ts =    20574
        dt =  8.20E-02 [sec]
    dt/dt0 =   68.847%
    Spent     0.0% of time waiting for Voltron
      kZCs =   3581.45 /   1493.01 [MHD/TOT] (8 threads)
[0m       CPCP =   72.712  68.816 [kV, N/S]
 [34m
 VOLTRON
      UT   = 2001-06-01 23:24:55
      tilt =    0.000 [deg]
    Sym-H  =   -5.000 [nT]
    BSDst  ~   17.166 [nT]
           dSMRs  ~     0.91   -0.12   -0.95    0.17 [nT, 12/18/00/06]
   DPSDst  ~   -4.656 [nT]
   Spent    46.5% of time waiting for Gamera
            11.1% of time processing Chimp(Helpers)
             9.1% of time processing IMAG
            12.2% of time processing Remix
            20.9% of time processing Tubes(Helpers)
             0.0% of time writing files
    Running @   80.525% of real-time (8 threads)
[0m  [35m
 RAIJU
      UT   = 2001-06-01 23:24:59
      Time =    25.000 [min]
     dtCpl =  5.00E+00 [sec]
     Max/Min dt @ k:
        Max 3.32E+01 [sec] @ 57
        Min 1.38E-01 [sec] @ 160
     Flav : max Press/Den @ L,MLT; DPS-dst
        0: P =   0.00, D =9075.91 @  1.54 Rp,12.07 MLT; DPS:   0.00
        1: P =   0.20, D =   6.70 @  6.43 Rp,12.01 MLT; DPS:  -0.56
        2: P =   3.08, D =   0.28 @  3.95 Rp,20.60 MLT; DPS:  -5.00
[0m [32m<Writing HDF5 DATA @ t =    24.918 [min] >[0m 
[32m<Writing RAIJU HDF5 DATA @ t =    25.000 [min] >[0m 
 [36m
 GAMERA
      Time =    25.001 [min]
        ts =    20635
        dt =  8.19E-02 [sec]
    dt/dt0 =   68.826%
    Spent     0.0% of time waiting for Voltron
      kZCs =   3582.45 /   1494.68 [MHD/TOT] (8 threads)
[0m       CPCP =   72.732  68.818 [kV, N/S]
 [34m
 VOLTRON
      UT   = 2001-06-01 23:25:00
      tilt =    0.000 [deg]
    Sym-H  =   -5.000 [nT]
    BSDst  ~   17.150 [nT]
           dSMRs  ~     0.91   -0.12   -0.96    0.17 [nT, 12/18/00/06]
   DPSDst  ~   -4.654 [nT]
   Spent    46.5% of time waiting for Gamera
            11.1% of time processing Chimp(Helpers)
             9.1% of time processing IMAG
            12.2% of time processing Remix
            20.9% of time processing Tubes(Helpers)
             0.0% of time writing files
    Running @   80.551% of real-time (8 threads)
[0m  [35m
 RAIJU
      UT   = 2001-06-01 23:25:05
      Time =    25.083 [min]
     dtCpl =  5.00E+00 [sec]
     Max/Min dt @ k:
        Max 3.31E+01 [sec] @ 57
        Min 1.38E-01 [sec] @ 160
     Flav : max Press/Den @ L,MLT; DPS-dst
        0: P =   0.00, D =9075.91 @  1.54 Rp,12.07 MLT; DPS:   0.00
        1: P =   0.20, D =   6.68 @  6.44 Rp,12.02 MLT; DPS:  -0.55
        2: P =   3.08, D =   0.28 @  3.95 Rp,20.60 MLT; DPS:  -5.00
[0m [32m<Writing HDF5 DATA @ t =    25.001 [min] >[0m 
[32m<Writing RAIJU HDF5 DATA @ t =    25.083 [min] >[0m 
 [36m
 GAMERA
      Time =    25.084 [min]
        ts =    20696
        dt =  8.19E-02 [sec]
    dt/dt0 =   68.806%
    Spent     0.0% of time waiting for Voltron
      kZCs =   3583.73 /   1495.80 [MHD/TOT] (8 threads)
[0m       CPCP =   72.744  68.853 [kV, N/S]
 [34m
 VOLTRON
      UT   = 2001-06-01 23:25:05
      tilt =    0.000 [deg]
    Sym-H  =   -5.000 [nT]
    BSDst  ~   17.134 [nT]
           dSMRs  ~     0.91   -0.12   -0.96    0.16 [nT, 12/18/00/06]
   DPSDst  ~   -4.647 [nT]
   Spent    46.5% of time waiting for Gamera
            11.1% of time processing Chimp(Helpers)
             9.1% of time processing IMAG
            12.1% of time processing Remix
            20.8% of time processing Tubes(Helpers)
             0.0% of time writing files
    Running @   80.578% of real-time (8 threads)
[0m  [35m
 RAIJU
      UT   = 2001-06-01 23:25:10
      Time =    25.167 [min]
     dtCpl =  5.00E+00 [sec]
     Max/Min dt @ k:
        Max 3.30E+01 [sec] @ 57
        Min 1.38E-01 [sec] @ 160
     Flav : max Press/Den @ L,MLT; DPS-dst
        0: P =   0.00, D =9075.91 @  1.54 Rp,12.07 MLT; DPS:   0.00
        1: P =   0.20, D =   6.67 @  6.33 Rp,12.05 MLT; DPS:  -0.55
        2: P =   3.08, D =   0.28 @  3.95 Rp,20.47 MLT; DPS:  -5.00
[0m [32m<Writing HDF5 DATA @ t =    25.084 [min] >[0m 
[32m<Writing RAIJU HDF5 DATA @ t =    25.167 [min] >[0m 
 [36m
 GAMERA
      Time =    25.168 [min]
        ts =    20757
        dt =  8.19E-02 [sec]
    dt/dt0 =   68.786%
    Spent     0.0% of time waiting for Voltron
      kZCs =   3581.02 /   1495.60 [MHD/TOT] (8 threads)
[0m       CPCP =   72.770  68.891 [kV, N/S]
 [34m
 VOLTRON
      UT   = 2001-06-01 23:25:10
      tilt =    0.000 [deg]
    Sym-H  =   -5.000 [nT]
    BSDst  ~   17.116 [nT]
           dSMRs  ~     0.92   -0.12   -0.96    0.16 [nT, 12/18/00/06]
   DPSDst  ~   -4.637 [nT]
   Spent    46.6% of time waiting for Gamera
            11.1% of time processing Chimp(Helpers)
             9.1% of time processing IMAG
            12.1% of time processing Remix
            20.8% of time processing Tubes(Helpers)
             0.0% of time writing files
    Running @   80.609% of real-time (8 threads)
[0m  [35m
 RAIJU
      UT   = 2001-06-01 23:25:15
      Time =    25.250 [min]
     dtCpl =  5.00E+00 [sec]
     Max/Min dt @ k:
        Max 3.29E+01 [sec] @ 57
        Min 1.38E-01 [sec] @ 160
     Flav : max Press/Den @ L,MLT; DPS-dst
        0: P =   0.00, D =9075.91 @  1.54 Rp,12.07 MLT; DPS:   0.00
        1: P =   0.20, D =   6.66 @  6.30 Rp,12.06 MLT; DPS:  -0.55
        2: P =   3.08, D =   0.28 @  3.95 Rp,20.47 MLT; DPS:  -4.99
[0m [32m<Writing HDF5 DATA @ t =    25.168 [min] >[0m 
[32m<Writing RAIJU HDF5 DATA @ t =    25.250 [min] >[0m 
 [36m
 GAMERA
      Time =    25.251 [min]
        ts =    20818
        dt =  8.19E-02 [sec]
    dt/dt0 =   68.766%
    Spent     0.0% of time waiting for Voltron
      kZCs =   3584.02 /   1495.40 [MHD/TOT] (8 threads)
[0m       CPCP =   72.789  68.938 [kV, N/S]
 [34m
 VOLTRON
      UT   = 2001-06-01 23:25:15
      tilt =    0.000 [deg]
    Sym-H  =   -5.000 [nT]
    BSDst  ~   17.098 [nT]
           dSMRs  ~     0.92   -0.12   -0.96    0.16 [nT, 12/18/00/06]
   DPSDst  ~   -4.630 [nT]
   Spent    46.6% of time waiting for Gamera
            11.1% of time processing Chimp(Helpers)
             9.1% of time processing IMAG
            12.1% of time processing Remix
            20.8% of time processing Tubes(Helpers)
             0.0% of time writing files
    Running @   80.616% of real-time (8 threads)
[0m  [35m
 RAIJU
      UT   = 2001-06-01 23:25:20
      Time =    25.333 [min]
     dtCpl =  5.00E+00 [sec]
     Max/Min dt @ k:
        Max 3.28E+01 [sec] @ 57
        Min 1.38E-01 [sec] @ 160
     Flav : max Press/Den @ L,MLT; DPS-dst
        0: P =   0.00, D =9075.91 @  1.54 Rp,12.07 MLT; DPS:   0.00
        1: P =   0.20, D =   6.66 @  6.30 Rp,12.06 MLT; DPS:  -0.54
        2: P =   3.08, D =   0.28 @  3.95 Rp,20.47 MLT; DPS:  -4.99
[0m [32m<Writing HDF5 DATA @ t =    25.251 [min] >[0m 
[32m<Writing RAIJU HDF5 DATA @ t =    25.333 [min] >[0m 
 [36m
 GAMERA
      Time =    25.334 [min]
        ts =    20879
        dt =  8.18E-02 [sec]
    dt/dt0 =   68.746%
    Spent     0.0% of time waiting for Voltron
      kZCs =   3582.88 /   1496.04 [MHD/TOT] (8 threads)
[0m       CPCP =   72.775  68.985 [kV, N/S]
 [34m
 VOLTRON
      UT   = 2001-06-01 23:25:20
      tilt =    0.000 [deg]
    Sym-H  =   -5.000 [nT]
    BSDst  ~   17.080 [nT]
           dSMRs  ~     0.92   -0.11   -0.96    0.15 [nT, 12/18/00/06]
   DPSDst  ~   -4.630 [nT]
   Spent    46.6% of time waiting for Gamera
            11.1% of time processing Chimp(Helpers)
             9.1% of time processing IMAG
            12.1% of time processing Remix
            20.8% of time processing Tubes(Helpers)
             0.0% of time writing files
    Running @   80.595% of real-time (8 threads)
[0m  [35m
 RAIJU
      UT   = 2001-06-01 23:25:25
      Time =    25.417 [min]
     dtCpl =  5.00E+00 [sec]
     Max/Min dt @ k:
        Max 3.27E+01 [sec] @ 57
        Min 1.38E-01 [sec] @ 160
     Flav : max Press/Den @ L,MLT; DPS-dst
        0: P =   0.00, D =9075.91 @  1.54 Rp,12.07 MLT; DPS:   0.00
        1: P =   0.20, D =   6.65 @  6.29 Rp,12.07 MLT; DPS:  -0.54
        2: P =   3.08, D =   0.28 @  3.95 Rp,20.47 MLT; DPS:  -4.99
[0m [32m<Writing HDF5 DATA @ t =    25.334 [min] >[0m 
[32m<Writing RAIJU HDF5 DATA @ t =    25.417 [min] >[0m 
 [36m
 GAMERA
      Time =    25.417 [min]
        ts =    20940
        dt =  8.18E-02 [sec]
    dt/dt0 =   68.725%
    Spent     0.0% of time waiting for Voltron
      kZCs =   3584.16 /   1496.29 [MHD/TOT] (8 threads)
[0m       CPCP =   72.739  69.010 [kV, N/S]
 [34m
 VOLTRON
      UT   = 2001-06-01 23:25:25
      tilt =    0.000 [deg]
    Sym-H  =   -5.000 [nT]
    BSDst  ~   17.061 [nT]
           dSMRs  ~     0.93   -0.11   -0.96    0.15 [nT, 12/18/00/06]
   DPSDst  ~   -4.628 [nT]
   Spent    46.6% of time waiting for Gamera
            11.1% of time processing Chimp(Helpers)
             9.1% of time processing IMAG
            12.1% of time processing Remix
            20.8% of time processing Tubes(Helpers)
             0.0% of time writing files
    Running @   80.626% of real-time (8 threads)
[0m  [35m
 RAIJU
      UT   = 2001-06-01 23:25:30
      Time =    25.500 [min]
     dtCpl =  5.00E+00 [sec]
     Max/Min dt @ k:
        Max 3.27E+01 [sec] @ 57
        Min 1.38E-01 [sec] @ 160
     Flav : max Press/Den @ L,MLT; DPS-dst
        0: P =   0.00, D =9075.91 @  1.54 Rp,12.07 MLT; DPS:   0.00
        1: P =   0.20, D =   6.64 @  6.25 Rp,12.07 MLT; DPS:  -0.54
        2: P =   3.08, D =   0.28 @  3.95 Rp,20.47 MLT; DPS:  -4.99
[0m [32m<Writing HDF5 DATA @ t =    25.417 [min] >[0m 
[32m<Writing RAIJU HDF5 DATA @ t =    25.500 [min] >[0m 
 [36m
 GAMERA
      Time =    25.501 [min]
        ts =    21001
        dt =  8.18E-02 [sec]
    dt/dt0 =   68.704%
    Spent     0.0% of time waiting for Voltron
      kZCs =   3581.45 /   1496.62 [MHD/TOT] (8 threads)
[0m       CPCP =   72.704  69.018 [kV, N/S]
 [34m
 VOLTRON
      UT   = 2001-06-01 23:25:30
      tilt =    0.000 [deg]
    Sym-H  =   -5.000 [nT]
    BSDst  ~   17.043 [nT]
           dSMRs  ~     0.93   -0.11   -0.97    0.15 [nT, 12/18/00/06]
   DPSDst  ~   -4.624 [nT]
   Spent    46.6% of time waiting for Gamera
            11.1% of time processing Chimp(Helpers)
             9.1% of time processing IMAG
            12.1% of time processing Remix
            20.8% of time processing Tubes(Helpers)
             0.0% of time writing files
    Running @   80.602% of real-time (8 threads)
[0m  [35m
 RAIJU
      UT   = 2001-06-01 23:25:35
      Time =    25.583 [min]
     dtCpl =  5.00E+00 [sec]
     Max/Min dt @ k:
        Max 3.26E+01 [sec] @ 57
        Min 1.38E-01 [sec] @ 160
     Flav : max Press/Den @ L,MLT; DPS-dst
        0: P =   0.00, D =9075.91 @  1.54 Rp,12.07 MLT; DPS:   0.00
        1: P =   0.20, D =   6.63 @  6.26 Rp,12.09 MLT; DPS:  -0.54
        2: P =   3.08, D =   0.28 @  3.95 Rp,20.47 MLT; DPS:  -4.99
[0m [32m<Writing HDF5 DATA @ t =    25.501 [min] >[0m 
[32m<Writing RAIJU HDF5 DATA @ t =    25.583 [min] >[0m 
 [36m
 GAMERA
      Time =    25.584 [min]
        ts =    21062
        dt =  8.18E-02 [sec]
    dt/dt0 =   68.681%
    Spent     0.0% of time waiting for Voltron
      kZCs =   3576.61 /   1490.96 [MHD/TOT] (8 threads)
[0m       CPCP =   72.654  69.020 [kV, N/S]
 [34m
 VOLTRON
      UT   = 2001-06-01 23:25:35
      tilt =    0.000 [deg]
    Sym-H  =   -5.000 [nT]
    BSDst  ~   17.026 [nT]
           dSMRs  ~     0.94   -0.11   -0.97    0.15 [nT, 12/18/00/06]
   DPSDst  ~   -4.621 [nT]
   Spent    46.6% of time waiting for Gamera
            11.1% of time processing Chimp(Helpers)
             9.1% of time processing IMAG
            12.2% of time processing Remix
            20.8% of time processing Tubes(Helpers)
             0.0% of time writing files
    Running @   80.417% of real-time (8 threads)
[0m  [35m
 RAIJU
      UT   = 2001-06-01 23:25:40
      Time =    25.667 [min]
     dtCpl =  5.00E+00 [sec]
     Max/Min dt @ k:
        Max 3.25E+01 [sec] @ 57
        Min 1.38E-01 [sec] @ 160
     Flav : max Press/Den @ L,MLT; DPS-dst
        0: P =   0.00, D =9075.91 @  1.54 Rp,12.07 MLT; DPS:   0.00
        1: P =   0.20, D =   6.62 @  6.22 Rp,12.09 MLT; DPS:  -0.54
        2: P =   3.08, D =   0.28 @  3.95 Rp,20.34 MLT; DPS:  -4.98
[0m [32m<Writing HDF5 DATA @ t =    25.584 [min] >[0m 
[32m<Writing RAIJU HDF5 DATA @ t =    25.667 [min] >[0m 
 [36m
 GAMERA
      Time =    25.667 [min]
        ts =    21123
        dt =  8.17E-02 [sec]
    dt/dt0 =   68.659%
    Spent     0.0% of time waiting for Voltron
      kZCs =   3577.32 /   1494.18 [MHD/TOT] (8 threads)
[0m       CPCP =   72.625  69.014 [kV, N/S]
 [34m
 VOLTRON
      UT   = 2001-06-01 23:25:40
      tilt =    0.000 [deg]
    Sym-H  =   -5.000 [nT]
    BSDst  ~   17.011 [nT]
           dSMRs  ~     0.94   -0.11   -0.97    0.15 [nT, 12/18/00/06]
   DPSDst  ~   -4.618 [nT]
   Spent    46.6% of time waiting for Gamera
            11.1% of time processing Chimp(Helpers)
             9.1% of time processing IMAG
            12.2% of time processing Remix
            20.8% of time processing Tubes(Helpers)
             0.0% of time writing files
    Running @   80.411% of real-time (8 threads)
[0m  [35m
 RAIJU
      UT   = 2001-06-01 23:25:45
      Time =    25.750 [min]
     dtCpl =  5.00E+00 [sec]
     Max/Min dt @ k:
        Max 3.25E+01 [sec] @ 57
        Min 1.38E-01 [sec] @ 160
     Flav : max Press/Den @ L,MLT; DPS-dst
        0: P =   0.00, D =9075.91 @  1.54 Rp,12.07 MLT; DPS:   0.00
        1: P =   0.20, D =   6.61 @  6.23 Rp,12.10 MLT; DPS:  -0.54
        2: P =   3.08, D =   0.28 @  3.95 Rp,20.34 MLT; DPS:  -4.98
[0m [32m<Writing HDF5 DATA @ t =    25.667 [min] >[0m 
[32m<Writing RAIJU HDF5 DATA @ t =    25.750 [min] >[0m 
 [36m
 GAMERA
      Time =    25.751 [min]
        ts =    21185
        dt =  8.17E-02 [sec]
    dt/dt0 =   68.638%
    Spent     0.0% of time waiting for Voltron
      kZCs =   3579.17 /   1504.58 [MHD/TOT] (8 threads)
[0m       CPCP =   72.704  69.008 [kV, N/S]
 [34m
 VOLTRON
      UT   = 2001-06-01 23:25:45
      tilt =    0.000 [deg]
    Sym-H  =   -5.000 [nT]
    BSDst  ~   16.996 [nT]
           dSMRs  ~     0.95   -0.12   -0.98    0.14 [nT, 12/18/00/06]
   DPSDst  ~   -4.616 [nT]
   Spent    46.7% of time waiting for Gamera
            11.1% of time processing Chimp(Helpers)
             9.1% of time processing IMAG
            12.2% of time processing Remix
            20.7% of time processing Tubes(Helpers)
             0.0% of time writing files
    Running @   80.429% of real-time (8 threads)
[0m  [35m
 RAIJU
      UT   = 2001-06-01 23:25:50
      Time =    25.833 [min]
     dtCpl =  5.00E+00 [sec]
     Max/Min dt @ k:
        Max 3.24E+01 [sec] @ 58
        Min 1.38E-01 [sec] @ 160
     Flav : max Press/Den @ L,MLT; DPS-dst
        0: P =   0.00, D =9075.91 @  1.54 Rp,12.07 MLT; DPS:   0.00
        1: P =   0.20, D =   6.60 @  6.20 Rp,12.10 MLT; DPS:  -0.53
        2: P =   3.08, D =   0.28 @  3.95 Rp,20.34 MLT; DPS:  -4.98
[0m [32m<Writing HDF5 DATA @ t =    25.751 [min] >[0m 
[32m<Writing RAIJU HDF5 DATA @ t =    25.833 [min] >[0m 
 [36m
 GAMERA
      Time =    25.834 [min]
        ts =    21246
        dt =  8.17E-02 [sec]
    dt/dt0 =   68.622%
    Spent     0.0% of time waiting for Voltron
      kZCs =   3577.75 /   1494.60 [MHD/TOT] (8 threads)
[0m       CPCP =   72.729  68.992 [kV, N/S]
 [34m
 VOLTRON
      UT   = 2001-06-01 23:25:50
      tilt =    0.000 [deg]
    Sym-H  =   -5.000 [nT]
    BSDst  ~   16.983 [nT]
           dSMRs  ~     0.96   -0.12   -0.98    0.14 [nT, 12/18/00/06]
   DPSDst  ~   -4.612 [nT]
   Spent    46.7% of time waiting for Gamera
            11.1% of time processing Chimp(Helpers)
             9.1% of time processing IMAG
            12.2% of time processing Remix
            20.7% of time processing Tubes(Helpers)
             0.0% of time writing files
    Running @   80.438% of real-time (8 threads)
[0m  [35m
 RAIJU
      UT   = 2001-06-01 23:25:55
      Time =    25.917 [min]
     dtCpl =  5.00E+00 [sec]
     Max/Min dt @ k:
        Max 3.24E+01 [sec] @ 58
        Min 1.38E-01 [sec] @ 160
     Flav : max Press/Den @ L,MLT; DPS-dst
        0: P =   0.00, D =9075.91 @  1.54 Rp,12.07 MLT; DPS:   0.00
        1: P =   0.20, D =   6.59 @  6.18 Rp,12.10 MLT; DPS:  -0.53
        2: P =   3.08, D =   0.28 @  3.94 Rp,20.20 MLT; DPS:  -4.98
[0m [32m<Writing HDF5 DATA @ t =    25.834 [min] >[0m 
[32m<Writing RAIJU HDF5 DATA @ t =    25.917 [min] >[0m 
 [36m
 GAMERA
      Time =    25.917 [min]
        ts =    21307
        dt =  8.17E-02 [sec]
    dt/dt0 =   68.606%
    Spent     0.0% of time waiting for Voltron
      kZCs =   3580.03 /   1495.70 [MHD/TOT] (8 threads)
[0m       CPCP =   72.750  68.958 [kV, N/S]
 [34m
 VOLTRON
      UT   = 2001-06-01 23:25:55
      tilt =    0.000 [deg]
    Sym-H  =   -5.000 [nT]
    BSDst  ~   16.968 [nT]
           dSMRs  ~     0.96   -0.12   -0.98    0.14 [nT, 12/18/00/06]
   DPSDst  ~   -4.609 [nT]
   Spent    46.7% of time waiting for Gamera
            11.1% of time processing Chimp(Helpers)
             9.1% of time processing IMAG
            12.2% of time processing Remix
            20.7% of time processing Tubes(Helpers)
             0.0% of time writing files
    Running @   80.468% of real-time (8 threads)
[0m  [35m
 RAIJU
      UT   = 2001-06-01 23:25:59
      Time =    26.000 [min]
     dtCpl =  5.00E+00 [sec]
     Max/Min dt @ k:
        Max 3.23E+01 [sec] @ 58
        Min 1.38E-01 [sec] @ 160
     Flav : max Press/Den @ L,MLT; DPS-dst
        0: P =   0.00, D =9075.91 @  1.54 Rp,12.07 MLT; DPS:   0.00
        1: P =   0.20, D =   6.58 @  6.17 Rp,12.11 MLT; DPS:  -0.53
        2: P =   3.08, D =   0.28 @  3.94 Rp,20.20 MLT; DPS:  -4.98
[0m [32m<Writing HDF5 DATA @ t =    25.917 [min] >[0m 
[32m<Writing RAIJU HDF5 DATA @ t =    26.000 [min] >[0m 
 [36m
 GAMERA
      Time =    26.001 [min]
        ts =    21368
        dt =  8.17E-02 [sec]
    dt/dt0 =   68.591%
    Spent     0.0% of time waiting for Voltron
      kZCs =   3577.46 /   1494.90 [MHD/TOT] (8 threads)
[0m       CPCP =   72.781  68.905 [kV, N/S]
 [34m
 VOLTRON
      UT   = 2001-06-01 23:26:00
      tilt =    0.000 [deg]
    Sym-H  =   -5.000 [nT]
    BSDst  ~   16.953 [nT]
           dSMRs  ~     0.97   -0.12   -0.98    0.13 [nT, 12/18/00/06]
   DPSDst  ~   -4.606 [nT]
   Spent    46.7% of time waiting for Gamera
            11.1% of time processing Chimp(Helpers)
             9.1% of time processing IMAG
            12.2% of time processing Remix
            20.7% of time processing Tubes(Helpers)
             0.0% of time writing files
    Running @   80.487% of real-time (8 threads)
[0m  [35m
 RAIJU
      UT   = 2001-06-01 23:26:05
      Time =    26.083 [min]
     dtCpl =  5.00E+00 [sec]
     Max/Min dt @ k:
        Max 3.23E+01 [sec] @ 58
        Min 1.38E-01 [sec] @ 160
     Flav : max Press/Den @ L,MLT; DPS-dst
        0: P =   0.00, D =9075.91 @  1.54 Rp,12.07 MLT; DPS:   0.00
        1: P =   0.20, D =   6.57 @  6.17 Rp,12.12 MLT; DPS:  -0.53
        2: P =   3.07, D =   0.28 @  3.94 Rp,20.20 MLT; DPS:  -4.97
[0m [32m<Writing HDF5 DATA @ t =    26.001 [min] >[0m 
[32m<Writing RAIJU HDF5 DATA @ t =    26.083 [min] >[0m 
 [36m
 GAMERA
      Time =    26.084 [min]
        ts =    21429
        dt =  8.16E-02 [sec]
    dt/dt0 =   68.575%
    Spent     0.0% of time waiting for Voltron
      kZCs =   3577.04 /   1496.49 [MHD/TOT] (8 threads)
[0m       CPCP =   72.799  68.828 [kV, N/S]
 [34m
 VOLTRON
      UT   = 2001-06-01 23:26:05
      tilt =    0.000 [deg]
    Sym-H  =   -5.000 [nT]
    BSDst  ~   16.935 [nT]
           dSMRs  ~     0.97   -0.12   -0.99    0.13 [nT, 12/18/00/06]
   DPSDst  ~   -4.605 [nT]
   Spent    46.7% of time waiting for Gamera
            11.1% of time processing Chimp(Helpers)
             9.1% of time processing IMAG
            12.2% of time processing Remix
            20.7% of time processing Tubes(Helpers)
             0.0% of time writing files
    Running @   80.492% of real-time (8 threads)
[0m  [35m
 RAIJU
      UT   = 2001-06-01 23:26:10
      Time =    26.167 [min]
     dtCpl =  5.00E+00 [sec]
     Max/Min dt @ k:
        Max 3.22E+01 [sec] @ 58
        Min 1.38E-01 [sec] @ 160
     Flav : max Press/Den @ L,MLT; DPS-dst
        0: P =   0.00, D =9075.91 @  1.54 Rp,12.07 MLT; DPS:   0.00
        1: P =   0.20, D =   6.56 @  6.13 Rp,12.12 MLT; DPS:  -0.53
        2: P =   3.08, D =   0.28 @  3.96 Rp,23.34 MLT; DPS:  -4.97
[0m [32m<Writing HDF5 DATA @ t =    26.084 [min] >[0m 
[32m<Writing RAIJU HDF5 DATA @ t =    26.167 [min] >[0m 
 [36m
 GAMERA
      Time =    26.168 [min]
        ts =    21491
        dt =  8.16E-02 [sec]
    dt/dt0 =   68.559%
    Spent     0.0% of time waiting for Voltron
      kZCs =   3577.77 /   1508.97 [MHD/TOT] (8 threads)
[0m       CPCP =   72.778  68.786 [kV, N/S]
 [34m
 VOLTRON
      UT   = 2001-06-01 23:26:10
      tilt =    0.000 [deg]
    Sym-H  =   -5.000 [nT]
    BSDst  ~   16.917 [nT]
           dSMRs  ~     0.97   -0.12   -0.99    0.13 [nT, 12/18/00/06]
   DPSDst  ~   -4.598 [nT]
   Spent    46.8% of time waiting for Gamera
            11.1% of time processing Chimp(Helpers)
             9.1% of time processing IMAG
            12.1% of time processing Remix
            20.7% of time processing Tubes(Helpers)
             0.0% of time writing files
    Running @   80.518% of real-time (8 threads)
[0m  [35m
 RAIJU
      UT   = 2001-06-01 23:26:15
      Time =    26.250 [min]
     dtCpl =  5.00E+00 [sec]
     Max/Min dt @ k:
        Max 3.21E+01 [sec] @ 58
        Min 1.38E-01 [sec] @ 160
     Flav : max Press/Den @ L,MLT; DPS-dst
        0: P =   0.00, D =9075.91 @  1.54 Rp,12.07 MLT; DPS:   0.00
        1: P =   0.20, D =   6.54 @  6.13 Rp,12.13 MLT; DPS:  -0.52
        2: P =   3.08, D =   0.28 @  3.96 Rp,23.34 MLT; DPS:  -4.97
[0m [32m<Writing HDF5 DATA @ t =    26.168 [min] >[0m 
[32m<Writing RAIJU HDF5 DATA @ t =    26.250 [min] >[0m 
 [36m
 GAMERA
      Time =    26.251 [min]
        ts =    21552
        dt =  8.16E-02 [sec]
    dt/dt0 =   68.543%
    Spent     0.0% of time waiting for Voltron
      kZCs =   3577.18 /   1497.29 [MHD/TOT] (8 threads)
[0m       CPCP =   72.751  68.810 [kV, N/S]
 [34m
 VOLTRON
      UT   = 2001-06-01 23:26:15
      tilt =    0.000 [deg]
    Sym-H  =   -5.000 [nT]
    BSDst  ~   16.900 [nT]
           dSMRs  ~     0.98   -0.12   -0.99    0.13 [nT, 12/18/00/06]
   DPSDst  ~   -4.597 [nT]
   Spent    46.8% of time waiting for Gamera
            11.1% of time processing Chimp(Helpers)
             9.1% of time processing IMAG
            12.1% of time processing Remix
            20.7% of time processing Tubes(Helpers)
             0.0% of time writing files
    Running @   80.547% of real-time (8 threads)
[0m  [35m
 RAIJU
      UT   = 2001-06-01 23:26:20
      Time =    26.333 [min]
     dtCpl =  5.00E+00 [sec]
     Max/Min dt @ k:
        Max 3.20E+01 [sec] @ 58
        Min 1.38E-01 [sec] @ 160
     Flav : max Press/Den @ L,MLT; DPS-dst
        0: P =   0.00, D =9075.91 @  1.54 Rp,12.07 MLT; DPS:   0.00
        1: P =   0.20, D =   6.53 @  6.11 Rp,12.14 MLT; DPS:  -0.52
        2: P =   3.08, D =   0.28 @  3.96 Rp,23.34 MLT; DPS:  -4.97
[0m [32m<Writing HDF5 DATA @ t =    26.251 [min] >[0m 
[32m<Writing RAIJU HDF5 DATA @ t =    26.333 [min] >[0m 
 [36m
 GAMERA
      Time =    26.334 [min]
        ts =    21613
        dt =  8.16E-02 [sec]
    dt/dt0 =   68.529%
    Spent     0.0% of time waiting for Voltron
      kZCs =   3575.61 /   1496.82 [MHD/TOT] (8 threads)
[0m       CPCP =   72.741  68.860 [kV, N/S]
 [34m
 VOLTRON
      UT   = 2001-06-01 23:26:20
      tilt =    0.000 [deg]
    Sym-H  =   -5.000 [nT]
    BSDst  ~   16.885 [nT]
           dSMRs  ~     0.98   -0.12   -0.99    0.13 [nT, 12/18/00/06]
   DPSDst  ~   -4.596 [nT]
   Spent    46.8% of time waiting for Gamera
            11.1% of time processing Chimp(Helpers)
             9.1% of time processing IMAG
            12.1% of time processing Remix
            20.7% of time processing Tubes(Helpers)
             0.0% of time writing files
    Running @   80.562% of real-time (8 threads)
[0m  [35m
 RAIJU
      UT   = 2001-06-01 23:26:25
      Time =    26.417 [min]
     dtCpl =  5.00E+00 [sec]
     Max/Min dt @ k:
        Max 3.20E+01 [sec] @ 58
        Min 1.38E-01 [sec] @ 160
     Flav : max Press/Den @ L,MLT; DPS-dst
        0: P =   0.00, D =9075.91 @  1.54 Rp,12.07 MLT; DPS:   0.00
        1: P =   0.20, D =   6.52 @  6.11 Rp,12.15 MLT; DPS:  -0.52
        2: P =   3.08, D =   0.28 @  3.96 Rp,23.34 MLT; DPS:  -4.97
[0m [32m<Writing HDF5 DATA @ t =    26.334 [min] >[0m 
[32m<Writing RAIJU HDF5 DATA @ t =    26.417 [min] >[0m 
 [36m
 GAMERA
      Time =    26.417 [min]
        ts =    21674
        dt =  8.16E-02 [sec]
    dt/dt0 =   68.513%
    Spent     0.0% of time waiting for Voltron
      kZCs =   3577.46 /   1497.44 [MHD/TOT] (8 threads)
[0m       CPCP =   72.738  68.915 [kV, N/S]
 [34m
 VOLTRON
      UT   = 2001-06-01 23:26:25
      tilt =    0.000 [deg]
    Sym-H  =   -5.000 [nT]
    BSDst  ~   16.872 [nT]
           dSMRs  ~     0.98   -0.12   -0.99    0.12 [nT, 12/18/00/06]
   DPSDst  ~   -4.594 [nT]
   Spent    46.8% of time waiting for Gamera
            11.1% of time processing Chimp(Helpers)
             9.1% of time processing IMAG
            12.1% of time processing Remix
            20.7% of time processing Tubes(Helpers)
             0.0% of time writing files
    Running @   80.588% of real-time (8 threads)
[0m  [35m
 RAIJU
      UT   = 2001-06-01 23:26:30
      Time =    26.500 [min]
     dtCpl =  5.00E+00 [sec]
     Max/Min dt @ k:
        Max 3.19E+01 [sec] @ 58
        Min 1.38E-01 [sec] @ 160
     Flav : max Press/Den @ L,MLT; DPS-dst
        0: P =   0.00, D =9075.91 @  1.54 Rp,12.07 MLT; DPS:   0.00
        1: P =   0.20, D =   6.50 @  6.09 Rp,12.17 MLT; DPS:  -0.52
        2: P =   3.08, D =   0.28 @  3.96 Rp,23.34 MLT; DPS:  -4.97
[0m [32m<Writing HDF5 DATA @ t =    26.417 [min] >[0m 
[32m<Writing RAIJU HDF5 DATA @ t =    26.500 [min] >[0m 
 [36m
 GAMERA
      Time =    26.501 [min]
        ts =    21736
        dt =  8.16E-02 [sec]
    dt/dt0 =   68.497%
    Spent     0.0% of time waiting for Voltron
      kZCs =   3577.91 /   1511.92 [MHD/TOT] (8 threads)
[0m       CPCP =   72.738  68.970 [kV, N/S]
 [34m
 VOLTRON
      UT   = 2001-06-01 23:26:30
      tilt =    0.000 [deg]
    Sym-H  =   -5.000 [nT]
    BSDst  ~   16.859 [nT]
           dSMRs  ~     0.99   -0.12   -0.99    0.12 [nT, 12/18/00/06]
   DPSDst  ~   -4.589 [nT]
   Spent    46.8% of time waiting for Gamera
            11.1% of time processing Chimp(Helpers)
             9.1% of time processing IMAG
            12.1% of time processing Remix
            20.7% of time processing Tubes(Helpers)
             0.0% of time writing files
    Running @   80.611% of real-time (8 threads)
[0m  [35m
 RAIJU
      UT   = 2001-06-01 23:26:35
      Time =    26.583 [min]
     dtCpl =  5.00E+00 [sec]
     Max/Min dt @ k:
        Max 3.18E+01 [sec] @ 58
        Min 1.38E-01 [sec] @ 160
     Flav : max Press/Den @ L,MLT; DPS-dst
        0: P =   0.00, D =9075.91 @  1.54 Rp,12.07 MLT; DPS:   0.00
        1: P =   0.20, D =   6.49 @  6.06 Rp,12.18 MLT; DPS:  -0.52
        2: P =   3.08, D =   0.28 @  3.96 Rp,23.60 MLT; DPS:  -4.96
[0m [32m<Writing HDF5 DATA @ t =    26.501 [min] >[0m 
[32m<Writing RAIJU HDF5 DATA @ t =    26.583 [min] >[0m 
 [36m
 GAMERA
      Time =    26.584 [min]
        ts =    21797
        dt =  8.15E-02 [sec]
    dt/dt0 =   68.483%
    Spent     0.0% of time waiting for Voltron
      kZCs =   3577.18 /   1498.79 [MHD/TOT] (8 threads)
[0m       CPCP =   72.731  69.019 [kV, N/S]
 [34m
 VOLTRON
      UT   = 2001-06-01 23:26:35
      tilt =    0.000 [deg]
    Sym-H  =   -5.000 [nT]
    BSDst  ~   16.848 [nT]
           dSMRs  ~     0.99   -0.12   -0.99    0.12 [nT, 12/18/00/06]
   DPSDst  ~   -4.588 [nT]
   Spent    46.8% of time waiting for Gamera
            11.1% of time processing Chimp(Helpers)
             9.1% of time processing IMAG
            12.1% of time processing Remix
            20.7% of time processing Tubes(Helpers)
             0.0% of time writing files
    Running @   80.638% of real-time (8 threads)
[0m  [35m
 RAIJU
      UT   = 2001-06-01 23:26:40
      Time =    26.667 [min]
     dtCpl =  5.00E+00 [sec]
     Max/Min dt @ k:
        Max 3.18E+01 [sec] @ 58
        Min 1.38E-01 [sec] @ 160
     Flav : max Press/Den @ L,MLT; DPS-dst
        0: P =   0.00, D =9075.91 @  1.54 Rp,12.07 MLT; DPS:   0.00
        1: P =   0.20, D =   6.48 @  6.05 Rp,12.20 MLT; DPS:  -0.52
        2: P =   3.08, D =   0.28 @  3.96 Rp,23.60 MLT; DPS:  -4.96
[0m [32m<Writing HDF5 DATA @ t =    26.584 [min] >[0m 
[32m<Writing RAIJU HDF5 DATA @ t =    26.667 [min] >[0m 
 [36m
 GAMERA
      Time =    26.667 [min]
        ts =    21858
        dt =  8.15E-02 [sec]
    dt/dt0 =   68.471%
    Spent     0.0% of time waiting for Voltron
      kZCs =   3576.18 /   1497.64 [MHD/TOT] (8 threads)
[0m       CPCP =   72.739  69.058 [kV, N/S]
 [34m
 VOLTRON
      UT   = 2001-06-01 23:26:40
      tilt =    0.000 [deg]
    Sym-H  =   -5.000 [nT]
    BSDst  ~   16.837 [nT]
           dSMRs  ~     0.99   -0.12   -0.99    0.12 [nT, 12/18/00/06]
   DPSDst  ~   -4.586 [nT]
   Spent    46.8% of time waiting for Gamera
            11.1% of time processing Chimp(Helpers)
             9.1% of time processing IMAG
            12.1% of time processing Remix
            20.7% of time processing Tubes(Helpers)
             0.0% of time writing files
    Running @   80.607% of real-time (8 threads)
[0m  [35m
 RAIJU
      UT   = 2001-06-01 23:26:45
      Time =    26.750 [min]
     dtCpl =  5.00E+00 [sec]
     Max/Min dt @ k:
        Max 3.17E+01 [sec] @ 58
        Min 1.38E-01 [sec] @ 160
     Flav : max Press/Den @ L,MLT; DPS-dst
        0: P =   0.00, D =9075.91 @  1.54 Rp,12.07 MLT; DPS:   0.00
        1: P =   0.20, D =   6.46 @  6.04 Rp,12.22 MLT; DPS:  -0.52
        2: P =   3.08, D =   0.28 @  3.96 Rp,23.60 MLT; DPS:  -4.96
[0m [32m<Writing HDF5 DATA @ t =    26.667 [min] >[0m 
[32m<Writing RAIJU HDF5 DATA @ t =    26.750 [min] >[0m 
 [36m
 GAMERA
      Time =    26.751 [min]
        ts =    21920
        dt =  8.15E-02 [sec]
    dt/dt0 =   68.457%
    Spent     0.0% of time waiting for Voltron
      kZCs =   3577.63 /   1511.74 [MHD/TOT] (8 threads)
[0m       CPCP =   72.758  69.091 [kV, N/S]
 [34m
 VOLTRON
      UT   = 2001-06-01 23:26:45
      tilt =    0.000 [deg]
    Sym-H  =   -5.000 [nT]
    BSDst  ~   16.826 [nT]
           dSMRs  ~     0.99   -0.12   -0.99    0.11 [nT, 12/18/00/06]
   DPSDst  ~   -4.583 [nT]
   Spent    46.9% of time waiting for Gamera
            11.1% of time processing Chimp(Helpers)
             9.1% of time processing IMAG
            12.1% of time processing Remix
            20.7% of time processing Tubes(Helpers)
             0.0% of time writing files
    Running @   80.606% of real-time (8 threads)
[0m  [35m
 RAIJU
      UT   = 2001-06-01 23:26:50
      Time =    26.833 [min]
     dtCpl =  5.00E+00 [sec]
     Max/Min dt @ k:
        Max 3.16E+01 [sec] @ 58
        Min 1.38E-01 [sec] @ 160
     Flav : max Press/Den @ L,MLT; DPS-dst
        0: P =   0.00, D =9075.91 @  1.54 Rp,12.07 MLT; DPS:   0.00
        1: P =   0.20, D =   6.44 @  6.06 Rp,12.24 MLT; DPS:  -0.52
        2: P =   3.08, D =   0.28 @  3.96 Rp,23.60 MLT; DPS:  -4.96
[0m [32m<Writing HDF5 DATA @ t =    26.751 [min] >[0m 
[32m<Writing RAIJU HDF5 DATA @ t =    26.833 [min] >[0m 
 [36m
 GAMERA
      Time =    26.834 [min]
        ts =    21981
        dt =  8.15E-02 [sec]
    dt/dt0 =   68.443%
    Spent     0.0% of time waiting for Voltron
      kZCs =   3578.74 /   1499.66 [MHD/TOT] (8 threads)
[0m       CPCP =   72.780  69.130 [kV, N/S]
 [34m
 VOLTRON
      UT   = 2001-06-01 23:26:50
      tilt =    0.000 [deg]
    Sym-H  =   -5.000 [nT]
    BSDst  ~   16.816 [nT]
           dSMRs  ~     1.00   -0.12   -0.99    0.11 [nT, 12/18/00/06]
   DPSDst  ~   -4.582 [nT]
   Spent    46.9% of time waiting for Gamera
            11.1% of time processing Chimp(Helpers)
             9.1% of time processing IMAG
            12.1% of time processing Remix
            20.7% of time processing Tubes(Helpers)
             0.0% of time writing files
    Running @   80.611% of real-time (8 threads)
[0m  [35m
 RAIJU
      UT   = 2001-06-01 23:26:55
      Time =    26.917 [min]
     dtCpl =  5.00E+00 [sec]
     Max/Min dt @ k:
        Max 3.16E+01 [sec] @ 58
        Min 1.38E-01 [sec] @ 160
     Flav : max Press/Den @ L,MLT; DPS-dst
        0: P =   0.00, D =9075.91 @  1.54 Rp,12.07 MLT; DPS:   0.00
        1: P =   0.20, D =   6.43 @  6.04 Rp,12.26 MLT; DPS:  -0.51
        2: P =   3.08, D =   0.28 @  3.96 Rp,23.60 MLT; DPS:  -4.96
[0m [32m<Writing HDF5 DATA @ t =    26.834 [min] >[0m 
[32m<Writing RAIJU HDF5 DATA @ t =    26.917 [min] >[0m 
 [36m
 GAMERA
      Time =    26.917 [min]
        ts =    22042
        dt =  8.15E-02 [sec]
    dt/dt0 =   68.429%
    Spent     0.0% of time waiting for Voltron
      kZCs =   3576.47 /   1498.04 [MHD/TOT] (8 threads)
[0m       CPCP =   72.801  69.189 [kV, N/S]
 [34m
 VOLTRON
      UT   = 2001-06-01 23:26:55
      tilt =    0.000 [deg]
    Sym-H  =   -5.000 [nT]
    BSDst  ~   16.804 [nT]
           dSMRs  ~     1.00   -0.12   -0.99    0.11 [nT, 12/18/00/06]
   DPSDst  ~   -4.579 [nT]
   Spent    46.9% of time waiting for Gamera
            11.1% of time processing Chimp(Helpers)
             9.1% of time processing IMAG
            12.0% of time processing Remix
            20.7% of time processing Tubes(Helpers)
             0.0% of time writing files
    Running @   80.612% of real-time (8 threads)
[0m  [35m
 RAIJU
      UT   = 2001-06-01 23:26:59
      Time =    27.000 [min]
     dtCpl =  5.00E+00 [sec]
     Max/Min dt @ k:
        Max 3.15E+01 [sec] @ 58
        Min 1.38E-01 [sec] @ 160
     Flav : max Press/Den @ L,MLT; DPS-dst
        0: P =   0.00, D =9075.91 @  1.54 Rp,12.07 MLT; DPS:   0.00
        1: P =   0.20, D =   6.42 @  6.04 Rp,12.27 MLT; DPS:  -0.51
        2: P =   3.08, D =   0.28 @  3.96 Rp,23.60 MLT; DPS:  -4.96
[0m [32m<Writing HDF5 DATA @ t =    26.917 [min] >[0m 
[32m<Writing RAIJU HDF5 DATA @ t =    27.000 [min] >[0m 
 [36m
 GAMERA
      Time =    27.001 [min]
        ts =    22104
        dt =  8.15E-02 [sec]
    dt/dt0 =   68.414%
    Spent     0.0% of time waiting for Voltron
      kZCs =   3578.47 /   1512.74 [MHD/TOT] (8 threads)
[0m       CPCP =   72.823  69.236 [kV, N/S]
 [34m
 VOLTRON
      UT   = 2001-06-01 23:27:00
      tilt =    0.000 [deg]
    Sym-H  =   -5.000 [nT]
    BSDst  ~   16.793 [nT]
           dSMRs  ~     1.01   -0.12   -1.00    0.11 [nT, 12/18/00/06]
   DPSDst  ~   -4.578 [nT]
   Spent    46.9% of time waiting for Gamera
            11.1% of time processing Chimp(Helpers)
             9.1% of time processing IMAG
            12.0% of time processing Remix
            20.6% of time processing Tubes(Helpers)
             0.0% of time writing files
    Running @   80.647% of real-time (8 threads)
[0m  [35m
 RAIJU
      UT   = 2001-06-01 23:27:05
      Time =    27.083 [min]
     dtCpl =  5.00E+00 [sec]
     Max/Min dt @ k:
        Max 3.15E+01 [sec] @ 58
        Min 1.38E-01 [sec] @ 160
     Flav : max Press/Den @ L,MLT; DPS-dst
        0: P =   0.00, D =9075.91 @  1.54 Rp,12.07 MLT; DPS:   0.00
        1: P =   0.20, D =   6.40 @  6.03 Rp,12.29 MLT; DPS:  -0.51
        2: P =   3.08, D =   0.28 @  3.96 Rp,23.60 MLT; DPS:  -4.96
[0m [32m<Writing HDF5 DATA @ t =    27.001 [min] >[0m 
[32m<Writing RAIJU HDF5 DATA @ t =    27.083 [min] >[0m 
 [36m
 GAMERA
      Time =    27.084 [min]
        ts =    22165
        dt =  8.14E-02 [sec]
    dt/dt0 =   68.399%
    Spent     0.0% of time waiting for Voltron
      kZCs =   3577.61 /   1499.84 [MHD/TOT] (8 threads)
[0m       CPCP =   72.722  69.272 [kV, N/S]
 [34m
 VOLTRON
      UT   = 2001-06-01 23:27:05
      tilt =    0.000 [deg]
    Sym-H  =   -5.000 [nT]
    BSDst  ~   16.783 [nT]
           dSMRs  ~     1.01   -0.12   -1.00    0.11 [nT, 12/18/00/06]
   DPSDst  ~   -4.576 [nT]
   Spent    46.9% of time waiting for Gamera
            11.1% of time processing Chimp(Helpers)
             9.1% of time processing IMAG
            12.0% of time processing Remix
            20.6% of time processing Tubes(Helpers)
             0.0% of time writing files
    Running @   80.638% of real-time (8 threads)
[0m  [35m
 RAIJU
      UT   = 2001-06-01 23:27:10
      Time =    27.167 [min]
     dtCpl =  5.00E+00 [sec]
     Max/Min dt @ k:
        Max 3.15E+01 [sec] @ 58
        Min 1.38E-01 [sec] @ 160
     Flav : max Press/Den @ L,MLT; DPS-dst
        0: P =   0.00, D =9075.91 @  1.54 Rp,12.07 MLT; DPS:   0.00
        1: P =   0.19, D =   6.39 @  6.04 Rp,12.31 MLT; DPS:  -0.51
        2: P =   3.08, D =   0.28 @  3.96 Rp,23.60 MLT; DPS:  -4.96
[0m [32m<Writing HDF5 DATA @ t =    27.084 [min] >[0m 
[32m<Writing RAIJU HDF5 DATA @ t =    27.167 [min] >[0m 
 [36m
 GAMERA
      Time =    27.168 [min]
        ts =    22227
        dt =  8.14E-02 [sec]
    dt/dt0 =   68.383%
    Spent     0.0% of time waiting for Voltron
      kZCs =   3579.87 /   1513.25 [MHD/TOT] (8 threads)
[0m       CPCP =   72.722  69.307 [kV, N/S]
 [34m
 VOLTRON
      UT   = 2001-06-01 23:27:10
      tilt =    0.000 [deg]
    Sym-H  =   -5.000 [nT]
    BSDst  ~   16.771 [nT]
           dSMRs  ~     1.02   -0.12   -1.00    0.10 [nT, 12/18/00/06]
   DPSDst  ~   -4.571 [nT]
   Spent    47.0% of time waiting for Gamera
            11.0% of time processing Chimp(Helpers)
             9.1% of time processing IMAG
            12.0% of time processing Remix
            20.6% of time processing Tubes(Helpers)
             0.0% of time writing files
    Running @   80.669% of real-time (8 threads)
[0m  [35m
 RAIJU
      UT   = 2001-06-01 23:27:15
      Time =    27.250 [min]
     dtCpl =  5.00E+00 [sec]
     Max/Min dt @ k:
        Max 3.14E+01 [sec] @ 58
        Min 1.38E-01 [sec] @ 160
     Flav : max Press/Den @ L,MLT; DPS-dst
        0: P =   0.00, D =9075.91 @  1.54 Rp,12.07 MLT; DPS:   0.00
        1: P =   0.19, D =   6.38 @  6.03 Rp,12.33 MLT; DPS:  -0.51
        2: P =   3.08, D =   0.28 @  3.96 Rp,23.60 MLT; DPS:  -4.95
[0m [32m<Writing HDF5 DATA @ t =    27.168 [min] >[0m 
[32m<Writing RAIJU HDF5 DATA @ t =    27.250 [min] >[0m 
 [36m
 GAMERA
      Time =    27.251 [min]
        ts =    22288
        dt =  8.14E-02 [sec]
    dt/dt0 =   68.368%
    Spent     0.0% of time waiting for Voltron
      kZCs =   3576.89 /   1499.69 [MHD/TOT] (8 threads)
[0m       CPCP =   72.816  69.325 [kV, N/S]
 [34m
 VOLTRON
      UT   = 2001-06-01 23:27:15
      tilt =    0.000 [deg]
    Sym-H  =   -5.000 [nT]
    BSDst  ~   16.758 [nT]
           dSMRs  ~     1.02   -0.12   -1.01    0.10 [nT, 12/18/00/06]
   DPSDst  ~   -4.581 [nT]
   Spent    47.0% of time waiting for Gamera
            11.1% of time processing Chimp(Helpers)
             9.1% of time processing IMAG
            12.0% of time processing Remix
            20.6% of time processing Tubes(Helpers)
             0.0% of time writing files
    Running @   80.654% of real-time (8 threads)
[0m  [35m
 RAIJU
      UT   = 2001-06-01 23:27:20
      Time =    27.333 [min]
     dtCpl =  5.00E+00 [sec]
     Max/Min dt @ k:
        Max 3.13E+01 [sec] @ 58
        Min 1.38E-01 [sec] @ 160
     Flav : max Press/Den @ L,MLT; DPS-dst
        0: P =   0.00, D =9075.91 @  1.54 Rp,12.07 MLT; DPS:   0.00
        1: P =   0.19, D =   6.36 @  6.02 Rp,12.35 MLT; DPS:  -0.51
        2: P =   3.08, D =   0.28 @  3.96 Rp,23.60 MLT; DPS:  -4.96
[0m [32m<Writing HDF5 DATA @ t =    27.251 [min] >[0m 
[32m<Writing RAIJU HDF5 DATA @ t =    27.333 [min] >[0m 
 [36m
 GAMERA
      Time =    27.333 [min]
        ts =    22349
        dt =  8.14E-02 [sec]
    dt/dt0 =   68.353%
    Spent     0.0% of time waiting for Voltron
      kZCs =   3577.18 /   1501.36 [MHD/TOT] (8 threads)
[0m       CPCP =   72.914  69.297 [kV, N/S]
 [34m
 VOLTRON
      UT   = 2001-06-01 23:27:20
      tilt =    0.000 [deg]
    Sym-H  =   -5.000 [nT]
    BSDst  ~   16.746 [nT]
           dSMRs  ~     1.02   -0.12   -1.01    0.10 [nT, 12/18/00/06]
   DPSDst  ~   -4.578 [nT]
   Spent    46.9% of time waiting for Gamera
            11.1% of time processing Chimp(Helpers)
             9.1% of time processing IMAG
            12.0% of time processing Remix
            20.6% of time processing Tubes(Helpers)
             0.0% of time writing files
    Running @   80.660% of real-time (8 threads)
[0m  [35m
 RAIJU
      UT   = 2001-06-01 23:27:25
      Time =    27.417 [min]
     dtCpl =  5.00E+00 [sec]
     Max/Min dt @ k:
        Max 3.13E+01 [sec] @ 58
        Min 1.38E-01 [sec] @ 160
     Flav : max Press/Den @ L,MLT; DPS-dst
        0: P =   0.00, D =9075.91 @  1.54 Rp,12.07 MLT; DPS:   0.00
        1: P =   0.19, D =   6.35 @  6.02 Rp,12.36 MLT; DPS:  -0.51
        2: P =   3.08, D =   0.28 @  3.96 Rp,23.60 MLT; DPS:  -4.96
[0m [32m<Writing HDF5 DATA @ t =    27.333 [min] >[0m 
[32m<Writing RAIJU HDF5 DATA @ t =    27.417 [min] >[0m 
 [36m
 GAMERA
      Time =    27.417 [min]
        ts =    22411
        dt =  8.14E-02 [sec]
    dt/dt0 =   68.336%
    Spent     0.0% of time waiting for Voltron
      kZCs =   3578.19 /   1516.33 [MHD/TOT] (8 threads)
[0m       CPCP =   72.998  69.236 [kV, N/S]
 [34m
 VOLTRON
      UT   = 2001-06-01 23:27:25
      tilt =    0.000 [deg]
    Sym-H  =   -5.000 [nT]
    BSDst  ~   16.734 [nT]
           dSMRs  ~     1.03   -0.11   -1.01    0.10 [nT, 12/18/00/06]
   DPSDst  ~   -4.575 [nT]
   Spent    47.0% of time waiting for Gamera
            11.1% of time processing Chimp(Helpers)
             9.1% of time processing IMAG
            12.0% of time processing Remix
            20.6% of time processing Tubes(Helpers)
             0.0% of time writing files
    Running @   80.683% of real-time (8 threads)
[0m  [35m
 RAIJU
      UT   = 2001-06-01 23:27:30
      Time =    27.500 [min]
     dtCpl =  5.00E+00 [sec]
     Max/Min dt @ k:
        Max 3.13E+01 [sec] @ 58
        Min 1.38E-01 [sec] @ 160
     Flav : max Press/Den @ L,MLT; DPS-dst
        0: P =   0.00, D =9075.91 @  1.54 Rp,12.07 MLT; DPS:   0.00
        1: P =   0.19, D =   6.34 @  6.01 Rp,12.37 MLT; DPS:  -0.51
        2: P =   3.08, D =   0.28 @  3.96 Rp,23.34 MLT; DPS:  -4.95
[0m [32m<Writing HDF5 DATA @ t =    27.417 [min] >[0m 
[32m<Writing RAIJU HDF5 DATA @ t =    27.500 [min] >[0m 
 [36m
 GAMERA
      Time =    27.500 [min]
        ts =    22472
        dt =  8.13E-02 [sec]
    dt/dt0 =   68.318%
    Spent     0.0% of time waiting for Voltron
      kZCs =   3577.18 /   1502.29 [MHD/TOT] (8 threads)
[0m       CPCP =   73.059  69.193 [kV, N/S]
 [34m
 VOLTRON
      UT   = 2001-06-01 23:27:30
      tilt =    0.000 [deg]
    Sym-H  =   -5.000 [nT]
    BSDst  ~   16.723 [nT]
           dSMRs  ~     1.03   -0.11   -1.01    0.09 [nT, 12/18/00/06]
   DPSDst  ~   -4.574 [nT]
   Spent    47.0% of time waiting for Gamera
            11.1% of time processing Chimp(Helpers)
             9.1% of time processing IMAG
            12.0% of time processing Remix
            20.6% of time processing Tubes(Helpers)
             0.0% of time writing files
    Running @   80.667% of real-time (8 threads)
[0m  [35m
 RAIJU
      UT   = 2001-06-01 23:27:35
      Time =    27.583 [min]
     dtCpl =  5.00E+00 [sec]
     Max/Min dt @ k:
        Max 3.12E+01 [sec] @ 58
        Min 1.38E-01 [sec] @ 160
     Flav : max Press/Den @ L,MLT; DPS-dst
        0: P =   0.00, D =9075.91 @  1.54 Rp,12.07 MLT; DPS:   0.00
        1: P =   0.19, D =   6.33 @  5.99 Rp,12.39 MLT; DPS:  -0.51
        2: P =   3.08, D =   0.28 @  3.96 Rp,23.34 MLT; DPS:  -4.95
[0m [32m<Writing HDF5 DATA @ t =    27.500 [min] >[0m 
[32m<Writing RAIJU HDF5 DATA @ t =    27.583 [min] >[0m 
 [36m
 GAMERA
      Time =    27.584 [min]
        ts =    22534
        dt =  8.13E-02 [sec]
    dt/dt0 =   68.302%
    Spent     0.0% of time waiting for Voltron
      kZCs =   3577.35 /   1515.43 [MHD/TOT] (8 threads)
[0m       CPCP =   73.101  69.169 [kV, N/S]
 [34m
 VOLTRON
      UT   = 2001-06-01 23:27:35
      tilt =    0.000 [deg]
    Sym-H  =   -5.000 [nT]
    BSDst  ~   16.712 [nT]
           dSMRs  ~     1.04   -0.11   -1.01    0.09 [nT, 12/18/00/06]
   DPSDst  ~   -4.573 [nT]
   Spent    47.1% of time waiting for Gamera
            11.1% of time processing Chimp(Helpers)
             9.1% of time processing IMAG
            11.9% of time processing Remix
            20.6% of time processing Tubes(Helpers)
             0.0% of time writing files
    Running @   80.709% of real-time (8 threads)
[0m  [35m
 RAIJU
      UT   = 2001-06-01 23:27:40
      Time =    27.667 [min]
     dtCpl =  5.00E+00 [sec]
     Max/Min dt @ k:
        Max 3.12E+01 [sec] @ 58
        Min 1.38E-01 [sec] @ 160
     Flav : max Press/Den @ L,MLT; DPS-dst
        0: P =   0.00, D =9075.91 @  1.54 Rp,12.07 MLT; DPS:   0.00
        1: P =   0.19, D =   6.91 @  5.30 Rp,11.49 MLT; DPS:  -0.51
        2: P =   3.08, D =   0.28 @  3.96 Rp,23.34 MLT; DPS:  -4.95
[0m [32m<Writing HDF5 DATA @ t =    27.584 [min] >[0m 
[32m<Writing RAIJU HDF5 DATA @ t =    27.667 [min] >[0m 
 [36m
 GAMERA
      Time =    27.667 [min]
        ts =    22595
        dt =  8.13E-02 [sec]
    dt/dt0 =   68.286%
    Spent     0.0% of time waiting for Voltron
      kZCs =   3579.74 /   1499.66 [MHD/TOT] (8 threads)
[0m       CPCP =   73.139  69.112 [kV, N/S]
 [34m
 VOLTRON
      UT   = 2001-06-01 23:27:40
      tilt =    0.000 [deg]
    Sym-H  =   -5.000 [nT]
    BSDst  ~   16.699 [nT]
           dSMRs  ~     1.04   -0.11   -1.02    0.09 [nT, 12/18/00/06]
   DPSDst  ~   -4.572 [nT]
   Spent    47.0% of time waiting for Gamera
            11.1% of time processing Chimp(Helpers)
             9.1% of time processing IMAG
            12.0% of time processing Remix
            20.6% of time processing Tubes(Helpers)
             0.0% of time writing files
    Running @   80.687% of real-time (8 threads)
[0m  [35m
 RAIJU
      UT   = 2001-06-01 23:27:45
      Time =    27.750 [min]
     dtCpl =  5.00E+00 [sec]
     Max/Min dt @ k:
        Max 3.12E+01 [sec] @ 58
        Min 1.38E-01 [sec] @ 160
     Flav : max Press/Den @ L,MLT; DPS-dst
        0: P =   0.00, D =9075.91 @  1.54 Rp,12.07 MLT; DPS:   0.00
        1: P =   0.20, D =   6.90 @  5.28 Rp,11.61 MLT; DPS:  -0.51
        2: P =   3.08, D =   0.28 @  3.96 Rp,23.34 MLT; DPS:  -4.95
[0m [32m<Writing HDF5 DATA @ t =    27.667 [min] >[0m 
[32m<Writing RAIJU HDF5 DATA @ t =    27.750 [min] >[0m 
 [36m
 GAMERA
      Time =    27.751 [min]
        ts =    22657
        dt =  8.13E-02 [sec]
    dt/dt0 =   68.270%
    Spent     0.0% of time waiting for Voltron
      kZCs =   3577.35 /   1509.87 [MHD/TOT] (8 threads)
[0m       CPCP =   73.162  69.035 [kV, N/S]
 [34m
 VOLTRON
      UT   = 2001-06-01 23:27:45
      tilt =    0.000 [deg]
    Sym-H  =   -5.000 [nT]
    BSDst  ~   16.683 [nT]
           dSMRs  ~     1.04   -0.11   -1.02    0.09 [nT, 12/18/00/06]
   DPSDst  ~   -4.567 [nT]
   Spent    47.0% of time waiting for Gamera
            11.1% of time processing Chimp(Helpers)
             9.1% of time processing IMAG
            12.0% of time processing Remix
            20.6% of time processing Tubes(Helpers)
             0.0% of time writing files
    Running @   80.721% of real-time (8 threads)
[0m  [35m
 RAIJU
      UT   = 2001-06-01 23:27:50
      Time =    27.833 [min]
     dtCpl =  5.00E+00 [sec]
     Max/Min dt @ k:
        Max 3.12E+01 [sec] @ 58
        Min 1.38E-01 [sec] @ 160
     Flav : max Press/Den @ L,MLT; DPS-dst
        0: P =   0.00, D =9075.91 @  1.54 Rp,12.07 MLT; DPS:   0.00
        1: P =   0.20, D =   6.88 @  5.30 Rp,11.74 MLT; DPS:  -0.50
        2: P =   3.08, D =   0.28 @  3.96 Rp,23.34 MLT; DPS:  -4.95
[0m [32m<Writing HDF5 DATA @ t =    27.751 [min] >[0m 
[32m<Writing RAIJU HDF5 DATA @ t =    27.833 [min] >[0m 
 [36m
 GAMERA
      Time =    27.834 [min]
        ts =    22718
        dt =  8.13E-02 [sec]
    dt/dt0 =   68.254%
    Spent     0.0% of time waiting for Voltron
      kZCs =   3575.47 /   1500.54 [MHD/TOT] (8 threads)
[0m       CPCP =   73.173  68.984 [kV, N/S]
 [34m
 VOLTRON
      UT   = 2001-06-01 23:27:50
      tilt =    0.000 [deg]
    Sym-H  =   -5.000 [nT]
    BSDst  ~   16.667 [nT]
           dSMRs  ~     1.05   -0.11   -1.02    0.08 [nT, 12/18/00/06]
   DPSDst  ~   -4.566 [nT]
   Spent    47.0% of time waiting for Gamera
            11.1% of time processing Chimp(Helpers)
             9.1% of time processing IMAG
            12.0% of time processing Remix
            20.6% of time processing Tubes(Helpers)
             0.0% of time writing files
    Running @   80.717% of real-time (8 threads)
[0m  [35m
 RAIJU
      UT   = 2001-06-01 23:27:55
      Time =    27.917 [min]
     dtCpl =  5.00E+00 [sec]
     Max/Min dt @ k:
        Max 3.12E+01 [sec] @ 58
        Min 1.38E-01 [sec] @ 160
     Flav : max Press/Den @ L,MLT; DPS-dst
        0: P =   0.00, D =9075.91 @  1.54 Rp,12.07 MLT; DPS:   0.00
        1: P =   0.20, D =   6.84 @  5.31 Rp,11.88 MLT; DPS:  -0.50
        2: P =   3.08, D =   0.28 @  3.96 Rp,23.27 MLT; DPS:  -4.95
[0m [32m<Writing HDF5 DATA @ t =    27.834 [min] >[0m 
[32m<Writing RAIJU HDF5 DATA @ t =    27.917 [min] >[0m 
 [36m
 GAMERA
      Time =    27.917 [min]
        ts =    22780
        dt =  8.12E-02 [sec]
    dt/dt0 =   68.239%
    Spent     0.0% of time waiting for Voltron
      kZCs =   3577.35 /   1513.32 [MHD/TOT] (8 threads)
[0m       CPCP =   73.159  68.928 [kV, N/S]
 [34m
 VOLTRON
      UT   = 2001-06-01 23:27:55
      tilt =    0.000 [deg]
    Sym-H  =   -5.000 [nT]
    BSDst  ~   16.651 [nT]
           dSMRs  ~     1.05   -0.11   -1.03    0.08 [nT, 12/18/00/06]
   DPSDst  ~   -4.566 [nT]
   Spent    47.1% of time waiting for Gamera
            11.0% of time processing Chimp(Helpers)
             9.1% of time processing IMAG
            12.0% of time processing Remix
            20.6% of time processing Tubes(Helpers)
             0.0% of time writing files
    Running @   80.741% of real-time (8 threads)
[0m  [35m
 RAIJU
      UT   = 2001-06-01 23:27:59
      Time =    28.000 [min]
     dtCpl =  5.00E+00 [sec]
     Max/Min dt @ k:
        Max 3.12E+01 [sec] @ 58
        Min 1.38E-01 [sec] @ 160
     Flav : max Press/Den @ L,MLT; DPS-dst
        0: P =   0.00, D =9075.91 @  1.54 Rp,12.07 MLT; DPS:   0.00
        1: P =   0.20, D =   6.52 @  5.69 Rp,12.23 MLT; DPS:  -0.50
        2: P =   3.08, D =   0.28 @  3.96 Rp,23.27 MLT; DPS:  -4.95
[0m [32m<Writing HDF5 DATA @ t =    27.917 [min] >[0m 
[32m<Writing RAIJU HDF5 DATA @ t =    28.000 [min] >[0m 
 [36m
 GAMERA
      Time =    28.000 [min]
        ts =    22841
        dt =  8.12E-02 [sec]
    dt/dt0 =   68.223%
    Spent     0.0% of time waiting for Voltron
      kZCs =   3580.60 /   1501.44 [MHD/TOT] (8 threads)
[0m       CPCP =   73.136  68.862 [kV, N/S]
 [34m
 VOLTRON
      UT   = 2001-06-01 23:28:00
      tilt =    0.000 [deg]
    Sym-H  =   -5.000 [nT]
    BSDst  ~   16.634 [nT]
           dSMRs  ~     1.06   -0.11   -1.03    0.08 [nT, 12/18/00/06]
   DPSDst  ~   -4.562 [nT]
   Spent    47.0% of time waiting for Gamera
            11.1% of time processing Chimp(Helpers)
             9.1% of time processing IMAG
            12.0% of time processing Remix
            20.6% of time processing Tubes(Helpers)
             0.0% of time writing files
    Running @   80.559% of real-time (8 threads)
[0m  [35m
 RAIJU
      UT   = 2001-06-01 23:28:05
      Time =    28.083 [min]
     dtCpl =  5.00E+00 [sec]
     Max/Min dt @ k:
        Max 3.12E+01 [sec] @ 58
        Min 1.38E-01 [sec] @ 160
     Flav : max Press/Den @ L,MLT; DPS-dst
        0: P =   0.00, D =9075.91 @  1.54 Rp,12.07 MLT; DPS:   0.00
        1: P =   0.20, D =   6.51 @  5.68 Rp,12.25 MLT; DPS:  -0.50
        2: P =   3.08, D =   0.28 @  3.96 Rp,23.27 MLT; DPS:  -4.94
[0m [32m<Writing HDF5 DATA @ t =    28.000 [min] >[0m 
[32m<Writing RAIJU HDF5 DATA @ t =    28.083 [min] >[0m 
 [36m
 GAMERA
      Time =    28.084 [min]
        ts =    22903
        dt =  8.12E-02 [sec]
    dt/dt0 =   68.209%
    Spent     0.0% of time waiting for Voltron
      kZCs =   3581.41 /   1511.74 [MHD/TOT] (8 threads)
[0m       CPCP =   73.104  68.813 [kV, N/S]
 [34m
 VOLTRON
      UT   = 2001-06-01 23:28:05
      tilt =    0.000 [deg]
    Sym-H  =   -5.000 [nT]
    BSDst  ~   16.619 [nT]
           dSMRs  ~     1.07   -0.11   -1.04    0.08 [nT, 12/18/00/06]
   DPSDst  ~   -4.556 [nT]
   Spent    47.1% of time waiting for Gamera
            11.0% of time processing Chimp(Helpers)
             9.1% of time processing IMAG
            12.0% of time processing Remix
            20.6% of time processing Tubes(Helpers)
             0.0% of time writing files
    Running @   80.552% of real-time (8 threads)
[0m  [35m
 RAIJU
      UT   = 2001-06-01 23:28:10
      Time =    28.167 [min]
     dtCpl =  5.00E+00 [sec]
     Max/Min dt @ k:
        Max 3.12E+01 [sec] @ 58
        Min 1.38E-01 [sec] @ 160
     Flav : max Press/Den @ L,MLT; DPS-dst
        0: P =   0.00, D =9075.91 @  1.54 Rp,12.07 MLT; DPS:   0.00
        1: P =   0.20, D =   6.51 @  5.67 Rp,12.27 MLT; DPS:  -0.50
        2: P =   3.08, D =   0.28 @  3.96 Rp,23.27 MLT; DPS:  -4.94
[0m [32m<Writing HDF5 DATA @ t =    28.084 [min] >[0m 
[32m<Writing RAIJU HDF5 DATA @ t =    28.167 [min] >[0m 
 [36m
 GAMERA
      Time =    28.168 [min]
        ts =    22965
        dt =  8.12E-02 [sec]
    dt/dt0 =   68.194%
    Spent     0.0% of time waiting for Voltron
      kZCs =   3580.71 /   1515.78 [MHD/TOT] (8 threads)
[0m       CPCP =   73.059  68.766 [kV, N/S]
 [34m
 VOLTRON
      UT   = 2001-06-01 23:28:10
      tilt =    0.000 [deg]
    Sym-H  =   -5.000 [nT]
    BSDst  ~   16.605 [nT]
           dSMRs  ~     1.07   -0.11   -1.04    0.08 [nT, 12/18/00/06]
   DPSDst  ~   -4.555 [nT]
   Spent    47.1% of time waiting for Gamera
            11.0% of time processing Chimp(Helpers)
             9.1% of time processing IMAG
            12.0% of time processing Remix
            20.6% of time processing Tubes(Helpers)
             0.0% of time writing files
    Running @   80.600% of real-time (8 threads)
[0m  [35m
 RAIJU
      UT   = 2001-06-01 23:28:15
      Time =    28.250 [min]
     dtCpl =  5.00E+00 [sec]
     Max/Min dt @ k:
        Max 3.12E+01 [sec] @ 58
        Min 1.38E-01 [sec] @ 160
     Flav : max Press/Den @ L,MLT; DPS-dst
        0: P =   0.00, D =9075.91 @  1.54 Rp,12.07 MLT; DPS:   0.00
        1: P =   0.20, D =   6.51 @  5.67 Rp,12.30 MLT; DPS:  -0.50
        2: P =   3.08, D =   0.28 @  3.96 Rp,23.27 MLT; DPS:  -4.94
[0m [32m<Writing HDF5 DATA @ t =    28.168 [min] >[0m 
[32m<Writing RAIJU HDF5 DATA @ t =    28.250 [min] >[0m 
 [36m
 GAMERA
      Time =    28.250 [min]
        ts =    23026
        dt =  8.12E-02 [sec]
    dt/dt0 =   68.180%
    Spent     0.0% of time waiting for Voltron
      kZCs =   3580.03 /   1503.07 [MHD/TOT] (8 threads)
[0m       CPCP =   73.017  68.706 [kV, N/S]
 [34m
 VOLTRON
      UT   = 2001-06-01 23:28:15
      tilt =    0.000 [deg]
    Sym-H  =   -5.000 [nT]
    BSDst  ~   16.594 [nT]
           dSMRs  ~     1.08   -0.11   -1.05    0.07 [nT, 12/18/00/06]
   DPSDst  ~   -4.551 [nT]
   Spent    47.1% of time waiting for Gamera
            11.1% of time processing Chimp(Helpers)
             9.1% of time processing IMAG
            12.0% of time processing Remix
            20.6% of time processing Tubes(Helpers)
             0.0% of time writing files
    Running @   80.619% of real-time (8 threads)
[0m  [35m
 RAIJU
      UT   = 2001-06-01 23:28:20
      Time =    28.333 [min]
     dtCpl =  5.00E+00 [sec]
     Max/Min dt @ k:
        Max 3.12E+01 [sec] @ 58
        Min 1.38E-01 [sec] @ 160
     Flav : max Press/Den @ L,MLT; DPS-dst
        0: P =   0.00, D =9075.91 @  1.54 Rp,12.07 MLT; DPS:   0.00
        1: P =   0.20, D =   6.51 @  5.65 Rp,12.32 MLT; DPS:  -0.49
        2: P =   3.08, D =   0.28 @  3.96 Rp,23.27 MLT; DPS:  -4.94
[0m [32m<Writing HDF5 DATA @ t =    28.250 [min] >[0m 
[32m<Writing RAIJU HDF5 DATA @ t =    28.333 [min] >[0m 
 [36m
 GAMERA
      Time =    28.334 [min]
        ts =    23088
        dt =  8.12E-02 [sec]
    dt/dt0 =   68.166%
    Spent     0.0% of time waiting for Voltron
      kZCs =   3580.15 /   1516.06 [MHD/TOT] (8 threads)
[0m       CPCP =   72.990  68.659 [kV, N/S]
 [34m
 VOLTRON
      UT   = 2001-06-01 23:28:20
      tilt =    0.000 [deg]
    Sym-H  =   -5.000 [nT]
    BSDst  ~   16.582 [nT]
           dSMRs  ~     1.08   -0.11   -1.05    0.07 [nT, 12/18/00/06]
   DPSDst  ~   -4.549 [nT]
   Spent    47.1% of time waiting for Gamera
            11.0% of time processing Chimp(Helpers)
             9.1% of time processing IMAG
            12.0% of time processing Remix
            20.6% of time processing Tubes(Helpers)
             0.0% of time writing files
    Running @   80.645% of real-time (8 threads)
[0m  [35m
 RAIJU
      UT   = 2001-06-01 23:28:25
      Time =    28.417 [min]
     dtCpl =  5.00E+00 [sec]
     Max/Min dt @ k:
        Max 3.12E+01 [sec] @ 58
        Min 1.38E-01 [sec] @ 160
     Flav : max Press/Den @ L,MLT; DPS-dst
        0: P =   0.00, D =9075.91 @  1.54 Rp,12.07 MLT; DPS:   0.00
        1: P =   0.20, D =   6.51 @  5.65 Rp,12.35 MLT; DPS:  -0.49
        2: P =   3.08, D =   0.28 @  3.96 Rp,23.14 MLT; DPS:  -4.94
[0m [32m<Writing HDF5 DATA @ t =    28.334 [min] >[0m 
[32m<Writing RAIJU HDF5 DATA @ t =    28.417 [min] >[0m 
 [36m
 GAMERA
      Time =    28.417 [min]
        ts =    23149
        dt =  8.11E-02 [sec]
    dt/dt0 =   68.154%
    Spent     0.0% of time waiting for Voltron
      kZCs =   3581.02 /   1504.07 [MHD/TOT] (8 threads)
[0m       CPCP =   72.980  68.626 [kV, N/S]
 [34m
 VOLTRON
      UT   = 2001-06-01 23:28:25
      tilt =    0.000 [deg]
    Sym-H  =   -5.000 [nT]
    BSDst  ~   16.569 [nT]
           dSMRs  ~     1.09   -0.10   -1.05    0.07 [nT, 12/18/00/06]
   DPSDst  ~   -4.546 [nT]
   Spent    47.1% of time waiting for Gamera
            11.1% of time processing Chimp(Helpers)
             9.1% of time processing IMAG
            12.0% of time processing Remix
            20.6% of time processing Tubes(Helpers)
             0.0% of time writing files
    Running @   80.640% of real-time (8 threads)
[0m  [35m
 RAIJU
      UT   = 2001-06-01 23:28:30
      Time =    28.500 [min]
     dtCpl =  5.00E+00 [sec]
     Max/Min dt @ k:
        Max 3.12E+01 [sec] @ 58
        Min 1.38E-01 [sec] @ 160
     Flav : max Press/Den @ L,MLT; DPS-dst
        0: P =   0.00, D =9075.91 @  1.54 Rp,12.07 MLT; DPS:   0.00
        1: P =   0.20, D =   6.51 @  5.65 Rp,12.38 MLT; DPS:  -0.49
        2: P =   3.08, D =   0.28 @  3.96 Rp,23.14 MLT; DPS:  -4.94
[0m [32m<Writing HDF5 DATA @ t =    28.417 [min] >[0m 
[32m<Writing RAIJU HDF5 DATA @ t =    28.500 [min] >[0m 
 [36m
 GAMERA
      Time =    28.501 [min]
        ts =    23211
        dt =  8.11E-02 [sec]
    dt/dt0 =   68.145%
    Spent     0.0% of time waiting for Voltron
      kZCs =   3580.15 /   1517.19 [MHD/TOT] (8 threads)
[0m       CPCP =   72.977  68.579 [kV, N/S]
 [34m
 VOLTRON
      UT   = 2001-06-01 23:28:30
      tilt =    0.000 [deg]
    Sym-H  =   -5.000 [nT]
    BSDst  ~   16.556 [nT]
           dSMRs  ~     1.09   -0.10   -1.06    0.07 [nT, 12/18/00/06]
   DPSDst  ~   -4.546 [nT]
   Spent    47.1% of time waiting for Gamera
            11.1% of time processing Chimp(Helpers)
             9.1% of time processing IMAG
            11.9% of time processing Remix
            20.6% of time processing Tubes(Helpers)
             0.0% of time writing files
    Running @   80.634% of real-time (8 threads)
[0m  [35m
 RAIJU
      UT   = 2001-06-01 23:28:35
      Time =    28.583 [min]
     dtCpl =  5.00E+00 [sec]
     Max/Min dt @ k:
        Max 3.12E+01 [sec] @ 58
        Min 1.38E-01 [sec] @ 160
     Flav : max Press/Den @ L,MLT; DPS-dst
        0: P =   0.00, D =9075.91 @  1.54 Rp,12.07 MLT; DPS:   0.00
        1: P =   0.20, D =   6.51 @  5.67 Rp,12.43 MLT; DPS:  -0.49
        2: P =   3.08, D =   0.28 @  3.96 Rp,23.14 MLT; DPS:  -4.93
[0m [32m<Writing HDF5 DATA @ t =    28.501 [min] >[0m 
[32m<Writing RAIJU HDF5 DATA @ t =    28.583 [min] >[0m 
 [36m
 GAMERA
      Time =    28.584 [min]
        ts =    23273
        dt =  8.11E-02 [sec]
    dt/dt0 =   68.135%
    Spent     0.0% of time waiting for Voltron
      kZCs =   3579.59 /   1516.63 [MHD/TOT] (8 threads)
[0m       CPCP =   72.976  68.531 [kV, N/S]
 [34m
 VOLTRON
      UT   = 2001-06-01 23:28:35
      tilt =    0.000 [deg]
    Sym-H  =   -5.000 [nT]
    BSDst  ~   16.544 [nT]
           dSMRs  ~     1.09   -0.10   -1.06    0.06 [nT, 12/18/00/06]
   DPSDst  ~   -4.545 [nT]
   Spent    47.2% of time waiting for Gamera
            11.0% of time processing Chimp(Helpers)
             9.1% of time processing IMAG
            11.9% of time processing Remix
            20.6% of time processing Tubes(Helpers)
             0.0% of time writing files
    Running @   80.676% of real-time (8 threads)
[0m  [35m
 RAIJU
      UT   = 2001-06-01 23:28:40
      Time =    28.667 [min]
     dtCpl =  5.00E+00 [sec]
     Max/Min dt @ k:
        Max 3.12E+01 [sec] @ 58
        Min 1.38E-01 [sec] @ 160
     Flav : max Press/Den @ L,MLT; DPS-dst
        0: P =   0.00, D =9075.91 @  1.54 Rp,12.07 MLT; DPS:   0.00
        1: P =   0.20, D =   6.51 @  5.69 Rp,12.47 MLT; DPS:  -0.49
        2: P =   3.08, D =   0.28 @  3.96 Rp,23.14 MLT; DPS:  -4.93
[0m [32m<Writing HDF5 DATA @ t =    28.584 [min] >[0m 
[32m<Writing RAIJU HDF5 DATA @ t =    28.667 [min] >[0m 
 [36m
 GAMERA
      Time =    28.667 [min]
        ts =    23334
        dt =  8.11E-02 [sec]
    dt/dt0 =   68.124%
    Spent     0.0% of time waiting for Voltron
      kZCs =   3580.17 /   1504.60 [MHD/TOT] (8 threads)
[0m       CPCP =   72.965  68.474 [kV, N/S]
 [34m
 VOLTRON
      UT   = 2001-06-01 23:28:40
      tilt =    0.000 [deg]
    Sym-H  =   -5.000 [nT]
    BSDst  ~   16.535 [nT]
           dSMRs  ~     1.10   -0.10   -1.06    0.06 [nT, 12/18/00/06]
   DPSDst  ~   -4.538 [nT]
   Spent    47.1% of time waiting for Gamera
            11.1% of time processing Chimp(Helpers)
             9.1% of time processing IMAG
            11.9% of time processing Remix
            20.6% of time processing Tubes(Helpers)
             0.0% of time writing files
    Running @   80.695% of real-time (8 threads)
[0m  [35m
 RAIJU
      UT   = 2001-06-01 23:28:45
      Time =    28.750 [min]
     dtCpl =  5.00E+00 [sec]
     Max/Min dt @ k:
        Max 3.12E+01 [sec] @ 58
        Min 1.38E-01 [sec] @ 160
     Flav : max Press/Den @ L,MLT; DPS-dst
        0: P =   0.00, D =9075.91 @  1.54 Rp,12.07 MLT; DPS:   0.00
        1: P =   0.20, D =   6.51 @  5.72 Rp,12.51 MLT; DPS:  -0.49
        2: P =   3.08, D =   0.28 @  3.96 Rp,23.34 MLT; DPS:  -4.93
[0m [32m<Writing HDF5 DATA @ t =    28.667 [min] >[0m 
[32m<Writing RAIJU HDF5 DATA @ t =    28.750 [min] >[0m 
 [36m
 GAMERA
      Time =    28.751 [min]
        ts =    23396
        dt =  8.11E-02 [sec]
    dt/dt0 =   68.109%
    Spent     0.0% of time waiting for Voltron
      kZCs =   3580.01 /   1517.57 [MHD/TOT] (8 threads)
[0m       CPCP =   72.957  68.407 [kV, N/S]
 [34m
 VOLTRON
      UT   = 2001-06-01 23:28:45
      tilt =    0.000 [deg]
    Sym-H  =   -5.000 [nT]
    BSDst  ~   16.528 [nT]
           dSMRs  ~     1.10   -0.10   -1.06    0.06 [nT, 12/18/00/06]
   DPSDst  ~   -4.533 [nT]
   Spent    47.2% of time waiting for Gamera
            11.1% of time processing Chimp(Helpers)
             9.1% of time processing IMAG
            11.9% of time processing Remix
            20.6% of time processing Tubes(Helpers)
             0.0% of time writing files
    Running @   80.736% of real-time (8 threads)
[0m  [35m
 RAIJU
      UT   = 2001-06-01 23:28:50
      Time =    28.833 [min]
     dtCpl =  5.00E+00 [sec]
     Max/Min dt @ k:
        Max 3.13E+01 [sec] @ 58
        Min 1.38E-01 [sec] @ 160
     Flav : max Press/Den @ L,MLT; DPS-dst
        0: P =   0.00, D =9075.91 @  1.54 Rp,12.07 MLT; DPS:   0.00
        1: P =   0.20, D =   6.50 @  5.73 Rp,12.56 MLT; DPS:  -0.48
        2: P =   3.08, D =   0.28 @  3.96 Rp,23.34 MLT; DPS:  -4.93
[0m [32m<Writing HDF5 DATA @ t =    28.751 [min] >[0m 
[32m<Writing RAIJU HDF5 DATA @ t =    28.833 [min] >[0m 
 [36m
 GAMERA
      Time =    28.835 [min]
        ts =    23458
        dt =  8.11E-02 [sec]
    dt/dt0 =   68.090%
    Spent     0.0% of time waiting for Voltron
      kZCs =   3578.75 /   1519.10 [MHD/TOT] (8 threads)
[0m       CPCP =   72.957  68.341 [kV, N/S]
 [34m
 VOLTRON
      UT   = 2001-06-01 23:28:50
      tilt =    0.000 [deg]
    Sym-H  =   -5.000 [nT]
    BSDst  ~   16.520 [nT]
           dSMRs  ~     1.11   -0.10   -1.07    0.06 [nT, 12/18/00/06]
   DPSDst  ~   -4.528 [nT]
   Spent    47.2% of time waiting for Gamera
            11.1% of time processing Chimp(Helpers)
             9.1% of time processing IMAG
            11.9% of time processing Remix
            20.5% of time processing Tubes(Helpers)
             0.0% of time writing files
    Running @   80.777% of real-time (8 threads)
[0m  [35m
 RAIJU
      UT   = 2001-06-01 23:28:55
      Time =    28.917 [min]
     dtCpl =  5.00E+00 [sec]
     Max/Min dt @ k:
        Max 3.13E+01 [sec] @ 58
        Min 1.38E-01 [sec] @ 160
     Flav : max Press/Den @ L,MLT; DPS-dst
        0: P =   0.00, D =9075.91 @  1.54 Rp,12.07 MLT; DPS:   0.00
        1: P =   0.20, D =   6.50 @  5.78 Rp,12.61 MLT; DPS:  -0.48
        2: P =   3.08, D =   0.28 @  3.96 Rp,23.34 MLT; DPS:  -4.92
[0m [32m<Writing HDF5 DATA @ t =    28.835 [min] >[0m 
[32m<Writing RAIJU HDF5 DATA @ t =    28.917 [min] >[0m 
 [36m
 GAMERA
      Time =    28.917 [min]
        ts =    23519
        dt =  8.10E-02 [sec]
    dt/dt0 =   68.071%
    Spent     0.0% of time waiting for Voltron
      kZCs =   3579.60 /   1507.45 [MHD/TOT] (8 threads)
[0m       CPCP =   72.941  68.273 [kV, N/S]
 [34m
 VOLTRON
      UT   = 2001-06-01 23:28:55
      tilt =    0.000 [deg]
    Sym-H  =   -5.000 [nT]
    BSDst  ~   16.511 [nT]
           dSMRs  ~     1.11   -0.10   -1.07    0.06 [nT, 12/18/00/06]
   DPSDst  ~   -4.523 [nT]
   Spent    47.2% of time waiting for Gamera
            11.1% of time processing Chimp(Helpers)
             9.1% of time processing IMAG
            11.9% of time processing Remix
            20.6% of time processing Tubes(Helpers)
             0.0% of time writing files
    Running @   80.796% of real-time (8 threads)
[0m  [35m
 RAIJU
      UT   = 2001-06-01 23:28:59
      Time =    29.000 [min]
     dtCpl =  5.00E+00 [sec]
     Max/Min dt @ k:
        Max 3.13E+01 [sec] @ 58
        Min 1.38E-01 [sec] @ 160
     Flav : max Press/Den @ L,MLT; DPS-dst
        0: P =   0.00, D =9075.91 @  1.54 Rp,12.07 MLT; DPS:   0.00
        1: P =   0.20, D =   6.49 @  5.83 Rp,12.65 MLT; DPS:  -0.48
        2: P =   3.08, D =   0.28 @  3.96 Rp,23.34 MLT; DPS:  -4.92
[0m [32m<Writing HDF5 DATA @ t =    28.917 [min] >[0m 
[32m<Writing RAIJU HDF5 DATA @ t =    29.000 [min] >[0m 
 [36m
 GAMERA
      Time =    29.001 [min]
        ts =    23581
        dt =  8.10E-02 [sec]
    dt/dt0 =   68.049%
    Spent     0.0% of time waiting for Voltron
      kZCs =   3580.43 /   1521.35 [MHD/TOT] (8 threads)
[0m       CPCP =   72.935  68.239 [kV, N/S]
 [34m
 VOLTRON
      UT   = 2001-06-01 23:29:00
      tilt =    0.000 [deg]
    Sym-H  =   -5.000 [nT]
    BSDst  ~   16.501 [nT]
           dSMRs  ~     1.11   -0.10   -1.07    0.06 [nT, 12/18/00/06]
   DPSDst  ~   -4.515 [nT]
   Spent    47.2% of time waiting for Gamera
            11.1% of time processing Chimp(Helpers)
             9.1% of time processing IMAG
            11.8% of time processing Remix
            20.6% of time processing Tubes(Helpers)
             0.0% of time writing files
    Running @   80.838% of real-time (8 threads)
[0m  [35m
 RAIJU
      UT   = 2001-06-01 23:29:05
      Time =    29.083 [min]
     dtCpl =  5.00E+00 [sec]
     Max/Min dt @ k:
        Max 3.13E+01 [sec] @ 58
        Min 1.38E-01 [sec] @ 160
     Flav : max Press/Den @ L,MLT; DPS-dst
        0: P =   0.00, D =9075.91 @  1.54 Rp,12.07 MLT; DPS:   0.00
        1: P =   0.20, D =   6.49 @  5.87 Rp,12.69 MLT; DPS:  -0.48
        2: P =   3.08, D =   0.28 @  3.96 Rp,23.34 MLT; DPS:  -4.91
[0m [32m<Writing HDF5 DATA @ t =    29.001 [min] >[0m 
[32m<Writing RAIJU HDF5 DATA @ t =    29.083 [min] >[0m 
 [36m
 GAMERA
      Time =    29.084 [min]
        ts =    23643
        dt =  8.10E-02 [sec]
    dt/dt0 =   68.026%
    Spent     0.0% of time waiting for Voltron
      kZCs =   3578.19 /   1521.43 [MHD/TOT] (8 threads)
[0m       CPCP =   72.941  68.222 [kV, N/S]
 [34m
 VOLTRON
      UT   = 2001-06-01 23:29:05
      tilt =    0.000 [deg]
    Sym-H  =   -5.000 [nT]
    BSDst  ~   16.492 [nT]
           dSMRs  ~     1.12   -0.10   -1.07    0.06 [nT, 12/18/00/06]
   DPSDst  ~   -4.509 [nT]
   Spent    47.3% of time waiting for Gamera
            11.1% of time processing Chimp(Helpers)
             9.1% of time processing IMAG
            11.8% of time processing Remix
            20.6% of time processing Tubes(Helpers)
             0.0% of time writing files
    Running @   80.876% of real-time (8 threads)
[0m  [35m
 RAIJU
      UT   = 2001-06-01 23:29:10
      Time =    29.167 [min]
     dtCpl =  5.00E+00 [sec]
     Max/Min dt @ k:
        Max 3.14E+01 [sec] @ 58
        Min 1.38E-01 [sec] @ 160
     Flav : max Press/Den @ L,MLT; DPS-dst
        0: P =   0.00, D =9075.91 @  1.54 Rp,12.07 MLT; DPS:   0.00
        1: P =   0.20, D =   6.48 @  5.91 Rp,12.73 MLT; DPS:  -0.47
        2: P =   3.08, D =   0.28 @  3.96 Rp,23.27 MLT; DPS:  -4.91
[0m [32m<Writing HDF5 DATA @ t =    29.084 [min] >[0m 
[32m<Writing RAIJU HDF5 DATA @ t =    29.167 [min] >[0m 
 [36m
 GAMERA
      Time =    29.167 [min]
        ts =    23704
        dt =  8.10E-02 [sec]
    dt/dt0 =   68.004%
    Spent     0.0% of time waiting for Voltron
      kZCs =   3580.31 /   1508.64 [MHD/TOT] (8 threads)
[0m       CPCP =   72.972  68.230 [kV, N/S]
 [34m
 VOLTRON
      UT   = 2001-06-01 23:29:10
      tilt =    0.000 [deg]
    Sym-H  =   -5.000 [nT]
    BSDst  ~   16.482 [nT]
           dSMRs  ~     1.12   -0.10   -1.08    0.06 [nT, 12/18/00/06]
   DPSDst  ~   -4.509 [nT]
   Spent    47.3% of time waiting for Gamera
            11.1% of time processing Chimp(Helpers)
             9.1% of time processing IMAG
            11.8% of time processing Remix
            20.6% of time processing Tubes(Helpers)
             0.0% of time writing files
    Running @   80.889% of real-time (8 threads)
[0m  [35m
 RAIJU
      UT   = 2001-06-01 23:29:15
      Time =    29.250 [min]
     dtCpl =  5.00E+00 [sec]
     Max/Min dt @ k:
        Max 3.14E+01 [sec] @ 58
        Min 1.38E-01 [sec] @ 160
     Flav : max Press/Den @ L,MLT; DPS-dst
        0: P =   0.00, D =9075.91 @  1.54 Rp,12.07 MLT; DPS:   0.00
        1: P =   0.20, D =   6.46 @  5.97 Rp,12.78 MLT; DPS:  -0.47
        2: P =   3.08, D =   0.28 @  3.96 Rp,23.27 MLT; DPS:  -4.91
[0m [32m<Writing HDF5 DATA @ t =    29.167 [min] >[0m 
[32m<Writing RAIJU HDF5 DATA @ t =    29.250 [min] >[0m 
 [36m
 GAMERA
      Time =    29.250 [min]
        ts =    23766
        dt =  8.09E-02 [sec]
    dt/dt0 =   67.983%
    Spent     0.0% of time waiting for Voltron
      kZCs =   3579.59 /   1521.91 [MHD/TOT] (8 threads)
[0m       CPCP =   73.008  68.250 [kV, N/S]
 [34m
 VOLTRON
      UT   = 2001-06-01 23:29:15
      tilt =    0.000 [deg]
    Sym-H  =   -5.000 [nT]
    BSDst  ~   16.471 [nT]
           dSMRs  ~     1.13   -0.10   -1.08    0.06 [nT, 12/18/00/06]
   DPSDst  ~   -4.503 [nT]
   Spent    47.3% of time waiting for Gamera
            11.1% of time processing Chimp(Helpers)
             9.1% of time processing IMAG
            11.7% of time processing Remix
            20.6% of time processing Tubes(Helpers)
             0.0% of time writing files
    Running @   80.897% of real-time (8 threads)
[0m  [35m
 RAIJU
      UT   = 2001-06-01 23:29:20
      Time =    29.333 [min]
     dtCpl =  5.00E+00 [sec]
     Max/Min dt @ k:
        Max 3.15E+01 [sec] @ 58
        Min 1.38E-01 [sec] @ 160
     Flav : max Press/Den @ L,MLT; DPS-dst
        0: P =   0.00, D =9075.91 @  1.54 Rp,12.07 MLT; DPS:   0.00
        1: P =   0.20, D =   6.45 @  6.05 Rp,12.82 MLT; DPS:  -0.47
        2: P =   3.08, D =   0.28 @  3.96 Rp,23.27 MLT; DPS:  -4.90
[0m [32m<Writing HDF5 DATA @ t =    29.250 [min] >[0m 
[32m<Writing RAIJU HDF5 DATA @ t =    29.333 [min] >[0m 
 [36m
 GAMERA
      Time =    29.334 [min]
        ts =    23828
        dt =  8.09E-02 [sec]
    dt/dt0 =   67.962%
    Spent     0.0% of time waiting for Voltron
      kZCs =   3579.31 /   1521.99 [MHD/TOT] (8 threads)
[0m       CPCP =   73.046  68.275 [kV, N/S]
 [34m
 VOLTRON
      UT   = 2001-06-01 23:29:20
      tilt =    0.000 [deg]
    Sym-H  =   -5.000 [nT]
    BSDst  ~   16.462 [nT]
           dSMRs  ~     1.13   -0.10   -1.08    0.06 [nT, 12/18/00/06]
   DPSDst  ~   -4.503 [nT]
   Spent    47.3% of time waiting for Gamera
            11.1% of time processing Chimp(Helpers)
             9.1% of time processing IMAG
            11.7% of time processing Remix
            20.5% of time processing Tubes(Helpers)
             0.0% of time writing files
    Running @   80.933% of real-time (8 threads)
[0m  [35m
 RAIJU
      UT   = 2001-06-01 23:29:25
      Time =    29.417 [min]
     dtCpl =  5.00E+00 [sec]
     Max/Min dt @ k:
        Max 3.15E+01 [sec] @ 58
        Min 1.38E-01 [sec] @ 160
     Flav : max Press/Den @ L,MLT; DPS-dst
        0: P =   0.00, D =9075.91 @  1.54 Rp,12.07 MLT; DPS:   0.00
        1: P =   0.20, D =   6.43 @  6.11 Rp,12.85 MLT; DPS:  -0.47
        2: P =   3.08, D =   0.28 @  3.96 Rp,23.27 MLT; DPS:  -4.90
[0m [32m<Writing HDF5 DATA @ t =    29.334 [min] >[0m 
[32m<Writing RAIJU HDF5 DATA @ t =    29.417 [min] >[0m 
 [36m
 GAMERA
      Time =    29.418 [min]
        ts =    23890
        dt =  8.09E-02 [sec]
    dt/dt0 =   67.943%
    Spent     0.0% of time waiting for Voltron
      kZCs =   3580.01 /   1518.70 [MHD/TOT] (8 threads)
[0m       CPCP =   73.092  68.300 [kV, N/S]
 [34m
 VOLTRON
      UT   = 2001-06-01 23:29:25
      tilt =    0.000 [deg]
    Sym-H  =   -5.000 [nT]
    BSDst  ~   16.454 [nT]
           dSMRs  ~     1.13   -0.10   -1.08    0.06 [nT, 12/18/00/06]
   DPSDst  ~   -4.504 [nT]
   Spent    47.3% of time waiting for Gamera
            11.1% of time processing Chimp(Helpers)
             9.1% of time processing IMAG
            11.7% of time processing Remix
            20.5% of time processing Tubes(Helpers)
             0.0% of time writing files
    Running @   80.961% of real-time (8 threads)
[0m  [35m
 RAIJU
      UT   = 2001-06-01 23:29:30
      Time =    29.500 [min]
     dtCpl =  5.00E+00 [sec]
     Max/Min dt @ k:
        Max 3.15E+01 [sec] @ 58
        Min 1.38E-01 [sec] @ 160
     Flav : max Press/Den @ L,MLT; DPS-dst
        0: P =   0.00, D =9075.91 @  1.54 Rp,12.07 MLT; DPS:   0.00
        1: P =   0.20, D =   6.42 @  6.16 Rp,12.88 MLT; DPS:  -0.47
        2: P =   3.08, D =   0.28 @  3.96 Rp,23.27 MLT; DPS:  -4.90
[0m [32m<Writing HDF5 DATA @ t =    29.418 [min] >[0m 
[32m<Writing RAIJU HDF5 DATA @ t =    29.500 [min] >[0m 
 [36m
 GAMERA
      Time =    29.501 [min]
        ts =    23952
        dt =  8.09E-02 [sec]
    dt/dt0 =   67.924%
    Spent     0.0% of time waiting for Voltron
      kZCs =   3579.17 /   1521.48 [MHD/TOT] (8 threads)
[0m       CPCP =   73.149  68.331 [kV, N/S]
 [34m
 VOLTRON
      UT   = 2001-06-01 23:29:30
      tilt =    0.000 [deg]
    Sym-H  =   -5.000 [nT]
    BSDst  ~   16.446 [nT]
           dSMRs  ~     1.13   -0.10   -1.09    0.06 [nT, 12/18/00/06]
   DPSDst  ~   -4.502 [nT]
   Spent    47.4% of time waiting for Gamera
            11.1% of time processing Chimp(Helpers)
             9.1% of time processing IMAG
            11.7% of time processing Remix
            20.5% of time processing Tubes(Helpers)
             0.0% of time writing files
    Running @   80.992% of real-time (8 threads)
[0m  [35m
 RAIJU
      UT   = 2001-06-01 23:29:35
      Time =    29.583 [min]
     dtCpl =  5.00E+00 [sec]
     Max/Min dt @ k:
        Max 3.15E+01 [sec] @ 58
        Min 1.38E-01 [sec] @ 160
     Flav : max Press/Den @ L,MLT; DPS-dst
        0: P =   0.00, D =9075.91 @  1.54 Rp,12.07 MLT; DPS:   0.00
        1: P =   0.19, D =   6.40 @  6.22 Rp,12.90 MLT; DPS:  -0.47
        2: P =   3.08, D =   0.28 @  3.96 Rp,23.27 MLT; DPS:  -4.90
[0m [32m<Writing HDF5 DATA @ t =    29.501 [min] >[0m 
[32m<Writing RAIJU HDF5 DATA @ t =    29.583 [min] >[0m 
 [36m
 GAMERA
      Time =    29.583 [min]
        ts =    24013
        dt =  8.08E-02 [sec]
    dt/dt0 =   67.902%
    Spent     0.0% of time waiting for Voltron
      kZCs =   3579.60 /   1507.73 [MHD/TOT] (8 threads)
[0m       CPCP =   73.191  68.367 [kV, N/S]
 [34m
 VOLTRON
      UT   = 2001-06-01 23:29:35
      tilt =    0.000 [deg]
    Sym-H  =   -5.000 [nT]
    BSDst  ~   16.438 [nT]
           dSMRs  ~     1.14   -0.10   -1.09    0.05 [nT, 12/18/00/06]
   DPSDst  ~   -4.499 [nT]
   Spent    47.3% of time waiting for Gamera
            11.1% of time processing Chimp(Helpers)
             9.1% of time processing IMAG
            11.7% of time processing Remix
            20.5% of time processing Tubes(Helpers)
             0.0% of time writing files
    Running @   80.996% of real-time (8 threads)
[0m  [35m
 RAIJU
      UT   = 2001-06-01 23:29:40
      Time =    29.667 [min]
     dtCpl =  5.00E+00 [sec]
     Max/Min dt @ k:
        Max 3.15E+01 [sec] @ 58
        Min 1.38E-01 [sec] @ 160
     Flav : max Press/Den @ L,MLT; DPS-dst
        0: P =   0.00, D =9075.91 @  1.54 Rp,12.07 MLT; DPS:   0.00
        1: P =   0.19, D =   6.39 @  6.26 Rp,12.92 MLT; DPS:  -0.47
        2: P =   3.08, D =   0.28 @  3.96 Rp,23.27 MLT; DPS:  -4.90
[0m [32m<Writing HDF5 DATA @ t =    29.583 [min] >[0m 
[32m<Writing RAIJU HDF5 DATA @ t =    29.667 [min] >[0m 
 [36m
 GAMERA
      Time =    29.667 [min]
        ts =    24075
        dt =  8.08E-02 [sec]
    dt/dt0 =   67.879%
    Spent     0.0% of time waiting for Voltron
      kZCs =   3581.55 /   1520.92 [MHD/TOT] (8 threads)
[0m       CPCP =   73.219  68.403 [kV, N/S]
 [34m
 VOLTRON
      UT   = 2001-06-01 23:29:40
      tilt =    0.000 [deg]
    Sym-H  =   -5.000 [nT]
    BSDst  ~   16.431 [nT]
           dSMRs  ~     1.14   -0.10   -1.09    0.05 [nT, 12/18/00/06]
   DPSDst  ~   -4.494 [nT]
   Spent    47.3% of time waiting for Gamera
            11.1% of time processing Chimp(Helpers)
             9.1% of time processing IMAG
            11.7% of time processing Remix
            20.5% of time processing Tubes(Helpers)
             0.0% of time writing files
    Running @   81.011% of real-time (8 threads)
[0m  [35m
 RAIJU
      UT   = 2001-06-01 23:29:45
      Time =    29.750 [min]
     dtCpl =  5.00E+00 [sec]
     Max/Min dt @ k:
        Max 3.15E+01 [sec] @ 58
        Min 1.38E-01 [sec] @ 160
     Flav : max Press/Den @ L,MLT; DPS-dst
        0: P =   0.00, D =9075.91 @  1.54 Rp,12.07 MLT; DPS:   0.00
        1: P =   0.19, D =   6.37 @  6.32 Rp,12.93 MLT; DPS:  -0.46
        2: P =   3.08, D =   0.28 @  3.96 Rp,23.27 MLT; DPS:  -4.89
[0m [32m<Writing HDF5 DATA @ t =    29.667 [min] >[0m 
[32m<Writing RAIJU HDF5 DATA @ t =    29.750 [min] >[0m 
 [36m
 GAMERA
      Time =    29.750 [min]
        ts =    24137
        dt =  8.08E-02 [sec]
    dt/dt0 =   67.855%
    Spent     0.0% of time waiting for Voltron
      kZCs =   3577.77 /   1516.73 [MHD/TOT] (8 threads)
[0m       CPCP =   73.241  68.437 [kV, N/S]
 [34m
 VOLTRON
      UT   = 2001-06-01 23:29:45
      tilt =    0.000 [deg]
    Sym-H  =   -5.000 [nT]
    BSDst  ~   16.425 [nT]
           dSMRs  ~     1.14   -0.10   -1.09    0.05 [nT, 12/18/00/06]
   DPSDst  ~   -4.490 [nT]
   Spent    47.4% of time waiting for Gamera
            11.1% of time processing Chimp(Helpers)
             9.1% of time processing IMAG
            11.7% of time processing Remix
            20.5% of time processing Tubes(Helpers)
             0.0% of time writing files
    Running @   80.922% of real-time (8 threads)
[0m  [35m
 RAIJU
      UT   = 2001-06-01 23:29:50
      Time =    29.833 [min]
     dtCpl =  5.00E+00 [sec]
     Max/Min dt @ k:
        Max 3.14E+01 [sec] @ 58
        Min 1.38E-01 [sec] @ 160
     Flav : max Press/Den @ L,MLT; DPS-dst
        0: P =   0.00, D =9075.91 @  1.54 Rp,12.07 MLT; DPS:   0.00
        1: P =   0.19, D =   6.35 @  6.37 Rp,12.94 MLT; DPS:  -0.46
        2: P =   3.08, D =   0.28 @  3.96 Rp,23.14 MLT; DPS:  -4.89
[0m [32m<Writing HDF5 DATA @ t =    29.750 [min] >[0m 
[32m<Writing RAIJU HDF5 DATA @ t =    29.833 [min] >[0m 
 [36m
 GAMERA
      Time =    29.834 [min]
        ts =    24199
        dt =  8.08E-02 [sec]
    dt/dt0 =   67.832%
    Spent     0.0% of time waiting for Voltron
      kZCs =   3581.55 /   1522.06 [MHD/TOT] (8 threads)
[0m       CPCP =   73.258  68.459 [kV, N/S]
 [34m
 VOLTRON
      UT   = 2001-06-01 23:29:50
      tilt =    0.000 [deg]
    Sym-H  =   -5.000 [nT]
    BSDst  ~   16.419 [nT]
           dSMRs  ~     1.15   -0.10   -1.09    0.05 [nT, 12/18/00/06]
   DPSDst  ~   -4.486 [nT]
   Spent    47.4% of time waiting for Gamera
            11.1% of time processing Chimp(Helpers)
             9.1% of time processing IMAG
            11.7% of time processing Remix
            20.5% of time processing Tubes(Helpers)
             0.0% of time writing files
    Running @   80.953% of real-time (8 threads)
[0m  [35m
 RAIJU
      UT   = 2001-06-01 23:29:55
      Time =    29.917 [min]
     dtCpl =  5.00E+00 [sec]
     Max/Min dt @ k:
        Max 3.14E+01 [sec] @ 58
        Min 1.38E-01 [sec] @ 160
     Flav : max Press/Den @ L,MLT; DPS-dst
        0: P =   0.00, D =9075.91 @  1.54 Rp,12.07 MLT; DPS:   0.00
        1: P =   0.19, D =   6.34 @  6.31 Rp,13.11 MLT; DPS:  -0.46
        2: P =   3.08, D =   0.28 @  3.96 Rp,23.14 MLT; DPS:  -4.89
[0m [32m<Writing HDF5 DATA @ t =    29.834 [min] >[0m 
[32m<Writing RAIJU HDF5 DATA @ t =    29.917 [min] >[0m 
 [36m
 GAMERA
      Time =    29.917 [min]
        ts =    24261
        dt =  8.07E-02 [sec]
    dt/dt0 =   67.807%
    Spent     0.0% of time waiting for Voltron
      kZCs =   3578.47 /   1520.70 [MHD/TOT] (8 threads)
[0m       CPCP =   73.299  68.473 [kV, N/S]
 [34m
 VOLTRON
      UT   = 2001-06-01 23:29:55
      tilt =    0.000 [deg]
    Sym-H  =   -5.000 [nT]
    BSDst  ~   16.413 [nT]
           dSMRs  ~     1.15   -0.10   -1.10    0.05 [nT, 12/18/00/06]
   DPSDst  ~   -4.483 [nT]
   Spent    47.4% of time waiting for Gamera
            11.1% of time processing Chimp(Helpers)
             9.1% of time processing IMAG
            11.7% of time processing Remix
            20.5% of time processing Tubes(Helpers)
             0.0% of time writing files
    Running @   80.957% of real-time (8 threads)
[0m  [35m
 RAIJU
      UT   = 2001-06-01 23:29:59
      Time =    30.000 [min]
     dtCpl =  5.00E+00 [sec]
     Max/Min dt @ k:
        Max 3.14E+01 [sec] @ 58
        Min 1.38E-01 [sec] @ 160
     Flav : max Press/Den @ L,MLT; DPS-dst
        0: P =   0.00, D =9075.91 @  1.54 Rp,12.07 MLT; DPS:   0.00
        1: P =   0.19, D =   6.32 @  6.38 Rp,13.15 MLT; DPS:  -0.46
        2: P =   3.08, D =   0.28 @  3.96 Rp,23.14 MLT; DPS:  -4.89
[0m [32m<Writing HDF5 DATA @ t =    29.917 [min] >[0m 
[32m<Writing RAIJU HDF5 DATA @ t =    30.000 [min] >[0m 
 [36m
 GAMERA
      Time =    30.001 [min]
        ts =    24323
        dt =  8.07E-02 [sec]
    dt/dt0 =   67.784%
    Spent     0.0% of time waiting for Voltron
      kZCs =   3580.57 /   1520.42 [MHD/TOT] (8 threads)
[0m       CPCP =   73.357  68.488 [kV, N/S]
 [34m
 VOLTRON
      UT   = 2001-06-01 23:30:00
      tilt =    0.000 [deg]
    Sym-H  =   -5.000 [nT]
    BSDst  ~   16.406 [nT]
           dSMRs  ~     1.15   -0.10   -1.10    0.05 [nT, 12/18/00/06]
   DPSDst  ~   -4.481 [nT]
   Spent    47.4% of time waiting for Gamera
            11.1% of time processing Chimp(Helpers)
             9.1% of time processing IMAG
            11.7% of time processing Remix
            20.5% of time processing Tubes(Helpers)
             0.0% of time writing files
    Running @   80.977% of real-time (8 threads)
[0m  [35m
 RAIJU
      UT   = 2001-06-01 23:30:05
      Time =    30.083 [min]
     dtCpl =  5.00E+00 [sec]
     Max/Min dt @ k:
        Max 3.14E+01 [sec] @ 58
        Min 1.38E-01 [sec] @ 160
     Flav : max Press/Den @ L,MLT; DPS-dst
        0: P =   0.00, D =9075.91 @  1.54 Rp,12.07 MLT; DPS:   0.00
        1: P =   0.19, D =   6.28 @  6.47 Rp,13.18 MLT; DPS:  -0.46
        2: P =   3.08, D =   0.28 @  3.96 Rp,23.14 MLT; DPS:  -4.88
[0m [32m<Writing HDF5 DATA @ t =    30.001 [min] >[0m 
[32m<Writing RAIJU HDF5 DATA @ t =    30.083 [min] >[0m 
 Fin
