 taskid =          32
  taskid           32
 taskid =          23
  taskid           23
 taskid =          27
  taskid           27
 taskid =          21
  taskid           21
 taskid =          19
  taskid           19
 taskid =           3
  taskid            3
 taskid =           2
  taskid            2
 taskid =           1
  taskid            1
 taskid =          20
  taskid           20
 taskid =          24
  taskid           24
 taskid =          29
  taskid           29
 taskid =          31
  taskid           31
 taskid =           5
  taskid            5
 taskid =          28
  taskid           28
 taskid =          26
  taskid           26
 taskid =           0
  taskid            0
 taskid =           4
  taskid            4
 taskid =          22
  taskid           22
 taskid =          25
  taskid           25
 taskid =          10
  taskid           10
 taskid =           7
  taskid            7
 taskid =           9
  taskid            9
 taskid =           6
  taskid            6
 taskid =          11
  taskid           11
 taskid =          18
  taskid           18
 taskid =          14
  taskid           14
 taskid =          15
  taskid           15
 taskid =          13
  taskid           13
 taskid =          16
  taskid           16
 taskid =           8
  taskid            8
 taskid =          17
  taskid           17
 taskid =          30
  taskid           30
 taskid =          12
  taskid           12
 WACCMX online port ready: /home/jiaoy_group/jiaoy/data/waccmx-sami3_official/runs/waccmx_cam_sami3_live_payload_f19_multipacket_n2invalid_recvflags_20260524_0000/waccmx_sami3_online_port.txt
 WACCMX online sender connected
 sending baltp            1
 sending baltp            7
 sending baltp           13
 rcving baltp            0
 sending baltp            5
 sending baltp           25
 sending baltp           31
 sending baltp           24
 sending baltp            8
 sending baltp            2
 sending baltp           23
 sending baltp            6
 sending baltp           10
 sending baltp            9
 sending baltp           20
 sending baltp           30
 sending baltp           32
 sending baltp            3
 sending baltp           22
 sending baltp           27
 sending baltp            4
 sending baltp           17
 sending baltp           26
 sending baltp           21
 sending baltp           28
 sending baltp           19
 sending baltp           16
 sending baltp           29
 sending baltp           11
 sending baltp           18
 sending baltp           14
 sending baltp           15
 sending baltp           12
 print recvd balt/blat/blonpt           0
 sending pp           1
 recv pp
 start recv dvec           0
 sending dvec            1
 sending vpsnx
 send xyznorms
 recv xyznorms           1
 recv xyznormp
 recv vppnx/y/z
 send vhpnx/y/z
 recv vhpnx/y/z
 send bdirpx/y/z
 recv bdirpx/y/z
 send bdirhx/y/z
 recv bdirhx/y/z
 send ehpx/y/z
 recv ehpx/y/z
 send ephx/y/z
 recv ephx/y/z
 send delhp
 recv delhp
 send delph
 recv delph
 rcving baltp            0
 print recvd balt/blat/blonpt           0
 sending pp           2
 recv pp
 start recv dvec           0
 sending dvec            2
 sending vpsnx
 send xyznorms
 recv xyznorms           2
 recv xyznormp
 recv vppnx/y/z
 send vhpnx/y/z
 recv vhpnx/y/z
 send bdirpx/y/z
 recv bdirpx/y/z
 send bdirhx/y/z
 recv bdirhx/y/z
 send ehpx/y/z
 recv ehpx/y/z
 send ephx/y/z
 recv ephx/y/z
 send delhp
 recv delhp
 send delph
 recv delph
 rcving baltp            0
 print recvd balt/blat/blonpt           0
 sending pp           3
 recv pp
 start recv dvec           0
 WACCMX online neutral received: taskid,step,packet_hr=           1           0   0.00000000
 WACCMX_RECV_QC           1           0   0.00000000          131019       57461      131019       57461   4.3426282236717143E+018   79097431.501968384        119100846.31048122        284173962.45459259        0.0000000000000000        4.3426282236717143E+018   79097431.501968384        119100846.31048122        284173962.45459259        0.0000000000000000
 WACCMX_RECV_SOURCE_FLAGS           1           0   0.00000000          188480      131019       57461      131019       57461      131019      131019      131019      131019
 WACCMX neutral apply policy: negative H density marker retains native SAMI3 neutral state
 WACCMX neutral apply policy: He payload is ignored; SAMI3 native He is retained
 WACCMX_APPLY_QC           1           1   0.00000000           37696       26260       11436       26260       11436       26260       26260       26260       26260
 d =    15710983.0       1.56821340E+10   3.49982228E+10   4.54060851E+09   95540760.0       2.29256501E-12   1718233.88       8258244.50       1.69087636E-26
 sending dvec            3
 sending vpsnx
 send xyznorms
 recv xyznorms           3
 recv xyznormp
 recv vppnx/y/z
 send vhpnx/y/z
 recv vhpnx/y/z
 send bdirpx/y/z
 recv bdirpx/y/z
 send bdirhx/y/z
 recv bdirhx/y/z
 send ehpx/y/z
 recv ehpx/y/z
 send ephx/y/z
 recv ephx/y/z
 send delhp
 recv delhp
 send delph
 recv delph
 rcving baltp            0
 print recvd balt/blat/blonpt           0
 sending pp           4
 recv pp
 start recv dvec           0
 WACCMX online neutral received: taskid,step,packet_hr=           2           0   0.00000000
 WACCMX_RECV_QC           2           0   0.00000000          130706       57774      130706       57774   4.5723773718215665E+018   77225812.226699829        109879564.58954149        268662017.13273376        0.0000000000000000        4.5723773718215665E+018   77225812.226699829        109879564.58954149        268662017.13273376        0.0000000000000000
 WACCMX_RECV_SOURCE_FLAGS           2           0   0.00000000          188480      130706       57774      130706       57774      130706      130706      130706      130706
 WACCMX_APPLY_QC           2           1   0.00000000           37696       26172       11524       26172       11524       26172       26172       26172       26172
 WACCMX_APPLY_QC           1           2   0.00000000           37696       26239       11457       26239       11457       26239       26239       26239       26239
 sending dvec            4
 sending vpsnx
 send xyznorms
 recv xyznorms           4
 recv xyznormp
 recv vppnx/y/z
 send vhpnx/y/z
 recv vhpnx/y/z
 send bdirpx/y/z
 recv bdirpx/y/z
 send bdirhx/y/z
 recv bdirhx/y/z
 send ehpx/y/z
 recv ehpx/y/z
 send ephx/y/z
 recv ephx/y/z
 send delhp
 recv delhp
 send delph
 recv delph
 rcving baltp            0
 print recvd balt/blat/blonpt           0
 sending pp           5
 recv pp
 start recv dvec           0
 WACCMX online neutral received: taskid,step,packet_hr=           3           0   0.00000000
 WACCMX_RECV_QC           3           0   0.00000000          130525       57955      130525       57955   4.5016436247959081E+018   76193254.165390015        45873351.103199959        160184540.18070036        0.0000000000000000        4.5016436247959081E+018   76193254.165390015        45873351.103199959        160184540.18070036        0.0000000000000000
 WACCMX_RECV_SOURCE_FLAGS           3           0   0.00000000          188480      130525       57955      130525       57955      130525      130525      130525      130525
 WACCMX_APPLY_QC           3           1   0.00000000           37696       26128       11568       26128       11568       26128       26128       26128       26128
 WACCMX_APPLY_QC           2           2   0.00000000           37696       26154       11542       26154       11542       26154       26154       26154       26154
 sending dvec            5
 WACCMX_APPLY_QC           1           3   0.00000000           37696       26194       11502       26194       11502       26194       26194       26194       26194
 sending vpsnx
 send xyznorms
 recv xyznorms           5
 recv xyznormp
 recv vppnx/y/z
 send vhpnx/y/z
 recv vhpnx/y/z
 send bdirpx/y/z
 recv bdirpx/y/z
 send bdirhx/y/z
 recv bdirhx/y/z
 send ehpx/y/z
 recv ehpx/y/z
 send ephx/y/z
 recv ephx/y/z
 send delhp
 recv delhp
 send delph
 recv delph
 rcving baltp            0
 print recvd balt/blat/blonpt           0
 sending pp           6
 recv pp
 start recv dvec           0
 WACCMX online neutral received: taskid,step,packet_hr=           4           0   0.00000000
 WACCMX_RECV_QC           4           0   0.00000000          130375       58105      130375       58105   4.3581390455046175E+018   75675998.032020569       -6345620.0143499896        26966366.638774410        0.0000000000000000        4.3581390455046175E+018   75675998.032020569       -6345620.0143499896        26966366.638774410        0.0000000000000000
 WACCMX_RECV_SOURCE_FLAGS           4           0   0.00000000          188480      130375       58105      130375       58105      130375      130375      130375      130375
 WACCMX_APPLY_QC           4           1   0.00000000           37696       26097       11599       26097       11599       26097       26097       26097       26097
 WACCMX_APPLY_QC           3           2   0.00000000           37696       26114       11582       26114       11582       26114       26114       26114       26114
 WACCMX_APPLY_QC           2           3   0.00000000           37696       26138       11558       26138       11558       26138       26138       26138       26138
 sending dvec            6
 sending vpsnx
 send xyznorms
 recv xyznorms           6
 recv xyznormp
 recv vppnx/y/z
 send vhpnx/y/z
 recv vhpnx/y/z
 send bdirpx/y/z
 recv bdirpx/y/z
 send bdirhx/y/z
 recv bdirhx/y/z
 send ehpx/y/z
 recv ehpx/y/z
 send ephx/y/z
 recv ephx/y/z
 send delhp
 recv delhp
 send delph
 recv delph
 rcving baltp            0
 print recvd balt/blat/blonpt           0
 sending pp           7
 recv pp
 start recv dvec           0
 WACCMX_APPLY_QC           1           4   0.00000000           37696       26172       11524       26172       11524       26172       26172       26172       26172
 WACCMX online neutral received: taskid,step,packet_hr=           5           0   0.00000000
 WACCMX_RECV_QC           5           0   0.00000000          130412       58068      130412       58068   4.3154882999915366E+018   75478409.494773865       -42634908.024845727       -44505766.369669020        0.0000000000000000        4.3154882999915366E+018   75478409.494773865       -42634908.024845727       -44505766.369669020        0.0000000000000000
 WACCMX_RECV_SOURCE_FLAGS           5           0   0.00000000          188480      130412       58068      130412       58068      130412      130412      130412      130412
 WACCMX_APPLY_QC           5           1   0.00000000           37696       26066       11630       26066       11630       26066       26066       26066       26066
 WACCMX_APPLY_QC           4           2   0.00000000           37696       26081       11615       26081       11615       26081       26081       26081       26081
 WACCMX_APPLY_QC           3           3   0.00000000           37696       26105       11591       26105       11591       26105       26105       26105       26105
 sending dvec            7
 sending vpsnx
 send xyznorms
 recv xyznorms           7
 recv xyznormp
 recv vppnx/y/z
 send vhpnx/y/z
 recv vhpnx/y/z
 send bdirpx/y/z
 recv bdirpx/y/z
 send bdirhx/y/z
 recv bdirhx/y/z
 send ehpx/y/z
 recv ehpx/y/z
 send ephx/y/z
 recv ephx/y/z
 send delhp
 recv delhp
 send delph
 recv delph
 rcving baltp            0
 print recvd balt/blat/blonpt           0
 sending pp           8
 recv pp
 start recv dvec           0
 WACCMX_APPLY_QC           2           4   0.00000000           37696       26128       11568       26128       11568       26128       26128       26128       26128
 WACCMX online neutral received: taskid,step,packet_hr=           6           0   0.00000000
 WACCMX_RECV_QC           6           0   0.00000000          130627       57853      130627       57853   4.2633637226230897E+018   75344339.669708252       -50420234.721586116       -111214343.74763608        0.0000000000000000        4.2633637226230897E+018   75344339.669708252       -50420234.721586116       -111214343.74763608        0.0000000000000000
 WACCMX_RECV_SOURCE_FLAGS           6           0   0.00000000          188480      130627       57853      130627       57853      130627      130627      130627      130627
 WACCMX_APPLY_QC           6           1   0.00000000           37696       26101       11595       26101       11595       26101       26101       26101       26101
 WACCMX_APPLY_QC           1           5   0.00000000           37696       26154       11542       26154       11542       26154       26154       26154       26154
 WACCMX_APPLY_QC           5           2   0.00000000           37696       26062       11634       26062       11634       26062       26062       26062       26062
 WACCMX_APPLY_QC           4           3   0.00000000           37696       26069       11627       26069       11627       26069       26069       26069       26069
 sending dvec            8
 sending vpsnx
 send xyznorms
 recv xyznorms           8
 recv xyznormp
 recv vppnx/y/z
 send vhpnx/y/z
 recv vhpnx/y/z
 send bdirpx/y/z
 recv bdirpx/y/z
 send bdirhx/y/z
 recv bdirhx/y/z
 send ehpx/y/z
 recv ehpx/y/z
 send ephx/y/z
 recv ephx/y/z
 send delhp
 recv delhp
 send delph
 recv delph
 rcving baltp            0
 print recvd balt/blat/blonpt           0
 sending pp           9
 recv pp
 start recv dvec           0
 WACCMX_APPLY_QC           3           4   0.00000000           37696       26097       11599       26097       11599       26097       26097       26097       26097
 WACCMX online neutral received: taskid,step,packet_hr=           7           0   0.00000000
 WACCMX_RECV_QC           7           0   0.00000000          130833       57647      130833       57647   4.0759341526788485E+018   75035871.720565796       -44443954.253055744       -161120476.37499273        0.0000000000000000        4.0759341526788485E+018   75035871.720565796       -44443954.253055744       -161120476.37499273        0.0000000000000000
 WACCMX_RECV_SOURCE_FLAGS           7           0   0.00000000          188480      130833       57647      130833       57647      130833      130833      130833      130833
 WACCMX_APPLY_QC           7           1   0.00000000           37696       26137       11559       26137       11559       26137       26137       26137       26137
 WACCMX_APPLY_QC           2           5   0.00000000           37696       26114       11582       26114       11582       26114       26114       26114       26114
 WACCMX_APPLY_QC           6           2   0.00000000           37696       26108       11588       26108       11588       26108       26108       26108       26108
 WACCMX_APPLY_QC           5           3   0.00000000           37696       26075       11621       26075       11621       26075       26075       26075       26075
 sending dvec            9
 sending vpsnx
 send xyznorms
 recv xyznorms           9
 recv xyznormp
 recv vppnx/y/z
 send vhpnx/y/z
 recv vhpnx/y/z
 send bdirpx/y/z
 recv bdirpx/y/z
 send bdirhx/y/z
 recv bdirhx/y/z
 send ehpx/y/z
 recv ehpx/y/z
 send ephx/y/z
 recv ephx/y/z
 send delhp
 recv delhp
 send delph
 recv delph
 rcving baltp            0
 print recvd balt/blat/blonpt           0
 sending pp          10
 recv pp
 start recv dvec           0
 WACCMX_APPLY_QC           4           4   0.00000000           37696       26066       11630       26066       11630       26066       26066       26066       26066
 WACCMX online neutral received: taskid,step,packet_hr=           8           0   0.00000000
 WACCMX_RECV_QC           8           0   0.00000000          131039       57441      131039       57441   3.8780922029820457E+018   74741962.670471191       -31043157.119869269       -119859726.38722903        0.0000000000000000        3.8780922029820457E+018   74741962.670471191       -31043157.119869269       -119859726.38722903        0.0000000000000000
 WACCMX_RECV_SOURCE_FLAGS           8           0   0.00000000          188480      131039       57441      131039       57441      131039      131039      131039      131039
 WACCMX_APPLY_QC           8           1   0.00000000           37696       26181       11515       26181       11515       26181       26181       26181       26181
 WACCMX_APPLY_QC           3           5   0.00000000           37696       26081       11615       26081       11615       26081       26081       26081       26081
 WACCMX_APPLY_QC           7           2   0.00000000           37696       26153       11543       26153       11543       26153       26153       26153       26153
 sending dvec           10
 WACCMX_APPLY_QC           6           3   0.00000000           37696       26128       11568       26128       11568       26128       26128       26128       26128
 sending vpsnx
 send xyznorms
 recv xyznorms          10
 recv xyznormp
 recv vppnx/y/z
 send vhpnx/y/z
 recv vhpnx/y/z
 send bdirpx/y/z
 recv bdirpx/y/z
 send bdirhx/y/z
 recv bdirhx/y/z
 send ehpx/y/z
 recv ehpx/y/z
 send ephx/y/z
 recv ephx/y/z
 send delhp
 recv delhp
 send delph
 recv delph
 rcving baltp            0
 print recvd balt/blat/blonpt           0
 sending pp          11
 recv pp
 start recv dvec           0
 WACCMX_APPLY_QC           5           4   0.00000000           37696       26101       11595       26101       11595       26101       26101       26101       26101
 WACCMX online neutral received: taskid,step,packet_hr=           9           0   0.00000000
 WACCMX_RECV_QC           9           0   0.00000000          131194       57286      131194       57286   3.7681006506248325E+018   74451310.616210938       -15788261.327151187       -18039226.072676491        0.0000000000000000        3.7681006506248325E+018   74451310.616210938       -15788261.327151187       -18039226.072676491        0.0000000000000000
 WACCMX_RECV_SOURCE_FLAGS           9           0   0.00000000          188480      131194       57286      131194       57286      131194      131194      131194      131194
 WACCMX_APPLY_QC           9           1   0.00000000           37696       26222       11474       26222       11474       26222       26222       26222       26222
 WACCMX_APPLY_QC           4           5   0.00000000           37696       26062       11634       26062       11634       26062       26062       26062       26062
 WACCMX_APPLY_QC           8           2   0.00000000           37696       26193       11503       26193       11503       26193       26193       26193       26193
 sending dvec           11
 WACCMX_APPLY_QC           7           3   0.00000000           37696       26169       11527       26169       11527       26169       26169       26169       26169
 sending vpsnx
 send xyznorms
 recv xyznorms          11
 recv xyznormp
 recv vppnx/y/z
 send vhpnx/y/z
 recv vhpnx/y/z
 send bdirpx/y/z
 recv bdirpx/y/z
 send bdirhx/y/z
 recv bdirhx/y/z
 send ehpx/y/z
 recv ehpx/y/z
 send ephx/y/z
 recv ephx/y/z
 send delhp
 recv delhp
 send delph
 recv delph
 rcving baltp            0
 print recvd balt/blat/blonpt           0
 sending pp          12
 recv pp
 start recv dvec           0
 WACCMX_APPLY_QC           6           4   0.00000000           37696       26137       11559       26137       11559       26137       26137       26137       26137
 WACCMX online neutral received: taskid,step,packet_hr=          10           0   0.00000000
 WACCMX_RECV_QC          10           0   0.00000000          131304       57176      131304       57176   3.7403306639673718E+018   74100604.635681152       -22666745.760571517        48095177.164621294        0.0000000000000000        3.7403306639673718E+018   74100604.635681152       -22666745.760571517        48095177.164621294        0.0000000000000000
 WACCMX_RECV_SOURCE_FLAGS          10           0   0.00000000          188480      131304       57176      131304       57176      131304      131304      131304      131304
 WACCMX_APPLY_QC          10           1   0.00000000           37696       26249       11447       26249       11447       26249       26249       26249       26249
 WACCMX_APPLY_QC           5           5   0.00000000           37696       26108       11588       26108       11588       26108       26108       26108       26108
 WACCMX_APPLY_QC           9           2   0.00000000           37696       26233       11463       26233       11463       26233       26233       26233       26233
 sending dvec           12
 WACCMX_APPLY_QC           8           3   0.00000000           37696       26210       11486       26210       11486       26210       26210       26210       26210
 sending vpsnx
 send xyznorms
 recv xyznorms          12
 recv xyznormp
 recv vppnx/y/z
 send vhpnx/y/z
 recv vhpnx/y/z
 send bdirpx/y/z
 recv bdirpx/y/z
 send bdirhx/y/z
 recv bdirhx/y/z
 send ehpx/y/z
 recv ehpx/y/z
 send ephx/y/z
 recv ephx/y/z
 send delhp
 recv delhp
 send delph
 recv delph
 rcving baltp            0
 print recvd balt/blat/blonpt           0
 sending pp          13
 recv pp
 start recv dvec           0
 WACCMX_APPLY_QC           7           4   0.00000000           37696       26181       11515       26181       11515       26181       26181       26181       26181
 WACCMX online neutral received: taskid,step,packet_hr=          11           0   0.00000000
 WACCMX_RECV_QC          11           0   0.00000000          131360       57120      131360       57120   3.9667585166877133E+018   73493146.465499878       -13766880.596623905        31235090.614932403        0.0000000000000000        3.9667585166877133E+018   73493146.465499878       -13766880.596623905        31235090.614932403        0.0000000000000000
 WACCMX_RECV_SOURCE_FLAGS          11           0   0.00000000          188480      131360       57120      131360       57120      131360      131360      131360      131360
 WACCMX_APPLY_QC          11           1   0.00000000           37696       26271       11425       26271       11425       26271       26271       26271       26271
 WACCMX_APPLY_QC           6           5   0.00000000           37696       26153       11543       26153       11543       26153       26153       26153       26153
 WACCMX_APPLY_QC          10           2   0.00000000           37696       26254       11442       26254       11442       26254       26254       26254       26254
 sending dvec           13
 WACCMX_APPLY_QC           9           3   0.00000000           37696       26236       11460       26236       11460       26236       26236       26236       26236
 sending vpsnx
 send xyznorms
 recv xyznorms          13
 recv xyznormp
 recv vppnx/y/z
 send vhpnx/y/z
 recv vhpnx/y/z
 send bdirpx/y/z
 recv bdirpx/y/z
 send bdirhx/y/z
 recv bdirhx/y/z
 send ehpx/y/z
 recv ehpx/y/z
 send ephx/y/z
 recv ephx/y/z
 send delhp
 recv delhp
 send delph
 recv delph
 rcving baltp            0
 print recvd balt/blat/blonpt           0
 sending pp          14
 recv pp
 start recv dvec           0
 WACCMX_APPLY_QC           8           4   0.00000000           37696       26222       11474       26222       11474       26222       26222       26222       26222
 WACCMX online neutral received: taskid,step,packet_hr=          12           0   0.00000000
 WACCMX_RECV_QC          12           0   0.00000000          131342       57138      131342       57138   4.2909008584601892E+018   72776294.823211670        35316086.900456637       -51498072.692768529        0.0000000000000000        4.2909008584601892E+018   72776294.823211670        35316086.900456637       -51498072.692768529        0.0000000000000000
 WACCMX_RECV_SOURCE_FLAGS          12           0   0.00000000          188480      131342       57138      131342       57138      131342      131342      131342      131342
 WACCMX_APPLY_QC          12           1   0.00000000           37696       26275       11421       26275       11421       26275       26275       26275       26275
 WACCMX_APPLY_QC           7           5   0.00000000           37696       26193       11503       26193       11503       26193       26193       26193       26193
 WACCMX_APPLY_QC          11           2   0.00000000           37696       26269       11427       26269       11427       26269       26269       26269       26269
 sending dvec           14
 WACCMX_APPLY_QC          10           3   0.00000000           37696       26261       11435       26261       11435       26261       26261       26261       26261
 sending vpsnx
 send xyznorms
 recv xyznorms          14
 recv xyznormp
 recv vppnx/y/z
 send vhpnx/y/z
 recv vhpnx/y/z
 send bdirpx/y/z
 recv bdirpx/y/z
 send bdirhx/y/z
 recv bdirhx/y/z
 send ehpx/y/z
 recv ehpx/y/z
 send ephx/y/z
 recv ephx/y/z
 send delhp
 recv delhp
 send delph
 recv delph
 rcving baltp            0
 print recvd balt/blat/blonpt           0
 sending pp          15
 recv pp
 start recv dvec           0
 WACCMX_APPLY_QC           9           4   0.00000000           37696       26249       11447       26249       11447       26249       26249       26249       26249
 WACCMX online neutral received: taskid,step,packet_hr=          13           0   0.00000000
 WACCMX_RECV_QC          13           0   0.00000000          131394       57086      131394       57086   4.3370219966666988E+018   72619895.342376709        92851978.630483329       -96425755.125658795        0.0000000000000000        4.3370219966666988E+018   72619895.342376709        92851978.630483329       -96425755.125658795        0.0000000000000000
 WACCMX_RECV_SOURCE_FLAGS          13           0   0.00000000          188480      131394       57086      131394       57086      131394      131394      131394      131394
 WACCMX_APPLY_QC          13           1   0.00000000           37696       26263       11433       26263       11433       26263       26263       26263       26263
 WACCMX_APPLY_QC           8           5   0.00000000           37696       26233       11463       26233       11463       26233       26233       26233       26233
 WACCMX_APPLY_QC          12           2   0.00000000           37696       26271       11425       26271       11425       26271       26271       26271       26271
 sending dvec           15
 WACCMX_APPLY_QC          11           3   0.00000000           37696       26274       11422       26274       11422       26274       26274       26274       26274
 sending vpsnx
 send xyznorms
 recv xyznorms          15
 recv xyznormp
 recv vppnx/y/z
 send vhpnx/y/z
 recv vhpnx/y/z
 send bdirpx/y/z
 recv bdirpx/y/z
 send bdirhx/y/z
 recv bdirhx/y/z
 send ehpx/y/z
 recv ehpx/y/z
 send ephx/y/z
 recv ephx/y/z
 send delhp
 recv delhp
 send delph
 recv delph
 rcving baltp            0
 print recvd balt/blat/blonpt           0
 sending pp          16
 recv pp
 start recv dvec           0
 WACCMX_APPLY_QC          10           4   0.00000000           37696       26271       11425       26271       11425       26271       26271       26271       26271
 WACCMX online neutral received: taskid,step,packet_hr=          14           0   0.00000000
 WACCMX_RECV_QC          14           0   0.00000000          131642       56838      131642       56838   4.2735945576695644E+018   73337208.685256958        108169646.30088532       -48677533.961888187        0.0000000000000000        4.2735945576695644E+018   73337208.685256958        108169646.30088532       -48677533.961888187        0.0000000000000000
 WACCMX_RECV_SOURCE_FLAGS          14           0   0.00000000          188480      131642       56838      131642       56838      131642      131642      131642      131642
 WACCMX_APPLY_QC          14           1   0.00000000           37696       26293       11403       26293       11403       26293       26293       26293       26293
 WACCMX_APPLY_QC           9           5   0.00000000           37696       26254       11442       26254       11442       26254       26254       26254       26254
 WACCMX_APPLY_QC          13           2   0.00000000           37696       26263       11433       26263       11433       26263       26263       26263       26263
 sending dvec           16
 WACCMX_APPLY_QC          12           3   0.00000000           37696       26270       11426       26270       11426       26270       26270       26270       26270
 sending vpsnx
 send xyznorms
 recv xyznorms          16
 recv xyznormp
 recv vppnx/y/z
 send vhpnx/y/z
 recv vhpnx/y/z
 send bdirpx/y/z
 recv bdirpx/y/z
 send bdirhx/y/z
 recv bdirhx/y/z
 send ehpx/y/z
 recv ehpx/y/z
 send ephx/y/z
 recv ephx/y/z
 send delhp
 recv delhp
 send delph
 recv delph
 rcving baltp            0
 print recvd balt/blat/blonpt           0
 sending pp          17
 recv pp
 start recv dvec           0
 WACCMX_APPLY_QC          11           4   0.00000000           37696       26275       11421       26275       11421       26275       26275       26275       26275
 WACCMX online neutral received: taskid,step,packet_hr=          15           0   0.00000000
 WACCMX_RECV_QC          15           0   0.00000000          132064       56416      132064       56416   4.2759938387864238E+018   74689544.287673950        37640272.094782218       -205075.13766242936        0.0000000000000000        4.2759938387864238E+018   74689544.287673950        37640272.094782218       -205075.13766242936        0.0000000000000000
 WACCMX_RECV_SOURCE_FLAGS          15           0   0.00000000          188480      132064       56416      132064       56416      132064      132064      132064      132064
 WACCMX_APPLY_QC          15           1   0.00000000           37696       26344       11352       26344       11352       26344       26344       26344       26344
 WACCMX_APPLY_QC          10           5   0.00000000           37696       26269       11427       26269       11427       26269       26269       26269       26269
 WACCMX_APPLY_QC          14           2   0.00000000           37696       26304       11392       26304       11392       26304       26304       26304       26304
 sending dvec           17
 WACCMX_APPLY_QC          13           3   0.00000000           37696       26271       11425       26271       11425       26271       26271       26271       26271
 sending vpsnx
 send xyznorms
 recv xyznorms          17
 recv xyznormp
 recv vppnx/y/z
 send vhpnx/y/z
 recv vhpnx/y/z
 send bdirpx/y/z
 recv bdirpx/y/z
 send bdirhx/y/z
 recv bdirhx/y/z
 send ehpx/y/z
 recv ehpx/y/z
 send ephx/y/z
 recv ephx/y/z
 send delhp
 recv delhp
 send delph
 recv delph
 rcving baltp            0
 print recvd balt/blat/blonpt           0
 sending pp          18
 recv pp
 start recv dvec           0
 WACCMX_APPLY_QC          12           4   0.00000000           37696       26263       11433       26263       11433       26263       26263       26263       26263
 WACCMX online neutral received: taskid,step,packet_hr=          16           0   0.00000000
 WACCMX_RECV_QC          16           0   0.00000000          132357       56123      132357       56123   4.2588428436148035E+018   76020526.200607300       -64804720.001701772        36351812.077450350        0.0000000000000000        4.2588428436148035E+018   76020526.200607300       -64804720.001701772        36351812.077450350        0.0000000000000000
 WACCMX_RECV_SOURCE_FLAGS          16           0   0.00000000          188480      132357       56123      132357       56123      132357      132357      132357      132357
 WACCMX_APPLY_QC          16           1   0.00000000           37696       26453       11243       26453       11243       26453       26453       26453       26453
 WACCMX_APPLY_QC          11           5   0.00000000           37696       26271       11425       26271       11425       26271       26271       26271       26271
 WACCMX_APPLY_QC          15           2   0.00000000           37696       26377       11319       26377       11319       26377       26377       26377       26377
 sending dvec           18
 WACCMX_APPLY_QC          14           3   0.00000000           37696       26324       11372       26324       11372       26324       26324       26324       26324
 sending vpsnx
 send xyznorms
 recv xyznorms          18
 recv xyznormp
 recv vppnx/y/z
 send vhpnx/y/z
 recv vhpnx/y/z
 send bdirpx/y/z
 recv bdirpx/y/z
 send bdirhx/y/z
 recv bdirhx/y/z
 send ehpx/y/z
 recv ehpx/y/z
 send ephx/y/z
 recv ephx/y/z
 send delhp
 recv delhp
 send delph
 recv delph
 rcving baltp            0
 print recvd balt/blat/blonpt           0
 sending pp          19
 recv pp
 start recv dvec           0
 WACCMX_APPLY_QC          13           4   0.00000000           37696       26293       11403       26293       11403       26293       26293       26293       26293
 WACCMX online neutral received: taskid,step,packet_hr=          17           0   0.00000000
 WACCMX_RECV_QC          17           0   0.00000000          132512       55968      132512       55968   4.2812137686131548E+018   77079453.392578125       -155326667.31738749        64445468.164722010        0.0000000000000000        4.2812137686131548E+018   77079453.392578125       -155326667.31738749        64445468.164722010        0.0000000000000000
 WACCMX_RECV_SOURCE_FLAGS          17           0   0.00000000          188480      132512       55968      132512       55968      132512      132512      132512      132512
 WACCMX_APPLY_QC          17           1   0.00000000           37696       26476       11220       26476       11220       26476       26476       26476       26476
 WACCMX_APPLY_QC          12           5   0.00000000           37696       26263       11433       26263       11433       26263       26263       26263       26263
 WACCMX_APPLY_QC          16           2   0.00000000           37696       26465       11231       26465       11231       26465       26465       26465       26465
 sending dvec           19
 WACCMX_APPLY_QC          15           3   0.00000000           37696       26425       11271       26425       11271       26425       26425       26425       26425
 sending vpsnx
 send xyznorms
 recv xyznorms          19
 recv xyznormp
 recv vppnx/y/z
 send vhpnx/y/z
 recv vhpnx/y/z
 send bdirpx/y/z
 recv bdirpx/y/z
 send bdirhx/y/z
 recv bdirhx/y/z
 send ehpx/y/z
 recv ehpx/y/z
 send ephx/y/z
 recv ephx/y/z
 send delhp
 recv delhp
 send delph
 recv delph
 rcving baltp            0
 print recvd balt/blat/blonpt           0
 sending pp          20
 recv pp
 start recv dvec           0
 WACCMX_APPLY_QC          14           4   0.00000000           37696       26344       11352       26344       11352       26344       26344       26344       26344
 WACCMX online neutral received: taskid,step,packet_hr=          18           0   0.00000000
 WACCMX_RECV_QC          18           0   0.00000000          132615       55865      132615       55865   4.3616732438036214E+018   78163213.360809326       -238237423.70636544        99019908.958011419        0.0000000000000000        4.3616732438036214E+018   78163213.360809326       -238237423.70636544        99019908.958011419        0.0000000000000000
 WACCMX_RECV_SOURCE_FLAGS          18           0   0.00000000          188480      132615       55865      132615       55865      132615      132615      132615      132615
 WACCMX_APPLY_QC          18           1   0.00000000           37696       26515       11181       26515       11181       26515       26515       26515       26515
 WACCMX_APPLY_QC          13           5   0.00000000           37696       26304       11392       26304       11392       26304       26304       26304       26304
 WACCMX_APPLY_QC          17           2   0.00000000           37696       26496       11200       26496       11200       26496       26496       26496       26496
 sending dvec           20
 WACCMX_APPLY_QC          16           3   0.00000000           37696       26467       11229       26467       11229       26467       26467       26467       26467
 sending vpsnx
 send xyznorms
 recv xyznorms          20
 recv xyznormp
 recv vppnx/y/z
 send vhpnx/y/z
 recv vhpnx/y/z
 send bdirpx/y/z
 recv bdirpx/y/z
 send bdirhx/y/z
 recv bdirhx/y/z
 send ehpx/y/z
 recv ehpx/y/z
 send ephx/y/z
 recv ephx/y/z
 send delhp
 recv delhp
 send delph
 recv delph
 rcving baltp            0
 print recvd balt/blat/blonpt           0
 sending pp          21
 recv pp
 start recv dvec           0
 WACCMX_APPLY_QC          15           4   0.00000000           37696       26453       11243       26453       11243       26453       26453       26453       26453
 WACCMX online neutral received: taskid,step,packet_hr=          19           0   0.00000000
 WACCMX_RECV_QC          19           0   0.00000000          132574       55906      132574       55906   4.3547244705106647E+018   79289291.615875244       -258833658.97475579        172821791.63330665        0.0000000000000000        4.3547244705106647E+018   79289291.615875244       -258833658.97475579        172821791.63330665        0.0000000000000000
 WACCMX_RECV_SOURCE_FLAGS          19           0   0.00000000          188480      132574       55906      132574       55906      132574      132574      132574      132574
 WACCMX_APPLY_QC          19           1   0.00000000           37696       26527       11169       26527       11169       26527       26527       26527       26527
 WACCMX_APPLY_QC          14           5   0.00000000           37696       26377       11319       26377       11319       26377       26377       26377       26377
 WACCMX_APPLY_QC          18           2   0.00000000           37696       26522       11174       26522       11174       26522       26522       26522       26522
 sending dvec           21
 WACCMX_APPLY_QC          17           3   0.00000000           37696       26503       11193       26503       11193       26503       26503       26503       26503
 sending vpsnx
 send xyznorms
 recv xyznorms          21
 recv xyznormp
 recv vppnx/y/z
 send vhpnx/y/z
 recv vhpnx/y/z
 send bdirpx/y/z
 recv bdirpx/y/z
 send bdirhx/y/z
 recv bdirhx/y/z
 send ehpx/y/z
 recv ehpx/y/z
 send ephx/y/z
 recv ephx/y/z
 send delhp
 recv delhp
 send delph
 recv delph
 rcving baltp            0
 print recvd balt/blat/blonpt           0
 sending pp          22
 recv pp
 start recv dvec           0
 WACCMX_APPLY_QC          16           4   0.00000000           37696       26476       11220       26476       11220       26476       26476       26476       26476
 WACCMX online neutral received: taskid,step,packet_hr=          20           0   0.00000000
 WACCMX_RECV_QC          20           0   0.00000000          132408       56072      132408       56072   4.3419007714753464E+018   80325844.777999878       -258842777.53185505        264495239.14343658        0.0000000000000000        4.3419007714753464E+018   80325844.777999878       -258842777.53185505        264495239.14343658        0.0000000000000000
 WACCMX_RECV_SOURCE_FLAGS          20           0   0.00000000          188480      132408       56072      132408       56072      132408      132408      132408      132408
 WACCMX_APPLY_QC          20           1   0.00000000           37696       26510       11186       26510       11186       26510       26510       26510       26510
 WACCMX_APPLY_QC          15           5   0.00000000           37696       26465       11231       26465       11231       26465       26465       26465       26465
 WACCMX_APPLY_QC          19           2   0.00000000           37696       26526       11170       26526       11170       26526       26526       26526       26526
 WACCMX_APPLY_QC          18           3   0.00000000           37696       26525       11171       26525       11171       26525       26525       26525       26525
 sending dvec           22
 sending vpsnx
 send xyznorms
 recv xyznorms          22
 recv xyznormp
 recv vppnx/y/z
 send vhpnx/y/z
 recv vhpnx/y/z
 send bdirpx/y/z
 recv bdirpx/y/z
 send bdirhx/y/z
 recv bdirhx/y/z
 send ehpx/y/z
 recv ehpx/y/z
 send ephx/y/z
 recv ephx/y/z
 send delhp
 recv delhp
 send delph
 recv delph
 rcving baltp            0
 print recvd balt/blat/blonpt           0
 sending pp          23
 recv pp
 start recv dvec           0
 WACCMX_APPLY_QC          17           4   0.00000000           37696       26515       11181       26515       11181       26515       26515       26515       26515
 WACCMX online neutral received: taskid,step,packet_hr=          21           0   0.00000000
 WACCMX_RECV_QC          21           0   0.00000000          132178       56302      132178       56302   4.4080167971784125E+018   81279893.701583862       -330745170.99207425        282402606.13747883        0.0000000000000000        4.4080167971784125E+018   81279893.701583862       -330745170.99207425        282402606.13747883        0.0000000000000000
 WACCMX_RECV_SOURCE_FLAGS          21           0   0.00000000          188480      132178       56302      132178       56302      132178      132178      132178      132178
 WACCMX_APPLY_QC          21           1   0.00000000           37696       26471       11225       26471       11225       26471       26471       26471       26471
 WACCMX_APPLY_QC          16           5   0.00000000           37696       26496       11200       26496       11200       26496       26496       26496       26496
 WACCMX_APPLY_QC          20           2   0.00000000           37696       26496       11200       26496       11200       26496       26496       26496       26496
 WACCMX_APPLY_QC          19           3   0.00000000           37696       26515       11181       26515       11181       26515       26515       26515       26515
 sending dvec           23
 sending vpsnx
 send xyznorms
 recv xyznorms          23
 recv xyznormp
 recv vppnx/y/z
 send vhpnx/y/z
 recv vhpnx/y/z
 send bdirpx/y/z
 recv bdirpx/y/z
 send bdirhx/y/z
 recv bdirhx/y/z
 send ehpx/y/z
 recv ehpx/y/z
 send ephx/y/z
 recv ephx/y/z
 send delhp
 recv delhp
 send delph
 recv delph
 rcving baltp            0
 print recvd balt/blat/blonpt           0
 sending pp          24
 recv pp
 start recv dvec           0
 WACCMX_APPLY_QC          18           4   0.00000000           37696       26527       11169       26527       11169       26527       26527       26527       26527
 WACCMX online neutral received: taskid,step,packet_hr=          22           0   0.00000000
 WACCMX_RECV_QC          22           0   0.00000000          132017       56463      132017       56463   4.4948253281048929E+018   82339653.505828857       -421923994.08965963        229040412.57954898        0.0000000000000000        4.4948253281048929E+018   82339653.505828857       -421923994.08965963        229040412.57954898        0.0000000000000000
 WACCMX_RECV_SOURCE_FLAGS          22           0   0.00000000          188480      132017       56463      132017       56463      132017      132017      132017      132017
 WACCMX_APPLY_QC          22           1   0.00000000           37696       26418       11278       26418       11278       26418       26418       26418       26418
 WACCMX_APPLY_QC          17           5   0.00000000           37696       26522       11174       26522       11174       26522       26522       26522       26522
 WACCMX_APPLY_QC          21           2   0.00000000           37696       26449       11247       26449       11247       26449       26449       26449       26449
 WACCMX_APPLY_QC          20           3   0.00000000           37696       26482       11214       26482       11214       26482       26482       26482       26482
 sending dvec           24
 sending vpsnx
 send xyznorms
 recv xyznorms          24
 recv xyznormp
 recv vppnx/y/z
 send vhpnx/y/z
 recv vhpnx/y/z
 send bdirpx/y/z
 recv bdirpx/y/z
 send bdirhx/y/z
 recv bdirhx/y/z
 send ehpx/y/z
 recv ehpx/y/z
 send ephx/y/z
 recv ephx/y/z
 send delhp
 recv delhp
 send delph
 recv delph
 rcving baltp            0
 print recvd balt/blat/blonpt           0
 sending pp          25
 recv pp
 start recv dvec           0
 WACCMX_APPLY_QC          19           4   0.00000000           37696       26510       11186       26510       11186       26510       26510       26510       26510
 WACCMX online neutral received: taskid,step,packet_hr=          23           0   0.00000000
 WACCMX_RECV_QC          23           0   0.00000000          132023       56457      132023       56457   4.5859622575002988E+018   83447504.104064941       -486929039.27850693        191580207.38358954        0.0000000000000000        4.5859622575002988E+018   83447504.104064941       -486929039.27850693        191580207.38358954        0.0000000000000000
 WACCMX_RECV_SOURCE_FLAGS          23           0   0.00000000          188480      132023       56457      132023       56457      132023      132023      132023      132023
 WACCMX_APPLY_QC          23           1   0.00000000           37696       26399       11297       26399       11297       26399       26399       26399       26399
 WACCMX_APPLY_QC          18           5   0.00000000           37696       26526       11170       26526       11170       26526       26526       26526       26526
 WACCMX_APPLY_QC          22           2   0.00000000           37696       26404       11292       26404       11292       26404       26404       26404       26404
 WACCMX_APPLY_QC          21           3   0.00000000           37696       26436       11260       26436       11260       26436       26436       26436       26436
 sending dvec           25
 sending vpsnx
 send xyznorms
 recv xyznorms          25
 recv xyznormp
 recv vppnx/y/z
 send vhpnx/y/z
 recv vhpnx/y/z
 send bdirpx/y/z
 recv bdirpx/y/z
 send bdirhx/y/z
 recv bdirhx/y/z
 send ehpx/y/z
 recv ehpx/y/z
 send ephx/y/z
 recv ephx/y/z
 send delhp
 recv delhp
 send delph
 recv delph
 rcving baltp            0
 print recvd balt/blat/blonpt           0
 sending pp          26
 recv pp
 start recv dvec           0
 WACCMX_APPLY_QC          20           4   0.00000000           37696       26471       11225       26471       11225       26471       26471       26471       26471
 WACCMX online neutral received: taskid,step,packet_hr=          24           0   0.00000000
 WACCMX_RECV_QC          24           0   0.00000000          132146       56334      132146       56334   4.7252397125544786E+018   84417308.290390015       -514930606.27756292        149474821.65101960        0.0000000000000000        4.7252397125544786E+018   84417308.290390015       -514930606.27756292        149474821.65101960        0.0000000000000000
 WACCMX_RECV_SOURCE_FLAGS          24           0   0.00000000          188480      132146       56334      132146       56334      132146      132146      132146      132146
 WACCMX_APPLY_QC          24           1   0.00000000           37696       26409       11287       26409       11287       26409       26409       26409       26409
 WACCMX_APPLY_QC          19           5   0.00000000           37696       26496       11200       26496       11200       26496       26496       26496       26496
 WACCMX_APPLY_QC          23           2   0.00000000           37696       26394       11302       26394       11302       26394       26394       26394       26394
 sending dvec           26
 WACCMX_APPLY_QC          22           3   0.00000000           37696       26402       11294       26402       11294       26402       26402       26402       26402
 sending vpsnx
 send xyznorms
 recv xyznorms          26
 recv xyznormp
 recv vppnx/y/z
 send vhpnx/y/z
 recv vhpnx/y/z
 send bdirpx/y/z
 recv bdirpx/y/z
 send bdirhx/y/z
 recv bdirhx/y/z
 send ehpx/y/z
 recv ehpx/y/z
 send ephx/y/z
 recv ephx/y/z
 send delhp
 recv delhp
 send delph
 recv delph
 rcving baltp            0
 print recvd balt/blat/blonpt           0
 sending pp          27
 recv pp
 start recv dvec           0
 WACCMX_APPLY_QC          21           4   0.00000000           37696       26418       11278       26418       11278       26418       26418       26418       26418
 WACCMX online neutral received: taskid,step,packet_hr=          25           0   0.00000000
 WACCMX_RECV_QC          25           0   0.00000000          132200       56280      132200       56280   4.9140158019463383E+018   84881246.917785645       -464632012.55382884        150698865.56594986        0.0000000000000000        4.9140158019463383E+018   84881246.917785645       -464632012.55382884        150698865.56594986        0.0000000000000000
 WACCMX_RECV_SOURCE_FLAGS          25           0   0.00000000          188480      132200       56280      132200       56280      132200      132200      132200      132200
 WACCMX_APPLY_QC          25           1   0.00000000           37696       26438       11258       26438       11258       26438       26438       26438       26438
 WACCMX_APPLY_QC          20           5   0.00000000           37696       26449       11247       26449       11247       26449       26449       26449       26449
 WACCMX_APPLY_QC          24           2   0.00000000           37696       26423       11273       26423       11273       26423       26423       26423       26423
 sending dvec           27
 WACCMX_APPLY_QC          23           3   0.00000000           37696       26398       11298       26398       11298       26398       26398       26398       26398
 sending vpsnx
 send xyznorms
 recv xyznorms          27
 recv xyznormp
 recv vppnx/y/z
 send vhpnx/y/z
 recv vhpnx/y/z
 send bdirpx/y/z
 recv bdirpx/y/z
 send bdirhx/y/z
 recv bdirhx/y/z
 send ehpx/y/z
 recv ehpx/y/z
 send ephx/y/z
 recv ephx/y/z
 send delhp
 recv delhp
 send delph
 recv delph
 rcving baltp            0
 print recvd balt/blat/blonpt           0
 sending pp          28
 recv pp
 start recv dvec           0
 WACCMX_APPLY_QC          22           4   0.00000000           37696       26399       11297       26399       11297       26399       26399       26399       26399
 WACCMX online neutral received: taskid,step,packet_hr=          26           0   0.00000000
 WACCMX_RECV_QC          26           0   0.00000000          132176       56304      132176       56304   4.9549598855123907E+018   85013631.232147217       -357339999.54635084        182499304.70897684        0.0000000000000000        4.9549598855123907E+018   85013631.232147217       -357339999.54635084        182499304.70897684        0.0000000000000000
 WACCMX_RECV_SOURCE_FLAGS          26           0   0.00000000          188480      132176       56304      132176       56304      132176      132176      132176      132176
 WACCMX_APPLY_QC          26           1   0.00000000           37696       26436       11260       26436       11260       26436       26436       26436       26436
 WACCMX_APPLY_QC          21           5   0.00000000           37696       26404       11292       26404       11292       26404       26404       26404       26404
 WACCMX_APPLY_QC          25           2   0.00000000           37696       26443       11253       26443       11253       26443       26443       26443       26443
 sending dvec           28
 WACCMX_APPLY_QC          24           3   0.00000000           37696       26433       11263       26433       11263       26433       26433       26433       26433
 sending vpsnx
 send xyznorms
 recv xyznorms          28
 recv xyznormp
 recv vppnx/y/z
 send vhpnx/y/z
 recv vhpnx/y/z
 send bdirpx/y/z
 recv bdirpx/y/z
 send bdirhx/y/z
 recv bdirhx/y/z
 send ehpx/y/z
 recv ehpx/y/z
 send ephx/y/z
 recv ephx/y/z
 send delhp
 recv delhp
 send delph
 recv delph
 rcving baltp            0
 print recvd balt/blat/blonpt           0
 sending pp          29
 recv pp
 start recv dvec           0
 WACCMX_APPLY_QC          23           4   0.00000000           37696       26409       11287       26409       11287       26409       26409       26409       26409
 WACCMX online neutral received: taskid,step,packet_hr=          27           0   0.00000000
 WACCMX_RECV_QC          27           0   0.00000000          132098       56382      132098       56382   4.8396436840911094E+018   84957795.634506226       -246250401.19603893        175008703.79512480        0.0000000000000000        4.8396436840911094E+018   84957795.634506226       -246250401.19603893        175008703.79512480        0.0000000000000000
 WACCMX_RECV_SOURCE_FLAGS          27           0   0.00000000          188480      132098       56382      132098       56382      132098      132098      132098      132098
 WACCMX_APPLY_QC          27           1   0.00000000           37696       26436       11260       26436       11260       26436       26436       26436       26436
 WACCMX_APPLY_QC          22           5   0.00000000           37696       26394       11302       26394       11302       26394       26394       26394       26394
 WACCMX_APPLY_QC          26           2   0.00000000           37696       26441       11255       26441       11255       26441       26441       26441       26441
 sending dvec           29
 WACCMX_APPLY_QC          25           3   0.00000000           37696       26442       11254       26442       11254       26442       26442       26442       26442
 sending vpsnx
 send xyznorms
 recv xyznorms          29
 recv xyznormp
 recv vppnx/y/z
 send vhpnx/y/z
 recv vhpnx/y/z
 send bdirpx/y/z
 recv bdirpx/y/z
 send bdirhx/y/z
 recv bdirhx/y/z
 send ehpx/y/z
 recv ehpx/y/z
 send ephx/y/z
 recv ephx/y/z
 send delhp
 recv delhp
 send delph
 recv delph
 rcving baltp            0
 print recvd balt/blat/blonpt           0
 sending pp          30
 recv pp
 start recv dvec           0
 WACCMX_APPLY_QC          24           4   0.00000000           37696       26438       11258       26438       11258       26438       26438       26438       26438
 WACCMX online neutral received: taskid,step,packet_hr=          28           0   0.00000000
 WACCMX_RECV_QC          28           0   0.00000000          131990       56490      131990       56490   4.7027429624349850E+018   84777629.370910645       -176585515.22822982        127869204.66586268        0.0000000000000000        4.7027429624349850E+018   84777629.370910645       -176585515.22822982        127869204.66586268        0.0000000000000000
 WACCMX_RECV_SOURCE_FLAGS          28           0   0.00000000          188480      131990       56490      131990       56490      131990      131990      131990      131990
 WACCMX_APPLY_QC          28           1   0.00000000           37696       26411       11285       26411       11285       26411       26411       26411       26411
 WACCMX_APPLY_QC          23           5   0.00000000           37696       26423       11273       26423       11273       26423       26423       26423       26423
 WACCMX_APPLY_QC          27           2   0.00000000           37696       26426       11270       26426       11270       26426       26426       26426       26426
 sending dvec           30
 WACCMX_APPLY_QC          26           3   0.00000000           37696       26437       11259       26437       11259       26437       26437       26437       26437
 sending vpsnx
 send xyznorms
 recv xyznorms          30
 recv xyznormp
 recv vppnx/y/z
 send vhpnx/y/z
 recv vhpnx/y/z
 send bdirpx/y/z
 recv bdirpx/y/z
 send bdirhx/y/z
 recv bdirhx/y/z
 send ehpx/y/z
 recv ehpx/y/z
 send ephx/y/z
 recv ephx/y/z
 send delhp
 recv delhp
 send delph
 recv delph
 rcving baltp            0
 print recvd balt/blat/blonpt           0
 sending pp          31
 recv pp
 start recv dvec           0
 WACCMX_APPLY_QC          25           4   0.00000000           37696       26436       11260       26436       11260       26436       26436       26436       26436
 WACCMX online neutral received: taskid,step,packet_hr=          29           0   0.00000000
 WACCMX_RECV_QC          29           0   0.00000000          131876       56604      131876       56604   4.6285136122899384E+018   84368935.517852783       -113053757.44369864        118283009.26334774        0.0000000000000000        4.6285136122899384E+018   84368935.517852783       -113053757.44369864        118283009.26334774        0.0000000000000000
 WACCMX_RECV_SOURCE_FLAGS          29           0   0.00000000          188480      131876       56604      131876       56604      131876      131876      131876      131876
 WACCMX_APPLY_QC          29           1   0.00000000           37696       26388       11308       26388       11308       26388       26388       26388       26388
 WACCMX_APPLY_QC          24           5   0.00000000           37696       26443       11253       26443       11253       26443       26443       26443       26443
 WACCMX_APPLY_QC          28           2   0.00000000           37696       26407       11289       26407       11289       26407       26407       26407       26407
 sending dvec           31
 WACCMX_APPLY_QC          27           3   0.00000000           37696       26418       11278       26418       11278       26418       26418       26418       26418
 sending vpsnx
 send xyznorms
 recv xyznorms          31
 recv xyznormp
 recv vppnx/y/z
 send vhpnx/y/z
 recv vhpnx/y/z
 send bdirpx/y/z
 recv bdirpx/y/z
 send bdirhx/y/z
 recv bdirhx/y/z
 send ehpx/y/z
 recv ehpx/y/z
 send ephx/y/z
 recv ephx/y/z
 send delhp
 recv delhp
 send delph
 recv delph
 rcving baltp            0
 print recvd balt/blat/blonpt           0
 sending pp          32
 recv pp
 start recv dvec           0
 WACCMX_APPLY_QC          26           4   0.00000000           37696       26436       11260       26436       11260       26436       26436       26436       26436
 WACCMX online neutral received: taskid,step,packet_hr=          30           0   0.00000000
 WACCMX_RECV_QC          30           0   0.00000000          131752       56728      131752       56728   4.6041406336185283E+018   83633779.090850830       -47990134.160436347        141871025.64502406        0.0000000000000000        4.6041406336185283E+018   83633779.090850830       -47990134.160436347        141871025.64502406        0.0000000000000000
 WACCMX_RECV_SOURCE_FLAGS          30           0   0.00000000          188480      131752       56728      131752       56728      131752      131752      131752      131752
 WACCMX_APPLY_QC          30           1   0.00000000           37696       26367       11329       26367       11329       26367       26367       26367       26367
 WACCMX_APPLY_QC          25           5   0.00000000           37696       26441       11255       26441       11255       26441       26441       26441       26441
 WACCMX_APPLY_QC          29           2   0.00000000           37696       26384       11312       26384       11312       26384       26384       26384       26384
 sending dvec           32
 WACCMX_APPLY_QC          28           3   0.00000000           37696       26400       11296       26400       11296       26400       26400       26400       26400
 sending vpsnx
 send xyznorms
 recv xyznorms          32
 recv xyznormp
 recv vppnx/y/z
 send vhpnx/y/z
 recv vhpnx/y/z
 send bdirpx/y/z
 recv bdirpx/y/z
 send bdirhx/y/z
 recv bdirhx/y/z
 send ehpx/y/z
 recv ehpx/y/z
 send ephx/y/z
 recv ephx/y/z
 send delhp
 recv delhp
 send delph
 recv delph
 plon_ang, plon =    287.819336       5.02339506
 WACCMX_APPLY_QC          27           4   0.00000000           37696       26411       11285       26411       11285       26411       26411       26411       26411
 WACCMX online neutral received: taskid,step,packet_hr=          31           0   0.00000000
 WACCMX_RECV_QC          31           0   0.00000000          131613       56867      131613       56867   4.6077042402223846E+018   82553600.741043091        22738110.563808508        187591501.34927028        0.0000000000000000        4.6077042402223846E+018   82553600.741043091        22738110.563808508        187591501.34927028        0.0000000000000000
 WACCMX_RECV_SOURCE_FLAGS          31           0   0.00000000          188480      131613       56867      131613       56867      131613      131613      131613      131613
 WACCMX_APPLY_QC          31           1   0.00000000           37696       26339       11357       26339       11357       26339       26339       26339       26339
 WACCMX_APPLY_QC          26           5   0.00000000           37696       26426       11270       26426       11270       26426       26426       26426       26426
 WACCMX_APPLY_QC          30           2   0.00000000           37696       26361       11335       26361       11335       26361       26361       26361       26361
 WACCMX_APPLY_QC          29           3   0.00000000           37696       26376       11320       26376       11320       26376       26376       26376       26376
 WACCMX_APPLY_QC          28           4   0.00000000           37696       26388       11308       26388       11308       26388       26388       26388       26388
 WACCMX online neutral received: taskid,step,packet_hr=          32           0   0.00000000
 WACCMX_RECV_QC          32           0   0.00000000          131394       57086      131394       57086   4.3292573411499663E+018   81108974.984603882        86349207.969750166        250184799.56216529        0.0000000000000000        4.3292573411499663E+018   81108974.984603882        86349207.969750166        250184799.56216529        0.0000000000000000
 WACCMX_RECV_SOURCE_FLAGS          32           0   0.00000000          188480      131394       57086      131394       57086      131394      131394      131394      131394
 WACCMX_APPLY_QC          32           1   0.00000000           37696       26316       11380       26316       11380       26316       26316       26316       26316
 WACCMX_APPLY_QC          27           5   0.00000000           37696       26407       11289       26407       11289       26407       26407       26407       26407
 WACCMX_APPLY_QC          31           2   0.00000000           37696       26335       11361       26335       11361       26335       26335       26335       26335
 WACCMX_APPLY_QC          30           3   0.00000000           37696       26350       11346       26350       11346       26350       26350       26350       26350
 WACCMX_APPLY_QC          29           4   0.00000000           37696       26367       11329       26367       11329       26367       26367       26367       26367
 WACCMX_APPLY_QC          28           5   0.00000000           37696       26384       11312       26384       11312       26384       26384       26384       26384
 WACCMX_APPLY_QC          32           2   0.00000000           37696       26298       11398       26298       11398       26298       26298       26298       26298
 WACCMX_APPLY_QC          31           3   0.00000000           37696       26325       11371       26325       11371       26325       26325       26325       26325
 WACCMX_APPLY_QC          30           4   0.00000000           37696       26339       11357       26339       11357       26339       26339       26339       26339
 WACCMX_APPLY_QC          29           5   0.00000000           37696       26361       11335       26361       11335       26361       26361       26361       26361
 WACCMX_APPLY_QC          32           3   0.00000000           37696       26281       11415       26281       11415       26281       26281       26281       26281
 WACCMX_APPLY_QC          31           4   0.00000000           37696       26316       11380       26316       11380       26316       26316       26316       26316
 WACCMX_APPLY_QC          30           5   0.00000000           37696       26335       11361       26335       11361       26335       26335       26335       26335
 ehp   0.999464750     -0.999464691
 ehp    1.81942160E-04  -1.81942130E-04
 ehp   0.999464691     -0.999464691
 WACCMX_APPLY_QC          32           4   0.00000000           37696       26260       11436       26260       11436       26260       26260       26260       26260
 WACCMX_APPLY_QC          31           5   0.00000000           37696       26298       11398       26298       11398       26298       26298       26298       26298
         286
 found start      410401          10          13
 found end      421921          10          21
 i_start,i_end      410401      421921
  Completed the LOOP
  h:m:s           23          59   0.00000000
  By Bz    9999.99023       9999.99023
  Vx n     99999.8984       999.989990
  ID of END            8
  Data points read:        11520

  Vavg (km/s), time shift (h) =    419.507477       0.00000000

  RECALC_08: RADIAL SOLAR WIND --> GSW SYSTEM IDENTICAL HERE
  TO STANDARD GSM (I.E., XGSW AXIS COINCIDES WITH EARTH-SUN LINE)

 stuff        2010         286           0          15           0  -400.000000       0.00000000       0.00000000
 WACCMX_APPLY_QC          32           5   0.00000000           37696       26239       11457       26239       11457       26239       26239       26239       26239
  finished initialization taskid =            7
  finished initialization taskid =            8
 iwrk            8           2
 in if parallel - iday,iday0           1           0
 max flux_euvac   6.64522854E+09
 iwrk            7           2
 in if parallel - iday,iday0           1           0
 max flux_euvac   6.64522854E+09
  finished initialization taskid =           24
  finished initialization taskid =           23
 iwrk           24           2
 iwrk           23           2
 in if parallel - iday,iday0           1           0
 max flux_euvac   6.64522854E+09
 in if parallel - iday,iday0           1           0
 max flux_euvac   6.64522854E+09
  finished initialization taskid =           21
 iwrk           21           2
 in if parallel - iday,iday0           1           0
 max flux_euvac   6.64522854E+09
  finished initialization taskid =           19
  finished initialization taskid =            2
  finished initialization taskid =            4
  finished initialization taskid =           22
 iwrk           19           2
 in if parallel - iday,iday0           1           0
 max flux_euvac   6.64522854E+09
  finished initialization taskid =            1
 iwrk            2           2
 in if parallel - iday,iday0           1           0
  finished initialization taskid =           10
 max flux_euvac   6.64522854E+09
 iwrk            4           2
 in if parallel - iday,iday0           1           0
 iwrk           22           2
 in if parallel - iday,iday0           1           0
 max flux_euvac   6.64522854E+09
 max flux_euvac   6.64522854E+09
 iwrk            1           2
 in if parallel - iday,iday0           1           0
 max flux_euvac   6.64522854E+09
  finished initialization taskid =           20
 iwrk           10           2
  finished initialization taskid =            6
 in if parallel - iday,iday0           1           0
 max flux_euvac   6.64522854E+09
 iwrk           20           2
 in if parallel - iday,iday0           1           0
 max flux_euvac   6.64522854E+09
 iwrk            6           2
  finished initialization taskid =           27
 in if parallel - iday,iday0           1           0
  finished initialization taskid =           26
  finished initialization taskid =           25
 max flux_euvac   6.64522854E+09
 iwrk           25           2
 in if parallel - iday,iday0           1           0
 max flux_euvac   6.64522854E+09
 iwrk           27           2
 in if parallel - iday,iday0           1           0
 max flux_euvac   6.64522854E+09
 iwrk           26           2
 in if parallel - iday,iday0           1           0
 max flux_euvac   6.64522854E+09
  finished initialization taskid =            9
 iwrk            9           2
 in if parallel - iday,iday0           1           0
 max flux_euvac   6.64522854E+09
  finished initialization taskid =            5
 iwrk            5           2
 in if parallel - iday,iday0           1           0
 max flux_euvac   6.64522854E+09
  finished initialization taskid =           29
  finished initialization taskid =           31
  finished initialization taskid =           30
 iwrk           29           2
 iwrk           30           2
 in if parallel - iday,iday0           1           0
 max flux_euvac   6.64522854E+09
 iwrk           31           2
 in if parallel - iday,iday0           1           0
 max flux_euvac   6.64522854E+09
 in if parallel - iday,iday0           1           0
 max flux_euvac   6.64522854E+09
  finished initialization taskid =           12
  finished initialization taskid =           13
  finished initialization taskid =           15
  finished initialization taskid =           17
  finished initialization taskid =           18
  finished initialization taskid =           11
  finished initialization taskid =           16
  finished initialization taskid =            3
 iwrk           13           2
 in if parallel - iday,iday0           1           0
 iwrk           17           2
 in if parallel - iday,iday0           1           0
 iwrk           18           2
 in if parallel - iday,iday0           1           0
 max flux_euvac   6.64522854E+09
 max flux_euvac   6.64522854E+09
 iwrk           11           2
 in if parallel - iday,iday0           1           0
 max flux_euvac   6.64522854E+09
 max flux_euvac   6.64522854E+09
 iwrk           16           2
 in if parallel - iday,iday0           1           0
 iwrk            3           2
 in if parallel - iday,iday0           1           0
 iwrk           12           2
 in if parallel - iday,iday0           1           0
 max flux_euvac   6.64522854E+09
 max flux_euvac   6.64522854E+09
  finished initialization taskid =           14
 max flux_euvac   6.64522854E+09
 iwrk           15           2
 in if parallel - iday,iday0           1           0
 max flux_euvac   6.64522854E+09
 iwrk           14           2
 in if parallel - iday,iday0           1           0
 max flux_euvac   6.64522854E+09
  finished initialization taskid =           28
 iwrk           28           2
 in if parallel - iday,iday0           1           0
 max flux_euvac   6.64522854E+09
  finished initialization taskid =           32
 iwrk           32           2
 in if parallel - iday,iday0           1           0
 max flux_euvac   6.64522854E+09
  finished initialization taskid =            0
 max,ntmmax   0.250000000               2
 calling potpphi   0.00000000       900.000000
           1   6047259.00
           2  0.353735447
           3  0.116155565
           4   4.29568999E-02
           5   3.53330187E-02
           6   3.41877304E-02
           7   6.82401413E-04
 hrutw2 =    0.00000000      0.500000000
 nweimer           1
   39.2265930
 istep =            0  ntm =            1
  hr =    0.00000000      dt =    2.95102930
 calling potpphi   900.000000       2.95102930
           1  0.487066001
           2   1.41929630E-02
   58.4272041
 WACCMX online neutral received: taskid,step,packet_hr=           1           1   8.33333358E-02
 WACCMX_RECV_QC           1           1   8.33333358E-02      130983       57497      130983       57497   4.3444569875323044E+018   78823387.080337524        121992052.92362127        276900366.85286808        0.0000000000000000        4.3444569875323044E+018   78823387.080337524        121992052.92362127        276900366.85286808        0.0000000000000000
 WACCMX_RECV_SOURCE_FLAGS           1           1   8.33333358E-02      188480      130983       57497      130983       57497      130983      130983      130983      130983
 WACCMX_APPLY_QC           1           1  0.250000000           37696       26252       11444       26252       11444       26252       26252       26252       26252
 d =    15870347.0       1.58609213E+10   3.43175885E+10   4.52500582E+09   94919080.0       2.26477778E-12   1760754.25       7978264.00       1.69096033E-26
 WACCMX online neutral received: taskid,step,packet_hr=           2           1   8.33333358E-02
 WACCMX_RECV_QC           2           1   8.33333358E-02      130696       57784      130696       57784   4.5583821159264809E+018   77064173.372100830        107219645.47892007        263709723.68528962        0.0000000000000000        4.5583821159264809E+018   77064173.372100830        107219645.47892007        263709723.68528962        0.0000000000000000
 WACCMX_RECV_SOURCE_FLAGS           2           1   8.33333358E-02      188480      130696       57784      130696       57784      130696      130696      130696      130696
 WACCMX_APPLY_QC           2           1  0.250000000           37696       26167       11529       26167       11529       26167       26167       26167       26167
 WACCMX online neutral received: taskid,step,packet_hr=           3           1   8.33333358E-02
 WACCMX_RECV_QC           3           1   8.33333358E-02      130527       57953      130527       57953   4.4978069079172751E+018   76117213.736968994        42124086.690097988        157743414.05294728        0.0000000000000000        4.4978069079172751E+018   76117213.736968994        42124086.690097988        157743414.05294728        0.0000000000000000
 WACCMX_RECV_SOURCE_FLAGS           3           1   8.33333358E-02      188480      130527       57953      130527       57953      130527      130527      130527      130527
 WACCMX_APPLY_QC           3           1  0.250000000           37696       26130       11566       26130       11566       26130       26130       26130       26130
 WACCMX_APPLY_QC           1           2  0.250000000           37696       26234       11462       26234       11462       26234       26234       26234       26234
 WACCMX online neutral received: taskid,step,packet_hr=           4           1   8.33333358E-02
 WACCMX_RECV_QC           4           1   8.33333358E-02      130379       58101      130379       58101   4.3613343009287700E+018   75638625.916427612       -11088609.184346855        27620428.269048803        0.0000000000000000        4.3613343009287700E+018   75638625.916427612       -11088609.184346855        27620428.269048803        0.0000000000000000
 WACCMX_RECV_SOURCE_FLAGS           4           1   8.33333358E-02      188480      130379       58101      130379       58101      130379      130379      130379      130379
 WACCMX_APPLY_QC           4           1  0.250000000           37696       26095       11601       26095       11601       26095       26095       26095       26095
 WACCMX_APPLY_QC           2           2  0.250000000           37696       26147       11549       26147       11549       26147       26147       26147       26147
 WACCMX online neutral received: taskid,step,packet_hr=           5           1   8.33333358E-02
 WACCMX_RECV_QC           5           1   8.33333358E-02      130442       58038      130442       58038   4.3191815904858742E+018   75483435.114608765       -46192225.696288481       -45478032.207388476        0.0000000000000000        4.3191815904858742E+018   75483435.114608765       -46192225.696288481       -45478032.207388476        0.0000000000000000
 WACCMX_RECV_SOURCE_FLAGS           5           1   8.33333358E-02      188480      130442       58038      130442       58038      130442      130442      130442      130442
 WACCMX_APPLY_QC           5           1  0.250000000           37696       26066       11630       26066       11630       26066       26066       26066       26066
 WACCMX_APPLY_QC           3           2  0.250000000           37696       26115       11581       26115       11581       26115       26115       26115       26115
 WACCMX_APPLY_QC           1           3  0.250000000           37696       26183       11513       26183       11513       26183       26183       26183       26183
 WACCMX online neutral received: taskid,step,packet_hr=           6           1   8.33333358E-02
 WACCMX_RECV_QC           6           1   8.33333358E-02      130665       57815      130665       57815   4.2721997905602606E+018   75357638.555770874       -50992157.440739557       -112228105.90502498        0.0000000000000000        4.2721997905602606E+018   75357638.555770874       -50992157.440739557       -112228105.90502498        0.0000000000000000
 WACCMX_RECV_SOURCE_FLAGS           6           1   8.33333358E-02      188480      130665       57815      130665       57815      130665      130665      130665      130665
 WACCMX_APPLY_QC           6           1  0.250000000           37696       26107       11589       26107       11589       26107       26107       26107       26107
 WACCMX_APPLY_QC           4           2  0.250000000           37696       26080       11616       26080       11616       26080       26080       26080       26080
 WACCMX_APPLY_QC           2           3  0.250000000           37696       26137       11559       26137       11559       26137       26137       26137       26137
 WACCMX online neutral received: taskid,step,packet_hr=           7           1   8.33333358E-02
 WACCMX_RECV_QC           7           1   8.33333358E-02      130879       57601      130879       57601   4.0824547327560520E+018   75049889.599075317       -43318417.608565591       -159740842.79513776        0.0000000000000000        4.0824547327560520E+018   75049889.599075317       -43318417.608565591       -159740842.79513776        0.0000000000000000
 WACCMX_RECV_SOURCE_FLAGS           7           1   8.33333358E-02      188480      130879       57601      130879       57601      130879      130879      130879      130879
 WACCMX_APPLY_QC           7           1  0.250000000           37696       26143       11553       26143       11553       26143       26143       26143       26143
 WACCMX_APPLY_QC           5           2  0.250000000           37696       26064       11632       26064       11632       26064       26064       26064       26064
 WACCMX_APPLY_QC           3           3  0.250000000           37696       26107       11589       26107       11589       26107       26107       26107       26107
 WACCMX online neutral received: taskid,step,packet_hr=           8           1   8.33333358E-02
 WACCMX_RECV_QC           8           1   8.33333358E-02      131082       57398      131082       57398   3.8799547749131249E+018   74752117.336532593       -30891861.117189161       -117962336.94354223        0.0000000000000000        3.8799547749131249E+018   74752117.336532593       -30891861.117189161       -117962336.94354223        0.0000000000000000
 WACCMX_RECV_SOURCE_FLAGS           8           1   8.33333358E-02      188480      131082       57398      131082       57398      131082      131082      131082      131082
 WACCMX_APPLY_QC           8           1  0.250000000           37696       26188       11508       26188       11508       26188       26188       26188       26188
 WACCMX_APPLY_QC           1           4  0.250000000           37696       26167       11529       26167       11529       26167       26167       26167       26167
 WACCMX_APPLY_QC           6           2  0.250000000           37696       26122       11574       26122       11574       26122       26122       26122       26122
 WACCMX_APPLY_QC           4           3  0.250000000           37696       26074       11622       26074       11622       26074       26074       26074       26074
 WACCMX online neutral received: taskid,step,packet_hr=           9           1   8.33333358E-02
 WACCMX_RECV_QC           9           1   8.33333358E-02      131228       57252      131228       57252   3.7702068213879439E+018   74452954.216873169       -18132384.661881335       -19760058.319633216        0.0000000000000000        3.7702068213879439E+018   74452954.216873169       -18132384.661881335       -19760058.319633216        0.0000000000000000
 WACCMX_RECV_SOURCE_FLAGS           9           1   8.33333358E-02      188480      131228       57252      131228       57252      131228      131228      131228      131228
 WACCMX_APPLY_QC           9           1  0.250000000           37696       26232       11464       26232       11464       26232       26232       26232       26232
 WACCMX_APPLY_QC           2           4  0.250000000           37696       26130       11566       26130       11566       26130       26130       26130       26130
 WACCMX_APPLY_QC           7           2  0.250000000           37696       26166       11530       26166       11530       26166       26166       26166       26166
 WACCMX_APPLY_QC           5           3  0.250000000           37696       26083       11613       26083       11613       26083       26083       26083       26083
 WACCMX online neutral received: taskid,step,packet_hr=          10           1   8.33333358E-02
 WACCMX_RECV_QC          10           1   8.33333358E-02      131338       57142      131338       57142   3.7612498156020301E+018   74089978.829818726       -23989811.964134268        44363505.787772834        0.0000000000000000        3.7612498156020301E+018   74089978.829818726       -23989811.964134268        44363505.787772834        0.0000000000000000
 WACCMX_RECV_SOURCE_FLAGS          10           1   8.33333358E-02      188480      131338       57142      131338       57142      131338      131338      131338      131338
 WACCMX_APPLY_QC          10           1  0.250000000           37696       26251       11445       26251       11445       26251       26251       26251       26251
 WACCMX_APPLY_QC           3           4  0.250000000           37696       26095       11601       26095       11601       26095       26095       26095       26095
 WACCMX_APPLY_QC           8           2  0.250000000           37696       26200       11496       26200       11496       26200       26200       26200       26200
 WACCMX_APPLY_QC           1           5  0.250000000           37696       26147       11549       26147       11549       26147       26147       26147       26147
 WACCMX_APPLY_QC           6           3  0.250000000           37696       26127       11569       26127       11569       26127       26127       26127       26127
 WACCMX online neutral received: taskid,step,packet_hr=          11           1   8.33333358E-02
 WACCMX_RECV_QC          11           1   8.33333358E-02      131372       57108      131372       57108   3.9817080267077422E+018   73446202.516418457       -19388129.159531400        28859448.159761101        0.0000000000000000        3.9817080267077422E+018   73446202.516418457       -19388129.159531400        28859448.159761101        0.0000000000000000
 WACCMX_RECV_SOURCE_FLAGS          11           1   8.33333358E-02      188480      131372       57108      131372       57108      131372      131372      131372      131372
 WACCMX_APPLY_QC          11           1  0.250000000           37696       26283       11413       26283       11413       26283       26283       26283       26283
 WACCMX_APPLY_QC           4           4  0.250000000           37696       26066       11630       26066       11630       26066       26066       26066       26066
 WACCMX_APPLY_QC           9           2  0.250000000           37696       26243       11453       26243       11453       26243       26243       26243       26243
 WACCMX_APPLY_QC           2           5  0.250000000           37696       26115       11581       26115       11581       26115       26115       26115       26115
 WACCMX_APPLY_QC           7           3  0.250000000           37696       26182       11514       26182       11514       26182       26182       26182       26182
 WACCMX online neutral received: taskid,step,packet_hr=          12           1   8.33333358E-02
 WACCMX_RECV_QC          12           1   8.33333358E-02      131350       57130      131350       57130   4.2832205199413903E+018   72727572.307113647        32762282.426528633       -58730519.869934961        0.0000000000000000        4.2832205199413903E+018   72727572.307113647        32762282.426528633       -58730519.869934961        0.0000000000000000
 WACCMX_RECV_SOURCE_FLAGS          12           1   8.33333358E-02      188480      131350       57130      131350       57130      131350      131350      131350      131350
 WACCMX_APPLY_QC          12           1  0.250000000           37696       26272       11424       26272       11424       26272       26272       26272       26272
 WACCMX_APPLY_QC           5           4  0.250000000           37696       26107       11589       26107       11589       26107       26107       26107       26107
 WACCMX_APPLY_QC          10           2  0.250000000           37696       26258       11438       26258       11438       26258       26258       26258       26258
 WACCMX_APPLY_QC           3           5  0.250000000           37696       26080       11616       26080       11616       26080       26080       26080       26080
 WACCMX_APPLY_QC           8           3  0.250000000           37696       26219       11477       26219       11477       26219       26219       26219       26219
 WACCMX online neutral received: taskid,step,packet_hr=          13           1   8.33333358E-02
 WACCMX_RECV_QC          13           1   8.33333358E-02      131410       57070      131410       57070   4.3335977318371948E+018   72602954.691696167        88878692.970848262       -102239093.47024427        0.0000000000000000        4.3335977318371948E+018   72602954.691696167        88878692.970848262       -102239093.47024427        0.0000000000000000
 WACCMX_RECV_SOURCE_FLAGS          13           1   8.33333358E-02      188480      131410       57070      131410       57070      131410      131410      131410      131410
 WACCMX_APPLY_QC          13           1  0.250000000           37696       26270       11426       26270       11426       26270       26270       26270       26270
 WACCMX_APPLY_QC           6           4  0.250000000           37696       26143       11553       26143       11553       26143       26143       26143       26143
 WACCMX_APPLY_QC          11           2  0.250000000           37696       26280       11416       26280       11416       26280       26280       26280       26280
 WACCMX_APPLY_QC           4           5  0.250000000           37696       26064       11632       26064       11632       26064       26064       26064       26064
 WACCMX_APPLY_QC           9           3  0.250000000           37696       26244       11452       26244       11452       26244       26244       26244       26244
 WACCMX online neutral received: taskid,step,packet_hr=          14           1   8.33333358E-02
 WACCMX_RECV_QC          14           1   8.33333358E-02      131655       56825      131655       56825   4.2688338430392172E+018   73379925.365478516        95460112.400554150       -47668405.224129528        0.0000000000000000        4.2688338430392172E+018   73379925.365478516        95460112.400554150       -47668405.224129528        0.0000000000000000
 WACCMX_RECV_SOURCE_FLAGS          14           1   8.33333358E-02      188480      131655       56825      131655       56825      131655      131655      131655      131655
 WACCMX_APPLY_QC          14           1  0.250000000           37696       26292       11404       26292       11404       26292       26292       26292       26292
 WACCMX_APPLY_QC           7           4  0.250000000           37696       26188       11508       26188       11508       26188       26188       26188       26188
 WACCMX_APPLY_QC          12           2  0.250000000           37696       26265       11431       26265       11431       26265       26265       26265       26265
 WACCMX_APPLY_QC           5           5  0.250000000           37696       26122       11574       26122       11574       26122       26122       26122       26122
 WACCMX_APPLY_QC          10           3  0.250000000           37696       26266       11430       26266       11430       26266       26266       26266       26266
 WACCMX online neutral received: taskid,step,packet_hr=          15           1   8.33333358E-02
 WACCMX_RECV_QC          15           1   8.33333358E-02      132110       56370      132110       56370   4.2692205380241213E+018   74823947.070388794        17078175.108177438        3108104.6927192137        0.0000000000000000        4.2692205380241213E+018   74823947.070388794        17078175.108177438        3108104.6927192137        0.0000000000000000
 WACCMX_RECV_SOURCE_FLAGS          15           1   8.33333358E-02      188480      132110       56370      132110       56370      132110      132110      132110      132110
 WACCMX_APPLY_QC          15           1  0.250000000           37696       26354       11342       26354       11342       26354       26354       26354       26354
 WACCMX_APPLY_QC           8           4  0.250000000           37696       26232       11464       26232       11464       26232       26232       26232       26232
 WACCMX_APPLY_QC          13           2  0.250000000           37696       26270       11426       26270       11426       26270       26270       26270       26270
 WACCMX_APPLY_QC           6           5  0.250000000           37696       26166       11530       26166       11530       26166       26166       26166       26166
 WACCMX_APPLY_QC          11           3  0.250000000           37696       26272       11424       26272       11424       26272       26272       26272       26272
 WACCMX online neutral received: taskid,step,packet_hr=          16           1   8.33333358E-02
 WACCMX_RECV_QC          16           1   8.33333358E-02      132387       56093      132387       56093   4.2546564755926794E+018   76116780.683776855       -87914603.105933800        39222784.156144023        0.0000000000000000        4.2546564755926794E+018   76116780.683776855       -87914603.105933800        39222784.156144023        0.0000000000000000
 WACCMX_RECV_SOURCE_FLAGS          16           1   8.33333358E-02      188480      132387       56093      132387       56093      132387      132387      132387      132387
 WACCMX_APPLY_QC          16           1  0.250000000           37696       26457       11239       26457       11239       26457       26457       26457       26457
 WACCMX_APPLY_QC           9           4  0.250000000           37696       26251       11445       26251       11445       26251       26251       26251       26251
 WACCMX_APPLY_QC          14           2  0.250000000           37696       26301       11395       26301       11395       26301       26301       26301       26301
 WACCMX_APPLY_QC           7           5  0.250000000           37696       26200       11496       26200       11496       26200       26200       26200       26200
 WACCMX_APPLY_QC          12           3  0.250000000           37696       26273       11423       26273       11423       26273       26273       26273       26273
 WACCMX online neutral received: taskid,step,packet_hr=          17           1   8.33333358E-02
 WACCMX_RECV_QC          17           1   8.33333358E-02      132497       55983      132497       55983   4.2816360837875712E+018   77105227.912902832       -175068813.48325595        64641676.527012110        0.0000000000000000        4.2816360837875712E+018   77105227.912902832       -175068813.48325595        64641676.527012110        0.0000000000000000
 WACCMX_RECV_SOURCE_FLAGS          17           1   8.33333358E-02      188480      132497       55983      132497       55983      132497      132497      132497      132497
 WACCMX_APPLY_QC          17           1  0.250000000           37696       26480       11216       26480       11216       26480       26480       26480       26480
 WACCMX_APPLY_QC          10           4  0.250000000           37696       26283       11413       26283       11413       26283       26283       26283       26283
 WACCMX_APPLY_QC          15           2  0.250000000           37696       26389       11307       26389       11307       26389       26389       26389       26389
 WACCMX_APPLY_QC           8           5  0.250000000           37696       26243       11453       26243       11453       26243       26243       26243       26243
 WACCMX_APPLY_QC          13           3  0.250000000           37696       26277       11419       26277       11419       26277       26277       26277       26277
 WACCMX online neutral received: taskid,step,packet_hr=          18           1   8.33333358E-02
 WACCMX_RECV_QC          18           1   8.33333358E-02      132574       55906      132574       55906   4.3697436727956669E+018   78158368.706527710       -251034566.74089533        98436769.545558736        0.0000000000000000        4.3697436727956669E+018   78158368.706527710       -251034566.74089533        98436769.545558736        0.0000000000000000
 WACCMX_RECV_SOURCE_FLAGS          18           1   8.33333358E-02      188480      132574       55906      132574       55906      132574      132574      132574      132574
 WACCMX_APPLY_QC          18           1  0.250000000           37696       26508       11188       26508       11188       26508       26508       26508       26508
 WACCMX_APPLY_QC          11           4  0.250000000           37696       26272       11424       26272       11424       26272       26272       26272       26272
 WACCMX_APPLY_QC          16           2  0.250000000           37696       26481       11215       26481       11215       26481       26481       26481       26481
 WACCMX_APPLY_QC           9           5  0.250000000           37696       26258       11438       26258       11438       26258       26258       26258       26258
 WACCMX_APPLY_QC          14           3  0.250000000           37696       26319       11377       26319       11377       26319       26319       26319       26319
 WACCMX online neutral received: taskid,step,packet_hr=          19           1   8.33333358E-02
 WACCMX_RECV_QC          19           1   8.33333358E-02      132532       55948      132532       55948   4.3614676159930281E+018   79273854.481781006       -267513087.64748770        172286902.44207528        0.0000000000000000        4.3614676159930281E+018   79273854.481781006       -267513087.64748770        172286902.44207528        0.0000000000000000
 WACCMX_RECV_SOURCE_FLAGS          19           1   8.33333358E-02      188480      132532       55948      132532       55948      132532      132532      132532      132532
 WACCMX_APPLY_QC          19           1  0.250000000           37696       26519       11177       26519       11177       26519       26519       26519       26519
 WACCMX_APPLY_QC          12           4  0.250000000           37696       26270       11426       26270       11426       26270       26270       26270       26270
 WACCMX_APPLY_QC          17           2  0.250000000           37696       26496       11200       26496       11200       26496       26496       26496       26496
 WACCMX_APPLY_QC          10           5  0.250000000           37696       26280       11416       26280       11416       26280       26280       26280       26280
 WACCMX_APPLY_QC          15           3  0.250000000           37696       26429       11267       26429       11267       26429       26429       26429       26429
 WACCMX online neutral received: taskid,step,packet_hr=          20           1   8.33333358E-02
 WACCMX_RECV_QC          20           1   8.33333358E-02      132373       56107      132373       56107   4.3468424683380204E+018   80307605.623413086       -263865683.89317602        264375644.73484910        0.0000000000000000        4.3468424683380204E+018   80307605.623413086       -263865683.89317602        264375644.73484910        0.0000000000000000
 WACCMX_RECV_SOURCE_FLAGS          20           1   8.33333358E-02      188480      132373       56107      132373       56107      132373      132373      132373      132373
 WACCMX_APPLY_QC          20           1  0.250000000           37696       26499       11197       26499       11197       26499       26499       26499       26499
 WACCMX_APPLY_QC          13           4  0.250000000           37696       26292       11404       26292       11404       26292       26292       26292       26292
 WACCMX_APPLY_QC          18           2  0.250000000           37696       26510       11186       26510       11186       26510       26510       26510       26510
 WACCMX_APPLY_QC          11           5  0.250000000           37696       26265       11431       26265       11431       26265       26265       26265       26265
 WACCMX_APPLY_QC          16           3  0.250000000           37696       26473       11223       26473       11223       26473       26473       26473       26473
 WACCMX online neutral received: taskid,step,packet_hr=          21           1   8.33333358E-02
 WACCMX_RECV_QC          21           1   8.33333358E-02      132140       56340      132140       56340   4.4119125132763689E+018   81252848.179641724       -329588175.96325034        282969134.90138912        0.0000000000000000        4.4119125132763689E+018   81252848.179641724       -329588175.96325034        282969134.90138912        0.0000000000000000
 WACCMX_RECV_SOURCE_FLAGS          21           1   8.33333358E-02      188480      132140       56340      132140       56340      132140      132140      132140      132140
 WACCMX_APPLY_QC          21           1  0.250000000           37696       26463       11233       26463       11233       26463       26463       26463       26463
 WACCMX_APPLY_QC          14           4  0.250000000           37696       26354       11342       26354       11342       26354       26354       26354       26354
 WACCMX_APPLY_QC          19           2  0.250000000           37696       26519       11177       26519       11177       26519       26519       26519       26519
 WACCMX_APPLY_QC          12           5  0.250000000           37696       26270       11426       26270       11426       26270       26270       26270       26270
 WACCMX_APPLY_QC          17           3  0.250000000           37696       26503       11193       26503       11193       26503       26503       26503       26503
 WACCMX online neutral received: taskid,step,packet_hr=          22           1   8.33333358E-02
 WACCMX_RECV_QC          22           1   8.33333358E-02      131974       56506      131974       56506   4.4997322623013207E+018   82308395.573822021       -414062806.48725671        228576615.65446272        0.0000000000000000        4.4997322623013207E+018   82308395.573822021       -414062806.48725671        228576615.65446272        0.0000000000000000
 WACCMX_RECV_SOURCE_FLAGS          22           1   8.33333358E-02      188480      131974       56506      131974       56506      131974      131974      131974      131974
 WACCMX_APPLY_QC          22           1  0.250000000           37696       26409       11287       26409       11287       26409       26409       26409       26409
 WACCMX_APPLY_QC          15           4  0.250000000           37696       26457       11239       26457       11239       26457       26457       26457       26457
 WACCMX_APPLY_QC          20           2  0.250000000           37696       26487       11209       26487       11209       26487       26487       26487       26487
 WACCMX_APPLY_QC          13           5  0.250000000           37696       26301       11395       26301       11395       26301       26301       26301       26301
 WACCMX_APPLY_QC          18           3  0.250000000           37696       26518       11178       26518       11178       26518       26518       26518       26518
 WACCMX online neutral received: taskid,step,packet_hr=          23           1   8.33333358E-02
 WACCMX_RECV_QC          23           1   8.33333358E-02      131978       56502      131978       56502   4.5912254101191086E+018   83401798.108673096       -471651795.10759938        189955302.33090174        0.0000000000000000        4.5912254101191086E+018   83401798.108673096       -471651795.10759938        189955302.33090174        0.0000000000000000
 WACCMX_RECV_SOURCE_FLAGS          23           1   8.33333358E-02      188480      131978       56502      131978       56502      131978      131978      131978      131978
 WACCMX_APPLY_QC          23           1  0.250000000           37696       26390       11306       26390       11306       26390       26390       26390       26390
 WACCMX_APPLY_QC          16           4  0.250000000           37696       26480       11216       26480       11216       26480       26480       26480       26480
 WACCMX_APPLY_QC          21           2  0.250000000           37696       26445       11251       26445       11251       26445       26445       26445       26445
 WACCMX_APPLY_QC          14           5  0.250000000           37696       26389       11307       26389       11307       26389       26389       26389       26389
 WACCMX_APPLY_QC          19           3  0.250000000           37696       26508       11188       26508       11188       26508       26508       26508       26508
 WACCMX online neutral received: taskid,step,packet_hr=          24           1   8.33333358E-02
 WACCMX_RECV_QC          24           1   8.33333358E-02      132105       56375      132105       56375   4.7295715919755960E+018   84344374.102035522       -493534651.95760417        147752671.38918602        0.0000000000000000        4.7295715919755960E+018   84344374.102035522       -493534651.95760417        147752671.38918602        0.0000000000000000
 WACCMX_RECV_SOURCE_FLAGS          24           1   8.33333358E-02      188480      132105       56375      132105       56375      132105      132105      132105      132105
 WACCMX_APPLY_QC          24           1  0.250000000           37696       26399       11297       26399       11297       26399       26399       26399       26399
 WACCMX_APPLY_QC          17           4  0.250000000           37696       26508       11188       26508       11188       26508       26508       26508       26508
 WACCMX_APPLY_QC          22           2  0.250000000           37696       26396       11300       26396       11300       26396       26396       26396       26396
 WACCMX_APPLY_QC          15           5  0.250000000           37696       26481       11215       26481       11215       26481       26481       26481       26481
 WACCMX_APPLY_QC          20           3  0.250000000           37696       26479       11217       26479       11217       26479       26479       26479       26479
 WACCMX online neutral received: taskid,step,packet_hr=          25           1   8.33333358E-02
 WACCMX_RECV_QC          25           1   8.33333358E-02      132176       56304      132176       56304   4.9151762649047777E+018   84791547.430618286       -440789676.70501405        149315888.71112198        0.0000000000000000        4.9151762649047777E+018   84791547.430618286       -440789676.70501405        149315888.71112198        0.0000000000000000
 WACCMX_RECV_SOURCE_FLAGS          25           1   8.33333358E-02      188480      132176       56304      132176       56304      132176      132176      132176      132176
 WACCMX_APPLY_QC          25           1  0.250000000           37696       26429       11267       26429       11267       26429       26429       26429       26429
 WACCMX_APPLY_QC          18           4  0.250000000           37696       26519       11177       26519       11177       26519       26519       26519       26519
 WACCMX_APPLY_QC          23           2  0.250000000           37696       26384       11312       26384       11312       26384       26384       26384       26384
 WACCMX_APPLY_QC          16           5  0.250000000           37696       26496       11200       26496       11200       26496       26496       26496       26496
 WACCMX_APPLY_QC          21           3  0.250000000           37696       26427       11269       26427       11269       26427       26427       26427       26427
 WACCMX online neutral received: taskid,step,packet_hr=          26           1   8.33333358E-02
 WACCMX_RECV_QC          26           1   8.33333358E-02      132140       56340      132140       56340   4.9552465491881994E+018   84873212.473068237       -332445193.94456714        180444281.87055388        0.0000000000000000        4.9552465491881994E+018   84873212.473068237       -332445193.94456714        180444281.87055388        0.0000000000000000
 WACCMX_RECV_SOURCE_FLAGS          26           1   8.33333358E-02      188480      132140       56340      132140       56340      132140      132140      132140      132140
 WACCMX_APPLY_QC          26           1  0.250000000           37696       26433       11263       26433       11263       26433       26433       26433       26433
 WACCMX_APPLY_QC          19           4  0.250000000           37696       26499       11197       26499       11197       26499       26499       26499       26499
 WACCMX_APPLY_QC          24           2  0.250000000           37696       26413       11283       26413       11283       26413       26413       26413       26413
 WACCMX_APPLY_QC          17           5  0.250000000           37696       26510       11186       26510       11186       26510       26510       26510       26510
 WACCMX_APPLY_QC          22           3  0.250000000           37696       26395       11301       26395       11301       26395       26395       26395       26395
 WACCMX online neutral received: taskid,step,packet_hr=          27           1   8.33333358E-02
 WACCMX_RECV_QC          27           1   8.33333358E-02      132048       56432      132048       56432   4.8411761234154854E+018   84775752.262420654       -220333197.75084704        173360971.07593742        0.0000000000000000        4.8411761234154854E+018   84775752.262420654       -220333197.75084704        173360971.07593742        0.0000000000000000
 WACCMX_RECV_SOURCE_FLAGS          27           1   8.33333358E-02      188480      132048       56432      132048       56432      132048      132048      132048      132048
 WACCMX_APPLY_QC          27           1  0.250000000           37696       26422       11274       26422       11274       26422       26422       26422       26422
 WACCMX_APPLY_QC          20           4  0.250000000           37696       26463       11233       26463       11233       26463       26463       26463       26463
 WACCMX_APPLY_QC          25           2  0.250000000           37696       26438       11258       26438       11258       26438       26438       26438       26438
 WACCMX_APPLY_QC          18           5  0.250000000           37696       26519       11177       26519       11177       26519       26519       26519       26519
 WACCMX_APPLY_QC          23           3  0.250000000           37696       26392       11304       26392       11304       26392       26392       26392       26392
 WACCMX online neutral received: taskid,step,packet_hr=          28           1   8.33333358E-02
 WACCMX_RECV_QC          28           1   8.33333358E-02      131949       56531      131949       56531   4.7043744028328581E+018   84589762.484405518       -151146663.50522870        127375943.59697190        0.0000000000000000        4.7043744028328581E+018   84589762.484405518       -151146663.50522870        127375943.59697190        0.0000000000000000
 WACCMX_RECV_SOURCE_FLAGS          28           1   8.33333358E-02      188480      131949       56531      131949       56531      131949      131949      131949      131949
 WACCMX_APPLY_QC          28           1  0.250000000           37696       26401       11295       26401       11295       26401       26401       26401       26401
 WACCMX_APPLY_QC          21           4  0.250000000           37696       26409       11287       26409       11287       26409       26409       26409       26409
 WACCMX_APPLY_QC          26           2  0.250000000           37696       26436       11260       26436       11260       26436       26436       26436       26436
 WACCMX_APPLY_QC          19           5  0.250000000           37696       26487       11209       26487       11209       26487       26487       26487       26487
 WACCMX_APPLY_QC          24           3  0.250000000           37696       26426       11270       26426       11270       26426       26426       26426       26426
 WACCMX online neutral received: taskid,step,packet_hr=          29           1   8.33333358E-02
 WACCMX_RECV_QC          29           1   8.33333358E-02      131850       56630      131850       56630   4.6268708519274260E+018   84179266.451934814       -90374950.638907909        118766140.74492091        0.0000000000000000        4.6268708519274260E+018   84179266.451934814       -90374950.638907909        118766140.74492091        0.0000000000000000
 WACCMX_RECV_SOURCE_FLAGS          29           1   8.33333358E-02      188480      131850       56630      131850       56630      131850      131850      131850      131850
 WACCMX_APPLY_QC          29           1  0.250000000           37696       26383       11313       26383       11313       26383       26383       26383       26383
 WACCMX_APPLY_QC          22           4  0.250000000           37696       26390       11306       26390       11306       26390       26390       26390       26390
 WACCMX_APPLY_QC          27           2  0.250000000           37696       26416       11280       26416       11280       26416       26416       26416       26416
 WACCMX_APPLY_QC          20           5  0.250000000           37696       26445       11251       26445       11251       26445       26445       26445       26445
 WACCMX_APPLY_QC          25           3  0.250000000           37696       26440       11256       26440       11256       26440       26440       26440       26440
 WACCMX online neutral received: taskid,step,packet_hr=          30           1   8.33333358E-02
 WACCMX_RECV_QC          30           1   8.33333358E-02      131698       56782      131698       56782   4.5987490569372815E+018   83387945.124618530       -29370494.648254007        142592125.74388731        0.0000000000000000        4.5987490569372815E+018   83387945.124618530       -29370494.648254007        142592125.74388731        0.0000000000000000
 WACCMX_RECV_SOURCE_FLAGS          30           1   8.33333358E-02      188480      131698       56782      131698       56782      131698      131698      131698      131698
 WACCMX_APPLY_QC          30           1  0.250000000           37696       26361       11335       26361       11335       26361       26361       26361       26361
 WACCMX_APPLY_QC          23           4  0.250000000           37696       26399       11297       26399       11297       26399       26399       26399       26399
 WACCMX_APPLY_QC          28           2  0.250000000           37696       26397       11299       26397       11299       26397       26397       26397       26397
 WACCMX_APPLY_QC          21           5  0.250000000           37696       26396       11300       26396       11300       26396       26396       26396       26396
 WACCMX_APPLY_QC          26           3  0.250000000           37696       26433       11263       26433       11263       26433       26433       26433       26433
 WACCMX online neutral received: taskid,step,packet_hr=          31           1   8.33333358E-02
 WACCMX_RECV_QC          31           1   8.33333358E-02      131559       56921      131559       56921   4.5897010529828152E+018   82267000.360183716        41754648.038872257        188962733.54435977        0.0000000000000000        4.5897010529828152E+018   82267000.360183716        41754648.038872257        188962733.54435977        0.0000000000000000
 WACCMX_RECV_SOURCE_FLAGS          31           1   8.33333358E-02      188480      131559       56921      131559       56921      131559      131559      131559      131559
 WACCMX_APPLY_QC          31           1  0.250000000           37696       26325       11371       26325       11371       26325       26325       26325       26325
 WACCMX_APPLY_QC          24           4  0.250000000           37696       26429       11267       26429       11267       26429       26429       26429       26429
 WACCMX_APPLY_QC          29           2  0.250000000           37696       26379       11317       26379       11317       26379       26379       26379       26379
 WACCMX_APPLY_QC          22           5  0.250000000           37696       26384       11312       26384       11312       26384       26384       26384       26384
 WACCMX_APPLY_QC          27           3  0.250000000           37696       26412       11284       26412       11284       26412       26412       26412       26412
 WACCMX online neutral received: taskid,step,packet_hr=          32           1   8.33333358E-02
 WACCMX_RECV_QC          32           1   8.33333358E-02      131362       57118      131362       57118   4.3392569742549140E+018   80806935.395690918        107408254.30387372        249356673.71959451        0.0000000000000000        4.3392569742549140E+018   80806935.395690918        107408254.30387372        249356673.71959451        0.0000000000000000
 WACCMX_RECV_SOURCE_FLAGS          32           1   8.33333358E-02      188480      131362       57118      131362       57118      131362      131362      131362      131362
 WACCMX_APPLY_QC          32           1  0.250000000           37696       26307       11389       26307       11389       26307       26307       26307       26307
 WACCMX_APPLY_QC          25           4  0.250000000           37696       26433       11263       26433       11263       26433       26433       26433       26433
 WACCMX_APPLY_QC          30           2  0.250000000           37696       26353       11343       26353       11343       26353       26353       26353       26353
 WACCMX_APPLY_QC          23           5  0.250000000           37696       26413       11283       26413       11283       26413       26413       26413       26413
 WACCMX_APPLY_QC          28           3  0.250000000           37696       26389       11307       26389       11307       26389       26389       26389       26389
 WACCMX_APPLY_QC          26           4  0.250000000           37696       26422       11274       26422       11274       26422       26422       26422       26422
 WACCMX_APPLY_QC          31           2  0.250000000           37696       26321       11375       26321       11375       26321       26321       26321       26321
 WACCMX_APPLY_QC          24           5  0.250000000           37696       26438       11258       26438       11258       26438       26438       26438       26438
 WACCMX_APPLY_QC          29           3  0.250000000           37696       26374       11322       26374       11322       26374       26374       26374       26374
 WACCMX_APPLY_QC          27           4  0.250000000           37696       26401       11295       26401       11295       26401       26401       26401       26401
 WACCMX_APPLY_QC          32           2  0.250000000           37696       26291       11405       26291       11405       26291       26291       26291       26291
 WACCMX_APPLY_QC          25           5  0.250000000           37696       26436       11260       26436       11260       26436       26436       26436       26436
 WACCMX_APPLY_QC          30           3  0.250000000           37696       26338       11358       26338       11358       26338       26338       26338       26338
 WACCMX_APPLY_QC          28           4  0.250000000           37696       26383       11313       26383       11313       26383       26383       26383       26383
 WACCMX_APPLY_QC          26           5  0.250000000           37696       26416       11280       26416       11280       26416       26416       26416       26416
 WACCMX_APPLY_QC          31           3  0.250000000           37696       26315       11381       26315       11381       26315       26315       26315       26315
 WACCMX_APPLY_QC          29           4  0.250000000           37696       26361       11335       26361       11335       26361       26361       26361       26361
 WACCMX_APPLY_QC          27           5  0.250000000           37696       26397       11299       26397       11299       26397       26397       26397       26397
 WACCMX_APPLY_QC          32           3  0.250000000           37696       26278       11418       26278       11418       26278       26278       26278       26278
 WACCMX_APPLY_QC          30           4  0.250000000           37696       26325       11371       26325       11371       26325       26325       26325       26325
 WACCMX_APPLY_QC          28           5  0.250000000           37696       26379       11317       26379       11317       26379       26379       26379       26379
 WACCMX_APPLY_QC          31           4  0.250000000           37696       26307       11389       26307       11389       26307       26307       26307       26307
 WACCMX_APPLY_QC          29           5  0.250000000           37696       26353       11343       26353       11343       26353       26353       26353       26353
 WACCMX_APPLY_QC          32           4  0.250000000           37696       26252       11444       26252       11444       26252       26252       26252       26252
 WACCMX_APPLY_QC          30           5  0.250000000           37696       26321       11375       26321       11375       26321       26321       26321       26321
 WACCMX_APPLY_QC          31           5  0.250000000           37696       26291       11405       26291       11405       26291       26291       26291       26291
 WACCMX_APPLY_QC          32           5  0.250000000           37696       26234       11462       26234       11462       26234       26234       26234       26234
 istep =            1  ntm =            2
  hr =   0.250000000      dt =    3.16339321E-02
 MASTER: All Done!
 WACCMX online done signal received:           2
 done finalizing,taskid           5
 timing   71.8347702       123.407280       51.5725098
Note: The following floating-point exceptions are signalling: IEEE_DIVIDE_BY_ZERO IEEE_UNDERFLOW_FLAG IEEE_DENORMAL
 done finalizing,taskid          10
Note: The following floating-point exceptions are signalling: IEEE_DIVIDE_BY_ZERO timing   71.8246460       123.528107       51.7034607
 IEEE_UNDERFLOW_FLAG IEEE_DENORMAL
 done finalizing,taskid          13
 timing   71.8059769       123.444397       51.6384201
Note: The following floating-point exceptions are signalling: IEEE_DIVIDE_BY_ZERO IEEE_UNDERFLOW_FLAG IEEE_DENORMAL
 done finalizing,taskid          20
 timing   71.8309631       123.540916       51.7099533
Note: The following floating-point exceptions are signalling: IEEE_DIVIDE_BY_ZERO IEEE_UNDERFLOW_FLAG IEEE_DENORMAL
 done finalizing,taskid          22
 timing   71.8073120       123.522415       51.7151031
Note: The following floating-point exceptions are signalling: IEEE_DIVIDE_BY_ZERO IEEE_UNDERFLOW_FLAG IEEE_DENORMAL
 done finalizing,taskid          21
 timing   71.8115082       123.531311       51.7198029
Note: The following floating-point exceptions are signalling: IEEE_DIVIDE_BY_ZERO IEEE_UNDERFLOW_FLAG IEEE_DENORMAL
 done finalizing,taskid          18
 timing   71.7213745       123.424751       51.7033768
Note: The following floating-point exceptions are signalling: IEEE_DIVIDE_BY_ZERO IEEE_UNDERFLOW_FLAG IEEE_DENORMAL
 done finalizing,taskid           7
 timing   71.8234253       123.546295       51.7228699
Note: The following floating-point exceptions are signalling: IEEE_DIVIDE_BY_ZERO IEEE_UNDERFLOW_FLAG IEEE_DENORMAL
 done finalizing,taskid          15
 timing   71.8433685       123.561752       51.7183838
Note: The following floating-point exceptions are signalling: IEEE_DIVIDE_BY_ZERO IEEE_UNDERFLOW_FLAG IEEE_DENORMAL
 done finalizing,taskid          17
Note: The following floating-point exceptions are signalling: IEEE_DIVIDE_BY_ZERO IEEE_UNDERFLOW_FLAG IEEE_DENORMAL
 timing   71.6934586       123.358017       51.6645584
 done finalizing,taskid          12
 timing   71.8164520       123.530510       51.7140579
Note: The following floating-point exceptions are signalling: IEEE_DIVIDE_BY_ZERO IEEE_UNDERFLOW_FLAG IEEE_DENORMAL
 done finalizing,taskid          26
 timing   71.8742523       123.654587       51.7803345
Note: The following floating-point exceptions are signalling: IEEE_DIVIDE_BY_ZERO IEEE_UNDERFLOW_FLAG IEEE_DENORMAL
 done finalizing,taskid          25
 timing   71.7681885       123.544044       51.7758560
Note: The following floating-point exceptions are signalling: IEEE_DIVIDE_BY_ZERO IEEE_UNDERFLOW_FLAG IEEE_DENORMAL
 done finalizing,taskid          29
 timing   71.8720856       123.602486       51.7304001
Note: The following floating-point exceptions are signalling: IEEE_DIVIDE_BY_ZERO IEEE_UNDERFLOW_FLAG IEEE_DENORMAL
 done finalizing,taskid           4
 timing   71.8523102       123.627075       51.7747650
Note: The following floating-point exceptions are signalling: IEEE_DIVIDE_BY_ZERO IEEE_UNDERFLOW_FLAG IEEE_DENORMAL
 done finalizing,taskid           8
 timing   71.8431931       123.572151       51.7289581
Note: The following floating-point exceptions are signalling: IEEE_DIVIDE_BY_ZERO IEEE_UNDERFLOW_FLAG IEEE_DENORMAL
 done finalizing,taskid           0
 timing   48.5334206       82.4093246       33.8759041
Note: The following floating-point exceptions are signalling: IEEE_UNDERFLOW_FLAG IEEE_DENORMAL
 done finalizing,taskid          23
 timing   71.7584076       123.538162       51.7797546
Note: The following floating-point exceptions are signalling: IEEE_DIVIDE_BY_ZERO IEEE_UNDERFLOW_FLAG IEEE_DENORMAL
 done finalizing,taskid          19
 timing   71.8408585       123.629784       51.7889252
Note: The following floating-point exceptions are signalling: IEEE_DIVIDE_BY_ZERO IEEE_UNDERFLOW_FLAG IEEE_DENORMAL
 done finalizing,taskid           1
Note: The following floating-point exceptions are signalling: IEEE_DIVIDE_BY_ZERO IEEE_UNDERFLOW_FLAG IEEE_DENORMAL
 timing   71.8040695       123.523788       51.7197189
 done finalizing,taskid          28
 timing   71.8249207       123.368057       51.5431366
Note: The following floating-point exceptions are signalling: IEEE_DIVIDE_BY_ZERO IEEE_UNDERFLOW_FLAG IEEE_DENORMAL
 done finalizing,taskid          32
 timing   72.7951736       123.718285       50.9231110
Note: The following floating-point exceptions are signalling: IEEE_DIVIDE_BY_ZERO IEEE_UNDERFLOW_FLAG IEEE_DENORMAL
 done finalizing,taskid           3
 timing   71.7001038       123.003754       51.3036499
Note: The following floating-point exceptions are signalling: IEEE_DIVIDE_BY_ZERO IEEE_UNDERFLOW_FLAG IEEE_DENORMAL
 done finalizing,taskid          27
 timing   71.8712234       123.710472       51.8392487
Note: The following floating-point exceptions are signalling: IEEE_DIVIDE_BY_ZERO IEEE_UNDERFLOW_FLAG IEEE_DENORMAL
 done finalizing,taskid          16
Note: The following floating-point exceptions are signalling: IEEE_DIVIDE_BY_ZERO IEEE_UNDERFLOW_FLAG IEEE_DENORMAL
 timing   71.8349838       123.584984       51.7500000
 done finalizing,taskid          14
 timing   71.7586441       123.444672       51.6860275
Note: The following floating-point exceptions are signalling: IEEE_DIVIDE_BY_ZERO IEEE_UNDERFLOW_FLAG IEEE_DENORMAL
 done finalizing,taskid           6
 timing   71.7900848       123.605560       51.8154755
Note: The following floating-point exceptions are signalling: IEEE_DIVIDE_BY_ZERO IEEE_UNDERFLOW_FLAG IEEE_DENORMAL
 done finalizing,taskid           9
 timing   71.8205261       123.590538       51.7700119
Note: The following floating-point exceptions are signalling: IEEE_DIVIDE_BY_ZERO IEEE_UNDERFLOW_FLAG IEEE_DENORMAL
 done finalizing,taskid          11
 timing   71.7791901       123.600586       51.8213959
Note: The following floating-point exceptions are signalling: IEEE_DIVIDE_BY_ZERO IEEE_UNDERFLOW_FLAG IEEE_DENORMAL
 done finalizing,taskid           2
 timing   71.7974625       123.572739       51.7752762
Note: The following floating-point exceptions are signalling: IEEE_DIVIDE_BY_ZERO IEEE_UNDERFLOW_FLAG IEEE_DENORMAL
 done finalizing,taskid          31
 timing   71.8865128       123.785065       51.8985519
Note: The following floating-point exceptions are signalling: IEEE_DIVIDE_BY_ZERO IEEE_UNDERFLOW_FLAG IEEE_DENORMAL
Note: The following floating-point exceptions are signalling: IEEE_DIVIDE_BY_ZERO IEEE_UNDERFLOW_FLAG IEEE_DENORMAL
 done finalizing,taskid          30
 timing   71.8591461       123.761581       51.9024353
 done finalizing,taskid          24
 timing   71.8017197       123.670036       51.8683167
Note: The following floating-point exceptions are signalling: IEEE_DIVIDE_BY_ZERO IEEE_UNDERFLOW_FLAG IEEE_DENORMAL
