 (t_initf) Read in prof_inparm namelist from: drv_in
 (t_initf) Using profile_disable=          F
 (t_initf)       profile_timer=                      4
 (t_initf)       profile_depth_limit=                4
 (t_initf)       profile_detail_limit=               2
 (t_initf)       profile_barrier=          F
 (t_initf)       profile_outpe_num=                  1
 (t_initf)       profile_outpe_stride=               0
 (t_initf)       profile_single_file=      F
 (t_initf)       profile_global_stats=     T
 (t_initf)       profile_ovhd_measurement= F
 (t_initf)       profile_add_detail=       F
 (t_initf)       profile_papi_enable=      F
(shr_drydep_init) CH3OOH not in tables; will have dep vel = 0
(shr_drydep_init) CO not in tables; will have dep vel = 0
(shr_drydep_init) HO2NO2 not in tables; will have dep vel = 0
(shr_drydep_init) NO not in tables; will have dep vel = 0
(shr_drydep_init) CH3OOH not in tables; will have dep vel = 0
(shr_drydep_init) CO not in tables; will have dep vel = 0
(shr_drydep_init) HO2NO2 not in tables; will have dep vel = 0
(shr_drydep_init) NO not in tables; will have dep vel = 0
(shr_drydep_init) CH3OOH not in tables; will have dep vel = 0
(shr_drydep_init) CO not in tables; will have dep vel = 0
(shr_drydep_init) HO2NO2 not in tables; will have dep vel = 0
(shr_drydep_init) NO not in tables; will have dep vel = 0
(shr_drydep_init) CH3OOH not in tables; will have dep vel = 0
(shr_drydep_init) CO not in tables; will have dep vel = 0
(shr_drydep_init) HO2NO2 not in tables; will have dep vel = 0
(shr_drydep_init) NO not in tables; will have dep vel = 0
(shr_drydep_init) CH3OOH not in tables; will have dep vel = 0
(shr_drydep_init) CO not in tables; will have dep vel = 0
(shr_drydep_init) HO2NO2 not in tables; will have dep vel = 0
(shr_drydep_init) NO not in tables; will have dep vel = 0
(shr_drydep_init) CH3OOH not in tables; will have dep vel = 0
(shr_drydep_init) CO not in tables; will have dep vel = 0
(shr_drydep_init) HO2NO2 not in tables; will have dep vel = 0
(shr_drydep_init) NO not in tables; will have dep vel = 0
(shr_drydep_init) CH3OOH not in tables; will have dep vel = 0
(shr_drydep_init) CO not in tables; will have dep vel = 0
(shr_drydep_init) HO2NO2 not in tables; will have dep vel = 0
(shr_drydep_init) NO not in tables; will have dep vel = 0
(shr_drydep_init) CH3OOH not in tables; will have dep vel = 0
(shr_drydep_init) CO not in tables; will have dep vel = 0
(shr_drydep_init) HO2NO2 not in tables; will have dep vel = 0
(shr_drydep_init) NO not in tables; will have dep vel = 0
(shr_drydep_init) CH3OOH not in tables; will have dep vel = 0
(shr_drydep_init) CO not in tables; will have dep vel = 0
(shr_drydep_init) HO2NO2 not in tables; will have dep vel = 0
(shr_drydep_init) NO not in tables; will have dep vel = 0
(shr_drydep_init) CH3OOH not in tables; will have dep vel = 0
(shr_drydep_init) CO not in tables; will have dep vel = 0
(shr_drydep_init) HO2NO2 not in tables; will have dep vel = 0
(shr_drydep_init) NO not in tables; will have dep vel = 0
(shr_drydep_init) CH3OOH not in tables; will have dep vel = 0
(shr_drydep_init) CO not in tables; will have dep vel = 0
(shr_drydep_init) HO2NO2 not in tables; will have dep vel = 0
(shr_drydep_init) NO not in tables; will have dep vel = 0
(shr_drydep_init) CH3OOH not in tables; will have dep vel = 0
(shr_drydep_init) CO not in tables; will have dep vel = 0
(shr_drydep_init) HO2NO2 not in tables; will have dep vel = 0
(shr_drydep_init) NO not in tables; will have dep vel = 0
(shr_drydep_init) CH3OOH not in tables; will have dep vel = 0
(shr_drydep_init) CO not in tables; will have dep vel = 0
(shr_drydep_init) HO2NO2 not in tables; will have dep vel = 0
(shr_drydep_init) NO not in tables; will have dep vel = 0
(shr_drydep_init) CH3OOH not in tables; will have dep vel = 0
(shr_drydep_init) CO not in tables; will have dep vel = 0
(shr_drydep_init) HO2NO2 not in tables; will have dep vel = 0
(shr_drydep_init) NO not in tables; will have dep vel = 0
(shr_drydep_init) CH3OOH not in tables; will have dep vel = 0
(shr_drydep_init) CO not in tables; will have dep vel = 0
(shr_drydep_init) HO2NO2 not in tables; will have dep vel = 0
(shr_drydep_init) NO not in tables; will have dep vel = 0
 Opening existing file /home/jiaoy_group/jiaoy/data/CESM/experiments/inputdata_overlay/atm/waccm/ic/f.c54137.FX2000climo.f19_f19.ZGTest.001.cam.i.0002-01-01-00000_c170817.nc           0
 Opening existing file /apps/public_data/inputdata/atm/waccm/sulf/CESM_1949_2100_sad_V2_c130627.nc           0
 Opening existing file /apps/public_data/inputdata/atm/waccm/lb/LBC_1765-2100_1.9x2.5_CCMI_RCP60_za_c130313.nc           0
 Opening existing file /home/jiaoy_group/jiaoy/data/CESM/experiments/inputdata_overlay/atm/waccm/geomag/IGRF14_coeffs_c250130.nc           0
 Opening existing file /apps/public_data/inputdata/atm/cam/solar/spectral_irradiance_Lean_1950-2014_daily_GOME-Mg_Leap_c150623.nc           0
 Opening existing file /apps/public_data/inputdata/atm/cam/solar/spectral_irradiance_Lean_1950-2014_daily_GOME-Mg_Leap_c150623.nc           0
 Opening existing file /home/jiaoy_group/jiaoy/data/CESM/experiments/inputdata_overlay/atm/waccm/phot/wa_avg_c20170519.nc           0
 Opening existing file /home/jiaoy_group/jiaoy/data/CESM/experiments/inputdata_overlay/atm/waccm/phot/wa_avg_c20170519.nc           0
 Opening existing file /home/jiaoy_group/jiaoy/data/CESM/experiments/inputdata_overlay/atm/waccm/phot/wa_avg_c20170519.nc           0
 Opening existing file /apps/public_data/inputdata/atm/cam/physprops/sulfate_camrt_c080918.nc           0
 Opening existing file /apps/public_data/inputdata/atm/cam/physprops/dust1_camrt_c120518.nc         139
 Opening existing file /apps/public_data/inputdata/atm/cam/physprops/dust2_camrt_c120518.nc         140
 Opening existing file /apps/public_data/inputdata/atm/cam/physprops/dust3_camrt_c120518.nc         141
 Opening existing file /apps/public_data/inputdata/atm/cam/physprops/dust4_camrt_c120518.nc         142
 Opening existing file /apps/public_data/inputdata/atm/cam/physprops/bcpho_camrt_c080918.nc         143
 Opening existing file /apps/public_data/inputdata/atm/cam/physprops/bcphi_camrt_c080918.nc         144
 Opening existing file /apps/public_data/inputdata/atm/cam/physprops/ocpho_camrt_c080918.nc         145
 Opening existing file /apps/public_data/inputdata/atm/cam/physprops/ocphi_camrt_c080918.nc         146
 Opening existing file /apps/public_data/inputdata/atm/cam/physprops/ssam_camrt_c080918.nc         147
 Opening existing file /apps/public_data/inputdata/atm/cam/physprops/sscm_camrt_c080918.nc         148
 Opening existing file /apps/public_data/inputdata/atm/cam/rad/abs_ems_factors_fastvx.c030508.nc           0
 Opening existing file /apps/public_data/inputdata/atm/cam/chem/emis/ccmi_1960-2008/maccity_maccity_corrdates_CH2O_woBiog_1960-2008_1.9x2.5_mol_c130314.nc           0
 Opening existing file /apps/public_data/inputdata/atm/cam/chem/emis/ccmi_1960-2008/maccity_maccity_corrdates_CH2O_woBiog_1960-2008_1.9x2.5_mol_c130314.nc          -1
 Opening existing file /apps/public_data/inputdata/atm/cam/chem/emis/ccmi_1960-2008/maccity_maccity_corrdates_CO_woBiog_1960-2008_1.9x2.5_mol_c130314.nc         151
 Opening existing file /apps/public_data/inputdata/atm/cam/chem/emis/ccmi_1960-2008/maccity_maccity_corrdates_CO_woBiog_1960-2008_1.9x2.5_mol_c130314.nc          -1
 Opening existing file /apps/public_data/inputdata/atm/cam/chem/emis/ccmi_1960-2008/maccity_maccity_corrdates_NO_1960-2008_1.9x2.5_mol_c130314.nc         153
 Opening existing file /apps/public_data/inputdata/atm/cam/chem/emis/ccmi_1960-2008/maccity_maccity_corrdates_NO_1960-2008_1.9x2.5_mol_c130314.nc          -1
 Opening existing file /apps/public_data/inputdata/atm/cam/chem/emis/ccmi_1960-2008/CCMI_emissions_aircraft_NO2_1850-2100_1.9x2.5_c130314.nc           0
 Opening existing file /apps/public_data/inputdata/atm/cam/chem/emis/ccmi_1960-2008/CCMI_emissions_aircraft_NO2_1850-2100_1.9x2.5_c130314.nc  -193822704
 Opening existing file /apps/public_data/inputdata/atm/waccm/sulf/sulfate_b.e11.TSREFC2.f19.g16.ccmi23.001_c150908.nc           0
 Opening existing file /apps/public_data/inputdata/atm/waccm/phot/EUVAC_reference_c170222.nc           0
 Opening existing file /home/jiaoy_group/jiaoy/data/CESM/experiments/inputdata_overlay/atm/waccm/phot/xs_short_c221005mm_slh_c250930.nc           0
 problem with mapping_to_heff of CH3OOH
 problem with mapping_to_heff of CO
 problem with mapping_to_heff of HO2NO2
 problem with mapping_to_heff of NO
 Opening existing file /apps/public_data/inputdata/atm/waccm/gcrs/gcr_prod_NO_1949-2142_c150309.nc           0
 Opening existing file /apps/public_data/inputdata/atm/cam/chem/trop_mozart_aero/aero/aero_b.e11.TSREFC2.f19.f19.ccmi23.001_c141030.nc           0
 Opening existing file /apps/public_data/inputdata/atm/cam/chem/trop_mozart_aero/aero/aerosoldep_rcp6.0_monthly_1849-2104_1.9x2.5_c100830.nc           0
 Opening existing file /apps/public_data/inputdata/atm/waccm/sulf/CESM_1949_2100_sad_V2_c130627.nc           0
 Opening existing file /apps/public_data/inputdata/atm/waccm/gw/newmfspectra40_dc25.nc       17572
 Opening existing file /apps/public_data/inputdata/atm/waccm/solar/spes_1963-2014_c150717.nc           0
 Opening existing file /apps/public_data/inputdata/atm/waccm/solar/spes_1963-2014_c150717.nc   729970255
 Opening existing file /apps/public_data/inputdata/atm/cam/chem/trop_mozart/ub/clim_p_trop.nc           0
 par_xsum: difference between integer vector and floating point sums  exceeds tolerance in            2  fields.
   Maximum relative diff: (rel)   8.4642317171202215E-014  (abs)    4.4075854077618715E-014
   Maximum absolute diff: (rel)   1.3400777360966425E-014  (abs)    6.3948846218409017E-014
 par_xsum: difference between integer vector and floating point sums  exceeds tolerance in            6  fields.
   Maximum relative diff: (rel)   3.1590559066582329E-014  (abs)    3.8546943414985435E-013
   Maximum absolute diff: (rel)   2.4442848065896646E-014  (abs)    6.1461946643248666E-013
 par_xsum: difference between integer vector and floating point sums  exceeds tolerance in            1  fields.
   Maximum relative diff: (rel)   3.4421700460834375E-014  (abs)    9.7144514654701197E-016
   Maximum absolute diff: (rel)   3.4421700460834375E-014  (abs)    9.7144514654701197E-016
 par_xsum: difference between integer vector and floating point sums  exceeds tolerance in            2  fields.
   Maximum relative diff: (rel)   3.8263568858694281E-014  (abs)    8.1001871876651421E-013
   Maximum absolute diff: (rel)   3.8263568858694281E-014  (abs)    8.1001871876651421E-013
 par_xsum: difference between integer vector and floating point sums  exceeds tolerance in            1  fields.
   Maximum relative diff: (rel)   1.3198417208564105E-013  (abs)    2.8137492336099967E-012
   Maximum absolute diff: (rel)   1.3198417208564105E-013  (abs)    2.8137492336099967E-012
 par_xsum: difference between integer vector and floating point sums  exceeds tolerance in            1  fields.
   Maximum relative diff: (rel)   1.3582968020586835E-014  (abs)    1.5543122344752192E-014
   Maximum absolute diff: (rel)   1.3582968020586835E-014  (abs)    1.5543122344752192E-014
 par_xsum: difference between integer vector and floating point sums  exceeds tolerance in            1  fields.
   Maximum relative diff: (rel)   1.7947430184602133E-014  (abs)    3.9435121834685560E-013
   Maximum absolute diff: (rel)   1.7947430184602133E-014  (abs)    3.9435121834685560E-013
 par_xsum: difference between integer vector and floating point sums  exceeds tolerance in            2  fields.
   Maximum relative diff: (rel)   1.2010801987278154E-014  (abs)    4.0500935938325711E-013
   Maximum absolute diff: (rel)   1.2010801987278154E-014  (abs)    4.0500935938325711E-013
 par_xsum: difference between integer vector and floating point sums  exceeds tolerance in            3  fields.
   Maximum relative diff: (rel)   1.8805802236661142E-014  (abs)    7.0031092036515474E-011
   Maximum absolute diff: (rel)   1.4763799687168214E-014  (abs)    6.0390448197722435E-010
 par_xsum: difference between integer vector and floating point sums  exceeds tolerance in            2  fields.
   Maximum relative diff: (rel)   6.9207360502351015E-014  (abs)    1.2378986724570495E-014
   Maximum absolute diff: (rel)   1.0729233894052671E-014  (abs)    6.9633188104489818E-013
 par_xsum: difference between integer vector and floating point sums  exceeds tolerance in            1  fields.
   Maximum relative diff: (rel)   2.2596914864681397E-014  (abs)    5.8264504332328215E-013
   Maximum absolute diff: (rel)   2.2596914864681397E-014  (abs)    5.8264504332328215E-013
 par_xsum: difference between integer vector and floating point sums  exceeds tolerance in            2  fields.
   Maximum relative diff: (rel)   2.7079748650844980E-014  (abs)    1.9326762412674725E-012
   Maximum absolute diff: (rel)   2.7079748650844980E-014  (abs)    1.9326762412674725E-012
 par_xsum: difference between integer vector and floating point sums  exceeds tolerance in            1  fields.
   Maximum relative diff: (rel)   6.0538333262923039E-014  (abs)    2.2453150450019166E-012
   Maximum absolute diff: (rel)   6.0538333262923039E-014  (abs)    2.2453150450019166E-012
 par_xsum: difference between integer vector and floating point sums  exceeds tolerance in            7  fields.
   Maximum relative diff: (rel)   2.6117715327119375E-013  (abs)    4.6379566853715914E-014
   Maximum absolute diff: (rel)   3.5687670834471436E-014  (abs)    7.6383344094210770E-014
 par_xsum: difference between integer vector and floating point sums  exceeds tolerance in            4  fields.
   Maximum relative diff: (rel)   1.8072130697889638E-013  (abs)    7.0849637268111110E-010
   Maximum absolute diff: (rel)   1.8072130697889638E-013  (abs)    7.0849637268111110E-010
 par_xsum: difference between integer vector and floating point sums  exceeds tolerance in            3  fields.
   Maximum relative diff: (rel)   3.0041016221296875E-014  (abs)    2.4980018054066022E-015
   Maximum absolute diff: (rel)   3.0041016221296875E-014  (abs)    2.4980018054066022E-015
 par_xsum: difference between integer vector and floating point sums  exceeds tolerance in            2  fields.
   Maximum relative diff: (rel)   2.6711394032267490E-014  (abs)    1.7763568394002505E-012
   Maximum absolute diff: (rel)   2.6711394032267490E-014  (abs)    1.7763568394002505E-012
 par_xsum: difference between integer vector and floating point sums  exceeds tolerance in            2  fields.
   Maximum relative diff: (rel)   6.8879644847396738E-014  (abs)    2.0122570276726037E-011
   Maximum absolute diff: (rel)   6.8879644847396738E-014  (abs)    2.0122570276726037E-011
 par_xsum: difference between integer vector and floating point sums  exceeds tolerance in            3  fields.
   Maximum relative diff: (rel)   3.6552997107813988E-012  (abs)    5.6933624481558809E-015
   Maximum absolute diff: (rel)   1.3757638231856338E-014  (abs)    1.4388490399142029E-013
 par_xsum: difference between integer vector and floating point sums  exceeds tolerance in            1  fields.
   Maximum relative diff: (rel)   1.4462405511870443E-014  (abs)    1.6653345369377348E-015
   Maximum absolute diff: (rel)   1.4462405511870443E-014  (abs)    1.6653345369377348E-015
 par_xsum: difference between integer vector and floating point sums  exceeds tolerance in            3  fields.
   Maximum relative diff: (rel)   6.9605078268336081E-014  (abs)    2.5153490401663703E-016
   Maximum absolute diff: (rel)   2.5941914367167666E-014  (abs)    6.8278716014447127E-015
 par_xsum: difference between integer vector and floating point sums  exceeds tolerance in            1  fields.
   Maximum relative diff: (rel)   1.9396578880619829E-014  (abs)    5.0626169922907138E-014
   Maximum absolute diff: (rel)   1.9396578880619829E-014  (abs)    5.0626169922907138E-014
 par_xsum: difference between integer vector and floating point sums  exceeds tolerance in            1  fields.
   Maximum relative diff: (rel)   1.0871897981952055E-014  (abs)    6.0396132539608516E-013
   Maximum absolute diff: (rel)   1.0871897981952055E-014  (abs)    6.0396132539608516E-013
 par_xsum: difference between integer vector and floating point sums  exceeds tolerance in            3  fields.
   Maximum relative diff: (rel)   4.4302668477276868E-014  (abs)    1.6956921977673289E-016
   Maximum absolute diff: (rel)   2.8406368847738113E-014  (abs)    3.9968028886505635E-014
 par_xsum: difference between integer vector and floating point sums  exceeds tolerance in            1  fields.
   Maximum relative diff: (rel)   1.1231249841028666E-014  (abs)    3.8999132812023163E-009
   Maximum absolute diff: (rel)   1.1231249841028666E-014  (abs)    3.8999132812023163E-009
 par_xsum: difference between integer vector and floating point sums  exceeds tolerance in            1  fields.
   Maximum relative diff: (rel)   1.2156472938718176E-014  (abs)    6.3060667798708891E-014
   Maximum absolute diff: (rel)   1.2156472938718176E-014  (abs)    6.3060667798708891E-014
 par_xsum: difference between integer vector and floating point sums  exceeds tolerance in            2  fields.
   Maximum relative diff: (rel)   1.3227528206991924E-014  (abs)    7.9936057773011271E-015
   Maximum absolute diff: (rel)   1.2720461685252011E-014  (abs)    7.7852746471762657E-010
 par_xsum: difference between integer vector and floating point sums  exceeds tolerance in            2  fields.
   Maximum relative diff: (rel)   1.7475867426240727E-014  (abs)    2.8643754035329039E-014
   Maximum absolute diff: (rel)   1.1331514451250136E-014  (abs)    2.9309887850104133E-014
 par_xsum: difference between integer vector and floating point sums  exceeds tolerance in            1  fields.
   Maximum relative diff: (rel)   2.6407144844709781E-014  (abs)    8.5833562479820102E-012
   Maximum absolute diff: (rel)   2.6407144844709781E-014  (abs)    8.5833562479820102E-012
 par_xsum: difference between integer vector and floating point sums  exceeds tolerance in            1  fields.
   Maximum relative diff: (rel)   3.6132897651875438E-014  (abs)    5.1841198001056910E-010
   Maximum absolute diff: (rel)   3.6132897651875438E-014  (abs)    5.1841198001056910E-010
 par_xsum: difference between integer vector and floating point sums  exceeds tolerance in            1  fields.
   Maximum relative diff: (rel)   2.5403448471477827E-014  (abs)    1.8457457784393227E-015
   Maximum absolute diff: (rel)   2.5403448471477827E-014  (abs)    1.8457457784393227E-015
 par_xsum: difference between integer vector and floating point sums  exceeds tolerance in            1  fields.
   Maximum relative diff: (rel)   2.9726359549904993E-014  (abs)    5.4123372450476381E-016
   Maximum absolute diff: (rel)   2.9726359549904993E-014  (abs)    5.4123372450476381E-016
 par_xsum: difference between integer vector and floating point sums  exceeds tolerance in            1  fields.
   Maximum relative diff: (rel)   3.1328195980847467E-014  (abs)    2.4702462297909733E-015
   Maximum absolute diff: (rel)   3.1328195980847467E-014  (abs)    2.4702462297909733E-015
 par_xsum: difference between integer vector and floating point sums  exceeds tolerance in            2  fields.
   Maximum relative diff: (rel)   1.3496690087149822E-013  (abs)    3.6237679523765109E-012
   Maximum absolute diff: (rel)   7.8203853727433207E-014  (abs)    1.0300027497578412E-010
 par_xsum: difference between integer vector and floating point sums  exceeds tolerance in            1  fields.
   Maximum relative diff: (rel)   1.0342571047110915E-014  (abs)    6.8389738316909643E-014
   Maximum absolute diff: (rel)   1.0342571047110915E-014  (abs)    6.8389738316909643E-014
 par_xsum: difference between integer vector and floating point sums  exceeds tolerance in            1  fields.
   Maximum relative diff: (rel)   2.8019730402484866E-014  (abs)    2.1760371282653068E-013
   Maximum absolute diff: (rel)   2.8019730402484866E-014  (abs)    2.1760371282653068E-013
 par_xsum: difference between integer vector and floating point sums  exceeds tolerance in            1  fields.
   Maximum relative diff: (rel)   1.6812320260248695E-014  (abs)    9.2287288921966137E-016
   Maximum absolute diff: (rel)   1.6812320260248695E-014  (abs)    9.2287288921966137E-016
 par_xsum: difference between integer vector and floating point sums  exceeds tolerance in            1  fields.
   Maximum relative diff: (rel)   1.0148824199219615E-014  (abs)    8.7041485130612273E-014
   Maximum absolute diff: (rel)   1.0148824199219615E-014  (abs)    8.7041485130612273E-014
 par_xsum: difference between integer vector and floating point sums  exceeds tolerance in            1  fields.
   Maximum relative diff: (rel)   3.2153810693029088E-014  (abs)    2.3874235921539366E-012
   Maximum absolute diff: (rel)   3.2153810693029088E-014  (abs)    2.3874235921539366E-012
 par_xsum: difference between integer vector and floating point sums  exceeds tolerance in            2  fields.
   Maximum relative diff: (rel)   2.5971323990424636E-013  (abs)    2.0872192862952943E-014
   Maximum absolute diff: (rel)   2.5971323990424636E-013  (abs)    2.0872192862952943E-014
 par_xsum: difference between integer vector and floating point sums  exceeds tolerance in            2  fields.
   Maximum relative diff: (rel)   7.2422018996863898E-014  (abs)    5.6760152133961128E-015
   Maximum absolute diff: (rel)   7.2422018996863898E-014  (abs)    5.6760152133961128E-015
 par_xsum: difference between integer vector and floating point sums  exceeds tolerance in            3  fields.
   Maximum relative diff: (rel)   1.8026813156033244E-014  (abs)    1.3073986337985843E-012
   Maximum absolute diff: (rel)   1.1991074880122987E-014  (abs)    4.1495695768389851E-012
 par_xsum: difference between integer vector and floating point sums  exceeds tolerance in            2  fields.
   Maximum relative diff: (rel)   4.0126339500139986E-013  (abs)    2.1781621645233784E-016
   Maximum absolute diff: (rel)   1.0708208583854277E-013  (abs)    3.6689401516909470E-016
 par_xsum: difference between integer vector and floating point sums  exceeds tolerance in            2  fields.
   Maximum relative diff: (rel)   3.6403933784604729E-014  (abs)    7.3899220076611982E-016
   Maximum absolute diff: (rel)   2.0575960485750279E-014  (abs)    2.6867397195928788E-014
 par_xsum: difference between integer vector and floating point sums  exceeds tolerance in            2  fields.
   Maximum relative diff: (rel)   1.7615153652790461E-014  (abs)    1.4921397450962104E-013
   Maximum absolute diff: (rel)   1.7615153652790461E-014  (abs)    1.4921397450962104E-013
 par_xsum: difference between integer vector and floating point sums  exceeds tolerance in            4  fields.
   Maximum relative diff: (rel)   1.3457732514612353E-013  (abs)    3.3833202905952930E-010
   Maximum absolute diff: (rel)   1.9692665291648758E-014  (abs)    1.2660166248679161E-009
 par_xsum: difference between integer vector and floating point sums  exceeds tolerance in            6  fields.
   Maximum relative diff: (rel)   3.3552261979140996E-013  (abs)    1.5404344466674047E-015
   Maximum absolute diff: (rel)   3.3552261979140996E-013  (abs)    1.5404344466674047E-015
 par_xsum: difference between integer vector and floating point sums  exceeds tolerance in            1  fields.
   Maximum relative diff: (rel)   1.2272147403632425E-014  (abs)    2.9467628337442875E-010
   Maximum absolute diff: (rel)   1.2272147403632425E-014  (abs)    2.9467628337442875E-010
 par_xsum: difference between integer vector and floating point sums  exceeds tolerance in            1  fields.
   Maximum relative diff: (rel)   1.0748032340794923E-014  (abs)    3.0531133177191805E-015
   Maximum absolute diff: (rel)   1.0748032340794923E-014  (abs)    3.0531133177191805E-015
 par_xsum: difference between integer vector and floating point sums  exceeds tolerance in            1  fields.
   Maximum relative diff: (rel)   5.9015939395453539E-014  (abs)    2.0556473190325164E-016
   Maximum absolute diff: (rel)   5.9015939395453539E-014  (abs)    2.0556473190325164E-016
 par_xsum: difference between integer vector and floating point sums  exceeds tolerance in            1  fields.
   Maximum relative diff: (rel)   1.5916781967580135E-014  (abs)    2.2964741219766438E-011
   Maximum absolute diff: (rel)   1.5916781967580135E-014  (abs)    2.2964741219766438E-011
 par_xsum: difference between integer vector and floating point sums  exceeds tolerance in            3  fields.
   Maximum relative diff: (rel)   2.2201533267845242E-014  (abs)    1.6768808563938364E-012
   Maximum absolute diff: (rel)   2.2201533267845242E-014  (abs)    1.6768808563938364E-012
 par_xsum: difference between integer vector and floating point sums  exceeds tolerance in            8  fields.
   Maximum relative diff: (rel)   3.8382348902953047E-014  (abs)    2.1944251971106610E-016
   Maximum absolute diff: (rel)   1.5837931537017587E-014  (abs)    8.8817841970012523E-015
 par_xsum: difference between integer vector and floating point sums  exceeds tolerance in            1  fields.
   Maximum relative diff: (rel)   1.1347530179957779E-014  (abs)    3.9108272176235914E-011
   Maximum absolute diff: (rel)   1.1347530179957779E-014  (abs)    3.9108272176235914E-011
 par_xsum: difference between integer vector and floating point sums  exceeds tolerance in            1  fields.
   Maximum relative diff: (rel)   1.5708637174544458E-014  (abs)    4.4053649617126212E-013
   Maximum absolute diff: (rel)   1.5708637174544458E-014  (abs)    4.4053649617126212E-013
 par_xsum: difference between integer vector and floating point sums  exceeds tolerance in            1  fields.
   Maximum relative diff: (rel)   6.4449313312908907E-014  (abs)    3.0997426847534371E-013
   Maximum absolute diff: (rel)   6.4449313312908907E-014  (abs)    3.0997426847534371E-013
 par_xsum: difference between integer vector and floating point sums  exceeds tolerance in            2  fields.
   Maximum relative diff: (rel)   2.8778087469420973E-014  (abs)    1.6875389974302379E-014
   Maximum absolute diff: (rel)   2.8033633841276122E-014  (abs)    7.4214767664670944E-010
 par_xsum: difference between integer vector and floating point sums  exceeds tolerance in            3  fields.
   Maximum relative diff: (rel)   2.6068682594142661E-013  (abs)    1.4290790772975015E-012
   Maximum absolute diff: (rel)   2.6068682594142661E-013  (abs)    1.4290790772975015E-012
 par_xsum: difference between integer vector and floating point sums  exceeds tolerance in            1  fields.
   Maximum relative diff: (rel)   1.1150165343662664E-014  (abs)    2.5757174171303632E-014
   Maximum absolute diff: (rel)   1.1150165343662664E-014  (abs)    2.5757174171303632E-014
 par_xsum: difference between integer vector and floating point sums  exceeds tolerance in            1  fields.
   Maximum relative diff: (rel)   2.8907534990272653E-014  (abs)    1.6306400674181987E-015
   Maximum absolute diff: (rel)   2.8907534990272653E-014  (abs)    1.6306400674181987E-015
 par_xsum: difference between integer vector and floating point sums  exceeds tolerance in            1  fields.
   Maximum relative diff: (rel)   1.1014967946907784E-014  (abs)    4.7961634663806763E-014
   Maximum absolute diff: (rel)   1.1014967946907784E-014  (abs)    4.7961634663806763E-014
 par_xsum: difference between integer vector and floating point sums  exceeds tolerance in            2  fields.
   Maximum relative diff: (rel)   3.2441903343046246E-014  (abs)    5.1625370645069779E-015
   Maximum absolute diff: (rel)   3.2441903343046246E-014  (abs)    5.1625370645069779E-015
 par_xsum: difference between integer vector and floating point sums  exceeds tolerance in            2  fields.
   Maximum relative diff: (rel)   7.5894118899096412E-014  (abs)    3.6914915568786455E-015
   Maximum absolute diff: (rel)   7.5894118899096412E-014  (abs)    3.6914915568786455E-015
 par_xsum: difference between integer vector and floating point sums  exceeds tolerance in            1  fields.
   Maximum relative diff: (rel)   1.4612125110250130E-014  (abs)    7.6738615462090820E-013
   Maximum absolute diff: (rel)   1.4612125110250130E-014  (abs)    7.6738615462090820E-013
 par_xsum: difference between integer vector and floating point sums  exceeds tolerance in            1  fields.
   Maximum relative diff: (rel)   1.0495329259220652E-014  (abs)    6.2172489379008766E-014
   Maximum absolute diff: (rel)   1.0495329259220652E-014  (abs)    6.2172489379008766E-014
 par_xsum: difference between integer vector and floating point sums  exceeds tolerance in            1  fields.
   Maximum relative diff: (rel)   3.6164121179600911E-012  (abs)    8.8149973431761453E-015
   Maximum absolute diff: (rel)   3.6164121179600911E-012  (abs)    8.8149973431761453E-015
 par_xsum: difference between integer vector and floating point sums  exceeds tolerance in            1  fields.
   Maximum relative diff: (rel)   1.4754575718420786E-014  (abs)    1.0011717677116394E-008
   Maximum absolute diff: (rel)   1.4754575718420786E-014  (abs)    1.0011717677116394E-008
 par_xsum: difference between integer vector and floating point sums  exceeds tolerance in            4  fields.
   Maximum relative diff: (rel)   1.9434761669108254E-013  (abs)    1.3817072486155269E-015
   Maximum absolute diff: (rel)   1.1816575520247240E-014  (abs)    1.9706458687096529E-015
 par_xsum: difference between integer vector and floating point sums  exceeds tolerance in            2  fields.
   Maximum relative diff: (rel)   1.7321545408843202E-014  (abs)    2.8990143619012088E-012
   Maximum absolute diff: (rel)   1.2071534926696333E-014  (abs)    3.7471181713044643E-010
 par_xsum: difference between integer vector and floating point sums  exceeds tolerance in            5  fields.
   Maximum relative diff: (rel)   5.6252829739331846E-014  (abs)    1.5143442055887135E-013
   Maximum absolute diff: (rel)   5.6252829739331846E-014  (abs)    1.5143442055887135E-013
 par_xsum: difference between integer vector and floating point sums  exceeds tolerance in            1  fields.
   Maximum relative diff: (rel)   1.3601278559625482E-014  (abs)    2.2191670723259449E-010
   Maximum absolute diff: (rel)   1.3601278559625482E-014  (abs)    2.2191670723259449E-010
 par_xsum: difference between integer vector and floating point sums  exceeds tolerance in            3  fields.
   Maximum relative diff: (rel)   6.5461860876035563E-014  (abs)    2.1938006966593093E-013
   Maximum absolute diff: (rel)   2.7474267948834548E-014  (abs)    3.0375701953744283E-013
 par_xsum: difference between integer vector and floating point sums  exceeds tolerance in            3  fields.
   Maximum relative diff: (rel)   2.9648717518657090E-014  (abs)    1.4988010832439613E-015
   Maximum absolute diff: (rel)   1.4978027896597919E-014  (abs)    3.0808688933348094E-015
 par_xsum: difference between integer vector and floating point sums  exceeds tolerance in            3  fields.
   Maximum relative diff: (rel)   5.7892670767828061E-014  (abs)    1.6375789613221059E-014
   Maximum absolute diff: (rel)   1.5520927828522945E-014  (abs)    3.4958702599396929E-012
 par_xsum: difference between integer vector and floating point sums  exceeds tolerance in            2  fields.
   Maximum relative diff: (rel)   8.1109561209794583E-014  (abs)    6.2705396430828841E-013
   Maximum absolute diff: (rel)   1.0729400189840107E-014  (abs)    3.4106051316484809E-012
 par_xsum: difference between integer vector and floating point sums  exceeds tolerance in            2  fields.
   Maximum relative diff: (rel)   2.2269858183772095E-013  (abs)    6.7714722717937548E-012
   Maximum absolute diff: (rel)   1.2253762874574138E-014  (abs)    7.3896444519050419E-012
 par_xsum: difference between integer vector and floating point sums  exceeds tolerance in            6  fields.
   Maximum relative diff: (rel)   8.5552094147849864E-013  (abs)    3.9248118643975261E-017
   Maximum absolute diff: (rel)   9.6129175124666977E-014  (abs)    5.3776427755281020E-016
 par_xsum: difference between integer vector and floating point sums  exceeds tolerance in            2  fields.
   Maximum relative diff: (rel)   5.6680652977697805E-014  (abs)    8.5764728652293343E-015
   Maximum absolute diff: (rel)   1.6702036926742227E-014  (abs)    1.3877787807814457E-014
 par_xsum: difference between integer vector and floating point sums  exceeds tolerance in            1  fields.
   Maximum relative diff: (rel)   5.8295204175589085E-014  (abs)    4.3964831775156199E-014
   Maximum absolute diff: (rel)   5.8295204175589085E-014  (abs)    4.3964831775156199E-014
 par_xsum: difference between integer vector and floating point sums  exceeds tolerance in            1  fields.
   Maximum relative diff: (rel)   1.7832354091731141E-014  (abs)    1.0769163338864018E-014
   Maximum absolute diff: (rel)   1.7832354091731141E-014  (abs)    1.0769163338864018E-014
 par_xsum: difference between integer vector and floating point sums  exceeds tolerance in            1  fields.
   Maximum relative diff: (rel)   1.5463564759154922E-014  (abs)    6.5938365878537297E-012
   Maximum absolute diff: (rel)   1.5463564759154922E-014  (abs)    6.5938365878537297E-012
 par_xsum: difference between integer vector and floating point sums  exceeds tolerance in            1  fields.
   Maximum relative diff: (rel)   1.5947020857302463E-014  (abs)    4.5474735088646412E-013
   Maximum absolute diff: (rel)   1.5947020857302463E-014  (abs)    4.5474735088646412E-013
 par_xsum: difference between integer vector and floating point sums  exceeds tolerance in            2  fields.
   Maximum relative diff: (rel)   2.7267192896041216E-014  (abs)    2.5153212845907547E-012
   Maximum absolute diff: (rel)   1.8104212398267894E-014  (abs)    2.5238477974198759E-011
 par_xsum: difference between integer vector and floating point sums  exceeds tolerance in            1  fields.
   Maximum relative diff: (rel)   5.8611082592527635E-014  (abs)    3.3750779948604759E-013
   Maximum absolute diff: (rel)   5.8611082592527635E-014  (abs)    3.3750779948604759E-013
 par_xsum: difference between integer vector and floating point sums  exceeds tolerance in            1  fields.
 par_xsum: difference between integer vector and floating point sums  exceeds tolerance in           22  fields.
   Maximum relative diff: (rel)   1.1454715326099588E-011  (abs)    3.4949820815199928E-012
   Maximum absolute diff: (rel)   1.8399745713139950E-014  (abs)    5.4569682106375694E-012
   Maximum relative diff: (rel)   2.2003690348865281E-014  (abs)    5.6843418860808015E-014
   Maximum absolute diff: (rel)   2.2003690348865281E-014  (abs)    5.6843418860808015E-014
 par_xsum: difference between integer vector and floating point sums  exceeds tolerance in            1  fields.
   Maximum relative diff: (rel)   8.1132169702542039E-014  (abs)    2.4158453015843406E-012
   Maximum absolute diff: (rel)   8.1132169702542039E-014  (abs)    2.4158453015843406E-012
 par_xsum: difference between integer vector and floating point sums  exceeds tolerance in            4  fields.
   Maximum relative diff: (rel)   2.6694681723376720E-013  (abs)    2.4355517602714372E-014
   Maximum absolute diff: (rel)   3.5806687947323798E-014  (abs)    3.0375701953744283E-013
 par_xsum: difference between integer vector and floating point sums  exceeds tolerance in            4  fields.
   Maximum relative diff: (rel)   6.6988402503362902E-013  (abs)    4.5794479319738457E-012
   Maximum absolute diff: (rel)   5.3792756661692450E-014  (abs)    2.0736479200422764E-009
 par_xsum: difference between integer vector and floating point sums  exceeds tolerance in            1  fields.
   Maximum relative diff: (rel)   2.4557495570621859E-014  (abs)    4.6895820560166612E-013
   Maximum absolute diff: (rel)   2.4557495570621859E-014  (abs)    4.6895820560166612E-013
 par_xsum: difference between integer vector and floating point sums  exceeds tolerance in            2  fields.
 par_xsum: difference between integer vector and floating point sums  exceeds tolerance in            1  fields.
   Maximum relative diff: (rel)   4.3955805136169346E-014  (abs)    4.7251091928046662E-013
   Maximum absolute diff: (rel)   4.3955805136169346E-014  (abs)    4.7251091928046662E-013
   Maximum relative diff: (rel)   1.1302627171997620E-013  (abs)    2.5890400934258651E-013
   Maximum absolute diff: (rel)   4.0174279583476545E-014  (abs)    3.2329694477084558E-013
 par_xsum: difference between integer vector and floating point sums  exceeds tolerance in            3  fields.
 par_xsum: difference between integer vector and floating point sums  exceeds tolerance in            3  fields.
   Maximum relative diff: (rel)   1.9769600242842925E-014  (abs)    8.0491169285323849E-015
   Maximum absolute diff: (rel)   1.9769600242842925E-014  (abs)    8.0491169285323849E-015
   Maximum relative diff: (rel)   3.2581169793459670E-014  (abs)    2.6822988274943782E-013
   Maximum absolute diff: (rel)   1.3020049113949271E-014  (abs)    1.8474111129762605E-012
 par_xsum: difference between integer vector and floating point sums  exceeds tolerance in            1  fields.
   Maximum relative diff: (rel)   1.3015986968845145E-014  (abs)    1.3500311979441904E-012
   Maximum absolute diff: (rel)   1.3015986968845145E-014  (abs)    1.3500311979441904E-012
 par_xsum: difference between integer vector and floating point sums  exceeds tolerance in            1  fields.
   Maximum relative diff: (rel)   4.9867729911704716E-014  (abs)    1.6164847238542279E-013
   Maximum absolute diff: (rel)   4.9867729911704716E-014  (abs)    1.6164847238542279E-013
 par_xsum: difference between integer vector and floating point sums  exceeds tolerance in            2  fields.
   Maximum relative diff: (rel)   3.2533514018211743E-014  (abs)    9.1926466438962962E-014
   Maximum absolute diff: (rel)   3.2533514018211743E-014  (abs)    9.1926466438962962E-014
 par_xsum: difference between integer vector and floating point sums  exceeds tolerance in            1  fields.
   Maximum relative diff: (rel)   1.4561614796992108E-014  (abs)    3.6834535421803594E-011
 par_xsum: difference between integer vector and floating point sums  exceeds tolerance in            2  fields.
   Maximum relative diff: (rel)   2.2258085790429614E-014  (abs)    1.9468870959826745E-012
   Maximum absolute diff: (rel)   1.4561614796992108E-014  (abs)    3.6834535421803594E-011
   Maximum absolute diff: (rel)   2.2258085790429614E-014  (abs)    1.9468870959826745E-012
 par_xsum: difference between integer vector and floating point sums  exceeds tolerance in            2  fields.
   Maximum relative diff: (rel)   9.2169786817500735E-014  (abs)    1.5230872119076366E-015
 par_xsum: difference between integer vector and floating point sums  exceeds tolerance in            2  fields.
   Maximum relative diff: (rel)   1.6548804295366452E-014  (abs)    5.3114490583539009E-010
   Maximum absolute diff: (rel)   1.6548804295366452E-014  (abs)    5.3114490583539009E-010
   Maximum absolute diff: (rel)   9.2169786817500735E-014  (abs)    1.5230872119076366E-015
 par_xsum: difference between integer vector and floating point sums  exceeds tolerance in            6  fields.
   Maximum relative diff: (rel)   1.2627192871397880E-013  (abs)    3.2063240951174521E-013
   Maximum absolute diff: (rel)   1.3502814219070196E-014  (abs)    4.5474735088646412E-013
 par_xsum: difference between integer vector and floating point sums  exceeds tolerance in            1  fields.
 par_xsum: difference between integer vector and floating point sums  exceeds tolerance in            2  fields.
   Maximum relative diff: (rel)   6.8224128412545791E-014  (abs)    1.9775847626135601E-016
   Maximum absolute diff: (rel)   3.3571992110763370E-014  (abs)    1.6237011735142914E-015
   Maximum relative diff: (rel)   1.0612039593201378E-014  (abs)    1.8829382497642655E-013
   Maximum absolute diff: (rel)   1.0612039593201378E-014  (abs)    1.8829382497642655E-013
 par_xsum: difference between integer vector and floating point sums  exceeds tolerance in            1  fields.
   Maximum relative diff: (rel)   1.6156428421544482E-014  (abs)    9.3258734068513149E-015
   Maximum absolute diff: (rel)   1.6156428421544482E-014  (abs)    9.3258734068513149E-015
 par_xsum: difference between integer vector and floating point sums  exceeds tolerance in            1  fields.
   Maximum relative diff: (rel)   2.4463560487675478E-014  (abs)    7.8409501114151681E-016
   Maximum absolute diff: (rel)   2.4463560487675478E-014  (abs)    7.8409501114151681E-016
 par_xsum: difference between integer vector and floating point sums  exceeds tolerance in            2  fields.
   Maximum relative diff: (rel)   2.4932365347398491E-014  (abs)    2.3939183968479938E-016
   Maximum absolute diff: (rel)   2.4096135187893372E-014  (abs)    2.4008572907519010E-015
 par_xsum: difference between integer vector and floating point sums  exceeds tolerance in            4  fields.
   Maximum relative diff: (rel)   1.8688342756064337E-013  (abs)    2.5951463200613034E-015
   Maximum absolute diff: (rel)   1.2138001036288458E-014  (abs)    9.6589403142388619E-015
 par_xsum: difference between integer vector and floating point sums  exceeds tolerance in            1  fields.
   Maximum relative diff: (rel)   4.6969479889095319E-013  (abs)    1.7669199436909366E-013
   Maximum absolute diff: (rel)   4.6969479889095319E-013  (abs)    1.7669199436909366E-013
 par_xsum: difference between integer vector and floating point sums  exceeds tolerance in            1  fields.
   Maximum relative diff: (rel)   1.0109213338283529E-014  (abs)    8.5265128291212022E-014
   Maximum absolute diff: (rel)   1.0109213338283529E-014  (abs)    8.5265128291212022E-014
 par_xsum: difference between integer vector and floating point sums  exceeds tolerance in            1  fields.
   Maximum relative diff: (rel)   3.5292475934607296E-014  (abs)    7.1498362785860081E-014
   Maximum absolute diff: (rel)   3.5292475934607296E-014  (abs)    7.1498362785860081E-014
 par_xsum: difference between integer vector and floating point sums  exceeds tolerance in            1  fields.
   Maximum relative diff: (rel)   1.0480993057201252E-014  (abs)    1.2212453270876722E-015
   Maximum absolute diff: (rel)   1.0480993057201252E-014  (abs)    1.2212453270876722E-015
 par_xsum: difference between integer vector and floating point sums  exceeds tolerance in            1  fields.
   Maximum relative diff: (rel)   4.5765810546780345E-014  (abs)    1.9151347174783950E-014
   Maximum absolute diff: (rel)   4.5765810546780345E-014  (abs)    1.9151347174783950E-014
 par_xsum: difference between integer vector and floating point sums  exceeds tolerance in            1  fields.
   Maximum relative diff: (rel)   1.2552846303894219E-014  (abs)    1.6653345369377348E-014
   Maximum absolute diff: (rel)   1.2552846303894219E-014  (abs)    1.6653345369377348E-014
 par_xsum: difference between integer vector and floating point sums  exceeds tolerance in            2  fields.
   Maximum relative diff: (rel)   1.1443833064795838E-013  (abs)    3.8077180297690916E-016
   Maximum absolute diff: (rel)   6.6847138615112017E-014  (abs)    4.0523140398818214E-015
 par_xsum: difference between integer vector and floating point sums  exceeds tolerance in            1  fields.
   Maximum relative diff: (rel)   4.6277400994099788E-013  (abs)    2.6466295821592212E-010
   Maximum absolute diff: (rel)   4.6277400994099788E-013  (abs)    2.6466295821592212E-010
 par_xsum: difference between integer vector and floating point sums  exceeds tolerance in            1  fields.
   Maximum relative diff: (rel)   1.4473827308356438E-014  (abs)    9.1858964879065752E-011
   Maximum absolute diff: (rel)   1.4473827308356438E-014  (abs)    9.1858964879065752E-011
 par_xsum: difference between integer vector and floating point sums  exceeds tolerance in            1  fields.
   Maximum relative diff: (rel)   1.1963124662898617E-013  (abs)    4.2064129956997931E-010
   Maximum absolute diff: (rel)   1.1963124662898617E-013  (abs)    4.2064129956997931E-010
 par_xsum: difference between integer vector and floating point sums  exceeds tolerance in            2  fields.
 par_xsum: difference between integer vector and floating point sums  exceeds tolerance in            2  fields.
   Maximum relative diff: (rel)   1.2076785437636777E-014  (abs)    3.0468072509393096E-011
   Maximum absolute diff: (rel)   1.1981821162524910E-014  (abs)    5.8207660913467407E-011
   Maximum relative diff: (rel)   4.4122821907121488E-014  (abs)    2.3980817331903381E-014
   Maximum absolute diff: (rel)   1.7084922903097653E-014  (abs)    1.5825207810848951E-010
 par_xsum: difference between integer vector and floating point sums  exceeds tolerance in            1  fields.
   Maximum relative diff: (rel)   1.8992367058217562E-014  (abs)    1.2490009027033011E-015
   Maximum absolute diff: (rel)   1.8992367058217562E-014  (abs)    1.2490009027033011E-015
 par_xsum: difference between integer vector and floating point sums  exceeds tolerance in            1  fields.
   Maximum relative diff: (rel)   1.6072369078320448E-013  (abs)    2.4265034426207421E-012
   Maximum absolute diff: (rel)   1.6072369078320448E-013  (abs)    2.4265034426207421E-012
 par_xsum: difference between integer vector and floating point sums  exceeds tolerance in            1  fields.
   Maximum relative diff: (rel)   1.0192574555205069E-014  (abs)    3.5971225997855072E-014
   Maximum absolute diff: (rel)   1.0192574555205069E-014  (abs)    3.5971225997855072E-014
 par_xsum: difference between integer vector and floating point sums  exceeds tolerance in            1  fields.
   Maximum relative diff: (rel)   2.1218701388379016E-014  (abs)    1.8908485888147197E-016
   Maximum absolute diff: (rel)   2.1218701388379016E-014  (abs)    1.8908485888147197E-016
 par_xsum: difference between integer vector and floating point sums  exceeds tolerance in            1  fields.
 par_xsum: difference between integer vector and floating point sums  exceeds tolerance in            1  fields.
   Maximum relative diff: (rel)   1.9124412847818819E-014  (abs)    4.6185277824406512E-014
   Maximum absolute diff: (rel)   1.9124412847818819E-014  (abs)    4.6185277824406512E-014
   Maximum relative diff: (rel)   1.0263968308440901E-014  (abs)    6.3282712403633923E-015
   Maximum absolute diff: (rel)   1.0263968308440901E-014  (abs)    6.3282712403633923E-015
 par_xsum: difference between integer vector and floating point sums  exceeds tolerance in            6  fields.
   Maximum relative diff: (rel)   3.1401284364702627E-014  (abs)    1.1439738045737613E-012
   Maximum absolute diff: (rel)   2.4693934551244081E-014  (abs)    2.1316282072803006E-012
 par_xsum: difference between integer vector and floating point sums  exceeds tolerance in            1  fields.
   Maximum relative diff: (rel)   1.4739068515569107E-014  (abs)    3.4194869158454821E-014
   Maximum absolute diff: (rel)   1.4739068515569107E-014  (abs)    3.4194869158454821E-014
 par_xsum: difference between integer vector and floating point sums  exceeds tolerance in            2  fields.
   Maximum relative diff: (rel)   6.2980738868018042E-014  (abs)    3.1334934647020418E-012
   Maximum absolute diff: (rel)   1.3343351898803874E-014  (abs)    1.8872015061788261E-011
 par_xsum: difference between integer vector and floating point sums  exceeds tolerance in            1  fields.
   Maximum relative diff: (rel)   1.4096538450276358E-014  (abs)    1.3211653993039363E-014
   Maximum absolute diff: (rel)   1.4096538450276358E-014  (abs)    1.3211653993039363E-014
 par_xsum: difference between integer vector and floating point sums  exceeds tolerance in            1  fields.
   Maximum relative diff: (rel)   1.7812889387137445E-014  (abs)    1.7408297026122455E-013
   Maximum absolute diff: (rel)   1.7812889387137445E-014  (abs)    1.7408297026122455E-013
 par_xsum: difference between integer vector and floating point sums  exceeds tolerance in            1  fields.
   Maximum relative diff: (rel)   2.6279306056594568E-014  (abs)    1.3947176746853529E-015
   Maximum absolute diff: (rel)   2.6279306056594568E-014  (abs)    1.3947176746853529E-015
 par_xsum: difference between integer vector and floating point sums  exceeds tolerance in            1  fields.
   Maximum relative diff: (rel)   8.6866986382363859E-014  (abs)    5.7189026847481728E-009
   Maximum absolute diff: (rel)   8.6866986382363859E-014  (abs)    5.7189026847481728E-009
 par_xsum: difference between integer vector and floating point sums  exceeds tolerance in            1  fields.
   Maximum relative diff: (rel)   3.8079064445330691E-014  (abs)    1.2398231774568558E-008
   Maximum absolute diff: (rel)   3.8079064445330691E-014  (abs)    1.2398231774568558E-008
 par_xsum: difference between integer vector and floating point sums  exceeds tolerance in            2  fields.
   Maximum relative diff: (rel)   2.3683997828742898E-013  (abs)    1.0440999176353216E-009
   Maximum absolute diff: (rel)   2.3683997828742898E-013  (abs)    1.0440999176353216E-009
 par_xsum: difference between integer vector and floating point sums  exceeds tolerance in            2  fields.
   Maximum relative diff: (rel)   6.9641141119217668E-014  (abs)    7.4593109467002705E-016
   Maximum absolute diff: (rel)   1.0706416156104304E-014  (abs)    3.6082248300317588E-015
 par_xsum: difference between integer vector and floating point sums  exceeds tolerance in            2  fields.
   Maximum relative diff: (rel)   6.1003041850028505E-014  (abs)    3.4461322684364859E-013
   Maximum absolute diff: (rel)   6.1003041850028505E-014  (abs)    3.4461322684364859E-013
 par_xsum: difference between integer vector and floating point sums  exceeds tolerance in            1  fields.
   Maximum relative diff: (rel)   3.5465243035596422E-013  (abs)    5.3915205633359164E-015
   Maximum absolute diff: (rel)   3.5465243035596422E-013  (abs)    5.3915205633359164E-015
 par_xsum: difference between integer vector and floating point sums  exceeds tolerance in            2  fields.
   Maximum relative diff: (rel)   1.7841360235266785E-014  (abs)    5.0626169922907138E-014
   Maximum absolute diff: (rel)   1.7841360235266785E-014  (abs)    5.0626169922907138E-014
 par_xsum: difference between integer vector and floating point sums  exceeds tolerance in            1  fields.
   Maximum relative diff: (rel)   9.1508992950065468E-011  (abs)    1.9758317648665980E-008
   Maximum absolute diff: (rel)   9.1508992950065468E-011  (abs)    1.9758317648665980E-008
 par_xsum: difference between integer vector and floating point sums  exceeds tolerance in            2  fields.
   Maximum relative diff: (rel)   2.1440978854390118E-014  (abs)    8.9338259012805565E-017
   Maximum absolute diff: (rel)   1.3472587973745186E-014  (abs)    1.4016565685892601E-015
 par_xsum: difference between integer vector and floating point sums  exceeds tolerance in            7  fields.
   Maximum relative diff: (rel)   2.9667134633044954E-014  (abs)    1.2292389328649733E-012
   Maximum absolute diff: (rel)   1.9918398102025937E-014  (abs)    1.2789769243681803E-012
 par_xsum: difference between integer vector and floating point sums  exceeds tolerance in            3  fields.
   Maximum relative diff: (rel)   6.4025039627574642E-014  (abs)    3.8440362004621420E-012
   Maximum absolute diff: (rel)   1.9279788480884210E-014  (abs)    3.9221959013957530E-012
 par_xsum: difference between integer vector and floating point sums  exceeds tolerance in            1  fields.
   Maximum relative diff: (rel)   1.1127288271166051E-014  (abs)    1.5916157281026244E-012
   Maximum absolute diff: (rel)   1.1127288271166051E-014  (abs)    1.5916157281026244E-012
 par_xsum: difference between integer vector and floating point sums  exceeds tolerance in            2  fields.
   Maximum relative diff: (rel)   3.3671016611930395E-014  (abs)    4.6611603465862572E-012
   Maximum absolute diff: (rel)   3.3671016611930395E-014  (abs)    4.6611603465862572E-012
 par_xsum: difference between integer vector and floating point sums  exceeds tolerance in            2  fields.
   Maximum relative diff: (rel)   2.9430322392419752E-012  (abs)    4.9694790504872799E-009
   Maximum absolute diff: (rel)   2.4967377060321882E-014  (abs)    1.7695128917694092E-008
 par_xsum: difference between integer vector and floating point sums  exceeds tolerance in            1  fields.
   Maximum relative diff: (rel)   1.5966208422325062E-014  (abs)    9.8953023552894592E-010
   Maximum absolute diff: (rel)   1.5966208422325062E-014  (abs)    9.8953023552894592E-010
 par_xsum: difference between integer vector and floating point sums  exceeds tolerance in            3  fields.
   Maximum relative diff: (rel)   2.1985732234316508E-014  (abs)    4.7073456244106637E-014
   Maximum absolute diff: (rel)   1.7359489531273767E-014  (abs)    3.1263880373444408E-013
 par_xsum: difference between integer vector and floating point sums  exceeds tolerance in            2  fields.
   Maximum relative diff: (rel)   5.5668436693523368E-014  (abs)    4.7073456244106637E-013
   Maximum absolute diff: (rel)   2.3725107443555687E-014  (abs)    5.0803805606847163E-013
 par_xsum: difference between integer vector and floating point sums  exceeds tolerance in           21  fields.
   Maximum relative diff: (rel)   4.4665311553055601E-011  (abs)    1.3060663661690342E-012
   Maximum absolute diff: (rel)   3.8202364885124506E-013  (abs)    5.3645976549887564E-012
 par_xsum: difference between integer vector and floating point sums  exceeds tolerance in            1  fields.
   Maximum relative diff: (rel)   5.2485832823857601E-014  (abs)    1.8301332671555315E-016
   Maximum absolute diff: (rel)   5.2485832823857601E-014  (abs)    1.8301332671555315E-016
 par_xsum: difference between integer vector and floating point sums  exceeds tolerance in            2  fields.
   Maximum relative diff: (rel)   4.2718716480656223E-014  (abs)    1.0764722446765518E-012
   Maximum absolute diff: (rel)   4.2718716480656223E-014  (abs)    1.0764722446765518E-012
 par_xsum: difference between integer vector and floating point sums  exceeds tolerance in            1  fields.
   Maximum relative diff: (rel)   1.6005182233403696E-014  (abs)    6.0396132539608516E-013
   Maximum absolute diff: (rel)   1.6005182233403696E-014  (abs)    6.0396132539608516E-013
 par_xsum: difference between integer vector and floating point sums  exceeds tolerance in            2  fields.
   Maximum relative diff: (rel)   1.4176097241912355E-014  (abs)    4.0145664570445661E-013
   Maximum absolute diff: (rel)   1.4176097241912355E-014  (abs)    4.0145664570445661E-013
 par_xsum: difference between integer vector and floating point sums  exceeds tolerance in            2  fields.
   Maximum relative diff: (rel)   1.3861333476456935E-014  (abs)    1.6653345369377348E-015
   Maximum absolute diff: (rel)   1.3861333476456935E-014  (abs)    1.6653345369377348E-015
 par_xsum: difference between integer vector and floating point sums  exceeds tolerance in            5  fields.
   Maximum relative diff: (rel)   4.7907212468581104E-014  (abs)    5.3113069498067489E-013
   Maximum absolute diff: (rel)   1.8848168065677121E-014  (abs)    1.0942358130705543E-012
 par_xsum: difference between integer vector and floating point sums  exceeds tolerance in            1  fields.
   Maximum relative diff: (rel)   8.6229035061615964E-013  (abs)    3.4916070035251323E-011
   Maximum absolute diff: (rel)   8.6229035061615964E-013  (abs)    3.4916070035251323E-011
 par_xsum: difference between integer vector and floating point sums  exceeds tolerance in            1  fields.
   Maximum relative diff: (rel)   1.2155576513266389E-014  (abs)    6.4028427004814148E-010
   Maximum absolute diff: (rel)   1.2155576513266389E-014  (abs)    6.4028427004814148E-010
 par_xsum: difference between integer vector and floating point sums  exceeds tolerance in            2  fields.
   Maximum relative diff: (rel)   3.0235679990281381E-013  (abs)    2.9654056987737931E-013
   Maximum absolute diff: (rel)   1.2351569080267436E-014  (abs)    3.0198066269804258E-013
 par_xsum: difference between integer vector and floating point sums  exceeds tolerance in            4  fields.
   Maximum relative diff: (rel)   6.5419993432888846E-013  (abs)    1.6875606814736877E-016
   Maximum absolute diff: (rel)   6.4911526921322989E-013  (abs)    9.5930208221517432E-016
 par_xsum: difference between integer vector and floating point sums  exceeds tolerance in            3  fields.
   Maximum relative diff: (rel)   8.3812233961214410E-014  (abs)    2.9132252166164108E-013
   Maximum absolute diff: (rel)   1.1246862140384172E-014  (abs)    1.8189894035458565E-012
 par_xsum: difference between integer vector and floating point sums  exceeds tolerance in            1  fields.
   Maximum relative diff: (rel)   1.6981313615034686E-014  (abs)    1.9539925233402755E-014
 par_xsum: difference between integer vector and floating point sums  exceeds tolerance in            2  fields.
   Maximum relative diff: (rel)   4.0971397314641749E-014  (abs)    1.6768808563938364E-012
   Maximum absolute diff: (rel)   2.8958277820747084E-014  (abs)    2.6574298317427747E-012
   Maximum absolute diff: (rel)   1.6981313615034686E-014  (abs)    1.9539925233402755E-014
 par_xsum: difference between integer vector and floating point sums  exceeds tolerance in            1  fields.
   Maximum relative diff: (rel)   1.1234002246335072E-014  (abs)    2.8865798640254070E-015
   Maximum absolute diff: (rel)   1.1234002246335072E-014  (abs)    2.8865798640254070E-015
 par_xsum: difference between integer vector and floating point sums  exceeds tolerance in            2  fields.
   Maximum relative diff: (rel)   1.9185245374635606E-014  (abs)    4.9960036108132044E-015
   Maximum absolute diff: (rel)   1.9185245374635606E-014  (abs)    4.9960036108132044E-015
 par_xsum: difference between integer vector and floating point sums  exceeds tolerance in            3  fields.
   Maximum relative diff: (rel)   2.3538854613692724E-014  (abs)    5.7287508070658077E-014
   Maximum absolute diff: (rel)   1.7289546049438046E-014  (abs)    6.3948846218409017E-014
 par_xsum: difference between integer vector and floating point sums  exceeds tolerance in            3  fields.
   Maximum relative diff: (rel)   1.1063009304933296E-011  (abs)    1.3537615473069309E-011
   Maximum absolute diff: (rel)   1.1886396922840663E-014  (abs)    3.8653524825349450E-011
 par_xsum: difference between integer vector and floating point sums  exceeds tolerance in            1  fields.
   Maximum relative diff: (rel)   4.3261303914946073E-014  (abs)    2.1371793224034263E-015
   Maximum absolute diff: (rel)   4.3261303914946073E-014  (abs)    2.1371793224034263E-015
 par_xsum: difference between integer vector and floating point sums  exceeds tolerance in            3  fields.
   Maximum relative diff: (rel)   6.8373581205202604E-013  (abs)    8.0310758043822261E-014
   Maximum absolute diff: (rel)   6.8373581205202604E-013  (abs)    8.0310758043822261E-014
 par_xsum: difference between integer vector and floating point sums  exceeds tolerance in            3  fields.
   Maximum relative diff: (rel)   6.0791773813546599E-014  (abs)    3.8337388819087437E-016
   Maximum absolute diff: (rel)   3.2732510867699846E-014  (abs)    4.4929338027799304E-016
 par_xsum: difference between integer vector and floating point sums  exceeds tolerance in            1  fields.
   Maximum relative diff: (rel)   2.4873510764519038E-014  (abs)    1.4460965758189559E-010
   Maximum absolute diff: (rel)   2.4873510764519038E-014  (abs)    1.4460965758189559E-010
 par_xsum: difference between integer vector and floating point sums  exceeds tolerance in            2  fields.
   Maximum relative diff: (rel)   5.1791765583131463E-014  (abs)    9.0372154204487742E-014
   Maximum absolute diff: (rel)   2.2871045389875367E-014  (abs)    1.0480505352461478E-013
 par_xsum: difference between integer vector and floating point sums  exceeds tolerance in            4  fields.
   Maximum relative diff: (rel)   3.5356221171810484E-011  (abs)    6.7998449752859624E-016
   Maximum absolute diff: (rel)   6.6755597898213992E-014  (abs)    2.2482016248659420E-015
 par_xsum: difference between integer vector and floating point sums  exceeds tolerance in            1  fields.
   Maximum relative diff: (rel)   4.7090715680736760E-014  (abs)    1.8252066524837574E-013
   Maximum absolute diff: (rel)   4.7090715680736760E-014  (abs)    1.8252066524837574E-013
 par_xsum: difference between integer vector and floating point sums  exceeds tolerance in            1  fields.
   Maximum relative diff: (rel)   1.9953363813294370E-014  (abs)    9.1517904365900904E-012
   Maximum absolute diff: (rel)   1.9953363813294370E-014  (abs)    9.1517904365900904E-012
 par_xsum: difference between integer vector and floating point sums  exceeds tolerance in            1  fields.
   Maximum relative diff: (rel)   3.4586912326422875E-014  (abs)    1.2221335055073723E-011
   Maximum absolute diff: (rel)   3.4586912326422875E-014  (abs)    1.2221335055073723E-011
 par_xsum: difference between integer vector and floating point sums  exceeds tolerance in            2  fields.
   Maximum relative diff: (rel)   2.6039248277128248E-014  (abs)    2.6922908347160046E-015
   Maximum absolute diff: (rel)   2.6039248277128248E-014  (abs)    2.6922908347160046E-015
 par_xsum: difference between integer vector and floating point sums  exceeds tolerance in            2  fields.
   Maximum relative diff: (rel)   1.4314693514407486E-014  (abs)    1.6626700016786344E-012
   Maximum absolute diff: (rel)   1.1465829923152623E-014  (abs)    1.0686562745831907E-011
 par_xsum: difference between integer vector and floating point sums  exceeds tolerance in            1  fields.
   Maximum relative diff: (rel)   5.7978151116412363E-014  (abs)    1.3749001936957939E-012
   Maximum absolute diff: (rel)   5.7978151116412363E-014  (abs)    1.3749001936957939E-012
 par_xsum: difference between integer vector and floating point sums  exceeds tolerance in            1  fields.
   Maximum relative diff: (rel)   1.6682472586563810E-014  (abs)    2.3874235921539366E-012
   Maximum absolute diff: (rel)   1.6682472586563810E-014  (abs)    2.3874235921539366E-012
 par_xsum: difference between integer vector and floating point sums  exceeds tolerance in            1  fields.
   Maximum relative diff: (rel)   4.1211067820462218E-014  (abs)    2.7426949600339867E-012
   Maximum absolute diff: (rel)   4.1211067820462218E-014  (abs)    2.7426949600339867E-012
 par_xsum: difference between integer vector and floating point sums  exceeds tolerance in            1  fields.
   Maximum relative diff: (rel)   1.4427171872890876E-014  (abs)    1.3877787807814457E-015
   Maximum absolute diff: (rel)   1.4427171872890876E-014  (abs)    1.3877787807814457E-015
 par_xsum: difference between integer vector and floating point sums  exceeds tolerance in            1  fields.
   Maximum relative diff: (rel)   5.4331097961284491E-014  (abs)    1.4876988529977098E-013
   Maximum absolute diff: (rel)   5.4331097961284491E-014  (abs)    1.4876988529977098E-013
 par_xsum: difference between integer vector and floating point sums  exceeds tolerance in            2  fields.
   Maximum relative diff: (rel)   1.6316915305614478E-014  (abs)    6.3837823915946501E-015
   Maximum absolute diff: (rel)   1.6316915305614478E-014  (abs)    6.3837823915946501E-015
 par_xsum: difference between integer vector and floating point sums  exceeds tolerance in            1  fields.
   Maximum relative diff: (rel)   2.0665067044739218E-014  (abs)    3.2969182939268649E-011
   Maximum absolute diff: (rel)   2.0665067044739218E-014  (abs)    3.2969182939268649E-011
 par_xsum: difference between integer vector and floating point sums  exceeds tolerance in            2  fields.
   Maximum relative diff: (rel)   3.2795625289022109E-014  (abs)    1.8474111129762605E-013
   Maximum absolute diff: (rel)   1.0176330239282266E-014  (abs)    1.7621459846850485E-012
 par_xsum: difference between integer vector and floating point sums  exceeds tolerance in            3  fields.
   Maximum relative diff: (rel)   3.7979627588164572E-013  (abs)    3.7261860263981816E-015
   Maximum absolute diff: (rel)   1.8004827861253949E-014  (abs)    6.2527760746888816E-013
 par_xsum: difference between integer vector and floating point sums  exceeds tolerance in            3  fields.
   Maximum relative diff: (rel)   2.0037124137730595E-014  (abs)    2.4513724383723456E-013
   Maximum absolute diff: (rel)   1.1023055143833344E-014  (abs)    3.5527136788005009E-013
 par_xsum: difference between integer vector and floating point sums  exceeds tolerance in            2  fields.
   Maximum relative diff: (rel)   2.2927191846116834E-014  (abs)    9.9920072216264089E-016
   Maximum absolute diff: (rel)   2.2927191846116834E-014  (abs)    9.9920072216264089E-016
 par_xsum: difference between integer vector and floating point sums  exceeds tolerance in            1  fields.
   Maximum relative diff: (rel)   4.9592829159722354E-014  (abs)    9.9226182825873366E-016
   Maximum absolute diff: (rel)   4.9592829159722354E-014  (abs)    9.9226182825873366E-016
 par_xsum: difference between integer vector and floating point sums  exceeds tolerance in            1  fields.
   Maximum relative diff: (rel)   1.4924737320720366E-014  (abs)    1.5631940186722204E-013
   Maximum absolute diff: (rel)   1.4924737320720366E-014  (abs)    1.5631940186722204E-013
 par_xsum: difference between integer vector and floating point sums  exceeds tolerance in            1  fields.
   Maximum relative diff: (rel)   2.0095183140329952E-013  (abs)    3.9940273310890007E-014
   Maximum absolute diff: (rel)   2.0095183140329952E-013  (abs)    3.9940273310890007E-014
 par_xsum: difference between integer vector and floating point sums  exceeds tolerance in            2  fields.
   Maximum relative diff: (rel)   1.7261833364304689E-014  (abs)    2.6822988274943782E-013
   Maximum absolute diff: (rel)   1.5933864848974324E-014  (abs)    5.1727511163335294E-012
 par_xsum: difference between integer vector and floating point sums  exceeds tolerance in            1  fields.
   Maximum relative diff: (rel)   2.0505205926453486E-014  (abs)    3.9204750557075840E-016
   Maximum absolute diff: (rel)   2.0505205926453486E-014  (abs)    3.9204750557075840E-016
 par_xsum: difference between integer vector and floating point sums  exceeds tolerance in            1  fields.
   Maximum relative diff: (rel)   1.4170184594043343E-013  (abs)    7.8248518775581033E-013
   Maximum absolute diff: (rel)   1.4170184594043343E-013  (abs)    7.8248518775581033E-013
 par_xsum: difference between integer vector and floating point sums  exceeds tolerance in            1  fields.
   Maximum relative diff: (rel)   1.0155813365755580E-014  (abs)    1.4097167877480388E-011
   Maximum absolute diff: (rel)   1.0155813365755580E-014  (abs)    1.4097167877480388E-011
 par_xsum: difference between integer vector and floating point sums  exceeds tolerance in            2  fields.
   Maximum relative diff: (rel)   9.2724528797869546E-014  (abs)    3.3195668436292181E-014
   Maximum absolute diff: (rel)   9.2724528797869546E-014  (abs)    3.3195668436292181E-014
 par_xsum: difference between integer vector and floating point sums  exceeds tolerance in            1  fields.
   Maximum relative diff: (rel)   1.4637118509761566E-014  (abs)    3.3750779948604759E-013
   Maximum absolute diff: (rel)   1.4637118509761566E-014  (abs)    3.3750779948604759E-013
 par_xsum: difference between integer vector and floating point sums  exceeds tolerance in           17  fields.
   Maximum relative diff: (rel)   1.5217908897243184E-013  (abs)    4.0589753780295723E-013
   Maximum absolute diff: (rel)   6.1112094190917875E-014  (abs)    7.0059513745945878E-012
 par_xsum: difference between integer vector and floating point sums  exceeds tolerance in            2  fields.
   Maximum relative diff: (rel)   4.0258852803602736E-014  (abs)    4.4936314225196838E-008
   Maximum absolute diff: (rel)   4.0258852803602736E-014  (abs)    4.4936314225196838E-008
 par_xsum: difference between integer vector and floating point sums  exceeds tolerance in            2  fields.
   Maximum relative diff: (rel)   1.8823491212534855E-013  (abs)    9.1732177409653559E-015
   Maximum absolute diff: (rel)   1.8823491212534855E-013  (abs)    9.1732177409653559E-015
 par_xsum: difference between integer vector and floating point sums  exceeds tolerance in           11  fields.
   Maximum relative diff: (rel)   2.9352249239589775E-014  (abs)    5.8264504332328215E-013
   Maximum absolute diff: (rel)   2.9352249239589775E-014  (abs)    5.8264504332328215E-013
 par_xsum: difference between integer vector and floating point sums  exceeds tolerance in            1  fields.
   Maximum relative diff: (rel)   5.2121827068362234E-014  (abs)    4.0384362520740069E-015
   Maximum absolute diff: (rel)   5.2121827068362234E-014  (abs)    4.0384362520740069E-015
 par_xsum: difference between integer vector and floating point sums  exceeds tolerance in            2  fields.
   Maximum relative diff: (rel)   3.2264817337332218E-014  (abs)    1.9498291869979312E-015
   Maximum absolute diff: (rel)   1.0268196622094257E-014  (abs)    1.3926637620897964E-012
 par_xsum: difference between integer vector and floating point sums  exceeds tolerance in            1  fields.
   Maximum relative diff: (rel)   2.4354173414160900E-014  (abs)    6.6058269965196814E-015
   Maximum absolute diff: (rel)   2.4354173414160900E-014  (abs)    6.6058269965196814E-015
 par_xsum: difference between integer vector and floating point sums  exceeds tolerance in            1  fields.
   Maximum relative diff: (rel)   1.5797745646995226E-014  (abs)    2.1645973902195692E-010
   Maximum absolute diff: (rel)   1.5797745646995226E-014  (abs)    2.1645973902195692E-010
 par_xsum: difference between integer vector and floating point sums  exceeds tolerance in            3  fields.
   Maximum relative diff: (rel)   2.3767715539292859E-014  (abs)    3.8426151149906218E-011
   Maximum absolute diff: (rel)   2.3767715539292859E-014  (abs)    3.8426151149906218E-011
 par_xsum: difference between integer vector and floating point sums  exceeds tolerance in            2  fields.
   Maximum relative diff: (rel)   3.7456488773160118E-014  (abs)    3.8814437774981059E-017
   Maximum absolute diff: (rel)   2.1266401236753596E-014  (abs)    5.5944832100252029E-017
 par_xsum: difference between integer vector and floating point sums  exceeds tolerance in            1  fields.
   Maximum relative diff: (rel)   8.5596071434196000E-014  (abs)    4.3888503942213219E-016
   Maximum absolute diff: (rel)   8.5596071434196000E-014  (abs)    4.3888503942213219E-016
 par_xsum: difference between integer vector and floating point sums  exceeds tolerance in            6  fields.
   Maximum relative diff: (rel)   4.6275688298055530E-013  (abs)    2.2657431486550195E-012
   Maximum absolute diff: (rel)   1.2541982333879166E-014  (abs)    2.9394868761301041E-009
 par_xsum: difference between integer vector and floating point sums  exceeds tolerance in            1  fields.
   Maximum relative diff: (rel)   2.1972210479394221E-014  (abs)    5.2224891078367364E-013
   Maximum absolute diff: (rel)   2.1972210479394221E-014  (abs)    5.2224891078367364E-013
 par_xsum: difference between integer vector and floating point sums  exceeds tolerance in            1  fields.
   Maximum relative diff: (rel)   3.1477857343052311E-014  (abs)    6.8922645368729718E-013
   Maximum absolute diff: (rel)   3.1477857343052311E-014  (abs)    6.8922645368729718E-013
 par_xsum: difference between integer vector and floating point sums  exceeds tolerance in            1  fields.
   Maximum relative diff: (rel)   1.0425240011253326E-014  (abs)    3.2418512319054571E-014
   Maximum absolute diff: (rel)   1.0425240011253326E-014  (abs)    3.2418512319054571E-014
 par_xsum: difference between integer vector and floating point sums  exceeds tolerance in            9  fields.
   Maximum relative diff: (rel)   3.0393998520584215E-014  (abs)    7.7022832556394860E-012
   Maximum absolute diff: (rel)   3.0393998520584215E-014  (abs)    7.7022832556394860E-012
 par_xsum: difference between integer vector and floating point sums  exceeds tolerance in            2  fields.
   Maximum relative diff: (rel)   2.0727233898765458E-014  (abs)    1.2164491636212915E-011
   Maximum absolute diff: (rel)   2.0727233898765458E-014  (abs)    1.2164491636212915E-011
 par_xsum: difference between integer vector and floating point sums  exceeds tolerance in            3  fields.
   Maximum relative diff: (rel)   5.8824829386422496E-014  (abs)    1.8607337892717624E-013
   Maximum absolute diff: (rel)   1.2305242888814833E-014  (abs)    2.6290081223123707E-013
 par_xsum: difference between integer vector and floating point sums  exceeds tolerance in            1  fields.
   Maximum relative diff: (rel)   7.0447806585191935E-014  (abs)    9.0483176506950258E-015
   Maximum absolute diff: (rel)   7.0447806585191935E-014  (abs)    9.0483176506950258E-015
 par_xsum: difference between integer vector and floating point sums  exceeds tolerance in            2  fields.
   Maximum relative diff: (rel)   2.2646922656571424E-013  (abs)    4.3698378249246161E-013
   Maximum absolute diff: (rel)   1.2655448732607145E-014  (abs)    9.5496943686157465E-012
 par_xsum: difference between integer vector and floating point sums  exceeds tolerance in            2  fields.
   Maximum relative diff: (rel)   1.5019400761499204E-014  (abs)    5.7980287238024175E-012
   Maximum absolute diff: (rel)   1.5019400761499204E-014  (abs)    5.7980287238024175E-012
 par_xsum: difference between integer vector and floating point sums  exceeds tolerance in            4  fields.
   Maximum relative diff: (rel)   1.9774391400283670E-014  (abs)    3.0010716134398763E-016
   Maximum absolute diff: (rel)   1.9501273599853979E-014  (abs)    1.9290125052862095E-015
 par_xsum: difference between integer vector and floating point sums  exceeds tolerance in            1  fields.
   Maximum relative diff: (rel)   1.1863534805014051E-014  (abs)    2.5934809855243657E-013
   Maximum absolute diff: (rel)   1.1863534805014051E-014  (abs)    2.5934809855243657E-013
 par_xsum: difference between integer vector and floating point sums  exceeds tolerance in            1  fields.
   Maximum relative diff: (rel)   1.9471593900471021E-014  (abs)    6.3837823915946501E-016
   Maximum absolute diff: (rel)   1.9471593900471021E-014  (abs)    6.3837823915946501E-016
 par_xsum: difference between integer vector and floating point sums  exceeds tolerance in            3  fields.
   Maximum relative diff: (rel)   1.8943165103250909E-014  (abs)    9.0594198809412774E-014
   Maximum absolute diff: (rel)   1.4742291268216169E-014  (abs)    1.8296475445822580E-013
 par_xsum: difference between integer vector and floating point sums  exceeds tolerance in            2  fields.
   Maximum relative diff: (rel)   2.2551872737328405E-014  (abs)    6.2172489379008766E-013
   Maximum absolute diff: (rel)   2.2551872737328405E-014  (abs)    6.2172489379008766E-013
 par_xsum: difference between integer vector and floating point sums  exceeds tolerance in            1  fields.
   Maximum relative diff: (rel)   1.3479208752692523E-014  (abs)    4.9737991503207013E-013
   Maximum absolute diff: (rel)   1.3479208752692523E-014  (abs)    4.9737991503207013E-013
 par_xsum: difference between integer vector and floating point sums  exceeds tolerance in            1  fields.
   Maximum relative diff: (rel)   3.4411010008887474E-014  (abs)    3.8580250105724190E-015
   Maximum absolute diff: (rel)   3.4411010008887474E-014  (abs)    3.8580250105724190E-015
 par_xsum: difference between integer vector and floating point sums  exceeds tolerance in            1  fields.
   Maximum relative diff: (rel)   2.0184194655732368E-014  (abs)    1.1795009413617663E-012
   Maximum absolute diff: (rel)   2.0184194655732368E-014  (abs)    1.1795009413617663E-012
 par_xsum: difference between integer vector and floating point sums  exceeds tolerance in            2  fields.
   Maximum relative diff: (rel)   4.4203946416898120E-014  (abs)    2.1163626406917047E-016
   Maximum absolute diff: (rel)   1.0322166190299875E-014  (abs)    5.2041704279304213E-016
 par_xsum: difference between integer vector and floating point sums  exceeds tolerance in            7  fields.
   Maximum relative diff: (rel)   6.6299212419465122E-013  (abs)    1.0075273948473296E-013
   Maximum absolute diff: (rel)   1.1595310686193485E-014  (abs)    5.4001247917767614E-013
 par_xsum: difference between integer vector and floating point sums  exceeds tolerance in            2  fields.
   Maximum relative diff: (rel)   4.0452047896718680E-014  (abs)    1.2836953722228372E-015
   Maximum absolute diff: (rel)   2.6978510582301343E-014  (abs)    1.6583956430338276E-015
 par_xsum: difference between integer vector and floating point sums  exceeds tolerance in            2  fields.
   Maximum relative diff: (rel)   2.9026764065889467E-014  (abs)    1.9255430583342559E-016
   Maximum absolute diff: (rel)   2.9026764065889467E-014  (abs)    1.9255430583342559E-016
 par_xsum: difference between integer vector and floating point sums  exceeds tolerance in            3  fields.
   Maximum relative diff: (rel)   1.7283301273802107E-013  (abs)    2.2659825404947043E-016
   Maximum absolute diff: (rel)   2.8780242080861978E-014  (abs)    1.2212453270876722E-015
 par_xsum: difference between integer vector and floating point sums  exceeds tolerance in            1  fields.
   Maximum relative diff: (rel)   1.0707318281805270E-014  (abs)    2.8421709430404007E-012
   Maximum absolute diff: (rel)   1.0707318281805270E-014  (abs)    2.8421709430404007E-012
 par_xsum: difference between integer vector and floating point sums  exceeds tolerance in            3  fields.
   Maximum relative diff: (rel)   4.1039737445175367E-014  (abs)    1.2378986724570495E-014
   Maximum absolute diff: (rel)   4.1039737445175367E-014  (abs)    1.2378986724570495E-014
 par_xsum: difference between integer vector and floating point sums  exceeds tolerance in            1  fields.
   Maximum relative diff: (rel)   1.1785319425876422E-014  (abs)    1.7097434579227411E-014
   Maximum absolute diff: (rel)   1.1785319425876422E-014  (abs)    1.7097434579227411E-014
 par_xsum: difference between integer vector and floating point sums  exceeds tolerance in            3  fields.
   Maximum relative diff: (rel)   7.7337538861253752E-014  (abs)    2.9420910152566648E-014
   Maximum absolute diff: (rel)   1.2531101029065798E-014  (abs)    1.7621459846850485E-012
 par_xsum: difference between integer vector and floating point sums  exceeds tolerance in            4  fields.
   Maximum relative diff: (rel)   4.9659295756504299E-013  (abs)    1.4415135751733033E-012
   Maximum absolute diff: (rel)   4.9659295756504299E-013  (abs)    1.4415135751733033E-012
 par_xsum: difference between integer vector and floating point sums  exceeds tolerance in            1  fields.
   Maximum relative diff: (rel)   1.0108483320839147E-013  (abs)    1.8349055608268827E-010
   Maximum absolute diff: (rel)   1.0108483320839147E-013  (abs)    1.8349055608268827E-010
 par_xsum: difference between integer vector and floating point sums  exceeds tolerance in            3  fields.
   Maximum relative diff: (rel)   1.1281753084109417E-013  (abs)    2.7193891583010554E-010
   Maximum absolute diff: (rel)   1.1281753084109417E-013  (abs)    2.7193891583010554E-010
 par_xsum: difference between integer vector and floating point sums  exceeds tolerance in            1  fields.
   Maximum relative diff: (rel)   5.3672325075882478E-014  (abs)    1.0408340855860843E-015
   Maximum absolute diff: (rel)   5.3672325075882478E-014  (abs)    1.0408340855860843E-015
 par_xsum: difference between integer vector and floating point sums  exceeds tolerance in            1  fields.
   Maximum relative diff: (rel)   1.3172372832895127E-014  (abs)    4.5796699765787707E-016
   Maximum absolute diff: (rel)   1.3172372832895127E-014  (abs)    4.5796699765787707E-016
 par_xsum: difference between integer vector and floating point sums  exceeds tolerance in            1  fields.
   Maximum relative diff: (rel)   1.7611701463176415E-014  (abs)    1.2490009027033011E-015
   Maximum absolute diff: (rel)   1.7611701463176415E-014  (abs)    1.2490009027033011E-015
 par_xsum: difference between integer vector and floating point sums  exceeds tolerance in            1  fields.
   Maximum relative diff: (rel)   1.0512906251339749E-014  (abs)    4.0472514228895307E-011
   Maximum absolute diff: (rel)   1.0512906251339749E-014  (abs)    4.0472514228895307E-011
 par_xsum: difference between integer vector and floating point sums  exceeds tolerance in            1  fields.
   Maximum relative diff: (rel)   2.9763861712691970E-014  (abs)    6.2527760746888816E-013
   Maximum absolute diff: (rel)   2.9763861712691970E-014  (abs)    6.2527760746888816E-013
 par_xsum: difference between integer vector and floating point sums  exceeds tolerance in            2  fields.
   Maximum relative diff: (rel)   4.3383595561393674E-014  (abs)    7.3612227424746379E-012
   Maximum absolute diff: (rel)   4.3383595561393674E-014  (abs)    7.3612227424746379E-012
 par_xsum: difference between integer vector and floating point sums  exceeds tolerance in            1  fields.
 par_xsum: difference between integer vector and floating point sums  exceeds tolerance in            1  fields.
   Maximum relative diff: (rel)   6.7346283461386901E-014  (abs)    8.8373752760162461E-014
   Maximum absolute diff: (rel)   6.7346283461386901E-014  (abs)    8.8373752760162461E-014
   Maximum relative diff: (rel)   1.0767548151172818E-014  (abs)    3.6237679523765109E-013
   Maximum absolute diff: (rel)   1.0767548151172818E-014  (abs)    3.6237679523765109E-013
 par_xsum: difference between integer vector and floating point sums  exceeds tolerance in            1  fields.
   Maximum relative diff: (rel)   3.0624676902104473E-014  (abs)    4.4053649617126212E-012
   Maximum absolute diff: (rel)   3.0624676902104473E-014  (abs)    4.4053649617126212E-012
 par_xsum: difference between integer vector and floating point sums  exceeds tolerance in            1  fields.
   Maximum relative diff: (rel)   1.4393340199753399E-014  (abs)    7.0343730840249918E-013
   Maximum absolute diff: (rel)   1.4393340199753399E-014  (abs)    7.0343730840249918E-013
 par_xsum: difference between integer vector and floating point sums  exceeds tolerance in            1  fields.
   Maximum relative diff: (rel)   1.7417228370831269E-014  (abs)    1.2767564783189300E-014
   Maximum absolute diff: (rel)   1.7417228370831269E-014  (abs)    1.2767564783189300E-014
 par_xsum: difference between integer vector and floating point sums  exceeds tolerance in            1  fields.
   Maximum relative diff: (rel)   2.6477543647683220E-014  (abs)    2.0816681711721685E-015
   Maximum absolute diff: (rel)   2.6477543647683220E-014  (abs)    2.0816681711721685E-015
 par_xsum: difference between integer vector and floating point sums  exceeds tolerance in            1  fields.
   Maximum relative diff: (rel)   7.3685174578635745E-014  (abs)    2.5863755581667647E-012
   Maximum absolute diff: (rel)   7.3685174578635745E-014  (abs)    2.5863755581667647E-012
 par_xsum: difference between integer vector and floating point sums  exceeds tolerance in            2  fields.
   Maximum relative diff: (rel)   1.1895120489158269E-014  (abs)    1.1723955140041653E-013
   Maximum absolute diff: (rel)   1.1895120489158269E-014  (abs)    1.1723955140041653E-013
 par_xsum: difference between integer vector and floating point sums  exceeds tolerance in            1  fields.
   Maximum relative diff: (rel)   1.5360737920096411E-014  (abs)    1.7763568394002505E-012
   Maximum absolute diff: (rel)   1.5360737920096411E-014  (abs)    1.7763568394002505E-012
 par_xsum: difference between integer vector and floating point sums  exceeds tolerance in            2  fields.
   Maximum relative diff: (rel)   3.0006396948788224E-014  (abs)    1.3944401189291966E-013
   Maximum absolute diff: (rel)   1.1764766244163944E-014  (abs)    2.7739588404074311E-011
 par_xsum: difference between integer vector and floating point sums  exceeds tolerance in            3  fields.
   Maximum relative diff: (rel)   3.9385560534135050E-014  (abs)    1.0436096431476471E-013
   Maximum absolute diff: (rel)   3.9385560534135050E-014  (abs)    1.0436096431476471E-013
 par_xsum: difference between integer vector and floating point sums  exceeds tolerance in            2  fields.
   Maximum relative diff: (rel)   1.2114516738269119E-014  (abs)    4.8572257327350599E-016
   Maximum absolute diff: (rel)   1.0617817276188240E-014  (abs)    4.1300296516055823E-014
 par_xsum: difference between integer vector and floating point sums  exceeds tolerance in            2  fields.
   Maximum relative diff: (rel)   1.8697076748803837E-014  (abs)    1.9602375278537920E-016
   Maximum absolute diff: (rel)   1.2992498315424125E-014  (abs)    1.3600232051658168E-015
 par_xsum: difference between integer vector and floating point sums  exceeds tolerance in            1  fields.
   Maximum relative diff: (rel)   1.8607524141138951E-014  (abs)    2.8405338525772095E-008
   Maximum absolute diff: (rel)   1.8607524141138951E-014  (abs)    2.8405338525772095E-008
 par_xsum: difference between integer vector and floating point sums  exceeds tolerance in            2  fields.
   Maximum relative diff: (rel)   2.2447068945572219E-014  (abs)    7.3718808835110394E-014
   Maximum absolute diff: (rel)   2.2107819395837665E-014  (abs)    3.2862601528904634E-013
 par_xsum: difference between integer vector and floating point sums  exceeds tolerance in            1  fields.
   Maximum relative diff: (rel)   1.2967431512305374E-014  (abs)    9.8587804586713901E-014
   Maximum absolute diff: (rel)   1.2967431512305374E-014  (abs)    9.8587804586713901E-014
 par_xsum: difference between integer vector and floating point sums  exceeds tolerance in            2  fields.
   Maximum relative diff: (rel)   8.3382791399127709E-013  (abs)    9.2263974238449009E-012
   Maximum absolute diff: (rel)   8.3382791399127709E-013  (abs)    9.2263974238449009E-012
 par_xsum: difference between integer vector and floating point sums  exceeds tolerance in            2  fields.
   Maximum relative diff: (rel)   1.5107764378859427E-014  (abs)    6.7643668444361538E-012
   Maximum absolute diff: (rel)   1.4046551677961572E-014  (abs)    7.2759576141834259E-012
 par_xsum: difference between integer vector and floating point sums  exceeds tolerance in            4  fields.
   Maximum relative diff: (rel)   5.5814210077263073E-014  (abs)    2.5465740627339528E-015
   Maximum absolute diff: (rel)   1.3492452175754945E-014  (abs)    4.5297099404706387E-014
 par_xsum: difference between integer vector and floating point sums  exceeds tolerance in           21  fields.
   Maximum relative diff: (rel)   2.3921235425589831E-013  (abs)    4.9737991503207013E-013
   Maximum absolute diff: (rel)   1.6274343859326881E-014  (abs)    8.2422957348171622E-012
 par_xsum: difference between integer vector and floating point sums  exceeds tolerance in            3  fields.
   Maximum relative diff: (rel)   4.7111018839310006E-014  (abs)    3.1419311596891930E-014
   Maximum absolute diff: (rel)   3.9301122171397564E-014  (abs)    1.1146639167236572E-013
 par_xsum: difference between integer vector and floating point sums  exceeds tolerance in            1  fields.
   Maximum relative diff: (rel)   2.9015285956842886E-014  (abs)    1.4571677198205180E-015
   Maximum absolute diff: (rel)   2.9015285956842886E-014  (abs)    1.4571677198205180E-015
 par_xsum: difference between integer vector and floating point sums  exceeds tolerance in            1  fields.
   Maximum relative diff: (rel)   2.0161020281285801E-014  (abs)    5.1514348342607263E-014
   Maximum absolute diff: (rel)   2.0161020281285801E-014  (abs)    5.1514348342607263E-014
 par_xsum: difference between integer vector and floating point sums  exceeds tolerance in            9  fields.
   Maximum relative diff: (rel)   9.5430293633927293E-014  (abs)    5.4534154969587689E-013
   Maximum absolute diff: (rel)   1.4762714176993218E-014  (abs)    7.3896444519050419E-013
 par_xsum: difference between integer vector and floating point sums  exceeds tolerance in            2  fields.
   Maximum relative diff: (rel)   2.0171114095673453E-014  (abs)    1.2989609388114332E-014
   Maximum absolute diff: (rel)   2.0171114095673453E-014  (abs)    1.2989609388114332E-014
 par_xsum: difference between integer vector and floating point sums  exceeds tolerance in            1  fields.
   Maximum relative diff: (rel)   1.1745944676435646E-014  (abs)    2.6020852139652106E-016
   Maximum absolute diff: (rel)   1.1745944676435646E-014  (abs)    2.6020852139652106E-016
 par_xsum: difference between integer vector and floating point sums  exceeds tolerance in            3  fields.
   Maximum relative diff: (rel)   2.5561003740327538E-014  (abs)    1.9667822925839573E-011
   Maximum absolute diff: (rel)   2.5561003740327538E-014  (abs)    1.9667822925839573E-011
 par_xsum: difference between integer vector and floating point sums  exceeds tolerance in            8  fields.
   Maximum relative diff: (rel)   1.1136871024763047E-013  (abs)    1.0222720447927713E-009
   Maximum absolute diff: (rel)   1.0405927459735696E-014  (abs)    4.9476511776447296E-009
 par_xsum: difference between integer vector and floating point sums  exceeds tolerance in            1  fields.
   Maximum relative diff: (rel)   1.4503650913808755E-014  (abs)    4.0927261579781771E-011
   Maximum absolute diff: (rel)   1.4503650913808755E-014  (abs)    4.0927261579781771E-011
 par_xsum: difference between integer vector and floating point sums  exceeds tolerance in            1  fields.
   Maximum relative diff: (rel)   1.2107329271214770E-014  (abs)    1.1518563880485999E-015
   Maximum absolute diff: (rel)   1.2107329271214770E-014  (abs)    1.1518563880485999E-015
 par_xsum: difference between integer vector and floating point sums  exceeds tolerance in            1  fields.
   Maximum relative diff: (rel)   1.1627363535478508E-014  (abs)    1.5454304502782179E-013
   Maximum absolute diff: (rel)   1.1627363535478508E-014  (abs)    1.5454304502782179E-013
 par_xsum: difference between integer vector and floating point sums  exceeds tolerance in            3  fields.
   Maximum relative diff: (rel)   5.4248647299165142E-014  (abs)    3.5527136788005009E-013
   Maximum absolute diff: (rel)   1.1711419672467281E-014  (abs)    5.1727511163335294E-012
 par_xsum: difference between integer vector and floating point sums  exceeds tolerance in            1  fields.
   Maximum relative diff: (rel)   1.0481384124942043E-014  (abs)    6.9348971010185778E-012
   Maximum absolute diff: (rel)   1.0481384124942043E-014  (abs)    6.9348971010185778E-012
 par_xsum: difference between integer vector and floating point sums  exceeds tolerance in            1  fields.
   Maximum relative diff: (rel)   1.0891935197406319E-014  (abs)    3.5971225997855072E-014
   Maximum absolute diff: (rel)   1.0891935197406319E-014  (abs)    3.5971225997855072E-014
 par_xsum: difference between integer vector and floating point sums  exceeds tolerance in            1  fields.
   Maximum relative diff: (rel)   2.0625293667523292E-014  (abs)    7.5495165674510645E-014
   Maximum absolute diff: (rel)   2.0625293667523292E-014  (abs)    7.5495165674510645E-014
 par_xsum: difference between integer vector and floating point sums  exceeds tolerance in            7  fields.
   Maximum relative diff: (rel)   4.9301371746265182E-014  (abs)    3.2684965844964609E-013
   Maximum absolute diff: (rel)   3.4418844441158344E-014  (abs)    2.2311041902867146E-012
 par_xsum: difference between integer vector and floating point sums  exceeds tolerance in            3  fields.
   Maximum relative diff: (rel)   1.6860963191597063E-013  (abs)    3.8510861166685117E-015
   Maximum absolute diff: (rel)   1.7430681600856266E-014  (abs)    6.9388939039072284E-015
 par_xsum: difference between integer vector and floating point sums  exceeds tolerance in            1  fields.
   Maximum relative diff: (rel)   3.2345851976072181E-014  (abs)    3.3167912860676552E-015
   Maximum absolute diff: (rel)   3.2345851976072181E-014  (abs)    3.3167912860676552E-015
 par_xsum: difference between integer vector and floating point sums  exceeds tolerance in            1  fields.
   Maximum relative diff: (rel)   2.9066171142658582E-014  (abs)    4.1389114358025836E-013
   Maximum absolute diff: (rel)   2.9066171142658582E-014  (abs)    4.1389114358025836E-013
 par_xsum: difference between integer vector and floating point sums  exceeds tolerance in            2  fields.
   Maximum relative diff: (rel)   3.5619478485200117E-014  (abs)    7.5317529990570620E-013
   Maximum absolute diff: (rel)   3.5619478485200117E-014  (abs)    7.5317529990570620E-013
 par_xsum: difference between integer vector and floating point sums  exceeds tolerance in            3  fields.
   Maximum relative diff: (rel)   1.7942776401094711E-014  (abs)    2.1316282072803006E-014
   Maximum absolute diff: (rel)   1.0746079253582248E-014  (abs)    1.4921397450962104E-013
 par_xsum: difference between integer vector and floating point sums  exceeds tolerance in            2  fields.
   Maximum relative diff: (rel)   7.3395356651997989E-013  (abs)    1.4266365866433262E-013
   Maximum absolute diff: (rel)   1.2977019399333719E-014  (abs)    6.9849193096160889E-010
 par_xsum: difference between integer vector and floating point sums  exceeds tolerance in            3  fields.
   Maximum relative diff: (rel)   5.5534580469194701E-013  (abs)    2.4737156767429269E-015
   Maximum absolute diff: (rel)   5.5534580469194701E-013  (abs)    2.4737156767429269E-015
 par_xsum: difference between integer vector and floating point sums  exceeds tolerance in            1  fields.
   Maximum relative diff: (rel)   1.1979284307076900E-014  (abs)    1.1350493878126144E-009
   Maximum absolute diff: (rel)   1.1979284307076900E-014  (abs)    1.1350493878126144E-009
 par_xsum: difference between integer vector and floating point sums  exceeds tolerance in            1  fields.
   Maximum relative diff: (rel)   1.6206565968933529E-014  (abs)    1.0824674490095276E-015
   Maximum absolute diff: (rel)   1.6206565968933529E-014  (abs)    1.0824674490095276E-015
 par_xsum: difference between integer vector and floating point sums  exceeds tolerance in            1  fields.
   Maximum relative diff: (rel)   1.3287442101830062E-014  (abs)    9.1593399531575415E-016
   Maximum absolute diff: (rel)   1.3287442101830062E-014  (abs)    9.1593399531575415E-016
 par_xsum: difference between integer vector and floating point sums  exceeds tolerance in            1  fields.
   Maximum relative diff: (rel)   1.4933850388135283E-014  (abs)    5.6274984672199935E-012
   Maximum absolute diff: (rel)   1.4933850388135283E-014  (abs)    5.6274984672199935E-012
 par_xsum: difference between integer vector and floating point sums  exceeds tolerance in            3  fields.
   Maximum relative diff: (rel)   1.5278012099517950E-014  (abs)    3.2741809263825417E-010
   Maximum absolute diff: (rel)   1.5278012099517950E-014  (abs)    3.2741809263825417E-010
 par_xsum: difference between integer vector and floating point sums  exceeds tolerance in            3  fields.
   Maximum relative diff: (rel)   2.1331103287126313E-014  (abs)    1.6164847238542279E-013
   Maximum absolute diff: (rel)   2.1331103287126313E-014  (abs)    1.6164847238542279E-013
 par_xsum: difference between integer vector and floating point sums  exceeds tolerance in            1  fields.
   Maximum relative diff: (rel)   2.3257388876384496E-014  (abs)    6.7146288529329468E-013
   Maximum absolute diff: (rel)   2.3257388876384496E-014  (abs)    6.7146288529329468E-013
 par_xsum: difference between integer vector and floating point sums  exceeds tolerance in            2  fields.
   Maximum relative diff: (rel)   4.9612119622257704E-014  (abs)    6.9055872131684737E-014
   Maximum absolute diff: (rel)   4.9612119622257704E-014  (abs)    6.9055872131684737E-014
 par_xsum: difference between integer vector and floating point sums  exceeds tolerance in            2  fields.
   Maximum relative diff: (rel)   2.4088809886866600E-014  (abs)    6.6613381477509392E-014
   Maximum absolute diff: (rel)   1.2597203675699029E-014  (abs)    1.3500311979441904E-013
 par_xsum: difference between integer vector and floating point sums  exceeds tolerance in            2  fields.
   Maximum relative diff: (rel)   1.4729639680793297E-013  (abs)    8.8284934918192448E-013
   Maximum absolute diff: (rel)   9.6054393487911874E-014  (abs)    2.5975168682634830E-009
 par_xsum: difference between integer vector and floating point sums  exceeds tolerance in            4  fields.
   Maximum relative diff: (rel)   1.0212120350480127E-013  (abs)    1.3500311979441904E-013
   Maximum absolute diff: (rel)   3.0541806686143376E-014  (abs)    1.6342482922482304E-013
 par_xsum: difference between integer vector and floating point sums  exceeds tolerance in            1  fields.
   Maximum relative diff: (rel)   1.5125912612686535E-014  (abs)    9.8532293435482643E-016
   Maximum absolute diff: (rel)   1.5125912612686535E-014  (abs)    9.8532293435482643E-016
 par_xsum: difference between integer vector and floating point sums  exceeds tolerance in            2  fields.
   Maximum relative diff: (rel)   3.6620161106874865E-014  (abs)    4.1922021409845911E-013
   Maximum absolute diff: (rel)   3.6620161106874865E-014  (abs)    4.1922021409845911E-013
 par_xsum: difference between integer vector and floating point sums  exceeds tolerance in            1  fields.
   Maximum relative diff: (rel)   4.8810253949882058E-014  (abs)    6.6266436782314031E-016
   Maximum absolute diff: (rel)   4.8810253949882058E-014  (abs)    6.6266436782314031E-016
 par_xsum: difference between integer vector and floating point sums  exceeds tolerance in            1  fields.
   Maximum relative diff: (rel)   2.2487051433784898E-013  (abs)    3.0002667017470230E-012
   Maximum absolute diff: (rel)   2.2487051433784898E-013  (abs)    3.0002667017470230E-012
 par_xsum: difference between integer vector and floating point sums  exceeds tolerance in            1  fields.
   Maximum relative diff: (rel)   2.2392987934795608E-014  (abs)    2.5920599000528455E-011
   Maximum absolute diff: (rel)   2.2392987934795608E-014  (abs)    2.5920599000528455E-011
 par_xsum: difference between integer vector and floating point sums  exceeds tolerance in            1  fields.
   Maximum relative diff: (rel)   9.3921477003270287E-014  (abs)    4.7875801101326942E-009
   Maximum absolute diff: (rel)   9.3921477003270287E-014  (abs)    4.7875801101326942E-009
 par_xsum: difference between integer vector and floating point sums  exceeds tolerance in            1  fields.
   Maximum relative diff: (rel)   5.5383940347579900E-014  (abs)    1.1622647289044608E-015
   Maximum absolute diff: (rel)   5.5383940347579900E-014  (abs)    1.1622647289044608E-015
 par_xsum: difference between integer vector and floating point sums  exceeds tolerance in            1  fields.
   Maximum relative diff: (rel)   1.0488160496046123E-014  (abs)    8.6686213762732223E-013
   Maximum absolute diff: (rel)   1.0488160496046123E-014  (abs)    8.6686213762732223E-013
 par_xsum: difference between integer vector and floating point sums  exceeds tolerance in            1  fields.
   Maximum relative diff: (rel)   1.6515710814065142E-014  (abs)    1.1990408665951691E-013
   Maximum absolute diff: (rel)   1.6515710814065142E-014  (abs)    1.1990408665951691E-013
 par_xsum: difference between integer vector and floating point sums  exceeds tolerance in            1  fields.
   Maximum relative diff: (rel)   6.0635597428160667E-014  (abs)    1.7097434579227411E-013
   Maximum absolute diff: (rel)   6.0635597428160667E-014  (abs)    1.7097434579227411E-013
 par_xsum: difference between integer vector and floating point sums  exceeds tolerance in            1  fields.
   Maximum relative diff: (rel)   6.9290490481896586E-014  (abs)    3.9701575360595598E-013
   Maximum absolute diff: (rel)   6.9290490481896586E-014  (abs)    3.9701575360595598E-013
 par_xsum: difference between integer vector and floating point sums  exceeds tolerance in            1  fields.
   Maximum relative diff: (rel)   4.5108436673654064E-013  (abs)    1.1062262217365060E-012
   Maximum absolute diff: (rel)   4.5108436673654064E-013  (abs)    1.1062262217365060E-012
 par_xsum: difference between integer vector and floating point sums  exceeds tolerance in            3  fields.
   Maximum relative diff: (rel)   1.6226978108432025E-013  (abs)    2.7235158572835871E-015
   Maximum absolute diff: (rel)   1.6226978108432025E-013  (abs)    2.7235158572835871E-015
 par_xsum: difference between integer vector and floating point sums  exceeds tolerance in            6  fields.
   Maximum relative diff: (rel)   1.6809107940829081E-013  (abs)    9.4257934790675790E-014
   Maximum absolute diff: (rel)   2.0160945343547264E-014  (abs)    2.2026824808563106E-013
 par_xsum: difference between integer vector and floating point sums  exceeds tolerance in            2  fields.
   Maximum relative diff: (rel)   1.6407576226840813E-014  (abs)    7.4942363426089287E-010
   Maximum absolute diff: (rel)   1.1973686007943344E-014  (abs)    1.7927959561347961E-008
 par_xsum: difference between integer vector and floating point sums  exceeds tolerance in          122  fields.
   Maximum relative diff: (rel)   2.6020074983534869E-011  (abs)    2.6020074983534869E-011
   Maximum absolute diff: (rel)   2.6020074983534869E-011  (abs)    2.6020074983534869E-011
 par_xsum: difference between integer vector and floating point sums  exceeds tolerance in          119  fields.
   Maximum relative diff: (rel)   1.6029844118747860E-011  (abs)    1.6029844118747860E-011
   Maximum absolute diff: (rel)   1.6029844118747860E-011  (abs)    1.6029844118747860E-011
 par_xsum: difference between integer vector and floating point sums  exceeds tolerance in            3  fields.
   Maximum relative diff: (rel)   2.2041375968042590E-014  (abs)    7.1942451995710144E-014
   Maximum absolute diff: (rel)   2.2041375968042590E-014  (abs)    7.1942451995710144E-014
 par_xsum: difference between integer vector and floating point sums  exceeds tolerance in            2  fields.
   Maximum relative diff: (rel)   2.1408711678858001E-013  (abs)    3.9701575360595598E-013
   Maximum absolute diff: (rel)   2.1408711678858001E-013  (abs)    3.9701575360595598E-013
 par_xsum: difference between integer vector and floating point sums  exceeds tolerance in            4  fields.
   Maximum relative diff: (rel)   4.7760460282868736E-014  (abs)    1.3877787807814457E-015
   Maximum absolute diff: (rel)   4.7760460282868736E-014  (abs)    1.3877787807814457E-015
 par_xsum: difference between integer vector and floating point sums  exceeds tolerance in           11  fields.
   Maximum relative diff: (rel)  0.99200449747017305       (abs)    3.2071424091686115E-024
   Maximum absolute diff: (rel)  0.68727943970899619       (abs)    1.3089099217885972E-021
 par_xsum: difference between integer vector and floating point sums  exceeds tolerance in           14  fields.
   Maximum relative diff: (rel)   2.0914019622241530E-013  (abs)    1.0447198661722723E-013
   Maximum absolute diff: (rel)   5.4034347817207276E-014  (abs)    1.2896350654045818E-012
 par_xsum: difference between integer vector and floating point sums  exceeds tolerance in          127  fields.
   Maximum relative diff: (rel)  0.97725657427149959       (abs)    7.8159700933611020E-011
   Maximum absolute diff: (rel)   4.1327439248561859E-009  (abs)    4.1327439248561859E-009
 par_xsum: difference between integer vector and floating point sums  exceeds tolerance in            2  fields.
   Maximum relative diff: (rel)   2.2240884807623826E-014  (abs)    1.9744038581848145E-007
   Maximum absolute diff: (rel)   2.2240884807623826E-014  (abs)    1.9744038581848145E-007
 par_xsum: difference between integer vector and floating point sums  exceeds tolerance in           21  fields.
   Maximum relative diff: (rel)  0.97866894197952214       (abs)    3.6192938331540022E-027
   Maximum absolute diff: (rel)  0.97866894197952214       (abs)    3.6192938331540022E-027
 par_xsum: difference between integer vector and floating point sums  exceeds tolerance in            1  fields.
   Maximum relative diff: (rel)   1.6388520679900403E-014  (abs)    3.8653524825349450E-011
   Maximum absolute diff: (rel)   1.6388520679900403E-014  (abs)    3.8653524825349450E-011
 par_xsum: difference between integer vector and floating point sums  exceeds tolerance in            1  fields.
   Maximum relative diff: (rel)   2.1185910984069131E-014  (abs)    5.4622972811557702E-014
   Maximum absolute diff: (rel)   2.1185910984069131E-014  (abs)    5.4622972811557702E-014
 par_xsum: difference between integer vector and floating point sums  exceeds tolerance in            2  fields.
   Maximum relative diff: (rel)   1.5939069859766440E-014  (abs)    1.0658141036401503E-013
   Maximum absolute diff: (rel)   1.5939069859766440E-014  (abs)    1.0658141036401503E-013
 par_xsum: difference between integer vector and floating point sums  exceeds tolerance in            4  fields.
   Maximum relative diff: (rel)   8.2771001039293414E-014  (abs)    2.1627144519698049E-013
   Maximum absolute diff: (rel)   1.2225891875229651E-014  (abs)    8.6401996668428183E-012
 par_xsum: difference between integer vector and floating point sums  exceeds tolerance in           15  fields.
   Maximum relative diff: (rel)   1.1441283427494864E-013  (abs)    4.5901060730102472E-012
   Maximum absolute diff: (rel)   4.7551205580244942E-014  (abs)    5.9685589803848416E-012
 par_xsum: difference between integer vector and floating point sums  exceeds tolerance in            4  fields.
   Maximum relative diff: (rel)   7.1259165053176353E-014  (abs)    3.1398494915180208E-016
   Maximum absolute diff: (rel)   5.0862465810117647E-014  (abs)    1.0769163338864018E-014
 par_xsum: difference between integer vector and floating point sums  exceeds tolerance in            2  fields.
   Maximum relative diff: (rel)   2.1194165024026580E-013  (abs)    8.2245321664231597E-013
   Maximum absolute diff: (rel)   2.1194165024026580E-013  (abs)    8.2245321664231597E-013
 par_xsum: difference between integer vector and floating point sums  exceeds tolerance in            1  fields.
   Maximum relative diff: (rel)   1.8334707849472346E-014  (abs)    1.2345680033831741E-013
   Maximum absolute diff: (rel)   1.8334707849472346E-014  (abs)    1.2345680033831741E-013
 par_xsum: difference between integer vector and floating point sums  exceeds tolerance in            2  fields.
   Maximum relative diff: (rel)   1.2555077137586240E-014  (abs)    5.2402526762307389E-014
   Maximum absolute diff: (rel)   1.0805896409966578E-014  (abs)    1.3642420526593924E-012
 par_xsum: difference between integer vector and floating point sums  exceeds tolerance in            2  fields.
   Maximum relative diff: (rel)   4.0792040003320891E-014  (abs)    1.1136924715771102E-015
   Maximum absolute diff: (rel)   4.0792040003320891E-014  (abs)    1.1136924715771102E-015
 par_xsum: difference between integer vector and floating point sums  exceeds tolerance in            1  fields.
   Maximum relative diff: (rel)   6.4333639734030051E-013  (abs)    1.0918483894784003E-009
   Maximum absolute diff: (rel)   6.4333639734030051E-013  (abs)    1.0918483894784003E-009
 par_xsum: difference between integer vector and floating point sums  exceeds tolerance in            2  fields.
   Maximum relative diff: (rel)   4.1905173357524642E-014  (abs)    1.1057821325266559E-013
   Maximum absolute diff: (rel)   2.0242650832140178E-014  (abs)    2.7569058147491887E-012
 par_xsum: difference between integer vector and floating point sums  exceeds tolerance in            1  fields.
   Maximum relative diff: (rel)   2.0821149469061268E-014  (abs)    5.6399329650957952E-014
   Maximum absolute diff: (rel)   2.0821149469061268E-014  (abs)    5.6399329650957952E-014
 par_xsum: difference between integer vector and floating point sums  exceeds tolerance in            1  fields.
   Maximum relative diff: (rel)   2.0042898488189229E-014  (abs)    8.1712414612411521E-013
   Maximum absolute diff: (rel)   2.0042898488189229E-014  (abs)    8.1712414612411521E-013
 par_xsum: difference between integer vector and floating point sums  exceeds tolerance in            3  fields.
   Maximum relative diff: (rel)   3.7285512733596916E-013  (abs)    5.8015814374812180E-012
   Maximum absolute diff: (rel)   3.7285512733596916E-013  (abs)    5.8015814374812180E-012
 par_xsum: difference between integer vector and floating point sums  exceeds tolerance in            2  fields.
   Maximum relative diff: (rel)   4.2509615985567158E-013  (abs)    8.7716500729584368E-012
   Maximum absolute diff: (rel)   4.2509615985567158E-013  (abs)    8.7716500729584368E-012
 par_xsum: difference between integer vector and floating point sums  exceeds tolerance in            1  fields.
   Maximum relative diff: (rel)   3.8219743116380660E-011  (abs)    8.9902044142498028E-016
   Maximum absolute diff: (rel)   3.8219743116380660E-011  (abs)    8.9902044142498028E-016
 par_xsum: difference between integer vector and floating point sums  exceeds tolerance in            1  fields.
   Maximum relative diff: (rel)   1.1246411524646729E-014  (abs)    7.8159700933611020E-014
   Maximum absolute diff: (rel)   1.1246411524646729E-014  (abs)    7.8159700933611020E-014
 par_xsum: difference between integer vector and floating point sums  exceeds tolerance in            2  fields.
   Maximum relative diff: (rel)   1.8113318781808249E-014  (abs)    1.5543122344752192E-015
   Maximum absolute diff: (rel)   1.3438128451103885E-014  (abs)    2.7977620220553945E-014
 par_xsum: difference between integer vector and floating point sums  exceeds tolerance in            1  fields.
   Maximum relative diff: (rel)   2.0187543953995955E-014  (abs)    3.8857805861880479E-015
   Maximum absolute diff: (rel)   2.0187543953995955E-014  (abs)    3.8857805861880479E-015
 par_xsum: difference between integer vector and floating point sums  exceeds tolerance in            1  fields.
   Maximum relative diff: (rel)   1.0263261742446206E-014  (abs)    2.9309887850104133E-014
   Maximum absolute diff: (rel)   1.0263261742446206E-014  (abs)    2.9309887850104133E-014
 par_xsum: difference between integer vector and floating point sums  exceeds tolerance in            1  fields.
   Maximum relative diff: (rel)   5.2229633914307124E-014  (abs)    7.7271522513910895E-013
   Maximum absolute diff: (rel)   5.2229633914307124E-014  (abs)    7.7271522513910895E-013
 par_xsum: difference between integer vector and floating point sums  exceeds tolerance in            2  fields.
   Maximum relative diff: (rel)   8.0142993137066246E-014  (abs)    9.0726037793587011E-016
   Maximum absolute diff: (rel)   8.0142993137066246E-014  (abs)    9.0726037793587011E-016
 par_xsum: difference between integer vector and floating point sums  exceeds tolerance in            1  fields.
   Maximum relative diff: (rel)   6.3670924577985163E-014  (abs)    1.0516032489249483E-012
   Maximum absolute diff: (rel)   6.3670924577985163E-014  (abs)    1.0516032489249483E-012
 par_xsum: difference between integer vector and floating point sums  exceeds tolerance in            1  fields.
   Maximum relative diff: (rel)   1.0941684550279698E-014  (abs)    1.4324541552923620E-011
   Maximum absolute diff: (rel)   1.0941684550279698E-014  (abs)    1.4324541552923620E-011
 par_xsum: difference between integer vector and floating point sums  exceeds tolerance in            1  fields.
   Maximum relative diff: (rel)   1.0928582939431889E-014  (abs)    1.5279510989785194E-010
   Maximum absolute diff: (rel)   1.0928582939431889E-014  (abs)    1.5279510989785194E-010
 par_xsum: difference between integer vector and floating point sums  exceeds tolerance in            1  fields.
   Maximum relative diff: (rel)   1.7107231617002498E-014  (abs)    3.7747582837255322E-015
   Maximum absolute diff: (rel)   1.7107231617002498E-014  (abs)    3.7747582837255322E-015
 par_xsum: difference between integer vector and floating point sums  exceeds tolerance in            2  fields.
   Maximum relative diff: (rel)   1.3648035864219032E-014  (abs)    5.1625370645069779E-015
   Maximum absolute diff: (rel)   1.3648035864219032E-014  (abs)    5.1625370645069779E-015
 par_xsum: difference between integer vector and floating point sums  exceeds tolerance in            1  fields.
   Maximum relative diff: (rel)   5.2535103119526697E-014  (abs)    8.7985174701543656E-015
   Maximum absolute diff: (rel)   5.2535103119526697E-014  (abs)    8.7985174701543656E-015
 par_xsum: difference between integer vector and floating point sums  exceeds tolerance in            1  fields.
   Maximum relative diff: (rel)   1.2104702385603660E-013  (abs)    2.7533531010703882E-012
   Maximum absolute diff: (rel)   1.2104702385603660E-013  (abs)    2.7533531010703882E-012
 par_xsum: difference between integer vector and floating point sums  exceeds tolerance in            1  fields.
   Maximum relative diff: (rel)   1.5028962660845268E-014  (abs)    2.4286128663675299E-017
   Maximum absolute diff: (rel)   1.5028962660845268E-014  (abs)    2.4286128663675299E-017
 par_xsum: difference between integer vector and floating point sums  exceeds tolerance in            1  fields.
   Maximum relative diff: (rel)   1.1421079484797723E-014  (abs)    3.9079850466805510E-013
   Maximum absolute diff: (rel)   1.1421079484797723E-014  (abs)    3.9079850466805510E-013
 par_xsum: difference between integer vector and floating point sums  exceeds tolerance in            1  fields.
   Maximum relative diff: (rel)   3.8643577477934459E-014  (abs)    3.0819791163594346E-013
   Maximum absolute diff: (rel)   3.8643577477934459E-014  (abs)    3.0819791163594346E-013
 par_xsum: difference between integer vector and floating point sums  exceeds tolerance in            2  fields.
   Maximum relative diff: (rel)   2.0074143011582799E-014  (abs)    1.2363443602225743E-012
   Maximum absolute diff: (rel)   2.0074143011582799E-014  (abs)    1.2363443602225743E-012
 par_xsum: difference between integer vector and floating point sums  exceeds tolerance in            5  fields.
   Maximum relative diff: (rel)   8.8002566916036311E-014  (abs)    7.4419637119405024E-016
   Maximum absolute diff: (rel)   2.0123666285087995E-014  (abs)    1.7069679003611782E-015
 par_xsum: difference between integer vector and floating point sums  exceeds tolerance in            8  fields.
   Maximum relative diff: (rel)   1.1547442573665779E-013  (abs)    5.0981441290787188E-013
   Maximum absolute diff: (rel)   1.1566981590340675E-014  (abs)    4.9453774408902973E-012
 par_xsum: difference between integer vector and floating point sums  exceeds tolerance in            1  fields.
   Maximum relative diff: (rel)   5.0462022907741394E-014  (abs)    6.0229599085914742E-015
   Maximum absolute diff: (rel)   5.0462022907741394E-014  (abs)    6.0229599085914742E-015
 par_xsum: difference between integer vector and floating point sums  exceeds tolerance in            8  fields.
   Maximum relative diff: (rel)   4.3640991481126723E-014  (abs)    2.7089441800853820E-014
   Maximum absolute diff: (rel)   1.4045003293631872E-014  (abs)    9.6857547760009766E-008
 par_xsum: difference between integer vector and floating point sums  exceeds tolerance in            1  fields.
   Maximum relative diff: (rel)   2.2075814559448522E-014  (abs)    4.8225312632155237E-016
   Maximum absolute diff: (rel)   2.2075814559448522E-014  (abs)    4.8225312632155237E-016
 par_xsum: difference between integer vector and floating point sums  exceeds tolerance in            4  fields.
   Maximum relative diff: (rel)   1.9099120505129136E-013  (abs)    2.6091129257110879E-011
   Maximum absolute diff: (rel)   1.9099120505129136E-013  (abs)    2.6091129257110879E-011
 par_xsum: difference between integer vector and floating point sums  exceeds tolerance in            3  fields.
   Maximum relative diff: (rel)   6.5521099518490653E-012  (abs)    2.5466295738851841E-012
   Maximum absolute diff: (rel)   1.1411256423811421E-014  (abs)    7.8443918027915061E-012
 par_xsum: difference between integer vector and floating point sums  exceeds tolerance in            3  fields.
   Maximum relative diff: (rel)   2.4713319697658372E-014  (abs)    4.8885340220294893E-012
   Maximum absolute diff: (rel)   2.4713319697658372E-014  (abs)    4.8885340220294893E-012
 par_xsum: difference between integer vector and floating point sums  exceeds tolerance in            1  fields.
   Maximum relative diff: (rel)   4.5919590814751503E-014  (abs)    2.6076918402395677E-012
   Maximum absolute diff: (rel)   4.5919590814751503E-014  (abs)    2.6076918402395677E-012
 par_xsum: difference between integer vector and floating point sums  exceeds tolerance in            4  fields.
   Maximum relative diff: (rel)   3.0481573507045989E-014  (abs)    5.3645976549887564E-013
   Maximum absolute diff: (rel)   1.2999802836488992E-014  (abs)    3.6948222259525210E-012
 par_xsum: difference between integer vector and floating point sums  exceeds tolerance in            3  fields.
   Maximum relative diff: (rel)   8.4974141899203622E-014  (abs)    2.0738966099997924E-013
   Maximum absolute diff: (rel)   3.0807555605866224E-014  (abs)    2.2453150450019166E-012
 par_xsum: difference between integer vector and floating point sums  exceeds tolerance in            1  fields.
   Maximum relative diff: (rel)   3.5200162955442214E-014  (abs)    8.7752027866372373E-013
   Maximum absolute diff: (rel)   3.5200162955442214E-014  (abs)    8.7752027866372373E-013
 par_xsum: difference between integer vector and floating point sums  exceeds tolerance in            2  fields.
   Maximum relative diff: (rel)   3.7273267492395548E-014  (abs)    3.3861802251067274E-015
   Maximum absolute diff: (rel)   3.7273267492395548E-014  (abs)    3.3861802251067274E-015
 par_xsum: difference between integer vector and floating point sums  exceeds tolerance in            1  fields.
   Maximum relative diff: (rel)   1.0073068961363011E-014  (abs)    4.7606363295926712E-013
   Maximum absolute diff: (rel)   1.0073068961363011E-014  (abs)    4.7606363295926712E-013
 par_xsum: difference between integer vector and floating point sums  exceeds tolerance in            1  fields.
   Maximum relative diff: (rel)   2.2065322365224847E-014  (abs)    5.0626169922907138E-014
   Maximum absolute diff: (rel)   2.2065322365224847E-014  (abs)    5.0626169922907138E-014
 par_xsum: difference between integer vector and floating point sums  exceeds tolerance in            2  fields.
   Maximum relative diff: (rel)   4.2620199762519326E-014  (abs)    4.1211478674085811E-013
   Maximum absolute diff: (rel)   4.2620199762519326E-014  (abs)    4.1211478674085811E-013
 par_xsum: difference between integer vector and floating point sums  exceeds tolerance in            1  fields.
   Maximum relative diff: (rel)   1.6482782320761630E-014  (abs)    1.6479873021779667E-016
   Maximum absolute diff: (rel)   1.6482782320761630E-014  (abs)    1.6479873021779667E-016
 par_xsum: difference between integer vector and floating point sums  exceeds tolerance in            1  fields.
   Maximum relative diff: (rel)   1.0311964477886173E-014  (abs)    1.6530975699424744E-008
   Maximum absolute diff: (rel)   1.0311964477886173E-014  (abs)    1.6530975699424744E-008
 par_xsum: difference between integer vector and floating point sums  exceeds tolerance in            1  fields.
   Maximum relative diff: (rel)   3.9185611009605236E-014  (abs)    2.1094237467877974E-015
   Maximum absolute diff: (rel)   3.9185611009605236E-014  (abs)    2.1094237467877974E-015
 par_xsum: difference between integer vector and floating point sums  exceeds tolerance in            1  fields.
   Maximum relative diff: (rel)   2.5115245038159741E-014  (abs)    2.2551405187698492E-016
   Maximum absolute diff: (rel)   2.5115245038159741E-014  (abs)    2.2551405187698492E-016
 par_xsum: difference between integer vector and floating point sums  exceeds tolerance in            2  fields.
   Maximum relative diff: (rel)   6.4594497297972840E-013  (abs)    9.0352614279254340E-011
   Maximum absolute diff: (rel)   1.3171030864207055E-014  (abs)    2.5102053768932819E-010
 par_xsum: difference between integer vector and floating point sums  exceeds tolerance in            1  fields.
   Maximum relative diff: (rel)   3.9151102461799066E-014  (abs)    1.6079866327345371E-009
   Maximum absolute diff: (rel)   3.9151102461799066E-014  (abs)    1.6079866327345371E-009
 par_xsum: difference between integer vector and floating point sums  exceeds tolerance in            6  fields.
   Maximum relative diff: (rel)   2.7018876606967562E-014  (abs)    1.6342482922482304E-012
   Maximum absolute diff: (rel)   1.8660116307998476E-014  (abs)    6.5483618527650833E-011
 par_xsum: difference between integer vector and floating point sums  exceeds tolerance in            1  fields.
   Maximum relative diff: (rel)   1.0678267325497962E-014  (abs)    4.1211478674085811E-013
   Maximum absolute diff: (rel)   1.0678267325497962E-014  (abs)    4.1211478674085811E-013
 par_xsum: difference between integer vector and floating point sums  exceeds tolerance in            4  fields.
 par_xsum: difference between integer vector and floating point sums  exceeds tolerance in            3  fields.
   Maximum relative diff: (rel)   2.1908559562256332E-013  (abs)    2.3963053763509379E-012
   Maximum absolute diff: (rel)   2.1908559562256332E-013  (abs)    2.3963053763509379E-012
   Maximum relative diff: (rel)   6.4171632690545488E-014  (abs)    1.0906830993917538E-012
   Maximum absolute diff: (rel)   1.7775241088601041E-014  (abs)    6.0822458181064576E-012
 par_xsum: difference between integer vector and floating point sums  exceeds tolerance in            1  fields.
   Maximum relative diff: (rel)   2.7157718882937429E-014  (abs)    5.8980598183211441E-016
   Maximum absolute diff: (rel)   2.7157718882937429E-014  (abs)    5.8980598183211441E-016
 par_xsum: difference between integer vector and floating point sums  exceeds tolerance in            3  fields.
   Maximum relative diff: (rel)   1.2576772959989722E-013  (abs)    7.4332900945606184E-016
   Maximum absolute diff: (rel)   2.7558215381472362E-014  (abs)    4.4906300900038332E-012
 par_xsum: difference between integer vector and floating point sums  exceeds tolerance in            7  fields.
   Maximum relative diff: (rel)   5.4769075493727106E-014  (abs)    1.5010215292932116E-013
   Maximum absolute diff: (rel)   4.7067852044071119E-014  (abs)    1.9397816686250735E-012
 par_xsum: difference between integer vector and floating point sums  exceeds tolerance in            1  fields.
   Maximum relative diff: (rel)   1.8784910745420061E-014  (abs)    8.9812601800076663E-012
   Maximum absolute diff: (rel)   1.8784910745420061E-014  (abs)    8.9812601800076663E-012
 par_xsum: difference between integer vector and floating point sums  exceeds tolerance in            3  fields.
   Maximum relative diff: (rel)   3.7220313783090778E-014  (abs)    8.6597395920762210E-014
   Maximum absolute diff: (rel)   1.4293003167181777E-014  (abs)    1.1027623258996755E-011
 par_xsum: difference between integer vector and floating point sums  exceeds tolerance in            1  fields.
   Maximum relative diff: (rel)   1.0569740388506134E-014  (abs)    2.7533531010703882E-014
   Maximum absolute diff: (rel)   1.0569740388506134E-014  (abs)    2.7533531010703882E-014
 par_xsum: difference between integer vector and floating point sums  exceeds tolerance in            2  fields.
   Maximum relative diff: (rel)   3.4719888614230209E-014  (abs)    2.0645529730245471E-010
   Maximum absolute diff: (rel)   3.4719888614230209E-014  (abs)    2.0645529730245471E-010
 par_xsum: difference between integer vector and floating point sums  exceeds tolerance in            1  fields.
   Maximum relative diff: (rel)   2.4437179665978781E-014  (abs)    8.8817841970012523E-016
   Maximum absolute diff: (rel)   2.4437179665978781E-014  (abs)    8.8817841970012523E-016
 par_xsum: difference between integer vector and floating point sums  exceeds tolerance in            1  fields.
   Maximum relative diff: (rel)   4.0090132719563486E-014  (abs)    2.0122792321330962E-015
   Maximum absolute diff: (rel)   4.0090132719563486E-014  (abs)    2.0122792321330962E-015
 par_xsum: difference between integer vector and floating point sums  exceeds tolerance in            2  fields.
   Maximum relative diff: (rel)   2.3250507925485103E-014  (abs)    1.1490808304870370E-014
   Maximum absolute diff: (rel)   2.3250507925485103E-014  (abs)    1.1490808304870370E-014
 par_xsum: difference between integer vector and floating point sums  exceeds tolerance in            1  fields.
   Maximum relative diff: (rel)   1.2596043514956448E-014  (abs)    3.2196467714129540E-015
   Maximum absolute diff: (rel)   1.2596043514956448E-014  (abs)    3.2196467714129540E-015
 par_xsum: difference between integer vector and floating point sums  exceeds tolerance in            1  fields.
   Maximum relative diff: (rel)   1.0280607657613066E-014  (abs)    5.5422333389287814E-013
   Maximum absolute diff: (rel)   1.0280607657613066E-014  (abs)    5.5422333389287814E-013
 par_xsum: difference between integer vector and floating point sums  exceeds tolerance in            2  fields.
   Maximum relative diff: (rel)   2.4816737504523047E-014  (abs)    3.4283687000424834E-013
   Maximum absolute diff: (rel)   2.4816737504523047E-014  (abs)    3.4283687000424834E-013
 par_xsum: difference between integer vector and floating point sums  exceeds tolerance in            2  fields.
   Maximum relative diff: (rel)   1.1198144971075284E-014  (abs)    1.2931877790833823E-012
   Maximum absolute diff: (rel)   1.1198144971075284E-014  (abs)    1.2931877790833823E-012
 par_xsum: difference between integer vector and floating point sums  exceeds tolerance in            5  fields.
   Maximum relative diff: (rel)   4.2846598859390500E-014  (abs)    5.6310511808987940E-013
   Maximum absolute diff: (rel)   2.9299291558558978E-014  (abs)    2.5011104298755527E-012
 par_xsum: difference between integer vector and floating point sums  exceeds tolerance in            1  fields.
   Maximum relative diff: (rel)   1.0171423213808774E-014  (abs)    1.3187673175707459E-011
   Maximum absolute diff: (rel)   1.0171423213808774E-014  (abs)    1.3187673175707459E-011
 par_xsum: difference between integer vector and floating point sums  exceeds tolerance in            3  fields.
   Maximum relative diff: (rel)   9.7886533473241796E-014  (abs)    4.7073456244106637E-013
   Maximum absolute diff: (rel)   1.9531515780202139E-014  (abs)    1.0871303857129533E-012
 par_xsum: difference between integer vector and floating point sums  exceeds tolerance in            3  fields.
   Maximum relative diff: (rel)   2.9557927868524860E-014  (abs)    1.0857093002414331E-011
   Maximum absolute diff: (rel)   2.9557927868524860E-014  (abs)    1.0857093002414331E-011
 par_xsum: difference between integer vector and floating point sums  exceeds tolerance in            1  fields.
   Maximum relative diff: (rel)   1.0877619381271574E-014  (abs)    7.6738615462090820E-013
   Maximum absolute diff: (rel)   1.0877619381271574E-014  (abs)    7.6738615462090820E-013
 par_xsum: difference between integer vector and floating point sums  exceeds tolerance in            1  fields.
   Maximum relative diff: (rel)   4.1908682745563470E-012  (abs)    1.0380585280245214E-013
   Maximum absolute diff: (rel)   4.1908682745563470E-012  (abs)    1.0380585280245214E-013
 par_xsum: difference between integer vector and floating point sums  exceeds tolerance in            1  fields.
   Maximum relative diff: (rel)   3.9347350695142043E-013  (abs)    7.0554673214928698E-014
   Maximum absolute diff: (rel)   3.9347350695142043E-013  (abs)    7.0554673214928698E-014
 par_xsum: difference between integer vector and floating point sums  exceeds tolerance in          121  fields.
   Maximum relative diff: (rel)   3.5008440590900136E-011  (abs)    3.5008440590900136E-011
   Maximum absolute diff: (rel)   3.5008440590900136E-011  (abs)    3.5008440590900136E-011
 par_xsum: difference between integer vector and floating point sums  exceeds tolerance in            1  fields.
   Maximum relative diff: (rel)   1.3647126551126975E-014  (abs)    2.0463630789890885E-012
   Maximum absolute diff: (rel)   1.3647126551126975E-014  (abs)    2.0463630789890885E-012
 par_xsum: difference between integer vector and floating point sums  exceeds tolerance in            1  fields.
   Maximum relative diff: (rel)   2.8195446113686369E-014  (abs)    2.6822988274943782E-013
   Maximum absolute diff: (rel)   2.8195446113686369E-014  (abs)    2.6822988274943782E-013
 par_xsum: difference between integer vector and floating point sums  exceeds tolerance in            1  fields.
 par_xsum: difference between integer vector and floating point sums  exceeds tolerance in            1  fields.
   Maximum relative diff: (rel)   6.9498076290689829E-014  (abs)    1.8518520050747611E-013
   Maximum relative diff: (rel)   1.4662639585784183E-014  (abs)    8.0824236192711396E-014
   Maximum absolute diff: (rel)   1.4662639585784183E-014  (abs)    8.0824236192711396E-014
   Maximum absolute diff: (rel)   6.9498076290689829E-014  (abs)    1.8518520050747611E-013
 par_xsum: difference between integer vector and floating point sums  exceeds tolerance in            3  fields.
   Maximum relative diff: (rel)   1.5375310649801153E-014  (abs)    1.5987211554602254E-014
   Maximum absolute diff: (rel)   1.3163269657666279E-014  (abs)    3.2684965844964609E-013
 par_xsum: difference between integer vector and floating point sums  exceeds tolerance in            1  fields.
   Maximum relative diff: (rel)   1.9287129750728235E-014  (abs)    6.1106675275368616E-013
   Maximum absolute diff: (rel)   1.9287129750728235E-014  (abs)    6.1106675275368616E-013
 par_xsum: difference between integer vector and floating point sums  exceeds tolerance in            5  fields.
   Maximum relative diff: (rel)   1.2524970116349357E-013  (abs)    6.1817218011128716E-013
 par_xsum: difference between integer vector and floating point sums  exceeds tolerance in            1  fields.
   Maximum relative diff: (rel)   2.5827037656594868E-014  (abs)    6.3593574850528967E-013
   Maximum absolute diff: (rel)   2.5827037656594868E-014  (abs)    6.3593574850528967E-013
   Maximum absolute diff: (rel)   1.8521668014229365E-014  (abs)    1.1297629498585593E-012
 par_xsum: difference between integer vector and floating point sums  exceeds tolerance in            2  fields.
   Maximum relative diff: (rel)   2.1505680356810874E-013  (abs)    2.0927704014184201E-013
 par_xsum: difference between integer vector and floating point sums  exceeds tolerance in            1  fields.
   Maximum relative diff: (rel)   5.5162421043458254E-014  (abs)    4.9205084451386938E-013
   Maximum absolute diff: (rel)   5.5162421043458254E-014  (abs)    4.9205084451386938E-013
   Maximum absolute diff: (rel)   2.1505680356810874E-013  (abs)    2.0927704014184201E-013
 par_xsum: difference between integer vector and floating point sums  exceeds tolerance in            1  fields.
   Maximum relative diff: (rel)   1.2082671665579343E-014  (abs)    1.5454304502782179E-013
   Maximum absolute diff: (rel)   1.2082671665579343E-014  (abs)    1.5454304502782179E-013
 par_xsum: difference between integer vector and floating point sums  exceeds tolerance in            2  fields.
   Maximum relative diff: (rel)   4.7698950766928503E-014  (abs)    8.5620399659092072E-013
   Maximum absolute diff: (rel)   4.7698950766928503E-014  (abs)    8.5620399659092072E-013
 par_xsum: difference between integer vector and floating point sums  exceeds tolerance in            3  fields.
 par_xsum: difference between integer vector and floating point sums  exceeds tolerance in            1  fields.
   Maximum relative diff: (rel)   1.0267705761284106E-014  (abs)    2.4442670110147446E-012
   Maximum absolute diff: (rel)   1.0267705761284106E-014  (abs)    2.4442670110147446E-012
   Maximum relative diff: (rel)   1.7786469717895376E-014  (abs)    5.9685589803848416E-012
   Maximum absolute diff: (rel)   1.7786469717895376E-014  (abs)    5.9685589803848416E-012
 par_xsum: difference between integer vector and floating point sums  exceeds tolerance in            1  fields.
   Maximum relative diff: (rel)   1.3648698668291930E-014  (abs)    6.3238303482648917E-013
   Maximum absolute diff: (rel)   1.3648698668291930E-014  (abs)    6.3238303482648917E-013
 par_xsum: difference between integer vector and floating point sums  exceeds tolerance in            3  fields.
   Maximum relative diff: (rel)   6.6772321300541598E-014  (abs)    4.4142467459096224E-013
   Maximum absolute diff: (rel)   1.7643033296077358E-014  (abs)    5.1514348342607263E-013
 par_xsum: difference between integer vector and floating point sums  exceeds tolerance in            1  fields.
   Maximum relative diff: (rel)   1.1251553638400411E-014  (abs)    1.6200374375330284E-012
   Maximum absolute diff: (rel)   1.1251553638400411E-014  (abs)    1.6200374375330284E-012
 par_xsum: difference between integer vector and floating point sums  exceeds tolerance in            2  fields.
   Maximum relative diff: (rel)   2.2712609385003428E-013  (abs)    6.9411143499564787E-013
   Maximum absolute diff: (rel)   1.1796165671121477E-013  (abs)    2.1067592115286971E-012
 par_xsum: difference between integer vector and floating point sums  exceeds tolerance in            1  fields.
 par_xsum: difference between integer vector and floating point sums  exceeds tolerance in            2  fields.
   Maximum relative diff: (rel)   2.5743175921204749E-013  (abs)    1.0757617019407917E-011
   Maximum absolute diff: (rel)   2.5743175921204749E-013  (abs)    1.0757617019407917E-011
   Maximum relative diff: (rel)   2.3485866684878424E-013  (abs)    3.8791192480402970E-013
   Maximum absolute diff: (rel)   2.3485866684878424E-013  (abs)    3.8791192480402970E-013
 par_xsum: difference between integer vector and floating point sums  exceeds tolerance in            1  fields.
   Maximum relative diff: (rel)   1.9044185809807116E-014  (abs)    5.0803805606847163E-013
   Maximum absolute diff: (rel)   1.9044185809807116E-014  (abs)    5.0803805606847163E-013
 par_xsum: difference between integer vector and floating point sums  exceeds tolerance in            1  fields.
   Maximum relative diff: (rel)   1.0974798729833423E-014  (abs)    2.7711166694643907E-013
   Maximum absolute diff: (rel)   1.0974798729833423E-014  (abs)    2.7711166694643907E-013
 par_xsum: difference between integer vector and floating point sums  exceeds tolerance in            1  fields.
   Maximum relative diff: (rel)   3.2359529916458926E-014  (abs)    7.1764816311770119E-013
   Maximum absolute diff: (rel)   3.2359529916458926E-014  (abs)    7.1764816311770119E-013
 par_xsum: difference between integer vector and floating point sums  exceeds tolerance in            1  fields.
   Maximum relative diff: (rel)   1.7809488858288511E-013  (abs)    5.1603166184577276E-013
   Maximum absolute diff: (rel)   1.7809488858288511E-013  (abs)    5.1603166184577276E-013
 par_xsum: difference between integer vector and floating point sums  exceeds tolerance in            2  fields.
   Maximum relative diff: (rel)   2.0273800291593286E-013  (abs)    2.0672352718520415E-013
   Maximum absolute diff: (rel)   8.9481397613113634E-014  (abs)    6.5192296005989192E-013
 par_xsum: difference between integer vector and floating point sums  exceeds tolerance in            2  fields.
   Maximum relative diff: (rel)   3.5963369750551085E-014  (abs)    5.8975047068088315E-013
   Maximum absolute diff: (rel)   3.5963369750551085E-014  (abs)    5.8975047068088315E-013
 par_xsum: difference between integer vector and floating point sums  exceeds tolerance in            5  fields.
   Maximum relative diff: (rel)   3.0892460371524046E-014  (abs)    2.5224267119483557E-013
   Maximum absolute diff: (rel)   1.8854396550503210E-014  (abs)    3.7800873542437330E-012
 par_xsum: difference between integer vector and floating point sums  exceeds tolerance in            2  fields.
   Maximum relative diff: (rel)   1.2855150319367367E-014  (abs)    3.8085090636741370E-012
   Maximum absolute diff: (rel)   1.2855150319367367E-014  (abs)    3.8085090636741370E-012
 par_xsum: difference between integer vector and floating point sums  exceeds tolerance in            1  fields.
   Maximum relative diff: (rel)   1.4016472469723688E-014  (abs)    1.2434497875801753E-013
   Maximum absolute diff: (rel)   1.4016472469723688E-014  (abs)    1.2434497875801753E-013
 par_xsum: difference between integer vector and floating point sums  exceeds tolerance in            4  fields.
   Maximum relative diff: (rel)   1.4175406354423973E-014  (abs)    2.8705926524708048E-012
   Maximum absolute diff: (rel)   1.4175406354423973E-014  (abs)    2.8705926524708048E-012
 par_xsum: difference between integer vector and floating point sums  exceeds tolerance in            4  fields.
   Maximum relative diff: (rel)   4.5309250530933966E-014  (abs)    2.0122792321330962E-015
   Maximum absolute diff: (rel)   1.1681130878898479E-014  (abs)    3.0531133177191805E-015
 par_xsum: difference between integer vector and floating point sums  exceeds tolerance in            2  fields.
   Maximum relative diff: (rel)   1.8120436991922575E-013  (abs)    6.3025140661920886E-012
   Maximum absolute diff: (rel)   1.1333514680127029E-014  (abs)    9.0221874415874481E-010
 par_xsum: difference between integer vector and floating point sums  exceeds tolerance in            5  fields.
   Maximum relative diff: (rel)   4.3476273086916675E-013  (abs)    4.4786396813378815E-013
   Maximum absolute diff: (rel)   1.5483006542961244E-014  (abs)    2.4556356947869062E-010
 par_xsum: difference between integer vector and floating point sums  exceeds tolerance in            2  fields.
   Maximum relative diff: (rel)   1.3682797150909589E-014  (abs)    8.6583895608782768E-010
   Maximum absolute diff: (rel)   1.3682797150909589E-014  (abs)    8.6583895608782768E-010
 par_xsum: difference between integer vector and floating point sums  exceeds tolerance in            3  fields.
   Maximum relative diff: (rel)   8.5618945415995069E-014  (abs)    4.6518344731794059E-014
   Maximum absolute diff: (rel)   1.0163984352118622E-014  (abs)    6.8389738316909643E-014
 par_xsum: difference between integer vector and floating point sums  exceeds tolerance in            4  fields.
   Maximum relative diff: (rel)   1.7754194581672406E-014  (abs)    5.7245874707234634E-017
   Maximum absolute diff: (rel)   1.4959655679790582E-014  (abs)    2.3071822230491534E-016
 par_xsum: difference between integer vector and floating point sums  exceeds tolerance in            1  fields.
   Maximum relative diff: (rel)   2.5600526291578322E-014  (abs)    4.7606363295926712E-013
   Maximum absolute diff: (rel)   2.5600526291578322E-014  (abs)    4.7606363295926712E-013
 par_xsum: difference between integer vector and floating point sums  exceeds tolerance in            2  fields.
   Maximum relative diff: (rel)   6.9287781336426179E-013  (abs)    2.4058532943627142E-013
   Maximum absolute diff: (rel)   3.0302640440357855E-013  (abs)    6.9888983489363454E-011
 par_xsum: difference between integer vector and floating point sums  exceeds tolerance in            2  fields.
   Maximum relative diff: (rel)   7.4549673416348426E-014  (abs)    6.4948046940571658E-014
   Maximum absolute diff: (rel)   1.4232386949025858E-014  (abs)    1.0800249583553523E-012
 par_xsum: difference between integer vector and floating point sums  exceeds tolerance in            3  fields.
   Maximum relative diff: (rel)   4.0645778057452505E-014  (abs)    2.2648549702353193E-013
   Maximum absolute diff: (rel)   1.3171159560458920E-014  (abs)    5.1869619710487314E-013
 par_xsum: difference between integer vector and floating point sums  exceeds tolerance in            1  fields.
   Maximum relative diff: (rel)   1.3717844184057652E-014  (abs)    7.4593109467002705E-017
   Maximum absolute diff: (rel)   1.3717844184057652E-014  (abs)    7.4593109467002705E-017
 par_xsum: difference between integer vector and floating point sums  exceeds tolerance in            1  fields.
   Maximum relative diff: (rel)   1.3638006837212033E-014  (abs)    2.8588242884097781E-015
   Maximum absolute diff: (rel)   1.3638006837212033E-014  (abs)    2.8588242884097781E-015
 par_xsum: difference between integer vector and floating point sums  exceeds tolerance in            2  fields.
   Maximum relative diff: (rel)   2.2176598939890749E-014  (abs)    1.4224732503009818E-016
   Maximum absolute diff: (rel)   1.0674314607433617E-014  (abs)    6.9388939039072284E-016
 par_xsum: difference between integer vector and floating point sums  exceeds tolerance in            1  fields.
   Maximum relative diff: (rel)   4.0825785542429603E-014  (abs)    7.1557343384043293E-017
   Maximum absolute diff: (rel)   4.0825785542429603E-014  (abs)    7.1557343384043293E-017
 par_xsum: difference between integer vector and floating point sums  exceeds tolerance in            1  fields.
   Maximum relative diff: (rel)   2.0433333428544948E-014  (abs)    3.6948222259525210E-012
   Maximum absolute diff: (rel)   2.0433333428544948E-014  (abs)    3.6948222259525210E-012
 par_xsum: difference between integer vector and floating point sums  exceeds tolerance in            1  fields.
   Maximum relative diff: (rel)   1.5871581487205088E-014  (abs)    3.9968028886505635E-015
   Maximum absolute diff: (rel)   1.5871581487205088E-014  (abs)    3.9968028886505635E-015
 par_xsum: difference between integer vector and floating point sums  exceeds tolerance in            3  fields.
   Maximum relative diff: (rel)   1.1535038228254719E-012  (abs)    3.9534597817691974E-011
   Maximum absolute diff: (rel)   2.4925062617719239E-014  (abs)    6.2573235481977463E-010
 par_xsum: difference between integer vector and floating point sums  exceeds tolerance in            1  fields.
   Maximum relative diff: (rel)   7.7095579168103761E-014  (abs)    3.2457592169521376E-011
   Maximum absolute diff: (rel)   7.7095579168103761E-014  (abs)    3.2457592169521376E-011
 par_xsum: difference between integer vector and floating point sums  exceeds tolerance in            2  fields.
   Maximum relative diff: (rel)   1.8287848719283550E-014  (abs)    2.3980817331903381E-014
   Maximum absolute diff: (rel)   1.8013483268767193E-014  (abs)    3.2862601528904634E-014
 par_xsum: difference between integer vector and floating point sums  exceeds tolerance in            2  fields.
   Maximum relative diff: (rel)   2.6982502551827682E-014  (abs)    1.5265566588595902E-015
   Maximum absolute diff: (rel)   2.6982502551827682E-014  (abs)    1.5265566588595902E-015
 par_xsum: difference between integer vector and floating point sums  exceeds tolerance in            3  fields.
   Maximum relative diff: (rel)   4.9314083515241178E-014  (abs)    1.4932499681208355E-014
   Maximum absolute diff: (rel)   2.1798355539526685E-014  (abs)    1.3411494137471891E-013
 par_xsum: difference between integer vector and floating point sums  exceeds tolerance in            2  fields.
   Maximum relative diff: (rel)   7.7166581150608356E-014  (abs)    1.5091927707544528E-011
   Maximum absolute diff: (rel)   1.9066784316636145E-014  (abs)    4.3200998334214091E-011
 par_xsum: difference between integer vector and floating point sums  exceeds tolerance in            2  fields.
   Maximum relative diff: (rel)   1.5831958041382714E-014  (abs)    1.6930901125533637E-015
   Maximum absolute diff: (rel)   1.1862436486701363E-014  (abs)    7.8159700933611020E-013
 par_xsum: difference between integer vector and floating point sums  exceeds tolerance in            1  fields.
   Maximum relative diff: (rel)   1.1825508952942107E-014  (abs)    5.6132876125047915E-013
   Maximum absolute diff: (rel)   1.1825508952942107E-014  (abs)    5.6132876125047915E-013
 par_xsum: difference between integer vector and floating point sums  exceeds tolerance in            2  fields.
   Maximum relative diff: (rel)   1.8221386286751501E-014  (abs)    6.3664629124104977E-011
   Maximum absolute diff: (rel)   1.1895326356422090E-014  (abs)    6.4028427004814148E-010
 par_xsum: difference between integer vector and floating point sums  exceeds tolerance in            1  fields.
   Maximum relative diff: (rel)   8.5569298395515542E-014  (abs)    1.0564465968698755E-015
   Maximum absolute diff: (rel)   8.5569298395515542E-014  (abs)    1.0564465968698755E-015
 par_xsum: difference between integer vector and floating point sums  exceeds tolerance in            1  fields.
   Maximum relative diff: (rel)   2.1023660647083971E-013  (abs)    3.0659919048048323E-012
   Maximum absolute diff: (rel)   2.1023660647083971E-013  (abs)    3.0659919048048323E-012
 par_xsum: difference between integer vector and floating point sums  exceeds tolerance in            1  fields.
   Maximum relative diff: (rel)   1.3440449574981060E-014  (abs)    1.1596057447604835E-011
   Maximum absolute diff: (rel)   1.3440449574981060E-014  (abs)    1.1596057447604835E-011
 par_xsum: difference between integer vector and floating point sums  exceeds tolerance in            1  fields.
   Maximum relative diff: (rel)   1.8959058018867298E-014  (abs)    8.4376949871511897E-015
   Maximum absolute diff: (rel)   1.8959058018867298E-014  (abs)    8.4376949871511897E-015
 par_xsum: difference between integer vector and floating point sums  exceeds tolerance in            7  fields.
   Maximum relative diff: (rel)   1.8194161492210777E-013  (abs)    3.6193270602780103E-014
   Maximum absolute diff: (rel)   1.2438492467065220E-014  (abs)    7.9936057773011271E-014
 par_xsum: difference between integer vector and floating point sums  exceeds tolerance in            1  fields.
   Maximum relative diff: (rel)   1.3855726306648668E-014  (abs)    1.1324274851176597E-014
   Maximum absolute diff: (rel)   1.3855726306648668E-014  (abs)    1.1324274851176597E-014
 par_xsum: difference between integer vector and floating point sums  exceeds tolerance in            1  fields.
   Maximum relative diff: (rel)   1.4027293393285024E-014  (abs)    3.0553337637684308E-013
   Maximum absolute diff: (rel)   1.4027293393285024E-014  (abs)    3.0553337637684308E-013
 par_xsum: difference between integer vector and floating point sums  exceeds tolerance in            1  fields.
   Maximum relative diff: (rel)   2.6006741066833193E-014  (abs)    4.4053649617126212E-013
   Maximum absolute diff: (rel)   2.6006741066833193E-014  (abs)    4.4053649617126212E-013
 par_xsum: difference between integer vector and floating point sums  exceeds tolerance in            4  fields.
   Maximum relative diff: (rel)   3.1213292214356751E-012  (abs)    3.2734925881072741E-013
   Maximum absolute diff: (rel)   3.1213292214356751E-012  (abs)    3.2734925881072741E-013
 par_xsum: difference between integer vector and floating point sums  exceeds tolerance in            3  fields.
   Maximum relative diff: (rel)   3.0944686163891369E-014  (abs)    1.0302869668521453E-013
   Maximum absolute diff: (rel)   1.0372612608219256E-014  (abs)    8.5265128291212022E-013
 par_xsum: difference between integer vector and floating point sums  exceeds tolerance in            2  fields.
   Maximum relative diff: (rel)   5.9764133386915016E-014  (abs)    9.4022012397942945E-016
   Maximum absolute diff: (rel)   1.5860979179359592E-014  (abs)    2.9698465908722937E-015
 par_xsum: difference between integer vector and floating point sums  exceeds tolerance in            1  fields.
   Maximum relative diff: (rel)   2.5290025091872903E-014  (abs)    4.1211478674085811E-013
   Maximum absolute diff: (rel)   2.5290025091872903E-014  (abs)    4.1211478674085811E-013
 par_xsum: difference between integer vector and floating point sums  exceeds tolerance in            1  fields.
   Maximum relative diff: (rel)   3.8078541170555026E-014  (abs)    4.1836756281554699E-011
   Maximum absolute diff: (rel)   3.8078541170555026E-014  (abs)    4.1836756281554699E-011
 par_xsum: difference between integer vector and floating point sums  exceeds tolerance in            1  fields.
   Maximum relative diff: (rel)   2.0110329622992054E-014  (abs)    3.8724579098925460E-013
   Maximum absolute diff: (rel)   2.0110329622992054E-014  (abs)    3.8724579098925460E-013
 par_xsum: difference between integer vector and floating point sums  exceeds tolerance in            1  fields.
   Maximum relative diff: (rel)   1.2184686436657658E-014  (abs)    4.4764192352886312E-013
   Maximum absolute diff: (rel)   1.2184686436657658E-014  (abs)    4.4764192352886312E-013
 par_xsum: difference between integer vector and floating point sums  exceeds tolerance in            5  fields.
   Maximum relative diff: (rel)   1.8952536110440957E-014  (abs)    9.5212726591853425E-013
   Maximum absolute diff: (rel)   1.2764443399354226E-014  (abs)    5.9685589803848416E-012
 par_xsum: difference between integer vector and floating point sums  exceeds tolerance in            1  fields.
   Maximum relative diff: (rel)   2.0091330920599625E-014  (abs)    1.4294121442048890E-015
   Maximum absolute diff: (rel)   2.0091330920599625E-014  (abs)    1.4294121442048890E-015
 par_xsum: difference between integer vector and floating point sums  exceeds tolerance in            1  fields.
   Maximum relative diff: (rel)   1.1699039887987337E-014  (abs)    3.0357660829594124E-017
   Maximum absolute diff: (rel)   1.1699039887987337E-014  (abs)    3.0357660829594124E-017
 par_xsum: difference between integer vector and floating point sums  exceeds tolerance in            1  fields.
   Maximum relative diff: (rel)   1.6628792502338534E-014  (abs)    6.3948846218409017E-013
   Maximum absolute diff: (rel)   1.6628792502338534E-014  (abs)    6.3948846218409017E-013
 par_xsum: difference between integer vector and floating point sums  exceeds tolerance in            2  fields.
   Maximum relative diff: (rel)   2.7423438367328288E-014  (abs)    1.1932570487260818E-009
   Maximum absolute diff: (rel)   2.7423438367328288E-014  (abs)    1.1932570487260818E-009
 par_xsum: difference between integer vector and floating point sums  exceeds tolerance in            2  fields.
   Maximum relative diff: (rel)   2.8122523902892413E-014  (abs)    2.6312285683616210E-014
   Maximum absolute diff: (rel)   1.0547158039277913E-014  (abs)    5.6843418860808015E-013
 par_xsum: difference between integer vector and floating point sums  exceeds tolerance in            2  fields.
   Maximum relative diff: (rel)   1.3992638144869322E-014  (abs)    9.9920072216264089E-015
   Maximum absolute diff: (rel)   1.2811353476636564E-014  (abs)    1.2878587085651816E-014
 par_xsum: difference between integer vector and floating point sums  exceeds tolerance in            1  fields.
   Maximum relative diff: (rel)   1.9341366195774832E-013  (abs)    1.2784912017949068E-015
   Maximum absolute diff: (rel)   1.9341366195774832E-013  (abs)    1.2784912017949068E-015
 par_xsum: difference between integer vector and floating point sums  exceeds tolerance in            6  fields.
   Maximum relative diff: (rel)   9.7059561851989583E-014  (abs)    1.0695657692849636E-009
   Maximum absolute diff: (rel)   9.7059561851989583E-014  (abs)    1.0695657692849636E-009
 par_xsum: difference between integer vector and floating point sums  exceeds tolerance in            1  fields.
   Maximum relative diff: (rel)   1.0006316916593800E-014  (abs)    4.4383341446518898E-010
   Maximum absolute diff: (rel)   1.0006316916593800E-014  (abs)    4.4383341446518898E-010
 par_xsum: difference between integer vector and floating point sums  exceeds tolerance in            1  fields.
   Maximum relative diff: (rel)   1.8426146217689868E-014  (abs)    2.2509993868879974E-011
   Maximum absolute diff: (rel)   1.8426146217689868E-014  (abs)    2.2509993868879974E-011
 par_xsum: difference between integer vector and floating point sums  exceeds tolerance in            2  fields.
   Maximum relative diff: (rel)   7.4908161250058408E-014  (abs)    9.1926466438962962E-014
   Maximum absolute diff: (rel)   7.4908161250058408E-014  (abs)    9.1926466438962962E-014
 par_xsum: difference between integer vector and floating point sums  exceeds tolerance in            3  fields.
   Maximum relative diff: (rel)   2.3858735240458378E-013  (abs)    4.9821258230053900E-015
   Maximum absolute diff: (rel)   1.8042399029812743E-014  (abs)    3.3084646133829665E-014
 par_xsum: difference between integer vector and floating point sums  exceeds tolerance in            3  fields.
   Maximum relative diff: (rel)   5.2281573727057295E-014  (abs)    3.4000580129145419E-016
   Maximum absolute diff: (rel)   5.2281573727057295E-014  (abs)    3.4000580129145419E-016
 par_xsum: difference between integer vector and floating point sums  exceeds tolerance in            1  fields.
   Maximum relative diff: (rel)   1.4779248687236234E-014  (abs)    2.4424906541753444E-015
   Maximum absolute diff: (rel)   1.4779248687236234E-014  (abs)    2.4424906541753444E-015
 par_xsum: difference between integer vector and floating point sums  exceeds tolerance in            1  fields.
   Maximum relative diff: (rel)   3.9554525774985667E-014  (abs)    2.4868995751603507E-013
   Maximum absolute diff: (rel)   3.9554525774985667E-014  (abs)    2.4868995751603507E-013
 par_xsum: difference between integer vector and floating point sums  exceeds tolerance in            4  fields.
   Maximum relative diff: (rel)   3.9958020967728184E-014  (abs)    1.1617373729677638E-012
   Maximum absolute diff: (rel)   3.9958020967728184E-014  (abs)    1.1617373729677638E-012
 par_xsum: difference between integer vector and floating point sums  exceeds tolerance in            2  fields.
   Maximum relative diff: (rel)   1.9034261797162295E-014  (abs)    3.6415315207705135E-014
   Maximum absolute diff: (rel)   1.9034261797162295E-014  (abs)    3.6415315207705135E-014
 par_xsum: difference between integer vector and floating point sums  exceeds tolerance in            1  fields.
   Maximum relative diff: (rel)   1.6032577483630305E-014  (abs)    4.3291947804391384E-010
   Maximum absolute diff: (rel)   1.6032577483630305E-014  (abs)    4.3291947804391384E-010
 par_xsum: difference between integer vector and floating point sums  exceeds tolerance in            3  fields.
   Maximum relative diff: (rel)   1.3110415858329442E-014  (abs)    5.3429483060085659E-016
   Maximum absolute diff: (rel)   1.2544838451011639E-014  (abs)    1.4571677198205180E-015
 par_xsum: difference between integer vector and floating point sums  exceeds tolerance in            1  fields.
   Maximum relative diff: (rel)   2.5018045394193680E-014  (abs)    1.0800249583553523E-011
   Maximum absolute diff: (rel)   2.5018045394193680E-014  (abs)    1.0800249583553523E-011
 par_xsum: difference between integer vector and floating point sums  exceeds tolerance in            2  fields.
   Maximum relative diff: (rel)   2.5393460391910769E-014  (abs)    6.3593574850528967E-013
   Maximum absolute diff: (rel)   2.5393460391910769E-014  (abs)    6.3593574850528967E-013
 par_xsum: difference between integer vector and floating point sums  exceeds tolerance in            3  fields.
   Maximum relative diff: (rel)   2.1736331855958815E-014  (abs)    3.8857805861880479E-016
   Maximum absolute diff: (rel)   1.3450016169874935E-014  (abs)    2.1760371282653068E-014
 par_xsum: difference between integer vector and floating point sums  exceeds tolerance in            1  fields.
   Maximum relative diff: (rel)   1.2674274680393343E-014  (abs)    3.6015990190207958E-010
   Maximum absolute diff: (rel)   1.2674274680393343E-014  (abs)    3.6015990190207958E-010
 par_xsum: difference between integer vector and floating point sums  exceeds tolerance in            3  fields.
   Maximum relative diff: (rel)   6.6796138835478739E-014  (abs)    1.4588295016437769E-009
   Maximum absolute diff: (rel)   6.6796138835478739E-014  (abs)    1.4588295016437769E-009
 par_xsum: difference between integer vector and floating point sums  exceeds tolerance in            1  fields.
   Maximum relative diff: (rel)   1.8157481863704684E-014  (abs)    2.2870594307278225E-014
   Maximum absolute diff: (rel)   1.8157481863704684E-014  (abs)    2.2870594307278225E-014
 par_xsum: difference between integer vector and floating point sums  exceeds tolerance in            1  fields.
 par_xsum: difference between integer vector and floating point sums  exceeds tolerance in            1  fields.
   Maximum relative diff: (rel)   2.4154927734570516E-014  (abs)    1.8118839761882555E-013
   Maximum absolute diff: (rel)   2.4154927734570516E-014  (abs)    1.8118839761882555E-013
   Maximum relative diff: (rel)   2.9147325153239886E-013  (abs)    6.1582683397176652E-016
   Maximum absolute diff: (rel)   2.9147325153239886E-013  (abs)    6.1582683397176652E-016
 par_xsum: difference between integer vector and floating point sums  exceeds tolerance in            1  fields.
   Maximum relative diff: (rel)   1.7617871248887966E-014  (abs)    7.5488060247153044E-011
   Maximum absolute diff: (rel)   1.7617871248887966E-014  (abs)    7.5488060247153044E-011
 par_xsum: difference between integer vector and floating point sums  exceeds tolerance in            5  fields.
   Maximum relative diff: (rel)   2.0422278906023521E-013  (abs)    3.8774539135033592E-014
   Maximum absolute diff: (rel)   4.2999465086700845E-014  (abs)    6.2838623193783860E-014
 par_xsum: difference between integer vector and floating point sums  exceeds tolerance in            1  fields.
   Maximum relative diff: (rel)   1.1202680052449316E-014  (abs)    1.0480505352461478E-013
   Maximum absolute diff: (rel)   1.1202680052449316E-014  (abs)    1.0480505352461478E-013
 par_xsum: difference between integer vector and floating point sums  exceeds tolerance in            1  fields.
   Maximum relative diff: (rel)   2.1317276148643639E-013  (abs)    6.9775296651641838E-012
   Maximum absolute diff: (rel)   2.1317276148643639E-013  (abs)    6.9775296651641838E-012
 par_xsum: difference between integer vector and floating point sums  exceeds tolerance in            2  fields.
   Maximum relative diff: (rel)   7.1676263663974683E-014  (abs)    3.3306690738754696E-013
   Maximum absolute diff: (rel)   7.1676263663974683E-014  (abs)    3.3306690738754696E-013
 par_xsum: difference between integer vector and floating point sums  exceeds tolerance in            3  fields.
 par_xsum: difference between integer vector and floating point sums  exceeds tolerance in            2  fields.
   Maximum relative diff: (rel)   3.0273884376540555E-013  (abs)    2.8634872251132037E-012
   Maximum absolute diff: (rel)   1.0477181380531321E-013  (abs)    6.7501559897209518E-012
   Maximum relative diff: (rel)   1.6900745256293083E-014  (abs)    1.5809575870662229E-013
   Maximum absolute diff: (rel)   1.5047867712305392E-014  (abs)    2.0961010704922955E-013
 par_xsum: difference between integer vector and floating point sums  exceeds tolerance in           22  fields.
 par_xsum: difference between integer vector and floating point sums  exceeds tolerance in            1  fields.
   Maximum relative diff: (rel)   2.3738132568808856E-012  (abs)    9.1038288019262836E-013
   Maximum absolute diff: (rel)   3.4407831752688358E-014  (abs)    5.5138116294983774E-012
   Maximum relative diff: (rel)   1.4217158944839847E-014  (abs)    2.4513724383723456E-013
   Maximum absolute diff: (rel)   1.4217158944839847E-014  (abs)    2.4513724383723456E-013
 par_xsum: difference between integer vector and floating point sums  exceeds tolerance in            1  fields.
   Maximum relative diff: (rel)   1.3556854470021688E-014  (abs)    3.0908609005564358E-013
   Maximum absolute diff: (rel)   1.3556854470021688E-014  (abs)    3.0908609005564358E-013
 par_xsum: difference between integer vector and floating point sums  exceeds tolerance in            1  fields.
   Maximum relative diff: (rel)   3.0509695134108789E-014  (abs)    1.2700951401711791E-013
   Maximum absolute diff: (rel)   3.0509695134108789E-014  (abs)    1.2700951401711791E-013
 par_xsum: difference between integer vector and floating point sums  exceeds tolerance in            3  fields.
   Maximum relative diff: (rel)   2.2410436124813506E-014  (abs)    1.9428902930940239E-014
   Maximum absolute diff: (rel)   1.3339791613396117E-014  (abs)    3.7303493627405260E-013
 par_xsum: difference between integer vector and floating point sums  exceeds tolerance in            8  fields.
   Maximum relative diff: (rel)   5.4395812617914138E-013  (abs)    3.5605199344423966E-016
   Maximum absolute diff: (rel)   1.9880479181414461E-014  (abs)    1.0547118733938987E-015
 par_xsum: difference between integer vector and floating point sums  exceeds tolerance in            5  fields.
   Maximum relative diff: (rel)   5.0258051319005489E-013  (abs)    1.1990408665951691E-012
 par_xsum: difference between integer vector and floating point sums  exceeds tolerance in            1  fields.
   Maximum relative diff: (rel)   1.3071731631778387E-013  (abs)    1.7807977314987511E-013
   Maximum absolute diff: (rel)   1.3071731631778387E-013  (abs)    1.7807977314987511E-013
   Maximum absolute diff: (rel)   1.2981373107094372E-014  (abs)    2.7284841053187847E-012
 par_xsum: difference between integer vector and floating point sums  exceeds tolerance in            5  fields.
   Maximum relative diff: (rel)   1.1876424563867204E-013  (abs)    6.2794214272798854E-013
   Maximum absolute diff: (rel)   1.1876424563867204E-013  (abs)    6.2794214272798854E-013
 par_xsum: difference between integer vector and floating point sums  exceeds tolerance in            3  fields.
   Maximum relative diff: (rel)   5.1828643649583845E-013  (abs)    1.5820678100908481E-015
   Maximum absolute diff: (rel)   1.3095895274431571E-014  (abs)    2.5535129566378600E-015
 par_xsum: difference between integer vector and floating point sums  exceeds tolerance in            1  fields.
   Maximum relative diff: (rel)   1.0940051464719703E-014  (abs)    1.6164847238542279E-013
   Maximum absolute diff: (rel)   1.0940051464719703E-014  (abs)    1.6164847238542279E-013
 par_xsum: difference between integer vector and floating point sums  exceeds tolerance in            1  fields.
   Maximum relative diff: (rel)   7.4942606975635089E-014  (abs)    6.9803718361072242E-011
   Maximum absolute diff: (rel)   7.4942606975635089E-014  (abs)    6.9803718361072242E-011
 par_xsum: difference between integer vector and floating point sums  exceeds tolerance in            1  fields.
   Maximum relative diff: (rel)   9.4342105912244510E-013  (abs)    5.7286532288702841E-017
   Maximum absolute diff: (rel)   9.4342105912244510E-013  (abs)    5.7286532288702841E-017
 par_xsum: difference between integer vector and floating point sums  exceeds tolerance in            3  fields.
   Maximum relative diff: (rel)   1.6336775871742191E-014  (abs)    6.7302607931196690E-011
   Maximum absolute diff: (rel)   1.6336775871742191E-014  (abs)    6.7302607931196690E-011
 par_xsum: difference between integer vector and floating point sums  exceeds tolerance in            1  fields.
   Maximum relative diff: (rel)   1.1696574899203714E-014  (abs)    8.2422957348171622E-013
   Maximum absolute diff: (rel)   1.1696574899203714E-014  (abs)    8.2422957348171622E-013
 par_xsum: difference between integer vector and floating point sums  exceeds tolerance in            2  fields.
   Maximum relative diff: (rel)   2.1686327259019868E-014  (abs)    1.4892975741531700E-011
   Maximum absolute diff: (rel)   2.1686327259019868E-014  (abs)    1.4892975741531700E-011
 par_xsum: difference between integer vector and floating point sums  exceeds tolerance in            1  fields.
   Maximum relative diff: (rel)   1.0916555189271136E-014  (abs)    3.1571967262777889E-016
   Maximum absolute diff: (rel)   1.0916555189271136E-014  (abs)    3.1571967262777889E-016
 par_xsum: difference between integer vector and floating point sums  exceeds tolerance in            1  fields.
 par_xsum: difference between integer vector and floating point sums  exceeds tolerance in            1  fields.
   Maximum relative diff: (rel)   4.0233501917179466E-014  (abs)    1.3253287356462806E-015
   Maximum relative diff: (rel)   1.0532580210287191E-014  (abs)    1.7462298274040222E-010
   Maximum absolute diff: (rel)   4.0233501917179466E-014  (abs)    1.3253287356462806E-015
   Maximum absolute diff: (rel)   1.0532580210287191E-014  (abs)    1.7462298274040222E-010
 par_xsum: difference between integer vector and floating point sums  exceeds tolerance in            1  fields.
   Maximum relative diff: (rel)   3.5731242572278658E-014  (abs)    5.2757798130187439E-013
   Maximum absolute diff: (rel)   3.5731242572278658E-014  (abs)    5.2757798130187439E-013
 par_xsum: difference between integer vector and floating point sums  exceeds tolerance in            2  fields.
   Maximum relative diff: (rel)   3.1705313076051893E-014  (abs)    9.3813845580825728E-015
   Maximum absolute diff: (rel)   3.1705313076051893E-014  (abs)    9.3813845580825728E-015
 par_xsum: difference between integer vector and floating point sums  exceeds tolerance in            1  fields.
   Maximum relative diff: (rel)   1.8252973116214798E-014  (abs)    7.0485839387401938E-012
   Maximum absolute diff: (rel)   1.8252973116214798E-014  (abs)    7.0485839387401938E-012
 par_xsum: difference between integer vector and floating point sums  exceeds tolerance in            1  fields.
   Maximum relative diff: (rel)   1.9929193925304380E-014  (abs)    1.5454304502782179E-013
   Maximum absolute diff: (rel)   1.9929193925304380E-014  (abs)    1.5454304502782179E-013
 par_xsum: difference between integer vector and floating point sums  exceeds tolerance in            1  fields.
   Maximum relative diff: (rel)   1.2865225921647788E-014  (abs)    7.0485839387401938E-012
   Maximum absolute diff: (rel)   1.2865225921647788E-014  (abs)    7.0485839387401938E-012
 par_xsum: difference between integer vector and floating point sums  exceeds tolerance in            2  fields.
   Maximum relative diff: (rel)   8.0462589603479536E-013  (abs)    8.3764462033286691E-010
   Maximum absolute diff: (rel)   1.1057123476576697E-014  (abs)    9.7497832030057907E-010
 par_xsum: difference between integer vector and floating point sums  exceeds tolerance in            1  fields.
   Maximum relative diff: (rel)   2.5556467431068472E-014  (abs)    1.8758328224066645E-012
   Maximum absolute diff: (rel)   2.5556467431068472E-014  (abs)    1.8758328224066645E-012
 par_xsum: difference between integer vector and floating point sums  exceeds tolerance in            2  fields.
   Maximum relative diff: (rel)   7.2629327787575381E-014  (abs)    3.1263880373444408E-013
   Maximum absolute diff: (rel)   1.2150575832019807E-014  (abs)    8.9528384705772623E-013
 par_xsum: difference between integer vector and floating point sums  exceeds tolerance in            1  fields.
   Maximum relative diff: (rel)   1.3335890291593179E-014  (abs)    4.2840838432312012E-008
   Maximum absolute diff: (rel)   1.3335890291593179E-014  (abs)    4.2840838432312012E-008
 par_xsum: difference between integer vector and floating point sums  exceeds tolerance in            1  fields.
   Maximum relative diff: (rel)   1.3498473884204914E-014  (abs)    2.2898349882893854E-016
   Maximum absolute diff: (rel)   1.3498473884204914E-014  (abs)    2.2898349882893854E-016
 par_xsum: difference between integer vector and floating point sums  exceeds tolerance in            1  fields.
   Maximum relative diff: (rel)   1.5621379838099219E-014  (abs)    7.9580786405131221E-012
   Maximum absolute diff: (rel)   1.5621379838099219E-014  (abs)    7.9580786405131221E-012
 par_xsum: difference between integer vector and floating point sums  exceeds tolerance in            3  fields.
   Maximum relative diff: (rel)   5.4556710675263776E-014  (abs)    6.9215466691474603E-016
   Maximum absolute diff: (rel)   3.1895387877579641E-014  (abs)    8.3266726846886741E-015
 par_xsum: difference between integer vector and floating point sums  exceeds tolerance in            1  fields.
   Maximum relative diff: (rel)   6.6160517973533338E-014  (abs)    1.3600232051658168E-015
   Maximum absolute diff: (rel)   6.6160517973533338E-014  (abs)    1.3600232051658168E-015
 par_xsum: difference between integer vector and floating point sums  exceeds tolerance in            1  fields.
   Maximum relative diff: (rel)   2.7298857920718730E-014  (abs)    3.9745984281580604E-014
   Maximum absolute diff: (rel)   2.7298857920718730E-014  (abs)    3.9745984281580604E-014
 par_xsum: difference between integer vector and floating point sums  exceeds tolerance in            1  fields.
   Maximum relative diff: (rel)   1.5465459861870837E-014  (abs)    2.4646951146678475E-014
   Maximum absolute diff: (rel)   1.5465459861870837E-014  (abs)    2.4646951146678475E-014
 par_xsum: difference between integer vector and floating point sums  exceeds tolerance in            2  fields.
   Maximum relative diff: (rel)   1.6169952754818409E-014  (abs)    1.1723955140041653E-013
   Maximum absolute diff: (rel)   1.3491110344572468E-014  (abs)    5.1841198001056910E-011
 par_xsum: difference between integer vector and floating point sums  exceeds tolerance in            2  fields.
   Maximum relative diff: (rel)   1.5620585324970379E-013  (abs)    5.8051341511600185E-012
   Maximum absolute diff: (rel)   1.1745126982830411E-014  (abs)    3.4924596548080444E-010
 par_xsum: difference between integer vector and floating point sums  exceeds tolerance in            2  fields.
 par_xsum: difference between integer vector and floating point sums  exceeds tolerance in            1  fields.
   Maximum relative diff: (rel)   6.4230682483896315E-014  (abs)    7.1470607210244452E-015
   Maximum absolute diff: (rel)   6.4230682483896315E-014  (abs)    7.1470607210244452E-015
   Maximum relative diff: (rel)   1.0834844768465770E-014  (abs)    1.6653345369377348E-015
   Maximum absolute diff: (rel)   1.0495581235699692E-014  (abs)    2.0206059048177849E-014
 par_xsum: difference between integer vector and floating point sums  exceeds tolerance in            1  fields.
   Maximum relative diff: (rel)   3.5059267735359264E-014  (abs)    5.8397731095283234E-014
   Maximum absolute diff: (rel)   3.5059267735359264E-014  (abs)    5.8397731095283234E-014
 par_xsum: difference between integer vector and floating point sums  exceeds tolerance in            5  fields.
   Maximum relative diff: (rel)   3.7204263512690526E-014  (abs)    3.5388358909926865E-016
   Maximum absolute diff: (rel)   1.2780627856610204E-014  (abs)    3.6637359812630166E-015
 par_xsum: difference between integer vector and floating point sums  exceeds tolerance in            2  fields.
   Maximum relative diff: (rel)   2.8690335226134014E-014  (abs)    4.6185277824406512E-013
   Maximum absolute diff: (rel)   2.8690335226134014E-014  (abs)    4.6185277824406512E-013
 par_xsum: difference between integer vector and floating point sums  exceeds tolerance in            1  fields.
   Maximum relative diff: (rel)   4.6143499489031871E-014  (abs)    9.5409791178724390E-016
   Maximum absolute diff: (rel)   4.6143499489031871E-014  (abs)    9.5409791178724390E-016
 par_xsum: difference between integer vector and floating point sums  exceeds tolerance in            3  fields.
   Maximum relative diff: (rel)   5.4940887271969076E-014  (abs)    9.7699626167013776E-013
   Maximum absolute diff: (rel)   1.3421818267297854E-014  (abs)    2.4442670110147446E-012
 par_xsum: difference between integer vector and floating point sums  exceeds tolerance in            1  fields.
   Maximum relative diff: (rel)   3.8298446101004665E-014  (abs)    4.0766001685454967E-016
   Maximum absolute diff: (rel)   3.8298446101004665E-014  (abs)    4.0766001685454967E-016
 par_xsum: difference between integer vector and floating point sums  exceeds tolerance in            1  fields.
   Maximum relative diff: (rel)   1.6328646180055361E-014  (abs)    1.1013412404281553E-013
   Maximum absolute diff: (rel)   1.6328646180055361E-014  (abs)    1.1013412404281553E-013
 par_xsum: difference between integer vector and floating point sums  exceeds tolerance in            1  fields.
   Maximum relative diff: (rel)   1.6348150295591312E-014  (abs)    3.9079850466805510E-014
 par_xsum: difference between integer vector and floating point sums  exceeds tolerance in            2  fields.
   Maximum relative diff: (rel)   1.1791650858816923E-013  (abs)    2.0001778011646820E-012
   Maximum absolute diff: (rel)   1.9463267400512635E-014  (abs)    1.6029844118747860E-011
   Maximum absolute diff: (rel)   1.6348150295591312E-014  (abs)    3.9079850466805510E-014
 par_xsum: difference between integer vector and floating point sums  exceeds tolerance in            1  fields.
   Maximum relative diff: (rel)   1.4485499312812628E-014  (abs)    6.3143934525555778E-016
   Maximum absolute diff: (rel)   1.4485499312812628E-014  (abs)    6.3143934525555778E-016
 par_xsum: difference between integer vector and floating point sums  exceeds tolerance in            1  fields.
   Maximum relative diff: (rel)   1.2445684978475032E-014  (abs)    4.8849813083506888E-014
   Maximum absolute diff: (rel)   1.2445684978475032E-014  (abs)    4.8849813083506888E-014
 par_xsum: difference between integer vector and floating point sums  exceeds tolerance in            1  fields.
   Maximum relative diff: (rel)   1.5980297385957634E-014  (abs)    9.6633812063373625E-013
   Maximum absolute diff: (rel)   1.5980297385957634E-014  (abs)    9.6633812063373625E-013
 par_xsum: difference between integer vector and floating point sums  exceeds tolerance in            2  fields.
   Maximum relative diff: (rel)   2.5010577696514360E-014  (abs)    4.9737991503207013E-013
   Maximum absolute diff: (rel)   2.5010577696514360E-014  (abs)    4.9737991503207013E-013
 par_xsum: difference between integer vector and floating point sums  exceeds tolerance in            2  fields.
   Maximum relative diff: (rel)   4.0116194371818431E-014  (abs)    2.4374458007514477E-009
   Maximum absolute diff: (rel)   4.0116194371818431E-014  (abs)    2.4374458007514477E-009
 par_xsum: difference between integer vector and floating point sums  exceeds tolerance in            2  fields.
   Maximum relative diff: (rel)   3.5644471852841585E-014  (abs)    1.1937117960769683E-011
   Maximum absolute diff: (rel)   3.5644471852841585E-014  (abs)    1.1937117960769683E-011
 par_xsum: difference between integer vector and floating point sums  exceeds tolerance in            2  fields.
   Maximum relative diff: (rel)   3.0546083672149204E-014  (abs)    5.9063864910058328E-014
   Maximum absolute diff: (rel)   3.0546083672149204E-014  (abs)    5.9063864910058328E-014
 par_xsum: difference between integer vector and floating point sums  exceeds tolerance in            1  fields.
   Maximum relative diff: (rel)   1.3403821620326662E-014  (abs)    1.1937117960769683E-012
   Maximum absolute diff: (rel)   1.3403821620326662E-014  (abs)    1.1937117960769683E-012
 par_xsum: difference between integer vector and floating point sums  exceeds tolerance in            1  fields.
   Maximum relative diff: (rel)   4.0575566389782206E-014  (abs)    1.0581813203458523E-015
   Maximum absolute diff: (rel)   4.0575566389782206E-014  (abs)    1.0581813203458523E-015
 par_xsum: difference between integer vector and floating point sums  exceeds tolerance in            2  fields.
   Maximum relative diff: (rel)   2.6815235147133981E-014  (abs)    5.6843418860808015E-014
   Maximum absolute diff: (rel)   2.6815235147133981E-014  (abs)    5.6843418860808015E-014
 par_xsum: difference between integer vector and floating point sums  exceeds tolerance in            2  fields.
   Maximum relative diff: (rel)   1.1158941077861113E-013  (abs)    2.5590640717609858E-014
   Maximum absolute diff: (rel)   1.1158941077861113E-013  (abs)    2.5590640717609858E-014
 par_xsum: difference between integer vector and floating point sums  exceeds tolerance in            1  fields.
 par_xsum: difference between integer vector and floating point sums  exceeds tolerance in            2  fields.
   Maximum relative diff: (rel)   1.8185507586244686E-013  (abs)    7.4862782639684156E-011
   Maximum relative diff: (rel)   1.2688452235635337E-014  (abs)    7.3552275381416621E-016
   Maximum absolute diff: (rel)   1.2688452235635337E-014  (abs)    7.3552275381416621E-016
   Maximum absolute diff: (rel)   1.8185507586244686E-013  (abs)    7.4862782639684156E-011
 par_xsum: difference between integer vector and floating point sums  exceeds tolerance in            1  fields.
   Maximum relative diff: (rel)   7.0193218702062934E-014  (abs)    1.4210854715202004E-013
   Maximum absolute diff: (rel)   7.0193218702062934E-014  (abs)    1.4210854715202004E-013
 par_xsum: difference between integer vector and floating point sums  exceeds tolerance in            1  fields.
   Maximum relative diff: (rel)   1.1784171710946988E-014  (abs)    3.7747582837255322E-015
   Maximum absolute diff: (rel)   1.1784171710946988E-014  (abs)    3.7747582837255322E-015
 par_xsum: difference between integer vector and floating point sums  exceeds tolerance in            3  fields.
   Maximum relative diff: (rel)   5.2968763711723324E-014  (abs)    1.3669620990697240E-015
   Maximum absolute diff: (rel)   2.0988368025419845E-014  (abs)    1.5347723092418164E-011
 par_xsum: difference between integer vector and floating point sums  exceeds tolerance in            7  fields.
   Maximum relative diff: (rel)   5.5841279968683189E-014  (abs)    4.3431924723336124E-013
   Maximum absolute diff: (rel)   2.0854126642073202E-014  (abs)    6.4233063312713057E-012
 par_xsum: difference between integer vector and floating point sums  exceeds tolerance in            1  fields.
 par_xsum: difference between integer vector and floating point sums  exceeds tolerance in            1  fields.
   Maximum relative diff: (rel)   1.1257938690306720E-014  (abs)    3.6237679523765109E-013
   Maximum absolute diff: (rel)   1.1257938690306720E-014  (abs)    3.6237679523765109E-013
   Maximum relative diff: (rel)   1.4785572144382417E-014  (abs)    3.3040237212844659E-013
   Maximum absolute diff: (rel)   1.4785572144382417E-014  (abs)    3.3040237212844659E-013
 par_xsum: difference between integer vector and floating point sums  exceeds tolerance in            3  fields.
   Maximum relative diff: (rel)   6.5932516237521264E-014  (abs)    1.4388490399142029E-012
   Maximum absolute diff: (rel)   1.8121303812282020E-014  (abs)    2.0179413695586845E-012
 par_xsum: difference between integer vector and floating point sums  exceeds tolerance in           12  fields.
   Maximum relative diff: (rel)   2.4321644711248811E-014  (abs)    4.1779912862693891E-012
   Maximum absolute diff: (rel)   2.1613190889233770E-014  (abs)    4.7748471843078732E-012
 par_xsum: difference between integer vector and floating point sums  exceeds tolerance in            1  fields.
   Maximum relative diff: (rel)   4.3500984010300072E-012  (abs)    1.4503953593703045E-012
   Maximum absolute diff: (rel)   4.3500984010300072E-012  (abs)    1.4503953593703045E-012
 par_xsum: difference between integer vector and floating point sums  exceeds tolerance in            5  fields.
   Maximum relative diff: (rel)   3.1185179055128176E-014  (abs)    1.1457501614131615E-013
   Maximum absolute diff: (rel)   1.1460741726035762E-014  (abs)    2.5863755581667647E-012
 par_xsum: difference between integer vector and floating point sums  exceeds tolerance in            1  fields.
   Maximum relative diff: (rel)   1.2310474892183161E-014  (abs)    2.4158453015843406E-013
   Maximum absolute diff: (rel)   1.2310474892183161E-014  (abs)    2.4158453015843406E-013
 par_xsum: difference between integer vector and floating point sums  exceeds tolerance in            3  fields.
   Maximum relative diff: (rel)   1.2648341257884074E-013  (abs)    4.7961634663806763E-014
   Maximum absolute diff: (rel)   1.2648341257884074E-013  (abs)    4.7961634663806763E-014
 par_xsum: difference between integer vector and floating point sums  exceeds tolerance in            1  fields.
   Maximum relative diff: (rel)   4.1225324541195791E-014  (abs)    1.4699352846037073E-013
   Maximum absolute diff: (rel)   4.1225324541195791E-014  (abs)    1.4699352846037073E-013
 par_xsum: difference between integer vector and floating point sums  exceeds tolerance in            7  fields.
   Maximum relative diff: (rel)   9.8808077711735120E-014  (abs)    1.9298798670241979E-017
   Maximum absolute diff: (rel)   3.1587339807493724E-014  (abs)    3.1641356201816961E-015
 par_xsum: difference between integer vector and floating point sums  exceeds tolerance in            1  fields.
 par_xsum: difference between integer vector and floating point sums  exceeds tolerance in            1  fields.
   Maximum relative diff: (rel)   2.3316741074578195E-014  (abs)    2.0955459589799830E-015
   Maximum absolute diff: (rel)   2.3316741074578195E-014  (abs)    2.0955459589799830E-015
   Maximum relative diff: (rel)   2.2169339275097407E-014  (abs)    2.1138646388862981E-013
   Maximum absolute diff: (rel)   2.2169339275097407E-014  (abs)    2.1138646388862981E-013
 par_xsum: difference between integer vector and floating point sums  exceeds tolerance in            1  fields.
   Maximum relative diff: (rel)   1.1322768364000706E-014  (abs)    4.2188474935755949E-014
   Maximum absolute diff: (rel)   1.1322768364000706E-014  (abs)    4.2188474935755949E-014
 par_xsum: difference between integer vector and floating point sums  exceeds tolerance in            2  fields.
   Maximum relative diff: (rel)   1.3064066427787029E-014  (abs)    4.8885340220294893E-012
   Maximum absolute diff: (rel)   1.0303994958158735E-014  (abs)    2.9467628337442875E-010
 par_xsum: difference between integer vector and floating point sums  exceeds tolerance in            2  fields.
   Maximum relative diff: (rel)   1.9145868902041028E-014  (abs)    3.8369307731045410E-013
   Maximum absolute diff: (rel)   1.8827710089513561E-014  (abs)    1.1004885891452432E-010
 par_xsum: difference between integer vector and floating point sums  exceeds tolerance in            1  fields.
   Maximum relative diff: (rel)   1.4643091391710628E-014  (abs)    2.3758772726978350E-014
   Maximum absolute diff: (rel)   1.4643091391710628E-014  (abs)    2.3758772726978350E-014
 par_xsum: difference between integer vector and floating point sums  exceeds tolerance in            3  fields.
   Maximum relative diff: (rel)   1.7880381699465985E-014  (abs)    3.2116531656356528E-012
   Maximum absolute diff: (rel)   1.7880381699465985E-014  (abs)    3.2116531656356528E-012
 par_xsum: difference between integer vector and floating point sums  exceeds tolerance in            1  fields.
   Maximum relative diff: (rel)   1.1202937159134662E-014  (abs)    6.8521577301083880E-017
   Maximum absolute diff: (rel)   1.1202937159134662E-014  (abs)    6.8521577301083880E-017
 par_xsum: difference between integer vector and floating point sums  exceeds tolerance in            1  fields.
   Maximum relative diff: (rel)   1.2032419501369941E-014  (abs)    2.7739588404074311E-011
   Maximum absolute diff: (rel)   1.2032419501369941E-014  (abs)    2.7739588404074311E-011
 par_xsum: difference between integer vector and floating point sums  exceeds tolerance in            1  fields.
   Maximum relative diff: (rel)   2.4261154741977320E-014  (abs)    9.9134922493249178E-011
   Maximum absolute diff: (rel)   2.4261154741977320E-014  (abs)    9.9134922493249178E-011
 par_xsum: difference between integer vector and floating point sums  exceeds tolerance in            1  fields.
   Maximum relative diff: (rel)   9.6046466786714481E-014  (abs)    2.0150991986156441E-011
   Maximum absolute diff: (rel)   9.6046466786714481E-014  (abs)    2.0150991986156441E-011
 par_xsum: difference between integer vector and floating point sums  exceeds tolerance in            2  fields.
   Maximum relative diff: (rel)   1.3955165134584985E-014  (abs)    4.8294701571194310E-015
   Maximum absolute diff: (rel)   1.3955165134584985E-014  (abs)    4.8294701571194310E-015
 par_xsum: difference between integer vector and floating point sums  exceeds tolerance in            2  fields.
   Maximum relative diff: (rel)   1.1258854071143310E-013  (abs)    7.2719608112947753E-015
   Maximum absolute diff: (rel)   2.0427241846005181E-014  (abs)    1.8474111129762605E-012
 par_xsum: difference between integer vector and floating point sums  exceeds tolerance in            5  fields.
   Maximum relative diff: (rel)   4.4603000799544704E-014  (abs)    7.9307937994599342E-010
   Maximum absolute diff: (rel)   1.1724936719374712E-014  (abs)    1.3533281162381172E-009
 par_xsum: difference between integer vector and floating point sums  exceeds tolerance in            1  fields.
   Maximum relative diff: (rel)   3.3683854188723222E-014  (abs)    3.4106051316484809E-013
   Maximum absolute diff: (rel)   3.3683854188723222E-014  (abs)    3.4106051316484809E-013
 par_xsum: difference between integer vector and floating point sums  exceeds tolerance in            2  fields.
 par_xsum: difference between integer vector and floating point sums  exceeds tolerance in            1  fields.
   Maximum relative diff: (rel)   3.5621966552594475E-013  (abs)    3.7289282772690058E-011
   Maximum absolute diff: (rel)   3.5621966552594475E-013  (abs)    3.7289282772690058E-011
   Maximum relative diff: (rel)   1.3856416517669461E-013  (abs)    1.7652546091539989E-013
   Maximum absolute diff: (rel)   1.8049662017958706E-014  (abs)    6.2527760746888816E-013
 par_xsum: difference between integer vector and floating point sums  exceeds tolerance in            1  fields.
   Maximum relative diff: (rel)   1.3458815289354973E-014  (abs)    4.3200998334214091E-012
   Maximum absolute diff: (rel)   1.3458815289354973E-014  (abs)    4.3200998334214091E-012
 par_xsum: difference between integer vector and floating point sums  exceeds tolerance in            2  fields.
   Maximum relative diff: (rel)   1.0893483084375905E-014  (abs)    2.5313084961453569E-014
   Maximum absolute diff: (rel)   1.0826932414398672E-014  (abs)    2.6290081223123707E-013
 par_xsum: difference between integer vector and floating point sums  exceeds tolerance in            1  fields.
   Maximum relative diff: (rel)   1.7861312679392766E-014  (abs)    3.7252902984619141E-008
 par_xsum: difference between integer vector and floating point sums  exceeds tolerance in            6  fields.
   Maximum relative diff: (rel)   6.7309342798073031E-014  (abs)    1.9584334154387761E-013
   Maximum absolute diff: (rel)   3.3415877162716391E-014  (abs)    5.0590642786119133E-012
   Maximum absolute diff: (rel)   1.7861312679392766E-014  (abs)    3.7252902984619141E-008
 par_xsum: difference between integer vector and floating point sums  exceeds tolerance in            1  fields.
   Maximum relative diff: (rel)   2.3116128786524334E-014  (abs)    2.4563684419831588E-015
   Maximum absolute diff: (rel)   2.3116128786524334E-014  (abs)    2.4563684419831588E-015
 par_xsum: difference between integer vector and floating point sums  exceeds tolerance in            1  fields.
   Maximum relative diff: (rel)   3.3362340563667955E-014  (abs)    6.7057470687359455E-014
   Maximum absolute diff: (rel)   3.3362340563667955E-014  (abs)    6.7057470687359455E-014
 par_xsum: difference between integer vector and floating point sums  exceeds tolerance in            4  fields.
   Maximum relative diff: (rel)   4.4361255361710535E-014  (abs)    1.4097167877480388E-010
   Maximum absolute diff: (rel)   1.5774059368100185E-014  (abs)    2.0954757928848267E-009
 par_xsum: difference between integer vector and floating point sums  exceeds tolerance in            1  fields.
   Maximum relative diff: (rel)   1.7685934278226775E-014  (abs)    3.6834535421803594E-011
   Maximum absolute diff: (rel)   1.7685934278226775E-014  (abs)    3.6834535421803594E-011
 par_xsum: difference between integer vector and floating point sums  exceeds tolerance in            1  fields.
   Maximum relative diff: (rel)   8.4472410720445223E-013  (abs)    8.4949408618584243E-015
   Maximum absolute diff: (rel)   8.4472410720445223E-013  (abs)    8.4949408618584243E-015
 par_xsum: difference between integer vector and floating point sums  exceeds tolerance in            2  fields.
   Maximum relative diff: (rel)   6.6350432221704726E-014  (abs)    1.1013412404281553E-013
   Maximum absolute diff: (rel)   1.6707997572736178E-014  (abs)    1.4352963262354024E-012
 par_xsum: difference between integer vector and floating point sums  exceeds tolerance in            2  fields.
   Maximum relative diff: (rel)   3.9083374620697975E-014  (abs)    1.1587952819525071E-015
   Maximum absolute diff: (rel)   3.9083374620697975E-014  (abs)    1.1587952819525071E-015
 par_xsum: difference between integer vector and floating point sums  exceeds tolerance in            2  fields.
   Maximum relative diff: (rel)   9.3849772941622900E-014  (abs)    1.9650947535865271E-014
   Maximum absolute diff: (rel)   9.3849772941622900E-014  (abs)    1.9650947535865271E-014
 par_xsum: difference between integer vector and floating point sums  exceeds tolerance in            2  fields.
   Maximum relative diff: (rel)   1.2023558133203070E-013  (abs)    3.0198066269804258E-014
   Maximum absolute diff: (rel)   1.2023558133203070E-013  (abs)    3.0198066269804258E-014
 par_xsum: difference between integer vector and floating point sums  exceeds tolerance in            1  fields.
   Maximum relative diff: (rel)   1.8232459265753208E-013  (abs)    9.6367358537463588E-013
   Maximum absolute diff: (rel)   1.8232459265753208E-013  (abs)    9.6367358537463588E-013
 par_xsum: difference between integer vector and floating point sums  exceeds tolerance in            7  fields.
   Maximum relative diff: (rel)   1.4104159224449795E-012  (abs)    5.6288307348495437E-013
   Maximum absolute diff: (rel)   1.4104159224449795E-012  (abs)    5.6288307348495437E-013
 par_xsum: difference between integer vector and floating point sums  exceeds tolerance in            1  fields.
   Maximum relative diff: (rel)   5.8661502266594515E-014  (abs)    2.9198865547641617E-014
   Maximum absolute diff: (rel)   5.8661502266594515E-014  (abs)    2.9198865547641617E-014
 par_xsum: difference between integer vector and floating point sums  exceeds tolerance in            2  fields.
   Maximum relative diff: (rel)   1.1355762066638258E-014  (abs)    2.4633073358870661E-016
   Maximum absolute diff: (rel)   1.0287465122839920E-014  (abs)    6.5225602696727947E-016
 par_xsum: difference between integer vector and floating point sums  exceeds tolerance in            1  fields.
   Maximum relative diff: (rel)   3.1972324947663290E-013  (abs)    1.2099696244938229E-015
   Maximum absolute diff: (rel)   3.1972324947663290E-013  (abs)    1.2099696244938229E-015
 par_xsum: difference between integer vector and floating point sums  exceeds tolerance in            1  fields.
   Maximum relative diff: (rel)   1.4109299689477993E-014  (abs)    6.8001160258290838E-016
   Maximum absolute diff: (rel)   1.4109299689477993E-014  (abs)    6.8001160258290838E-016
 par_xsum: difference between integer vector and floating point sums  exceeds tolerance in            2  fields.
   Maximum relative diff: (rel)   1.2322160350925207E-014  (abs)    2.1371793224034263E-015
   Maximum absolute diff: (rel)   1.2322160350925207E-014  (abs)    2.1371793224034263E-015
 par_xsum: difference between integer vector and floating point sums  exceeds tolerance in            1  fields.
   Maximum relative diff: (rel)   1.2967375642983292E-014  (abs)    1.0942358130705543E-012
   Maximum absolute diff: (rel)   1.2967375642983292E-014  (abs)    1.0942358130705543E-012
 par_xsum: difference between integer vector and floating point sums  exceeds tolerance in            1  fields.
   Maximum relative diff: (rel)   1.1670843698139027E-014  (abs)    1.3600232051658168E-015
   Maximum absolute diff: (rel)   1.1670843698139027E-014  (abs)    1.3600232051658168E-015
 par_xsum: difference between integer vector and floating point sums  exceeds tolerance in            1  fields.
   Maximum relative diff: (rel)   1.1534265638651104E-014  (abs)    5.2580162446247414E-013
   Maximum absolute diff: (rel)   1.1534265638651104E-014  (abs)    5.2580162446247414E-013
 par_xsum: difference between integer vector and floating point sums  exceeds tolerance in            2  fields.
   Maximum relative diff: (rel)   1.2711699842090335E-014  (abs)    5.5138116294983774E-012
   Maximum absolute diff: (rel)   1.2711699842090335E-014  (abs)    5.5138116294983774E-012
 par_xsum: difference between integer vector and floating point sums  exceeds tolerance in            1  fields.
   Maximum relative diff: (rel)   3.6614854713936687E-014  (abs)    7.6738615462090820E-013
   Maximum absolute diff: (rel)   3.6614854713936687E-014  (abs)    7.6738615462090820E-013
 par_xsum: difference between integer vector and floating point sums  exceeds tolerance in            1  fields.
   Maximum relative diff: (rel)   2.1234473885012357E-014  (abs)    1.4210854715202004E-011
   Maximum absolute diff: (rel)   2.1234473885012357E-014  (abs)    1.4210854715202004E-011
 par_xsum: difference between integer vector and floating point sums  exceeds tolerance in            2  fields.
   Maximum relative diff: (rel)   3.3239698077148163E-014  (abs)    6.4304117586289067E-013
   Maximum absolute diff: (rel)   3.3239698077148163E-014  (abs)    6.4304117586289067E-013
 par_xsum: difference between integer vector and floating point sums  exceeds tolerance in            2  fields.
   Maximum relative diff: (rel)   1.5378652904994432E-014  (abs)    7.8159700933611020E-014
   Maximum absolute diff: (rel)   1.5378652904994432E-014  (abs)    7.8159700933611020E-014
 par_xsum: difference between integer vector and floating point sums  exceeds tolerance in            2  fields.
   Maximum relative diff: (rel)   2.5672264245801105E-014  (abs)    2.2030988144905450E-016
   Maximum absolute diff: (rel)   1.3832480306702102E-014  (abs)    5.6898930012039273E-016
 par_xsum: difference between integer vector and floating point sums  exceeds tolerance in            1  fields.
   Maximum relative diff: (rel)   1.0345836568132727E-014  (abs)    1.0103029524088925E-014
   Maximum absolute diff: (rel)   1.0345836568132727E-014  (abs)    1.0103029524088925E-014
 par_xsum: difference between integer vector and floating point sums  exceeds tolerance in            1  fields.
   Maximum relative diff: (rel)   1.8152904644536797E-014  (abs)    6.6791017161449417E-013
   Maximum absolute diff: (rel)   1.8152904644536797E-014  (abs)    6.6791017161449417E-013
 par_xsum: difference between integer vector and floating point sums  exceeds tolerance in            1  fields.
   Maximum relative diff: (rel)   2.5585638721322662E-014  (abs)    5.7287508070658077E-014
   Maximum absolute diff: (rel)   2.5585638721322662E-014  (abs)    5.7287508070658077E-014
 par_xsum: difference between integer vector and floating point sums  exceeds tolerance in            2  fields.
   Maximum relative diff: (rel)   4.6623097711526295E-014  (abs)    7.1123662515049091E-017
   Maximum absolute diff: (rel)   1.0099509612013789E-014  (abs)    1.0234868508263162E-016
 par_xsum: difference between integer vector and floating point sums  exceeds tolerance in            9  fields.
   Maximum relative diff: (rel)   4.9007257431694685E-013  (abs)    2.7033930649622562E-013
   Maximum absolute diff: (rel)   1.3557488832247287E-014  (abs)    4.9737991503207013E-013
 par_xsum: difference between integer vector and floating point sums  exceeds tolerance in            9  fields.
   Maximum relative diff: (rel)   1.6654249021814385E-013  (abs)    2.5792701308091637E-012
   Maximum absolute diff: (rel)   1.0673177602525780E-013  (abs)    7.0059513745945878E-012
 par_xsum: difference between integer vector and floating point sums  exceeds tolerance in            2  fields.
   Maximum relative diff: (rel)   1.8319078436759107E-014  (abs)    4.8672177399566863E-013
   Maximum absolute diff: (rel)   1.1292052222492964E-014  (abs)    6.0396132539608516E-013
 par_xsum: difference between integer vector and floating point sums  exceeds tolerance in            4  fields.
   Maximum relative diff: (rel)   8.5883360638454208E-014  (abs)    2.1938006966593093E-013
   Maximum absolute diff: (rel)   1.4523615908729001E-014  (abs)    3.4106051316484809E-012
 par_xsum: difference between integer vector and floating point sums  exceeds tolerance in            1  fields.
   Maximum relative diff: (rel)   2.0030088996493672E-012  (abs)    6.6846528312680675E-013
   Maximum absolute diff: (rel)   2.0030088996493672E-012  (abs)    6.6846528312680675E-013
 par_xsum: difference between integer vector and floating point sums  exceeds tolerance in            1  fields.
   Maximum relative diff: (rel)   1.1105944515093756E-014  (abs)    1.2079226507921703E-013
   Maximum absolute diff: (rel)   1.1105944515093756E-014  (abs)    1.2079226507921703E-013
 par_xsum: difference between integer vector and floating point sums  exceeds tolerance in            2  fields.
   Maximum relative diff: (rel)   1.3739306713679465E-014  (abs)    1.7053025658242404E-013
   Maximum absolute diff: (rel)   1.1263152710947545E-014  (abs)    6.1390892369672656E-012
 par_xsum: difference between integer vector and floating point sums  exceeds tolerance in            1  fields.
   Maximum relative diff: (rel)   6.0909066658511644E-014  (abs)    3.2973623831367149E-014
   Maximum absolute diff: (rel)   6.0909066658511644E-014  (abs)    3.2973623831367149E-014
 par_xsum: difference between integer vector and floating point sums  exceeds tolerance in            1  fields.
   Maximum relative diff: (rel)   1.3774865938546475E-014  (abs)    2.8449465006019636E-016
   Maximum absolute diff: (rel)   1.3774865938546475E-014  (abs)    2.8449465006019636E-016
 par_xsum: difference between integer vector and floating point sums  exceeds tolerance in            5  fields.
   Maximum relative diff: (rel)   4.2070060293534069E-014  (abs)    1.0613732115416497E-013
   Maximum absolute diff: (rel)   3.1325007815372116E-014  (abs)    3.2827074392116629E-012
 par_xsum: difference between integer vector and floating point sums  exceeds tolerance in            1  fields.
   Maximum relative diff: (rel)   1.1768544855972272E-014  (abs)    4.1744385725905886E-014
   Maximum absolute diff: (rel)   1.1768544855972272E-014  (abs)    4.1744385725905886E-014
 par_xsum: difference between integer vector and floating point sums  exceeds tolerance in            1  fields.
   Maximum relative diff: (rel)   1.3710818569584614E-014  (abs)    5.2180482157382357E-015
   Maximum absolute diff: (rel)   1.3710818569584614E-014  (abs)    5.2180482157382357E-015
 par_xsum: difference between integer vector and floating point sums  exceeds tolerance in            2  fields.
   Maximum relative diff: (rel)   3.3254461713704854E-014  (abs)    4.2847669856627135E-016
   Maximum absolute diff: (rel)   1.0413429127170911E-014  (abs)    9.9920072216264089E-016
 par_xsum: difference between integer vector and floating point sums  exceeds tolerance in            1  fields.
   Maximum relative diff: (rel)   1.3850605387224043E-014  (abs)    4.5474735088646412E-013
   Maximum absolute diff: (rel)   1.3850605387224043E-014  (abs)    4.5474735088646412E-013
 par_xsum: difference between integer vector and floating point sums  exceeds tolerance in            2  fields.
   Maximum relative diff: (rel)   1.0363719433888576E-013  (abs)    6.8833827526759706E-013
   Maximum absolute diff: (rel)   1.0363719433888576E-013  (abs)    6.8833827526759706E-013
 par_xsum: difference between integer vector and floating point sums  exceeds tolerance in            3  fields.
   Maximum relative diff: (rel)   2.3620442711524028E-014  (abs)    1.2420620087993939E-015
   Maximum absolute diff: (rel)   2.2814836273504857E-014  (abs)    6.7723604502134549E-015
 par_xsum: difference between integer vector and floating point sums  exceeds tolerance in            1  fields.
 par_xsum: difference between integer vector and floating point sums  exceeds tolerance in            4  fields.
   Maximum relative diff: (rel)   2.2470552030583443E-014  (abs)    1.1226575225009583E-012
   Maximum absolute diff: (rel)   1.5864514502570181E-014  (abs)    1.4068746168049984E-012
   Maximum relative diff: (rel)   6.6912562948887280E-014  (abs)    3.2628122426103801E-011
   Maximum absolute diff: (rel)   6.6912562948887280E-014  (abs)    3.2628122426103801E-011
 par_xsum: difference between integer vector and floating point sums  exceeds tolerance in            1  fields.
   Maximum relative diff: (rel)   2.0642491605152710E-014  (abs)    1.3655743202889425E-014
   Maximum absolute diff: (rel)   2.0642491605152710E-014  (abs)    1.3655743202889425E-014
 par_xsum: difference between integer vector and floating point sums  exceeds tolerance in           12  fields.
   Maximum relative diff: (rel)   1.3700213450885493E-012  (abs)    7.9225515037251171E-013
   Maximum absolute diff: (rel)   1.4005458060209730E-014  (abs)    1.3642420526593924E-012
 par_xsum: difference between integer vector and floating point sums  exceeds tolerance in            1  fields.
   Maximum relative diff: (rel)   1.0312329062765377E-014  (abs)    1.7826096154749393E-010
   Maximum absolute diff: (rel)   1.0312329062765377E-014  (abs)    1.7826096154749393E-010
 par_xsum: difference between integer vector and floating point sums  exceeds tolerance in            3  fields.
   Maximum relative diff: (rel)   9.2543190026326690E-013  (abs)    4.4929038267582655E-009
   Maximum absolute diff: (rel)   9.2543190026326690E-013  (abs)    4.4929038267582655E-009
 par_xsum: difference between integer vector and floating point sums  exceeds tolerance in            5  fields.
   Maximum relative diff: (rel)   2.0217959386704717E-012  (abs)    1.7402745910999329E-013
   Maximum absolute diff: (rel)   1.3209211097082040E-014  (abs)    2.1671553440683056E-013
 par_xsum: difference between integer vector and floating point sums  exceeds tolerance in            1  fields.
   Maximum relative diff: (rel)   5.4092507839084842E-014  (abs)    2.0691004465334117E-011
   Maximum absolute diff: (rel)   5.4092507839084842E-014  (abs)    2.0691004465334117E-011
 par_xsum: difference between integer vector and floating point sums  exceeds tolerance in            2  fields.
   Maximum relative diff: (rel)   2.3025477680361044E-014  (abs)    4.3343106881366111E-013
   Maximum absolute diff: (rel)   2.3025477680361044E-014  (abs)    4.3343106881366111E-013
 par_xsum: difference between integer vector and floating point sums  exceeds tolerance in            1  fields.
   Maximum relative diff: (rel)   4.3115708159530653E-014  (abs)    3.9968028886505635E-015
   Maximum absolute diff: (rel)   4.3115708159530653E-014  (abs)    3.9968028886505635E-015
 par_xsum: difference between integer vector and floating point sums  exceeds tolerance in            2  fields.
   Maximum relative diff: (rel)   1.0654632380428421E-013  (abs)    1.6360246490876307E-012
   Maximum absolute diff: (rel)   1.0447027127055661E-014  (abs)    9.7770680440589786E-012
 par_xsum: difference between integer vector and floating point sums  exceeds tolerance in            1  fields.
   Maximum relative diff: (rel)   4.5469684509784467E-014  (abs)    2.1464074961841106E-010
   Maximum absolute diff: (rel)   4.5469684509784467E-014  (abs)    2.1464074961841106E-010
 par_xsum: difference between integer vector and floating point sums  exceeds tolerance in            1  fields.
 par_xsum: difference between integer vector and floating point sums  exceeds tolerance in            4  fields.
   Maximum relative diff: (rel)   1.6000944670705822E-014  (abs)    1.2323475573339238E-014
   Maximum absolute diff: (rel)   1.3243153705204719E-014  (abs)    4.0500935938325711E-013
   Maximum relative diff: (rel)   3.8851808168471662E-014  (abs)    5.5777604757167865E-013
   Maximum absolute diff: (rel)   3.8851808168471662E-014  (abs)    5.5777604757167865E-013
 par_xsum: difference between integer vector and floating point sums  exceeds tolerance in            1  fields.
   Maximum relative diff: (rel)   8.3290296412692533E-014  (abs)    9.4146912488213275E-014
   Maximum absolute diff: (rel)   8.3290296412692533E-014  (abs)    9.4146912488213275E-014
 par_xsum: difference between integer vector and floating point sums  exceeds tolerance in            1  fields.
   Maximum relative diff: (rel)   1.1138907665766990E-014  (abs)    4.1922021409845911E-013
   Maximum absolute diff: (rel)   1.1138907665766990E-014  (abs)    4.1922021409845911E-013
 par_xsum: difference between integer vector and floating point sums  exceeds tolerance in            1  fields.
   Maximum relative diff: (rel)   6.4133370740749073E-014  (abs)    4.8885340220294893E-012
   Maximum absolute diff: (rel)   6.4133370740749073E-014  (abs)    4.8885340220294893E-012
 par_xsum: difference between integer vector and floating point sums  exceeds tolerance in            1  fields.
   Maximum relative diff: (rel)   2.7253023435129927E-013  (abs)    2.0304938286308527E-015
   Maximum absolute diff: (rel)   2.7253023435129927E-013  (abs)    2.0304938286308527E-015
 par_xsum: difference between integer vector and floating point sums  exceeds tolerance in            1  fields.
   Maximum relative diff: (rel)   1.1625067239503352E-014  (abs)    2.4442670110147446E-012
   Maximum absolute diff: (rel)   1.1625067239503352E-014  (abs)    2.4442670110147446E-012
 par_xsum: difference between integer vector and floating point sums  exceeds tolerance in            2  fields.
   Maximum relative diff: (rel)   1.0578684233229347E-014  (abs)    8.0035533756017685E-010
   Maximum absolute diff: (rel)   1.0578684233229347E-014  (abs)    8.0035533756017685E-010
 par_xsum: difference between integer vector and floating point sums  exceeds tolerance in            6  fields.
   Maximum relative diff: (rel)   2.8426234136276153E-013  (abs)    3.1448621484742034E-011
   Maximum absolute diff: (rel)   9.6862580437565183E-014  (abs)    2.6309862732887268E-007
 par_xsum: difference between integer vector and floating point sums  exceeds tolerance in            1  fields.
   Maximum relative diff: (rel)   1.8328620103393217E-014  (abs)    1.0913936421275139E-011
   Maximum absolute diff: (rel)   1.8328620103393217E-014  (abs)    1.0913936421275139E-011
 par_xsum: difference between integer vector and floating point sums  exceeds tolerance in            3  fields.
   Maximum relative diff: (rel)   1.9478991017123019E-014  (abs)    1.5987211554602254E-013
   Maximum absolute diff: (rel)   1.7809395439394824E-014  (abs)    3.3750779948604759E-013
 par_xsum: difference between integer vector and floating point sums  exceeds tolerance in            1  fields.
   Maximum relative diff: (rel)   1.5102300647128077E-012  (abs)    9.1922996992011008E-015
   Maximum absolute diff: (rel)   1.5102300647128077E-012  (abs)    9.1922996992011008E-015
 par_xsum: difference between integer vector and floating point sums  exceeds tolerance in            8  fields.
   Maximum relative diff: (rel)   4.8908376889717091E-012  (abs)    3.0167939257808030E-009
   Maximum absolute diff: (rel)   1.0733119622401751E-014  (abs)    3.1432136893272400E-009
 par_xsum: difference between integer vector and floating point sums  exceeds tolerance in            1  fields.
   Maximum relative diff: (rel)   1.9106253407019404E-014  (abs)    2.3980817331903381E-014
   Maximum absolute diff: (rel)   1.9106253407019404E-014  (abs)    2.3980817331903381E-014
 par_xsum: difference between integer vector and floating point sums  exceeds tolerance in            1  fields.
   Maximum relative diff: (rel)   1.6436842439400129E-014  (abs)    3.2287061912938952E-011
   Maximum absolute diff: (rel)   1.6436842439400129E-014  (abs)    3.2287061912938952E-011
 par_xsum: difference between integer vector and floating point sums  exceeds tolerance in            2  fields.
   Maximum relative diff: (rel)   1.5460021153230634E-014  (abs)    8.1712414612411521E-014
   Maximum absolute diff: (rel)   1.5460021153230634E-014  (abs)    8.1712414612411521E-014
 par_xsum: difference between integer vector and floating point sums  exceeds tolerance in            1  fields.
   Maximum relative diff: (rel)   1.0032658892467876E-013  (abs)    2.0435042547006788E-015
   Maximum absolute diff: (rel)   1.0032658892467876E-013  (abs)    2.0435042547006788E-015
 par_xsum: difference between integer vector and floating point sums  exceeds tolerance in            1  fields.
   Maximum relative diff: (rel)   2.5205556571491853E-014  (abs)    8.9261931179862586E-014
   Maximum absolute diff: (rel)   2.5205556571491853E-014  (abs)    8.9261931179862586E-014
 par_xsum: difference between integer vector and floating point sums  exceeds tolerance in            3  fields.
   Maximum relative diff: (rel)   7.4336585206217068E-014  (abs)    1.4488410471358293E-014
   Maximum absolute diff: (rel)   1.0720091189516425E-014  (abs)    1.1652900866465643E-012
 par_xsum: difference between integer vector and floating point sums  exceeds tolerance in            2  fields.
   Maximum relative diff: (rel)   6.3342959181791054E-014  (abs)    4.9453774408902973E-012
   Maximum absolute diff: (rel)   4.2571945441678423E-014  (abs)    1.1937117960769683E-011
 par_xsum: difference between integer vector and floating point sums  exceeds tolerance in            3  fields.
 par_xsum: difference between integer vector and floating point sums  exceeds tolerance in            1  fields.
   Maximum relative diff: (rel)   1.3311641186840631E-014  (abs)    1.2628786905111156E-015
   Maximum absolute diff: (rel)   1.3311641186840631E-014  (abs)    1.2628786905111156E-015
   Maximum relative diff: (rel)   6.9739517838277847E-014  (abs)    2.1704860131421810E-014
   Maximum absolute diff: (rel)   1.1312561235240950E-014  (abs)    2.5579538487363607E-013
 par_xsum: difference between integer vector and floating point sums  exceeds tolerance in            1  fields.
   Maximum relative diff: (rel)   2.0652167424597516E-014  (abs)    1.0547118733938987E-015
   Maximum absolute diff: (rel)   2.0652167424597516E-014  (abs)    1.0547118733938987E-015
 par_xsum: difference between integer vector and floating point sums  exceeds tolerance in            2  fields.
   Maximum relative diff: (rel)   2.6717140813292621E-014  (abs)    6.2796989830360417E-016
   Maximum absolute diff: (rel)   1.0292094361137573E-014  (abs)    2.2759572004815709E-015
 par_xsum: difference between integer vector and floating point sums  exceeds tolerance in            5  fields.
   Maximum relative diff: (rel)   4.5051192181064897E-014  (abs)    9.5479180117763462E-014
   Maximum absolute diff: (rel)   4.5051192181064897E-014  (abs)    9.5479180117763462E-014
 par_xsum: difference between integer vector and floating point sums  exceeds tolerance in            1  fields.
   Maximum relative diff: (rel)   3.4701820667519747E-014  (abs)    4.8745729674948279E-016
   Maximum absolute diff: (rel)   3.4701820667519747E-014  (abs)    4.8745729674948279E-016
 par_xsum: difference between integer vector and floating point sums  exceeds tolerance in            1  fields.
 par_xsum: difference between integer vector and floating point sums  exceeds tolerance in            2  fields.
   Maximum relative diff: (rel)   1.1639177199536058E-012  (abs)    5.9688365361409979E-014
   Maximum absolute diff: (rel)   3.6971188417784210E-013  (abs)    1.5592377167195082E-008
   Maximum relative diff: (rel)   4.3307365238605460E-014  (abs)    1.0352829704629585E-014
   Maximum absolute diff: (rel)   4.3307365238605460E-014  (abs)    1.0352829704629585E-014
 par_xsum: difference between integer vector and floating point sums  exceeds tolerance in            1  fields.
   Maximum relative diff: (rel)   2.0221987137928476E-014  (abs)    1.6875389974302379E-013
   Maximum absolute diff: (rel)   2.0221987137928476E-014  (abs)    1.6875389974302379E-013
 par_xsum: difference between integer vector and floating point sums  exceeds tolerance in            2  fields.
   Maximum relative diff: (rel)   5.7645489946512962E-014  (abs)    1.7985612998927536E-014
   Maximum absolute diff: (rel)   1.5220495254670982E-014  (abs)    5.3290705182007514E-013
 par_xsum: difference between integer vector and floating point sums  exceeds tolerance in            1  fields.
   Maximum relative diff: (rel)   1.5816745183328253E-014  (abs)    2.1373125491663814E-011
   Maximum absolute diff: (rel)   1.5816745183328253E-014  (abs)    2.1373125491663814E-011
 par_xsum: difference between integer vector and floating point sums  exceeds tolerance in            2  fields.
   Maximum relative diff: (rel)   8.2905287433720904E-013  (abs)    3.8706017557732508E-016
   Maximum absolute diff: (rel)   8.2905287433720904E-013  (abs)    3.8706017557732508E-016
 par_xsum: difference between integer vector and floating point sums  exceeds tolerance in            1  fields.
   Maximum relative diff: (rel)   4.1218665626677957E-014  (abs)    3.8191672047105385E-013
   Maximum absolute diff: (rel)   4.1218665626677957E-014  (abs)    3.8191672047105385E-013
 par_xsum: difference between integer vector and floating point sums  exceeds tolerance in            1  fields.
   Maximum relative diff: (rel)   1.1594395477818524E-014  (abs)    6.4392935428259079E-015
   Maximum absolute diff: (rel)   1.1594395477818524E-014  (abs)    6.4392935428259079E-015
 par_xsum: difference between integer vector and floating point sums  exceeds tolerance in           10  fields.
   Maximum relative diff: (rel)   9.4113714459450113E-014  (abs)    2.1804780203638074E-013
   Maximum absolute diff: (rel)   1.3849191394139372E-014  (abs)    6.0254023992456496E-012
 par_xsum: difference between integer vector and floating point sums  exceeds tolerance in            1  fields.
   Maximum relative diff: (rel)   3.8288607610088892E-014  (abs)    1.0160761121369433E-012
   Maximum absolute diff: (rel)   3.8288607610088892E-014  (abs)    1.0160761121369433E-012
 par_xsum: difference between integer vector and floating point sums  exceeds tolerance in            1  fields.
   Maximum relative diff: (rel)   1.4013474928069598E-014  (abs)    4.2500725161431774E-017
   Maximum absolute diff: (rel)   1.4013474928069598E-014  (abs)    4.2500725161431774E-017
 par_xsum: difference between integer vector and floating point sums  exceeds tolerance in            4  fields.
   Maximum relative diff: (rel)   9.6187879623788948E-014  (abs)    3.2959746043559335E-015
   Maximum absolute diff: (rel)   1.1451343313771347E-014  (abs)    5.5067062021407764E-014
 par_xsum: difference between integer vector and floating point sums  exceeds tolerance in            1  fields.
   Maximum relative diff: (rel)   1.4998445585507475E-014  (abs)    1.2505552149377763E-012
   Maximum absolute diff: (rel)   1.4998445585507475E-014  (abs)    1.2505552149377763E-012
 par_xsum: difference between integer vector and floating point sums  exceeds tolerance in            5  fields.
   Maximum relative diff: (rel)   1.9867576721348030E-014  (abs)    6.8833827526759706E-015
   Maximum absolute diff: (rel)   1.1032796545544521E-014  (abs)    1.7319479184152442E-014
 par_xsum: difference between integer vector and floating point sums  exceeds tolerance in            2  fields.
   Maximum relative diff: (rel)   2.2817256727204599E-013  (abs)    3.7587710721709300E-012
   Maximum absolute diff: (rel)   1.1754542602000171E-014  (abs)    6.0254023992456496E-012
 par_xsum: difference between integer vector and floating point sums  exceeds tolerance in            1  fields.
   Maximum relative diff: (rel)   6.3691426400341116E-014  (abs)    4.3110048864036798E-010
   Maximum absolute diff: (rel)   6.3691426400341116E-014  (abs)    4.3110048864036798E-010
 par_xsum: difference between integer vector and floating point sums  exceeds tolerance in            1  fields.
   Maximum relative diff: (rel)   1.1326339480079314E-014  (abs)    3.0198066269804258E-013
   Maximum absolute diff: (rel)   1.1326339480079314E-014  (abs)    3.0198066269804258E-013
 par_xsum: difference between integer vector and floating point sums  exceeds tolerance in            3  fields.
   Maximum relative diff: (rel)   1.6000423348432321E-014  (abs)    6.9348971010185778E-012
   Maximum absolute diff: (rel)   1.3373963968356677E-014  (abs)    1.3642420526593924E-011
 par_xsum: difference between integer vector and floating point sums  exceeds tolerance in            1  fields.
   Maximum relative diff: (rel)   1.9545595142966812E-014  (abs)    1.1482370609883219E-011
   Maximum absolute diff: (rel)   1.9545595142966812E-014  (abs)    1.1482370609883219E-011
 par_xsum: difference between integer vector and floating point sums  exceeds tolerance in            3  fields.
   Maximum relative diff: (rel)   4.6462044131812210E-014  (abs)    1.5321077739827160E-013
   Maximum absolute diff: (rel)   1.4986784064767509E-014  (abs)    8.8675733422860503E-012
 par_xsum: difference between integer vector and floating point sums  exceeds tolerance in            1  fields.
   Maximum relative diff: (rel)   3.1866263640235893E-014  (abs)    8.8373752760162461E-014
   Maximum absolute diff: (rel)   3.1866263640235893E-014  (abs)    8.8373752760162461E-014
 par_xsum: difference between integer vector and floating point sums  exceeds tolerance in            1  fields.
   Maximum relative diff: (rel)   3.0138419420482703E-014  (abs)    3.2196467714129540E-014
   Maximum absolute diff: (rel)   3.0138419420482703E-014  (abs)    3.2196467714129540E-014
 par_xsum: difference between integer vector and floating point sums  exceeds tolerance in           26  fields.
   Maximum relative diff: (rel)   1.0871505472689462E-013  (abs)    4.1833203567875898E-013
   Maximum absolute diff: (rel)   3.3243442127547472E-014  (abs)    8.1001871876651421E-012
 par_xsum: difference between integer vector and floating point sums  exceeds tolerance in            2  fields.
   Maximum relative diff: (rel)   4.5051751438213257E-014  (abs)    9.3507424026029184E-012
   Maximum absolute diff: (rel)   4.5051751438213257E-014  (abs)    9.3507424026029184E-012
 par_xsum: difference between integer vector and floating point sums  exceeds tolerance in            1  fields.
   Maximum relative diff: (rel)   2.6469238146329862E-014  (abs)    1.5543122344752192E-015
   Maximum absolute diff: (rel)   2.6469238146329862E-014  (abs)    1.5543122344752192E-015
 par_xsum: difference between integer vector and floating point sums  exceeds tolerance in            1  fields.
   Maximum relative diff: (rel)   1.0474012400770757E-014  (abs)    3.6637359812630166E-015
   Maximum absolute diff: (rel)   1.0474012400770757E-014  (abs)    3.6637359812630166E-015
 par_xsum: difference between integer vector and floating point sums  exceeds tolerance in            1  fields.
   Maximum relative diff: (rel)   8.7123796280772670E-013  (abs)    7.9012352216523141E-011
   Maximum absolute diff: (rel)   8.7123796280772670E-013  (abs)    7.9012352216523141E-011
 par_xsum: difference between integer vector and floating point sums  exceeds tolerance in            1  fields.
   Maximum relative diff: (rel)   2.9466730351422042E-014  (abs)    6.4659388954169117E-013
   Maximum absolute diff: (rel)   2.9466730351422042E-014  (abs)    6.4659388954169117E-013
 par_xsum: difference between integer vector and floating point sums  exceeds tolerance in            2  fields.
   Maximum relative diff: (rel)   3.1418240355712902E-014  (abs)    4.1078251911130792E-015
   Maximum absolute diff: (rel)   3.1418240355712902E-014  (abs)    4.1078251911130792E-015
 par_xsum: difference between integer vector and floating point sums  exceeds tolerance in            2  fields.
   Maximum relative diff: (rel)   2.3239682726436585E-014  (abs)    5.3342746886286818E-017
   Maximum absolute diff: (rel)   1.2992298562548063E-014  (abs)    1.1546319456101628E-014
 par_xsum: difference between integer vector and floating point sums  exceeds tolerance in            3  fields.
   Maximum relative diff: (rel)   2.8693630721876528E-014  (abs)    2.4424906541753444E-014
   Maximum absolute diff: (rel)   1.3413715813775154E-014  (abs)    2.5224267119483557E-013
 par_xsum: difference between integer vector and floating point sums  exceeds tolerance in            1  fields.
   Maximum relative diff: (rel)   4.5564206000639681E-014  (abs)    1.0214051826551440E-013
   Maximum absolute diff: (rel)   4.5564206000639681E-014  (abs)    1.0214051826551440E-013
 par_xsum: difference between integer vector and floating point sums  exceeds tolerance in            2  fields.
   Maximum relative diff: (rel)   3.5340000742333035E-014  (abs)    4.0800696154974503E-015
   Maximum absolute diff: (rel)   1.2504078387580253E-014  (abs)    1.0547118733938987E-014
 par_xsum: difference between integer vector and floating point sums  exceeds tolerance in            2  fields.
 par_xsum: difference between integer vector and floating point sums  exceeds tolerance in            2  fields.
   Maximum relative diff: (rel)   5.8102885637492398E-014  (abs)    2.1293730667615307E-016
   Maximum absolute diff: (rel)   4.1944780416511742E-014  (abs)    1.6445178552260131E-015
   Maximum relative diff: (rel)   1.8013262681930046E-014  (abs)    7.7271522513910895E-014
 par_xsum: difference between integer vector and floating point sums  exceeds tolerance in            6  fields.
   Maximum relative diff: (rel)   8.8538335488154699E-014  (abs)    1.1102230246251565E-014
   Maximum absolute diff: (rel)   2.2613753460811984E-014  (abs)    8.7311491370201111E-010
   Maximum absolute diff: (rel)   1.1511334684478430E-014  (abs)    3.0695446184836328E-012
 par_xsum: difference between integer vector and floating point sums  exceeds tolerance in            1  fields.
   Maximum relative diff: (rel)   2.1649606345831963E-014  (abs)    4.2188474935755949E-015
   Maximum absolute diff: (rel)   2.1649606345831963E-014  (abs)    4.2188474935755949E-015
 par_xsum: difference between integer vector and floating point sums  exceeds tolerance in            1  fields.
   Maximum relative diff: (rel)   2.1800874765730418E-014  (abs)    1.9099388737231493E-011
   Maximum absolute diff: (rel)   2.1800874765730418E-014  (abs)    1.9099388737231493E-011
 par_xsum: difference between integer vector and floating point sums  exceeds tolerance in            1  fields.
   Maximum relative diff: (rel)   1.3772723072777279E-014  (abs)    6.2527760746888816E-013
   Maximum absolute diff: (rel)   1.3772723072777279E-014  (abs)    6.2527760746888816E-013
 par_xsum: difference between integer vector and floating point sums  exceeds tolerance in            2  fields.
   Maximum relative diff: (rel)   2.6710051845579667E-014  (abs)    7.6170181273482740E-012
   Maximum absolute diff: (rel)   2.6710051845579667E-014  (abs)    7.6170181273482740E-012
 par_xsum: difference between integer vector and floating point sums  exceeds tolerance in            1  fields.
   Maximum relative diff: (rel)   1.8087211277537241E-014  (abs)    3.6379788070917130E-012
   Maximum absolute diff: (rel)   1.8087211277537241E-014  (abs)    3.6379788070917130E-012
 par_xsum: difference between integer vector and floating point sums  exceeds tolerance in            9  fields.
   Maximum relative diff: (rel)   4.1423504509398033E-014  (abs)    2.3092638912203256E-012
   Maximum absolute diff: (rel)   3.7524474541000553E-014  (abs)    1.4115357771515846E-009
 par_xsum: difference between integer vector and floating point sums  exceeds tolerance in            2  fields.
   Maximum relative diff: (rel)   2.1833130590720047E-014  (abs)    5.0182080713057076E-014
   Maximum absolute diff: (rel)   1.1614940990176092E-014  (abs)    2.4158453015843406E-013
 par_xsum: difference between integer vector and floating point sums  exceeds tolerance in            5  fields.
   Maximum relative diff: (rel)   8.1369776187040701E-014  (abs)    5.1804818212985992E-008
   Maximum absolute diff: (rel)   1.0399045765415939E-014  (abs)    5.4016709327697754E-008
 par_xsum: difference between integer vector and floating point sums  exceeds tolerance in            1  fields.
   Maximum relative diff: (rel)   2.2582452199042128E-014  (abs)    2.8137492336099967E-012
   Maximum absolute diff: (rel)   2.2582452199042128E-014  (abs)    2.8137492336099967E-012
 par_xsum: difference between integer vector and floating point sums  exceeds tolerance in            1  fields.
   Maximum relative diff: (rel)   2.0394520495376432E-014  (abs)    1.5654144647214707E-014
   Maximum absolute diff: (rel)   2.0394520495376432E-014  (abs)    1.5654144647214707E-014
 par_xsum: difference between integer vector and floating point sums  exceeds tolerance in            1  fields.
   Maximum relative diff: (rel)   1.5087679382164843E-014  (abs)    1.0658141036401503E-012
   Maximum absolute diff: (rel)   1.5087679382164843E-014  (abs)    1.0658141036401503E-012
 par_xsum: difference between integer vector and floating point sums  exceeds tolerance in            2  fields.
   Maximum relative diff: (rel)   1.3432292129948681E-014  (abs)    5.6843418860808015E-014
   Maximum absolute diff: (rel)   1.3323852918320749E-014  (abs)    2.9487523534044158E-013
 par_xsum: difference between integer vector and floating point sums  exceeds tolerance in            2  fields.
   Maximum relative diff: (rel)   1.9970663232655723E-013  (abs)    4.5361048250924796E-011
   Maximum absolute diff: (rel)   1.9970663232655723E-013  (abs)    4.5361048250924796E-011
 par_xsum: difference between integer vector and floating point sums  exceeds tolerance in            1  fields.
   Maximum relative diff: (rel)   1.9817425307609441E-014  (abs)    1.7347234759768071E-015
   Maximum absolute diff: (rel)   1.9817425307609441E-014  (abs)    1.7347234759768071E-015
 par_xsum: difference between integer vector and floating point sums  exceeds tolerance in            3  fields.
   Maximum relative diff: (rel)   1.1732324927023742E-014  (abs)    3.3750779948604759E-014
   Maximum absolute diff: (rel)   1.1290478373536433E-014  (abs)    4.7073456244106637E-014
 par_xsum: difference between integer vector and floating point sums  exceeds tolerance in            1  fields.
   Maximum relative diff: (rel)   1.1773864100606670E-014  (abs)    1.1901590823981678E-013
   Maximum absolute diff: (rel)   1.1773864100606670E-014  (abs)    1.1901590823981678E-013
 par_xsum: difference between integer vector and floating point sums  exceeds tolerance in            1  fields.
   Maximum relative diff: (rel)   1.0317529657119300E-014  (abs)    7.7271522513910895E-014
   Maximum absolute diff: (rel)   1.0317529657119300E-014  (abs)    7.7271522513910895E-014
 par_xsum: difference between integer vector and floating point sums  exceeds tolerance in            1  fields.
   Maximum relative diff: (rel)   1.3606198514867058E-014  (abs)    3.3750779948604759E-013
   Maximum absolute diff: (rel)   1.3606198514867058E-014  (abs)    3.3750779948604759E-013
 par_xsum: difference between integer vector and floating point sums  exceeds tolerance in            3  fields.
   Maximum relative diff: (rel)   3.3037993448042310E-014  (abs)    1.6722734308416420E-015
   Maximum absolute diff: (rel)   3.3037993448042310E-014  (abs)    1.6722734308416420E-015
 par_xsum: difference between integer vector and floating point sums  exceeds tolerance in            1  fields.
   Maximum relative diff: (rel)   1.8322807678832780E-014  (abs)    2.0072832285222830E-013
   Maximum absolute diff: (rel)   1.8322807678832780E-014  (abs)    2.0072832285222830E-013
 par_xsum: difference between integer vector and floating point sums  exceeds tolerance in            1  fields.
   Maximum relative diff: (rel)   6.9415702881365840E-014  (abs)    1.6123522073030472E-008
   Maximum absolute diff: (rel)   6.9415702881365840E-014  (abs)    1.6123522073030472E-008
 par_xsum: difference between integer vector and floating point sums  exceeds tolerance in            4  fields.
   Maximum relative diff: (rel)   2.0894359115459582E-014  (abs)    2.2724877535296173E-016
   Maximum absolute diff: (rel)   1.3237680361032556E-014  (abs)    9.1593399531575415E-016
 par_xsum: difference between integer vector and floating point sums  exceeds tolerance in           12  fields.
   Maximum relative diff: (rel)   2.1685466767553722E-013  (abs)    9.9698027611339057E-014
   Maximum absolute diff: (rel)   6.3115522431001260E-014  (abs)    2.1529444893531036E-012
 par_xsum: difference between integer vector and floating point sums  exceeds tolerance in            1  fields.
   Maximum relative diff: (rel)   1.0729210535339729E-014  (abs)    6.2172489379008766E-015
   Maximum absolute diff: (rel)   1.0729210535339729E-014  (abs)    6.2172489379008766E-015
 par_xsum: difference between integer vector and floating point sums  exceeds tolerance in            2  fields.
   Maximum relative diff: (rel)   1.0802073002748456E-014  (abs)    1.1937117960769683E-012
   Maximum absolute diff: (rel)   1.0669184455998301E-014  (abs)    1.9042545318370685E-012
 par_xsum: difference between integer vector and floating point sums  exceeds tolerance in            1  fields.
   Maximum relative diff: (rel)   2.0542847669075585E-014  (abs)    4.9027448767446913E-013
   Maximum absolute diff: (rel)   2.0542847669075585E-014  (abs)    4.9027448767446913E-013
 par_xsum: difference between integer vector and floating point sums  exceeds tolerance in            3  fields.
   Maximum relative diff: (rel)   2.6716220034672075E-013  (abs)    8.8018481392282411E-013
   Maximum absolute diff: (rel)   1.5134942033613522E-014  (abs)    1.9610979506978765E-012
 par_xsum: difference between integer vector and floating point sums  exceeds tolerance in          115  fields.
   Maximum relative diff: (rel)   2.1145751816220582E-011  (abs)    2.1145751816220582E-011
   Maximum absolute diff: (rel)   2.1145751816220582E-011  (abs)    2.1145751816220582E-011
 par_xsum: difference between integer vector and floating point sums  exceeds tolerance in            1  fields.
   Maximum relative diff: (rel)   1.5610799999285794E-014  (abs)    2.8137492336099967E-012
   Maximum absolute diff: (rel)   1.5610799999285794E-014  (abs)    2.8137492336099967E-012
 par_xsum: difference between integer vector and floating point sums  exceeds tolerance in            2  fields.
   Maximum relative diff: (rel)   4.2975685078586826E-013  (abs)    6.7307270867900115E-014
   Maximum absolute diff: (rel)   4.2975685078586826E-013  (abs)    6.7307270867900115E-014
 par_xsum: difference between integer vector and floating point sums  exceeds tolerance in            1  fields.
   Maximum relative diff: (rel)   1.4690095982628513E-014  (abs)    4.5474735088646412E-013
   Maximum absolute diff: (rel)   1.4690095982628513E-014  (abs)    4.5474735088646412E-013
 par_xsum: difference between integer vector and floating point sums  exceeds tolerance in            1  fields.
   Maximum relative diff: (rel)   1.0251462293255590E-014  (abs)    3.5242919693700969E-012
   Maximum absolute diff: (rel)   1.0251462293255590E-014  (abs)    3.5242919693700969E-012
 par_xsum: difference between integer vector and floating point sums  exceeds tolerance in            1  fields.
   Maximum relative diff: (rel)   2.1203773823098292E-014  (abs)    3.8014036363165360E-013
   Maximum absolute diff: (rel)   2.1203773823098292E-014  (abs)    3.8014036363165360E-013
 par_xsum: difference between integer vector and floating point sums  exceeds tolerance in          123  fields.
   Maximum relative diff: (rel)   1.7166712495964020E-011  (abs)    1.7166712495964020E-011
   Maximum absolute diff: (rel)   1.7166712495964020E-011  (abs)    1.7166712495964020E-011
 par_xsum: difference between integer vector and floating point sums  exceeds tolerance in           17  fields.
   Maximum relative diff: (rel)   2.0344998348401298E-013  (abs)    7.0499162063697440E-014
   Maximum absolute diff: (rel)   5.2197839864082439E-014  (abs)    8.6970430857036263E-012
 par_xsum: difference between integer vector and floating point sums  exceeds tolerance in            2  fields.
   Maximum relative diff: (rel)   9.8780059204609811E-014  (abs)    8.9789287116559535E-015
   Maximum absolute diff: (rel)   1.2482275664470776E-014  (abs)    8.8107299234252423E-013
 par_xsum: difference between integer vector and floating point sums  exceeds tolerance in            1  fields.
   Maximum relative diff: (rel)   1.4934675039995242E-014  (abs)    6.3837823915946501E-016
   Maximum absolute diff: (rel)   1.4934675039995242E-014  (abs)    6.3837823915946501E-016
 par_xsum: difference between integer vector and floating point sums  exceeds tolerance in            1  fields.
   Maximum relative diff: (rel)   1.1958464561547468E-014  (abs)    7.4606987254810520E-013
   Maximum absolute diff: (rel)   1.1958464561547468E-014  (abs)    7.4606987254810520E-013
 par_xsum: difference between integer vector and floating point sums  exceeds tolerance in            1  fields.
   Maximum relative diff: (rel)   1.3866193461187888E-014  (abs)    1.0269562977782698E-015
   Maximum absolute diff: (rel)   1.3866193461187888E-014  (abs)    1.0269562977782698E-015
 par_xsum: difference between integer vector and floating point sums  exceeds tolerance in            7  fields.
   Maximum relative diff: (rel)   5.0471700678648639E-014  (abs)    1.1414480471927391E-015
   Maximum absolute diff: (rel)   1.4790352256559761E-014  (abs)    2.3536728122053319E-014
 par_xsum: difference between integer vector and floating point sums  exceeds tolerance in            1  fields.
   Maximum relative diff: (rel)   1.3578217171597623E-014  (abs)    5.9674487573602164E-016
   Maximum absolute diff: (rel)   1.3578217171597623E-014  (abs)    5.9674487573602164E-016
 par_xsum: difference between integer vector and floating point sums  exceeds tolerance in            2  fields.
   Maximum relative diff: (rel)   1.5401689628979611E-014  (abs)    2.4147350785597155E-015
   Maximum absolute diff: (rel)   1.5401689628979611E-014  (abs)    2.4147350785597155E-015
 par_xsum: difference between integer vector and floating point sums  exceeds tolerance in            1  fields.
   Maximum relative diff: (rel)  0.69996552912788690       (abs)    4.0046523853544664E-027
   Maximum absolute diff: (rel)  0.69996552912788690       (abs)    4.0046523853544664E-027
 par_xsum: difference between integer vector and floating point sums  exceeds tolerance in            1  fields.
   Maximum relative diff: (rel)   1.4339956490660017E-014  (abs)    1.4921397450962104E-013
   Maximum absolute diff: (rel)   1.4339956490660017E-014  (abs)    1.4921397450962104E-013
 par_xsum: difference between integer vector and floating point sums  exceeds tolerance in            1  fields.
   Maximum relative diff: (rel)   2.3193060351411827E-014  (abs)    1.1013412404281553E-012
   Maximum absolute diff: (rel)   2.3193060351411827E-014  (abs)    1.1013412404281553E-012
 par_xsum: difference between integer vector and floating point sums  exceeds tolerance in            2  fields.
   Maximum relative diff: (rel)   3.1058467960441447E-014  (abs)    2.1427304375265521E-014
   Maximum absolute diff: (rel)   3.1058467960441447E-014  (abs)    2.1427304375265521E-014
 par_xsum: difference between integer vector and floating point sums  exceeds tolerance in            3  fields.
 par_xsum: difference between integer vector and floating point sums  exceeds tolerance in          127  fields.
   Maximum relative diff: (rel)  0.96937799043062201       (abs)    2.2493118478905672E-013
   Maximum absolute diff: (rel)   7.2504917625337839E-009  (abs)    7.2504917625337839E-009
   Maximum relative diff: (rel)   1.8270228874100163E-014  (abs)    6.2727600891321345E-015
   Maximum absolute diff: (rel)   1.8270228874100163E-014  (abs)    6.2727600891321345E-015
 par_xsum: difference between integer vector and floating point sums  exceeds tolerance in            2  fields.
   Maximum relative diff: (rel)   1.7508246822197599E-014  (abs)    3.5527136788005009E-013
   Maximum absolute diff: (rel)   1.5347639963578041E-014  (abs)    3.5882408155885059E-013
 par_xsum: difference between integer vector and floating point sums  exceeds tolerance in            1  fields.
   Maximum relative diff: (rel)   1.6899334094428710E-014  (abs)    2.6467716907063732E-013
   Maximum absolute diff: (rel)   1.6899334094428710E-014  (abs)    2.6467716907063732E-013
 par_xsum: difference between integer vector and floating point sums  exceeds tolerance in           13  fields.
   Maximum relative diff: (rel)  0.92595085829686974       (abs)    4.3403127005260070E-027
   Maximum absolute diff: (rel)  0.92595085829686974       (abs)    4.3403127005260070E-027
 par_xsum: difference between integer vector and floating point sums  exceeds tolerance in            1  fields.
   Maximum relative diff: (rel)   2.7091212550813258E-014  (abs)    1.4210854715202004E-013
   Maximum absolute diff: (rel)   2.7091212550813258E-014  (abs)    1.4210854715202004E-013
 par_xsum: difference between integer vector and floating point sums  exceeds tolerance in            2  fields.
   Maximum relative diff: (rel)   3.4323192907704901E-014  (abs)    1.8110513089197866E-015
   Maximum absolute diff: (rel)   3.4323192907704901E-014  (abs)    1.8110513089197866E-015
 par_xsum: difference between integer vector and floating point sums  exceeds tolerance in            2  fields.
   Maximum relative diff: (rel)   4.4557812950049344E-014  (abs)    1.0906830993917538E-012
   Maximum absolute diff: (rel)   2.5049755674419305E-014  (abs)    1.1297629498585593E-012
 par_xsum: difference between integer vector and floating point sums  exceeds tolerance in            1  fields.
   Maximum relative diff: (rel)   1.6271312753336173E-014  (abs)    5.3845816694320092E-015
   Maximum absolute diff: (rel)   1.6271312753336173E-014  (abs)    5.3845816694320092E-015
 par_xsum: difference between integer vector and floating point sums  exceeds tolerance in            2  fields.
   Maximum relative diff: (rel)   2.9433019767920967E-013  (abs)    3.2648037918969752E-017
   Maximum absolute diff: (rel)   1.0930157188049799E-014  (abs)    1.1241008124329710E-015
 par_xsum: difference between integer vector and floating point sums  exceeds tolerance in            1  fields.
   Maximum relative diff: (rel)   3.0764241462215366E-012  (abs)    7.0514261096832342E-011
   Maximum absolute diff: (rel)   3.0764241462215366E-012  (abs)    7.0514261096832342E-011
 par_xsum: difference between integer vector and floating point sums  exceeds tolerance in            2  fields.
   Maximum relative diff: (rel)   9.6803379488738489E-014  (abs)    6.9499961341534799E-014
   Maximum absolute diff: (rel)   9.6803379488738489E-014  (abs)    6.9499961341534799E-014
 par_xsum: difference between integer vector and floating point sums  exceeds tolerance in            1  fields.
   Maximum relative diff: (rel)   1.2297951230822744E-014  (abs)    1.1368683772161603E-012
   Maximum absolute diff: (rel)   1.2297951230822744E-014  (abs)    1.1368683772161603E-012
 par_xsum: difference between integer vector and floating point sums  exceeds tolerance in            3  fields.
   Maximum relative diff: (rel)   1.2667632591392062E-014  (abs)    1.2490009027033011E-016
   Maximum absolute diff: (rel)   1.2085145636024170E-014  (abs)    2.7755575615628914E-015
 par_xsum: difference between integer vector and floating point sums  exceeds tolerance in            1  fields.
   Maximum relative diff: (rel)   5.7481718417839192E-014  (abs)    6.0929039591428591E-013
   Maximum absolute diff: (rel)   5.7481718417839192E-014  (abs)    6.0929039591428591E-013
 par_xsum: difference between integer vector and floating point sums  exceeds tolerance in            1  fields.
   Maximum relative diff: (rel)   3.6564978462556655E-014  (abs)    7.3718808835110394E-014
   Maximum absolute diff: (rel)   3.6564978462556655E-014  (abs)    7.3718808835110394E-014
 par_xsum: difference between integer vector and floating point sums  exceeds tolerance in            3  fields.
   Maximum relative diff: (rel)   5.4560024154828940E-014  (abs)    2.5413698923060224E-016
   Maximum absolute diff: (rel)   1.1064815488860055E-014  (abs)    4.5102810375396984E-016
 par_xsum: difference between integer vector and floating point sums  exceeds tolerance in            1  fields.
   Maximum relative diff: (rel)   1.9851947481195997E-014  (abs)    3.4106051316484809E-012
   Maximum absolute diff: (rel)   1.9851947481195997E-014  (abs)    3.4106051316484809E-012
 par_xsum: difference between integer vector and floating point sums  exceeds tolerance in           12  fields.
   Maximum relative diff: (rel)   5.0448714611082997E-014  (abs)    2.7071678232459817E-012
   Maximum absolute diff: (rel)   2.5234919129504216E-014  (abs)    5.5138116294983774E-012
 par_xsum: difference between integer vector and floating point sums  exceeds tolerance in            3  fields.
   Maximum relative diff: (rel)   1.8693412799367234E-014  (abs)    1.3677947663381929E-013
   Maximum absolute diff: (rel)   1.0945528282634252E-014  (abs)    1.3855583347321954E-013
 par_xsum: difference between integer vector and floating point sums  exceeds tolerance in            1  fields.
   Maximum relative diff: (rel)   2.8175325362658817E-014  (abs)    5.3645976549887564E-013
   Maximum absolute diff: (rel)   2.8175325362658817E-014  (abs)    5.3645976549887564E-013
 par_xsum: difference between integer vector and floating point sums  exceeds tolerance in            3  fields.
   Maximum relative diff: (rel)   3.5419709470008381E-013  (abs)    1.5959455978986625E-013
 par_xsum: difference between integer vector and floating point sums  exceeds tolerance in            3  fields.
   Maximum absolute diff: (rel)   1.0392301530905239E-014  (abs)    4.8316906031686813E-013
   Maximum relative diff: (rel)   4.4836955680863316E-013  (abs)    2.1427304375265521E-013
   Maximum absolute diff: (rel)   4.4836955680863316E-013  (abs)    2.1427304375265521E-013
 par_xsum: difference between integer vector and floating point sums  exceeds tolerance in            2  fields.
   Maximum relative diff: (rel)   2.3170490212323570E-014  (abs)    3.7192471324942744E-015
   Maximum absolute diff: (rel)   2.3170490212323570E-014  (abs)    3.7192471324942744E-015
 par_xsum: difference between integer vector and floating point sums  exceeds tolerance in            1  fields.
   Maximum relative diff: (rel)   1.0222023874038586E-014  (abs)    3.5527136788005009E-015
   Maximum absolute diff: (rel)   1.0222023874038586E-014  (abs)    3.5527136788005009E-015
 par_xsum: difference between integer vector and floating point sums  exceeds tolerance in            3  fields.
   Maximum relative diff: (rel)   2.7531751568306911E-014  (abs)    1.5347723092418164E-012
   Maximum absolute diff: (rel)   2.1762994276347123E-014  (abs)    2.4556356947869062E-011
 par_xsum: difference between integer vector and floating point sums  exceeds tolerance in            1  fields.
   Maximum relative diff: (rel)   1.6792909559620145E-014  (abs)    1.8318679906315083E-015
   Maximum absolute diff: (rel)   1.6792909559620145E-014  (abs)    1.8318679906315083E-015
 par_xsum: difference between integer vector and floating point sums  exceeds tolerance in            2  fields.
   Maximum relative diff: (rel)   3.3890623418450367E-014  (abs)    5.5067062021407764E-013
   Maximum absolute diff: (rel)   1.6017555878935529E-014  (abs)    1.5688783605583012E-011
 par_xsum: difference between integer vector and floating point sums  exceeds tolerance in            1  fields.
   Maximum relative diff: (rel)   2.9843044503071225E-014  (abs)    4.6837533851373792E-016
   Maximum absolute diff: (rel)   2.9843044503071225E-014  (abs)    4.6837533851373792E-016
 par_xsum: difference between integer vector and floating point sums  exceeds tolerance in            1  fields.
   Maximum relative diff: (rel)   1.2665313782124047E-014  (abs)    2.7648638933897018E-010
   Maximum absolute diff: (rel)   1.2665313782124047E-014  (abs)    2.7648638933897018E-010
 par_xsum: difference between integer vector and floating point sums  exceeds tolerance in            1  fields.
   Maximum relative diff: (rel)   1.2369635356055413E-014  (abs)    6.4028427004814148E-010
   Maximum absolute diff: (rel)   1.2369635356055413E-014  (abs)    6.4028427004814148E-010
 par_xsum: difference between integer vector and floating point sums  exceeds tolerance in            2  fields.
   Maximum relative diff: (rel)   6.9172909450635868E-014  (abs)    9.7202246251981705E-012
   Maximum absolute diff: (rel)   6.9172909450635868E-014  (abs)    9.7202246251981705E-012
 par_xsum: difference between integer vector and floating point sums  exceeds tolerance in            2  fields.
   Maximum relative diff: (rel)   3.6260971993369671E-014  (abs)    3.1491254048887640E-011
   Maximum absolute diff: (rel)   3.6260971993369671E-014  (abs)    3.1491254048887640E-011
 par_xsum: difference between integer vector and floating point sums  exceeds tolerance in            1  fields.
   Maximum relative diff: (rel)   1.9528958921910739E-014  (abs)    2.7089441800853820E-014
   Maximum absolute diff: (rel)   1.9528958921910739E-014  (abs)    2.7089441800853820E-014
 par_xsum: difference between integer vector and floating point sums  exceeds tolerance in            1  fields.
   Maximum relative diff: (rel)   1.0360380003368118E-014  (abs)    1.9895196601282805E-012
 par_xsum: difference between integer vector and floating point sums  exceeds tolerance in            3  fields.
   Maximum absolute diff: (rel)   1.0360380003368118E-014  (abs)    1.9895196601282805E-012
 par_xsum: difference between integer vector and floating point sums  exceeds tolerance in            1  fields.
   Maximum relative diff: (rel)   2.1839778124910451E-014  (abs)    1.4477308241112041E-013
   Maximum absolute diff: (rel)   2.1839778124910451E-014  (abs)    1.4477308241112041E-013
   Maximum relative diff: (rel)   2.6892079992351748E-014  (abs)    7.1054273576010019E-014
   Maximum absolute diff: (rel)   1.1503657136444226E-014  (abs)    2.2026824808563106E-013
 par_xsum: difference between integer vector and floating point sums  exceeds tolerance in            1  fields.
   Maximum relative diff: (rel)   3.8704606031228680E-014  (abs)    8.1046280797636427E-015
   Maximum absolute diff: (rel)   3.8704606031228680E-014  (abs)    8.1046280797636427E-015
 par_xsum: difference between integer vector and floating point sums  exceeds tolerance in            1  fields.
   Maximum relative diff: (rel)   1.1801381967236457E-012  (abs)    8.1240569826945830E-014
   Maximum absolute diff: (rel)   1.1801381967236457E-012  (abs)    8.1240569826945830E-014
 par_xsum: difference between integer vector and floating point sums  exceeds tolerance in            1  fields.
   Maximum relative diff: (rel)   2.8908198646950801E-014  (abs)    6.9277916736609768E-013
   Maximum absolute diff: (rel)   2.8908198646950801E-014  (abs)    6.9277916736609768E-013
 par_xsum: difference between integer vector and floating point sums  exceeds tolerance in            1  fields.
   Maximum relative diff: (rel)   3.3753464173652667E-014  (abs)    2.6090241078691179E-014
   Maximum absolute diff: (rel)   3.3753464173652667E-014  (abs)    2.6090241078691179E-014
 par_xsum: difference between integer vector and floating point sums  exceeds tolerance in            1  fields.
   Maximum relative diff: (rel)   1.5548139837742546E-014  (abs)    2.5934809855243657E-013
   Maximum absolute diff: (rel)   1.5548139837742546E-014  (abs)    2.5934809855243657E-013
 par_xsum: difference between integer vector and floating point sums  exceeds tolerance in            1  fields.
   Maximum relative diff: (rel)   1.4158872095181777E-014  (abs)    2.5934809855243657E-013
   Maximum absolute diff: (rel)   1.4158872095181777E-014  (abs)    2.5934809855243657E-013
 par_xsum: difference between integer vector and floating point sums  exceeds tolerance in            1  fields.
 par_xsum: difference between integer vector and floating point sums  exceeds tolerance in            1  fields.
   Maximum relative diff: (rel)   1.3144200596075239E-014  (abs)    5.2580162446247414E-013
   Maximum absolute diff: (rel)   1.3144200596075239E-014  (abs)    5.2580162446247414E-013
   Maximum relative diff: (rel)   1.0959235796490785E-013  (abs)    7.0721206668622472E-014
   Maximum absolute diff: (rel)   1.0959235796490785E-013  (abs)    7.0721206668622472E-014
 par_xsum: difference between integer vector and floating point sums  exceeds tolerance in            1  fields.
   Maximum relative diff: (rel)   1.2443284117873277E-014  (abs)    4.2632564145606011E-013
   Maximum absolute diff: (rel)   1.2443284117873277E-014  (abs)    4.2632564145606011E-013
 par_xsum: difference between integer vector and floating point sums  exceeds tolerance in            3  fields.
   Maximum relative diff: (rel)   3.8096084896285507E-013  (abs)    1.5134560271690134E-012
   Maximum absolute diff: (rel)   3.8096084896285507E-013  (abs)    1.5134560271690134E-012
 par_xsum: difference between integer vector and floating point sums  exceeds tolerance in            2  fields.
 par_xsum: difference between integer vector and floating point sums  exceeds tolerance in            2  fields.
   Maximum relative diff: (rel)   1.4788365806798858E-014  (abs)    4.4408920985006262E-014
   Maximum absolute diff: (rel)   1.0525961424843111E-014  (abs)    5.1869619710487314E-013
   Maximum relative diff: (rel)   3.0590857748651563E-014  (abs)    8.8462570602132473E-013
   Maximum absolute diff: (rel)   3.0590857748651563E-014  (abs)    8.8462570602132473E-013
 par_xsum: difference between integer vector and floating point sums  exceeds tolerance in            5  fields.
 par_xsum: difference between integer vector and floating point sums  exceeds tolerance in            1  fields.
   Maximum relative diff: (rel)   1.0251778689728380E-014  (abs)    1.1652900866465643E-012
   Maximum absolute diff: (rel)   1.0251778689728380E-014  (abs)    1.1652900866465643E-012
   Maximum relative diff: (rel)   3.0703820821181790E-014  (abs)    1.3216094885137863E-012
   Maximum absolute diff: (rel)   2.5140647651720659E-014  (abs)    1.4139800441625994E-012
 par_xsum: difference between integer vector and floating point sums  exceeds tolerance in            1  fields.
 par_xsum: difference between integer vector and floating point sums  exceeds tolerance in            5  fields.
   Maximum relative diff: (rel)   4.8330981029855313E-014  (abs)    6.6258110109629342E-013
   Maximum absolute diff: (rel)   2.1859791265889135E-014  (abs)    1.9042545318370685E-012
   Maximum relative diff: (rel)   1.0683988504409865E-014  (abs)    8.5265128291212022E-014
   Maximum absolute diff: (rel)   1.0683988504409865E-014  (abs)    8.5265128291212022E-014
 par_xsum: difference between integer vector and floating point sums  exceeds tolerance in            1  fields.
 par_xsum: difference between integer vector and floating point sums  exceeds tolerance in            2  fields.
   Maximum relative diff: (rel)   3.8443518308695676E-014  (abs)    3.3750779948604759E-013
   Maximum absolute diff: (rel)   3.1212436525339916E-014  (abs)    6.0396132539608516E-013
   Maximum relative diff: (rel)   2.4652617247579126E-014  (abs)    9.6633812063373625E-013
   Maximum absolute diff: (rel)   2.4652617247579126E-014  (abs)    9.6633812063373625E-013
 par_xsum: difference between integer vector and floating point sums  exceeds tolerance in            8  fields.
   Maximum relative diff: (rel)   1.0673177602525780E-013  (abs)    7.0059513745945878E-012
   Maximum absolute diff: (rel)   1.0673177602525780E-013  (abs)    7.0059513745945878E-012
 par_xsum: difference between integer vector and floating point sums  exceeds tolerance in            2  fields.
   Maximum relative diff: (rel)   1.7641580914652164E-014  (abs)    1.4352963262354024E-012
   Maximum absolute diff: (rel)   1.5835658376712735E-014  (abs)    6.7643668444361538E-012
 par_xsum: difference between integer vector and floating point sums  exceeds tolerance in            6  fields.
   Maximum relative diff: (rel)   1.8183209119390584E-014  (abs)    2.9274360713316128E-012
   Maximum absolute diff: (rel)   1.8125657682349925E-014  (abs)    3.6379788070917130E-012
 par_xsum: difference between integer vector and floating point sums  exceeds tolerance in            2  fields.
   Maximum relative diff: (rel)   7.6541394876687677E-014  (abs)    8.4154905266586866E-014
   Maximum absolute diff: (rel)   7.6541394876687677E-014  (abs)    8.4154905266586866E-014
 par_xsum: difference between integer vector and floating point sums  exceeds tolerance in            1  fields.
   Maximum relative diff: (rel)   1.2070727689300999E-013  (abs)    1.1652900866465643E-012
   Maximum absolute diff: (rel)   1.2070727689300999E-013  (abs)    1.1652900866465643E-012
 par_xsum: difference between integer vector and floating point sums  exceeds tolerance in            1  fields.
   Maximum relative diff: (rel)   1.1238115489016558E-014  (abs)    3.3395508580724709E-013
 par_xsum: difference between integer vector and floating point sums  exceeds tolerance in          123  fields.
   Maximum relative diff: (rel)   2.0385471088957274E-011  (abs)    2.0385471088957274E-011
   Maximum absolute diff: (rel)   2.0385471088957274E-011  (abs)    2.0385471088957274E-011
   Maximum absolute diff: (rel)   1.1238115489016558E-014  (abs)    3.3395508580724709E-013
 par_xsum: difference between integer vector and floating point sums  exceeds tolerance in            1  fields.
   Maximum relative diff: (rel)   3.0891969689372715E-014  (abs)    2.9309887850104133E-013
   Maximum absolute diff: (rel)   3.0891969689372715E-014  (abs)    2.9309887850104133E-013
 par_xsum: difference between integer vector and floating point sums  exceeds tolerance in            1  fields.
   Maximum relative diff: (rel)   4.8665538562707192E-014  (abs)    4.7428727611986687E-013
   Maximum absolute diff: (rel)   4.8665538562707192E-014  (abs)    4.7428727611986687E-013
 par_xsum: difference between integer vector and floating point sums  exceeds tolerance in            1  fields.
   Maximum relative diff: (rel)   1.4094226146750260E-014  (abs)    4.3698378249246161E-013
   Maximum absolute diff: (rel)   1.4094226146750260E-014  (abs)    4.3698378249246161E-013
 par_xsum: difference between integer vector and floating point sums  exceeds tolerance in            1  fields.
   Maximum relative diff: (rel)   1.8495261215893034E-014  (abs)    3.4674485505092889E-012
   Maximum absolute diff: (rel)   1.8495261215893034E-014  (abs)    3.4674485505092889E-012
 par_xsum: difference between integer vector and floating point sums  exceeds tolerance in            1  fields.
   Maximum relative diff: (rel)   2.2113370457454389E-014  (abs)    6.8212102632969618E-013
   Maximum absolute diff: (rel)   2.2113370457454389E-014  (abs)    6.8212102632969618E-013
 par_xsum: difference between integer vector and floating point sums  exceeds tolerance in            3  fields.
   Maximum relative diff: (rel)   1.5543580592162735E-014  (abs)    7.8870243669371121E-013
   Maximum absolute diff: (rel)   1.5543580592162735E-014  (abs)    7.8870243669371121E-013
 par_xsum: difference between integer vector and floating point sums  exceeds tolerance in            1  fields.
   Maximum relative diff: (rel)   1.1980105656987719E-014  (abs)    2.3305801732931286E-012
   Maximum absolute diff: (rel)   1.1980105656987719E-014  (abs)    2.3305801732931286E-012
 par_xsum: difference between integer vector and floating point sums  exceeds tolerance in            2  fields.
   Maximum relative diff: (rel)   1.8842123386444260E-012  (abs)    3.2973623831367149E-013
   Maximum absolute diff: (rel)   1.1506244414644481E-014  (abs)    1.6484591469634324E-012
 par_xsum: difference between integer vector and floating point sums  exceeds tolerance in            2  fields.
   Maximum relative diff: (rel)   2.9079678321007347E-013  (abs)    3.8302694349567901E-013
   Maximum absolute diff: (rel)   3.4189921529922178E-014  (abs)    9.1660012913052924E-013
 par_xsum: difference between integer vector and floating point sums  exceeds tolerance in            2  fields.
   Maximum relative diff: (rel)   2.6093289131073367E-013  (abs)    5.5955240441107890E-013
   Maximum absolute diff: (rel)   2.6093289131073367E-013  (abs)    5.5955240441107890E-013
 par_xsum: difference between integer vector and floating point sums  exceeds tolerance in            1  fields.
   Maximum relative diff: (rel)   6.2755106583970832E-014  (abs)    1.5010215292932116E-013
 par_xsum: difference between integer vector and floating point sums  exceeds tolerance in            1  fields.
   Maximum relative diff: (rel)   1.3879566830611529E-014  (abs)    8.9528384705772623E-013
   Maximum absolute diff: (rel)   1.3879566830611529E-014  (abs)    8.9528384705772623E-013
 par_xsum: difference between integer vector and floating point sums  exceeds tolerance in            2  fields.
   Maximum relative diff: (rel)   1.0051589872267383E-013  (abs)    3.4017233474514796E-013
   Maximum absolute diff: (rel)   1.1171115167323486E-014  (abs)    4.0500935938325711E-013
 par_xsum: difference between integer vector and floating point sums  exceeds tolerance in           11  fields.
   Maximum absolute diff: (rel)   6.2755106583970832E-014  (abs)    1.5010215292932116E-013
   Maximum relative diff: (rel)   6.8401591044266609E-014  (abs)    1.2398970739013748E-012
   Maximum absolute diff: (rel)   3.9305012095359097E-014  (abs)    7.0201622293097898E-012
