 taskid =          14
  taskid           14
 taskid =          28
  taskid           28
 taskid =          22
  taskid           22
 taskid =          10
  taskid           10
 taskid =          15
  taskid           15
 taskid =           6
  taskid            6
 taskid =           4
  taskid            4
 taskid =          27
  taskid           27
 taskid =          25
  taskid           25
 taskid =          24
  taskid           24
 taskid =           5
  taskid            5
 taskid =           2
  taskid            2
 taskid =           3
  taskid            3
 taskid =          12
  taskid           12
 taskid =          31
  taskid           31
 taskid =          20
  taskid           20
 taskid =          30
  taskid           30
 taskid =           0
  taskid            0
 taskid =           8
  taskid            8
 taskid =          32
  taskid           32
 taskid =          19
  taskid           19
 taskid =           9
  taskid            9
 taskid =           7
  taskid            7
 taskid =          16
  taskid           16
 taskid =          18
  taskid           18
 taskid =          13
  taskid           13
 taskid =          23
  taskid           23
 taskid =          29
  taskid           29
 taskid =           1
  taskid            1
 taskid =          26
  taskid           26
 taskid =          21
  taskid           21
 taskid =          11
  taskid           11
 taskid =          17
  taskid           17
 WACCMX online port ready: /home/jiaoy_group/jiaoy/data/waccmx-sami3_official/runs/waccmx_cam_sami3_live_payload_f19_directmpi_nosmoke_dt300_6pkt_6phi_hrmax2_maxstep400_20260526_0000/waccmx_sami3_online_port.txt
 WACCMX online sender connected
 sending baltp            9
 rcving baltp            0
 sending baltp            6
 sending baltp           21
 sending baltp           26
 sending baltp           19
 sending baltp           16
 sending baltp           11
 sending baltp           12
 sending baltp            8
 sending baltp           17
 sending baltp           15
 sending baltp           23
 sending baltp           22
 sending baltp           20
 sending baltp           32
 sending baltp           30
 sending baltp           10
 sending baltp           31
 sending baltp           14
 sending baltp           25
 sending baltp           18
 sending baltp            3
 sending baltp           29
 sending baltp           24
 sending baltp           28
 sending baltp           13
 sending baltp           27
 sending baltp            1
 sending baltp            2
 sending baltp            4
 sending baltp            5
 sending baltp            7
 print recvd balt/blat/blonpt           0
 sending pp           9
 recv pp 
 start recv dvec           0
 sending dvec            9
 sending vpsnx 
 send xyznorms
 recv xyznorms           9
 recv xyznormp
 recv vppnx/y/z
 send vhpnx/y/z
 recv vhpnx/y/z
 send bdirpx/y/z
 recv bdirpx/y/z
 send bdirhx/y/z
 recv bdirhx/y/z
 send ehpx/y/z
 recv ehpx/y/z
 send ephx/y/z
 recv ephx/y/z
 send delhp
 recv delhp
 send delph
 recv delph
 rcving baltp            0
 print recvd balt/blat/blonpt           0
 sending pp          10
 recv pp 
 start recv dvec           0
 sending dvec           10
 sending vpsnx 
 send xyznorms
 recv xyznorms          10
 recv xyznormp
 recv vppnx/y/z
 send vhpnx/y/z
 recv vhpnx/y/z
 send bdirpx/y/z
 recv bdirpx/y/z
 send bdirhx/y/z
 recv bdirhx/y/z
 send ehpx/y/z
 recv ehpx/y/z
 send ephx/y/z
 recv ephx/y/z
 send delhp
 recv delhp
 send delph
 recv delph
 rcving baltp            0
 print recvd balt/blat/blonpt           0
 sending pp          11
 recv pp 
 start recv dvec           0
 sending dvec           11
 sending vpsnx 
 send xyznorms
 recv xyznorms          11
 recv xyznormp
 recv vppnx/y/z
 send vhpnx/y/z
 recv vhpnx/y/z
 send bdirpx/y/z
 recv bdirpx/y/z
 send bdirhx/y/z
 recv bdirhx/y/z
 send ehpx/y/z
 recv ehpx/y/z
 send ephx/y/z
 recv ephx/y/z
 send delhp
 recv delhp
 send delph
 recv delph
 rcving baltp            0
 print recvd balt/blat/blonpt           0
 sending pp          12
 recv pp 
 start recv dvec           0
 sending dvec           12
 sending vpsnx 
 send xyznorms
 recv xyznorms          12
 recv xyznormp
 recv vppnx/y/z
 send vhpnx/y/z
 recv vhpnx/y/z
 send bdirpx/y/z
 recv bdirpx/y/z
 send bdirhx/y/z
 recv bdirhx/y/z
 send ehpx/y/z
 recv ehpx/y/z
 send ephx/y/z
 recv ephx/y/z
 send delhp
 recv delhp
 send delph
 recv delph
 rcving baltp            0
 print recvd balt/blat/blonpt           0
 sending pp          13
 recv pp 
 start recv dvec           0
 sending dvec           13
 sending vpsnx 
 send xyznorms
 recv xyznorms          13
 recv xyznormp
 recv vppnx/y/z
 send vhpnx/y/z
 recv vhpnx/y/z
 send bdirpx/y/z
 recv bdirpx/y/z
 send bdirhx/y/z
 recv bdirhx/y/z
 send ehpx/y/z
 recv ehpx/y/z
 send ephx/y/z
 recv ephx/y/z
 send delhp
 recv delhp
 send delph
 recv delph
 rcving baltp            0
 print recvd balt/blat/blonpt           0
 sending pp          14
 recv pp 
 start recv dvec           0
 sending dvec           14
 sending vpsnx 
 send xyznorms
 recv xyznorms          14
 recv xyznormp
 recv vppnx/y/z
 send vhpnx/y/z
 recv vhpnx/y/z
 send bdirpx/y/z
 recv bdirpx/y/z
 send bdirhx/y/z
 recv bdirhx/y/z
 send ehpx/y/z
 recv ehpx/y/z
 send ephx/y/z
 recv ephx/y/z
 send delhp
 recv delhp
 send delph
 recv delph
 rcving baltp            0
 print recvd balt/blat/blonpt           0
 sending pp          15
 recv pp 
 start recv dvec           0
 sending dvec           15
 sending vpsnx 
 send xyznorms
 recv xyznorms          15
 recv xyznormp
 recv vppnx/y/z
 send vhpnx/y/z
 recv vhpnx/y/z
 send bdirpx/y/z
 recv bdirpx/y/z
 send bdirhx/y/z
 recv bdirhx/y/z
 send ehpx/y/z
 recv ehpx/y/z
 send ephx/y/z
 recv ephx/y/z
 send delhp
 recv delhp
 send delph
 recv delph
 rcving baltp            0
 print recvd balt/blat/blonpt           0
 sending pp          16
 recv pp 
 start recv dvec           0
 sending dvec           16
 sending vpsnx 
 send xyznorms
 recv xyznorms          16
 recv xyznormp
 recv vppnx/y/z
 send vhpnx/y/z
 recv vhpnx/y/z
 send bdirpx/y/z
 recv bdirpx/y/z
 send bdirhx/y/z
 recv bdirhx/y/z
 send ehpx/y/z
 recv ehpx/y/z
 send ephx/y/z
 recv ephx/y/z
 send delhp
 recv delhp
 send delph
 recv delph
 rcving baltp            0
 print recvd balt/blat/blonpt           0
 sending pp          17
 recv pp 
 start recv dvec           0
 sending dvec           17
 sending vpsnx 
 send xyznorms
 recv xyznorms          17
 recv xyznormp
 recv vppnx/y/z
 send vhpnx/y/z
 recv vhpnx/y/z
 send bdirpx/y/z
 recv bdirpx/y/z
 send bdirhx/y/z
 recv bdirhx/y/z
 send ehpx/y/z
 recv ehpx/y/z
 send ephx/y/z
 recv ephx/y/z
 send delhp
 recv delhp
 send delph
 recv delph
 rcving baltp            0
 print recvd balt/blat/blonpt           0
 sending pp          18
 recv pp 
 start recv dvec           0
 sending dvec           18
 sending vpsnx 
 send xyznorms
 recv xyznorms          18
 recv xyznormp
 recv vppnx/y/z
 send vhpnx/y/z
 recv vhpnx/y/z
 send bdirpx/y/z
 recv bdirpx/y/z
 send bdirhx/y/z
 recv bdirhx/y/z
 send ehpx/y/z
 recv ehpx/y/z
 send ephx/y/z
 recv ephx/y/z
 send delhp
 recv delhp
 send delph
 recv delph
 rcving baltp            0
 print recvd balt/blat/blonpt           0
 sending pp          19
 recv pp 
 start recv dvec           0
 sending dvec           19
 sending vpsnx 
 send xyznorms
 recv xyznorms          19
 recv xyznormp
 recv vppnx/y/z
 send vhpnx/y/z
 recv vhpnx/y/z
 send bdirpx/y/z
 recv bdirpx/y/z
 send bdirhx/y/z
 recv bdirhx/y/z
 send ehpx/y/z
 recv ehpx/y/z
 send ephx/y/z
 recv ephx/y/z
 send delhp
 recv delhp
 send delph
 recv delph
 rcving baltp            0
 print recvd balt/blat/blonpt           0
 sending pp          20
 recv pp 
 start recv dvec           0
 sending dvec           20
 sending vpsnx 
 send xyznorms
 recv xyznorms          20
 recv xyznormp
 recv vppnx/y/z
 send vhpnx/y/z
 recv vhpnx/y/z
 send bdirpx/y/z
 recv bdirpx/y/z
 send bdirhx/y/z
 recv bdirhx/y/z
 send ehpx/y/z
 recv ehpx/y/z
 send ephx/y/z
 recv ephx/y/z
 send delhp
 recv delhp
 send delph
 recv delph
 rcving baltp            0
 print recvd balt/blat/blonpt           0
 sending pp          21
 recv pp 
 start recv dvec           0
 sending dvec           21
 sending vpsnx 
 send xyznorms
 recv xyznorms          21
 recv xyznormp
 recv vppnx/y/z
 send vhpnx/y/z
 recv vhpnx/y/z
 send bdirpx/y/z
 recv bdirpx/y/z
 send bdirhx/y/z
 recv bdirhx/y/z
 send ehpx/y/z
 recv ehpx/y/z
 send ephx/y/z
 recv ephx/y/z
 send delhp
 recv delhp
 send delph
 recv delph
 rcving baltp            0
 print recvd balt/blat/blonpt           0
 sending pp          22
 recv pp 
 start recv dvec           0
 sending dvec           22
 sending vpsnx 
 send xyznorms
 recv xyznorms          22
 recv xyznormp
 recv vppnx/y/z
 send vhpnx/y/z
 recv vhpnx/y/z
 send bdirpx/y/z
 recv bdirpx/y/z
 send bdirhx/y/z
 recv bdirhx/y/z
 send ehpx/y/z
 recv ehpx/y/z
 send ephx/y/z
 recv ephx/y/z
 send delhp
 recv delhp
 send delph
 recv delph
 rcving baltp            0
 print recvd balt/blat/blonpt           0
 sending pp          23
 recv pp 
 start recv dvec           0
 sending dvec           23
 sending vpsnx 
 send xyznorms
 recv xyznorms          23
 recv xyznormp
 recv vppnx/y/z
 send vhpnx/y/z
 recv vhpnx/y/z
 send bdirpx/y/z
 recv bdirpx/y/z
 send bdirhx/y/z
 recv bdirhx/y/z
 send ehpx/y/z
 recv ehpx/y/z
 send ephx/y/z
 recv ephx/y/z
 send delhp
 recv delhp
 send delph
 recv delph
 rcving baltp            0
 print recvd balt/blat/blonpt           0
 sending pp          24
 recv pp 
 start recv dvec           0
 sending dvec           24
 sending vpsnx 
 send xyznorms
 recv xyznorms          24
 recv xyznormp
 recv vppnx/y/z
 send vhpnx/y/z
 recv vhpnx/y/z
 send bdirpx/y/z
 recv bdirpx/y/z
 send bdirhx/y/z
 recv bdirhx/y/z
 send ehpx/y/z
 recv ehpx/y/z
 send ephx/y/z
 recv ephx/y/z
 send delhp
 recv delhp
 send delph
 recv delph
 rcving baltp            0
 print recvd balt/blat/blonpt           0
 sending pp          25
 recv pp 
 start recv dvec           0
 sending dvec           25
 sending vpsnx 
 send xyznorms
 recv xyznorms          25
 recv xyznormp
 recv vppnx/y/z
 send vhpnx/y/z
 recv vhpnx/y/z
 send bdirpx/y/z
 recv bdirpx/y/z
 send bdirhx/y/z
 recv bdirhx/y/z
 send ehpx/y/z
 recv ehpx/y/z
 send ephx/y/z
 recv ephx/y/z
 send delhp
 recv delhp
 send delph
 recv delph
 rcving baltp            0
 print recvd balt/blat/blonpt           0
 sending pp          26
 recv pp 
 start recv dvec           0
 sending dvec           26
 sending vpsnx 
 send xyznorms
 recv xyznorms          26
 recv xyznormp
 recv vppnx/y/z
 send vhpnx/y/z
 recv vhpnx/y/z
 send bdirpx/y/z
 recv bdirpx/y/z
 send bdirhx/y/z
 recv bdirhx/y/z
 send ehpx/y/z
 recv ehpx/y/z
 send ephx/y/z
 recv ephx/y/z
 send delhp
 recv delhp
 send delph
 recv delph
 rcving baltp            0
 print recvd balt/blat/blonpt           0
 sending pp          27
 recv pp 
 start recv dvec           0
 sending dvec           27
 sending vpsnx 
 send xyznorms
 recv xyznorms          27
 recv xyznormp
 recv vppnx/y/z
 send vhpnx/y/z
 recv vhpnx/y/z
 send bdirpx/y/z
 recv bdirpx/y/z
 send bdirhx/y/z
 recv bdirhx/y/z
 send ehpx/y/z
 recv ehpx/y/z
 send ephx/y/z
 recv ephx/y/z
 send delhp
 recv delhp
 send delph
 recv delph
 rcving baltp            0
 print recvd balt/blat/blonpt           0
 sending pp          28
 recv pp 
 start recv dvec           0
 sending dvec           28
 sending vpsnx 
 send xyznorms
 recv xyznorms          28
 recv xyznormp
 recv vppnx/y/z
 send vhpnx/y/z
 recv vhpnx/y/z
 send bdirpx/y/z
 recv bdirpx/y/z
 send bdirhx/y/z
 recv bdirhx/y/z
 send ehpx/y/z
 recv ehpx/y/z
 send ephx/y/z
 recv ephx/y/z
 send delhp
 recv delhp
 send delph
 recv delph
 rcving baltp            0
 print recvd balt/blat/blonpt           0
 sending pp          29
 recv pp 
 start recv dvec           0
 sending dvec           29
 sending vpsnx 
 send xyznorms
 recv xyznorms          29
 recv xyznormp
 recv vppnx/y/z
 send vhpnx/y/z
 recv vhpnx/y/z
 send bdirpx/y/z
 recv bdirpx/y/z
 send bdirhx/y/z
 recv bdirhx/y/z
 send ehpx/y/z
 recv ehpx/y/z
 send ephx/y/z
 recv ephx/y/z
 send delhp
 recv delhp
 send delph
 recv delph
 rcving baltp            0
 print recvd balt/blat/blonpt           0
 sending pp          30
 recv pp 
 start recv dvec           0
 sending dvec           30
 sending vpsnx 
 send xyznorms
 recv xyznorms          30
 recv xyznormp
 recv vppnx/y/z
 send vhpnx/y/z
 recv vhpnx/y/z
 send bdirpx/y/z
 recv bdirpx/y/z
 send bdirhx/y/z
 recv bdirhx/y/z
 send ehpx/y/z
 recv ehpx/y/z
 send ephx/y/z
 recv ephx/y/z
 send delhp
 recv delhp
 send delph
 recv delph
 rcving baltp            0
 print recvd balt/blat/blonpt           0
 sending pp          31
 recv pp 
 start recv dvec           0
 sending dvec           31
 sending vpsnx 
 send xyznorms
 recv xyznorms          31
 recv xyznormp
 recv vppnx/y/z
 send vhpnx/y/z
 recv vhpnx/y/z
 send bdirpx/y/z
 recv bdirpx/y/z
 send bdirhx/y/z
 recv bdirhx/y/z
 send ehpx/y/z
 recv ehpx/y/z
 send ephx/y/z
 recv ephx/y/z
 send delhp
 recv delhp
 send delph
 recv delph
 rcving baltp            0
 print recvd balt/blat/blonpt           0
 sending pp          32
 recv pp 
 start recv dvec           0
 sending dvec           32
 sending vpsnx 
 send xyznorms
 recv xyznorms          32
 recv xyznormp
 recv vppnx/y/z
 send vhpnx/y/z
 recv vhpnx/y/z
 send bdirpx/y/z
 recv bdirpx/y/z
 send bdirhx/y/z
 recv bdirhx/y/z
 send ehpx/y/z
 recv ehpx/y/z
 send ephx/y/z
 recv ephx/y/z
 send delhp
 recv delhp
 send delph
 recv delph
 rcving baltp            0
 print recvd balt/blat/blonpt           0
 sending pp           1
 recv pp 
 start recv dvec           0
 sending dvec            1
 sending vpsnx 
 send xyznorms
 recv xyznorms           1
 recv xyznormp
 recv vppnx/y/z
 send vhpnx/y/z
 recv vhpnx/y/z
 send bdirpx/y/z
 recv bdirpx/y/z
 send bdirhx/y/z
 recv bdirhx/y/z
 send ehpx/y/z
 recv ehpx/y/z
 send ephx/y/z
 recv ephx/y/z
 send delhp
 recv delhp
 send delph
 recv delph
 rcving baltp            0
 print recvd balt/blat/blonpt           0
 sending pp           2
 recv pp 
 start recv dvec           0
 WACCMX neutral timing policy: update_hours,span_hours=   8.33333358E-02   8.33333358E-02
 sending dvec            2
 sending vpsnx 
 send xyznorms
 recv xyznorms           2
 recv xyznormp
 recv vppnx/y/z
 send vhpnx/y/z
 recv vhpnx/y/z
 send bdirpx/y/z
 recv bdirpx/y/z
 send bdirhx/y/z
 recv bdirhx/y/z
 send ehpx/y/z
 recv ehpx/y/z
 send ephx/y/z
 recv ephx/y/z
 send delhp
 recv delhp
 send delph
 recv delph
 rcving baltp            0
 print recvd balt/blat/blonpt           0
 sending pp           3
 recv pp 
 start recv dvec           0
 WACCMX online neutral received: taskid,step,packet_hr=           1           0   0.00000000    
 WACCMX_RECV_QC           1           0   0.00000000          131019       57461      131019       57461   4.3426282236717143E+018   79097431.501968384        119100846.31048122        284173962.45459259        0.0000000000000000        4.3426282236717143E+018   79097431.501968384        119100846.31048122        284173962.45459259        0.0000000000000000     
 WACCMX_RECV_SOURCE_FLAGS           1           0   0.00000000          188480      131019       51033        6428           0           0      131019       57461      131019       57461      131019      131019      131019      131019
 WACCMX neutral top blend policy: linear WACCMX fraction from 1 to 0 between km   600.000000       720.000000    
 WACCMX neutral apply policy: negative H density marker retains native SAMI3 neutral state
 WACCMX neutral apply policy: He payload is ignored; SAMI3 native He is retained
 WACCMX_APPLY_QC           1           1   0.00000000           37696       26260       11436       26260       11436       26260       26260       26260       26260
 WACCMX_APPLY_SOURCE_FLAGS           1           1   0.00000000           37696       26260       10111        1325           0           0
 WACCMX_APPLY_BLEND           1           1   0.00000000           37696           1   600.000000       720.000000           26260           0           0       26260           0           0
 d =    15710983.0       1.56821340E+10   3.49982228E+10   4.54060851E+09   95540760.0       2.29256501E-12   1718233.88       8258244.50       1.69087636E-26
 sending dvec            3
 sending vpsnx 
 send xyznorms
 recv xyznorms           3
 recv xyznormp
 recv vppnx/y/z
 send vhpnx/y/z
 recv vhpnx/y/z
 send bdirpx/y/z
 recv bdirpx/y/z
 send bdirhx/y/z
 recv bdirhx/y/z
 send ehpx/y/z
 recv ehpx/y/z
 send ephx/y/z
 recv ephx/y/z
 send delhp
 recv delhp
 send delph
 recv delph
 rcving baltp            0
 print recvd balt/blat/blonpt           0
 sending pp           4
 recv pp 
 start recv dvec           0
 WACCMX online neutral received: taskid,step,packet_hr=           2           0   0.00000000    
 WACCMX_RECV_QC           2           0   0.00000000          130706       57774      130706       57774   4.5723773718215665E+018   77225812.226699829        109879564.58954149        268662017.13273376        0.0000000000000000        4.5723773718215665E+018   77225812.226699829        109879564.58954149        268662017.13273376        0.0000000000000000     
 WACCMX_RECV_SOURCE_FLAGS           2           0   0.00000000          188480      130706       51569        6205           0           0      130706       57774      130706       57774      130706      130706      130706      130706
 WACCMX_APPLY_QC           2           1   0.00000000           37696       26172       11524       26172       11524       26172       26172       26172       26172
 WACCMX_APPLY_SOURCE_FLAGS           2           1   0.00000000           37696       26172       10251        1273           0           0
 WACCMX_APPLY_BLEND           2           1   0.00000000           37696           1   600.000000       720.000000           26172           0           0       26172           0           0
 WACCMX_APPLY_QC           1           2   0.00000000           37696       26239       11457       26239       11457       26239       26239       26239       26239
 WACCMX_APPLY_SOURCE_FLAGS           1           2   0.00000000           37696       26239       10161        1296           0           0
 WACCMX_APPLY_BLEND           1           2   0.00000000           37696           1   600.000000       720.000000           26239           0           0       26239           0           0
 sending dvec            4
 sending vpsnx 
 send xyznorms
 recv xyznorms           4
 recv xyznormp
 recv vppnx/y/z
 send vhpnx/y/z
 recv vhpnx/y/z
 send bdirpx/y/z
 recv bdirpx/y/z
 send bdirhx/y/z
 recv bdirhx/y/z
 send ehpx/y/z
 recv ehpx/y/z
 send ephx/y/z
 recv ephx/y/z
 send delhp
 recv delhp
 send delph
 recv delph
 rcving baltp            0
 print recvd balt/blat/blonpt           0
 sending pp           5
 recv pp 
 start recv dvec           0
 WACCMX online neutral received: taskid,step,packet_hr=           3           0   0.00000000    
 WACCMX_RECV_QC           3           0   0.00000000          130525       57955      130525       57955   4.5016436247959081E+018   76193254.165390015        45873351.103199959        160184540.18070036        0.0000000000000000        4.5016436247959081E+018   76193254.165390015        45873351.103199959        160184540.18070036        0.0000000000000000     
 WACCMX_RECV_SOURCE_FLAGS           3           0   0.00000000          188480      130525       51808        6147           0           0      130525       57955      130525       57955      130525      130525      130525      130525
 WACCMX_APPLY_QC           3           1   0.00000000           37696       26128       11568       26128       11568       26128       26128       26128       26128
 WACCMX_APPLY_SOURCE_FLAGS           3           1   0.00000000           37696       26128       10347        1221           0           0
 WACCMX_APPLY_BLEND           3           1   0.00000000           37696           1   600.000000       720.000000           26128           0           0       26128           0           0
 WACCMX_APPLY_QC           2           2   0.00000000           37696       26154       11542       26154       11542       26154       26154       26154       26154
 WACCMX_APPLY_SOURCE_FLAGS           2           2   0.00000000           37696       26154       10299        1243           0           0
 WACCMX_APPLY_BLEND           2           2   0.00000000           37696           1   600.000000       720.000000           26154           0           0       26154           0           0
 sending dvec            5
 WACCMX_APPLY_QC           1           3   0.00000000           37696       26194       11502       26194       11502       26194       26194       26194       26194
 WACCMX_APPLY_SOURCE_FLAGS           1           3   0.00000000           37696       26194       10211        1291           0           0
 WACCMX_APPLY_BLEND           1           3   0.00000000           37696           1   600.000000       720.000000           26194           0           0       26194           0           0
 sending vpsnx 
 send xyznorms
 recv xyznorms           5
 recv xyznormp
 recv vppnx/y/z
 send vhpnx/y/z
 recv vhpnx/y/z
 send bdirpx/y/z
 recv bdirpx/y/z
 send bdirhx/y/z
 recv bdirhx/y/z
 send ehpx/y/z
 recv ehpx/y/z
 send ephx/y/z
 recv ephx/y/z
 send delhp
 recv delhp
 send delph
 recv delph
 rcving baltp            0
 print recvd balt/blat/blonpt           0
 sending pp           6
 recv pp 
 start recv dvec           0
 WACCMX online neutral received: taskid,step,packet_hr=           4           0   0.00000000    
 WACCMX_RECV_QC           4           0   0.00000000          130375       58105      130375       58105   4.3581390455046175E+018   75675998.032020569       -6345620.0143499896        26966366.638774410        0.0000000000000000        4.3581390455046175E+018   75675998.032020569       -6345620.0143499896        26966366.638774410        0.0000000000000000     
 WACCMX_RECV_SOURCE_FLAGS           4           0   0.00000000          188480      130375       51997        6108           0           0      130375       58105      130375       58105      130375      130375      130375      130375
 WACCMX_APPLY_QC           4           1   0.00000000           37696       26097       11599       26097       11599       26097       26097       26097       26097
 WACCMX_APPLY_SOURCE_FLAGS           4           1   0.00000000           37696       26097       10370        1229           0           0
 WACCMX_APPLY_BLEND           4           1   0.00000000           37696           1   600.000000       720.000000           26097           0           0       26097           0           0
 WACCMX_APPLY_QC           3           2   0.00000000           37696       26114       11582       26114       11582       26114       26114       26114       26114
 WACCMX_APPLY_SOURCE_FLAGS           3           2   0.00000000           37696       26114       10351        1231           0           0
 WACCMX_APPLY_BLEND           3           2   0.00000000           37696           1   600.000000       720.000000           26114           0           0       26114           0           0
 sending dvec            6
 WACCMX_APPLY_QC           2           3   0.00000000           37696       26138       11558       26138       11558       26138       26138       26138       26138
 WACCMX_APPLY_SOURCE_FLAGS           2           3   0.00000000           37696       26138       10321        1237           0           0
 WACCMX_APPLY_BLEND           2           3   0.00000000           37696           1   600.000000       720.000000           26138           0           0       26138           0           0
 sending vpsnx 
 send xyznorms
 recv xyznorms           6
 recv xyznormp
 recv vppnx/y/z
 send vhpnx/y/z
 recv vhpnx/y/z
 send bdirpx/y/z
 recv bdirpx/y/z
 send bdirhx/y/z
 recv bdirhx/y/z
 send ehpx/y/z
 recv ehpx/y/z
 send ephx/y/z
 recv ephx/y/z
 send delhp
 recv delhp
 send delph
 recv delph
 rcving baltp            0
 print recvd balt/blat/blonpt           0
 sending pp           7
 recv pp 
 start recv dvec           0
 WACCMX_APPLY_QC           1           4   0.00000000           37696       26172       11524       26172       11524       26172       26172       26172       26172
 WACCMX_APPLY_SOURCE_FLAGS           1           4   0.00000000           37696       26172       10251        1273           0           0
 WACCMX_APPLY_BLEND           1           4   0.00000000           37696           1   600.000000       720.000000           26172           0           0       26172           0           0
 WACCMX online neutral received: taskid,step,packet_hr=           5           0   0.00000000    
 WACCMX_RECV_QC           5           0   0.00000000          130412       58068      130412       58068   4.3154882999915366E+018   75478409.494773865       -42634908.024845727       -44505766.369669020        0.0000000000000000        4.3154882999915366E+018   75478409.494773865       -42634908.024845727       -44505766.369669020        0.0000000000000000     
 WACCMX_RECV_SOURCE_FLAGS           5           0   0.00000000          188480      130412       52173        5895           0           0      130412       58068      130412       58068      130412      130412      130412      130412
 WACCMX_APPLY_QC           5           1   0.00000000           37696       26066       11630       26066       11630       26066       26066       26066       26066
 WACCMX_APPLY_SOURCE_FLAGS           5           1   0.00000000           37696       26066       10416        1214           0           0
 WACCMX_APPLY_BLEND           5           1   0.00000000           37696           1   600.000000       720.000000           26066           0           0       26066           0           0
 WACCMX_APPLY_QC           4           2   0.00000000           37696       26081       11615       26081       11615       26081       26081       26081       26081
 WACCMX_APPLY_SOURCE_FLAGS           4           2   0.00000000           37696       26081       10383        1232           0           0
 WACCMX_APPLY_BLEND           4           2   0.00000000           37696           1   600.000000       720.000000           26081           0           0       26081           0           0
 sending dvec            7
 WACCMX_APPLY_QC           3           3   0.00000000           37696       26105       11591       26105       11591       26105       26105       26105       26105
 WACCMX_APPLY_SOURCE_FLAGS           3           3   0.00000000           37696       26105       10357        1234           0           0
 WACCMX_APPLY_BLEND           3           3   0.00000000           37696           1   600.000000       720.000000           26105           0           0       26105           0           0
 sending vpsnx 
 send xyznorms
 recv xyznorms           7
 recv xyznormp
 recv vppnx/y/z
 send vhpnx/y/z
 recv vhpnx/y/z
 send bdirpx/y/z
 recv bdirpx/y/z
 send bdirhx/y/z
 recv bdirhx/y/z
 send ehpx/y/z
 recv ehpx/y/z
 send ephx/y/z
 recv ephx/y/z
 send delhp
 recv delhp
 send delph
 recv delph
 rcving baltp            0
 print recvd balt/blat/blonpt           0
 sending pp           8
 recv pp 
 start recv dvec           0
 WACCMX_APPLY_QC           2           4   0.00000000           37696       26128       11568       26128       11568       26128       26128       26128       26128
 WACCMX_APPLY_SOURCE_FLAGS           2           4   0.00000000           37696       26128       10347        1221           0           0
 WACCMX_APPLY_BLEND           2           4   0.00000000           37696           1   600.000000       720.000000           26128           0           0       26128           0           0
 WACCMX online neutral received: taskid,step,packet_hr=           6           0   0.00000000    
 WACCMX_RECV_QC           6           0   0.00000000          130627       57853      130627       57853   4.2633637226230897E+018   75344339.669708252       -50420234.721586116       -111214343.74763608        0.0000000000000000        4.2633637226230897E+018   75344339.669708252       -50420234.721586116       -111214343.74763608        0.0000000000000000     
 WACCMX_RECV_SOURCE_FLAGS           6           0   0.00000000          188480      130627       52341        5512           0           0      130627       57853      130627       57853      130627      130627      130627      130627
 WACCMX_APPLY_QC           6           1   0.00000000           37696       26101       11595       26101       11595       26101       26101       26101       26101
 WACCMX_APPLY_SOURCE_FLAGS           6           1   0.00000000           37696       26101       10441        1154           0           0
 WACCMX_APPLY_BLEND           6           1   0.00000000           37696           1   600.000000       720.000000           26101           0           0       26101           0           0
 WACCMX_APPLY_QC           1           5   0.00000000           37696       26154       11542       26154       11542       26154       26154       26154       26154
 WACCMX_APPLY_SOURCE_FLAGS           1           5   0.00000000           37696       26154       10299        1243           0           0
 WACCMX_APPLY_BLEND           1           5   0.00000000           37696           1   600.000000       720.000000           26154           0           0       26154           0           0
 WACCMX_APPLY_QC           5           2   0.00000000           37696       26062       11634       26062       11634       26062       26062       26062       26062
 WACCMX_APPLY_SOURCE_FLAGS           5           2   0.00000000           37696       26062       10429        1205           0           0
 WACCMX_APPLY_BLEND           5           2   0.00000000           37696           1   600.000000       720.000000           26062           0           0       26062           0           0
 sending dvec            8
 WACCMX_APPLY_QC           4           3   0.00000000           37696       26069       11627       26069       11627       26069       26069       26069       26069
 WACCMX_APPLY_SOURCE_FLAGS           4           3   0.00000000           37696       26069       10399        1228           0           0
 WACCMX_APPLY_BLEND           4           3   0.00000000           37696           1   600.000000       720.000000           26069           0           0       26069           0           0
 sending vpsnx 
 send xyznorms
 recv xyznorms           8
 recv xyznormp
 recv vppnx/y/z
 send vhpnx/y/z
 recv vhpnx/y/z
 send bdirpx/y/z
 recv bdirpx/y/z
 send bdirhx/y/z
 recv bdirhx/y/z
 send ehpx/y/z
 recv ehpx/y/z
 send ephx/y/z
 recv ephx/y/z
 send delhp
 recv delhp
 send delph
 recv delph
 plon_ang, plon =    287.819336       5.02339506    
 WACCMX_APPLY_QC           3           4   0.00000000           37696       26097       11599       26097       11599       26097       26097       26097       26097
 WACCMX_APPLY_SOURCE_FLAGS           3           4   0.00000000           37696       26097       10370        1229           0           0
 WACCMX_APPLY_BLEND           3           4   0.00000000           37696           1   600.000000       720.000000           26097           0           0       26097           0           0
 WACCMX online neutral received: taskid,step,packet_hr=           7           0   0.00000000    
 WACCMX_RECV_QC           7           0   0.00000000          130833       57647      130833       57647   4.0759341526788485E+018   75035871.720565796       -44443954.253055744       -161120476.37499273        0.0000000000000000        4.0759341526788485E+018   75035871.720565796       -44443954.253055744       -161120476.37499273        0.0000000000000000     
 WACCMX_RECV_SOURCE_FLAGS           7           0   0.00000000          188480      130833       52659        4988           0           0      130833       57647      130833       57647      130833      130833      130833      130833
 WACCMX_APPLY_QC           7           1   0.00000000           37696       26137       11559       26137       11559       26137       26137       26137       26137
 WACCMX_APPLY_SOURCE_FLAGS           7           1   0.00000000           37696       26137       10480        1079           0           0
 WACCMX_APPLY_BLEND           7           1   0.00000000           37696           1   600.000000       720.000000           26137           0           0       26137           0           0
 WACCMX_APPLY_QC           2           5   0.00000000           37696       26114       11582       26114       11582       26114       26114       26114       26114
 WACCMX_APPLY_SOURCE_FLAGS           2           5   0.00000000           37696       26114       10351        1231           0           0
 WACCMX_APPLY_BLEND           2           5   0.00000000           37696           1   600.000000       720.000000           26114           0           0       26114           0           0
 WACCMX_APPLY_QC           6           2   0.00000000           37696       26108       11588       26108       11588       26108       26108       26108       26108
 WACCMX_APPLY_SOURCE_FLAGS           6           2   0.00000000           37696       26108       10452        1136           0           0
 WACCMX_APPLY_BLEND           6           2   0.00000000           37696           1   600.000000       720.000000           26108           0           0       26108           0           0
 ehp   0.999464750     -0.999464691    
 ehp    1.81942160E-04  -1.81942130E-04
 ehp   0.999464691     -0.999464691    
 SAMI3_USE_ONLINE_PHI_WEIMER: using online MPI phi_weimer payload
  finished initialization taskid =            0
 max,ntmmax    8.33333358E-02         120
 WACCMX_APPLY_QC           5           3   0.00000000           37696       26075       11621       26075       11621       26075       26075       26075       26075
 WACCMX_APPLY_SOURCE_FLAGS           5           3   0.00000000           37696       26075       10435        1186           0           0
 WACCMX_APPLY_BLEND           5           3   0.00000000           37696           1   600.000000       720.000000           26075           0           0       26075           0           0
 WACCMX_APPLY_QC           4           4   0.00000000           37696       26066       11630       26066       11630       26066       26066       26066       26066
 WACCMX_APPLY_SOURCE_FLAGS           4           4   0.00000000           37696       26066       10416        1214           0           0
 WACCMX_APPLY_BLEND           4           4   0.00000000           37696           1   600.000000       720.000000           26066           0           0       26066           0           0
 WACCMX online neutral received: taskid,step,packet_hr=           8           0   0.00000000    
 WACCMX_RECV_QC           8           0   0.00000000          131039       57441      131039       57441   3.8780922029820457E+018   74741962.670471191       -31043157.119869269       -119859726.38722903        0.0000000000000000        3.8780922029820457E+018   74741962.670471191       -31043157.119869269       -119859726.38722903        0.0000000000000000     
 WACCMX_RECV_SOURCE_FLAGS           8           0   0.00000000          188480      131039       53038        4403           0           0      131039       57441      131039       57441      131039      131039      131039      131039
 WACCMX_APPLY_QC           8           1   0.00000000           37696       26181       11515       26181       11515       26181       26181       26181       26181
 WACCMX_APPLY_SOURCE_FLAGS           8           1   0.00000000           37696       26181       10554         961           0           0
 WACCMX_APPLY_BLEND           8           1   0.00000000           37696           1   600.000000       720.000000           26181           0           0       26181           0           0
 WACCMX_APPLY_QC           3           5   0.00000000           37696       26081       11615       26081       11615       26081       26081       26081       26081
 WACCMX_APPLY_SOURCE_FLAGS           3           5   0.00000000           37696       26081       10383        1232           0           0
 WACCMX_APPLY_BLEND           3           5   0.00000000           37696           1   600.000000       720.000000           26081           0           0       26081           0           0
 WACCMX_APPLY_QC           7           2   0.00000000           37696       26153       11543       26153       11543       26153       26153       26153       26153
 WACCMX_APPLY_SOURCE_FLAGS           7           2   0.00000000           37696       26153       10506        1037           0           0
 WACCMX_APPLY_BLEND           7           2   0.00000000           37696           1   600.000000       720.000000           26153           0           0       26153           0           0
 WACCMX online neutral received: taskid,step,packet_hr=           9           0   0.00000000    
 WACCMX_RECV_QC           9           0   0.00000000          131194       57286      131194       57286   3.7681006506248325E+018   74451310.616210938       -15788261.327151187       -18039226.072676491        0.0000000000000000        3.7681006506248325E+018   74451310.616210938       -15788261.327151187       -18039226.072676491        0.0000000000000000     
 WACCMX_RECV_SOURCE_FLAGS           9           0   0.00000000          188480      131194       53345        3941           0           0      131194       57286      131194       57286      131194      131194      131194      131194
 WACCMX_APPLY_QC           9           1   0.00000000           37696       26222       11474       26222       11474       26222       26222       26222       26222
 WACCMX_APPLY_SOURCE_FLAGS           9           1   0.00000000           37696       26222       10637         837           0           0
 WACCMX_APPLY_BLEND           9           1   0.00000000           37696           1   600.000000       720.000000           26220           2           0       26220           2           0
  finished initialization taskid =            2
 iwrk            2         120
 in if parallel - iday,iday0           1           0
 max flux_euvac   6.64522854E+09
  finished initialization taskid =            1
 iwrk            1         120
 in if parallel - iday,iday0           1           0
 max flux_euvac   6.64522854E+09
 WACCMX_APPLY_QC           6           3   0.00000000           37696       26128       11568       26128       11568       26128       26128       26128       26128
 WACCMX_APPLY_SOURCE_FLAGS           6           3   0.00000000           37696       26128       10462        1106           0           0
 WACCMX_APPLY_BLEND           6           3   0.00000000           37696           1   600.000000       720.000000           26128           0           0       26128           0           0
 WACCMX_APPLY_QC           5           4   0.00000000           37696       26101       11595       26101       11595       26101       26101       26101       26101
 WACCMX_APPLY_SOURCE_FLAGS           5           4   0.00000000           37696       26101       10441        1154           0           0
 WACCMX_APPLY_BLEND           5           4   0.00000000           37696           1   600.000000       720.000000           26101           0           0       26101           0           0
 WACCMX online neutral received: taskid,step,packet_hr=          10           0   0.00000000    
 WACCMX_RECV_QC          10           0   0.00000000          131304       57176      131304       57176   3.7403306639673718E+018   74100604.635681152       -22666745.760571517        48095177.164621294        0.0000000000000000        3.7403306639673718E+018   74100604.635681152       -22666745.760571517        48095177.164621294        0.0000000000000000     
 WACCMX_RECV_SOURCE_FLAGS          10           0   0.00000000          188480      131304       53592        3584           0           0      131304       57176      131304       57176      131304      131304      131304      131304
 WACCMX_APPLY_QC          10           1   0.00000000           37696       26249       11447       26249       11447       26249       26249       26249       26249
 WACCMX_APPLY_SOURCE_FLAGS          10           1   0.00000000           37696       26249       10685         762           0           0
 WACCMX_APPLY_BLEND          10           1   0.00000000           37696           1   600.000000       720.000000           26245           4           0       26245           4           0
  finished initialization taskid =            3
 iwrk            3         120
 in if parallel - iday,iday0           1           0
 max flux_euvac   6.64522854E+09
 WACCMX_APPLY_QC           4           5   0.00000000           37696       26062       11634       26062       11634       26062       26062       26062       26062
 WACCMX_APPLY_SOURCE_FLAGS           4           5   0.00000000           37696       26062       10429        1205           0           0
 WACCMX_APPLY_BLEND           4           5   0.00000000           37696           1   600.000000       720.000000           26062           0           0       26062           0           0
 WACCMX_APPLY_QC           8           2   0.00000000           37696       26193       11503       26193       11503       26193       26193       26193       26193
 WACCMX_APPLY_SOURCE_FLAGS           8           2   0.00000000           37696       26193       10585         918           0           0
 WACCMX_APPLY_BLEND           8           2   0.00000000           37696           1   600.000000       720.000000           26193           0           0       26193           0           0
 WACCMX online neutral received: taskid,step,packet_hr=          11           0   0.00000000    
 WACCMX_RECV_QC          11           0   0.00000000          131360       57120      131360       57120   3.9667585166877133E+018   73493146.465499878       -13766880.596623905        31235090.614932403        0.0000000000000000        3.9667585166877133E+018   73493146.465499878       -13766880.596623905        31235090.614932403        0.0000000000000000     
 WACCMX_RECV_SOURCE_FLAGS          11           0   0.00000000          188480      131360       53905        3215           0           0      131360       57120      131360       57120      131360      131360      131360      131360
 WACCMX_APPLY_QC          11           1   0.00000000           37696       26271       11425       26271       11425       26271       26271       26271       26271
 WACCMX_APPLY_SOURCE_FLAGS          11           1   0.00000000           37696       26271       10738         687           0           0
 WACCMX_APPLY_BLEND          11           1   0.00000000           37696           1   600.000000       720.000000           26264           7           0       26264           7           0
 WACCMX_APPLY_QC           7           3   0.00000000           37696       26169       11527       26169       11527       26169       26169       26169       26169
 WACCMX_APPLY_SOURCE_FLAGS           7           3   0.00000000           37696       26169       10534         993           0           0
 WACCMX_APPLY_BLEND           7           3   0.00000000           37696           1   600.000000       720.000000           26169           0           0       26169           0           0
 WACCMX_APPLY_QC           9           2   0.00000000           37696       26233       11463       26233       11463       26233       26233       26233       26233
 WACCMX_APPLY_SOURCE_FLAGS           9           2   0.00000000           37696       26233       10649         814           0           0
 WACCMX_APPLY_BLEND           9           2   0.00000000           37696           1   600.000000       720.000000           26231           2           0       26231           2           0
 WACCMX_APPLY_QC           6           4   0.00000000           37696       26137       11559       26137       11559       26137       26137       26137       26137
 WACCMX_APPLY_SOURCE_FLAGS           6           4   0.00000000           37696       26137       10480        1079           0           0
 WACCMX_APPLY_BLEND           6           4   0.00000000           37696           1   600.000000       720.000000           26137           0           0       26137           0           0
 WACCMX online neutral received: taskid,step,packet_hr=          12           0   0.00000000    
 WACCMX_RECV_QC          12           0   0.00000000          131342       57138      131342       57138   4.2909008584601892E+018   72776294.823211670        35316086.900456637       -51498072.692768529        0.0000000000000000        4.2909008584601892E+018   72776294.823211670        35316086.900456637       -51498072.692768529        0.0000000000000000     
 WACCMX_RECV_SOURCE_FLAGS          12           0   0.00000000          188480      131342       54272        2866           0           0      131342       57138      131342       57138      131342      131342      131342      131342
 WACCMX_APPLY_QC          12           1   0.00000000           37696       26275       11421       26275       11421       26275       26275       26275       26275
 WACCMX_APPLY_SOURCE_FLAGS          12           1   0.00000000           37696       26275       10808         613           0           0
 WACCMX_APPLY_BLEND          12           1   0.00000000           37696           1   600.000000       720.000000           26267           8           0       26267           8           0
  finished initialization taskid =            4
 iwrk            4         120
 in if parallel - iday,iday0           1           0
 max flux_euvac   6.64522854E+09
 WACCMX_APPLY_QC           5           5   0.00000000           37696       26108       11588       26108       11588       26108       26108       26108       26108
 WACCMX_APPLY_SOURCE_FLAGS           5           5   0.00000000           37696       26108       10452        1136           0           0
 WACCMX_APPLY_BLEND           5           5   0.00000000           37696           1   600.000000       720.000000           26108           0           0       26108           0           0
 WACCMX_APPLY_QC          10           2   0.00000000           37696       26254       11442       26254       11442       26254       26254       26254       26254
 WACCMX_APPLY_SOURCE_FLAGS          10           2   0.00000000           37696       26254       10703         739           0           0
 WACCMX_APPLY_BLEND          10           2   0.00000000           37696           1   600.000000       720.000000           26249           5           0       26249           5           0
 WACCMX_APPLY_QC           8           3   0.00000000           37696       26210       11486       26210       11486       26210       26210       26210       26210
 WACCMX_APPLY_SOURCE_FLAGS           8           3   0.00000000           37696       26210       10613         873           0           0
 WACCMX_APPLY_BLEND           8           3   0.00000000           37696           1   600.000000       720.000000           26209           1           0       26209           1           0
 WACCMX online neutral received: taskid,step,packet_hr=          13           0   0.00000000    
 WACCMX_RECV_QC          13           0   0.00000000          131394       57086      131394       57086   4.3370219966666988E+018   72619895.342376709        92851978.630483329       -96425755.125658795        0.0000000000000000        4.3370219966666988E+018   72619895.342376709        92851978.630483329       -96425755.125658795        0.0000000000000000     
 WACCMX_RECV_SOURCE_FLAGS          13           0   0.00000000          188480      131394       54359        2727           0           0      131394       57086      131394       57086      131394      131394      131394      131394
 WACCMX_APPLY_QC          13           1   0.00000000           37696       26263       11433       26263       11433       26263       26263       26263       26263
 WACCMX_APPLY_SOURCE_FLAGS          13           1   0.00000000           37696       26263       10882         551           0           0
 WACCMX_APPLY_BLEND          13           1   0.00000000           37696           1   600.000000       720.000000           26249          14           0       26249          14           0
 WACCMX_APPLY_QC          11           2   0.00000000           37696       26269       11427       26269       11427       26269       26269       26269       26269
 WACCMX_APPLY_SOURCE_FLAGS          11           2   0.00000000           37696       26269       10748         679           0           0
 WACCMX_APPLY_BLEND          11           2   0.00000000           37696           1   600.000000       720.000000           26262           7           0       26262           7           0
 WACCMX_APPLY_QC           7           4   0.00000000           37696       26181       11515       26181       11515       26181       26181       26181       26181
 WACCMX_APPLY_SOURCE_FLAGS           7           4   0.00000000           37696       26181       10554         961           0           0
 WACCMX_APPLY_BLEND           7           4   0.00000000           37696           1   600.000000       720.000000           26181           0           0       26181           0           0
 WACCMX_APPLY_QC           9           3   0.00000000           37696       26236       11460       26236       11460       26236       26236       26236       26236
 WACCMX_APPLY_SOURCE_FLAGS           9           3   0.00000000           37696       26236       10671         789           0           0
 WACCMX_APPLY_BLEND           9           3   0.00000000           37696           1   600.000000       720.000000           26233           3           0       26233           3           0
 WACCMX_APPLY_QC           6           5   0.00000000           37696       26153       11543       26153       11543       26153       26153       26153       26153
 WACCMX_APPLY_SOURCE_FLAGS           6           5   0.00000000           37696       26153       10506        1037           0           0
 WACCMX_APPLY_BLEND           6           5   0.00000000           37696           1   600.000000       720.000000           26153           0           0       26153           0           0
 WACCMX online neutral received: taskid,step,packet_hr=          14           0   0.00000000    
 WACCMX_RECV_QC          14           0   0.00000000          131642       56838      131642       56838   4.2735945576695644E+018   73337208.685256958        108169646.30088532       -48677533.961888187        0.0000000000000000        4.2735945576695644E+018   73337208.685256958        108169646.30088532       -48677533.961888187        0.0000000000000000     
 WACCMX_RECV_SOURCE_FLAGS          14           0   0.00000000          188480      131642       54114        2724           0           0      131642       56838      131642       56838      131642      131642      131642      131642
 WACCMX_APPLY_QC          14           1   0.00000000           37696       26293       11403       26293       11403       26293       26293       26293       26293
 WACCMX_APPLY_SOURCE_FLAGS          14           1   0.00000000           37696       26293       10866         537           0           0
 WACCMX_APPLY_BLEND          14           1   0.00000000           37696           1   600.000000       720.000000           26279          14           0       26279          14           0
  finished initialization taskid =            5
 iwrk            5         120
 in if parallel - iday,iday0           1           0
 max flux_euvac   6.64522854E+09
 WACCMX_APPLY_QC          12           2   0.00000000           37696       26271       11425       26271       11425       26271       26271       26271       26271
 WACCMX_APPLY_SOURCE_FLAGS          12           2   0.00000000           37696       26271       10834         591           0           0
 WACCMX_APPLY_BLEND          12           2   0.00000000           37696           1   600.000000       720.000000           26259          12           0       26259          12           0
 WACCMX_APPLY_QC          10           3   0.00000000           37696       26261       11435       26261       11435       26261       26261       26261       26261
 WACCMX_APPLY_SOURCE_FLAGS          10           3   0.00000000           37696       26261       10718         717           0           0
 WACCMX_APPLY_BLEND          10           3   0.00000000           37696           1   600.000000       720.000000           26254           7           0       26254           7           0
 WACCMX online neutral received: taskid,step,packet_hr=          15           0   0.00000000    
 WACCMX_RECV_QC          15           0   0.00000000          132064       56416      132064       56416   4.2759938387864238E+018   74689544.287673950        37640272.094782218       -205075.13766242936        0.0000000000000000        4.2759938387864238E+018   74689544.287673950        37640272.094782218       -205075.13766242936        0.0000000000000000     
 WACCMX_RECV_SOURCE_FLAGS          15           0   0.00000000          188480      132064       53554        2862           0           0      132064       56416      132064       56416      132064      132064      132064      132064
 WACCMX_APPLY_QC          15           1   0.00000000           37696       26344       11352       26344       11352       26344       26344       26344       26344
 WACCMX_APPLY_SOURCE_FLAGS          15           1   0.00000000           37696       26344       10804         548           0           0
 WACCMX_APPLY_BLEND          15           1   0.00000000           37696           1   600.000000       720.000000           26328          16           0       26328          16           0
 WACCMX_APPLY_QC           8           4   0.00000000           37696       26222       11474       26222       11474       26222       26222       26222       26222
 WACCMX_APPLY_SOURCE_FLAGS           8           4   0.00000000           37696       26222       10637         837           0           0
 WACCMX_APPLY_BLEND           8           4   0.00000000           37696           1   600.000000       720.000000           26220           2           0       26220           2           0
 WACCMX_APPLY_QC          13           2   0.00000000           37696       26263       11433       26263       11433       26263       26263       26263       26263
 WACCMX_APPLY_SOURCE_FLAGS          13           2   0.00000000           37696       26263       10884         549           0           0
 WACCMX_APPLY_BLEND          13           2   0.00000000           37696           1   600.000000       720.000000           26249          14           0       26249          14           0
 WACCMX_APPLY_QC          11           3   0.00000000           37696       26274       11422       26274       11422       26274       26274       26274       26274
 WACCMX_APPLY_SOURCE_FLAGS          11           3   0.00000000           37696       26274       10777         645           0           0
 WACCMX_APPLY_BLEND          11           3   0.00000000           37696           1   600.000000       720.000000           26267           7           0       26267           7           0
  finished initialization taskid =            6
 iwrk            6         120
 in if parallel - iday,iday0           1           0
 max flux_euvac   6.64522854E+09
 WACCMX_APPLY_QC           7           5   0.00000000           37696       26193       11503       26193       11503       26193       26193       26193       26193
 WACCMX_APPLY_SOURCE_FLAGS           7           5   0.00000000           37696       26193       10585         918           0           0
 WACCMX_APPLY_BLEND           7           5   0.00000000           37696           1   600.000000       720.000000           26193           0           0       26193           0           0
 WACCMX online neutral received: taskid,step,packet_hr=          16           0   0.00000000    
 WACCMX_RECV_QC          16           0   0.00000000          132357       56123      132357       56123   4.2588428436148035E+018   76020526.200607300       -64804720.001701772        36351812.077450350        0.0000000000000000        4.2588428436148035E+018   76020526.200607300       -64804720.001701772        36351812.077450350        0.0000000000000000     
 WACCMX_RECV_SOURCE_FLAGS          16           0   0.00000000          188480      132357       52945        3178           0           0      132357       56123      132357       56123      132357      132357      132357      132357
 WACCMX_APPLY_QC          16           1   0.00000000           37696       26453       11243       26453       11243       26453       26453       26453       26453
 WACCMX_APPLY_SOURCE_FLAGS          16           1   0.00000000           37696       26453       10669         574           0           0
 WACCMX_APPLY_BLEND          16           1   0.00000000           37696           1   600.000000       720.000000           26433          20           0       26433          20           0
 WACCMX_APPLY_QC           9           4   0.00000000           37696       26249       11447       26249       11447       26249       26249       26249       26249
 WACCMX_APPLY_SOURCE_FLAGS           9           4   0.00000000           37696       26249       10685         762           0           0
 WACCMX_APPLY_BLEND           9           4   0.00000000           37696           1   600.000000       720.000000           26245           4           0       26245           4           0
 WACCMX_APPLY_QC          14           2   0.00000000           37696       26304       11392       26304       11392       26304       26304       26304       26304
 WACCMX_APPLY_SOURCE_FLAGS          14           2   0.00000000           37696       26304       10850         542           0           0
 WACCMX_APPLY_BLEND          14           2   0.00000000           37696           1   600.000000       720.000000           26287          17           0       26287          17           0
 WACCMX_APPLY_QC          12           3   0.00000000           37696       26270       11426       26270       11426       26270       26270       26270       26270
 WACCMX_APPLY_SOURCE_FLAGS          12           3   0.00000000           37696       26270       10864         562           0           0
 WACCMX_APPLY_BLEND          12           3   0.00000000           37696           1   600.000000       720.000000           26258          12           0       26258          12           0
 WACCMX online neutral received: taskid,step,packet_hr=          17           0   0.00000000    
 WACCMX_RECV_QC          17           0   0.00000000          132512       55968      132512       55968   4.2812137686131548E+018   77079453.392578125       -155326667.31738749        64445468.164722010        0.0000000000000000        4.2812137686131548E+018   77079453.392578125       -155326667.31738749        64445468.164722010        0.0000000000000000     
 WACCMX_RECV_SOURCE_FLAGS          17           0   0.00000000          188480      132512       52369        3599           0           0      132512       55968      132512       55968      132512      132512      132512      132512
 WACCMX_APPLY_QC          17           1   0.00000000           37696       26476       11220       26476       11220       26476       26476       26476       26476
 WACCMX_APPLY_SOURCE_FLAGS          17           1   0.00000000           37696       26476       10551         669           0           0
 WACCMX_APPLY_BLEND          17           1   0.00000000           37696           1   600.000000       720.000000           26455          21           0       26455          21           0
 WACCMX_APPLY_QC          10           4   0.00000000           37696       26271       11425       26271       11425       26271       26271       26271       26271
 WACCMX_APPLY_SOURCE_FLAGS          10           4   0.00000000           37696       26271       10738         687           0           0
 WACCMX_APPLY_BLEND          10           4   0.00000000           37696           1   600.000000       720.000000           26264           7           0       26264           7           0
 WACCMX_APPLY_QC          15           2   0.00000000           37696       26377       11319       26377       11319       26377       26377       26377       26377
 WACCMX_APPLY_SOURCE_FLAGS          15           2   0.00000000           37696       26377       10758         561           0           0
 WACCMX_APPLY_BLEND          15           2   0.00000000           37696           1   600.000000       720.000000           26358          19           0       26358          19           0
 WACCMX_APPLY_QC           8           5   0.00000000           37696       26233       11463       26233       11463       26233       26233       26233       26233
 WACCMX_APPLY_SOURCE_FLAGS           8           5   0.00000000           37696       26233       10649         814           0           0
 WACCMX_APPLY_BLEND           8           5   0.00000000           37696           1   600.000000       720.000000           26231           2           0       26231           2           0
  finished initialization taskid =            7
 iwrk            7         120
 in if parallel - iday,iday0           1           0
 max flux_euvac   6.64522854E+09
 WACCMX_APPLY_QC          13           3   0.00000000           37696       26271       11425       26271       11425       26271       26271       26271       26271
 WACCMX_APPLY_SOURCE_FLAGS          13           3   0.00000000           37696       26271       10877         548           0           0
 WACCMX_APPLY_BLEND          13           3   0.00000000           37696           1   600.000000       720.000000           26257          14           0       26257          14           0
 WACCMX online neutral received: taskid,step,packet_hr=          18           0   0.00000000    
 WACCMX_RECV_QC          18           0   0.00000000          132615       55865      132615       55865   4.3616732438036214E+018   78163213.360809326       -238237423.70636544        99019908.958011419        0.0000000000000000        4.3616732438036214E+018   78163213.360809326       -238237423.70636544        99019908.958011419        0.0000000000000000     
 WACCMX_RECV_SOURCE_FLAGS          18           0   0.00000000          188480      132615       51708        4157           0           0      132615       55865      132615       55865      132615      132615      132615      132615
 WACCMX_APPLY_QC          18           1   0.00000000           37696       26515       11181       26515       11181       26515       26515       26515       26515
 WACCMX_APPLY_SOURCE_FLAGS          18           1   0.00000000           37696       26515       10438         743           0           0
 WACCMX_APPLY_BLEND          18           1   0.00000000           37696           1   600.000000       720.000000           26485          30           0       26485          30           0
 WACCMX_APPLY_QC          11           4   0.00000000           37696       26275       11421       26275       11421       26275       26275       26275       26275
 WACCMX_APPLY_SOURCE_FLAGS          11           4   0.00000000           37696       26275       10808         613           0           0
 WACCMX_APPLY_BLEND          11           4   0.00000000           37696           1   600.000000       720.000000           26267           8           0       26267           8           0
 WACCMX_APPLY_QC          16           2   0.00000000           37696       26465       11231       26465       11231       26465       26465       26465       26465
 WACCMX_APPLY_SOURCE_FLAGS          16           2   0.00000000           37696       26465       10622         609           0           0
 WACCMX_APPLY_BLEND          16           2   0.00000000           37696           1   600.000000       720.000000           26445          20           0       26445          20           0
 WACCMX_APPLY_QC           9           5   0.00000000           37696       26254       11442       26254       11442       26254       26254       26254       26254
 WACCMX_APPLY_SOURCE_FLAGS           9           5   0.00000000           37696       26254       10703         739           0           0
 WACCMX_APPLY_BLEND           9           5   0.00000000           37696           1   600.000000       720.000000           26249           5           0       26249           5           0
 WACCMX_APPLY_QC          14           3   0.00000000           37696       26324       11372       26324       11372       26324       26324       26324       26324
 WACCMX_APPLY_SOURCE_FLAGS          14           3   0.00000000           37696       26324       10836         536           0           0
 WACCMX_APPLY_BLEND          14           3   0.00000000           37696           1   600.000000       720.000000           26307          17           0       26307          17           0
 WACCMX online neutral received: taskid,step,packet_hr=          19           0   0.00000000    
 WACCMX_RECV_QC          19           0   0.00000000          132574       55906      132574       55906   4.3547244705106647E+018   79289291.615875244       -258833658.97475579        172821791.63330665        0.0000000000000000        4.3547244705106647E+018   79289291.615875244       -258833658.97475579        172821791.63330665        0.0000000000000000     
 WACCMX_RECV_SOURCE_FLAGS          19           0   0.00000000          188480      132574       51067        4839           0           0      132574       55906      132574       55906      132574      132574      132574      132574
 WACCMX_APPLY_QC          19           1   0.00000000           37696       26527       11169       26527       11169       26527       26527       26527       26527
 WACCMX_APPLY_SOURCE_FLAGS          19           1   0.00000000           37696       26527       10296         873           0           0
 WACCMX_APPLY_BLEND          19           1   0.00000000           37696           1   600.000000       720.000000           26492          35           0       26492          35           0
 WACCMX_APPLY_QC          12           4   0.00000000           37696       26263       11433       26263       11433       26263       26263       26263       26263
 WACCMX_APPLY_SOURCE_FLAGS          12           4   0.00000000           37696       26263       10882         551           0           0
 WACCMX_APPLY_BLEND          12           4   0.00000000           37696           1   600.000000       720.000000           26249          14           0       26249          14           0
 WACCMX_APPLY_QC          17           2   0.00000000           37696       26496       11200       26496       11200       26496       26496       26496       26496
 WACCMX_APPLY_SOURCE_FLAGS          17           2   0.00000000           37696       26496       10514         686           0           0
 WACCMX_APPLY_BLEND          17           2   0.00000000           37696           1   600.000000       720.000000           26470          26           0       26470          26           0
  finished initialization taskid =            8
 iwrk            8         120
 in if parallel - iday,iday0           1           0
 max flux_euvac   6.64522854E+09
 WACCMX_APPLY_QC          10           5   0.00000000           37696       26269       11427       26269       11427       26269       26269       26269       26269
 WACCMX_APPLY_SOURCE_FLAGS          10           5   0.00000000           37696       26269       10748         679           0           0
 WACCMX_APPLY_BLEND          10           5   0.00000000           37696           1   600.000000       720.000000           26262           7           0       26262           7           0
 WACCMX_APPLY_QC          15           3   0.00000000           37696       26425       11271       26425       11271       26425       26425       26425       26425
 WACCMX_APPLY_SOURCE_FLAGS          15           3   0.00000000           37696       26425       10701         570           0           0
 WACCMX_APPLY_BLEND          15           3   0.00000000           37696           1   600.000000       720.000000           26405          20           0       26405          20           0
 WACCMX online neutral received: taskid,step,packet_hr=          20           0   0.00000000    
 WACCMX_RECV_QC          20           0   0.00000000          132408       56072      132408       56072   4.3419007714753464E+018   80325844.777999878       -258842777.53185505        264495239.14343658        0.0000000000000000        4.3419007714753464E+018   80325844.777999878       -258842777.53185505        264495239.14343658        0.0000000000000000     
 WACCMX_RECV_SOURCE_FLAGS          20           0   0.00000000          188480      132408       50448        5624           0           0      132408       56072      132408       56072      132408      132408      132408      132408
 WACCMX_APPLY_QC          20           1   0.00000000           37696       26510       11186       26510       11186       26510       26510       26510       26510
 WACCMX_APPLY_SOURCE_FLAGS          20           1   0.00000000           37696       26510       10164        1022           0           0
 WACCMX_APPLY_BLEND          20           1   0.00000000           37696           1   600.000000       720.000000           26477          33           0       26477          33           0
 WACCMX_APPLY_QC          13           4   0.00000000           37696       26293       11403       26293       11403       26293       26293       26293       26293
 WACCMX_APPLY_SOURCE_FLAGS          13           4   0.00000000           37696       26293       10866         537           0           0
 WACCMX_APPLY_BLEND          13           4   0.00000000           37696           1   600.000000       720.000000           26279          14           0       26279          14           0
 WACCMX_APPLY_QC          18           2   0.00000000           37696       26522       11174       26522       11174       26522       26522       26522       26522
 WACCMX_APPLY_SOURCE_FLAGS          18           2   0.00000000           37696       26522       10390         784           0           0
 WACCMX_APPLY_BLEND          18           2   0.00000000           37696           1   600.000000       720.000000           26488          34           0       26488          34           0
  finished initialization taskid =            9
 iwrk            9         120
 in if parallel - iday,iday0           1           0
 max flux_euvac   6.64522854E+09
 WACCMX_APPLY_QC          11           5   0.00000000           37696       26271       11425       26271       11425       26271       26271       26271       26271
 WACCMX_APPLY_SOURCE_FLAGS          11           5   0.00000000           37696       26271       10834         591           0           0
 WACCMX_APPLY_BLEND          11           5   0.00000000           37696           1   600.000000       720.000000           26259          12           0       26259          12           0
 WACCMX_APPLY_QC          16           3   0.00000000           37696       26467       11229       26467       11229       26467       26467       26467       26467
 WACCMX_APPLY_SOURCE_FLAGS          16           3   0.00000000           37696       26467       10589         640           0           0
 WACCMX_APPLY_BLEND          16           3   0.00000000           37696           1   600.000000       720.000000           26446          21           0       26446          21           0
 WACCMX online neutral received: taskid,step,packet_hr=          21           0   0.00000000    
 WACCMX_RECV_QC          21           0   0.00000000          132178       56302      132178       56302   4.4080167971784125E+018   81279893.701583862       -330745170.99207425        282402606.13747883        0.0000000000000000        4.4080167971784125E+018   81279893.701583862       -330745170.99207425        282402606.13747883        0.0000000000000000     
 WACCMX_RECV_SOURCE_FLAGS          21           0   0.00000000          188480      132178       49870        6432           0           0      132178       56302      132178       56302      132178      132178      132178      132178
 WACCMX_APPLY_QC          21           1   0.00000000           37696       26471       11225       26471       11225       26471       26471       26471       26471
 WACCMX_APPLY_SOURCE_FLAGS          21           1   0.00000000           37696       26471       10051        1174           0           0
 WACCMX_APPLY_BLEND          21           1   0.00000000           37696           1   600.000000       720.000000           26450          21           0       26450          21           0
 WACCMX_APPLY_QC          14           4   0.00000000           37696       26344       11352       26344       11352       26344       26344       26344       26344
 WACCMX_APPLY_SOURCE_FLAGS          14           4   0.00000000           37696       26344       10804         548           0           0
 WACCMX_APPLY_BLEND          14           4   0.00000000           37696           1   600.000000       720.000000           26328          16           0       26328          16           0
 WACCMX_APPLY_QC          19           2   0.00000000           37696       26526       11170       26526       11170       26526       26526       26526       26526
 WACCMX_APPLY_SOURCE_FLAGS          19           2   0.00000000           37696       26526       10257         913           0           0
 WACCMX_APPLY_BLEND          19           2   0.00000000           37696           1   600.000000       720.000000           26491          35           0       26491          35           0
  finished initialization taskid =           10
 iwrk           10         120
 in if parallel - iday,iday0           1           0
 max flux_euvac   6.64522854E+09
 WACCMX_APPLY_QC          12           5   0.00000000           37696       26263       11433       26263       11433       26263       26263       26263       26263
 WACCMX_APPLY_SOURCE_FLAGS          12           5   0.00000000           37696       26263       10884         549           0           0
 WACCMX_APPLY_BLEND          12           5   0.00000000           37696           1   600.000000       720.000000           26249          14           0       26249          14           0
 WACCMX_APPLY_QC          17           3   0.00000000           37696       26503       11193       26503       11193       26503       26503       26503       26503
 WACCMX_APPLY_SOURCE_FLAGS          17           3   0.00000000           37696       26503       10476         717           0           0
 WACCMX_APPLY_BLEND          17           3   0.00000000           37696           1   600.000000       720.000000           26476          27           0       26476          27           0
 WACCMX online neutral received: taskid,step,packet_hr=          22           0   0.00000000    
 WACCMX_RECV_QC          22           0   0.00000000          132017       56463      132017       56463   4.4948253281048929E+018   82339653.505828857       -421923994.08965963        229040412.57954898        0.0000000000000000        4.4948253281048929E+018   82339653.505828857       -421923994.08965963        229040412.57954898        0.0000000000000000     
 WACCMX_RECV_SOURCE_FLAGS          22           0   0.00000000          188480      132017       49405        7058           0           0      132017       56463      132017       56463      132017      132017      132017      132017
 WACCMX_APPLY_QC          22           1   0.00000000           37696       26418       11278       26418       11278       26418       26418       26418       26418
 WACCMX_APPLY_SOURCE_FLAGS          22           1   0.00000000           37696       26418        9934        1344           0           0
 WACCMX_APPLY_BLEND          22           1   0.00000000           37696           1   600.000000       720.000000           26402          16           0       26402          16           0
 WACCMX_APPLY_QC          15           4   0.00000000           37696       26453       11243       26453       11243       26453       26453       26453       26453
 WACCMX_APPLY_SOURCE_FLAGS          15           4   0.00000000           37696       26453       10669         574           0           0
 WACCMX_APPLY_BLEND          15           4   0.00000000           37696           1   600.000000       720.000000           26433          20           0       26433          20           0
 WACCMX_APPLY_QC          20           2   0.00000000           37696       26496       11200       26496       11200       26496       26496       26496       26496
 WACCMX_APPLY_SOURCE_FLAGS          20           2   0.00000000           37696       26496       10134        1066           0           0
 WACCMX_APPLY_BLEND          20           2   0.00000000           37696           1   600.000000       720.000000           26471          25           0       26471          25           0
  finished initialization taskid =           11
 iwrk           11         120
 in if parallel - iday,iday0           1           0
 max flux_euvac   6.64522854E+09
 WACCMX_APPLY_QC          13           5   0.00000000           37696       26304       11392       26304       11392       26304       26304       26304       26304
 WACCMX_APPLY_SOURCE_FLAGS          13           5   0.00000000           37696       26304       10850         542           0           0
 WACCMX_APPLY_BLEND          13           5   0.00000000           37696           1   600.000000       720.000000           26287          17           0       26287          17           0
 WACCMX_APPLY_QC          18           3   0.00000000           37696       26525       11171       26525       11171       26525       26525       26525       26525
 WACCMX_APPLY_SOURCE_FLAGS          18           3   0.00000000           37696       26525       10327         844           0           0
 WACCMX_APPLY_BLEND          18           3   0.00000000           37696           1   600.000000       720.000000           26489          36           0       26489          36           0
 WACCMX online neutral received: taskid,step,packet_hr=          23           0   0.00000000    
 WACCMX_RECV_QC          23           0   0.00000000          132023       56457      132023       56457   4.5859622575002988E+018   83447504.104064941       -486929039.27850693        191580207.38358954        0.0000000000000000        4.5859622575002988E+018   83447504.104064941       -486929039.27850693        191580207.38358954        0.0000000000000000     
 WACCMX_RECV_SOURCE_FLAGS          23           0   0.00000000          188480      132023       49045        7412           0           0      132023       56457      132023       56457      132023      132023      132023      132023
 WACCMX_APPLY_QC          23           1   0.00000000           37696       26399       11297       26399       11297       26399       26399       26399       26399
 WACCMX_APPLY_SOURCE_FLAGS          23           1   0.00000000           37696       26399        9854        1443           0           0
 WACCMX_APPLY_BLEND          23           1   0.00000000           37696           1   600.000000       720.000000           26387          12           0       26387          12           0
 WACCMX_APPLY_QC          16           4   0.00000000           37696       26476       11220       26476       11220       26476       26476       26476       26476
 WACCMX_APPLY_SOURCE_FLAGS          16           4   0.00000000           37696       26476       10551         669           0           0
 WACCMX_APPLY_BLEND          16           4   0.00000000           37696           1   600.000000       720.000000           26455          21           0       26455          21           0
 WACCMX_APPLY_QC          21           2   0.00000000           37696       26449       11247       26449       11247       26449       26449       26449       26449
 WACCMX_APPLY_SOURCE_FLAGS          21           2   0.00000000           37696       26449       10010        1237           0           0
 WACCMX_APPLY_BLEND          21           2   0.00000000           37696           1   600.000000       720.000000           26430          19           0       26430          19           0
  finished initialization taskid =           12
 iwrk           12         120
 in if parallel - iday,iday0           1           0
 max flux_euvac   6.64522854E+09
 WACCMX_APPLY_QC          14           5   0.00000000           37696       26377       11319       26377       11319       26377       26377       26377       26377
 WACCMX_APPLY_SOURCE_FLAGS          14           5   0.00000000           37696       26377       10758         561           0           0
 WACCMX_APPLY_BLEND          14           5   0.00000000           37696           1   600.000000       720.000000           26358          19           0       26358          19           0
 WACCMX_APPLY_QC          19           3   0.00000000           37696       26515       11181       26515       11181       26515       26515       26515       26515
 WACCMX_APPLY_SOURCE_FLAGS          19           3   0.00000000           37696       26515       10216         965           0           0
 WACCMX_APPLY_BLEND          19           3   0.00000000           37696           1   600.000000       720.000000           26481          34           0       26481          34           0
 WACCMX online neutral received: taskid,step,packet_hr=          24           0   0.00000000    
 WACCMX_RECV_QC          24           0   0.00000000          132146       56334      132146       56334   4.7252397125544786E+018   84417308.290390015       -514930606.27756292        149474821.65101960        0.0000000000000000        4.7252397125544786E+018   84417308.290390015       -514930606.27756292        149474821.65101960        0.0000000000000000     
 WACCMX_RECV_SOURCE_FLAGS          24           0   0.00000000          188480      132146       48748        7586           0           0      132146       56334      132146       56334      132146      132146      132146      132146
 WACCMX_APPLY_QC          24           1   0.00000000           37696       26409       11287       26409       11287       26409       26409       26409       26409
 WACCMX_APPLY_SOURCE_FLAGS          24           1   0.00000000           37696       26409        9790        1497           0           0
 WACCMX_APPLY_BLEND          24           1   0.00000000           37696           1   600.000000       720.000000           26400           9           0       26400           9           0
 WACCMX_APPLY_QC          17           4   0.00000000           37696       26515       11181       26515       11181       26515       26515       26515       26515
 WACCMX_APPLY_SOURCE_FLAGS          17           4   0.00000000           37696       26515       10438         743           0           0
 WACCMX_APPLY_BLEND          17           4   0.00000000           37696           1   600.000000       720.000000           26485          30           0       26485          30           0
 WACCMX_APPLY_QC          22           2   0.00000000           37696       26404       11292       26404       11292       26404       26404       26404       26404
 WACCMX_APPLY_SOURCE_FLAGS          22           2   0.00000000           37696       26404        9911        1381           0           0
 WACCMX_APPLY_BLEND          22           2   0.00000000           37696           1   600.000000       720.000000           26388          16           0       26388          16           0
  finished initialization taskid =           13
 iwrk           13         120
 in if parallel - iday,iday0           1           0
 max flux_euvac   6.64522854E+09
 WACCMX_APPLY_QC          15           5   0.00000000           37696       26465       11231       26465       11231       26465       26465       26465       26465
 WACCMX_APPLY_SOURCE_FLAGS          15           5   0.00000000           37696       26465       10622         609           0           0
 WACCMX_APPLY_BLEND          15           5   0.00000000           37696           1   600.000000       720.000000           26445          20           0       26445          20           0
 WACCMX_APPLY_QC          20           3   0.00000000           37696       26482       11214       26482       11214       26482       26482       26482       26482
 WACCMX_APPLY_SOURCE_FLAGS          20           3   0.00000000           37696       26482       10089        1125           0           0
 WACCMX_APPLY_BLEND          20           3   0.00000000           37696           1   600.000000       720.000000           26459          23           0       26459          23           0
 WACCMX online neutral received: taskid,step,packet_hr=          25           0   0.00000000    
 WACCMX_RECV_QC          25           0   0.00000000          132200       56280      132200       56280   4.9140158019463383E+018   84881246.917785645       -464632012.55382884        150698865.56594986        0.0000000000000000        4.9140158019463383E+018   84881246.917785645       -464632012.55382884        150698865.56594986        0.0000000000000000     
 WACCMX_RECV_SOURCE_FLAGS          25           0   0.00000000          188480      132200       48541        7739           0           0      132200       56280      132200       56280      132200      132200      132200      132200
 WACCMX_APPLY_QC          25           1   0.00000000           37696       26438       11258       26438       11258       26438       26438       26438       26438
 WACCMX_APPLY_SOURCE_FLAGS          25           1   0.00000000           37696       26438        9732        1526           0           0
 WACCMX_APPLY_BLEND          25           1   0.00000000           37696           1   600.000000       720.000000           26432           6           0       26432           6           0
 WACCMX_APPLY_QC          18           4   0.00000000           37696       26527       11169       26527       11169       26527       26527       26527       26527
 WACCMX_APPLY_SOURCE_FLAGS          18           4   0.00000000           37696       26527       10296         873           0           0
 WACCMX_APPLY_BLEND          18           4   0.00000000           37696           1   600.000000       720.000000           26492          35           0       26492          35           0
 WACCMX_APPLY_QC          23           2   0.00000000           37696       26394       11302       26394       11302       26394       26394       26394       26394
 WACCMX_APPLY_SOURCE_FLAGS          23           2   0.00000000           37696       26394        9832        1470           0           0
 WACCMX_APPLY_BLEND          23           2   0.00000000           37696           1   600.000000       720.000000           26383          11           0       26383          11           0
  finished initialization taskid =           14
 iwrk           14         120
 in if parallel - iday,iday0           1           0
 max flux_euvac   6.64522854E+09
 WACCMX_APPLY_QC          16           5   0.00000000           37696       26496       11200       26496       11200       26496       26496       26496       26496
 WACCMX_APPLY_SOURCE_FLAGS          16           5   0.00000000           37696       26496       10514         686           0           0
 WACCMX_APPLY_BLEND          16           5   0.00000000           37696           1   600.000000       720.000000           26470          26           0       26470          26           0
 WACCMX_APPLY_QC          21           3   0.00000000           37696       26436       11260       26436       11260       26436       26436       26436       26436
 WACCMX_APPLY_SOURCE_FLAGS          21           3   0.00000000           37696       26436        9964        1296           0           0
 WACCMX_APPLY_BLEND          21           3   0.00000000           37696           1   600.000000       720.000000           26418          18           0       26418          18           0
 WACCMX online neutral received: taskid,step,packet_hr=          26           0   0.00000000    
 WACCMX_RECV_QC          26           0   0.00000000          132176       56304      132176       56304   4.9549598855123907E+018   85013631.232147217       -357339999.54635084        182499304.70897684        0.0000000000000000        4.9549598855123907E+018   85013631.232147217       -357339999.54635084        182499304.70897684        0.0000000000000000     
 WACCMX_RECV_SOURCE_FLAGS          26           0   0.00000000          188480      132176       48487        7817           0           0      132176       56304      132176       56304      132176      132176      132176      132176
 WACCMX_APPLY_QC          26           1   0.00000000           37696       26436       11260       26436       11260       26436       26436       26436       26436
 WACCMX_APPLY_SOURCE_FLAGS          26           1   0.00000000           37696       26436        9695        1565           0           0
 WACCMX_APPLY_BLEND          26           1   0.00000000           37696           1   600.000000       720.000000           26435           1           0       26435           1           0
 WACCMX_APPLY_QC          19           4   0.00000000           37696       26510       11186       26510       11186       26510       26510       26510       26510
 WACCMX_APPLY_SOURCE_FLAGS          19           4   0.00000000           37696       26510       10164        1022           0           0
 WACCMX_APPLY_BLEND          19           4   0.00000000           37696           1   600.000000       720.000000           26477          33           0       26477          33           0
 WACCMX_APPLY_QC          24           2   0.00000000           37696       26423       11273       26423       11273       26423       26423       26423       26423
 WACCMX_APPLY_SOURCE_FLAGS          24           2   0.00000000           37696       26423        9764        1509           0           0
 WACCMX_APPLY_BLEND          24           2   0.00000000           37696           1   600.000000       720.000000           26415           8           0       26415           8           0
  finished initialization taskid =           15
 iwrk           15         120
 in if parallel - iday,iday0           1           0
 max flux_euvac   6.64522854E+09
 WACCMX_APPLY_QC          17           5   0.00000000           37696       26522       11174       26522       11174       26522       26522       26522       26522
 WACCMX_APPLY_SOURCE_FLAGS          17           5   0.00000000           37696       26522       10390         784           0           0
 WACCMX_APPLY_BLEND          17           5   0.00000000           37696           1   600.000000       720.000000           26488          34           0       26488          34           0
 WACCMX_APPLY_QC          22           3   0.00000000           37696       26402       11294       26402       11294       26402       26402       26402       26402
 WACCMX_APPLY_SOURCE_FLAGS          22           3   0.00000000           37696       26402        9874        1420           0           0
 WACCMX_APPLY_BLEND          22           3   0.00000000           37696           1   600.000000       720.000000           26389          13           0       26389          13           0
 WACCMX online neutral received: taskid,step,packet_hr=          27           0   0.00000000    
 WACCMX_RECV_QC          27           0   0.00000000          132098       56382      132098       56382   4.8396436840911094E+018   84957795.634506226       -246250401.19603893        175008703.79512480        0.0000000000000000        4.8396436840911094E+018   84957795.634506226       -246250401.19603893        175008703.79512480        0.0000000000000000     
 WACCMX_RECV_SOURCE_FLAGS          27           0   0.00000000          188480      132098       48567        7815           0           0      132098       56382      132098       56382      132098      132098      132098      132098
 WACCMX_APPLY_QC          27           1   0.00000000           37696       26436       11260       26436       11260       26436       26436       26436       26436
 WACCMX_APPLY_SOURCE_FLAGS          27           1   0.00000000           37696       26436        9700        1560           0           0
 WACCMX_APPLY_BLEND          27           1   0.00000000           37696           1   600.000000       720.000000           26436           0           0       26436           0           0
 WACCMX_APPLY_QC          20           4   0.00000000           37696       26471       11225       26471       11225       26471       26471       26471       26471
 WACCMX_APPLY_SOURCE_FLAGS          20           4   0.00000000           37696       26471       10051        1174           0           0
 WACCMX_APPLY_BLEND          20           4   0.00000000           37696           1   600.000000       720.000000           26450          21           0       26450          21           0
 WACCMX_APPLY_QC          25           2   0.00000000           37696       26443       11253       26443       11253       26443       26443       26443       26443
 WACCMX_APPLY_SOURCE_FLAGS          25           2   0.00000000           37696       26443        9718        1535           0           0
 WACCMX_APPLY_BLEND          25           2   0.00000000           37696           1   600.000000       720.000000           26441           2           0       26441           2           0
  finished initialization taskid =           16
 iwrk           16         120
 in if parallel - iday,iday0           1           0
 max flux_euvac   6.64522854E+09
 WACCMX_APPLY_QC          18           5   0.00000000           37696       26526       11170       26526       11170       26526       26526       26526       26526
 WACCMX_APPLY_SOURCE_FLAGS          18           5   0.00000000           37696       26526       10257         913           0           0
 WACCMX_APPLY_BLEND          18           5   0.00000000           37696           1   600.000000       720.000000           26491          35           0       26491          35           0
 WACCMX_APPLY_QC          23           3   0.00000000           37696       26398       11298       26398       11298       26398       26398       26398       26398
 WACCMX_APPLY_SOURCE_FLAGS          23           3   0.00000000           37696       26398        9805        1493           0           0
 WACCMX_APPLY_BLEND          23           3   0.00000000           37696           1   600.000000       720.000000           26388          10           0       26388          10           0
 WACCMX online neutral received: taskid,step,packet_hr=          28           0   0.00000000    
 WACCMX_RECV_QC          28           0   0.00000000          131990       56490      131990       56490   4.7027429624349850E+018   84777629.370910645       -176585515.22822982        127869204.66586268        0.0000000000000000        4.7027429624349850E+018   84777629.370910645       -176585515.22822982        127869204.66586268        0.0000000000000000     
 WACCMX_RECV_SOURCE_FLAGS          28           0   0.00000000          188480      131990       48645        7845           0           0      131990       56490      131990       56490      131990      131990      131990      131990
 WACCMX_APPLY_QC          28           1   0.00000000           37696       26411       11285       26411       11285       26411       26411       26411       26411
 WACCMX_APPLY_SOURCE_FLAGS          28           1   0.00000000           37696       26411        9722        1563           0           0
 WACCMX_APPLY_BLEND          28           1   0.00000000           37696           1   600.000000       720.000000           26411           0           0       26411           0           0
 WACCMX_APPLY_QC          21           4   0.00000000           37696       26418       11278       26418       11278       26418       26418       26418       26418
 WACCMX_APPLY_SOURCE_FLAGS          21           4   0.00000000           37696       26418        9934        1344           0           0
 WACCMX_APPLY_BLEND          21           4   0.00000000           37696           1   600.000000       720.000000           26402          16           0       26402          16           0
 WACCMX_APPLY_QC          26           2   0.00000000           37696       26441       11255       26441       11255       26441       26441       26441       26441
 WACCMX_APPLY_SOURCE_FLAGS          26           2   0.00000000           37696       26441        9691        1564           0           0
 WACCMX_APPLY_BLEND          26           2   0.00000000           37696           1   600.000000       720.000000           26440           1           0       26440           1           0
  finished initialization taskid =           17
 iwrk           17         120
 in if parallel - iday,iday0           1           0
 max flux_euvac   6.64522854E+09
 WACCMX_APPLY_QC          19           5   0.00000000           37696       26496       11200       26496       11200       26496       26496       26496       26496
 WACCMX_APPLY_SOURCE_FLAGS          19           5   0.00000000           37696       26496       10134        1066           0           0
 WACCMX_APPLY_BLEND          19           5   0.00000000           37696           1   600.000000       720.000000           26471          25           0       26471          25           0
 WACCMX_APPLY_QC          24           3   0.00000000           37696       26433       11263       26433       11263       26433       26433       26433       26433
 WACCMX_APPLY_SOURCE_FLAGS          24           3   0.00000000           37696       26433        9744        1519           0           0
 WACCMX_APPLY_BLEND          24           3   0.00000000           37696           1   600.000000       720.000000           26427           6           0       26427           6           0
 WACCMX online neutral received: taskid,step,packet_hr=          29           0   0.00000000    
 WACCMX_RECV_QC          29           0   0.00000000          131876       56604      131876       56604   4.6285136122899384E+018   84368935.517852783       -113053757.44369864        118283009.26334774        0.0000000000000000        4.6285136122899384E+018   84368935.517852783       -113053757.44369864        118283009.26334774        0.0000000000000000     
 WACCMX_RECV_SOURCE_FLAGS          29           0   0.00000000          188480      131876       48779        7825           0           0      131876       56604      131876       56604      131876      131876      131876      131876
 WACCMX_APPLY_QC          29           1   0.00000000           37696       26388       11308       26388       11308       26388       26388       26388       26388
 WACCMX_APPLY_SOURCE_FLAGS          29           1   0.00000000           37696       26388        9730        1578           0           0
 WACCMX_APPLY_BLEND          29           1   0.00000000           37696           1   600.000000       720.000000           26388           0           0       26388           0           0
 WACCMX_APPLY_QC          22           4   0.00000000           37696       26399       11297       26399       11297       26399       26399       26399       26399
 WACCMX_APPLY_SOURCE_FLAGS          22           4   0.00000000           37696       26399        9854        1443           0           0
 WACCMX_APPLY_BLEND          22           4   0.00000000           37696           1   600.000000       720.000000           26387          12           0       26387          12           0
 WACCMX_APPLY_QC          27           2   0.00000000           37696       26426       11270       26426       11270       26426       26426       26426       26426
 WACCMX_APPLY_SOURCE_FLAGS          27           2   0.00000000           37696       26426        9707        1563           0           0
 WACCMX_APPLY_BLEND          27           2   0.00000000           37696           1   600.000000       720.000000           26426           0           0       26426           0           0
  finished initialization taskid =           18
 iwrk           18         120
 in if parallel - iday,iday0           1           0
 max flux_euvac   6.64522854E+09
 WACCMX_APPLY_QC          20           5   0.00000000           37696       26449       11247       26449       11247       26449       26449       26449       26449
 WACCMX_APPLY_SOURCE_FLAGS          20           5   0.00000000           37696       26449       10010        1237           0           0
 WACCMX_APPLY_BLEND          20           5   0.00000000           37696           1   600.000000       720.000000           26430          19           0       26430          19           0
 WACCMX_APPLY_QC          25           3   0.00000000           37696       26442       11254       26442       11254       26442       26442       26442       26442
 WACCMX_APPLY_SOURCE_FLAGS          25           3   0.00000000           37696       26442        9705        1549           0           0
 WACCMX_APPLY_BLEND          25           3   0.00000000           37696           1   600.000000       720.000000           26441           1           0       26441           1           0
 WACCMX online neutral received: taskid,step,packet_hr=          30           0   0.00000000    
 WACCMX_RECV_QC          30           0   0.00000000          131752       56728      131752       56728   4.6041406336185283E+018   83633779.090850830       -47990134.160436347        141871025.64502406        0.0000000000000000        4.6041406336185283E+018   83633779.090850830       -47990134.160436347        141871025.64502406        0.0000000000000000     
 WACCMX_RECV_SOURCE_FLAGS          30           0   0.00000000          188480      131752       49108        7620           0           0      131752       56728      131752       56728      131752      131752      131752      131752
 WACCMX_APPLY_QC          30           1   0.00000000           37696       26367       11329       26367       11329       26367       26367       26367       26367
 WACCMX_APPLY_SOURCE_FLAGS          30           1   0.00000000           37696       26367        9764        1565           0           0
 WACCMX_APPLY_BLEND          30           1   0.00000000           37696           1   600.000000       720.000000           26367           0           0       26367           0           0
 WACCMX_APPLY_QC          23           4   0.00000000           37696       26409       11287       26409       11287       26409       26409       26409       26409
 WACCMX_APPLY_SOURCE_FLAGS          23           4   0.00000000           37696       26409        9790        1497           0           0
 WACCMX_APPLY_BLEND          23           4   0.00000000           37696           1   600.000000       720.000000           26400           9           0       26400           9           0
 WACCMX_APPLY_QC          28           2   0.00000000           37696       26407       11289       26407       11289       26407       26407       26407       26407
 WACCMX_APPLY_SOURCE_FLAGS          28           2   0.00000000           37696       26407        9724        1565           0           0
 WACCMX_APPLY_BLEND          28           2   0.00000000           37696           1   600.000000       720.000000           26407           0           0       26407           0           0
  finished initialization taskid =           19
 iwrk           19         120
 in if parallel - iday,iday0           1           0
 max flux_euvac   6.64522854E+09
 WACCMX_APPLY_QC          21           5   0.00000000           37696       26404       11292       26404       11292       26404       26404       26404       26404
 WACCMX_APPLY_SOURCE_FLAGS          21           5   0.00000000           37696       26404        9911        1381           0           0
 WACCMX_APPLY_BLEND          21           5   0.00000000           37696           1   600.000000       720.000000           26388          16           0       26388          16           0
 WACCMX_APPLY_QC          26           3   0.00000000           37696       26437       11259       26437       11259       26437       26437       26437       26437
 WACCMX_APPLY_SOURCE_FLAGS          26           3   0.00000000           37696       26437        9694        1565           0           0
 WACCMX_APPLY_BLEND          26           3   0.00000000           37696           1   600.000000       720.000000           26437           0           0       26437           0           0
 WACCMX online neutral received: taskid,step,packet_hr=          31           0   0.00000000    
 WACCMX_RECV_QC          31           0   0.00000000          131613       56867      131613       56867   4.6077042402223846E+018   82553600.741043091        22738110.563808508        187591501.34927028        0.0000000000000000        4.6077042402223846E+018   82553600.741043091        22738110.563808508        187591501.34927028        0.0000000000000000     
 WACCMX_RECV_SOURCE_FLAGS          31           0   0.00000000          188480      131613       49603        7264           0           0      131613       56867      131613       56867      131613      131613      131613      131613
 WACCMX_APPLY_QC          31           1   0.00000000           37696       26339       11357       26339       11357       26339       26339       26339       26339
 WACCMX_APPLY_SOURCE_FLAGS          31           1   0.00000000           37696       26339        9847        1510           0           0
 WACCMX_APPLY_BLEND          31           1   0.00000000           37696           1   600.000000       720.000000           26339           0           0       26339           0           0
 WACCMX_APPLY_QC          24           4   0.00000000           37696       26438       11258       26438       11258       26438       26438       26438       26438
 WACCMX_APPLY_SOURCE_FLAGS          24           4   0.00000000           37696       26438        9732        1526           0           0
 WACCMX_APPLY_BLEND          24           4   0.00000000           37696           1   600.000000       720.000000           26432           6           0       26432           6           0
 WACCMX_APPLY_QC          29           2   0.00000000           37696       26384       11312       26384       11312       26384       26384       26384       26384
 WACCMX_APPLY_SOURCE_FLAGS          29           2   0.00000000           37696       26384        9743        1569           0           0
 WACCMX_APPLY_BLEND          29           2   0.00000000           37696           1   600.000000       720.000000           26384           0           0       26384           0           0
  finished initialization taskid =           20
 iwrk           20         120
 in if parallel - iday,iday0           1           0
 max flux_euvac   6.64522854E+09
 WACCMX_APPLY_QC          22           5   0.00000000           37696       26394       11302       26394       11302       26394       26394       26394       26394
 WACCMX_APPLY_SOURCE_FLAGS          22           5   0.00000000           37696       26394        9832        1470           0           0
 WACCMX_APPLY_BLEND          22           5   0.00000000           37696           1   600.000000       720.000000           26383          11           0       26383          11           0
 WACCMX_APPLY_QC          27           3   0.00000000           37696       26418       11278       26418       11278       26418       26418       26418       26418
 WACCMX_APPLY_SOURCE_FLAGS          27           3   0.00000000           37696       26418        9714        1564           0           0
 WACCMX_APPLY_BLEND          27           3   0.00000000           37696           1   600.000000       720.000000           26418           0           0       26418           0           0
 WACCMX online neutral received: taskid,step,packet_hr=          32           0   0.00000000    
 WACCMX_RECV_QC          32           0   0.00000000          131394       57086      131394       57086   4.3292573411499663E+018   81108974.984603882        86349207.969750166        250184799.56216529        0.0000000000000000        4.3292573411499663E+018   81108974.984603882        86349207.969750166        250184799.56216529        0.0000000000000000     
 WACCMX_RECV_SOURCE_FLAGS          32           0   0.00000000          188480      131394       50282        6804           0           0      131394       57086      131394       57086      131394      131394      131394      131394
 WACCMX_APPLY_QC          32           1   0.00000000           37696       26316       11380       26316       11380       26316       26316       26316       26316
 WACCMX_APPLY_SOURCE_FLAGS          32           1   0.00000000           37696       26316        9956        1424           0           0
 WACCMX_APPLY_BLEND          32           1   0.00000000           37696           1   600.000000       720.000000           26316           0           0       26316           0           0
 WACCMX_APPLY_QC          25           4   0.00000000           37696       26436       11260       26436       11260       26436       26436       26436       26436
 WACCMX_APPLY_SOURCE_FLAGS          25           4   0.00000000           37696       26436        9695        1565           0           0
 WACCMX_APPLY_BLEND          25           4   0.00000000           37696           1   600.000000       720.000000           26435           1           0       26435           1           0
 WACCMX_APPLY_QC          30           2   0.00000000           37696       26361       11335       26361       11335       26361       26361       26361       26361
 WACCMX_APPLY_SOURCE_FLAGS          30           2   0.00000000           37696       26361        9793        1542           0           0
 WACCMX_APPLY_BLEND          30           2   0.00000000           37696           1   600.000000       720.000000           26361           0           0       26361           0           0
  finished initialization taskid =           21
 iwrk           21         120
 in if parallel - iday,iday0           1           0
 max flux_euvac   6.64522854E+09
 WACCMX_APPLY_QC          23           5   0.00000000           37696       26423       11273       26423       11273       26423       26423       26423       26423
 WACCMX_APPLY_SOURCE_FLAGS          23           5   0.00000000           37696       26423        9764        1509           0           0
 WACCMX_APPLY_BLEND          23           5   0.00000000           37696           1   600.000000       720.000000           26415           8           0       26415           8           0
 WACCMX_APPLY_QC          28           3   0.00000000           37696       26400       11296       26400       11296       26400       26400       26400       26400
 WACCMX_APPLY_SOURCE_FLAGS          28           3   0.00000000           37696       26400        9726        1570           0           0
 WACCMX_APPLY_BLEND          28           3   0.00000000           37696           1   600.000000       720.000000           26400           0           0       26400           0           0
 WACCMX_APPLY_QC          26           4   0.00000000           37696       26436       11260       26436       11260       26436       26436       26436       26436
 WACCMX_APPLY_SOURCE_FLAGS          26           4   0.00000000           37696       26436        9700        1560           0           0
 WACCMX_APPLY_BLEND          26           4   0.00000000           37696           1   600.000000       720.000000           26436           0           0       26436           0           0
 WACCMX_APPLY_QC          31           2   0.00000000           37696       26335       11361       26335       11361       26335       26335       26335       26335
 WACCMX_APPLY_SOURCE_FLAGS          31           2   0.00000000           37696       26335        9879        1482           0           0
 WACCMX_APPLY_BLEND          31           2   0.00000000           37696           1   600.000000       720.000000           26335           0           0       26335           0           0
  finished initialization taskid =           22
 iwrk           22         120
 in if parallel - iday,iday0           1           0
 max flux_euvac   6.64522854E+09
 WACCMX_APPLY_QC          24           5   0.00000000           37696       26443       11253       26443       11253       26443       26443       26443       26443
 WACCMX_APPLY_SOURCE_FLAGS          24           5   0.00000000           37696       26443        9718        1535           0           0
 WACCMX_APPLY_BLEND          24           5   0.00000000           37696           1   600.000000       720.000000           26441           2           0       26441           2           0
 WACCMX_APPLY_QC          29           3   0.00000000           37696       26376       11320       26376       11320       26376       26376       26376       26376
 WACCMX_APPLY_SOURCE_FLAGS          29           3   0.00000000           37696       26376        9749        1571           0           0
 WACCMX_APPLY_BLEND          29           3   0.00000000           37696           1   600.000000       720.000000           26376           0           0       26376           0           0
 WACCMX_APPLY_QC          27           4   0.00000000           37696       26411       11285       26411       11285       26411       26411       26411       26411
 WACCMX_APPLY_SOURCE_FLAGS          27           4   0.00000000           37696       26411        9722        1563           0           0
 WACCMX_APPLY_BLEND          27           4   0.00000000           37696           1   600.000000       720.000000           26411           0           0       26411           0           0
 WACCMX_APPLY_QC          32           2   0.00000000           37696       26298       11398       26298       11398       26298       26298       26298       26298
 WACCMX_APPLY_SOURCE_FLAGS          32           2   0.00000000           37696       26298        9999        1399           0           0
 WACCMX_APPLY_BLEND          32           2   0.00000000           37696           1   600.000000       720.000000           26298           0           0       26298           0           0
  finished initialization taskid =           23
 iwrk           23         120
 in if parallel - iday,iday0           1           0
 max flux_euvac   6.64522854E+09
 WACCMX_APPLY_QC          25           5   0.00000000           37696       26441       11255       26441       11255       26441       26441       26441       26441
 WACCMX_APPLY_SOURCE_FLAGS          25           5   0.00000000           37696       26441        9691        1564           0           0
 WACCMX_APPLY_BLEND          25           5   0.00000000           37696           1   600.000000       720.000000           26440           1           0       26440           1           0
 WACCMX_APPLY_QC          30           3   0.00000000           37696       26350       11346       26350       11346       26350       26350       26350       26350
 WACCMX_APPLY_SOURCE_FLAGS          30           3   0.00000000           37696       26350        9825        1521           0           0
 WACCMX_APPLY_BLEND          30           3   0.00000000           37696           1   600.000000       720.000000           26350           0           0       26350           0           0
 WACCMX_APPLY_QC          28           4   0.00000000           37696       26388       11308       26388       11308       26388       26388       26388       26388
 WACCMX_APPLY_SOURCE_FLAGS          28           4   0.00000000           37696       26388        9730        1578           0           0
 WACCMX_APPLY_BLEND          28           4   0.00000000           37696           1   600.000000       720.000000           26388           0           0       26388           0           0
  finished initialization taskid =           24
 iwrk           24         120
 in if parallel - iday,iday0           1           0
 max flux_euvac   6.64522854E+09
 WACCMX_APPLY_QC          26           5   0.00000000           37696       26426       11270       26426       11270       26426       26426       26426       26426
 WACCMX_APPLY_SOURCE_FLAGS          26           5   0.00000000           37696       26426        9707        1563           0           0
 WACCMX_APPLY_BLEND          26           5   0.00000000           37696           1   600.000000       720.000000           26426           0           0       26426           0           0
 WACCMX_APPLY_QC          31           3   0.00000000           37696       26325       11371       26325       11371       26325       26325       26325       26325
 WACCMX_APPLY_SOURCE_FLAGS          31           3   0.00000000           37696       26325        9922        1449           0           0
 WACCMX_APPLY_BLEND          31           3   0.00000000           37696           1   600.000000       720.000000           26325           0           0       26325           0           0
 WACCMX_APPLY_QC          29           4   0.00000000           37696       26367       11329       26367       11329       26367       26367       26367       26367
 WACCMX_APPLY_SOURCE_FLAGS          29           4   0.00000000           37696       26367        9764        1565           0           0
 WACCMX_APPLY_BLEND          29           4   0.00000000           37696           1   600.000000       720.000000           26367           0           0       26367           0           0
  finished initialization taskid =           25
 iwrk           25         120
 in if parallel - iday,iday0           1           0
 max flux_euvac   6.64522854E+09
 WACCMX_APPLY_QC          27           5   0.00000000           37696       26407       11289       26407       11289       26407       26407       26407       26407
 WACCMX_APPLY_SOURCE_FLAGS          27           5   0.00000000           37696       26407        9724        1565           0           0
 WACCMX_APPLY_BLEND          27           5   0.00000000           37696           1   600.000000       720.000000           26407           0           0       26407           0           0
 WACCMX_APPLY_QC          32           3   0.00000000           37696       26281       11415       26281       11415       26281       26281       26281       26281
 WACCMX_APPLY_SOURCE_FLAGS          32           3   0.00000000           37696       26281       10055        1360           0           0
 WACCMX_APPLY_BLEND          32           3   0.00000000           37696           1   600.000000       720.000000           26281           0           0       26281           0           0
 WACCMX_APPLY_QC          30           4   0.00000000           37696       26339       11357       26339       11357       26339       26339       26339       26339
 WACCMX_APPLY_SOURCE_FLAGS          30           4   0.00000000           37696       26339        9847        1510           0           0
 WACCMX_APPLY_BLEND          30           4   0.00000000           37696           1   600.000000       720.000000           26339           0           0       26339           0           0
  finished initialization taskid =           26
 iwrk           26         120
 in if parallel - iday,iday0           1           0
 max flux_euvac   6.64522854E+09
 WACCMX_APPLY_QC          28           5   0.00000000           37696       26384       11312       26384       11312       26384       26384       26384       26384
 WACCMX_APPLY_SOURCE_FLAGS          28           5   0.00000000           37696       26384        9743        1569           0           0
 WACCMX_APPLY_BLEND          28           5   0.00000000           37696           1   600.000000       720.000000           26384           0           0       26384           0           0
 WACCMX_APPLY_QC          31           4   0.00000000           37696       26316       11380       26316       11380       26316       26316       26316       26316
 WACCMX_APPLY_SOURCE_FLAGS          31           4   0.00000000           37696       26316        9956        1424           0           0
 WACCMX_APPLY_BLEND          31           4   0.00000000           37696           1   600.000000       720.000000           26316           0           0       26316           0           0
  finished initialization taskid =           27
 iwrk           27         120
 in if parallel - iday,iday0           1           0
 max flux_euvac   6.64522854E+09
 WACCMX_APPLY_QC          29           5   0.00000000           37696       26361       11335       26361       11335       26361       26361       26361       26361
 WACCMX_APPLY_SOURCE_FLAGS          29           5   0.00000000           37696       26361        9793        1542           0           0
 WACCMX_APPLY_BLEND          29           5   0.00000000           37696           1   600.000000       720.000000           26361           0           0       26361           0           0
 WACCMX_APPLY_QC          32           4   0.00000000           37696       26260       11436       26260       11436       26260       26260       26260       26260
 WACCMX_APPLY_SOURCE_FLAGS          32           4   0.00000000           37696       26260       10111        1325           0           0
 WACCMX_APPLY_BLEND          32           4   0.00000000           37696           1   600.000000       720.000000           26260           0           0       26260           0           0
  finished initialization taskid =           28
 iwrk           28         120
 in if parallel - iday,iday0           1           0
 max flux_euvac   6.64522854E+09
 WACCMX_APPLY_QC          30           5   0.00000000           37696       26335       11361       26335       11361       26335       26335       26335       26335
 WACCMX_APPLY_SOURCE_FLAGS          30           5   0.00000000           37696       26335        9879        1482           0           0
 WACCMX_APPLY_BLEND          30           5   0.00000000           37696           1   600.000000       720.000000           26335           0           0       26335           0           0
  finished initialization taskid =           29
 iwrk           29         120
 in if parallel - iday,iday0           1           0
 max flux_euvac   6.64522854E+09
 WACCMX_APPLY_QC          31           5   0.00000000           37696       26298       11398       26298       11398       26298       26298       26298       26298
 WACCMX_APPLY_SOURCE_FLAGS          31           5   0.00000000           37696       26298        9999        1399           0           0
 WACCMX_APPLY_BLEND          31           5   0.00000000           37696           1   600.000000       720.000000           26298           0           0       26298           0           0
  finished initialization taskid =           30
 iwrk           30         120
 in if parallel - iday,iday0           1           0
 max flux_euvac   6.64522854E+09
 WACCMX_APPLY_QC          32           5   0.00000000           37696       26239       11457       26239       11457       26239       26239       26239       26239
 WACCMX_APPLY_SOURCE_FLAGS          32           5   0.00000000           37696       26239       10161        1296           0           0
 WACCMX_APPLY_BLEND          32           5   0.00000000           37696           1   600.000000       720.000000           26239           0           0       26239           0           0
  finished initialization taskid =           31
 iwrk           31         120
 in if parallel - iday,iday0           1           0
 max flux_euvac   6.64522854E+09
  finished initialization taskid =           32
 iwrk           32         120
 in if parallel - iday,iday0           1           0
 max flux_euvac   6.64522854E+09
 calling potpphi   0.00000000       300.000000    
           1   6047173.00    
           2  0.353740782    
           3  0.116157129    
           4   4.29567471E-02
           5   3.53325754E-02
           6   3.41880806E-02
           7   6.82449201E-04
 SAMI3 direct phi port ready: /home/jiaoy_group/jiaoy/data/waccmx-sami3_official/runs/waccmx_cam_sami3_live_payload_f19_directmpi_nosmoke_dt300_6pkt_6phi_hrmax2_maxstep400_20260526_0000/sami3_direct_phi_port.txt
 SAMI3 direct phi sender connected
 WACCMX_PHI_RECV           0           6   0.00000000       0.00000000       8.33333358E-02  -36.9728775       31.5048161    
 hrutw2 =    0.00000000       8.33333358E-02
 nweimer           1
   39.2257156    
 istep =            0  ntm =            1
  hr =    0.00000000      dt =    2.95102930    
 calling potpphi   300.000000       2.95102930    
           1  0.529493988    
           2   5.63149387E-03
 WACCMX_PHI_RECV           1           6   8.33333358E-02   8.33333358E-02  0.166666672      -37.7063637       31.7590370    
 hrutw2 =    8.33333358E-02  0.166666672    
   61.6681938    
 WACCMX online neutral received: taskid,step,packet_hr=           1           1   8.33333358E-02
 WACCMX_RECV_QC           1           1   8.33333358E-02      130983       57497      130983       57497   4.3444569875323044E+018   78823387.080337524        121992052.92362127        276900366.85286808        0.0000000000000000        4.3444569875323044E+018   78823387.080337524        121992052.92362127        276900366.85286808        0.0000000000000000     
 WACCMX_RECV_SOURCE_FLAGS           1           1   8.33333358E-02      188480      130983       51116        6381           0           0      130983       57497      130983       57497      130983      130983      130983      130983
 WACCMX_APPLY_QC           1           1   8.33333358E-02       37696       26252       11444       26252       11444       26252       26252       26252       26252
 WACCMX_APPLY_SOURCE_FLAGS           1           1   8.33333358E-02       37696       26252       10134        1310           0           0
 WACCMX_APPLY_BLEND           1           1   8.33333358E-02       37696           1   600.000000       720.000000           26252           0           0       26252           0           0
 d =    15760962.0       1.57399316E+10   3.47685560E+10   4.53603942E+09   95349640.0       2.28315956E-12   1732479.00       8162559.00       1.69090209E-26
 WACCMX online neutral received: taskid,step,packet_hr=           2           1   8.33333358E-02
 WACCMX_RECV_QC           2           1   8.33333358E-02      130696       57784      130696       57784   4.5583821159264809E+018   77064173.372100830        107219645.47892007        263709723.68528962        0.0000000000000000        4.5583821159264809E+018   77064173.372100830        107219645.47892007        263709723.68528962        0.0000000000000000     
 WACCMX_RECV_SOURCE_FLAGS           2           1   8.33333358E-02      188480      130696       51647        6137           0           0      130696       57784      130696       57784      130696      130696      130696      130696
 WACCMX_APPLY_QC           2           1   8.33333358E-02       37696       26167       11529       26167       11529       26167       26167       26167       26167
 WACCMX_APPLY_SOURCE_FLAGS           2           1   8.33333358E-02       37696       26167       10270        1259           0           0
 WACCMX_APPLY_BLEND           2           1   8.33333358E-02       37696           1   600.000000       720.000000           26167           0           0       26167           0           0
 WACCMX online neutral received: taskid,step,packet_hr=           3           1   8.33333358E-02
 WACCMX_RECV_QC           3           1   8.33333358E-02      130527       57953      130527       57953   4.4978069079172751E+018   76117213.736968994        42124086.690097988        157743414.05294728        0.0000000000000000        4.4978069079172751E+018   76117213.736968994        42124086.690097988        157743414.05294728        0.0000000000000000     
 WACCMX_RECV_SOURCE_FLAGS           3           1   8.33333358E-02      188480      130527       51849        6104           0           0      130527       57953      130527       57953      130527      130527      130527      130527
 WACCMX_APPLY_QC           3           1   8.33333358E-02       37696       26130       11566       26130       11566       26130       26130       26130       26130
 WACCMX_APPLY_SOURCE_FLAGS           3           1   8.33333358E-02       37696       26130       10361        1205           0           0
 WACCMX_APPLY_BLEND           3           1   8.33333358E-02       37696           1   600.000000       720.000000           26130           0           0       26130           0           0
 WACCMX_APPLY_QC           1           2   8.33333358E-02       37696       26234       11462       26234       11462       26234       26234       26234       26234
 WACCMX_APPLY_SOURCE_FLAGS           1           2   8.33333358E-02       37696       26234       10173        1289           0           0
 WACCMX_APPLY_BLEND           1           2   8.33333358E-02       37696           1   600.000000       720.000000           26234           0           0       26234           0           0
 WACCMX online neutral received: taskid,step,packet_hr=           4           1   8.33333358E-02
 WACCMX_RECV_QC           4           1   8.33333358E-02      130379       58101      130379       58101   4.3613343009287700E+018   75638625.916427612       -11088609.184346855        27620428.269048803        0.0000000000000000        4.3613343009287700E+018   75638625.916427612       -11088609.184346855        27620428.269048803        0.0000000000000000     
 WACCMX_RECV_SOURCE_FLAGS           4           1   8.33333358E-02      188480      130379       52011        6090           0           0      130379       58101      130379       58101      130379      130379      130379      130379
 WACCMX_APPLY_QC           4           1   8.33333358E-02       37696       26095       11601       26095       11601       26095       26095       26095       26095
 WACCMX_APPLY_SOURCE_FLAGS           4           1   8.33333358E-02       37696       26095       10374        1227           0           0
 WACCMX_APPLY_BLEND           4           1   8.33333358E-02       37696           1   600.000000       720.000000           26095           0           0       26095           0           0
 WACCMX_APPLY_QC           2           2   8.33333358E-02       37696       26147       11549       26147       11549       26147       26147       26147       26147
 WACCMX_APPLY_SOURCE_FLAGS           2           2   8.33333358E-02       37696       26147       10313        1236           0           0
 WACCMX_APPLY_BLEND           2           2   8.33333358E-02       37696           1   600.000000       720.000000           26147           0           0       26147           0           0
 WACCMX online neutral received: taskid,step,packet_hr=           5           1   8.33333358E-02
 WACCMX_RECV_QC           5           1   8.33333358E-02      130442       58038      130442       58038   4.3191815904858742E+018   75483435.114608765       -46192225.696288481       -45478032.207388476        0.0000000000000000        4.3191815904858742E+018   75483435.114608765       -46192225.696288481       -45478032.207388476        0.0000000000000000     
 WACCMX_RECV_SOURCE_FLAGS           5           1   8.33333358E-02      188480      130442       52176        5862           0           0      130442       58038      130442       58038      130442      130442      130442      130442
 WACCMX_APPLY_QC           5           1   8.33333358E-02       37696       26066       11630       26066       11630       26066       26066       26066       26066
 WACCMX_APPLY_SOURCE_FLAGS           5           1   8.33333358E-02       37696       26066       10420        1210           0           0
 WACCMX_APPLY_BLEND           5           1   8.33333358E-02       37696           1   600.000000       720.000000           26066           0           0       26066           0           0
 WACCMX_APPLY_QC           3           2   8.33333358E-02       37696       26115       11581       26115       11581       26115       26115       26115       26115
 WACCMX_APPLY_SOURCE_FLAGS           3           2   8.33333358E-02       37696       26115       10364        1217           0           0
 WACCMX_APPLY_BLEND           3           2   8.33333358E-02       37696           1   600.000000       720.000000           26115           0           0       26115           0           0
 WACCMX_APPLY_QC           1           3   8.33333358E-02       37696       26183       11513       26183       11513       26183       26183       26183       26183
 WACCMX_APPLY_SOURCE_FLAGS           1           3   8.33333358E-02       37696       26183       10226        1287           0           0
 WACCMX_APPLY_BLEND           1           3   8.33333358E-02       37696           1   600.000000       720.000000           26183           0           0       26183           0           0
 WACCMX online neutral received: taskid,step,packet_hr=           6           1   8.33333358E-02
 WACCMX_RECV_QC           6           1   8.33333358E-02      130665       57815      130665       57815   4.2721997905602606E+018   75357638.555770874       -50992157.440739557       -112228105.90502498        0.0000000000000000        4.2721997905602606E+018   75357638.555770874       -50992157.440739557       -112228105.90502498        0.0000000000000000     
 WACCMX_RECV_SOURCE_FLAGS           6           1   8.33333358E-02      188480      130665       52339        5476           0           0      130665       57815      130665       57815      130665      130665      130665      130665
 WACCMX_APPLY_QC           6           1   8.33333358E-02       37696       26107       11589       26107       11589       26107       26107       26107       26107
 WACCMX_APPLY_SOURCE_FLAGS           6           1   8.33333358E-02       37696       26107       10440        1149           0           0
 WACCMX_APPLY_BLEND           6           1   8.33333358E-02       37696           1   600.000000       720.000000           26107           0           0       26107           0           0
 WACCMX_APPLY_QC           4           2   8.33333358E-02       37696       26080       11616       26080       11616       26080       26080       26080       26080
 WACCMX_APPLY_SOURCE_FLAGS           4           2   8.33333358E-02       37696       26080       10386        1230           0           0
 WACCMX_APPLY_BLEND           4           2   8.33333358E-02       37696           1   600.000000       720.000000           26080           0           0       26080           0           0
 WACCMX online neutral received: taskid,step,packet_hr=           7           1   8.33333358E-02
 WACCMX_RECV_QC           7           1   8.33333358E-02      130879       57601      130879       57601   4.0824547327560520E+018   75049889.599075317       -43318417.608565591       -159740842.79513776        0.0000000000000000        4.0824547327560520E+018   75049889.599075317       -43318417.608565591       -159740842.79513776        0.0000000000000000     
 WACCMX_APPLY_QC           2           3   8.33333358E-02       37696       26137       11559       26137       11559       26137       26137       26137       26137
 WACCMX_APPLY_SOURCE_FLAGS           2           3   8.33333358E-02       37696       26137       10339        1220           0           0
 WACCMX_APPLY_BLEND           2           3   8.33333358E-02       37696           1   600.000000       720.000000           26137           0           0       26137           0           0
 WACCMX_RECV_SOURCE_FLAGS           7           1   8.33333358E-02      188480      130879       52663        4938           0           0      130879       57601      130879       57601      130879      130879      130879      130879
 WACCMX_APPLY_QC           7           1   8.33333358E-02       37696       26143       11553       26143       11553       26143       26143       26143       26143
 WACCMX_APPLY_SOURCE_FLAGS           7           1   8.33333358E-02       37696       26143       10480        1073           0           0
 WACCMX_APPLY_BLEND           7           1   8.33333358E-02       37696           1   600.000000       720.000000           26143           0           0       26143           0           0
 WACCMX_APPLY_QC           5           2   8.33333358E-02       37696       26064       11632       26064       11632       26064       26064       26064       26064
 WACCMX_APPLY_SOURCE_FLAGS           5           2   8.33333358E-02       37696       26064       10429        1203           0           0
 WACCMX_APPLY_BLEND           5           2   8.33333358E-02       37696           1   600.000000       720.000000           26064           0           0       26064           0           0
 WACCMX online neutral received: taskid,step,packet_hr=           8           1   8.33333358E-02
 WACCMX_RECV_QC           8           1   8.33333358E-02      131082       57398      131082       57398   3.8799547749131249E+018   74752117.336532593       -30891861.117189161       -117962336.94354223        0.0000000000000000        3.8799547749131249E+018   74752117.336532593       -30891861.117189161       -117962336.94354223        0.0000000000000000     
 WACCMX_RECV_SOURCE_FLAGS           8           1   8.33333358E-02      188480      131082       53053        4345           0           0      131082       57398      131082       57398      131082      131082      131082      131082
 WACCMX_APPLY_QC           8           1   8.33333358E-02       37696       26188       11508       26188       11508       26188       26188       26188       26188
 WACCMX_APPLY_SOURCE_FLAGS           8           1   8.33333358E-02       37696       26188       10561         947           0           0
 WACCMX_APPLY_BLEND           8           1   8.33333358E-02       37696           1   600.000000       720.000000           26188           0           0       26188           0           0
 WACCMX_APPLY_QC           3           3   8.33333358E-02       37696       26107       11589       26107       11589       26107       26107       26107       26107
 WACCMX_APPLY_SOURCE_FLAGS           3           3   8.33333358E-02       37696       26107       10364        1225           0           0
 WACCMX_APPLY_BLEND           3           3   8.33333358E-02       37696           1   600.000000       720.000000           26107           0           0       26107           0           0
 WACCMX_APPLY_QC           1           4   8.33333358E-02       37696       26167       11529       26167       11529       26167       26167       26167       26167
 WACCMX_APPLY_SOURCE_FLAGS           1           4   8.33333358E-02       37696       26167       10270        1259           0           0
 WACCMX_APPLY_BLEND           1           4   8.33333358E-02       37696           1   600.000000       720.000000           26167           0           0       26167           0           0
 WACCMX_APPLY_QC           6           2   8.33333358E-02       37696       26122       11574       26122       11574       26122       26122       26122       26122
 WACCMX_APPLY_SOURCE_FLAGS           6           2   8.33333358E-02       37696       26122       10453        1121           0           0
 WACCMX_APPLY_BLEND           6           2   8.33333358E-02       37696           1   600.000000       720.000000           26122           0           0       26122           0           0
 WACCMX_APPLY_QC           4           3   8.33333358E-02       37696       26074       11622       26074       11622       26074       26074       26074       26074
 WACCMX_APPLY_SOURCE_FLAGS           4           3   8.33333358E-02       37696       26074       10402        1220           0           0
 WACCMX_APPLY_BLEND           4           3   8.33333358E-02       37696           1   600.000000       720.000000           26074           0           0       26074           0           0
 WACCMX online neutral received: taskid,step,packet_hr=           9           1   8.33333358E-02
 WACCMX_RECV_QC           9           1   8.33333358E-02      131228       57252      131228       57252   3.7702068213879439E+018   74452954.216873169       -18132384.661881335       -19760058.319633216        0.0000000000000000        3.7702068213879439E+018   74452954.216873169       -18132384.661881335       -19760058.319633216        0.0000000000000000     
 WACCMX_RECV_SOURCE_FLAGS           9           1   8.33333358E-02      188480      131228       53367        3885           0           0      131228       57252      131228       57252      131228      131228      131228      131228
 WACCMX_APPLY_QC           9           1   8.33333358E-02       37696       26232       11464       26232       11464       26232       26232       26232       26232
 WACCMX_APPLY_SOURCE_FLAGS           9           1   8.33333358E-02       37696       26232       10639         825           0           0
 WACCMX_APPLY_BLEND           9           1   8.33333358E-02       37696           1   600.000000       720.000000           26230           2           0       26230           2           0
 WACCMX_APPLY_QC           7           2   8.33333358E-02       37696       26166       11530       26166       11530       26166       26166       26166       26166
 WACCMX_APPLY_SOURCE_FLAGS           7           2   8.33333358E-02       37696       26166       10504        1026           0           0
 WACCMX_APPLY_BLEND           7           2   8.33333358E-02       37696           1   600.000000       720.000000           26166           0           0       26166           0           0
 WACCMX_APPLY_QC           2           4   8.33333358E-02       37696       26130       11566       26130       11566       26130       26130       26130       26130
 WACCMX_APPLY_SOURCE_FLAGS           2           4   8.33333358E-02       37696       26130       10361        1205           0           0
 WACCMX_APPLY_BLEND           2           4   8.33333358E-02       37696           1   600.000000       720.000000           26130           0           0       26130           0           0
 WACCMX_APPLY_QC           5           3   8.33333358E-02       37696       26083       11613       26083       11613       26083       26083       26083       26083
 WACCMX_APPLY_SOURCE_FLAGS           5           3   8.33333358E-02       37696       26083       10434        1179           0           0
 WACCMX_APPLY_BLEND           5           3   8.33333358E-02       37696           1   600.000000       720.000000           26083           0           0       26083           0           0
 WACCMX online neutral received: taskid,step,packet_hr=          10           1   8.33333358E-02
 WACCMX_RECV_QC          10           1   8.33333358E-02      131338       57142      131338       57142   3.7612498156020301E+018   74089978.829818726       -23989811.964134268        44363505.787772834        0.0000000000000000        3.7612498156020301E+018   74089978.829818726       -23989811.964134268        44363505.787772834        0.0000000000000000     
 WACCMX_RECV_SOURCE_FLAGS          10           1   8.33333358E-02      188480      131338       53617        3525           0           0      131338       57142      131338       57142      131338      131338      131338      131338
 WACCMX_APPLY_QC          10           1   8.33333358E-02       37696       26251       11445       26251       11445       26251       26251       26251       26251
 WACCMX_APPLY_SOURCE_FLAGS          10           1   8.33333358E-02       37696       26251       10689         756           0           0
 WACCMX_APPLY_BLEND          10           1   8.33333358E-02       37696           1   600.000000       720.000000           26246           5           0       26246           5           0
 WACCMX_APPLY_QC           8           2   8.33333358E-02       37696       26200       11496       26200       11496       26200       26200       26200       26200
 WACCMX_APPLY_SOURCE_FLAGS           8           2   8.33333358E-02       37696       26200       10588         908           0           0
 WACCMX_APPLY_BLEND           8           2   8.33333358E-02       37696           1   600.000000       720.000000           26199           1           0       26199           1           0
 WACCMX_APPLY_QC           3           4   8.33333358E-02       37696       26095       11601       26095       11601       26095       26095       26095       26095
 WACCMX_APPLY_SOURCE_FLAGS           3           4   8.33333358E-02       37696       26095       10374        1227           0           0
 WACCMX_APPLY_BLEND           3           4   8.33333358E-02       37696           1   600.000000       720.000000           26095           0           0       26095           0           0
 WACCMX_APPLY_QC           1           5   8.33333358E-02       37696       26147       11549       26147       11549       26147       26147       26147       26147
 WACCMX_APPLY_SOURCE_FLAGS           1           5   8.33333358E-02       37696       26147       10313        1236           0           0
 WACCMX_APPLY_BLEND           1           5   8.33333358E-02       37696           1   600.000000       720.000000           26147           0           0       26147           0           0
 WACCMX_APPLY_QC           6           3   8.33333358E-02       37696       26127       11569       26127       11569       26127       26127       26127       26127
 WACCMX_APPLY_SOURCE_FLAGS           6           3   8.33333358E-02       37696       26127       10462        1107           0           0
 WACCMX_APPLY_BLEND           6           3   8.33333358E-02       37696           1   600.000000       720.000000           26127           0           0       26127           0           0
 WACCMX online neutral received: taskid,step,packet_hr=          11           1   8.33333358E-02
 WACCMX_RECV_QC          11           1   8.33333358E-02      131372       57108      131372       57108   3.9817080267077422E+018   73446202.516418457       -19388129.159531400        28859448.159761101        0.0000000000000000        3.9817080267077422E+018   73446202.516418457       -19388129.159531400        28859448.159761101        0.0000000000000000     
 WACCMX_RECV_SOURCE_FLAGS          11           1   8.33333358E-02      188480      131372       53949        3159           0           0      131372       57108      131372       57108      131372      131372      131372      131372
 WACCMX_APPLY_QC          11           1   8.33333358E-02       37696       26283       11413       26283       11413       26283       26283       26283       26283
 WACCMX_APPLY_SOURCE_FLAGS          11           1   8.33333358E-02       37696       26283       10740         673           0           0
 WACCMX_APPLY_BLEND          11           1   8.33333358E-02       37696           1   600.000000       720.000000           26275           8           0       26275           8           0
 WACCMX_APPLY_QC           4           4   8.33333358E-02       37696       26066       11630       26066       11630       26066       26066       26066       26066
 WACCMX_APPLY_SOURCE_FLAGS           4           4   8.33333358E-02       37696       26066       10420        1210           0           0
 WACCMX_APPLY_BLEND           4           4   8.33333358E-02       37696           1   600.000000       720.000000           26066           0           0       26066           0           0
 WACCMX_APPLY_QC           9           2   8.33333358E-02       37696       26243       11453       26243       11453       26243       26243       26243       26243
 WACCMX_APPLY_SOURCE_FLAGS           9           2   8.33333358E-02       37696       26243       10654         799           0           0
 WACCMX_APPLY_BLEND           9           2   8.33333358E-02       37696           1   600.000000       720.000000           26240           3           0       26240           3           0
 WACCMX_APPLY_QC           7           3   8.33333358E-02       37696       26182       11514       26182       11514       26182       26182       26182       26182
 WACCMX_APPLY_SOURCE_FLAGS           7           3   8.33333358E-02       37696       26182       10530         984           0           0
 WACCMX_APPLY_BLEND           7           3   8.33333358E-02       37696           1   600.000000       720.000000           26182           0           0       26182           0           0
 WACCMX_APPLY_QC           2           5   8.33333358E-02       37696       26115       11581       26115       11581       26115       26115       26115       26115
 WACCMX_APPLY_SOURCE_FLAGS           2           5   8.33333358E-02       37696       26115       10364        1217           0           0
 WACCMX_APPLY_BLEND           2           5   8.33333358E-02       37696           1   600.000000       720.000000           26115           0           0       26115           0           0
 WACCMX online neutral received: taskid,step,packet_hr=          12           1   8.33333358E-02
 WACCMX_RECV_QC          12           1   8.33333358E-02      131350       57130      131350       57130   4.2832205199413903E+018   72727572.307113647        32762282.426528633       -58730519.869934961        0.0000000000000000        4.2832205199413903E+018   72727572.307113647        32762282.426528633       -58730519.869934961        0.0000000000000000     
 WACCMX_RECV_SOURCE_FLAGS          12           1   8.33333358E-02      188480      131350       54316        2814           0           0      131350       57130      131350       57130      131350      131350      131350      131350
 WACCMX_APPLY_QC          12           1   8.33333358E-02       37696       26272       11424       26272       11424       26272       26272       26272       26272
 WACCMX_APPLY_SOURCE_FLAGS          12           1   8.33333358E-02       37696       26272       10818         606           0           0
 WACCMX_APPLY_BLEND          12           1   8.33333358E-02       37696           1   600.000000       720.000000           26266           6           0       26266           6           0
 WACCMX_APPLY_QC           5           4   8.33333358E-02       37696       26107       11589       26107       11589       26107       26107       26107       26107
 WACCMX_APPLY_SOURCE_FLAGS           5           4   8.33333358E-02       37696       26107       10440        1149           0           0
 WACCMX_APPLY_BLEND           5           4   8.33333358E-02       37696           1   600.000000       720.000000           26107           0           0       26107           0           0
 WACCMX_APPLY_QC          10           2   8.33333358E-02       37696       26258       11438       26258       11438       26258       26258       26258       26258
 WACCMX_APPLY_SOURCE_FLAGS          10           2   8.33333358E-02       37696       26258       10712         726           0           0
 WACCMX_APPLY_BLEND          10           2   8.33333358E-02       37696           1   600.000000       720.000000           26252           6           0       26252           6           0
 WACCMX_APPLY_QC           8           3   8.33333358E-02       37696       26219       11477       26219       11477       26219       26219       26219       26219
 WACCMX_APPLY_SOURCE_FLAGS           8           3   8.33333358E-02       37696       26219       10611         866           0           0
 WACCMX_APPLY_BLEND           8           3   8.33333358E-02       37696           1   600.000000       720.000000           26217           2           0       26217           2           0
 WACCMX_APPLY_QC           3           5   8.33333358E-02       37696       26080       11616       26080       11616       26080       26080       26080       26080
 WACCMX_APPLY_SOURCE_FLAGS           3           5   8.33333358E-02       37696       26080       10386        1230           0           0
 WACCMX_APPLY_BLEND           3           5   8.33333358E-02       37696           1   600.000000       720.000000           26080           0           0       26080           0           0
 WACCMX online neutral received: taskid,step,packet_hr=          13           1   8.33333358E-02
 WACCMX_RECV_QC          13           1   8.33333358E-02      131410       57070      131410       57070   4.3335977318371948E+018   72602954.691696167        88878692.970848262       -102239093.47024427        0.0000000000000000        4.3335977318371948E+018   72602954.691696167        88878692.970848262       -102239093.47024427        0.0000000000000000     
 WACCMX_RECV_SOURCE_FLAGS          13           1   8.33333358E-02      188480      131410       54355        2715           0           0      131410       57070      131410       57070      131410      131410      131410      131410
 WACCMX_APPLY_QC          13           1   8.33333358E-02       37696       26270       11426       26270       11426       26270       26270       26270       26270
 WACCMX_APPLY_SOURCE_FLAGS          13           1   8.33333358E-02       37696       26270       10887         539           0           0
 WACCMX_APPLY_BLEND          13           1   8.33333358E-02       37696           1   600.000000       720.000000           26256          14           0       26256          14           0
 WACCMX_APPLY_QC           6           4   8.33333358E-02       37696       26143       11553       26143       11553       26143       26143       26143       26143
 WACCMX_APPLY_SOURCE_FLAGS           6           4   8.33333358E-02       37696       26143       10480        1073           0           0
 WACCMX_APPLY_BLEND           6           4   8.33333358E-02       37696           1   600.000000       720.000000           26143           0           0       26143           0           0
 WACCMX_APPLY_QC          11           2   8.33333358E-02       37696       26280       11416       26280       11416       26280       26280       26280       26280
 WACCMX_APPLY_SOURCE_FLAGS          11           2   8.33333358E-02       37696       26280       10752         664           0           0
 WACCMX_APPLY_BLEND          11           2   8.33333358E-02       37696           1   600.000000       720.000000           26272           8           0       26272           8           0
 WACCMX_APPLY_QC           4           5   8.33333358E-02       37696       26064       11632       26064       11632       26064       26064       26064       26064
 WACCMX_APPLY_SOURCE_FLAGS           4           5   8.33333358E-02       37696       26064       10429        1203           0           0
 WACCMX_APPLY_BLEND           4           5   8.33333358E-02       37696           1   600.000000       720.000000           26064           0           0       26064           0           0
 WACCMX_APPLY_QC           9           3   8.33333358E-02       37696       26244       11452       26244       11452       26244       26244       26244       26244
 WACCMX_APPLY_SOURCE_FLAGS           9           3   8.33333358E-02       37696       26244       10673         779           0           0
 WACCMX_APPLY_BLEND           9           3   8.33333358E-02       37696           1   600.000000       720.000000           26239           5           0       26239           5           0
 WACCMX online neutral received: taskid,step,packet_hr=          14           1   8.33333358E-02
 WACCMX_RECV_QC          14           1   8.33333358E-02      131655       56825      131655       56825   4.2688338430392172E+018   73379925.365478516        95460112.400554150       -47668405.224129528        0.0000000000000000        4.2688338430392172E+018   73379925.365478516        95460112.400554150       -47668405.224129528        0.0000000000000000     
 WACCMX_RECV_SOURCE_FLAGS          14           1   8.33333358E-02      188480      131655       54077        2748           0           0      131655       56825      131655       56825      131655      131655      131655      131655
 WACCMX_APPLY_QC          14           1   8.33333358E-02       37696       26292       11404       26292       11404       26292       26292       26292       26292
 WACCMX_APPLY_SOURCE_FLAGS          14           1   8.33333358E-02       37696       26292       10866         538           0           0
 WACCMX_APPLY_BLEND          14           1   8.33333358E-02       37696           1   600.000000       720.000000           26277          15           0       26277          15           0
 WACCMX_APPLY_QC           7           4   8.33333358E-02       37696       26188       11508       26188       11508       26188       26188       26188       26188
 WACCMX_APPLY_SOURCE_FLAGS           7           4   8.33333358E-02       37696       26188       10561         947           0           0
 WACCMX_APPLY_BLEND           7           4   8.33333358E-02       37696           1   600.000000       720.000000           26188           0           0       26188           0           0
 WACCMX_APPLY_QC          12           2   8.33333358E-02       37696       26265       11431       26265       11431       26265       26265       26265       26265
 WACCMX_APPLY_SOURCE_FLAGS          12           2   8.33333358E-02       37696       26265       10850         581           0           0
 WACCMX_APPLY_BLEND          12           2   8.33333358E-02       37696           1   600.000000       720.000000           26257           8           0       26257           8           0
 WACCMX_APPLY_QC           5           5   8.33333358E-02       37696       26122       11574       26122       11574       26122       26122       26122       26122
 WACCMX_APPLY_SOURCE_FLAGS           5           5   8.33333358E-02       37696       26122       10453        1121           0           0
 WACCMX_APPLY_BLEND           5           5   8.33333358E-02       37696           1   600.000000       720.000000           26122           0           0       26122           0           0
 WACCMX_APPLY_QC          10           3   8.33333358E-02       37696       26266       11430       26266       11430       26266       26266       26266       26266
 WACCMX_APPLY_SOURCE_FLAGS          10           3   8.33333358E-02       37696       26266       10724         706           0           0
 WACCMX_APPLY_BLEND          10           3   8.33333358E-02       37696           1   600.000000       720.000000           26259           7           0       26259           7           0
 WACCMX online neutral received: taskid,step,packet_hr=          15           1   8.33333358E-02
 WACCMX_RECV_QC          15           1   8.33333358E-02      132110       56370      132110       56370   4.2692205380241213E+018   74823947.070388794        17078175.108177438        3108104.6927192137        0.0000000000000000        4.2692205380241213E+018   74823947.070388794        17078175.108177438        3108104.6927192137        0.0000000000000000     
 WACCMX_RECV_SOURCE_FLAGS          15           1   8.33333358E-02      188480      132110       53485        2885           0           0      132110       56370      132110       56370      132110      132110      132110      132110
 WACCMX_APPLY_QC          15           1   8.33333358E-02       37696       26354       11342       26354       11342       26354       26354       26354       26354
 WACCMX_APPLY_SOURCE_FLAGS          15           1   8.33333358E-02       37696       26354       10796         546           0           0
 WACCMX_APPLY_BLEND          15           1   8.33333358E-02       37696           1   600.000000       720.000000           26337          17           0       26337          17           0
 WACCMX_APPLY_QC           8           4   8.33333358E-02       37696       26232       11464       26232       11464       26232       26232       26232       26232
 WACCMX_APPLY_SOURCE_FLAGS           8           4   8.33333358E-02       37696       26232       10639         825           0           0
 WACCMX_APPLY_BLEND           8           4   8.33333358E-02       37696           1   600.000000       720.000000           26230           2           0       26230           2           0
 WACCMX_APPLY_QC          13           2   8.33333358E-02       37696       26270       11426       26270       11426       26270       26270       26270       26270
 WACCMX_APPLY_SOURCE_FLAGS          13           2   8.33333358E-02       37696       26270       10885         541           0           0
 WACCMX_APPLY_BLEND          13           2   8.33333358E-02       37696           1   600.000000       720.000000           26256          14           0       26256          14           0
 WACCMX_APPLY_QC           6           5   8.33333358E-02       37696       26166       11530       26166       11530       26166       26166       26166       26166
 WACCMX_APPLY_SOURCE_FLAGS           6           5   8.33333358E-02       37696       26166       10504        1026           0           0
 WACCMX_APPLY_BLEND           6           5   8.33333358E-02       37696           1   600.000000       720.000000           26166           0           0       26166           0           0
 WACCMX_APPLY_QC          11           3   8.33333358E-02       37696       26272       11424       26272       11424       26272       26272       26272       26272
 WACCMX_APPLY_SOURCE_FLAGS          11           3   8.33333358E-02       37696       26272       10789         635           0           0
 WACCMX_APPLY_BLEND          11           3   8.33333358E-02       37696           1   600.000000       720.000000           26265           7           0       26265           7           0
 WACCMX online neutral received: taskid,step,packet_hr=          16           1   8.33333358E-02
 WACCMX_RECV_QC          16           1   8.33333358E-02      132387       56093      132387       56093   4.2546564755926794E+018   76116780.683776855       -87914603.105933800        39222784.156144023        0.0000000000000000        4.2546564755926794E+018   76116780.683776855       -87914603.105933800        39222784.156144023        0.0000000000000000     
 WACCMX_RECV_SOURCE_FLAGS          16           1   8.33333358E-02      188480      132387       52889        3204           0           0      132387       56093      132387       56093      132387      132387      132387      132387
 WACCMX_APPLY_QC          16           1   8.33333358E-02       37696       26457       11239       26457       11239       26457       26457       26457       26457
 WACCMX_APPLY_SOURCE_FLAGS          16           1   8.33333358E-02       37696       26457       10654         585           0           0
 WACCMX_APPLY_BLEND          16           1   8.33333358E-02       37696           1   600.000000       720.000000           26436          21           0       26436          21           0
 WACCMX_APPLY_QC           9           4   8.33333358E-02       37696       26251       11445       26251       11445       26251       26251       26251       26251
 WACCMX_APPLY_SOURCE_FLAGS           9           4   8.33333358E-02       37696       26251       10689         756           0           0
 WACCMX_APPLY_BLEND           9           4   8.33333358E-02       37696           1   600.000000       720.000000           26246           5           0       26246           5           0
 WACCMX_APPLY_QC          14           2   8.33333358E-02       37696       26301       11395       26301       11395       26301       26301       26301       26301
 WACCMX_APPLY_SOURCE_FLAGS          14           2   8.33333358E-02       37696       26301       10844         551           0           0
 WACCMX_APPLY_BLEND          14           2   8.33333358E-02       37696           1   600.000000       720.000000           26286          15           0       26286          15           0
 WACCMX_APPLY_QC           7           5   8.33333358E-02       37696       26200       11496       26200       11496       26200       26200       26200       26200
 WACCMX_APPLY_SOURCE_FLAGS           7           5   8.33333358E-02       37696       26200       10588         908           0           0
 WACCMX_APPLY_BLEND           7           5   8.33333358E-02       37696           1   600.000000       720.000000           26199           1           0       26199           1           0
 WACCMX_APPLY_QC          12           3   8.33333358E-02       37696       26273       11423       26273       11423       26273       26273       26273       26273
 WACCMX_APPLY_SOURCE_FLAGS          12           3   8.33333358E-02       37696       26273       10876         547           0           0
 WACCMX_APPLY_BLEND          12           3   8.33333358E-02       37696           1   600.000000       720.000000           26260          13           0       26260          13           0
 WACCMX online neutral received: taskid,step,packet_hr=          17           1   8.33333358E-02
 WACCMX_RECV_QC          17           1   8.33333358E-02      132497       55983      132497       55983   4.2816360837875712E+018   77105227.912902832       -175068813.48325595        64641676.527012110        0.0000000000000000        4.2816360837875712E+018   77105227.912902832       -175068813.48325595        64641676.527012110        0.0000000000000000     
 WACCMX_RECV_SOURCE_FLAGS          17           1   8.33333358E-02      188480      132497       52318        3665           0           0      132497       55983      132497       55983      132497      132497      132497      132497
 WACCMX_APPLY_QC          17           1   8.33333358E-02       37696       26480       11216       26480       11216       26480       26480       26480       26480
 WACCMX_APPLY_SOURCE_FLAGS          17           1   8.33333358E-02       37696       26480       10541         675           0           0
 WACCMX_APPLY_BLEND          17           1   8.33333358E-02       37696           1   600.000000       720.000000           26458          22           0       26458          22           0
 WACCMX_APPLY_QC          10           4   8.33333358E-02       37696       26283       11413       26283       11413       26283       26283       26283       26283
 WACCMX_APPLY_SOURCE_FLAGS          10           4   8.33333358E-02       37696       26283       10740         673           0           0
 WACCMX_APPLY_BLEND          10           4   8.33333358E-02       37696           1   600.000000       720.000000           26275           8           0       26275           8           0
 WACCMX_APPLY_QC          15           2   8.33333358E-02       37696       26389       11307       26389       11307       26389       26389       26389       26389
 WACCMX_APPLY_SOURCE_FLAGS          15           2   8.33333358E-02       37696       26389       10738         569           0           0
 WACCMX_APPLY_BLEND          15           2   8.33333358E-02       37696           1   600.000000       720.000000           26369          20           0       26369          20           0
 WACCMX_APPLY_QC           8           5   8.33333358E-02       37696       26243       11453       26243       11453       26243       26243       26243       26243
 WACCMX_APPLY_SOURCE_FLAGS           8           5   8.33333358E-02       37696       26243       10654         799           0           0
 WACCMX_APPLY_BLEND           8           5   8.33333358E-02       37696           1   600.000000       720.000000           26240           3           0       26240           3           0
 WACCMX_APPLY_QC          13           3   8.33333358E-02       37696       26277       11419       26277       11419       26277       26277       26277       26277
 WACCMX_APPLY_SOURCE_FLAGS          13           3   8.33333358E-02       37696       26277       10873         546           0           0
 WACCMX_APPLY_BLEND          13           3   8.33333358E-02       37696           1   600.000000       720.000000           26262          15           0       26262          15           0
 WACCMX online neutral received: taskid,step,packet_hr=          18           1   8.33333358E-02
 WACCMX_RECV_QC          18           1   8.33333358E-02      132574       55906      132574       55906   4.3697436727956669E+018   78158368.706527710       -251034566.74089533        98436769.545558736        0.0000000000000000        4.3697436727956669E+018   78158368.706527710       -251034566.74089533        98436769.545558736        0.0000000000000000     
 WACCMX_RECV_SOURCE_FLAGS          18           1   8.33333358E-02      188480      132574       51667        4239           0           0      132574       55906      132574       55906      132574      132574      132574      132574
 WACCMX_APPLY_QC          18           1   8.33333358E-02       37696       26508       11188       26508       11188       26508       26508       26508       26508
 WACCMX_APPLY_SOURCE_FLAGS          18           1   8.33333358E-02       37696       26508       10427         761           0           0
 WACCMX_APPLY_BLEND          18           1   8.33333358E-02       37696           1   600.000000       720.000000           26479          29           0       26479          29           0
 WACCMX_APPLY_QC          11           4   8.33333358E-02       37696       26272       11424       26272       11424       26272       26272       26272       26272
 WACCMX_APPLY_SOURCE_FLAGS          11           4   8.33333358E-02       37696       26272       10818         606           0           0
 WACCMX_APPLY_BLEND          11           4   8.33333358E-02       37696           1   600.000000       720.000000           26266           6           0       26266           6           0
 WACCMX_APPLY_QC          16           2   8.33333358E-02       37696       26481       11215       26481       11215       26481       26481       26481       26481
 WACCMX_APPLY_SOURCE_FLAGS          16           2   8.33333358E-02       37696       26481       10607         608           0           0
 WACCMX_APPLY_BLEND          16           2   8.33333358E-02       37696           1   600.000000       720.000000           26460          21           0       26460          21           0
 WACCMX_APPLY_QC           9           5   8.33333358E-02       37696       26258       11438       26258       11438       26258       26258       26258       26258
 WACCMX_APPLY_SOURCE_FLAGS           9           5   8.33333358E-02       37696       26258       10712         726           0           0
 WACCMX_APPLY_BLEND           9           5   8.33333358E-02       37696           1   600.000000       720.000000           26252           6           0       26252           6           0
 WACCMX_APPLY_QC          14           3   8.33333358E-02       37696       26319       11377       26319       11377       26319       26319       26319       26319
 WACCMX_APPLY_SOURCE_FLAGS          14           3   8.33333358E-02       37696       26319       10833         544           0           0
 WACCMX_APPLY_BLEND          14           3   8.33333358E-02       37696           1   600.000000       720.000000           26304          15           0       26304          15           0
 WACCMX online neutral received: taskid,step,packet_hr=          19           1   8.33333358E-02
 WACCMX_RECV_QC          19           1   8.33333358E-02      132532       55948      132532       55948   4.3614676159930281E+018   79273854.481781006       -267513087.64748770        172286902.44207528        0.0000000000000000        4.3614676159930281E+018   79273854.481781006       -267513087.64748770        172286902.44207528        0.0000000000000000     
 WACCMX_RECV_SOURCE_FLAGS          19           1   8.33333358E-02      188480      132532       51034        4914           0           0      132532       55948      132532       55948      132532      132532      132532      132532
 WACCMX_APPLY_QC          19           1   8.33333358E-02       37696       26519       11177       26519       11177       26519       26519       26519       26519
 WACCMX_APPLY_SOURCE_FLAGS          19           1   8.33333358E-02       37696       26519       10290         887           0           0
 WACCMX_APPLY_BLEND          19           1   8.33333358E-02       37696           1   600.000000       720.000000           26485          34           0       26485          34           0
 WACCMX_APPLY_QC          12           4   8.33333358E-02       37696       26270       11426       26270       11426       26270       26270       26270       26270
 WACCMX_APPLY_SOURCE_FLAGS          12           4   8.33333358E-02       37696       26270       10887         539           0           0
 WACCMX_APPLY_BLEND          12           4   8.33333358E-02       37696           1   600.000000       720.000000           26256          14           0       26256          14           0
 WACCMX_APPLY_QC          17           2   8.33333358E-02       37696       26496       11200       26496       11200       26496       26496       26496       26496
 WACCMX_APPLY_SOURCE_FLAGS          17           2   8.33333358E-02       37696       26496       10506         694           0           0
 WACCMX_APPLY_BLEND          17           2   8.33333358E-02       37696           1   600.000000       720.000000           26472          24           0       26472          24           0
 WACCMX_APPLY_QC          10           5   8.33333358E-02       37696       26280       11416       26280       11416       26280       26280       26280       26280
 WACCMX_APPLY_SOURCE_FLAGS          10           5   8.33333358E-02       37696       26280       10752         664           0           0
 WACCMX_APPLY_BLEND          10           5   8.33333358E-02       37696           1   600.000000       720.000000           26272           8           0       26272           8           0
 WACCMX online neutral received: taskid,step,packet_hr=          20           1   8.33333358E-02
 WACCMX_APPLY_QC          15           3   8.33333358E-02       37696       26429       11267       26429       11267       26429       26429       26429       26429
 WACCMX_APPLY_SOURCE_FLAGS          15           3   8.33333358E-02       37696       26429       10690         577           0           0
 WACCMX_APPLY_BLEND          15           3   8.33333358E-02       37696           1   600.000000       720.000000           26408          21           0       26408          21           0
 WACCMX_RECV_QC          20           1   8.33333358E-02      132373       56107      132373       56107   4.3468424683380204E+018   80307605.623413086       -263865683.89317602        264375644.73484910        0.0000000000000000        4.3468424683380204E+018   80307605.623413086       -263865683.89317602        264375644.73484910        0.0000000000000000     
 WACCMX_RECV_SOURCE_FLAGS          20           1   8.33333358E-02      188480      132373       50420        5687           0           0      132373       56107      132373       56107      132373      132373      132373      132373
 WACCMX_APPLY_QC          20           1   8.33333358E-02       37696       26499       11197       26499       11197       26499       26499       26499       26499
 WACCMX_APPLY_SOURCE_FLAGS          20           1   8.33333358E-02       37696       26499       10161        1036           0           0
 WACCMX_APPLY_BLEND          20           1   8.33333358E-02       37696           1   600.000000       720.000000           26470          29           0       26470          29           0
 WACCMX_APPLY_QC          13           4   8.33333358E-02       37696       26292       11404       26292       11404       26292       26292       26292       26292
 WACCMX_APPLY_SOURCE_FLAGS          13           4   8.33333358E-02       37696       26292       10866         538           0           0
 WACCMX_APPLY_BLEND          13           4   8.33333358E-02       37696           1   600.000000       720.000000           26277          15           0       26277          15           0
 WACCMX_APPLY_QC          18           2   8.33333358E-02       37696       26510       11186       26510       11186       26510       26510       26510       26510
 WACCMX_APPLY_SOURCE_FLAGS          18           2   8.33333358E-02       37696       26510       10375         811           0           0
 WACCMX_APPLY_BLEND          18           2   8.33333358E-02       37696           1   600.000000       720.000000           26479          31           0       26479          31           0
 WACCMX online neutral received: taskid,step,packet_hr=          21           1   8.33333358E-02
 WACCMX_APPLY_QC          11           5   8.33333358E-02       37696       26265       11431       26265       11431       26265       26265       26265       26265
 WACCMX_APPLY_SOURCE_FLAGS          11           5   8.33333358E-02       37696       26265       10850         581           0           0
 WACCMX_APPLY_BLEND          11           5   8.33333358E-02       37696           1   600.000000       720.000000           26257           8           0       26257           8           0
 WACCMX_RECV_QC          21           1   8.33333358E-02      132140       56340      132140       56340   4.4119125132763689E+018   81252848.179641724       -329588175.96325034        282969134.90138912        0.0000000000000000        4.4119125132763689E+018   81252848.179641724       -329588175.96325034        282969134.90138912        0.0000000000000000     
 WACCMX_RECV_SOURCE_FLAGS          21           1   8.33333358E-02      188480      132140       49850        6490           0           0      132140       56340      132140       56340      132140      132140      132140      132140
 WACCMX_APPLY_QC          21           1   8.33333358E-02       37696       26463       11233       26463       11233       26463       26463       26463       26463
 WACCMX_APPLY_SOURCE_FLAGS          21           1   8.33333358E-02       37696       26463       10044        1189           0           0
 WACCMX_APPLY_BLEND          21           1   8.33333358E-02       37696           1   600.000000       720.000000           26445          18           0       26445          18           0
 WACCMX_APPLY_QC          16           3   8.33333358E-02       37696       26473       11223       26473       11223       26473       26473       26473       26473
 WACCMX_APPLY_SOURCE_FLAGS          16           3   8.33333358E-02       37696       26473       10581         642           0           0
 WACCMX_APPLY_BLEND          16           3   8.33333358E-02       37696           1   600.000000       720.000000           26452          21           0       26452          21           0
 WACCMX_APPLY_QC          14           4   8.33333358E-02       37696       26354       11342       26354       11342       26354       26354       26354       26354
 WACCMX_APPLY_SOURCE_FLAGS          14           4   8.33333358E-02       37696       26354       10796         546           0           0
 WACCMX_APPLY_BLEND          14           4   8.33333358E-02       37696           1   600.000000       720.000000           26337          17           0       26337          17           0
 WACCMX_APPLY_QC          19           2   8.33333358E-02       37696       26519       11177       26519       11177       26519       26519       26519       26519
 WACCMX_APPLY_SOURCE_FLAGS          19           2   8.33333358E-02       37696       26519       10251         926           0           0
 WACCMX_APPLY_BLEND          19           2   8.33333358E-02       37696           1   600.000000       720.000000           26484          35           0       26484          35           0
 WACCMX_APPLY_QC          12           5   8.33333358E-02       37696       26270       11426       26270       11426       26270       26270       26270       26270
 WACCMX_APPLY_SOURCE_FLAGS          12           5   8.33333358E-02       37696       26270       10885         541           0           0
 WACCMX_APPLY_BLEND          12           5   8.33333358E-02       37696           1   600.000000       720.000000           26256          14           0       26256          14           0
 WACCMX online neutral received: taskid,step,packet_hr=          22           1   8.33333358E-02
 WACCMX_RECV_QC          22           1   8.33333358E-02      131974       56506      131974       56506   4.4997322623013207E+018   82308395.573822021       -414062806.48725671        228576615.65446272        0.0000000000000000        4.4997322623013207E+018   82308395.573822021       -414062806.48725671        228576615.65446272        0.0000000000000000     
 WACCMX_RECV_SOURCE_FLAGS          22           1   8.33333358E-02      188480      131974       49402        7104           0           0      131974       56506      131974       56506      131974      131974      131974      131974
 WACCMX_APPLY_QC          22           1   8.33333358E-02       37696       26409       11287       26409       11287       26409       26409       26409       26409
 WACCMX_APPLY_SOURCE_FLAGS          22           1   8.33333358E-02       37696       26409        9935        1352           0           0
 WACCMX_APPLY_BLEND          22           1   8.33333358E-02       37696           1   600.000000       720.000000           26396          13           0       26396          13           0
 WACCMX_APPLY_QC          17           3   8.33333358E-02       37696       26503       11193       26503       11193       26503       26503       26503       26503
 WACCMX_APPLY_SOURCE_FLAGS          17           3   8.33333358E-02       37696       26503       10469         724           0           0
 WACCMX_APPLY_BLEND          17           3   8.33333358E-02       37696           1   600.000000       720.000000           26477          26           0       26477          26           0
 WACCMX_APPLY_QC          15           4   8.33333358E-02       37696       26457       11239       26457       11239       26457       26457       26457       26457
 WACCMX_APPLY_SOURCE_FLAGS          15           4   8.33333358E-02       37696       26457       10654         585           0           0
 WACCMX_APPLY_BLEND          15           4   8.33333358E-02       37696           1   600.000000       720.000000           26436          21           0       26436          21           0
 WACCMX_APPLY_QC          20           2   8.33333358E-02       37696       26487       11209       26487       11209       26487       26487       26487       26487
 WACCMX_APPLY_SOURCE_FLAGS          20           2   8.33333358E-02       37696       26487       10128        1081           0           0
 WACCMX_APPLY_BLEND          20           2   8.33333358E-02       37696           1   600.000000       720.000000           26464          23           0       26464          23           0
 WACCMX_APPLY_QC          13           5   8.33333358E-02       37696       26301       11395       26301       11395       26301       26301       26301       26301
 WACCMX_APPLY_SOURCE_FLAGS          13           5   8.33333358E-02       37696       26301       10844         551           0           0
 WACCMX_APPLY_BLEND          13           5   8.33333358E-02       37696           1   600.000000       720.000000           26286          15           0       26286          15           0
 WACCMX online neutral received: taskid,step,packet_hr=          23           1   8.33333358E-02
 WACCMX_RECV_QC          23           1   8.33333358E-02      131978       56502      131978       56502   4.5912254101191086E+018   83401798.108673096       -471651795.10759938        189955302.33090174        0.0000000000000000        4.5912254101191086E+018   83401798.108673096       -471651795.10759938        189955302.33090174        0.0000000000000000     
 WACCMX_RECV_SOURCE_FLAGS          23           1   8.33333358E-02      188480      131978       49051        7451           0           0      131978       56502      131978       56502      131978      131978      131978      131978
 WACCMX_APPLY_QC          23           1   8.33333358E-02       37696       26390       11306       26390       11306       26390       26390       26390       26390
 WACCMX_APPLY_SOURCE_FLAGS          23           1   8.33333358E-02       37696       26390        9853        1453           0           0
 WACCMX_APPLY_BLEND          23           1   8.33333358E-02       37696           1   600.000000       720.000000           26381           9           0       26381           9           0
 WACCMX_APPLY_QC          18           3   8.33333358E-02       37696       26518       11178       26518       11178       26518       26518       26518       26518
 WACCMX_APPLY_SOURCE_FLAGS          18           3   8.33333358E-02       37696       26518       10324         854           0           0
 WACCMX_APPLY_BLEND          18           3   8.33333358E-02       37696           1   600.000000       720.000000           26483          35           0       26483          35           0
 WACCMX_APPLY_QC          21           2   8.33333358E-02       37696       26445       11251       26445       11251       26445       26445       26445       26445
 WACCMX_APPLY_SOURCE_FLAGS          21           2   8.33333358E-02       37696       26445        9999        1252           0           0
 WACCMX_APPLY_BLEND          21           2   8.33333358E-02       37696           1   600.000000       720.000000           26428          17           0       26428          17           0
 WACCMX_APPLY_QC          16           4   8.33333358E-02       37696       26480       11216       26480       11216       26480       26480       26480       26480
 WACCMX_APPLY_SOURCE_FLAGS          16           4   8.33333358E-02       37696       26480       10541         675           0           0
 WACCMX_APPLY_BLEND          16           4   8.33333358E-02       37696           1   600.000000       720.000000           26458          22           0       26458          22           0
 WACCMX online neutral received: taskid,step,packet_hr=          24           1   8.33333358E-02
 WACCMX_APPLY_QC          14           5   8.33333358E-02       37696       26389       11307       26389       11307       26389       26389       26389       26389
 WACCMX_APPLY_SOURCE_FLAGS          14           5   8.33333358E-02       37696       26389       10738         569           0           0
 WACCMX_APPLY_BLEND          14           5   8.33333358E-02       37696           1   600.000000       720.000000           26369          20           0       26369          20           0
 WACCMX_RECV_QC          24           1   8.33333358E-02      132105       56375      132105       56375   4.7295715919755960E+018   84344374.102035522       -493534651.95760417        147752671.38918602        0.0000000000000000        4.7295715919755960E+018   84344374.102035522       -493534651.95760417        147752671.38918602        0.0000000000000000     
 WACCMX_RECV_SOURCE_FLAGS          24           1   8.33333358E-02      188480      132105       48775        7600           0           0      132105       56375      132105       56375      132105      132105      132105      132105
 WACCMX_APPLY_QC          24           1   8.33333358E-02       37696       26399       11297       26399       11297       26399       26399       26399       26399
 WACCMX_APPLY_SOURCE_FLAGS          24           1   8.33333358E-02       37696       26399        9790        1507           0           0
 WACCMX_APPLY_BLEND          24           1   8.33333358E-02       37696           1   600.000000       720.000000           26395           4           0       26395           4           0
 WACCMX_APPLY_QC          19           3   8.33333358E-02       37696       26508       11188       26508       11188       26508       26508       26508       26508
 WACCMX_APPLY_SOURCE_FLAGS          19           3   8.33333358E-02       37696       26508       10204         984           0           0
 WACCMX_APPLY_BLEND          19           3   8.33333358E-02       37696           1   600.000000       720.000000           26476          32           0       26476          32           0
 WACCMX_APPLY_QC          22           2   8.33333358E-02       37696       26396       11300       26396       11300       26396       26396       26396       26396
 WACCMX_APPLY_SOURCE_FLAGS          22           2   8.33333358E-02       37696       26396        9909        1391           0           0
 WACCMX_APPLY_BLEND          22           2   8.33333358E-02       37696           1   600.000000       720.000000           26384          12           0       26384          12           0
 WACCMX_APPLY_QC          17           4   8.33333358E-02       37696       26508       11188       26508       11188       26508       26508       26508       26508
 WACCMX_APPLY_SOURCE_FLAGS          17           4   8.33333358E-02       37696       26508       10427         761           0           0
 WACCMX_APPLY_BLEND          17           4   8.33333358E-02       37696           1   600.000000       720.000000           26479          29           0       26479          29           0
 WACCMX online neutral received: taskid,step,packet_hr=          25           1   8.33333358E-02
 WACCMX_RECV_QC          25           1   8.33333358E-02      132176       56304      132176       56304   4.9151762649047777E+018   84791547.430618286       -440789676.70501405        149315888.71112198        0.0000000000000000        4.9151762649047777E+018   84791547.430618286       -440789676.70501405        149315888.71112198        0.0000000000000000     
 WACCMX_RECV_SOURCE_FLAGS          25           1   8.33333358E-02      188480      132176       48581        7723           0           0      132176       56304      132176       56304      132176      132176      132176      132176
 WACCMX_APPLY_QC          25           1   8.33333358E-02       37696       26429       11267       26429       11267       26429       26429       26429       26429
 WACCMX_APPLY_SOURCE_FLAGS          25           1   8.33333358E-02       37696       26429        9740        1527           0           0
 WACCMX_APPLY_BLEND          25           1   8.33333358E-02       37696           1   600.000000       720.000000           26428           1           0       26428           1           0
 WACCMX_APPLY_QC          15           5   8.33333358E-02       37696       26481       11215       26481       11215       26481       26481       26481       26481
 WACCMX_APPLY_SOURCE_FLAGS          15           5   8.33333358E-02       37696       26481       10607         608           0           0
 WACCMX_APPLY_BLEND          15           5   8.33333358E-02       37696           1   600.000000       720.000000           26460          21           0       26460          21           0
 WACCMX_APPLY_QC          20           3   8.33333358E-02       37696       26479       11217       26479       11217       26479       26479       26479       26479
 WACCMX_APPLY_SOURCE_FLAGS          20           3   8.33333358E-02       37696       26479       10088        1129           0           0
 WACCMX_APPLY_BLEND          20           3   8.33333358E-02       37696           1   600.000000       720.000000           26457          22           0       26457          22           0
 WACCMX_APPLY_QC          23           2   8.33333358E-02       37696       26384       11312       26384       11312       26384       26384       26384       26384
 WACCMX_APPLY_SOURCE_FLAGS          23           2   8.33333358E-02       37696       26384        9830        1482           0           0
 WACCMX_APPLY_BLEND          23           2   8.33333358E-02       37696           1   600.000000       720.000000           26377           7           0       26377           7           0
 WACCMX_APPLY_QC          18           4   8.33333358E-02       37696       26519       11177       26519       11177       26519       26519       26519       26519
 WACCMX_APPLY_SOURCE_FLAGS          18           4   8.33333358E-02       37696       26519       10290         887           0           0
 WACCMX_APPLY_BLEND          18           4   8.33333358E-02       37696           1   600.000000       720.000000           26485          34           0       26485          34           0
 WACCMX online neutral received: taskid,step,packet_hr=          26           1   8.33333358E-02
 WACCMX_RECV_QC          26           1   8.33333358E-02      132140       56340      132140       56340   4.9552465491881994E+018   84873212.473068237       -332445193.94456714        180444281.87055388        0.0000000000000000        4.9552465491881994E+018   84873212.473068237       -332445193.94456714        180444281.87055388        0.0000000000000000     
 WACCMX_RECV_SOURCE_FLAGS          26           1   8.33333358E-02      188480      132140       48538        7802           0           0      132140       56340      132140       56340      132140      132140      132140      132140
 WACCMX_APPLY_QC          26           1   8.33333358E-02       37696       26433       11263       26433       11263       26433       26433       26433       26433
 WACCMX_APPLY_SOURCE_FLAGS          26           1   8.33333358E-02       37696       26433        9703        1560           0           0
 WACCMX_APPLY_BLEND          26           1   8.33333358E-02       37696           1   600.000000       720.000000           26433           0           0       26433           0           0
 WACCMX_APPLY_QC          16           5   8.33333358E-02       37696       26496       11200       26496       11200       26496       26496       26496       26496
 WACCMX_APPLY_SOURCE_FLAGS          16           5   8.33333358E-02       37696       26496       10506         694           0           0
 WACCMX_APPLY_BLEND          16           5   8.33333358E-02       37696           1   600.000000       720.000000           26472          24           0       26472          24           0
 WACCMX_APPLY_QC          21           3   8.33333358E-02       37696       26427       11269       26427       11269       26427       26427       26427       26427
 WACCMX_APPLY_SOURCE_FLAGS          21           3   8.33333358E-02       37696       26427        9963        1306           0           0
 WACCMX_APPLY_BLEND          21           3   8.33333358E-02       37696           1   600.000000       720.000000           26413          14           0       26413          14           0
 WACCMX_APPLY_QC          24           2   8.33333358E-02       37696       26413       11283       26413       11283       26413       26413       26413       26413
 WACCMX_APPLY_SOURCE_FLAGS          24           2   8.33333358E-02       37696       26413        9769        1514           0           0
 WACCMX_APPLY_BLEND          24           2   8.33333358E-02       37696           1   600.000000       720.000000           26410           3           0       26410           3           0
 WACCMX_APPLY_QC          19           4   8.33333358E-02       37696       26499       11197       26499       11197       26499       26499       26499       26499
 WACCMX_APPLY_SOURCE_FLAGS          19           4   8.33333358E-02       37696       26499       10161        1036           0           0
 WACCMX_APPLY_BLEND          19           4   8.33333358E-02       37696           1   600.000000       720.000000           26470          29           0       26470          29           0
 WACCMX online neutral received: taskid,step,packet_hr=          27           1   8.33333358E-02
 WACCMX_RECV_QC          27           1   8.33333358E-02      132048       56432      132048       56432   4.8411761234154854E+018   84775752.262420654       -220333197.75084704        173360971.07593742        0.0000000000000000        4.8411761234154854E+018   84775752.262420654       -220333197.75084704        173360971.07593742        0.0000000000000000     
 WACCMX_RECV_SOURCE_FLAGS          27           1   8.33333358E-02      188480      132048       48613        7819           0           0      132048       56432      132048       56432      132048      132048      132048      132048
 WACCMX_APPLY_QC          27           1   8.33333358E-02       37696       26422       11274       26422       11274       26422       26422       26422       26422
 WACCMX_APPLY_SOURCE_FLAGS          27           1   8.33333358E-02       37696       26422        9710        1564           0           0
 WACCMX_APPLY_BLEND          27           1   8.33333358E-02       37696           1   600.000000       720.000000           26422           0           0       26422           0           0
 WACCMX_APPLY_QC          22           3   8.33333358E-02       37696       26395       11301       26395       11301       26395       26395       26395       26395
 WACCMX_APPLY_SOURCE_FLAGS          22           3   8.33333358E-02       37696       26395        9875        1426           0           0
 WACCMX_APPLY_BLEND          22           3   8.33333358E-02       37696           1   600.000000       720.000000           26385          10           0       26385          10           0
 WACCMX_APPLY_QC          17           5   8.33333358E-02       37696       26510       11186       26510       11186       26510       26510       26510       26510
 WACCMX_APPLY_SOURCE_FLAGS          17           5   8.33333358E-02       37696       26510       10375         811           0           0
 WACCMX_APPLY_BLEND          17           5   8.33333358E-02       37696           1   600.000000       720.000000           26479          31           0       26479          31           0
 WACCMX_APPLY_QC          25           2   8.33333358E-02       37696       26438       11258       26438       11258       26438       26438       26438       26438
 WACCMX_APPLY_SOURCE_FLAGS          25           2   8.33333358E-02       37696       26438        9725        1533           0           0
 WACCMX_APPLY_BLEND          25           2   8.33333358E-02       37696           1   600.000000       720.000000           26437           1           0       26437           1           0
 WACCMX_APPLY_QC          20           4   8.33333358E-02       37696       26463       11233       26463       11233       26463       26463       26463       26463
 WACCMX_APPLY_SOURCE_FLAGS          20           4   8.33333358E-02       37696       26463       10044        1189           0           0
 WACCMX_APPLY_BLEND          20           4   8.33333358E-02       37696           1   600.000000       720.000000           26445          18           0       26445          18           0
 WACCMX online neutral received: taskid,step,packet_hr=          28           1   8.33333358E-02
 WACCMX_RECV_QC          28           1   8.33333358E-02      131949       56531      131949       56531   4.7043744028328581E+018   84589762.484405518       -151146663.50522870        127375943.59697190        0.0000000000000000        4.7043744028328581E+018   84589762.484405518       -151146663.50522870        127375943.59697190        0.0000000000000000     
 WACCMX_RECV_SOURCE_FLAGS          28           1   8.33333358E-02      188480      131949       48710        7821           0           0      131949       56531      131949       56531      131949      131949      131949      131949
 WACCMX_APPLY_QC          28           1   8.33333358E-02       37696       26401       11295       26401       11295       26401       26401       26401       26401
 WACCMX_APPLY_SOURCE_FLAGS          28           1   8.33333358E-02       37696       26401        9729        1566           0           0
 WACCMX_APPLY_BLEND          28           1   8.33333358E-02       37696           1   600.000000       720.000000           26401           0           0       26401           0           0
 WACCMX_APPLY_QC          23           3   8.33333358E-02       37696       26392       11304       26392       11304       26392       26392       26392       26392
 WACCMX_APPLY_SOURCE_FLAGS          23           3   8.33333358E-02       37696       26392        9809        1495           0           0
 WACCMX_APPLY_BLEND          23           3   8.33333358E-02       37696           1   600.000000       720.000000           26386           6           0       26386           6           0
 WACCMX_APPLY_QC          18           5   8.33333358E-02       37696       26519       11177       26519       11177       26519       26519       26519       26519
 WACCMX_APPLY_SOURCE_FLAGS          18           5   8.33333358E-02       37696       26519       10251         926           0           0
 WACCMX_APPLY_BLEND          18           5   8.33333358E-02       37696           1   600.000000       720.000000           26484          35           0       26484          35           0
 WACCMX_APPLY_QC          26           2   8.33333358E-02       37696       26436       11260       26436       11260       26436       26436       26436       26436
 WACCMX_APPLY_SOURCE_FLAGS          26           2   8.33333358E-02       37696       26436        9701        1559           0           0
 WACCMX_APPLY_BLEND          26           2   8.33333358E-02       37696           1   600.000000       720.000000           26436           0           0       26436           0           0
 WACCMX_APPLY_QC          21           4   8.33333358E-02       37696       26409       11287       26409       11287       26409       26409       26409       26409
 WACCMX_APPLY_SOURCE_FLAGS          21           4   8.33333358E-02       37696       26409        9935        1352           0           0
 WACCMX_APPLY_BLEND          21           4   8.33333358E-02       37696           1   600.000000       720.000000           26396          13           0       26396          13           0
 WACCMX online neutral received: taskid,step,packet_hr=          29           1   8.33333358E-02
 WACCMX_RECV_QC          29           1   8.33333358E-02      131850       56630      131850       56630   4.6268708519274260E+018   84179266.451934814       -90374950.638907909        118766140.74492091        0.0000000000000000        4.6268708519274260E+018   84179266.451934814       -90374950.638907909        118766140.74492091        0.0000000000000000     
 WACCMX_RECV_SOURCE_FLAGS          29           1   8.33333358E-02      188480      131850       48878        7752           0           0      131850       56630      131850       56630      131850      131850      131850      131850
 WACCMX_APPLY_QC          29           1   8.33333358E-02       37696       26383       11313       26383       11313       26383       26383       26383       26383
 WACCMX_APPLY_SOURCE_FLAGS          29           1   8.33333358E-02       37696       26383        9750        1563           0           0
 WACCMX_APPLY_BLEND          29           1   8.33333358E-02       37696           1   600.000000       720.000000           26383           0           0       26383           0           0
 WACCMX_APPLY_QC          24           3   8.33333358E-02       37696       26426       11270       26426       11270       26426       26426       26426       26426
 WACCMX_APPLY_SOURCE_FLAGS          24           3   8.33333358E-02       37696       26426        9751        1519           0           0
 WACCMX_APPLY_BLEND          24           3   8.33333358E-02       37696           1   600.000000       720.000000           26423           3           0       26423           3           0
 WACCMX_APPLY_QC          19           5   8.33333358E-02       37696       26487       11209       26487       11209       26487       26487       26487       26487
 WACCMX_APPLY_SOURCE_FLAGS          19           5   8.33333358E-02       37696       26487       10128        1081           0           0
 WACCMX_APPLY_BLEND          19           5   8.33333358E-02       37696           1   600.000000       720.000000           26464          23           0       26464          23           0
 WACCMX_APPLY_QC          27           2   8.33333358E-02       37696       26416       11280       26416       11280       26416       26416       26416       26416
 WACCMX_APPLY_SOURCE_FLAGS          27           2   8.33333358E-02       37696       26416        9717        1563           0           0
 WACCMX_APPLY_BLEND          27           2   8.33333358E-02       37696           1   600.000000       720.000000           26416           0           0       26416           0           0
 WACCMX_APPLY_QC          22           4   8.33333358E-02       37696       26390       11306       26390       11306       26390       26390       26390       26390
 WACCMX_APPLY_SOURCE_FLAGS          22           4   8.33333358E-02       37696       26390        9853        1453           0           0
 WACCMX_APPLY_BLEND          22           4   8.33333358E-02       37696           1   600.000000       720.000000           26381           9           0       26381           9           0
 WACCMX online neutral received: taskid,step,packet_hr=          30           1   8.33333358E-02
 WACCMX_RECV_QC          30           1   8.33333358E-02      131698       56782      131698       56782   4.5987490569372815E+018   83387945.124618530       -29370494.648254007        142592125.74388731        0.0000000000000000        4.5987490569372815E+018   83387945.124618530       -29370494.648254007        142592125.74388731        0.0000000000000000     
 WACCMX_RECV_SOURCE_FLAGS          30           1   8.33333358E-02      188480      131698       49198        7584           0           0      131698       56782      131698       56782      131698      131698      131698      131698
 WACCMX_APPLY_QC          30           1   8.33333358E-02       37696       26361       11335       26361       11335       26361       26361       26361       26361
 WACCMX_APPLY_SOURCE_FLAGS          30           1   8.33333358E-02       37696       26361        9783        1552           0           0
 WACCMX_APPLY_BLEND          30           1   8.33333358E-02       37696           1   600.000000       720.000000           26361           0           0       26361           0           0
 WACCMX_APPLY_QC          25           3   8.33333358E-02       37696       26440       11256       26440       11256       26440       26440       26440       26440
 WACCMX_APPLY_SOURCE_FLAGS          25           3   8.33333358E-02       37696       26440        9712        1544           0           0
 WACCMX_APPLY_BLEND          25           3   8.33333358E-02       37696           1   600.000000       720.000000           26439           1           0       26439           1           0
 WACCMX_APPLY_QC          20           5   8.33333358E-02       37696       26445       11251       26445       11251       26445       26445       26445       26445
 WACCMX_APPLY_SOURCE_FLAGS          20           5   8.33333358E-02       37696       26445        9999        1252           0           0
 WACCMX_APPLY_BLEND          20           5   8.33333358E-02       37696           1   600.000000       720.000000           26428          17           0       26428          17           0
 WACCMX_APPLY_QC          28           2   8.33333358E-02       37696       26397       11299       26397       11299       26397       26397       26397       26397
 WACCMX_APPLY_SOURCE_FLAGS          28           2   8.33333358E-02       37696       26397        9730        1569           0           0
 WACCMX_APPLY_BLEND          28           2   8.33333358E-02       37696           1   600.000000       720.000000           26397           0           0       26397           0           0
 WACCMX_APPLY_QC          23           4   8.33333358E-02       37696       26399       11297       26399       11297       26399       26399       26399       26399
 WACCMX_APPLY_SOURCE_FLAGS          23           4   8.33333358E-02       37696       26399        9790        1507           0           0
 WACCMX_APPLY_BLEND          23           4   8.33333358E-02       37696           1   600.000000       720.000000           26395           4           0       26395           4           0
 WACCMX online neutral received: taskid,step,packet_hr=          31           1   8.33333358E-02
 WACCMX_RECV_QC          31           1   8.33333358E-02      131559       56921      131559       56921   4.5897010529828152E+018   82267000.360183716        41754648.038872257        188962733.54435977        0.0000000000000000        4.5897010529828152E+018   82267000.360183716        41754648.038872257        188962733.54435977        0.0000000000000000     
 WACCMX_RECV_SOURCE_FLAGS          31           1   8.33333358E-02      188480      131559       49686        7235           0           0      131559       56921      131559       56921      131559      131559      131559      131559
 WACCMX_APPLY_QC          31           1   8.33333358E-02       37696       26325       11371       26325       11371       26325       26325       26325       26325
 WACCMX_APPLY_SOURCE_FLAGS          31           1   8.33333358E-02       37696       26325        9866        1505           0           0
 WACCMX_APPLY_BLEND          31           1   8.33333358E-02       37696           1   600.000000       720.000000           26325           0           0       26325           0           0
 WACCMX_APPLY_QC          26           3   8.33333358E-02       37696       26433       11263       26433       11263       26433       26433       26433       26433
 WACCMX_APPLY_SOURCE_FLAGS          26           3   8.33333358E-02       37696       26433        9707        1556           0           0
 WACCMX_APPLY_BLEND          26           3   8.33333358E-02       37696           1   600.000000       720.000000           26433           0           0       26433           0           0
 WACCMX_APPLY_QC          21           5   8.33333358E-02       37696       26396       11300       26396       11300       26396       26396       26396       26396
 WACCMX_APPLY_SOURCE_FLAGS          21           5   8.33333358E-02       37696       26396        9909        1391           0           0
 WACCMX_APPLY_BLEND          21           5   8.33333358E-02       37696           1   600.000000       720.000000           26384          12           0       26384          12           0
 WACCMX_APPLY_QC          29           2   8.33333358E-02       37696       26379       11317       26379       11317       26379       26379       26379       26379
 WACCMX_APPLY_SOURCE_FLAGS          29           2   8.33333358E-02       37696       26379        9761        1556           0           0
 WACCMX_APPLY_BLEND          29           2   8.33333358E-02       37696           1   600.000000       720.000000           26379           0           0       26379           0           0
 WACCMX_APPLY_QC          24           4   8.33333358E-02       37696       26429       11267       26429       11267       26429       26429       26429       26429
 WACCMX_APPLY_SOURCE_FLAGS          24           4   8.33333358E-02       37696       26429        9740        1527           0           0
 WACCMX_APPLY_BLEND          24           4   8.33333358E-02       37696           1   600.000000       720.000000           26428           1           0       26428           1           0
 WACCMX online neutral received: taskid,step,packet_hr=          32           1   8.33333358E-02
 WACCMX_RECV_QC          32           1   8.33333358E-02      131362       57118      131362       57118   4.3392569742549140E+018   80806935.395690918        107408254.30387372        249356673.71959451        0.0000000000000000        4.3392569742549140E+018   80806935.395690918        107408254.30387372        249356673.71959451        0.0000000000000000     
 WACCMX_RECV_SOURCE_FLAGS          32           1   8.33333358E-02      188480      131362       50372        6746           0           0      131362       57118      131362       57118      131362      131362      131362      131362
 WACCMX_APPLY_QC          32           1   8.33333358E-02       37696       26307       11389       26307       11389       26307       26307       26307       26307
 WACCMX_APPLY_SOURCE_FLAGS          32           1   8.33333358E-02       37696       26307        9970        1419           0           0
 WACCMX_APPLY_BLEND          32           1   8.33333358E-02       37696           1   600.000000       720.000000           26307           0           0       26307           0           0
 WACCMX_APPLY_QC          27           3   8.33333358E-02       37696       26412       11284       26412       11284       26412       26412       26412       26412
 WACCMX_APPLY_SOURCE_FLAGS          27           3   8.33333358E-02       37696       26412        9727        1557           0           0
 WACCMX_APPLY_BLEND          27           3   8.33333358E-02       37696           1   600.000000       720.000000           26412           0           0       26412           0           0
 WACCMX_APPLY_QC          22           5   8.33333358E-02       37696       26384       11312       26384       11312       26384       26384       26384       26384
 WACCMX_APPLY_SOURCE_FLAGS          22           5   8.33333358E-02       37696       26384        9830        1482           0           0
 WACCMX_APPLY_BLEND          22           5   8.33333358E-02       37696           1   600.000000       720.000000           26377           7           0       26377           7           0
 WACCMX_APPLY_QC          30           2   8.33333358E-02       37696       26353       11343       26353       11343       26353       26353       26353       26353
 WACCMX_APPLY_SOURCE_FLAGS          30           2   8.33333358E-02       37696       26353        9813        1530           0           0
 WACCMX_APPLY_BLEND          30           2   8.33333358E-02       37696           1   600.000000       720.000000           26353           0           0       26353           0           0
 WACCMX_APPLY_QC          25           4   8.33333358E-02       37696       26433       11263       26433       11263       26433       26433       26433       26433
 WACCMX_APPLY_SOURCE_FLAGS          25           4   8.33333358E-02       37696       26433        9703        1560           0           0
 WACCMX_APPLY_BLEND          25           4   8.33333358E-02       37696           1   600.000000       720.000000           26433           0           0       26433           0           0
 WACCMX_APPLY_QC          28           3   8.33333358E-02       37696       26389       11307       26389       11307       26389       26389       26389       26389
 WACCMX_APPLY_SOURCE_FLAGS          28           3   8.33333358E-02       37696       26389        9740        1567           0           0
 WACCMX_APPLY_BLEND          28           3   8.33333358E-02       37696           1   600.000000       720.000000           26389           0           0       26389           0           0
 WACCMX_APPLY_QC          23           5   8.33333358E-02       37696       26413       11283       26413       11283       26413       26413       26413       26413
 WACCMX_APPLY_SOURCE_FLAGS          23           5   8.33333358E-02       37696       26413        9769        1514           0           0
 WACCMX_APPLY_BLEND          23           5   8.33333358E-02       37696           1   600.000000       720.000000           26410           3           0       26410           3           0
 WACCMX_APPLY_QC          26           4   8.33333358E-02       37696       26422       11274       26422       11274       26422       26422       26422       26422
 WACCMX_APPLY_SOURCE_FLAGS          26           4   8.33333358E-02       37696       26422        9710        1564           0           0
 WACCMX_APPLY_BLEND          26           4   8.33333358E-02       37696           1   600.000000       720.000000           26422           0           0       26422           0           0
 WACCMX_APPLY_QC          31           2   8.33333358E-02       37696       26321       11375       26321       11375       26321       26321       26321       26321
 WACCMX_APPLY_SOURCE_FLAGS          31           2   8.33333358E-02       37696       26321        9897        1478           0           0
 WACCMX_APPLY_BLEND          31           2   8.33333358E-02       37696           1   600.000000       720.000000           26321           0           0       26321           0           0
 WACCMX_APPLY_QC          29           3   8.33333358E-02       37696       26374       11322       26374       11322       26374       26374       26374       26374
 WACCMX_APPLY_SOURCE_FLAGS          29           3   8.33333358E-02       37696       26374        9771        1551           0           0
 WACCMX_APPLY_BLEND          29           3   8.33333358E-02       37696           1   600.000000       720.000000           26374           0           0       26374           0           0
 WACCMX_APPLY_QC          24           5   8.33333358E-02       37696       26438       11258       26438       11258       26438       26438       26438       26438
 WACCMX_APPLY_SOURCE_FLAGS          24           5   8.33333358E-02       37696       26438        9725        1533           0           0
 WACCMX_APPLY_BLEND          24           5   8.33333358E-02       37696           1   600.000000       720.000000           26437           1           0       26437           1           0
 WACCMX_APPLY_QC          32           2   8.33333358E-02       37696       26291       11405       26291       11405       26291       26291       26291       26291
 WACCMX_APPLY_SOURCE_FLAGS          32           2   8.33333358E-02       37696       26291       10019        1386           0           0
 WACCMX_APPLY_BLEND          32           2   8.33333358E-02       37696           1   600.000000       720.000000           26291           0           0       26291           0           0
 WACCMX_APPLY_QC          27           4   8.33333358E-02       37696       26401       11295       26401       11295       26401       26401       26401       26401
 WACCMX_APPLY_SOURCE_FLAGS          27           4   8.33333358E-02       37696       26401        9729        1566           0           0
 WACCMX_APPLY_BLEND          27           4   8.33333358E-02       37696           1   600.000000       720.000000           26401           0           0       26401           0           0
 WACCMX_APPLY_QC          30           3   8.33333358E-02       37696       26338       11358       26338       11358       26338       26338       26338       26338
 WACCMX_APPLY_SOURCE_FLAGS          30           3   8.33333358E-02       37696       26338        9839        1519           0           0
 WACCMX_APPLY_BLEND          30           3   8.33333358E-02       37696           1   600.000000       720.000000           26338           0           0       26338           0           0
 WACCMX_APPLY_QC          25           5   8.33333358E-02       37696       26436       11260       26436       11260       26436       26436       26436       26436
 WACCMX_APPLY_SOURCE_FLAGS          25           5   8.33333358E-02       37696       26436        9701        1559           0           0
 WACCMX_APPLY_BLEND          25           5   8.33333358E-02       37696           1   600.000000       720.000000           26436           0           0       26436           0           0
 WACCMX_APPLY_QC          28           4   8.33333358E-02       37696       26383       11313       26383       11313       26383       26383       26383       26383
 WACCMX_APPLY_SOURCE_FLAGS          28           4   8.33333358E-02       37696       26383        9750        1563           0           0
 WACCMX_APPLY_BLEND          28           4   8.33333358E-02       37696           1   600.000000       720.000000           26383           0           0       26383           0           0
 WACCMX_APPLY_QC          26           5   8.33333358E-02       37696       26416       11280       26416       11280       26416       26416       26416       26416
 WACCMX_APPLY_SOURCE_FLAGS          26           5   8.33333358E-02       37696       26416        9717        1563           0           0
 WACCMX_APPLY_BLEND          26           5   8.33333358E-02       37696           1   600.000000       720.000000           26416           0           0       26416           0           0
 WACCMX_APPLY_QC          31           3   8.33333358E-02       37696       26315       11381       26315       11381       26315       26315       26315       26315
 WACCMX_APPLY_SOURCE_FLAGS          31           3   8.33333358E-02       37696       26315        9934        1447           0           0
 WACCMX_APPLY_BLEND          31           3   8.33333358E-02       37696           1   600.000000       720.000000           26315           0           0       26315           0           0
 WACCMX_APPLY_QC          29           4   8.33333358E-02       37696       26361       11335       26361       11335       26361       26361       26361       26361
 WACCMX_APPLY_SOURCE_FLAGS          29           4   8.33333358E-02       37696       26361        9783        1552           0           0
 WACCMX_APPLY_BLEND          29           4   8.33333358E-02       37696           1   600.000000       720.000000           26361           0           0       26361           0           0
 WACCMX_APPLY_QC          32           3   8.33333358E-02       37696       26278       11418       26278       11418       26278       26278       26278       26278
 WACCMX_APPLY_SOURCE_FLAGS          32           3   8.33333358E-02       37696       26278       10076        1342           0           0
 WACCMX_APPLY_BLEND          32           3   8.33333358E-02       37696           1   600.000000       720.000000           26278           0           0       26278           0           0
 WACCMX_APPLY_QC          27           5   8.33333358E-02       37696       26397       11299       26397       11299       26397       26397       26397       26397
 WACCMX_APPLY_SOURCE_FLAGS          27           5   8.33333358E-02       37696       26397        9730        1569           0           0
 WACCMX_APPLY_BLEND          27           5   8.33333358E-02       37696           1   600.000000       720.000000           26397           0           0       26397           0           0
 WACCMX_APPLY_QC          30           4   8.33333358E-02       37696       26325       11371       26325       11371       26325       26325       26325       26325
 WACCMX_APPLY_SOURCE_FLAGS          30           4   8.33333358E-02       37696       26325        9866        1505           0           0
 WACCMX_APPLY_BLEND          30           4   8.33333358E-02       37696           1   600.000000       720.000000           26325           0           0       26325           0           0
 WACCMX_APPLY_QC          28           5   8.33333358E-02       37696       26379       11317       26379       11317       26379       26379       26379       26379
 WACCMX_APPLY_SOURCE_FLAGS          28           5   8.33333358E-02       37696       26379        9761        1556           0           0
 WACCMX_APPLY_BLEND          28           5   8.33333358E-02       37696           1   600.000000       720.000000           26379           0           0       26379           0           0
 WACCMX_APPLY_QC          31           4   8.33333358E-02       37696       26307       11389       26307       11389       26307       26307       26307       26307
 WACCMX_APPLY_SOURCE_FLAGS          31           4   8.33333358E-02       37696       26307        9970        1419           0           0
 WACCMX_APPLY_BLEND          31           4   8.33333358E-02       37696           1   600.000000       720.000000           26307           0           0       26307           0           0
 WACCMX_APPLY_QC          29           5   8.33333358E-02       37696       26353       11343       26353       11343       26353       26353       26353       26353
 WACCMX_APPLY_SOURCE_FLAGS          29           5   8.33333358E-02       37696       26353        9813        1530           0           0
 WACCMX_APPLY_BLEND          29           5   8.33333358E-02       37696           1   600.000000       720.000000           26353           0           0       26353           0           0
 WACCMX_APPLY_QC          32           4   8.33333358E-02       37696       26252       11444       26252       11444       26252       26252       26252       26252
 WACCMX_APPLY_SOURCE_FLAGS          32           4   8.33333358E-02       37696       26252       10134        1310           0           0
 WACCMX_APPLY_BLEND          32           4   8.33333358E-02       37696           1   600.000000       720.000000           26252           0           0       26252           0           0
 WACCMX_APPLY_QC          30           5   8.33333358E-02       37696       26321       11375       26321       11375       26321       26321       26321       26321
 WACCMX_APPLY_SOURCE_FLAGS          30           5   8.33333358E-02       37696       26321        9897        1478           0           0
 WACCMX_APPLY_BLEND          30           5   8.33333358E-02       37696           1   600.000000       720.000000           26321           0           0       26321           0           0
 WACCMX_APPLY_QC          31           5   8.33333358E-02       37696       26291       11405       26291       11405       26291       26291       26291       26291
 WACCMX_APPLY_SOURCE_FLAGS          31           5   8.33333358E-02       37696       26291       10019        1386           0           0
 WACCMX_APPLY_BLEND          31           5   8.33333358E-02       37696           1   600.000000       720.000000           26291           0           0       26291           0           0
 WACCMX_APPLY_QC          32           5   8.33333358E-02       37696       26234       11462       26234       11462       26234       26234       26234       26234
 WACCMX_APPLY_SOURCE_FLAGS          32           5   8.33333358E-02       37696       26234       10173        1289           0           0
 WACCMX_APPLY_BLEND          32           5   8.33333358E-02       37696           1   600.000000       720.000000           26234           0           0       26234           0           0
 istep =            1  ntm =            2
  hr =    8.33333358E-02  dt =    7.50039592E-02
 calling potpphi   2.95102930       7.50039592E-02
           1   5.38174296E-03
 WACCMX_PHI_RECV           2           6  0.166666672      0.166666672      0.250000000      -38.2232933       32.1930008    
 hrutw2 =   0.166666672      0.250000000    
   69.0845184    
 WACCMX online neutral received: taskid,step,packet_hr=           1           2  0.166666672    
 WACCMX_RECV_QC           1           2  0.166666672          130940       57540      130940       57540   4.3586354761712568E+018   78546450.337249756        125434444.75097957        270321757.73952091        0.0000000000000000        4.3586354761712568E+018   78546450.337249756        125434444.75097957        270321757.73952091        0.0000000000000000     
 WACCMX_RECV_SOURCE_FLAGS           1           2  0.166666672          188480      130940       51242        6298           0           0      130940       57540      130940       57540      130940      130940      130940      130940
 WACCMX_APPLY_QC           1           1  0.166666672           37696       26246       11450       26246       11450       26246       26246       26246       26246
 WACCMX_APPLY_SOURCE_FLAGS           1           1  0.166666672           37696       26246       10155        1295           0           0
 WACCMX_APPLY_BLEND           1           1  0.166666672           37696           1   600.000000       720.000000           26246           0           0       26246           0           0
 d =    15813970.0       1.57996298E+10   3.45412690E+10   4.53079398E+09   95142064.0       2.27387835E-12   1746635.75       8069284.00       1.69093444E-26
 WACCMX online neutral received: taskid,step,packet_hr=           2           2  0.166666672    
 WACCMX_RECV_QC           2           2  0.166666672          130669       57811      130669       57811   4.5374005074022866E+018   76891371.731948853        103990141.86079329        258522650.12285703        0.0000000000000000        4.5374005074022866E+018   76891371.731948853        103990141.86079329        258522650.12285703        0.0000000000000000     
 WACCMX_RECV_SOURCE_FLAGS           2           2  0.166666672          188480      130669       51735        6076           0           0      130669       57811      130669       57811      130669      130669      130669      130669
 WACCMX_APPLY_QC           2           1  0.166666672           37696       26155       11541       26155       11541       26155       26155       26155       26155
 WACCMX_APPLY_SOURCE_FLAGS           2           1  0.166666672           37696       26155       10305        1236           0           0
 WACCMX_APPLY_BLEND           2           1  0.166666672           37696           1   600.000000       720.000000           26155           0           0       26155           0           0
 WACCMX online neutral received: taskid,step,packet_hr=           3           2  0.166666672    
 WACCMX_RECV_QC           3           2  0.166666672          130521       57959      130521       57959   4.4917184862597391E+018   76044456.343353271        35704053.435109183        154473567.54640990        0.0000000000000000        4.4917184862597391E+018   76044456.343353271        35704053.435109183        154473567.54640990        0.0000000000000000     
 WACCMX_RECV_SOURCE_FLAGS           3           2  0.166666672          188480      130521       51888        6071           0           0      130521       57959      130521       57959      130521      130521      130521      130521
 WACCMX_APPLY_QC           3           1  0.166666672           37696       26126       11570       26126       11570       26126       26126       26126       26126
 WACCMX_APPLY_SOURCE_FLAGS           3           1  0.166666672           37696       26126       10369        1201           0           0
 WACCMX_APPLY_BLEND           3           1  0.166666672           37696           1   600.000000       720.000000           26126           0           0       26126           0           0
 WACCMX_APPLY_QC           1           2  0.166666672           37696       26222       11474       26222       11474       26222       26222       26222       26222
 WACCMX_APPLY_SOURCE_FLAGS           1           2  0.166666672           37696       26222       10201        1273           0           0
 WACCMX_APPLY_BLEND           1           2  0.166666672           37696           1   600.000000       720.000000           26222           0           0       26222           0           0
 WACCMX online neutral received: taskid,step,packet_hr=           4           2  0.166666672    
 WACCMX_RECV_QC           4           2  0.166666672          130395       58085      130395       58085   4.3641239300628813E+018   75621490.342338562       -19049252.280167080        26398798.045204550        0.0000000000000000        4.3641239300628813E+018   75621490.342338562       -19049252.280167080        26398798.045204550        0.0000000000000000     
 WACCMX_RECV_SOURCE_FLAGS           4           2  0.166666672          188480      130395       52040        6045           0           0      130395       58085      130395       58085      130395      130395      130395      130395
 WACCMX_APPLY_QC           4           1  0.166666672           37696       26097       11599       26097       11599       26097       26097       26097       26097
 WACCMX_APPLY_SOURCE_FLAGS           4           1  0.166666672           37696       26097       10383        1216           0           0
 WACCMX_APPLY_BLEND           4           1  0.166666672           37696           1   600.000000       720.000000           26097           0           0       26097           0           0
 WACCMX_APPLY_QC           2           2  0.166666672           37696       26142       11554       26142       11554       26142       26142       26142       26142
 WACCMX_APPLY_SOURCE_FLAGS           2           2  0.166666672           37696       26142       10330        1224           0           0
 WACCMX_APPLY_BLEND           2           2  0.166666672           37696           1   600.000000       720.000000           26142           0           0       26142           0           0
 WACCMX online neutral received: taskid,step,packet_hr=           5           2  0.166666672    
 WACCMX_RECV_QC           5           2  0.166666672          130482       57998      130482       57998   4.3223960848455235E+018   75491895.202995300       -50150236.570739605       -46922045.161693484        0.0000000000000000        4.3223960848455235E+018   75491895.202995300       -50150236.570739605       -46922045.161693484        0.0000000000000000     
 WACCMX_RECV_SOURCE_FLAGS           5           2  0.166666672          188480      130482       52196        5802           0           0      130482       57998      130482       57998      130482      130482      130482      130482
 WACCMX_APPLY_QC           5           1  0.166666672           37696       26071       11625       26071       11625       26071       26071       26071       26071
 WACCMX_APPLY_SOURCE_FLAGS           5           1  0.166666672           37696       26071       10424        1201           0           0
 WACCMX_APPLY_BLEND           5           1  0.166666672           37696           1   600.000000       720.000000           26071           0           0       26071           0           0
 WACCMX_APPLY_QC           3           2  0.166666672           37696       26114       11582       26114       11582       26114       26114       26114       26114
 WACCMX_APPLY_SOURCE_FLAGS           3           2  0.166666672           37696       26114       10374        1208           0           0
 WACCMX_APPLY_BLEND           3           2  0.166666672           37696           1   600.000000       720.000000           26114           0           0       26114           0           0
 WACCMX_APPLY_QC           1           3  0.166666672           37696       26175       11521       26175       11521       26175       26175       26175       26175
 WACCMX_APPLY_SOURCE_FLAGS           1           3  0.166666672           37696       26175       10251        1270           0           0
 WACCMX_APPLY_BLEND           1           3  0.166666672           37696           1   600.000000       720.000000           26175           0           0       26175           0           0
 WACCMX online neutral received: taskid,step,packet_hr=           6           2  0.166666672    
 WACCMX_RECV_QC           6           2  0.166666672          130703       57777      130703       57777   4.2841710548706007E+018   75355959.979385376       -50630225.523311548       -111201702.82763650        0.0000000000000000        4.2841710548706007E+018   75355959.979385376       -50630225.523311548       -111201702.82763650        0.0000000000000000     
 WACCMX_RECV_SOURCE_FLAGS           6           2  0.166666672          188480      130703       52361        5416           0           0      130703       57777      130703       57777      130703      130703      130703      130703
 WACCMX_APPLY_QC           6           1  0.166666672           37696       26119       11577       26119       11577       26119       26119       26119       26119
 WACCMX_APPLY_SOURCE_FLAGS           6           1  0.166666672           37696       26119       10445        1132           0           0
 WACCMX_APPLY_BLEND           6           1  0.166666672           37696           1   600.000000       720.000000           26119           0           0       26119           0           0
 WACCMX_APPLY_QC           4           2  0.166666672           37696       26078       11618       26078       11618       26078       26078       26078       26078
 WACCMX_APPLY_SOURCE_FLAGS           4           2  0.166666672           37696       26078       10389        1229           0           0
 WACCMX_APPLY_BLEND           4           2  0.166666672           37696           1   600.000000       720.000000           26078           0           0       26078           0           0
 WACCMX online neutral received: taskid,step,packet_hr=           7           2  0.166666672    
 WACCMX_APPLY_QC           2           3  0.166666672           37696       26132       11564       26132       11564       26132       26132       26132       26132
 WACCMX_APPLY_SOURCE_FLAGS           2           3  0.166666672           37696       26132       10357        1207           0           0
 WACCMX_APPLY_BLEND           2           3  0.166666672           37696           1   600.000000       720.000000           26132           0           0       26132           0           0
 WACCMX_RECV_QC           7           2  0.166666672          130921       57559      130921       57559   4.0913344116994458E+018   75051464.311172485       -39856403.806782365       -155936911.34370816        0.0000000000000000        4.0913344116994458E+018   75051464.311172485       -39856403.806782365       -155936911.34370816        0.0000000000000000     
 WACCMX_RECV_SOURCE_FLAGS           7           2  0.166666672          188480      130921       52688        4871           0           0      130921       57559      130921       57559      130921      130921      130921      130921
 WACCMX_APPLY_QC           7           1  0.166666672           37696       26152       11544       26152       11544       26152       26152       26152       26152
 WACCMX_APPLY_SOURCE_FLAGS           7           1  0.166666672           37696       26152       10483        1061           0           0
 WACCMX_APPLY_BLEND           7           1  0.166666672           37696           1   600.000000       720.000000           26152           0           0       26152           0           0
 WACCMX_APPLY_QC           5           2  0.166666672           37696       26072       11624       26072       11624       26072       26072       26072       26072
 WACCMX_APPLY_SOURCE_FLAGS           5           2  0.166666672           37696       26072       10433        1191           0           0
 WACCMX_APPLY_BLEND           5           2  0.166666672           37696           1   600.000000       720.000000           26072           0           0       26072           0           0
 WACCMX online neutral received: taskid,step,packet_hr=           8           2  0.166666672    
 WACCMX_RECV_QC           8           2  0.166666672          131133       57347      131133       57347   3.8811504500481295E+018   74768397.635650635       -29290896.892610490       -112667487.24861795        0.0000000000000000        3.8811504500481295E+018   74768397.635650635       -29290896.892610490       -112667487.24861795        0.0000000000000000     
 WACCMX_RECV_SOURCE_FLAGS           8           2  0.166666672          188480      131133       53058        4289           0           0      131133       57347      131133       57347      131133      131133      131133      131133
 WACCMX_APPLY_QC           8           1  0.166666672           37696       26196       11500       26196       11500       26196       26196       26196       26196
 WACCMX_APPLY_SOURCE_FLAGS           8           1  0.166666672           37696       26196       10563         937           0           0
 WACCMX_APPLY_BLEND           8           1  0.166666672           37696           1   600.000000       720.000000           26195           1           0       26195           1           0
 WACCMX_APPLY_QC           3           3  0.166666672           37696       26106       11590       26106       11590       26106       26106       26106       26106
 WACCMX_APPLY_SOURCE_FLAGS           3           3  0.166666672           37696       26106       10373        1217           0           0
 WACCMX_APPLY_BLEND           3           3  0.166666672           37696           1   600.000000       720.000000           26106           0           0       26106           0           0
 WACCMX_APPLY_QC           1           4  0.166666672           37696       26155       11541       26155       11541       26155       26155       26155       26155
 WACCMX_APPLY_SOURCE_FLAGS           1           4  0.166666672           37696       26155       10305        1236           0           0
 WACCMX_APPLY_BLEND           1           4  0.166666672           37696           1   600.000000       720.000000           26155           0           0       26155           0           0
 WACCMX_APPLY_QC           6           2  0.166666672           37696       26124       11572       26124       11572       26124       26124       26124       26124
 WACCMX_APPLY_SOURCE_FLAGS           6           2  0.166666672           37696       26124       10454        1118           0           0
 WACCMX_APPLY_BLEND           6           2  0.166666672           37696           1   600.000000       720.000000           26124           0           0       26124           0           0
 WACCMX_APPLY_QC           4           3  0.166666672           37696       26077       11619       26077       11619       26077       26077       26077       26077
 WACCMX_APPLY_SOURCE_FLAGS           4           3  0.166666672           37696       26077       10411        1208           0           0
 WACCMX_APPLY_BLEND           4           3  0.166666672           37696           1   600.000000       720.000000           26077           0           0       26077           0           0
 WACCMX online neutral received: taskid,step,packet_hr=           9           2  0.166666672    
 WACCMX_RECV_QC           9           2  0.166666672          131276       57204      131276       57204   3.7704501115118828E+018   74463007.415435791       -17712241.491316516       -18080346.374265600        0.0000000000000000        3.7704501115118828E+018   74463007.415435791       -17712241.491316516       -18080346.374265600        0.0000000000000000     
 WACCMX_RECV_SOURCE_FLAGS           9           2  0.166666672          188480      131276       53382        3822           0           0      131276       57204      131276       57204      131276      131276      131276      131276
 WACCMX_APPLY_QC           9           1  0.166666672           37696       26242       11454       26242       11454       26242       26242       26242       26242
 WACCMX_APPLY_SOURCE_FLAGS           9           1  0.166666672           37696       26242       10639         815           0           0
 WACCMX_APPLY_BLEND           9           1  0.166666672           37696           1   600.000000       720.000000           26238           4           0       26238           4           0
 WACCMX_APPLY_QC           7           2  0.166666672           37696       26173       11523       26173       11523       26173       26173       26173       26173
 WACCMX_APPLY_SOURCE_FLAGS           7           2  0.166666672           37696       26173       10514        1009           0           0
 WACCMX_APPLY_BLEND           7           2  0.166666672           37696           1   600.000000       720.000000           26173           0           0       26173           0           0
 WACCMX_APPLY_QC           2           4  0.166666672           37696       26126       11570       26126       11570       26126       26126       26126       26126
 WACCMX_APPLY_SOURCE_FLAGS           2           4  0.166666672           37696       26126       10369        1201           0           0
 WACCMX_APPLY_BLEND           2           4  0.166666672           37696           1   600.000000       720.000000           26126           0           0       26126           0           0
 WACCMX_APPLY_QC           5           3  0.166666672           37696       26096       11600       26096       11600       26096       26096       26096       26096
 WACCMX_APPLY_SOURCE_FLAGS           5           3  0.166666672           37696       26096       10440        1160           0           0
 WACCMX_APPLY_BLEND           5           3  0.166666672           37696           1   600.000000       720.000000           26096           0           0       26096           0           0
 WACCMX online neutral received: taskid,step,packet_hr=          10           2  0.166666672    
 WACCMX_RECV_QC          10           2  0.166666672          131361       57119      131361       57119   3.7916994168820690E+018   74050869.585891724       -23932234.225787394        42989308.222394779        0.0000000000000000        3.7916994168820690E+018   74050869.585891724       -23932234.225787394        42989308.222394779        0.0000000000000000     
 WACCMX_RECV_SOURCE_FLAGS          10           2  0.166666672          188480      131361       53631        3488           0           0      131361       57119      131361       57119      131361      131361      131361      131361
 WACCMX_APPLY_QC          10           1  0.166666672           37696       26259       11437       26259       11437       26259       26259       26259       26259
 WACCMX_APPLY_SOURCE_FLAGS          10           1  0.166666672           37696       26259       10693         744           0           0
 WACCMX_APPLY_BLEND          10           1  0.166666672           37696           1   600.000000       720.000000           26252           7           0       26252           7           0
 WACCMX_APPLY_QC           8           2  0.166666672           37696       26211       11485       26211       11485       26211       26211       26211       26211
 WACCMX_APPLY_SOURCE_FLAGS           8           2  0.166666672           37696       26211       10590         895           0           0
 WACCMX_APPLY_BLEND           8           2  0.166666672           37696           1   600.000000       720.000000           26210           1           0       26210           1           0
 WACCMX_APPLY_QC           3           4  0.166666672           37696       26097       11599       26097       11599       26097       26097       26097       26097
 WACCMX_APPLY_SOURCE_FLAGS           3           4  0.166666672           37696       26097       10383        1216           0           0
 WACCMX_APPLY_BLEND           3           4  0.166666672           37696           1   600.000000       720.000000           26097           0           0       26097           0           0
 WACCMX_APPLY_QC           1           5  0.166666672           37696       26142       11554       26142       11554       26142       26142       26142       26142
 WACCMX_APPLY_SOURCE_FLAGS           1           5  0.166666672           37696       26142       10330        1224           0           0
 WACCMX_APPLY_BLEND           1           5  0.166666672           37696           1   600.000000       720.000000           26142           0           0       26142           0           0
 WACCMX_APPLY_QC           6           3  0.166666672           37696       26135       11561       26135       11561       26135       26135       26135       26135
 WACCMX_APPLY_SOURCE_FLAGS           6           3  0.166666672           37696       26135       10465        1096           0           0
 WACCMX_APPLY_BLEND           6           3  0.166666672           37696           1   600.000000       720.000000           26135           0           0       26135           0           0
 WACCMX online neutral received: taskid,step,packet_hr=          11           2  0.166666672    
 WACCMX_RECV_QC          11           2  0.166666672          131385       57095      131385       57095   4.0041682627548708E+018   73387613.720123291       -22306326.893791221        27622861.710456640        0.0000000000000000        4.0041682627548708E+018   73387613.720123291       -22306326.893791221        27622861.710456640        0.0000000000000000     
 WACCMX_RECV_SOURCE_FLAGS          11           2  0.166666672          188480      131385       53970        3125           0           0      131385       57095      131385       57095      131385      131385      131385      131385
 WACCMX_APPLY_QC          11           1  0.166666672           37696       26282       11414       26282       11414       26282       26282       26282       26282
 WACCMX_APPLY_SOURCE_FLAGS          11           1  0.166666672           37696       26282       10738         676           0           0
 WACCMX_APPLY_BLEND          11           1  0.166666672           37696           1   600.000000       720.000000           26274           8           0       26274           8           0
 WACCMX_APPLY_QC           4           4  0.166666672           37696       26071       11625       26071       11625       26071       26071       26071       26071
 WACCMX_APPLY_SOURCE_FLAGS           4           4  0.166666672           37696       26071       10424        1201           0           0
 WACCMX_APPLY_BLEND           4           4  0.166666672           37696           1   600.000000       720.000000           26071           0           0       26071           0           0
 WACCMX_APPLY_QC           9           2  0.166666672           37696       26255       11441       26255       11441       26255       26255       26255       26255
 WACCMX_APPLY_SOURCE_FLAGS           9           2  0.166666672           37696       26255       10658         783           0           0
 WACCMX_APPLY_BLEND           9           2  0.166666672           37696           1   600.000000       720.000000           26250           5           0       26250           5           0
 WACCMX_APPLY_QC           7           3  0.166666672           37696       26189       11507       26189       11507       26189       26189       26189       26189
 WACCMX_APPLY_SOURCE_FLAGS           7           3  0.166666672           37696       26189       10538         969           0           0
 WACCMX_APPLY_BLEND           7           3  0.166666672           37696           1   600.000000       720.000000           26189           0           0       26189           0           0
 WACCMX_APPLY_QC           2           5  0.166666672           37696       26114       11582       26114       11582       26114       26114       26114       26114
 WACCMX_APPLY_SOURCE_FLAGS           2           5  0.166666672           37696       26114       10374        1208           0           0
 WACCMX_APPLY_BLEND           2           5  0.166666672           37696           1   600.000000       720.000000           26114           0           0       26114           0           0
 WACCMX online neutral received: taskid,step,packet_hr=          12           2  0.166666672    
 WACCMX_RECV_QC          12           2  0.166666672          131369       57111      131369       57111   4.2702177891422397E+018   72687697.200378418        30536826.795852803       -64345794.869464323        0.0000000000000000        4.2702177891422397E+018   72687697.200378418        30536826.795852803       -64345794.869464323        0.0000000000000000     
 WACCMX_RECV_SOURCE_FLAGS          12           2  0.166666672          188480      131369       54337        2774           0           0      131369       57111      131369       57111      131369      131369      131369      131369
 WACCMX_APPLY_QC          12           1  0.166666672           37696       26274       11422       26274       11422       26274       26274       26274       26274
 WACCMX_APPLY_SOURCE_FLAGS          12           1  0.166666672           37696       26274       10827         595           0           0
 WACCMX_APPLY_BLEND          12           1  0.166666672           37696           1   600.000000       720.000000           26267           7           0       26267           7           0
 WACCMX_APPLY_QC           5           4  0.166666672           37696       26119       11577       26119       11577       26119       26119       26119       26119
 WACCMX_APPLY_SOURCE_FLAGS           5           4  0.166666672           37696       26119       10445        1132           0           0
 WACCMX_APPLY_BLEND           5           4  0.166666672           37696           1   600.000000       720.000000           26119           0           0       26119           0           0
 WACCMX_APPLY_QC          10           2  0.166666672           37696       26265       11431       26265       11431       26265       26265       26265       26265
 WACCMX_APPLY_SOURCE_FLAGS          10           2  0.166666672           37696       26265       10713         718           0           0
 WACCMX_APPLY_BLEND          10           2  0.166666672           37696           1   600.000000       720.000000           26257           8           0       26257           8           0
 WACCMX_APPLY_QC           8           3  0.166666672           37696       26229       11467       26229       11467       26229       26229       26229       26229
 WACCMX_APPLY_SOURCE_FLAGS           8           3  0.166666672           37696       26229       10608         859           0           0
 WACCMX_APPLY_BLEND           8           3  0.166666672           37696           1   600.000000       720.000000           26226           3           0       26226           3           0
 WACCMX_APPLY_QC           3           5  0.166666672           37696       26078       11618       26078       11618       26078       26078       26078       26078
 WACCMX_APPLY_SOURCE_FLAGS           3           5  0.166666672           37696       26078       10389        1229           0           0
 WACCMX_APPLY_BLEND           3           5  0.166666672           37696           1   600.000000       720.000000           26078           0           0       26078           0           0
 WACCMX online neutral received: taskid,step,packet_hr=          13           2  0.166666672    
 WACCMX_RECV_QC          13           2  0.166666672          131425       57055      131425       57055   4.3289197630509445E+018   72586611.376708984        84052084.499327362       -106429193.56842066        0.0000000000000000        4.3289197630509445E+018   72586611.376708984        84052084.499327362       -106429193.56842066        0.0000000000000000     
 WACCMX_RECV_SOURCE_FLAGS          13           2  0.166666672          188480      131425       54371        2684           0           0      131425       57055      131425       57055      131425      131425      131425      131425
 WACCMX_APPLY_QC          13           1  0.166666672           37696       26275       11421       26275       11421       26275       26275       26275       26275
 WACCMX_APPLY_SOURCE_FLAGS          13           1  0.166666672           37696       26275       10891         530           0           0
 WACCMX_APPLY_BLEND          13           1  0.166666672           37696           1   600.000000       720.000000           26260          15           0       26260          15           0
 WACCMX_APPLY_QC           6           4  0.166666672           37696       26152       11544       26152       11544       26152       26152       26152       26152
 WACCMX_APPLY_SOURCE_FLAGS           6           4  0.166666672           37696       26152       10483        1061           0           0
 WACCMX_APPLY_BLEND           6           4  0.166666672           37696           1   600.000000       720.000000           26152           0           0       26152           0           0
 WACCMX_APPLY_QC          11           2  0.166666672           37696       26284       11412       26284       11412       26284       26284       26284       26284
 WACCMX_APPLY_SOURCE_FLAGS          11           2  0.166666672           37696       26284       10759         653           0           0
 WACCMX_APPLY_BLEND          11           2  0.166666672           37696           1   600.000000       720.000000           26275           9           0       26275           9           0
 WACCMX_APPLY_QC           4           5  0.166666672           37696       26072       11624       26072       11624       26072       26072       26072       26072
 WACCMX_APPLY_SOURCE_FLAGS           4           5  0.166666672           37696       26072       10433        1191           0           0
 WACCMX_APPLY_BLEND           4           5  0.166666672           37696           1   600.000000       720.000000           26072           0           0       26072           0           0
 WACCMX_APPLY_QC           9           3  0.166666672           37696       26255       11441       26255       11441       26255       26255       26255       26255
 WACCMX_APPLY_SOURCE_FLAGS           9           3  0.166666672           37696       26255       10679         762           0           0
 WACCMX_APPLY_BLEND           9           3  0.166666672           37696           1   600.000000       720.000000           26249           6           0       26249           6           0
 WACCMX online neutral received: taskid,step,packet_hr=          14           2  0.166666672    
 WACCMX_RECV_QC          14           2  0.166666672          131699       56781      131699       56781   4.2630923618735227E+018   73457195.342376709        80923188.052350074       -46300926.937230714        0.0000000000000000        4.2630923618735227E+018   73457195.342376709        80923188.052350074       -46300926.937230714        0.0000000000000000     
 WACCMX_RECV_SOURCE_FLAGS          14           2  0.166666672          188480      131699       54055        2726           0           0      131699       56781      131699       56781      131699      131699      131699      131699
 WACCMX_APPLY_QC          14           1  0.166666672           37696       26295       11401       26295       11401       26295       26295       26295       26295
 WACCMX_APPLY_SOURCE_FLAGS          14           1  0.166666672           37696       26295       10868         533           0           0
 WACCMX_APPLY_BLEND          14           1  0.166666672           37696           1   600.000000       720.000000           26281          14           0       26281          14           0
 WACCMX_APPLY_QC           7           4  0.166666672           37696       26196       11500       26196       11500       26196       26196       26196       26196
 WACCMX_APPLY_SOURCE_FLAGS           7           4  0.166666672           37696       26196       10563         937           0           0
 WACCMX_APPLY_BLEND           7           4  0.166666672           37696           1   600.000000       720.000000           26195           1           0       26195           1           0
 WACCMX_APPLY_QC          12           2  0.166666672           37696       26268       11428       26268       11428       26268       26268       26268       26268
 WACCMX_APPLY_SOURCE_FLAGS          12           2  0.166666672           37696       26268       10853         575           0           0
 WACCMX_APPLY_BLEND          12           2  0.166666672           37696           1   600.000000       720.000000           26261           7           0       26261           7           0
 WACCMX_APPLY_QC           5           5  0.166666672           37696       26124       11572       26124       11572       26124       26124       26124       26124
 WACCMX_APPLY_SOURCE_FLAGS           5           5  0.166666672           37696       26124       10454        1118           0           0
 WACCMX_APPLY_BLEND           5           5  0.166666672           37696           1   600.000000       720.000000           26124           0           0       26124           0           0
 WACCMX_APPLY_QC          10           3  0.166666672           37696       26271       11425       26271       11425       26271       26271       26271       26271
 WACCMX_APPLY_SOURCE_FLAGS          10           3  0.166666672           37696       26271       10728         697           0           0
 WACCMX_APPLY_BLEND          10           3  0.166666672           37696           1   600.000000       720.000000           26264           7           0       26264           7           0
 WACCMX online neutral received: taskid,step,packet_hr=          15           2  0.166666672    
 WACCMX_RECV_QC          15           2  0.166666672          132155       56325      132155       56325   4.2597865278257526E+018   74950521.806716919       -5507881.3172299042        6451206.0617730059        0.0000000000000000        4.2597865278257526E+018   74950521.806716919       -5507881.3172299042        6451206.0617730059        0.0000000000000000     
 WACCMX_RECV_SOURCE_FLAGS          15           2  0.166666672          188480      132155       53425        2900           0           0      132155       56325      132155       56325      132155      132155      132155      132155
 WACCMX_APPLY_QC          15           1  0.166666672           37696       26371       11325       26371       11325       26371       26371       26371       26371
 WACCMX_APPLY_SOURCE_FLAGS          15           1  0.166666672           37696       26371       10786         539           0           0
 WACCMX_APPLY_BLEND          15           1  0.166666672           37696           1   600.000000       720.000000           26355          16           0       26355          16           0
 WACCMX_APPLY_QC           8           4  0.166666672           37696       26242       11454       26242       11454       26242       26242       26242       26242
 WACCMX_APPLY_SOURCE_FLAGS           8           4  0.166666672           37696       26242       10639         815           0           0
 WACCMX_APPLY_BLEND           8           4  0.166666672           37696           1   600.000000       720.000000           26238           4           0       26238           4           0
 WACCMX_APPLY_QC          13           2  0.166666672           37696       26275       11421       26275       11421       26275       26275       26275       26275
 WACCMX_APPLY_SOURCE_FLAGS          13           2  0.166666672           37696       26275       10889         532           0           0
 WACCMX_APPLY_BLEND          13           2  0.166666672           37696           1   600.000000       720.000000           26261          14           0       26261          14           0
 WACCMX_APPLY_QC           6           5  0.166666672           37696       26173       11523       26173       11523       26173       26173       26173       26173
 WACCMX_APPLY_SOURCE_FLAGS           6           5  0.166666672           37696       26173       10514        1009           0           0
 WACCMX_APPLY_BLEND           6           5  0.166666672           37696           1   600.000000       720.000000           26173           0           0       26173           0           0
 WACCMX_APPLY_QC          11           3  0.166666672           37696       26277       11419       26277       11419       26277       26277       26277       26277
 WACCMX_APPLY_SOURCE_FLAGS          11           3  0.166666672           37696       26277       10793         626           0           0
 WACCMX_APPLY_BLEND          11           3  0.166666672           37696           1   600.000000       720.000000           26269           8           0       26269           8           0
 WACCMX online neutral received: taskid,step,packet_hr=          16           2  0.166666672    
 WACCMX_RECV_QC          16           2  0.166666672          132408       56072      132408       56072   4.2484358683116769E+018   76198300.098159790       -110382657.20373355        41862746.058486208        0.0000000000000000        4.2484358683116769E+018   76198300.098159790       -110382657.20373355        41862746.058486208        0.0000000000000000     
 WACCMX_RECV_SOURCE_FLAGS          16           2  0.166666672          188480      132408       52846        3226           0           0      132408       56072      132408       56072      132408      132408      132408      132408
 WACCMX_APPLY_QC          16           1  0.166666672           37696       26467       11229       26467       11229       26467       26467       26467       26467
 WACCMX_APPLY_SOURCE_FLAGS          16           1  0.166666672           37696       26467       10640         589           0           0
 WACCMX_APPLY_BLEND          16           1  0.166666672           37696           1   600.000000       720.000000           26446          21           0       26446          21           0
 WACCMX_APPLY_QC           9           4  0.166666672           37696       26259       11437       26259       11437       26259       26259       26259       26259
 WACCMX_APPLY_SOURCE_FLAGS           9           4  0.166666672           37696       26259       10693         744           0           0
 WACCMX_APPLY_BLEND           9           4  0.166666672           37696           1   600.000000       720.000000           26252           7           0       26252           7           0
 WACCMX_APPLY_QC          14           2  0.166666672           37696       26304       11392       26304       11392       26304       26304       26304       26304
 WACCMX_APPLY_SOURCE_FLAGS          14           2  0.166666672           37696       26304       10845         547           0           0
 WACCMX_APPLY_BLEND          14           2  0.166666672           37696           1   600.000000       720.000000           26291          13           0       26291          13           0
 WACCMX_APPLY_QC           7           5  0.166666672           37696       26211       11485       26211       11485       26211       26211       26211       26211
 WACCMX_APPLY_SOURCE_FLAGS           7           5  0.166666672           37696       26211       10590         895           0           0
 WACCMX_APPLY_BLEND           7           5  0.166666672           37696           1   600.000000       720.000000           26210           1           0       26210           1           0
 WACCMX_APPLY_QC          12           3  0.166666672           37696       26277       11419       26277       11419       26277       26277       26277       26277
 WACCMX_APPLY_SOURCE_FLAGS          12           3  0.166666672           37696       26277       10877         542           0           0
 WACCMX_APPLY_BLEND          12           3  0.166666672           37696           1   600.000000       720.000000           26265          12           0       26265          12           0
 WACCMX online neutral received: taskid,step,packet_hr=          17           2  0.166666672    
 WACCMX_RECV_QC          17           2  0.166666672          132492       55988      132492       55988   4.2807780364119404E+018   77145782.004287720       -194934571.78965709        65012849.828883782        0.0000000000000000        4.2807780364119404E+018   77145782.004287720       -194934571.78965709        65012849.828883782        0.0000000000000000     
 WACCMX_RECV_SOURCE_FLAGS          17           2  0.166666672          188480      132492       52291        3697           0           0      132492       55988      132492       55988      132492      132492      132492      132492
 WACCMX_APPLY_QC          17           1  0.166666672           37696       26486       11210       26486       11210       26486       26486       26486       26486
 WACCMX_APPLY_SOURCE_FLAGS          17           1  0.166666672           37696       26486       10536         674           0           0
 WACCMX_APPLY_BLEND          17           1  0.166666672           37696           1   600.000000       720.000000           26465          21           0       26465          21           0
 WACCMX_APPLY_QC          10           4  0.166666672           37696       26282       11414       26282       11414       26282       26282       26282       26282
 WACCMX_APPLY_SOURCE_FLAGS          10           4  0.166666672           37696       26282       10738         676           0           0
 WACCMX_APPLY_BLEND          10           4  0.166666672           37696           1   600.000000       720.000000           26274           8           0       26274           8           0
 WACCMX_APPLY_QC          15           2  0.166666672           37696       26399       11297       26399       11297       26399       26399       26399       26399
 WACCMX_APPLY_SOURCE_FLAGS          15           2  0.166666672           37696       26399       10730         567           0           0
 WACCMX_APPLY_BLEND          15           2  0.166666672           37696           1   600.000000       720.000000           26379          20           0       26379          20           0
 WACCMX_APPLY_QC           8           5  0.166666672           37696       26255       11441       26255       11441       26255       26255       26255       26255
 WACCMX_APPLY_SOURCE_FLAGS           8           5  0.166666672           37696       26255       10658         783           0           0
 WACCMX_APPLY_BLEND           8           5  0.166666672           37696           1   600.000000       720.000000           26250           5           0       26250           5           0
 WACCMX_APPLY_QC          13           3  0.166666672           37696       26276       11420       26276       11420       26276       26276       26276       26276
 WACCMX_APPLY_SOURCE_FLAGS          13           3  0.166666672           37696       26276       10878         542           0           0
 WACCMX_APPLY_BLEND          13           3  0.166666672           37696           1   600.000000       720.000000           26262          14           0       26262          14           0
 WACCMX online neutral received: taskid,step,packet_hr=          18           2  0.166666672    
 WACCMX_RECV_QC          18           2  0.166666672          132553       55927      132553       55927   4.3775727070112604E+018   78176213.537597656       -265368430.13232303        98158132.482411534        0.0000000000000000        4.3775727070112604E+018   78176213.537597656       -265368430.13232303        98158132.482411534        0.0000000000000000     
 WACCMX_RECV_SOURCE_FLAGS          18           2  0.166666672          188480      132553       51635        4292           0           0      132553       55927      132553       55927      132553      132553      132553      132553
 WACCMX_APPLY_QC          18           1  0.166666672           37696       26502       11194       26502       11194       26502       26502       26502       26502
 WACCMX_APPLY_SOURCE_FLAGS          18           1  0.166666672           37696       26502       10420         774           0           0
 WACCMX_APPLY_BLEND          18           1  0.166666672           37696           1   600.000000       720.000000           26475          27           0       26475          27           0
 WACCMX_APPLY_QC          11           4  0.166666672           37696       26274       11422       26274       11422       26274       26274       26274       26274
 WACCMX_APPLY_SOURCE_FLAGS          11           4  0.166666672           37696       26274       10827         595           0           0
 WACCMX_APPLY_BLEND          11           4  0.166666672           37696           1   600.000000       720.000000           26267           7           0       26267           7           0
 WACCMX_APPLY_QC          16           2  0.166666672           37696       26483       11213       26483       11213       26483       26483       26483       26483
 WACCMX_APPLY_SOURCE_FLAGS          16           2  0.166666672           37696       26483       10598         615           0           0
 WACCMX_APPLY_BLEND          16           2  0.166666672           37696           1   600.000000       720.000000           26464          19           0       26464          19           0
 WACCMX_APPLY_QC           9           5  0.166666672           37696       26265       11431       26265       11431       26265       26265       26265       26265
 WACCMX_APPLY_SOURCE_FLAGS           9           5  0.166666672           37696       26265       10713         718           0           0
 WACCMX_APPLY_BLEND           9           5  0.166666672           37696           1   600.000000       720.000000           26257           8           0       26257           8           0
 WACCMX online neutral received: taskid,step,packet_hr=          19           2  0.166666672    
 WACCMX_APPLY_QC          14           3  0.166666672           37696       26330       11366       26330       11366       26330       26330       26330       26330
 WACCMX_APPLY_SOURCE_FLAGS          14           3  0.166666672           37696       26330       10826         540           0           0
 WACCMX_APPLY_BLEND          14           3  0.166666672           37696           1   600.000000       720.000000           26316          14           0       26316          14           0
 WACCMX_RECV_QC          19           2  0.166666672          132502       55978      132502       55978   4.3667433366305516E+018   79271907.206390381       -276939043.81007266        171811562.35462683        0.0000000000000000        4.3667433366305516E+018   79271907.206390381       -276939043.81007266        171811562.35462683        0.0000000000000000     
 WACCMX_RECV_SOURCE_FLAGS          19           2  0.166666672          188480      132502       51018        4960           0           0      132502       55978      132502       55978      132502      132502      132502      132502
 WACCMX_APPLY_QC          19           1  0.166666672           37696       26516       11180       26516       11180       26516       26516       26516       26516
 WACCMX_APPLY_SOURCE_FLAGS          19           1  0.166666672           37696       26516       10283         897           0           0
 WACCMX_APPLY_BLEND          19           1  0.166666672           37696           1   600.000000       720.000000           26483          33           0       26483          33           0
 WACCMX_APPLY_QC          12           4  0.166666672           37696       26275       11421       26275       11421       26275       26275       26275       26275
 WACCMX_APPLY_SOURCE_FLAGS          12           4  0.166666672           37696       26275       10891         530           0           0
 WACCMX_APPLY_BLEND          12           4  0.166666672           37696           1   600.000000       720.000000           26260          15           0       26260          15           0
 WACCMX_APPLY_QC          17           2  0.166666672           37696       26494       11202       26494       11202       26494       26494       26494       26494
 WACCMX_APPLY_SOURCE_FLAGS          17           2  0.166666672           37696       26494       10503         699           0           0
 WACCMX_APPLY_BLEND          17           2  0.166666672           37696           1   600.000000       720.000000           26470          24           0       26470          24           0
 WACCMX_APPLY_QC          10           5  0.166666672           37696       26284       11412       26284       11412       26284       26284       26284       26284
 WACCMX_APPLY_SOURCE_FLAGS          10           5  0.166666672           37696       26284       10759         653           0           0
 WACCMX_APPLY_BLEND          10           5  0.166666672           37696           1   600.000000       720.000000           26275           9           0       26275           9           0
 WACCMX_APPLY_QC          15           3  0.166666672           37696       26435       11261       26435       11261       26435       26435       26435       26435
 WACCMX_APPLY_SOURCE_FLAGS          15           3  0.166666672           37696       26435       10671         590           0           0
 WACCMX_APPLY_BLEND          15           3  0.166666672           37696           1   600.000000       720.000000           26415          20           0       26415          20           0
 WACCMX online neutral received: taskid,step,packet_hr=          20           2  0.166666672    
 WACCMX_RECV_QC          20           2  0.166666672          132335       56145      132335       56145   4.3509661256433178E+018   80289290.977691650       -269543037.25042492        264007974.37660941        0.0000000000000000        4.3509661256433178E+018   80289290.977691650       -269543037.25042492        264007974.37660941        0.0000000000000000     
 WACCMX_RECV_SOURCE_FLAGS          20           2  0.166666672          188480      132335       50405        5740           0           0      132335       56145      132335       56145      132335      132335      132335      132335
 WACCMX_APPLY_QC          20           1  0.166666672           37696       26492       11204       26492       11204       26492       26492       26492       26492
 WACCMX_APPLY_SOURCE_FLAGS          20           1  0.166666672           37696       26492       10159        1045           0           0
 WACCMX_APPLY_BLEND          20           1  0.166666672           37696           1   600.000000       720.000000           26468          24           0       26468          24           0
 WACCMX_APPLY_QC          13           4  0.166666672           37696       26295       11401       26295       11401       26295       26295       26295       26295
 WACCMX_APPLY_SOURCE_FLAGS          13           4  0.166666672           37696       26295       10868         533           0           0
 WACCMX_APPLY_BLEND          13           4  0.166666672           37696           1   600.000000       720.000000           26281          14           0       26281          14           0
 WACCMX_APPLY_QC          18           2  0.166666672           37696       26508       11188       26508       11188       26508       26508       26508       26508
 WACCMX_APPLY_SOURCE_FLAGS          18           2  0.166666672           37696       26508       10368         820           0           0
 WACCMX_APPLY_BLEND          18           2  0.166666672           37696           1   600.000000       720.000000           26480          28           0       26480          28           0
 WACCMX_APPLY_QC          16           3  0.166666672           37696       26478       11218       26478       11218       26478       26478       26478       26478
 WACCMX_APPLY_SOURCE_FLAGS          16           3  0.166666672           37696       26478       10569         649           0           0
 WACCMX_APPLY_BLEND          16           3  0.166666672           37696           1   600.000000       720.000000           26457          21           0       26457          21           0
 WACCMX online neutral received: taskid,step,packet_hr=          21           2  0.166666672    
 WACCMX_APPLY_QC          11           5  0.166666672           37696       26268       11428       26268       11428       26268       26268       26268       26268
 WACCMX_APPLY_SOURCE_FLAGS          11           5  0.166666672           37696       26268       10853         575           0           0
 WACCMX_APPLY_BLEND          11           5  0.166666672           37696           1   600.000000       720.000000           26261           7           0       26261           7           0
 WACCMX_RECV_QC          21           2  0.166666672          132094       56386      132094       56386   4.4158661350894321E+018   81218739.150222778       -330198501.88891113        283370079.66697210        0.0000000000000000        4.4158661350894321E+018   81218739.150222778       -330198501.88891113        283370079.66697210        0.0000000000000000     
 WACCMX_RECV_SOURCE_FLAGS          21           2  0.166666672          188480      132094       49851        6535           0           0      132094       56386      132094       56386      132094      132094      132094      132094
 WACCMX_APPLY_QC          21           1  0.166666672           37696       26455       11241       26455       11241       26455       26455       26455       26455
 WACCMX_APPLY_SOURCE_FLAGS          21           1  0.166666672           37696       26455       10045        1196           0           0
 WACCMX_APPLY_BLEND          21           1  0.166666672           37696           1   600.000000       720.000000           26439          16           0       26439          16           0
 WACCMX_APPLY_QC          14           4  0.166666672           37696       26371       11325       26371       11325       26371       26371       26371       26371
 WACCMX_APPLY_SOURCE_FLAGS          14           4  0.166666672           37696       26371       10786         539           0           0
 WACCMX_APPLY_BLEND          14           4  0.166666672           37696           1   600.000000       720.000000           26355          16           0       26355          16           0
 WACCMX_APPLY_QC          19           2  0.166666672           37696       26513       11183       26513       11183       26513       26513       26513       26513
 WACCMX_APPLY_SOURCE_FLAGS          19           2  0.166666672           37696       26513       10248         935           0           0
 WACCMX_APPLY_BLEND          19           2  0.166666672           37696           1   600.000000       720.000000           26481          32           0       26481          32           0
 WACCMX_APPLY_QC          12           5  0.166666672           37696       26275       11421       26275       11421       26275       26275       26275       26275
 WACCMX_APPLY_SOURCE_FLAGS          12           5  0.166666672           37696       26275       10889         532           0           0
 WACCMX_APPLY_BLEND          12           5  0.166666672           37696           1   600.000000       720.000000           26261          14           0       26261          14           0
 WACCMX online neutral received: taskid,step,packet_hr=          22           2  0.166666672    
 WACCMX_RECV_QC          22           2  0.166666672          131935       56545      131935       56545   4.5051584716126372E+018   82279023.281631470       -407386972.06501818        228672818.30054617        0.0000000000000000        4.5051584716126372E+018   82279023.281631470       -407386972.06501818        228672818.30054617        0.0000000000000000     
 WACCMX_RECV_SOURCE_FLAGS          22           2  0.166666672          188480      131935       49409        7136           0           0      131935       56545      131935       56545      131935      131935      131935      131935
 WACCMX_APPLY_QC          22           1  0.166666672           37696       26400       11296       26400       11296       26400       26400       26400       26400
 WACCMX_APPLY_SOURCE_FLAGS          22           1  0.166666672           37696       26400        9941        1355           0           0
 WACCMX_APPLY_BLEND          22           1  0.166666672           37696           1   600.000000       720.000000           26390          10           0       26390          10           0
 WACCMX_APPLY_QC          17           3  0.166666672           37696       26502       11194       26502       11194       26502       26502       26502       26502
 WACCMX_APPLY_SOURCE_FLAGS          17           3  0.166666672           37696       26502       10464         730           0           0
 WACCMX_APPLY_BLEND          17           3  0.166666672           37696           1   600.000000       720.000000           26477          25           0       26477          25           0
 WACCMX_APPLY_QC          15           4  0.166666672           37696       26467       11229       26467       11229       26467       26467       26467       26467
 WACCMX_APPLY_SOURCE_FLAGS          15           4  0.166666672           37696       26467       10640         589           0           0
 WACCMX_APPLY_BLEND          15           4  0.166666672           37696           1   600.000000       720.000000           26446          21           0       26446          21           0
 WACCMX_APPLY_QC          20           2  0.166666672           37696       26483       11213       26483       11213       26483       26483       26483       26483
 WACCMX_APPLY_SOURCE_FLAGS          20           2  0.166666672           37696       26483       10126        1087           0           0
 WACCMX_APPLY_BLEND          20           2  0.166666672           37696           1   600.000000       720.000000           26461          22           0       26461          22           0
 WACCMX_APPLY_QC          13           5  0.166666672           37696       26304       11392       26304       11392       26304       26304       26304       26304
 WACCMX_APPLY_SOURCE_FLAGS          13           5  0.166666672           37696       26304       10845         547           0           0
 WACCMX_APPLY_BLEND          13           5  0.166666672           37696           1   600.000000       720.000000           26291          13           0       26291          13           0
 WACCMX online neutral received: taskid,step,packet_hr=          23           2  0.166666672    
 WACCMX_RECV_QC          23           2  0.166666672          131953       56527      131953       56527   4.5970502729171789E+018   83377263.852172852       -457384919.22589087        188657117.68887603        0.0000000000000000        4.5970502729171789E+018   83377263.852172852       -457384919.22589087        188657117.68887603        0.0000000000000000     
 WACCMX_RECV_SOURCE_FLAGS          23           2  0.166666672          188480      131953       49061        7466           0           0      131953       56527      131953       56527      131953      131953      131953      131953
 WACCMX_APPLY_QC          23           1  0.166666672           37696       26383       11313       26383       11313       26383       26383       26383       26383
 WACCMX_APPLY_SOURCE_FLAGS          23           1  0.166666672           37696       26383        9851        1462           0           0
 WACCMX_APPLY_BLEND          23           1  0.166666672           37696           1   600.000000       720.000000           26379           4           0       26379           4           0
 WACCMX_APPLY_QC          18           3  0.166666672           37696       26514       11182       26514       11182       26514       26514       26514       26514
 WACCMX_APPLY_SOURCE_FLAGS          18           3  0.166666672           37696       26514       10316         866           0           0
 WACCMX_APPLY_BLEND          18           3  0.166666672           37696           1   600.000000       720.000000           26482          32           0       26482          32           0
 WACCMX_APPLY_QC          16           4  0.166666672           37696       26486       11210       26486       11210       26486       26486       26486       26486
 WACCMX_APPLY_SOURCE_FLAGS          16           4  0.166666672           37696       26486       10536         674           0           0
 WACCMX_APPLY_BLEND          16           4  0.166666672           37696           1   600.000000       720.000000           26465          21           0       26465          21           0
 WACCMX_APPLY_QC          21           2  0.166666672           37696       26434       11262       26434       11262       26434       26434       26434       26434
 WACCMX_APPLY_SOURCE_FLAGS          21           2  0.166666672           37696       26434        9990        1272           0           0
 WACCMX_APPLY_BLEND          21           2  0.166666672           37696           1   600.000000       720.000000           26420          14           0       26420          14           0
 WACCMX online neutral received: taskid,step,packet_hr=          24           2  0.166666672    
 WACCMX_RECV_QC          24           2  0.166666672          132092       56388      132092       56388   4.7344495992658698E+018   84303876.939193726       -473158873.52736235        146205272.20281738        0.0000000000000000        4.7344495992658698E+018   84303876.939193726       -473158873.52736235        146205272.20281738        0.0000000000000000     
 WACCMX_RECV_SOURCE_FLAGS          24           2  0.166666672          188480      132092       48797        7591           0           0      132092       56388      132092       56388      132092      132092      132092      132092
 WACCMX_APPLY_QC          24           1  0.166666672           37696       26396       11300       26396       11300       26396       26396       26396       26396
 WACCMX_APPLY_SOURCE_FLAGS          24           1  0.166666672           37696       26396        9795        1505           0           0
 WACCMX_APPLY_BLEND          24           1  0.166666672           37696           1   600.000000       720.000000           26394           2           0       26394           2           0
 WACCMX_APPLY_QC          14           5  0.166666672           37696       26399       11297       26399       11297       26399       26399       26399       26399
 WACCMX_APPLY_SOURCE_FLAGS          14           5  0.166666672           37696       26399       10730         567           0           0
 WACCMX_APPLY_BLEND          14           5  0.166666672           37696           1   600.000000       720.000000           26379          20           0       26379          20           0
 WACCMX_APPLY_QC          19           3  0.166666672           37696       26498       11198       26498       11198       26498       26498       26498       26498
 WACCMX_APPLY_SOURCE_FLAGS          19           3  0.166666672           37696       26498       10202         996           0           0
 WACCMX_APPLY_BLEND          19           3  0.166666672           37696           1   600.000000       720.000000           26468          30           0       26468          30           0
 WACCMX_APPLY_QC          22           2  0.166666672           37696       26385       11311       26385       11311       26385       26385       26385       26385
 WACCMX_APPLY_SOURCE_FLAGS          22           2  0.166666672           37696       26385        9911        1400           0           0
 WACCMX_APPLY_BLEND          22           2  0.166666672           37696           1   600.000000       720.000000           26377           8           0       26377           8           0
 WACCMX_APPLY_QC          17           4  0.166666672           37696       26502       11194       26502       11194       26502       26502       26502       26502
 WACCMX_APPLY_SOURCE_FLAGS          17           4  0.166666672           37696       26502       10420         774           0           0
 WACCMX_APPLY_BLEND          17           4  0.166666672           37696           1   600.000000       720.000000           26475          27           0       26475          27           0
 WACCMX online neutral received: taskid,step,packet_hr=          25           2  0.166666672    
 WACCMX_RECV_QC          25           2  0.166666672          132162       56318      132162       56318   4.9169521185024584E+018   84711900.643280029       -417502016.43174112        147714190.23014230        0.0000000000000000        4.9169521185024584E+018   84711900.643280029       -417502016.43174112        147714190.23014230        0.0000000000000000     
 WACCMX_RECV_SOURCE_FLAGS          25           2  0.166666672          188480      132162       48620        7698           0           0      132162       56318      132162       56318      132162      132162      132162      132162
 WACCMX_APPLY_QC          25           1  0.166666672           37696       26426       11270       26426       11270       26426       26426       26426       26426
 WACCMX_APPLY_SOURCE_FLAGS          25           1  0.166666672           37696       26426        9743        1527           0           0
 WACCMX_APPLY_BLEND          25           1  0.166666672           37696           1   600.000000       720.000000           26425           1           0       26425           1           0
 WACCMX_APPLY_QC          15           5  0.166666672           37696       26483       11213       26483       11213       26483       26483       26483       26483
 WACCMX_APPLY_SOURCE_FLAGS          15           5  0.166666672           37696       26483       10598         615           0           0
 WACCMX_APPLY_BLEND          15           5  0.166666672           37696           1   600.000000       720.000000           26464          19           0       26464          19           0
 WACCMX_APPLY_QC          20           3  0.166666672           37696       26471       11225       26471       11225       26471       26471       26471       26471
 WACCMX_APPLY_SOURCE_FLAGS          20           3  0.166666672           37696       26471       10085        1140           0           0
 WACCMX_APPLY_BLEND          20           3  0.166666672           37696           1   600.000000       720.000000           26451          20           0       26451          20           0
 WACCMX_APPLY_QC          23           2  0.166666672           37696       26379       11317       26379       11317       26379       26379       26379       26379
 WACCMX_APPLY_SOURCE_FLAGS          23           2  0.166666672           37696       26379        9829        1488           0           0
 WACCMX_APPLY_BLEND          23           2  0.166666672           37696           1   600.000000       720.000000           26376           3           0       26376           3           0
 WACCMX_APPLY_QC          18           4  0.166666672           37696       26516       11180       26516       11180       26516       26516       26516       26516
 WACCMX_APPLY_SOURCE_FLAGS          18           4  0.166666672           37696       26516       10283         897           0           0
 WACCMX_APPLY_BLEND          18           4  0.166666672           37696           1   600.000000       720.000000           26483          33           0       26483          33           0
 WACCMX online neutral received: taskid,step,packet_hr=          26           2  0.166666672    
 WACCMX_RECV_QC          26           2  0.166666672          132122       56358      132122       56358   4.9561413395095060E+018   84752860.448898315       -307884775.21725416        177527687.01367399        0.0000000000000000        4.9561413395095060E+018   84752860.448898315       -307884775.21725416        177527687.01367399        0.0000000000000000     
 WACCMX_RECV_SOURCE_FLAGS          26           2  0.166666672          188480      132122       48590        7768           0           0      132122       56358      132122       56358      132122      132122      132122      132122
 WACCMX_APPLY_QC          26           1  0.166666672           37696       26430       11266       26430       11266       26430       26430       26430       26430
 WACCMX_APPLY_SOURCE_FLAGS          26           1  0.166666672           37696       26430        9715        1551           0           0
 WACCMX_APPLY_BLEND          26           1  0.166666672           37696           1   600.000000       720.000000           26430           0           0       26430           0           0
 WACCMX_APPLY_QC          16           5  0.166666672           37696       26494       11202       26494       11202       26494       26494       26494       26494
 WACCMX_APPLY_SOURCE_FLAGS          16           5  0.166666672           37696       26494       10503         699           0           0
 WACCMX_APPLY_BLEND          16           5  0.166666672           37696           1   600.000000       720.000000           26470          24           0       26470          24           0
 WACCMX_APPLY_QC          21           3  0.166666672           37696       26420       11276       26420       11276       26420       26420       26420       26420
 WACCMX_APPLY_SOURCE_FLAGS          21           3  0.166666672           37696       26420        9964        1312           0           0
 WACCMX_APPLY_BLEND          21           3  0.166666672           37696           1   600.000000       720.000000           26408          12           0       26408          12           0
 WACCMX_APPLY_QC          24           2  0.166666672           37696       26412       11284       26412       11284       26412       26412       26412       26412
 WACCMX_APPLY_SOURCE_FLAGS          24           2  0.166666672           37696       26412        9773        1511           0           0
 WACCMX_APPLY_BLEND          24           2  0.166666672           37696           1   600.000000       720.000000           26410           2           0       26410           2           0
 WACCMX_APPLY_QC          19           4  0.166666672           37696       26492       11204       26492       11204       26492       26492       26492       26492
 WACCMX_APPLY_SOURCE_FLAGS          19           4  0.166666672           37696       26492       10159        1045           0           0
 WACCMX_APPLY_BLEND          19           4  0.166666672           37696           1   600.000000       720.000000           26468          24           0       26468          24           0
 WACCMX online neutral received: taskid,step,packet_hr=          27           2  0.166666672    
 WACCMX_RECV_QC          27           2  0.166666672          132036       56444      132036       56444   4.8434149782628342E+018   84643206.852371216       -195707003.62114590        170101783.48066497        0.0000000000000000        4.8434149782628342E+018   84643206.852371216       -195707003.62114590        170101783.48066497        0.0000000000000000     
 WACCMX_RECV_SOURCE_FLAGS          27           2  0.166666672          188480      132036       48671        7773           0           0      132036       56444      132036       56444      132036      132036      132036      132036
 WACCMX_APPLY_QC          27           1  0.166666672           37696       26420       11276       26420       11276       26420       26420       26420       26420
 WACCMX_APPLY_SOURCE_FLAGS          27           1  0.166666672           37696       26420        9721        1555           0           0
 WACCMX_APPLY_BLEND          27           1  0.166666672           37696           1   600.000000       720.000000           26420           0           0       26420           0           0
 WACCMX_APPLY_QC          22           3  0.166666672           37696       26388       11308       26388       11308       26388       26388       26388       26388
 WACCMX_APPLY_SOURCE_FLAGS          22           3  0.166666672           37696       26388        9877        1431           0           0
 WACCMX_APPLY_BLEND          22           3  0.166666672           37696           1   600.000000       720.000000           26382           6           0       26382           6           0
 WACCMX_APPLY_QC          17           5  0.166666672           37696       26508       11188       26508       11188       26508       26508       26508       26508
 WACCMX_APPLY_SOURCE_FLAGS          17           5  0.166666672           37696       26508       10368         820           0           0
 WACCMX_APPLY_BLEND          17           5  0.166666672           37696           1   600.000000       720.000000           26480          28           0       26480          28           0
 WACCMX_APPLY_QC          25           2  0.166666672           37696       26435       11261       26435       11261       26435       26435       26435       26435
 WACCMX_APPLY_SOURCE_FLAGS          25           2  0.166666672           37696       26435        9731        1530           0           0
 WACCMX_APPLY_BLEND          25           2  0.166666672           37696           1   600.000000       720.000000           26434           1           0       26434           1           0
 WACCMX_APPLY_QC          20           4  0.166666672           37696       26455       11241       26455       11241       26455       26455       26455       26455
 WACCMX_APPLY_SOURCE_FLAGS          20           4  0.166666672           37696       26455       10045        1196           0           0
 WACCMX_APPLY_BLEND          20           4  0.166666672           37696           1   600.000000       720.000000           26439          16           0       26439          16           0
 WACCMX online neutral received: taskid,step,packet_hr=          28           2  0.166666672    
 WACCMX_RECV_QC          28           2  0.166666672          131931       56549      131931       56549   4.7067818117301033E+018   84435635.361557007       -127501412.10705782        124461427.76150726        0.0000000000000000        4.7067818117301033E+018   84435635.361557007       -127501412.10705782        124461427.76150726        0.0000000000000000     
 WACCMX_RECV_SOURCE_FLAGS          28           2  0.166666672          188480      131931       48801        7748           0           0      131931       56549      131931       56549      131931      131931      131931      131931
 WACCMX_APPLY_QC          28           1  0.166666672           37696       26401       11295       26401       11295       26401       26401       26401       26401
 WACCMX_APPLY_SOURCE_FLAGS          28           1  0.166666672           37696       26401        9741        1554           0           0
 WACCMX_APPLY_BLEND          28           1  0.166666672           37696           1   600.000000       720.000000           26401           0           0       26401           0           0
 WACCMX_APPLY_QC          23           3  0.166666672           37696       26383       11313       26383       11313       26383       26383       26383       26383
 WACCMX_APPLY_SOURCE_FLAGS          23           3  0.166666672           37696       26383        9813        1500           0           0
 WACCMX_APPLY_BLEND          23           3  0.166666672           37696           1   600.000000       720.000000           26380           3           0       26380           3           0
 WACCMX_APPLY_QC          18           5  0.166666672           37696       26513       11183       26513       11183       26513       26513       26513       26513
 WACCMX_APPLY_SOURCE_FLAGS          18           5  0.166666672           37696       26513       10248         935           0           0
 WACCMX_APPLY_BLEND          18           5  0.166666672           37696           1   600.000000       720.000000           26481          32           0       26481          32           0
 WACCMX_APPLY_QC          26           2  0.166666672           37696       26435       11261       26435       11261       26435       26435       26435       26435
 WACCMX_APPLY_SOURCE_FLAGS          26           2  0.166666672           37696       26435        9713        1548           0           0
 WACCMX_APPLY_BLEND          26           2  0.166666672           37696           1   600.000000       720.000000           26435           0           0       26435           0           0
 WACCMX_APPLY_QC          21           4  0.166666672           37696       26400       11296       26400       11296       26400       26400       26400       26400
 WACCMX_APPLY_SOURCE_FLAGS          21           4  0.166666672           37696       26400        9941        1355           0           0
 WACCMX_APPLY_BLEND          21           4  0.166666672           37696           1   600.000000       720.000000           26390          10           0       26390          10           0
 WACCMX online neutral received: taskid,step,packet_hr=          29           2  0.166666672    
 WACCMX_RECV_QC          29           2  0.166666672          131820       56660      131820       56660   4.6261515955542620E+018   83992974.745864868       -69136499.964916095        116442608.66768491        0.0000000000000000        4.6261515955542620E+018   83992974.745864868       -69136499.964916095        116442608.66768491        0.0000000000000000     
 WACCMX_RECV_SOURCE_FLAGS          29           2  0.166666672          188480      131820       48984        7676           0           0      131820       56660      131820       56660      131820      131820      131820      131820
 WACCMX_APPLY_QC          29           1  0.166666672           37696       26378       11318       26378       11318       26378       26378       26378       26378
 WACCMX_APPLY_SOURCE_FLAGS          29           1  0.166666672           37696       26378        9771        1547           0           0
 WACCMX_APPLY_BLEND          29           1  0.166666672           37696           1   600.000000       720.000000           26378           0           0       26378           0           0
 WACCMX_APPLY_QC          24           3  0.166666672           37696       26423       11273       26423       11273       26423       26423       26423       26423
 WACCMX_APPLY_SOURCE_FLAGS          24           3  0.166666672           37696       26423        9755        1518           0           0
 WACCMX_APPLY_BLEND          24           3  0.166666672           37696           1   600.000000       720.000000           26422           1           0       26422           1           0
 WACCMX_APPLY_QC          19           5  0.166666672           37696       26483       11213       26483       11213       26483       26483       26483       26483
 WACCMX_APPLY_SOURCE_FLAGS          19           5  0.166666672           37696       26483       10126        1087           0           0
 WACCMX_APPLY_BLEND          19           5  0.166666672           37696           1   600.000000       720.000000           26461          22           0       26461          22           0
 WACCMX_APPLY_QC          27           2  0.166666672           37696       26412       11284       26412       11284       26412       26412       26412       26412
 WACCMX_APPLY_SOURCE_FLAGS          27           2  0.166666672           37696       26412        9726        1558           0           0
 WACCMX_APPLY_BLEND          27           2  0.166666672           37696           1   600.000000       720.000000           26412           0           0       26412           0           0
 WACCMX_APPLY_QC          22           4  0.166666672           37696       26383       11313       26383       11313       26383       26383       26383       26383
 WACCMX_APPLY_SOURCE_FLAGS          22           4  0.166666672           37696       26383        9851        1462           0           0
 WACCMX_APPLY_BLEND          22           4  0.166666672           37696           1   600.000000       720.000000           26379           4           0       26379           4           0
 WACCMX online neutral received: taskid,step,packet_hr=          30           2  0.166666672    
 WACCMX_RECV_QC          30           2  0.166666672          131666       56814      131666       56814   4.5936629390247767E+018   83178047.724288940       -12231122.445147878        141482819.01539180        0.0000000000000000        4.5936629390247767E+018   83178047.724288940       -12231122.445147878        141482819.01539180        0.0000000000000000     
 WACCMX_RECV_SOURCE_FLAGS          30           2  0.166666672          188480      131666       49289        7525           0           0      131666       56814      131666       56814      131666      131666      131666      131666
 WACCMX_APPLY_QC          30           1  0.166666672           37696       26357       11339       26357       11339       26357       26357       26357       26357
 WACCMX_APPLY_SOURCE_FLAGS          30           1  0.166666672           37696       26357        9807        1532           0           0
 WACCMX_APPLY_BLEND          30           1  0.166666672           37696           1   600.000000       720.000000           26357           0           0       26357           0           0
 WACCMX_APPLY_QC          25           3  0.166666672           37696       26436       11260       26436       11260       26436       26436       26436       26436
 WACCMX_APPLY_SOURCE_FLAGS          25           3  0.166666672           37696       26436        9718        1542           0           0
 WACCMX_APPLY_BLEND          25           3  0.166666672           37696           1   600.000000       720.000000           26436           0           0       26436           0           0
 WACCMX_APPLY_QC          20           5  0.166666672           37696       26434       11262       26434       11262       26434       26434       26434       26434
 WACCMX_APPLY_SOURCE_FLAGS          20           5  0.166666672           37696       26434        9990        1272           0           0
 WACCMX_APPLY_BLEND          20           5  0.166666672           37696           1   600.000000       720.000000           26420          14           0       26420          14           0
 WACCMX_APPLY_QC          23           4  0.166666672           37696       26396       11300       26396       11300       26396       26396       26396       26396
 WACCMX_APPLY_SOURCE_FLAGS          23           4  0.166666672           37696       26396        9795        1505           0           0
 WACCMX_APPLY_BLEND          23           4  0.166666672           37696           1   600.000000       720.000000           26394           2           0       26394           2           0
 WACCMX_APPLY_QC          28           2  0.166666672           37696       26395       11301       26395       11301       26395       26395       26395       26395
 WACCMX_APPLY_SOURCE_FLAGS          28           2  0.166666672           37696       26395        9745        1556           0           0
 WACCMX_APPLY_BLEND          28           2  0.166666672           37696           1   600.000000       720.000000           26395           0           0       26395           0           0
 WACCMX online neutral received: taskid,step,packet_hr=          31           2  0.166666672    
 WACCMX_RECV_QC          31           2  0.166666672          131516       56964      131516       56964   4.5652176174918804E+018   82004687.829269409        58713952.324227139        189238093.30089605        0.0000000000000000        4.5652176174918804E+018   82004687.829269409        58713952.324227139        189238093.30089605        0.0000000000000000     
 WACCMX_RECV_SOURCE_FLAGS          31           2  0.166666672          188480      131516       49772        7192           0           0      131516       56964      131516       56964      131516      131516      131516      131516
 WACCMX_APPLY_QC          31           1  0.166666672           37696       26317       11379       26317       11379       26317       26317       26317       26317
 WACCMX_APPLY_SOURCE_FLAGS          31           1  0.166666672           37696       26317        9879        1500           0           0
 WACCMX_APPLY_BLEND          31           1  0.166666672           37696           1   600.000000       720.000000           26317           0           0       26317           0           0
 WACCMX_APPLY_QC          26           3  0.166666672           37696       26425       11271       26425       11271       26425       26425       26425       26425
 WACCMX_APPLY_SOURCE_FLAGS          26           3  0.166666672           37696       26425        9715        1556           0           0
 WACCMX_APPLY_BLEND          26           3  0.166666672           37696           1   600.000000       720.000000           26425           0           0       26425           0           0
 WACCMX_APPLY_QC          21           5  0.166666672           37696       26385       11311       26385       11311       26385       26385       26385       26385
 WACCMX_APPLY_SOURCE_FLAGS          21           5  0.166666672           37696       26385        9911        1400           0           0
 WACCMX_APPLY_BLEND          21           5  0.166666672           37696           1   600.000000       720.000000           26377           8           0       26377           8           0
 WACCMX_APPLY_QC          29           2  0.166666672           37696       26373       11323       26373       11323       26373       26373       26373       26373
 WACCMX_APPLY_SOURCE_FLAGS          29           2  0.166666672           37696       26373        9784        1539           0           0
 WACCMX_APPLY_BLEND          29           2  0.166666672           37696           1   600.000000       720.000000           26373           0           0       26373           0           0
 WACCMX_APPLY_QC          24           4  0.166666672           37696       26426       11270       26426       11270       26426       26426       26426       26426
 WACCMX_APPLY_SOURCE_FLAGS          24           4  0.166666672           37696       26426        9743        1527           0           0
 WACCMX_APPLY_BLEND          24           4  0.166666672           37696           1   600.000000       720.000000           26425           1           0       26425           1           0
 WACCMX online neutral received: taskid,step,packet_hr=          32           2  0.166666672    
 WACCMX_RECV_QC          32           2  0.166666672          131311       57169      131311       57169   4.3654179144567393E+018   80488014.504028320        123988190.22549912        247459304.91983780        0.0000000000000000        4.3654179144567393E+018   80488014.504028320        123988190.22549912        247459304.91983780        0.0000000000000000     
 WACCMX_RECV_SOURCE_FLAGS          32           2  0.166666672          188480      131311       50487        6682           0           0      131311       57169      131311       57169      131311      131311      131311      131311
 WACCMX_APPLY_QC          32           1  0.166666672           37696       26295       11401       26295       11401       26295       26295       26295       26295
 WACCMX_APPLY_SOURCE_FLAGS          32           1  0.166666672           37696       26295        9990        1411           0           0
 WACCMX_APPLY_BLEND          32           1  0.166666672           37696           1   600.000000       720.000000           26295           0           0       26295           0           0
 WACCMX_APPLY_QC          27           3  0.166666672           37696       26408       11288       26408       11288       26408       26408       26408       26408
 WACCMX_APPLY_SOURCE_FLAGS          27           3  0.166666672           37696       26408        9738        1550           0           0
 WACCMX_APPLY_BLEND          27           3  0.166666672           37696           1   600.000000       720.000000           26408           0           0       26408           0           0
 WACCMX_APPLY_QC          22           5  0.166666672           37696       26379       11317       26379       11317       26379       26379       26379       26379
 WACCMX_APPLY_SOURCE_FLAGS          22           5  0.166666672           37696       26379        9829        1488           0           0
 WACCMX_APPLY_BLEND          22           5  0.166666672           37696           1   600.000000       720.000000           26376           3           0       26376           3           0
 WACCMX_APPLY_QC          30           2  0.166666672           37696       26345       11351       26345       11351       26345       26345       26345       26345
 WACCMX_APPLY_SOURCE_FLAGS          30           2  0.166666672           37696       26345        9832        1519           0           0
 WACCMX_APPLY_BLEND          30           2  0.166666672           37696           1   600.000000       720.000000           26345           0           0       26345           0           0
 WACCMX_APPLY_QC          25           4  0.166666672           37696       26430       11266       26430       11266       26430       26430       26430       26430
 WACCMX_APPLY_SOURCE_FLAGS          25           4  0.166666672           37696       26430        9715        1551           0           0
 WACCMX_APPLY_BLEND          25           4  0.166666672           37696           1   600.000000       720.000000           26430           0           0       26430           0           0
 WACCMX_APPLY_QC          23           5  0.166666672           37696       26412       11284       26412       11284       26412       26412       26412       26412
 WACCMX_APPLY_SOURCE_FLAGS          23           5  0.166666672           37696       26412        9773        1511           0           0
 WACCMX_APPLY_BLEND          23           5  0.166666672           37696           1   600.000000       720.000000           26410           2           0       26410           2           0
 WACCMX_APPLY_QC          28           3  0.166666672           37696       26384       11312       26384       11312       26384       26384       26384       26384
 WACCMX_APPLY_SOURCE_FLAGS          28           3  0.166666672           37696       26384        9760        1552           0           0
 WACCMX_APPLY_BLEND          28           3  0.166666672           37696           1   600.000000       720.000000           26384           0           0       26384           0           0
 WACCMX_APPLY_QC          31           2  0.166666672           37696       26315       11381       26315       11381       26315       26315       26315       26315
 WACCMX_APPLY_SOURCE_FLAGS          31           2  0.166666672           37696       26315        9915        1466           0           0
 WACCMX_APPLY_BLEND          31           2  0.166666672           37696           1   600.000000       720.000000           26315           0           0       26315           0           0
 WACCMX_APPLY_QC          26           4  0.166666672           37696       26420       11276       26420       11276       26420       26420       26420       26420
 WACCMX_APPLY_SOURCE_FLAGS          26           4  0.166666672           37696       26420        9721        1555           0           0
 WACCMX_APPLY_BLEND          26           4  0.166666672           37696           1   600.000000       720.000000           26420           0           0       26420           0           0
 WACCMX_APPLY_QC          29           3  0.166666672           37696       26367       11329       26367       11329       26367       26367       26367       26367
 WACCMX_APPLY_SOURCE_FLAGS          29           3  0.166666672           37696       26367        9790        1539           0           0
 WACCMX_APPLY_BLEND          29           3  0.166666672           37696           1   600.000000       720.000000           26367           0           0       26367           0           0
 WACCMX_APPLY_QC          24           5  0.166666672           37696       26435       11261       26435       11261       26435       26435       26435       26435
 WACCMX_APPLY_SOURCE_FLAGS          24           5  0.166666672           37696       26435        9731        1530           0           0
 WACCMX_APPLY_BLEND          24           5  0.166666672           37696           1   600.000000       720.000000           26434           1           0       26434           1           0
 WACCMX_APPLY_QC          32           2  0.166666672           37696       26283       11413       26283       11413       26283       26283       26283       26283
 WACCMX_APPLY_SOURCE_FLAGS          32           2  0.166666672           37696       26283       10038        1375           0           0
 WACCMX_APPLY_BLEND          32           2  0.166666672           37696           1   600.000000       720.000000           26283           0           0       26283           0           0
 WACCMX_APPLY_QC          27           4  0.166666672           37696       26401       11295       26401       11295       26401       26401       26401       26401
 WACCMX_APPLY_SOURCE_FLAGS          27           4  0.166666672           37696       26401        9741        1554           0           0
 WACCMX_APPLY_BLEND          27           4  0.166666672           37696           1   600.000000       720.000000           26401           0           0       26401           0           0
 WACCMX_APPLY_QC          30           3  0.166666672           37696       26332       11364       26332       11364       26332       26332       26332       26332
 WACCMX_APPLY_SOURCE_FLAGS          30           3  0.166666672           37696       26332        9856        1508           0           0
 WACCMX_APPLY_BLEND          30           3  0.166666672           37696           1   600.000000       720.000000           26332           0           0       26332           0           0
 WACCMX_APPLY_QC          25           5  0.166666672           37696       26435       11261       26435       11261       26435       26435       26435       26435
 WACCMX_APPLY_SOURCE_FLAGS          25           5  0.166666672           37696       26435        9713        1548           0           0
 WACCMX_APPLY_BLEND          25           5  0.166666672           37696           1   600.000000       720.000000           26435           0           0       26435           0           0
 WACCMX_APPLY_QC          28           4  0.166666672           37696       26378       11318       26378       11318       26378       26378       26378       26378
 WACCMX_APPLY_SOURCE_FLAGS          28           4  0.166666672           37696       26378        9771        1547           0           0
 WACCMX_APPLY_BLEND          28           4  0.166666672           37696           1   600.000000       720.000000           26378           0           0       26378           0           0
 WACCMX_APPLY_QC          26           5  0.166666672           37696       26412       11284       26412       11284       26412       26412       26412       26412
 WACCMX_APPLY_SOURCE_FLAGS          26           5  0.166666672           37696       26412        9726        1558           0           0
 WACCMX_APPLY_BLEND          26           5  0.166666672           37696           1   600.000000       720.000000           26412           0           0       26412           0           0
 WACCMX_APPLY_QC          31           3  0.166666672           37696       26306       11390       26306       11390       26306       26306       26306       26306
 WACCMX_APPLY_SOURCE_FLAGS          31           3  0.166666672           37696       26306        9950        1440           0           0
 WACCMX_APPLY_BLEND          31           3  0.166666672           37696           1   600.000000       720.000000           26306           0           0       26306           0           0
 WACCMX_APPLY_QC          29           4  0.166666672           37696       26357       11339       26357       11339       26357       26357       26357       26357
 WACCMX_APPLY_SOURCE_FLAGS          29           4  0.166666672           37696       26357        9807        1532           0           0
 WACCMX_APPLY_BLEND          29           4  0.166666672           37696           1   600.000000       720.000000           26357           0           0       26357           0           0
 WACCMX_APPLY_QC          32           3  0.166666672           37696       26265       11431       26265       11431       26265       26265       26265       26265
 WACCMX_APPLY_SOURCE_FLAGS          32           3  0.166666672           37696       26265       10103        1328           0           0
 WACCMX_APPLY_BLEND          32           3  0.166666672           37696           1   600.000000       720.000000           26265           0           0       26265           0           0
 WACCMX_APPLY_QC          27           5  0.166666672           37696       26395       11301       26395       11301       26395       26395       26395       26395
 WACCMX_APPLY_SOURCE_FLAGS          27           5  0.166666672           37696       26395        9745        1556           0           0
 WACCMX_APPLY_BLEND          27           5  0.166666672           37696           1   600.000000       720.000000           26395           0           0       26395           0           0
 WACCMX_APPLY_QC          30           4  0.166666672           37696       26317       11379       26317       11379       26317       26317       26317       26317
 WACCMX_APPLY_SOURCE_FLAGS          30           4  0.166666672           37696       26317        9879        1500           0           0
 WACCMX_APPLY_BLEND          30           4  0.166666672           37696           1   600.000000       720.000000           26317           0           0       26317           0           0
 WACCMX_APPLY_QC          28           5  0.166666672           37696       26373       11323       26373       11323       26373       26373       26373       26373
 WACCMX_APPLY_SOURCE_FLAGS          28           5  0.166666672           37696       26373        9784        1539           0           0
 WACCMX_APPLY_BLEND          28           5  0.166666672           37696           1   600.000000       720.000000           26373           0           0       26373           0           0
 WACCMX_APPLY_QC          31           4  0.166666672           37696       26295       11401       26295       11401       26295       26295       26295       26295
 WACCMX_APPLY_SOURCE_FLAGS          31           4  0.166666672           37696       26295        9990        1411           0           0
 WACCMX_APPLY_BLEND          31           4  0.166666672           37696           1   600.000000       720.000000           26295           0           0       26295           0           0
 WACCMX_APPLY_QC          29           5  0.166666672           37696       26345       11351       26345       11351       26345       26345       26345       26345
 WACCMX_APPLY_SOURCE_FLAGS          29           5  0.166666672           37696       26345        9832        1519           0           0
 WACCMX_APPLY_BLEND          29           5  0.166666672           37696           1   600.000000       720.000000           26345           0           0       26345           0           0
 WACCMX_APPLY_QC          32           4  0.166666672           37696       26246       11450       26246       11450       26246       26246       26246       26246
 WACCMX_APPLY_SOURCE_FLAGS          32           4  0.166666672           37696       26246       10155        1295           0           0
 WACCMX_APPLY_BLEND          32           4  0.166666672           37696           1   600.000000       720.000000           26246           0           0       26246           0           0
 WACCMX_APPLY_QC          30           5  0.166666672           37696       26315       11381       26315       11381       26315       26315       26315       26315
 WACCMX_APPLY_SOURCE_FLAGS          30           5  0.166666672           37696       26315        9915        1466           0           0
 WACCMX_APPLY_BLEND          30           5  0.166666672           37696           1   600.000000       720.000000           26315           0           0       26315           0           0
 WACCMX_APPLY_QC          31           5  0.166666672           37696       26283       11413       26283       11413       26283       26283       26283       26283
 WACCMX_APPLY_SOURCE_FLAGS          31           5  0.166666672           37696       26283       10038        1375           0           0
 WACCMX_APPLY_BLEND          31           5  0.166666672           37696           1   600.000000       720.000000           26283           0           0       26283           0           0
 WACCMX_APPLY_QC          32           5  0.166666672           37696       26222       11474       26222       11474       26222       26222       26222       26222
 WACCMX_APPLY_SOURCE_FLAGS          32           5  0.166666672           37696       26222       10201        1273           0           0
 WACCMX_APPLY_BLEND          32           5  0.166666672           37696           1   600.000000       720.000000           26222           0           0       26222           0           0
 calling potpphi   1.05471778      0.216144502    
           1   7.70266354E-02
           2   2.44925171E-02
           3   1.89952936E-03
   69.4928665    
 calling potpphi   1.16026378      0.448197335    
           1   3.18703474E-03
   69.4923859    
 calling potpphi   1.63143837      0.774485111    
           1   2.74759019E-03
   69.3663483    
 calling potpphi   1.70386720       1.11525857    
           1   2.28016893E-03
   69.2931824    
 calling potpphi   1.11525857       1.33831036    
           1   1.71817839E-03
   69.1585464    
 calling potpphi   1.33831036       1.60597253    
           1   2.34783674E-03
   69.3536453    
 calling potpphi   1.60597253       1.92716706    
           1   6.19705347E-03
   68.9631805    
 calling potpphi   1.92716706       2.31260061    
           1   1.38802780E-03
   69.0676041    
 calling potpphi   2.31260061       2.77512074    
           1   1.70451857E-03
   69.2252121    
 calling potpphi   2.77512074       2.77512074    
           1   2.58179352E-04
   69.2649002    
 calling potpphi   2.77512074       2.77512074    
           1   2.02124985E-03
   69.1311874    
 calling potpphi   2.77512074       2.77512074    
           1   6.56911219E-03
   69.5880890    
 calling potpphi   2.77512074       2.77512074    
           1   7.51587003E-03
   69.0876541    
 calling potpphi   2.77512074       2.77512074    
           1   2.90745287E-03
   69.2608795    
 calling potpphi   2.77512074       2.77512074    
           1   2.09535775E-03
   69.1122131    
 calling potpphi   2.77512074       2.77512074    
           1   4.53092391E-04
   69.1432419    
 calling potpphi   2.77512074       2.77512074    
           1   2.28439900E-03
   68.9678040    
 calling potpphi   2.77512074       2.77512074    
           1   3.51475622E-03
   69.1976166    
 calling potpphi   2.77512074       2.77512074    
           1   2.27349275E-03
   69.3424911    
 calling potpphi   2.77512074       2.77512074    
           1   5.51590510E-03
   68.9573135    
 calling potpphi   2.77512074       2.77512074    
           1   3.93466931E-03
   69.2087555    
 calling potpphi   2.77512074       2.77512074    
           1   1.10035478E-04
   69.1900253    
 calling potpphi   2.77512074       2.77512074    
           1   3.89103568E-03
   69.4355240    
 calling potpphi   2.77512074       2.77512074    
           1   3.22655332E-03
   69.2139282    
 calling potpphi   2.77512074       2.77512074    
           1   2.21546390E-03
   69.3496170    
 calling potpphi   2.77512074       2.77512074    
           1   2.05391017E-03
   69.1927872    
 calling potpphi   2.77512074       2.77512074    
           1   1.20037398E-03
   69.2739029    
 calling potpphi   2.77512074       2.77512074    
           1   9.63769795E-04
   69.3167648    
 calling potpphi   2.77512074       2.77512074    
           1   2.75095482E-03
   69.4815750    
 calling potpphi   2.77512074       2.77512074    
           1   2.84476648E-03
   69.2869720    
 calling potpphi   2.77512074       2.77512074    
           1   1.67973654E-03
   69.1513824    
 calling potpphi   2.77512074       2.77512074    
           1   2.34194938E-03
   69.2953415    
 calling potpphi   2.77512074       2.77512074    
           1   1.30385044E-03
   69.2022705    
 calling potpphi   2.77512074       2.77512074    
           1   1.25690270E-02
   70.0572891    
 calling potpphi   2.77512074       2.77512074    
           1   5.99873671E-03
   69.6498795    
 calling potpphi   2.77512074       2.77512074    
           1   1.35843619E-03
   69.5233231    
 calling potpphi   2.77512074       2.77512074    
           1   4.11617011E-03
   69.7988205    
 calling potpphi   2.77512074       2.77512074    
           1   3.90174007E-03
   70.0824661    
 calling potpphi   2.77512074       2.77512074    
           1   1.29356608E-03
   69.9744186    
 calling potpphi   2.77512074       2.77512074    
           1   4.40480746E-03
   69.6489563    
 calling potpphi   2.77512074       2.77512074    
           1   1.32021657E-03
   69.5600281    
 calling potpphi   2.77512074       2.77512074    
           1   1.57514215E-03
   69.6486206    
 calling potpphi   2.77512074       2.77512074    
           1   5.63031714E-03
   70.0363007    
 calling potpphi   2.77512074       2.77512074    
           1   8.02287646E-03
   69.4710846    
 calling potpphi   2.77512074       2.77512074    
           1   1.02626104E-02
   70.1655960    
 calling potpphi   2.77512074       2.77512074    
           1   6.35038503E-03
   69.7228394    
 calling potpphi   2.77512074       2.77512074    
           1   5.36060194E-03
   70.0748444    
 calling potpphi   2.77512074       2.77512074    
           1   2.15086085E-03
   69.9219666    
 calling potpphi   2.77512074       2.77512074    
           1   2.21231440E-03
   69.7538071    
 calling potpphi   2.77512074       2.77512074    
           1   4.79775202E-03
   70.0853348    
 calling potpphi   2.77512074       2.77512074    
           1   1.97042791E-05
   70.0903015    
 calling potpphi   2.77512074       2.77512074    
           1   8.75637808E-04
   70.1427612    
 calling potpphi   2.77512074       2.77512074    
           1   5.54217538E-03
   70.5216675    
 calling potpphi   2.77512074       2.77512074    
           1   1.25330407E-03
   70.4419861    
 calling potpphi   2.77512074       2.77512074    
           1   2.78312160E-04
   70.4483643    
 calling potpphi   2.77512074       2.77512074    
           1   4.79701674E-03
   70.1001434    
 calling potpphi   2.77512074       2.77512074    
           1   3.20774410E-03
   70.3016281    
 calling potpphi   2.77512074       2.77512074    
           1   4.76823095E-03
   70.6466446    
 calling potpphi   2.77512074       2.77512074    
           1   6.21527759E-03
   70.2048187    
 calling potpphi   2.77512074       2.77512074    
           1   3.75464396E-03
   70.4540100    
 calling potpphi   2.77512074       2.77512074    
           1   4.78332455E-04
   70.4252319    
 calling potpphi   2.77512074       2.77512074    
           1   2.93775415E-03
   70.6229782    
 calling potpphi   2.77512074       2.77512074    
           1   1.55203766E-03
   70.7229691    
 calling potpphi   2.77512074       2.77512074    
           1   1.89038366E-03
   70.8619919    
 calling potpphi   2.77512074       2.77512074    
           1   1.18899839E-02
   69.9979172    
 calling potpphi   2.77512074       2.77512074    
           1   2.65153358E-03
   70.1810074    
 calling potpphi   2.77512074       2.77512074    
           1   2.26944732E-03
   70.3335114    
 calling potpphi   2.77512074       2.77512074    
           1   2.94469413E-03
   70.5360565    
 calling potpphi   2.77512074       2.77512074    
           1   2.06300733E-03
   70.4024429    
 calling potpphi   2.77512074       2.77512074    
           1   4.55297064E-04
   70.4207001    
 calling potpphi   2.77512074       2.77512074    
           1   9.70216643E-04
   70.4856796    
 calling potpphi   2.77512074       2.77512074    
           1   4.64358740E-03
   70.1453781    
 calling potpphi   2.77512074       2.77512074    
           1   7.85138737E-03
   70.7086105    
 calling potpphi   2.77512074       2.77512074    
           1   8.06220714E-03
   70.1383514    
 calling potpphi   2.77512074       2.77512074    
           1   6.48895418E-03
   70.5894089    
 calling potpphi   2.77512074       2.77512074    
           1   1.36207615E-03
   70.4757080    
 calling potpphi   2.77512074       2.77512074    
           1   6.85617444E-04
   70.5413055    
 calling potpphi   2.77512074       2.77512074    
           1   1.66047562E-03
   70.6643066    
 calling potpphi   2.77512074       2.77512074    
           1   1.94544881E-03
   70.8027115    
 calling potpphi   2.77512074       2.77512074    
           1   3.85422283E-03
   70.5188522    
 calling potpphi   2.77512074       2.77512074    
           1   7.33207038E-04
   70.5735779    
 calling potpphi   2.77512074       2.77512074    
           1   2.89966748E-03
   70.3679810    
 calling potpphi   2.77512074       2.77512074    
           1   1.11147959E-03
   70.4521408    
 calling potpphi   2.77512074       2.77512074    
           1   8.61266535E-03
   69.8282089    
 calling potpphi   2.77512074       2.77512074    
           1   9.29807592E-03
   70.4851913    
 calling potpphi   2.77512074       2.77512074    
           1   2.30862293E-03
   70.3332672    
 calling potpphi   2.77512074       2.77512074    
           1   1.49380742E-03
   70.4440002    
 calling potpphi   2.77512074       2.77512074    
           1   2.44991272E-03
   70.2763824    
 calling potpphi   2.77512074       2.77512074    
           1   4.20837384E-03
   70.5883408    
 calling potpphi   2.77512074       2.77512074    
           1   7.64833717E-03
   70.0526505    
 calling potpphi   2.77512074       2.77512074    
           1   8.02206714E-03
   70.6144485    
 calling potpphi   2.77512074       2.77512074    
           1   4.42720810E-03
   70.3000488    
 calling potpphi   2.77512074       2.77512074    
           1   3.34569928E-03
   70.5647736    
 calling potpphi   2.77512074       2.77512074    
           1   4.36835131E-03
   70.2491837    
 calling potpphi   2.77512074       2.77512074    
           1   5.81269246E-03
   69.8437195    
 calling potpphi   2.77512074       2.77512074    
           1   8.49615782E-03
   70.4299774    
 calling potpphi   2.77512074       2.77512074    
           1   6.01252308E-03
   70.0157242    
 calling potpphi   2.77512074       2.77512074    
           1   2.50196434E-03
   69.8292847    
 calling potpphi   2.77512074       2.77512074    
           1   3.21781496E-04
   69.8075714    
 calling potpphi   2.77512074       2.77512074    
           1   2.40307557E-03
   69.9792786    
 calling potpphi   2.77512074       2.77512074    
           1   2.45679077E-03
   69.8187485    
 calling potpphi   2.77512074       2.77512074    
           1   3.40808369E-03
   69.5789185    
 calling potpphi   2.77512074       2.77512074    
           1   7.10655376E-03
   69.0613251    
 calling potpphi   2.77512074       2.77512074    
           1   1.86956371E-03
   69.1729050    
 calling potpphi   2.77512074       2.77512074    
           1   1.88847247E-03
   69.0470276    
 calling potpphi   2.77512074       2.77512074    
           1   5.39342780E-03
   68.6588898    
 calling potpphi   2.77512074       2.77512074    
           1   1.08244793E-04
   68.6505432    
 calling potpphi   2.77512074       2.77512074    
           1   6.29926706E-03
   68.2028503    
 calling potpphi   2.77512074       2.77512074    
           1   7.68291124E-04
   68.2507782    
 calling potpphi   2.77512074       2.77512074    
           1   1.71172142E-03
   68.3544922    
 calling potpphi   2.77512074       2.77512074    
           1   8.66858568E-03
   67.7505112    
 calling potpphi   2.77512074       2.77512074    
           1   1.06196781E-03
 WACCMX_PHI_RECV           3           6  0.250663817      0.250000000      0.333333343      -37.7085648       31.6541348    
 hrutw2 =   0.250663817      0.333333343    
   67.6614685    
 WACCMX online neutral received: taskid,step,packet_hr=           1           3  0.250000000    
 WACCMX_RECV_QC           1           3  0.250000000          130896       57584      130896       57584   4.3862916908927672E+018   78275428.791076660        130785167.94598866        266205842.09765434        0.0000000000000000        4.3862916908927672E+018   78275428.791076660        130785167.94598866        266205842.09765434        0.0000000000000000     
 WACCMX_RECV_SOURCE_FLAGS           1           3  0.250000000          188480      130896       51345        6239           0           0      130896       57584      130896       57584      130896      130896      130896      130896
 WACCMX_APPLY_QC           1           1  0.250663817           37696       26239       11457       26239       11457       26239       26239       26239       26239
 WACCMX_APPLY_SOURCE_FLAGS           1           1  0.250663817           37696       26239       10177        1280           0           0
 WACCMX_APPLY_BLEND           1           1  0.250663817           37696           1   600.000000       720.000000           26239           0           0       26239           0           0
 d =    15870723.0       1.58613473E+10   3.43155835E+10   4.52493158E+09   94917520.0       2.26469212E-12   1760865.62       7977556.00       1.69096033E-26
 WACCMX online neutral received: taskid,step,packet_hr=           2           3  0.250000000    
 WACCMX_RECV_QC           2           3  0.250000000          130646       57834      130646       57834   4.5100381210421222E+018   76741282.850936890        99478984.717705593        252225382.49244392        0.0000000000000000        4.5100381210421222E+018   76741282.850936890        99478984.717705593        252225382.49244392        0.0000000000000000     
 WACCMX_RECV_SOURCE_FLAGS           2           3  0.250000000          188480      130646       51791        6043           0           0      130646       57834      130646       57834      130646      130646      130646      130646
 WACCMX_APPLY_QC           2           1  0.250663817           37696       26146       11550       26146       11550       26146       26146       26146       26146
 WACCMX_APPLY_SOURCE_FLAGS           2           1  0.250663817           37696       26146       10320        1230           0           0
 WACCMX_APPLY_BLEND           2           1  0.250663817           37696           1   600.000000       720.000000           26146           0           0       26146           0           0
 WACCMX online neutral received: taskid,step,packet_hr=           3           3  0.250000000    
 WACCMX_RECV_QC           3           3  0.250000000          130520       57960      130520       57960   4.4841045758456376E+018   75969214.824127197        26923385.356727913        149843022.17432603        0.0000000000000000        4.4841045758456376E+018   75969214.824127197        26923385.356727913        149843022.17432603        0.0000000000000000     
 WACCMX_RECV_SOURCE_FLAGS           3           3  0.250000000          188480      130520       51928        6032           0           0      130520       57960      130520       57960      130520      130520      130520      130520
 WACCMX_APPLY_QC           3           1  0.250663817           37696       26121       11575       26121       11575       26121       26121       26121       26121
 WACCMX_APPLY_SOURCE_FLAGS           3           1  0.250663817           37696       26121       10380        1195           0           0
 WACCMX_APPLY_BLEND           3           1  0.250663817           37696           1   600.000000       720.000000           26121           0           0       26121           0           0
 WACCMX_APPLY_QC           1           2  0.250663817           37696       26209       11487       26209       11487       26209       26209       26209       26209
 WACCMX_APPLY_SOURCE_FLAGS           1           2  0.250663817           37696       26209       10231        1256           0           0
 WACCMX_APPLY_BLEND           1           2  0.250663817           37696           1   600.000000       720.000000           26209           0           0       26209           0           0
 WACCMX online neutral received: taskid,step,packet_hr=           4           3  0.250000000    
 WACCMX_RECV_QC           4           3  0.250000000          130411       58069      130411       58069   4.3665750449242721E+018   75576659.731864929       -28407516.881495699        24655530.997457333        0.0000000000000000        4.3665750449242721E+018   75576659.731864929       -28407516.881495699        24655530.997457333        0.0000000000000000     
 WACCMX_RECV_SOURCE_FLAGS           4           3  0.250000000          188480      130411       52058        6011           0           0      130411       58069      130411       58069      130411      130411      130411      130411
 WACCMX_APPLY_QC           4           1  0.250663817           37696       26097       11599       26097       11599       26097       26097       26097       26097
 WACCMX_APPLY_SOURCE_FLAGS           4           1  0.250663817           37696       26097       10386        1213           0           0
 WACCMX_APPLY_BLEND           4           1  0.250663817           37696           1   600.000000       720.000000           26097           0           0       26097           0           0
 WACCMX_APPLY_QC           2           2  0.250663817           37696       26135       11561       26135       11561       26135       26135       26135       26135
 WACCMX_APPLY_SOURCE_FLAGS           2           2  0.250663817           37696       26135       10346        1215           0           0
 WACCMX_APPLY_BLEND           2           2  0.250663817           37696           1   600.000000       720.000000           26135           0           0       26135           0           0
 WACCMX online neutral received: taskid,step,packet_hr=           5           3  0.250000000    
 WACCMX_RECV_QC           5           3  0.250000000          130497       57983      130497       57983   4.3251527731409510E+018   75451416.375465393       -53242704.635013551       -46863812.877975710        0.0000000000000000        4.3251527731409510E+018   75451416.375465393       -53242704.635013551       -46863812.877975710        0.0000000000000000     
 WACCMX_RECV_SOURCE_FLAGS           5           3  0.250000000          188480      130497       52205        5778           0           0      130497       57983      130497       57983      130497      130497      130497      130497
 WACCMX_APPLY_QC           5           1  0.250663817           37696       26074       11622       26074       11622       26074       26074       26074       26074
 WACCMX_APPLY_SOURCE_FLAGS           5           1  0.250663817           37696       26074       10427        1195           0           0
 WACCMX_APPLY_BLEND           5           1  0.250663817           37696           1   600.000000       720.000000           26074           0           0       26074           0           0
 WACCMX_APPLY_QC           3           2  0.250663817           37696       26114       11582       26114       11582       26114       26114       26114       26114
 WACCMX_APPLY_SOURCE_FLAGS           3           2  0.250663817           37696       26114       10383        1199           0           0
 WACCMX_APPLY_BLEND           3           2  0.250663817           37696           1   600.000000       720.000000           26114           0           0       26114           0           0
 WACCMX_APPLY_QC           1           3  0.250663817           37696       26167       11529       26167       11529       26167       26167       26167       26167
 WACCMX_APPLY_SOURCE_FLAGS           1           3  0.250663817           37696       26167       10271        1258           0           0
 WACCMX_APPLY_BLEND           1           3  0.250663817           37696           1   600.000000       720.000000           26167           0           0       26167           0           0
 WACCMX online neutral received: taskid,step,packet_hr=           6           3  0.250000000    
 WACCMX_RECV_QC           6           3  0.250000000          130732       57748      130732       57748   4.2982197360726804E+018   75323878.703048706       -49224091.785438396       -108216594.94499624        0.0000000000000000        4.2982197360726804E+018   75323878.703048706       -49224091.785438396       -108216594.94499624        0.0000000000000000     
 WACCMX_RECV_SOURCE_FLAGS           6           3  0.250000000          188480      130732       52381        5367           0           0      130732       57748      130732       57748      130732      130732      130732      130732
 WACCMX_APPLY_QC           6           1  0.250663817           37696       26118       11578       26118       11578       26118       26118       26118       26118
 WACCMX_APPLY_SOURCE_FLAGS           6           1  0.250663817           37696       26118       10452        1126           0           0
 WACCMX_APPLY_BLEND           6           1  0.250663817           37696           1   600.000000       720.000000           26118           0           0       26118           0           0
 WACCMX_APPLY_QC           4           2  0.250663817           37696       26082       11614       26082       11614       26082       26082       26082       26082
 WACCMX_APPLY_SOURCE_FLAGS           4           2  0.250663817           37696       26082       10399        1215           0           0
 WACCMX_APPLY_BLEND           4           2  0.250663817           37696           1   600.000000       720.000000           26082           0           0       26082           0           0
 WACCMX online neutral received: taskid,step,packet_hr=           7           3  0.250000000    
 WACCMX_APPLY_QC           2           3  0.250663817           37696       26130       11566       26130       11566       26130       26130       26130       26130
 WACCMX_APPLY_SOURCE_FLAGS           2           3  0.250663817           37696       26130       10362        1204           0           0
 WACCMX_APPLY_BLEND           2           3  0.250663817           37696           1   600.000000       720.000000           26130           0           0       26130           0           0
 WACCMX_RECV_QC           7           3  0.250000000          130950       57530      130950       57530   4.1018756083916902E+018   75021641.340713501       -34452204.224227309       -150525588.89256242        0.0000000000000000        4.1018756083916902E+018   75021641.340713501       -34452204.224227309       -150525588.89256242        0.0000000000000000     
 WACCMX_RECV_SOURCE_FLAGS           7           3  0.250000000          188480      130950       52715        4815           0           0      130950       57530      130950       57530      130950      130950      130950      130950
 WACCMX_APPLY_QC           7           1  0.250663817           37696       26165       11531       26165       11531       26165       26165       26165       26165
 WACCMX_APPLY_SOURCE_FLAGS           7           1  0.250663817           37696       26165       10492        1039           0           0
 WACCMX_APPLY_BLEND           7           1  0.250663817           37696           1   600.000000       720.000000           26165           0           0       26165           0           0
 WACCMX_APPLY_QC           5           2  0.250663817           37696       26078       11618       26078       11618       26078       26078       26078       26078
 WACCMX_APPLY_SOURCE_FLAGS           5           2  0.250663817           37696       26078       10431        1187           0           0
 WACCMX_APPLY_BLEND           5           2  0.250663817           37696           1   600.000000       720.000000           26078           0           0       26078           0           0
 WACCMX online neutral received: taskid,step,packet_hr=           8           3  0.250000000    
 WACCMX_RECV_QC           8           3  0.250000000          131179       57301      131179       57301   3.8824951752773156E+018   74761057.825225830       -25111948.582750238       -105030835.64891060        0.0000000000000000        3.8824951752773156E+018   74761057.825225830       -25111948.582750238       -105030835.64891060        0.0000000000000000     
 WACCMX_RECV_SOURCE_FLAGS           8           3  0.250000000          188480      131179       53092        4209           0           0      131179       57301      131179       57301      131179      131179      131179      131179
 WACCMX_APPLY_QC           8           1  0.250663817           37696       26202       11494       26202       11494       26202       26202       26202       26202
 WACCMX_APPLY_SOURCE_FLAGS           8           1  0.250663817           37696       26202       10570         924           0           0
 WACCMX_APPLY_BLEND           8           1  0.250663817           37696           1   600.000000       720.000000           26200           2           0       26200           2           0
 WACCMX_APPLY_QC           3           3  0.250663817           37696       26106       11590       26106       11590       26106       26106       26106       26106
 WACCMX_APPLY_SOURCE_FLAGS           3           3  0.250663817           37696       26106       10380        1210           0           0
 WACCMX_APPLY_BLEND           3           3  0.250663817           37696           1   600.000000       720.000000           26106           0           0       26106           0           0
 WACCMX_APPLY_QC           6           2  0.250663817           37696       26127       11569       26127       11569       26127       26127       26127       26127
 WACCMX_APPLY_SOURCE_FLAGS           6           2  0.250663817           37696       26127       10455        1114           0           0
 WACCMX_APPLY_BLEND           6           2  0.250663817           37696           1   600.000000       720.000000           26127           0           0       26127           0           0
 WACCMX_APPLY_QC           1           4  0.250663817           37696       26146       11550       26146       11550       26146       26146       26146       26146
 WACCMX_APPLY_SOURCE_FLAGS           1           4  0.250663817           37696       26146       10320        1230           0           0
 WACCMX_APPLY_BLEND           1           4  0.250663817           37696           1   600.000000       720.000000           26146           0           0       26146           0           0
 WACCMX_APPLY_QC           4           3  0.250663817           37696       26080       11616       26080       11616       26080       26080       26080       26080
 WACCMX_APPLY_SOURCE_FLAGS           4           3  0.250663817           37696       26080       10415        1201           0           0
 WACCMX_APPLY_BLEND           4           3  0.250663817           37696           1   600.000000       720.000000           26080           0           0       26080           0           0
 WACCMX online neutral received: taskid,step,packet_hr=           9           3  0.250000000    
 WACCMX_RECV_QC           9           3  0.250000000          131316       57164      131316       57164   3.7699401239009295E+018   74444744.536407471       -12328505.887942977       -12814606.235273480        0.0000000000000000        3.7699401239009295E+018   74444744.536407471       -12328505.887942977       -12814606.235273480        0.0000000000000000     
 WACCMX_RECV_SOURCE_FLAGS           9           3  0.250000000          188480      131316       53408        3756           0           0      131316       57164      131316       57164      131316      131316      131316      131316
 WACCMX_APPLY_QC           9           1  0.250663817           37696       26257       11439       26257       11439       26257       26257       26257       26257
 WACCMX_APPLY_SOURCE_FLAGS           9           1  0.250663817           37696       26257       10643         796           0           0
 WACCMX_APPLY_BLEND           9           1  0.250663817           37696           1   600.000000       720.000000           26253           4           0       26253           4           0
 WACCMX_APPLY_QC           7           2  0.250663817           37696       26181       11515       26181       11515       26181       26181       26181       26181
 WACCMX_APPLY_SOURCE_FLAGS           7           2  0.250663817           37696       26181       10513        1002           0           0
 WACCMX_APPLY_BLEND           7           2  0.250663817           37696           1   600.000000       720.000000           26181           0           0       26181           0           0
 WACCMX_APPLY_QC           2           4  0.250663817           37696       26121       11575       26121       11575       26121       26121       26121       26121
 WACCMX_APPLY_SOURCE_FLAGS           2           4  0.250663817           37696       26121       10380        1195           0           0
 WACCMX_APPLY_BLEND           2           4  0.250663817           37696           1   600.000000       720.000000           26121           0           0       26121           0           0
 WACCMX_APPLY_QC           5           3  0.250663817           37696       26100       11596       26100       11596       26100       26100       26100       26100
 WACCMX_APPLY_SOURCE_FLAGS           5           3  0.250663817           37696       26100       10440        1156           0           0
 WACCMX_APPLY_BLEND           5           3  0.250663817           37696           1   600.000000       720.000000           26100           0           0       26100           0           0
 WACCMX online neutral received: taskid,step,packet_hr=          10           3  0.250000000    
 WACCMX_RECV_QC          10           3  0.250000000          131373       57107      131373       57107   3.8300667041335910E+018   73981165.387481689       -22072630.808052391        44297309.412894666        0.0000000000000000        3.8300667041335910E+018   73981165.387481689       -22072630.808052391        44297309.412894666        0.0000000000000000     
 WACCMX_RECV_SOURCE_FLAGS          10           3  0.250000000          188480      131373       53674        3433           0           0      131373       57107      131373       57107      131373      131373      131373      131373
 WACCMX_APPLY_QC          10           1  0.250663817           37696       26264       11432       26264       11432       26264       26264       26264       26264
 WACCMX_APPLY_SOURCE_FLAGS          10           1  0.250663817           37696       26264       10706         726           0           0
 WACCMX_APPLY_BLEND          10           1  0.250663817           37696           1   600.000000       720.000000           26257           7           0       26257           7           0
 WACCMX_APPLY_QC           8           2  0.250663817           37696       26214       11482       26214       11482       26214       26214       26214       26214
 WACCMX_APPLY_SOURCE_FLAGS           8           2  0.250663817           37696       26214       10600         882           0           0
 WACCMX_APPLY_BLEND           8           2  0.250663817           37696           1   600.000000       720.000000           26211           3           0       26211           3           0
 WACCMX_APPLY_QC           3           4  0.250663817           37696       26097       11599       26097       11599       26097       26097       26097       26097
 WACCMX_APPLY_SOURCE_FLAGS           3           4  0.250663817           37696       26097       10386        1213           0           0
 WACCMX_APPLY_BLEND           3           4  0.250663817           37696           1   600.000000       720.000000           26097           0           0       26097           0           0
 WACCMX_APPLY_QC           6           3  0.250663817           37696       26141       11555       26141       11555       26141       26141       26141       26141
 WACCMX_APPLY_SOURCE_FLAGS           6           3  0.250663817           37696       26141       10469        1086           0           0
 WACCMX_APPLY_BLEND           6           3  0.250663817           37696           1   600.000000       720.000000           26141           0           0       26141           0           0
 WACCMX_APPLY_QC           1           5  0.250663817           37696       26135       11561       26135       11561       26135       26135       26135       26135
 WACCMX_APPLY_SOURCE_FLAGS           1           5  0.250663817           37696       26135       10346        1215           0           0
 WACCMX_APPLY_BLEND           1           5  0.250663817           37696           1   600.000000       720.000000           26135           0           0       26135           0           0
 WACCMX online neutral received: taskid,step,packet_hr=          11           3  0.250000000    
 WACCMX_RECV_QC          11           3  0.250000000          131397       57083      131397       57083   4.0326455886536356E+018   73309753.476974487       -21912803.114278808        26402904.287914865        0.0000000000000000        4.0326455886536356E+018   73309753.476974487       -21912803.114278808        26402904.287914865        0.0000000000000000     
 WACCMX_RECV_SOURCE_FLAGS          11           3  0.250000000          188480      131397       54014        3069           0           0      131397       57083      131397       57083      131397      131397      131397      131397
 WACCMX_APPLY_QC          11           1  0.250663817           37696       26287       11409       26287       11409       26287       26287       26287       26287
 WACCMX_APPLY_SOURCE_FLAGS          11           1  0.250663817           37696       26287       10745         664           0           0
 WACCMX_APPLY_BLEND          11           1  0.250663817           37696           1   600.000000       720.000000           26278           9           0       26278           9           0
 WACCMX_APPLY_QC           4           4  0.250663817           37696       26074       11622       26074       11622       26074       26074       26074       26074
 WACCMX_APPLY_SOURCE_FLAGS           4           4  0.250663817           37696       26074       10427        1195           0           0
 WACCMX_APPLY_BLEND           4           4  0.250663817           37696           1   600.000000       720.000000           26074           0           0       26074           0           0
 WACCMX_APPLY_QC           9           2  0.250663817           37696       26266       11430       26266       11430       26266       26266       26266       26266
 WACCMX_APPLY_SOURCE_FLAGS           9           2  0.250663817           37696       26266       10661         769           0           0
 WACCMX_APPLY_BLEND           9           2  0.250663817           37696           1   600.000000       720.000000           26260           6           0       26260           6           0
 WACCMX_APPLY_QC           7           3  0.250663817           37696       26188       11508       26188       11508       26188       26188       26188       26188
 WACCMX_APPLY_SOURCE_FLAGS           7           3  0.250663817           37696       26188       10540         968           0           0
 WACCMX_APPLY_BLEND           7           3  0.250663817           37696           1   600.000000       720.000000           26188           0           0       26188           0           0
 WACCMX_APPLY_QC           2           5  0.250663817           37696       26114       11582       26114       11582       26114       26114       26114       26114
 WACCMX_APPLY_SOURCE_FLAGS           2           5  0.250663817           37696       26114       10383        1199           0           0
 WACCMX_APPLY_BLEND           2           5  0.250663817           37696           1   600.000000       720.000000           26114           0           0       26114           0           0
 WACCMX online neutral received: taskid,step,packet_hr=          12           3  0.250000000    
 WACCMX_RECV_QC          12           3  0.250000000          131371       57109      131371       57109   4.2523641965866255E+018   72626665.411849976        29154576.001699038       -68096204.587166414        0.0000000000000000        4.2523641965866255E+018   72626665.411849976        29154576.001699038       -68096204.587166414        0.0000000000000000     
 WACCMX_RECV_SOURCE_FLAGS          12           3  0.250000000          188480      131371       54364        2745           0           0      131371       57109      131371       57109      131371      131371      131371      131371
 WACCMX_APPLY_QC          12           1  0.250663817           37696       26273       11423       26273       11423       26273       26273       26273       26273
 WACCMX_APPLY_SOURCE_FLAGS          12           1  0.250663817           37696       26273       10831         592           0           0
 WACCMX_APPLY_BLEND          12           1  0.250663817           37696           1   600.000000       720.000000           26266           7           0       26266           7           0
 WACCMX_APPLY_QC           5           4  0.250663817           37696       26118       11578       26118       11578       26118       26118       26118       26118
 WACCMX_APPLY_SOURCE_FLAGS           5           4  0.250663817           37696       26118       10452        1126           0           0
 WACCMX_APPLY_BLEND           5           4  0.250663817           37696           1   600.000000       720.000000           26118           0           0       26118           0           0
 WACCMX_APPLY_QC          10           2  0.250663817           37696       26268       11428       26268       11428       26268       26268       26268       26268
 WACCMX_APPLY_SOURCE_FLAGS          10           2  0.250663817           37696       26268       10718         710           0           0
 WACCMX_APPLY_BLEND          10           2  0.250663817           37696           1   600.000000       720.000000           26259           9           0       26259           9           0
 WACCMX_APPLY_QC           8           3  0.250663817           37696       26240       11456       26240       11456       26240       26240       26240       26240
 WACCMX_APPLY_SOURCE_FLAGS           8           3  0.250663817           37696       26240       10618         838           0           0
 WACCMX_APPLY_BLEND           8           3  0.250663817           37696           1   600.000000       720.000000           26236           4           0       26236           4           0
 WACCMX_APPLY_QC           3           5  0.250663817           37696       26082       11614       26082       11614       26082       26082       26082       26082
 WACCMX_APPLY_SOURCE_FLAGS           3           5  0.250663817           37696       26082       10399        1215           0           0
 WACCMX_APPLY_BLEND           3           5  0.250663817           37696           1   600.000000       720.000000           26082           0           0       26082           0           0
 WACCMX online neutral received: taskid,step,packet_hr=          13           3  0.250000000    
 WACCMX_RECV_QC          13           3  0.250000000          131444       57036      131444       57036   4.3226773326634086E+018   72572928.057327271        78645494.683772683       -108954156.48389317        0.0000000000000000        4.3226773326634086E+018   72572928.057327271        78645494.683772683       -108954156.48389317        0.0000000000000000     
 WACCMX_RECV_SOURCE_FLAGS          13           3  0.250000000          188480      131444       54379        2657           0           0      131444       57036      131444       57036      131444      131444      131444      131444
 WACCMX_APPLY_QC          13           1  0.250663817           37696       26276       11420       26276       11420       26276       26276       26276       26276
 WACCMX_APPLY_SOURCE_FLAGS          13           1  0.250663817           37696       26276       10893         527           0           0
 WACCMX_APPLY_BLEND          13           1  0.250663817           37696           1   600.000000       720.000000           26263          13           0       26263          13           0
 WACCMX_APPLY_QC           6           4  0.250663817           37696       26165       11531       26165       11531       26165       26165       26165       26165
 WACCMX_APPLY_SOURCE_FLAGS           6           4  0.250663817           37696       26165       10492        1039           0           0
 WACCMX_APPLY_BLEND           6           4  0.250663817           37696           1   600.000000       720.000000           26165           0           0       26165           0           0
 WACCMX_APPLY_QC          11           2  0.250663817           37696       26282       11414       26282       11414       26282       26282       26282       26282
 WACCMX_APPLY_SOURCE_FLAGS          11           2  0.250663817           37696       26282       10773         641           0           0
 WACCMX_APPLY_BLEND          11           2  0.250663817           37696           1   600.000000       720.000000           26273           9           0       26273           9           0
 WACCMX_APPLY_QC           4           5  0.250663817           37696       26078       11618       26078       11618       26078       26078       26078       26078
 WACCMX_APPLY_SOURCE_FLAGS           4           5  0.250663817           37696       26078       10431        1187           0           0
 WACCMX_APPLY_BLEND           4           5  0.250663817           37696           1   600.000000       720.000000           26078           0           0       26078           0           0
 WACCMX_APPLY_QC           9           3  0.250663817           37696       26261       11435       26261       11435       26261       26261       26261       26261
 WACCMX_APPLY_SOURCE_FLAGS           9           3  0.250663817           37696       26261       10680         755           0           0
 WACCMX_APPLY_BLEND           9           3  0.250663817           37696           1   600.000000       720.000000           26255           6           0       26255           6           0
 WACCMX online neutral received: taskid,step,packet_hr=          14           3  0.250000000    
 WACCMX_RECV_QC          14           3  0.250000000          131748       56732      131748       56732   4.2567331958266680E+018   73541324.477859497        64960973.690088138       -43976658.596083276        0.0000000000000000        4.2567331958266680E+018   73541324.477859497        64960973.690088138       -43976658.596083276        0.0000000000000000     
 WACCMX_RECV_SOURCE_FLAGS          14           3  0.250000000          188480      131748       54005        2727           0           0      131748       56732      131748       56732      131748      131748      131748      131748
 WACCMX_APPLY_QC          14           1  0.250663817           37696       26299       11397       26299       11397       26299       26299       26299       26299
 WACCMX_APPLY_SOURCE_FLAGS          14           1  0.250663817           37696       26299       10868         529           0           0
 WACCMX_APPLY_BLEND          14           1  0.250663817           37696           1   600.000000       720.000000           26286          13           0       26286          13           0
 WACCMX_APPLY_QC           7           4  0.250663817           37696       26202       11494       26202       11494       26202       26202       26202       26202
 WACCMX_APPLY_SOURCE_FLAGS           7           4  0.250663817           37696       26202       10570         924           0           0
 WACCMX_APPLY_BLEND           7           4  0.250663817           37696           1   600.000000       720.000000           26200           2           0       26200           2           0
 WACCMX_APPLY_QC          12           2  0.250663817           37696       26274       11422       26274       11422       26274       26274       26274       26274
 WACCMX_APPLY_SOURCE_FLAGS          12           2  0.250663817           37696       26274       10861         561           0           0
 WACCMX_APPLY_BLEND          12           2  0.250663817           37696           1   600.000000       720.000000           26266           8           0       26266           8           0
 WACCMX_APPLY_QC           5           5  0.250663817           37696       26127       11569       26127       11569       26127       26127       26127       26127
 WACCMX_APPLY_SOURCE_FLAGS           5           5  0.250663817           37696       26127       10455        1114           0           0
 WACCMX_APPLY_BLEND           5           5  0.250663817           37696           1   600.000000       720.000000           26127           0           0       26127           0           0
 WACCMX_APPLY_QC          10           3  0.250663817           37696       26272       11424       26272       11424       26272       26272       26272       26272
 WACCMX_APPLY_SOURCE_FLAGS          10           3  0.250663817           37696       26272       10732         692           0           0
 WACCMX_APPLY_BLEND          10           3  0.250663817           37696           1   600.000000       720.000000           26263           9           0       26263           9           0
 WACCMX online neutral received: taskid,step,packet_hr=          15           3  0.250000000    
 WACCMX_RECV_QC          15           3  0.250000000          132187       56293      132187       56293   4.2482841451568666E+018   75053102.523818970       -28477498.845083244        11079316.377276335        0.0000000000000000        4.2482841451568666E+018   75053102.523818970       -28477498.845083244        11079316.377276335        0.0000000000000000     
 WACCMX_RECV_SOURCE_FLAGS          15           3  0.250000000          188480      132187       53369        2924           0           0      132187       56293      132187       56293      132187      132187      132187      132187
 WACCMX_APPLY_QC          15           1  0.250663817           37696       26382       11314       26382       11314       26382       26382       26382       26382
 WACCMX_APPLY_SOURCE_FLAGS          15           1  0.250663817           37696       26382       10769         545           0           0
 WACCMX_APPLY_BLEND          15           1  0.250663817           37696           1   600.000000       720.000000           26365          17           0       26365          17           0
 WACCMX_APPLY_QC           8           4  0.250663817           37696       26257       11439       26257       11439       26257       26257       26257       26257
 WACCMX_APPLY_SOURCE_FLAGS           8           4  0.250663817           37696       26257       10643         796           0           0
 WACCMX_APPLY_BLEND           8           4  0.250663817           37696           1   600.000000       720.000000           26253           4           0       26253           4           0
 WACCMX_APPLY_QC          13           2  0.250663817           37696       26277       11419       26277       11419       26277       26277       26277       26277
 WACCMX_APPLY_SOURCE_FLAGS          13           2  0.250663817           37696       26277       10893         526           0           0
 WACCMX_APPLY_BLEND          13           2  0.250663817           37696           1   600.000000       720.000000           26264          13           0       26264          13           0
 WACCMX_APPLY_QC           6           5  0.250663817           37696       26181       11515       26181       11515       26181       26181       26181       26181
 WACCMX_APPLY_SOURCE_FLAGS           6           5  0.250663817           37696       26181       10513        1002           0           0
 WACCMX_APPLY_BLEND           6           5  0.250663817           37696           1   600.000000       720.000000           26181           0           0       26181           0           0
 WACCMX_APPLY_QC          11           3  0.250663817           37696       26281       11415       26281       11415       26281       26281       26281       26281
 WACCMX_APPLY_SOURCE_FLAGS          11           3  0.250663817           37696       26281       10804         611           0           0
 WACCMX_APPLY_BLEND          11           3  0.250663817           37696           1   600.000000       720.000000           26272           9           0       26272           9           0
 WACCMX online neutral received: taskid,step,packet_hr=          16           3  0.250000000    
 WACCMX_RECV_QC          16           3  0.250000000          132411       56069      132411       56069   4.2405907854506721E+018   76248603.335128784       -131008239.46647638        45021795.931754649        0.0000000000000000        4.2405907854506721E+018   76248603.335128784       -131008239.46647638        45021795.931754649        0.0000000000000000     
 WACCMX_RECV_SOURCE_FLAGS          16           3  0.250000000          188480      132411       52807        3262           0           0      132411       56069      132411       56069      132411      132411      132411      132411
 WACCMX_APPLY_QC          16           1  0.250663817           37696       26471       11225       26471       11225       26471       26471       26471       26471
 WACCMX_APPLY_SOURCE_FLAGS          16           1  0.250663817           37696       26471       10628         597           0           0
 WACCMX_APPLY_BLEND          16           1  0.250663817           37696           1   600.000000       720.000000           26453          18           0       26453          18           0
 WACCMX_APPLY_QC           9           4  0.250663817           37696       26264       11432       26264       11432       26264       26264       26264       26264
 WACCMX_APPLY_SOURCE_FLAGS           9           4  0.250663817           37696       26264       10706         726           0           0
 WACCMX_APPLY_BLEND           9           4  0.250663817           37696           1   600.000000       720.000000           26257           7           0       26257           7           0
 WACCMX_APPLY_QC          14           2  0.250663817           37696       26315       11381       26315       11381       26315       26315       26315       26315
 WACCMX_APPLY_SOURCE_FLAGS          14           2  0.250663817           37696       26315       10840         541           0           0
 WACCMX_APPLY_BLEND          14           2  0.250663817           37696           1   600.000000       720.000000           26301          14           0       26301          14           0
 WACCMX_APPLY_QC           7           5  0.250663817           37696       26214       11482       26214       11482       26214       26214       26214       26214
 WACCMX_APPLY_SOURCE_FLAGS           7           5  0.250663817           37696       26214       10600         882           0           0
 WACCMX_APPLY_BLEND           7           5  0.250663817           37696           1   600.000000       720.000000           26211           3           0       26211           3           0
 WACCMX online neutral received: taskid,step,packet_hr=          17           3  0.250000000    
 WACCMX_APPLY_QC          12           3  0.250663817           37696       26271       11425       26271       11425       26271       26271       26271       26271
 WACCMX_APPLY_SOURCE_FLAGS          12           3  0.250663817           37696       26271       10886         539           0           0
 WACCMX_APPLY_BLEND          12           3  0.250663817           37696           1   600.000000       720.000000           26260          11           0       26260          11           0
 WACCMX_RECV_QC          17           3  0.250000000          132482       55998      132482       55998   4.2790087292817193E+018   77181277.623870850       -214242694.48732129        66071295.335455671        0.0000000000000000        4.2790087292817193E+018   77181277.623870850       -214242694.48732129        66071295.335455671        0.0000000000000000     
 WACCMX_RECV_SOURCE_FLAGS          17           3  0.250000000          188480      132482       52260        3738           0           0      132482       55998      132482       55998      132482      132482      132482      132482
 WACCMX_APPLY_QC          17           1  0.250663817           37696       26486       11210       26486       11210       26486       26486       26486       26486
 WACCMX_APPLY_SOURCE_FLAGS          17           1  0.250663817           37696       26486       10528         682           0           0
 WACCMX_APPLY_BLEND          17           1  0.250663817           37696           1   600.000000       720.000000           26465          21           0       26465          21           0
 WACCMX_APPLY_QC          10           4  0.250663817           37696       26287       11409       26287       11409       26287       26287       26287       26287
 WACCMX_APPLY_SOURCE_FLAGS          10           4  0.250663817           37696       26287       10745         664           0           0
 WACCMX_APPLY_BLEND          10           4  0.250663817           37696           1   600.000000       720.000000           26278           9           0       26278           9           0
 WACCMX_APPLY_QC          15           2  0.250663817           37696       26410       11286       26410       11286       26410       26410       26410       26410
 WACCMX_APPLY_SOURCE_FLAGS          15           2  0.250663817           37696       26410       10713         573           0           0
 WACCMX_APPLY_BLEND          15           2  0.250663817           37696           1   600.000000       720.000000           26393          17           0       26393          17           0
 WACCMX_APPLY_QC           8           5  0.250663817           37696       26266       11430       26266       11430       26266       26266       26266       26266
 WACCMX_APPLY_SOURCE_FLAGS           8           5  0.250663817           37696       26266       10661         769           0           0
 WACCMX_APPLY_BLEND           8           5  0.250663817           37696           1   600.000000       720.000000           26260           6           0       26260           6           0
 WACCMX_APPLY_QC          13           3  0.250663817           37696       26277       11419       26277       11419       26277       26277       26277       26277
 WACCMX_APPLY_SOURCE_FLAGS          13           3  0.250663817           37696       26277       10885         534           0           0
 WACCMX_APPLY_BLEND          13           3  0.250663817           37696           1   600.000000       720.000000           26265          12           0       26265          12           0
 WACCMX online neutral received: taskid,step,packet_hr=          18           3  0.250000000    
 WACCMX_RECV_QC          18           3  0.250000000          132533       55947      132533       55947   4.3851065102982733E+018   78194413.393936157       -280433407.51655632        97827979.984219193        0.0000000000000000        4.3851065102982733E+018   78194413.393936157       -280433407.51655632        97827979.984219193        0.0000000000000000     
 WACCMX_RECV_SOURCE_FLAGS          18           3  0.250000000          188480      132533       51611        4336           0           0      132533       55947      132533       55947      132533      132533      132533      132533
 WACCMX_APPLY_QC          18           1  0.250663817           37696       26499       11197       26499       11197       26499       26499       26499       26499
 WACCMX_APPLY_SOURCE_FLAGS          18           1  0.250663817           37696       26499       10418         779           0           0
 WACCMX_APPLY_BLEND          18           1  0.250663817           37696           1   600.000000       720.000000           26473          26           0       26473          26           0
 WACCMX_APPLY_QC          11           4  0.250663817           37696       26273       11423       26273       11423       26273       26273       26273       26273
 WACCMX_APPLY_SOURCE_FLAGS          11           4  0.250663817           37696       26273       10831         592           0           0
 WACCMX_APPLY_BLEND          11           4  0.250663817           37696           1   600.000000       720.000000           26266           7           0       26266           7           0
 WACCMX_APPLY_QC          16           2  0.250663817           37696       26479       11217       26479       11217       26479       26479       26479       26479
 WACCMX_APPLY_SOURCE_FLAGS          16           2  0.250663817           37696       26479       10594         623           0           0
 WACCMX_APPLY_BLEND          16           2  0.250663817           37696           1   600.000000       720.000000           26461          18           0       26461          18           0
 WACCMX_APPLY_QC           9           5  0.250663817           37696       26268       11428       26268       11428       26268       26268       26268       26268
 WACCMX_APPLY_SOURCE_FLAGS           9           5  0.250663817           37696       26268       10718         710           0           0
 WACCMX_APPLY_BLEND           9           5  0.250663817           37696           1   600.000000       720.000000           26259           9           0       26259           9           0
 WACCMX online neutral received: taskid,step,packet_hr=          19           3  0.250000000    
 WACCMX_APPLY_QC          14           3  0.250663817           37696       26342       11354       26342       11354       26342       26342       26342       26342
 WACCMX_APPLY_SOURCE_FLAGS          14           3  0.250663817           37696       26342       10815         539           0           0
 WACCMX_APPLY_BLEND          14           3  0.250663817           37696           1   600.000000       720.000000           26328          14           0       26328          14           0
 WACCMX_RECV_QC          19           3  0.250000000          132465       56015      132465       56015   4.3704296555610675E+018   79265275.540039062       -286852451.62936431        170781422.48818129        0.0000000000000000        4.3704296555610675E+018   79265275.540039062       -286852451.62936431        170781422.48818129        0.0000000000000000     
 WACCMX_RECV_SOURCE_FLAGS          19           3  0.250000000          188480      132465       51000        5015           0           0      132465       56015      132465       56015      132465      132465      132465      132465
 WACCMX_APPLY_QC          19           1  0.250663817           37696       26512       11184       26512       11184       26512       26512       26512       26512
 WACCMX_APPLY_SOURCE_FLAGS          19           1  0.250663817           37696       26512       10278         906           0           0
 WACCMX_APPLY_BLEND          19           1  0.250663817           37696           1   600.000000       720.000000           26481          31           0       26481          31           0
 WACCMX_APPLY_QC          17           2  0.250663817           37696       26496       11200       26496       11200       26496       26496       26496       26496
 WACCMX_APPLY_SOURCE_FLAGS          17           2  0.250663817           37696       26496       10496         704           0           0
 WACCMX_APPLY_BLEND          17           2  0.250663817           37696           1   600.000000       720.000000           26474          22           0       26474          22           0
 WACCMX_APPLY_QC          12           4  0.250663817           37696       26276       11420       26276       11420       26276       26276       26276       26276
 WACCMX_APPLY_SOURCE_FLAGS          12           4  0.250663817           37696       26276       10893         527           0           0
 WACCMX_APPLY_BLEND          12           4  0.250663817           37696           1   600.000000       720.000000           26263          13           0       26263          13           0
 WACCMX_APPLY_QC          10           5  0.250663817           37696       26282       11414       26282       11414       26282       26282       26282       26282
 WACCMX_APPLY_SOURCE_FLAGS          10           5  0.250663817           37696       26282       10773         641           0           0
 WACCMX_APPLY_BLEND          10           5  0.250663817           37696           1   600.000000       720.000000           26273           9           0       26273           9           0
 WACCMX online neutral received: taskid,step,packet_hr=          20           3  0.250000000    
 WACCMX_RECV_QC          20           3  0.250000000          132301       56179      132301       56179   4.3537233205835213E+018   80281024.467254639       -275440270.80505139        262995454.72512004        0.0000000000000000        4.3537233205835213E+018   80281024.467254639       -275440270.80505139        262995454.72512004        0.0000000000000000     
 WACCMX_RECV_SOURCE_FLAGS          20           3  0.250000000          188480      132301       50397        5782           0           0      132301       56179      132301       56179      132301      132301      132301      132301
 WACCMX_APPLY_QC          20           1  0.250663817           37696       26485       11211       26485       11211       26485       26485       26485       26485
 WACCMX_APPLY_SOURCE_FLAGS          20           1  0.250663817           37696       26485       10159        1052           0           0
 WACCMX_APPLY_BLEND          20           1  0.250663817           37696           1   600.000000       720.000000           26463          22           0       26463          22           0
 WACCMX_APPLY_QC          15           3  0.250663817           37696       26445       11251       26445       11251       26445       26445       26445       26445
 WACCMX_APPLY_SOURCE_FLAGS          15           3  0.250663817           37696       26445       10665         586           0           0
 WACCMX_APPLY_BLEND          15           3  0.250663817           37696           1   600.000000       720.000000           26428          17           0       26428          17           0
 WACCMX_APPLY_QC          13           4  0.250663817           37696       26299       11397       26299       11397       26299       26299       26299       26299
 WACCMX_APPLY_SOURCE_FLAGS          13           4  0.250663817           37696       26299       10868         529           0           0
 WACCMX_APPLY_BLEND          13           4  0.250663817           37696           1   600.000000       720.000000           26286          13           0       26286          13           0
 WACCMX_APPLY_QC          18           2  0.250663817           37696       26503       11193       26503       11193       26503       26503       26503       26503
 WACCMX_APPLY_SOURCE_FLAGS          18           2  0.250663817           37696       26503       10361         832           0           0
 WACCMX_APPLY_BLEND          18           2  0.250663817           37696           1   600.000000       720.000000           26476          27           0       26476          27           0
 WACCMX online neutral received: taskid,step,packet_hr=          21           3  0.250000000    
 WACCMX_APPLY_QC          11           5  0.250663817           37696       26274       11422       26274       11422       26274       26274       26274       26274
 WACCMX_APPLY_SOURCE_FLAGS          11           5  0.250663817           37696       26274       10861         561           0           0
 WACCMX_APPLY_BLEND          11           5  0.250663817           37696           1   600.000000       720.000000           26266           8           0       26266           8           0
 WACCMX_RECV_QC          21           3  0.250000000          132059       56421      132059       56421   4.4192676456649656E+018   81196944.059951782       -331042593.53891391        283712734.90168858        0.0000000000000000        4.4192676456649656E+018   81196944.059951782       -331042593.53891391        283712734.90168858        0.0000000000000000     
 WACCMX_RECV_SOURCE_FLAGS          21           3  0.250000000          188480      132059       49845        6576           0           0      132059       56421      132059       56421      132059      132059      132059      132059
 WACCMX_APPLY_QC          21           1  0.250663817           37696       26451       11245       26451       11245       26451       26451       26451       26451
 WACCMX_APPLY_SOURCE_FLAGS          21           1  0.250663817           37696       26451       10046        1199           0           0
 WACCMX_APPLY_BLEND          21           1  0.250663817           37696           1   600.000000       720.000000           26437          14           0       26437          14           0
 WACCMX_APPLY_QC          16           3  0.250663817           37696       26479       11217       26479       11217       26479       26479       26479       26479
 WACCMX_APPLY_SOURCE_FLAGS          16           3  0.250663817           37696       26479       10561         656           0           0
 WACCMX_APPLY_BLEND          16           3  0.250663817           37696           1   600.000000       720.000000           26460          19           0       26460          19           0
 WACCMX_APPLY_QC          14           4  0.250663817           37696       26382       11314       26382       11314       26382       26382       26382       26382
 WACCMX_APPLY_SOURCE_FLAGS          14           4  0.250663817           37696       26382       10769         545           0           0
 WACCMX_APPLY_BLEND          14           4  0.250663817           37696           1   600.000000       720.000000           26365          17           0       26365          17           0
 WACCMX_APPLY_QC          19           2  0.250663817           37696       26506       11190       26506       11190       26506       26506       26506       26506
 WACCMX_APPLY_SOURCE_FLAGS          19           2  0.250663817           37696       26506       10242         948           0           0
 WACCMX_APPLY_BLEND          19           2  0.250663817           37696           1   600.000000       720.000000           26477          29           0       26477          29           0
 WACCMX online neutral received: taskid,step,packet_hr=          22           3  0.250000000    
 WACCMX_RECV_QC          22           3  0.250000000          131898       56582      131898       56582   4.5106299048858296E+018   82242386.570343018       -401432307.42822021        229614684.61634508        0.0000000000000000        4.5106299048858296E+018   82242386.570343018       -401432307.42822021        229614684.61634508        0.0000000000000000     
 WACCMX_RECV_SOURCE_FLAGS          22           3  0.250000000          188480      131898       49422        7160           0           0      131898       56582      131898       56582      131898      131898      131898      131898
 WACCMX_APPLY_QC          22           1  0.250663817           37696       26388       11308       26388       11308       26388       26388       26388       26388
 WACCMX_APPLY_SOURCE_FLAGS          22           1  0.250663817           37696       26388        9943        1365           0           0
 WACCMX_APPLY_BLEND          22           1  0.250663817           37696           1   600.000000       720.000000           26381           7           0       26381           7           0
 WACCMX_APPLY_QC          17           3  0.250663817           37696       26498       11198       26498       11198       26498       26498       26498       26498
 WACCMX_APPLY_SOURCE_FLAGS          17           3  0.250663817           37696       26498       10457         741           0           0
 WACCMX_APPLY_BLEND          17           3  0.250663817           37696           1   600.000000       720.000000           26474          24           0       26474          24           0
 WACCMX_APPLY_QC          12           5  0.250663817           37696       26277       11419       26277       11419       26277       26277       26277       26277
 WACCMX_APPLY_SOURCE_FLAGS          12           5  0.250663817           37696       26277       10893         526           0           0
 WACCMX_APPLY_BLEND          12           5  0.250663817           37696           1   600.000000       720.000000           26264          13           0       26264          13           0
 WACCMX_APPLY_QC          20           2  0.250663817           37696       26475       11221       26475       11221       26475       26475       26475       26475
 WACCMX_APPLY_SOURCE_FLAGS          20           2  0.250663817           37696       26475       10124        1097           0           0
 WACCMX_APPLY_BLEND          20           2  0.250663817           37696           1   600.000000       720.000000           26455          20           0       26455          20           0
 WACCMX_APPLY_QC          15           4  0.250663817           37696       26471       11225       26471       11225       26471       26471       26471       26471
 WACCMX_APPLY_SOURCE_FLAGS          15           4  0.250663817           37696       26471       10628         597           0           0
 WACCMX_APPLY_BLEND          15           4  0.250663817           37696           1   600.000000       720.000000           26453          18           0       26453          18           0
 WACCMX_APPLY_QC          13           5  0.250663817           37696       26315       11381       26315       11381       26315       26315       26315       26315
 WACCMX_APPLY_SOURCE_FLAGS          13           5  0.250663817           37696       26315       10840         541           0           0
 WACCMX_APPLY_BLEND          13           5  0.250663817           37696           1   600.000000       720.000000           26301          14           0       26301          14           0
 WACCMX online neutral received: taskid,step,packet_hr=          23           3  0.250000000    
 WACCMX_RECV_QC          23           3  0.250000000          131924       56556      131924       56556   4.6031091363277716E+018   83333505.925018311       -444012574.09877199        188401092.37882355        0.0000000000000000        4.6031091363277716E+018   83333505.925018311       -444012574.09877199        188401092.37882355        0.0000000000000000     
 WACCMX_RECV_SOURCE_FLAGS          23           3  0.250000000          188480      131924       49081        7475           0           0      131924       56556      131924       56556      131924      131924      131924      131924
 WACCMX_APPLY_QC          23           1  0.250663817           37696       26378       11318       26378       11318       26378       26378       26378       26378
 WACCMX_APPLY_SOURCE_FLAGS          23           1  0.250663817           37696       26378        9854        1464           0           0
 WACCMX_APPLY_BLEND          23           1  0.250663817           37696           1   600.000000       720.000000           26375           3           0       26375           3           0
 WACCMX_APPLY_QC          18           3  0.250663817           37696       26513       11183       26513       11183       26513       26513       26513       26513
 WACCMX_APPLY_SOURCE_FLAGS          18           3  0.250663817           37696       26513       10312         871           0           0
 WACCMX_APPLY_BLEND          18           3  0.250663817           37696           1   600.000000       720.000000           26483          30           0       26483          30           0
 WACCMX_APPLY_QC          21           2  0.250663817           37696       26430       11266       26430       11266       26430       26430       26430       26430
 WACCMX_APPLY_SOURCE_FLAGS          21           2  0.250663817           37696       26430        9986        1280           0           0
 WACCMX_APPLY_BLEND          21           2  0.250663817           37696           1   600.000000       720.000000           26419          11           0       26419          11           0
 WACCMX_APPLY_QC          16           4  0.250663817           37696       26486       11210       26486       11210       26486       26486       26486       26486
 WACCMX_APPLY_SOURCE_FLAGS          16           4  0.250663817           37696       26486       10528         682           0           0
 WACCMX_APPLY_BLEND          16           4  0.250663817           37696           1   600.000000       720.000000           26465          21           0       26465          21           0
 WACCMX online neutral received: taskid,step,packet_hr=          24           3  0.250000000    
 WACCMX_RECV_QC          24           3  0.250000000          132066       56414      132066       56414   4.7395719522481951E+018   84238816.849319458       -454435916.94078970        144717720.42563778        0.0000000000000000        4.7395719522481951E+018   84238816.849319458       -454435916.94078970        144717720.42563778        0.0000000000000000     
 WACCMX_RECV_SOURCE_FLAGS          24           3  0.250000000          188480      132066       48809        7605           0           0      132066       56414      132066       56414      132066      132066      132066      132066
 WACCMX_APPLY_QC          24           1  0.250663817           37696       26390       11306       26390       11306       26390       26390       26390       26390
 WACCMX_APPLY_SOURCE_FLAGS          24           1  0.250663817           37696       26390        9799        1507           0           0
 WACCMX_APPLY_BLEND          24           1  0.250663817           37696           1   600.000000       720.000000           26388           2           0       26388           2           0
 WACCMX_APPLY_QC          14           5  0.250663817           37696       26410       11286       26410       11286       26410       26410       26410       26410
 WACCMX_APPLY_SOURCE_FLAGS          14           5  0.250663817           37696       26410       10713         573           0           0
 WACCMX_APPLY_BLEND          14           5  0.250663817           37696           1   600.000000       720.000000           26393          17           0       26393          17           0
 WACCMX_APPLY_QC          19           3  0.250663817           37696       26487       11209       26487       11209       26487       26487       26487       26487
 WACCMX_APPLY_SOURCE_FLAGS          19           3  0.250663817           37696       26487       10197        1012           0           0
 WACCMX_APPLY_BLEND          19           3  0.250663817           37696           1   600.000000       720.000000           26464          23           0       26464          23           0
 WACCMX_APPLY_QC          22           2  0.250663817           37696       26379       11317       26379       11317       26379       26379       26379       26379
 WACCMX_APPLY_SOURCE_FLAGS          22           2  0.250663817           37696       26379        9908        1409           0           0
 WACCMX_APPLY_BLEND          22           2  0.250663817           37696           1   600.000000       720.000000           26373           6           0       26373           6           0
 WACCMX_APPLY_QC          17           4  0.250663817           37696       26499       11197       26499       11197       26499       26499       26499       26499
 WACCMX_APPLY_SOURCE_FLAGS          17           4  0.250663817           37696       26499       10418         779           0           0
 WACCMX_APPLY_BLEND          17           4  0.250663817           37696           1   600.000000       720.000000           26473          26           0       26473          26           0
 WACCMX online neutral received: taskid,step,packet_hr=          25           3  0.250000000    
 WACCMX_RECV_QC          25           3  0.250000000          132137       56343      132137       56343   4.9189970247960750E+018   84618156.441894531       -396185133.32302153        145003921.25195661        0.0000000000000000        4.9189970247960750E+018   84618156.441894531       -396185133.32302153        145003921.25195661        0.0000000000000000     
 WACCMX_RECV_SOURCE_FLAGS          25           3  0.250000000          188480      132137       48644        7699           0           0      132137       56343      132137       56343      132137      132137      132137      132137
 WACCMX_APPLY_QC          25           1  0.250663817           37696       26422       11274       26422       11274       26422       26422       26422       26422
 WACCMX_APPLY_SOURCE_FLAGS          25           1  0.250663817           37696       26422        9742        1532           0           0
 WACCMX_APPLY_BLEND          25           1  0.250663817           37696           1   600.000000       720.000000           26421           1           0       26421           1           0
 WACCMX_APPLY_QC          20           3  0.250663817           37696       26460       11236       26460       11236       26460       26460       26460       26460
 WACCMX_APPLY_SOURCE_FLAGS          20           3  0.250663817           37696       26460       10082        1154           0           0
 WACCMX_APPLY_BLEND          20           3  0.250663817           37696           1   600.000000       720.000000           26444          16           0       26444          16           0
 WACCMX_APPLY_QC          15           5  0.250663817           37696       26479       11217       26479       11217       26479       26479       26479       26479
 WACCMX_APPLY_SOURCE_FLAGS          15           5  0.250663817           37696       26479       10594         623           0           0
 WACCMX_APPLY_BLEND          15           5  0.250663817           37696           1   600.000000       720.000000           26461          18           0       26461          18           0
 WACCMX_APPLY_QC          23           2  0.250663817           37696       26372       11324       26372       11324       26372       26372       26372       26372
 WACCMX_APPLY_SOURCE_FLAGS          23           2  0.250663817           37696       26372        9835        1489           0           0
 WACCMX_APPLY_BLEND          23           2  0.250663817           37696           1   600.000000       720.000000           26370           2           0       26370           2           0
 WACCMX_APPLY_QC          18           4  0.250663817           37696       26512       11184       26512       11184       26512       26512       26512       26512
 WACCMX_APPLY_SOURCE_FLAGS          18           4  0.250663817           37696       26512       10278         906           0           0
 WACCMX_APPLY_BLEND          18           4  0.250663817           37696           1   600.000000       720.000000           26481          31           0       26481          31           0
 WACCMX online neutral received: taskid,step,packet_hr=          26           3  0.250000000    
 WACCMX_RECV_QC          26           3  0.250000000          132097       56383      132097       56383   4.9572311396173732E+018   84627420.523880005       -285831156.25840181        173541265.02528411        0.0000000000000000        4.9572311396173732E+018   84627420.523880005       -285831156.25840181        173541265.02528411        0.0000000000000000     
 WACCMX_RECV_SOURCE_FLAGS          26           3  0.250000000          188480      132097       48630        7753           0           0      132097       56383      132097       56383      132097      132097      132097      132097
 WACCMX_APPLY_QC          26           1  0.250663817           37696       26425       11271       26425       11271       26425       26425       26425       26425
 WACCMX_APPLY_SOURCE_FLAGS          26           1  0.250663817           37696       26425        9720        1551           0           0
 WACCMX_APPLY_BLEND          26           1  0.250663817           37696           1   600.000000       720.000000           26425           0           0       26425           0           0
 WACCMX_APPLY_QC          21           3  0.250663817           37696       26411       11285       26411       11285       26411       26411       26411       26411
 WACCMX_APPLY_SOURCE_FLAGS          21           3  0.250663817           37696       26411        9962        1323           0           0
 WACCMX_APPLY_BLEND          21           3  0.250663817           37696           1   600.000000       720.000000           26401          10           0       26401          10           0
 WACCMX_APPLY_QC          16           5  0.250663817           37696       26496       11200       26496       11200       26496       26496       26496       26496
 WACCMX_APPLY_SOURCE_FLAGS          16           5  0.250663817           37696       26496       10496         704           0           0
 WACCMX_APPLY_BLEND          16           5  0.250663817           37696           1   600.000000       720.000000           26474          22           0       26474          22           0
 WACCMX_APPLY_QC          24           2  0.250663817           37696       26406       11290       26406       11290       26406       26406       26406       26406
 WACCMX_APPLY_SOURCE_FLAGS          24           2  0.250663817           37696       26406        9777        1513           0           0
 WACCMX_APPLY_BLEND          24           2  0.250663817           37696           1   600.000000       720.000000           26405           1           0       26405           1           0
 WACCMX_APPLY_QC          19           4  0.250663817           37696       26485       11211       26485       11211       26485       26485       26485       26485
 WACCMX_APPLY_SOURCE_FLAGS          19           4  0.250663817           37696       26485       10159        1052           0           0
 WACCMX_APPLY_BLEND          19           4  0.250663817           37696           1   600.000000       720.000000           26463          22           0       26463          22           0
 WACCMX online neutral received: taskid,step,packet_hr=          27           3  0.250000000    
 WACCMX_RECV_QC          27           3  0.250000000          132012       56468      132012       56468   4.8460072975150408E+018   84494894.877288818       -173591224.69744864        165821888.52475575        0.0000000000000000        4.8460072975150408E+018   84494894.877288818       -173591224.69744864        165821888.52475575        0.0000000000000000     
 WACCMX_RECV_SOURCE_FLAGS          27           3  0.250000000          188480      132012       48741        7727           0           0      132012       56468      132012       56468      132012      132012      132012      132012
 WACCMX_APPLY_QC          27           1  0.250663817           37696       26415       11281       26415       11281       26415       26415       26415       26415
 WACCMX_APPLY_SOURCE_FLAGS          27           1  0.250663817           37696       26415        9732        1549           0           0
 WACCMX_APPLY_BLEND          27           1  0.250663817           37696           1   600.000000       720.000000           26415           0           0       26415           0           0
 WACCMX_APPLY_QC          22           3  0.250663817           37696       26381       11315       26381       11315       26381       26381       26381       26381
 WACCMX_APPLY_SOURCE_FLAGS          22           3  0.250663817           37696       26381        9882        1433           0           0
 WACCMX_APPLY_BLEND          22           3  0.250663817           37696           1   600.000000       720.000000           26377           4           0       26377           4           0
 WACCMX_APPLY_QC          17           5  0.250663817           37696       26503       11193       26503       11193       26503       26503       26503       26503
 WACCMX_APPLY_SOURCE_FLAGS          17           5  0.250663817           37696       26503       10361         832           0           0
 WACCMX_APPLY_BLEND          17           5  0.250663817           37696           1   600.000000       720.000000           26476          27           0       26476          27           0
 WACCMX_APPLY_QC          25           2  0.250663817           37696       26428       11268       26428       11268       26428       26428       26428       26428
 WACCMX_APPLY_SOURCE_FLAGS          25           2  0.250663817           37696       26428        9734        1534           0           0
 WACCMX_APPLY_BLEND          25           2  0.250663817           37696           1   600.000000       720.000000           26428           0           0       26428           0           0
 WACCMX_APPLY_QC          20           4  0.250663817           37696       26451       11245       26451       11245       26451       26451       26451       26451
 WACCMX_APPLY_SOURCE_FLAGS          20           4  0.250663817           37696       26451       10046        1199           0           0
 WACCMX_APPLY_BLEND          20           4  0.250663817           37696           1   600.000000       720.000000           26437          14           0       26437          14           0
 WACCMX online neutral received: taskid,step,packet_hr=          28           3  0.250000000    
 WACCMX_RECV_QC          28           3  0.250000000          131892       56588      131892       56588   4.7096374867009679E+018   84255434.199768066       -106050202.01788662        120113837.89761063        0.0000000000000000        4.7096374867009679E+018   84255434.199768066       -106050202.01788662        120113837.89761063        0.0000000000000000     
 WACCMX_RECV_SOURCE_FLAGS          28           3  0.250000000          188480      131892       48878        7710           0           0      131892       56588      131892       56588      131892      131892      131892      131892
 WACCMX_APPLY_QC          28           1  0.250663817           37696       26398       11298       26398       11298       26398       26398       26398       26398
 WACCMX_APPLY_SOURCE_FLAGS          28           1  0.250663817           37696       26398        9757        1541           0           0
 WACCMX_APPLY_BLEND          28           1  0.250663817           37696           1   600.000000       720.000000           26398           0           0       26398           0           0
 WACCMX_APPLY_QC          23           3  0.250663817           37696       26378       11318       26378       11318       26378       26378       26378       26378
 WACCMX_APPLY_SOURCE_FLAGS          23           3  0.250663817           37696       26378        9816        1502           0           0
 WACCMX_APPLY_BLEND          23           3  0.250663817           37696           1   600.000000       720.000000           26376           2           0       26376           2           0
 WACCMX_APPLY_QC          18           5  0.250663817           37696       26506       11190       26506       11190       26506       26506       26506       26506
 WACCMX_APPLY_SOURCE_FLAGS          18           5  0.250663817           37696       26506       10242         948           0           0
 WACCMX_APPLY_BLEND          18           5  0.250663817           37696           1   600.000000       720.000000           26477          29           0       26477          29           0
 WACCMX_APPLY_QC          26           2  0.250663817           37696       26429       11267       26429       11267       26429       26429       26429       26429
 WACCMX_APPLY_SOURCE_FLAGS          26           2  0.250663817           37696       26429        9721        1546           0           0
 WACCMX_APPLY_BLEND          26           2  0.250663817           37696           1   600.000000       720.000000           26429           0           0       26429           0           0
 WACCMX_APPLY_QC          21           4  0.250663817           37696       26388       11308       26388       11308       26388       26388       26388       26388
 WACCMX_APPLY_SOURCE_FLAGS          21           4  0.250663817           37696       26388        9943        1365           0           0
 WACCMX_APPLY_BLEND          21           4  0.250663817           37696           1   600.000000       720.000000           26381           7           0       26381           7           0
 WACCMX online neutral received: taskid,step,packet_hr=          29           3  0.250000000    
 WACCMX_RECV_QC          29           3  0.250000000          131772       56708      131772       56708   4.6260601121571574E+018   83784430.394302368       -49480182.772854447        112616866.58451910        0.0000000000000000        4.6260601121571574E+018   83784430.394302368       -49480182.772854447        112616866.58451910        0.0000000000000000     
 WACCMX_RECV_SOURCE_FLAGS          29           3  0.250000000          188480      131772       49058        7650           0           0      131772       56708      131772       56708      131772      131772      131772      131772
 WACCMX_APPLY_QC          29           1  0.250663817           37696       26367       11329       26367       11329       26367       26367       26367       26367
 WACCMX_APPLY_SOURCE_FLAGS          29           1  0.250663817           37696       26367        9786        1543           0           0
 WACCMX_APPLY_BLEND          29           1  0.250663817           37696           1   600.000000       720.000000           26367           0           0       26367           0           0
 WACCMX_APPLY_QC          24           3  0.250663817           37696       26420       11276       26420       11276       26420       26420       26420       26420
 WACCMX_APPLY_SOURCE_FLAGS          24           3  0.250663817           37696       26420        9757        1519           0           0
 WACCMX_APPLY_BLEND          24           3  0.250663817           37696           1   600.000000       720.000000           26419           1           0       26419           1           0
 WACCMX_APPLY_QC          19           5  0.250663817           37696       26475       11221       26475       11221       26475       26475       26475       26475
 WACCMX_APPLY_SOURCE_FLAGS          19           5  0.250663817           37696       26475       10124        1097           0           0
 WACCMX_APPLY_BLEND          19           5  0.250663817           37696           1   600.000000       720.000000           26455          20           0       26455          20           0
 WACCMX_APPLY_QC          27           2  0.250663817           37696       26407       11289       26407       11289       26407       26407       26407       26407
 WACCMX_APPLY_SOURCE_FLAGS          27           2  0.250663817           37696       26407        9737        1552           0           0
 WACCMX_APPLY_BLEND          27           2  0.250663817           37696           1   600.000000       720.000000           26407           0           0       26407           0           0
 WACCMX_APPLY_QC          22           4  0.250663817           37696       26378       11318       26378       11318       26378       26378       26378       26378
 WACCMX_APPLY_SOURCE_FLAGS          22           4  0.250663817           37696       26378        9854        1464           0           0
 WACCMX_APPLY_BLEND          22           4  0.250663817           37696           1   600.000000       720.000000           26375           3           0       26375           3           0
 WACCMX online neutral received: taskid,step,packet_hr=          30           3  0.250000000    
 WACCMX_RECV_QC          30           3  0.250000000          131623       56857      131623       56857   4.5884376337856512E+018   82960402.211044312        4493413.8020637520        139355677.23917890        0.0000000000000000        4.5884376337856512E+018   82960402.211044312        4493413.8020637520        139355677.23917890        0.0000000000000000     
 WACCMX_RECV_SOURCE_FLAGS          30           3  0.250000000          188480      131623       49377        7480           0           0      131623       56857      131623       56857      131623      131623      131623      131623
 WACCMX_APPLY_QC          30           1  0.250663817           37696       26346       11350       26346       11350       26346       26346       26346       26346
 WACCMX_APPLY_SOURCE_FLAGS          30           1  0.250663817           37696       26346        9830        1520           0           0
 WACCMX_APPLY_BLEND          30           1  0.250663817           37696           1   600.000000       720.000000           26346           0           0       26346           0           0
 WACCMX_APPLY_QC          25           3  0.250663817           37696       26433       11263       26433       11263       26433       26433       26433       26433
 WACCMX_APPLY_SOURCE_FLAGS          25           3  0.250663817           37696       26433        9727        1536           0           0
 WACCMX_APPLY_BLEND          25           3  0.250663817           37696           1   600.000000       720.000000           26433           0           0       26433           0           0
 WACCMX_APPLY_QC          20           5  0.250663817           37696       26430       11266       26430       11266       26430       26430       26430       26430
 WACCMX_APPLY_SOURCE_FLAGS          20           5  0.250663817           37696       26430        9986        1280           0           0
 WACCMX_APPLY_BLEND          20           5  0.250663817           37696           1   600.000000       720.000000           26419          11           0       26419          11           0
 WACCMX_APPLY_QC          28           2  0.250663817           37696       26388       11308       26388       11308       26388       26388       26388       26388
 WACCMX_APPLY_SOURCE_FLAGS          28           2  0.250663817           37696       26388        9767        1541           0           0
 WACCMX_APPLY_BLEND          28           2  0.250663817           37696           1   600.000000       720.000000           26388           0           0       26388           0           0
 WACCMX_APPLY_QC          23           4  0.250663817           37696       26390       11306       26390       11306       26390       26390       26390       26390
 WACCMX_APPLY_SOURCE_FLAGS          23           4  0.250663817           37696       26390        9799        1507           0           0
 WACCMX_APPLY_BLEND          23           4  0.250663817           37696           1   600.000000       720.000000           26388           2           0       26388           2           0
 WACCMX online neutral received: taskid,step,packet_hr=          31           3  0.250000000    
 WACCMX_RECV_QC          31           3  0.250000000          131466       57014      131466       57014   4.5355315685304822E+018   81739391.362319946        74449936.988410935        188833229.16981456        0.0000000000000000        4.5355315685304822E+018   81739391.362319946        74449936.988410935        188833229.16981456        0.0000000000000000     
 WACCMX_RECV_SOURCE_FLAGS          31           3  0.250000000          188480      131466       49902        7112           0           0      131466       57014      131466       57014      131466      131466      131466      131466
 WACCMX_APPLY_QC          31           1  0.250663817           37696       26312       11384       26312       11384       26312       26312       26312       26312
 WACCMX_APPLY_SOURCE_FLAGS          31           1  0.250663817           37696       26312        9894        1490           0           0
 WACCMX_APPLY_BLEND          31           1  0.250663817           37696           1   600.000000       720.000000           26312           0           0       26312           0           0
 WACCMX_APPLY_QC          26           3  0.250663817           37696       26421       11275       26421       11275       26421       26421       26421       26421
 WACCMX_APPLY_SOURCE_FLAGS          26           3  0.250663817           37696       26421        9720        1555           0           0
 WACCMX_APPLY_BLEND          26           3  0.250663817           37696           1   600.000000       720.000000           26421           0           0       26421           0           0
 WACCMX_APPLY_QC          21           5  0.250663817           37696       26379       11317       26379       11317       26379       26379       26379       26379
 WACCMX_APPLY_SOURCE_FLAGS          21           5  0.250663817           37696       26379        9908        1409           0           0
 WACCMX_APPLY_BLEND          21           5  0.250663817           37696           1   600.000000       720.000000           26373           6           0       26373           6           0
 WACCMX_APPLY_QC          29           2  0.250663817           37696       26364       11332       26364       11332       26364       26364       26364       26364
 WACCMX_APPLY_SOURCE_FLAGS          29           2  0.250663817           37696       26364        9792        1540           0           0
 WACCMX_APPLY_BLEND          29           2  0.250663817           37696           1   600.000000       720.000000           26364           0           0       26364           0           0
 WACCMX_APPLY_QC          24           4  0.250663817           37696       26422       11274       26422       11274       26422       26422       26422       26422
 WACCMX_APPLY_SOURCE_FLAGS          24           4  0.250663817           37696       26422        9742        1532           0           0
 WACCMX_APPLY_BLEND          24           4  0.250663817           37696           1   600.000000       720.000000           26421           1           0       26421           1           0
 WACCMX online neutral received: taskid,step,packet_hr=          32           3  0.250000000    
 WACCMX_RECV_QC          32           3  0.250000000          131250       57230      131250       57230   4.4079431839433149E+018   80152351.672943115        136920318.44667521        244908514.74850127        0.0000000000000000        4.4079431839433149E+018   80152351.672943115        136920318.44667521        244908514.74850127        0.0000000000000000     
 WACCMX_RECV_SOURCE_FLAGS          32           3  0.250000000          188480      131250       50638        6592           0           0      131250       57230      131250       57230      131250      131250      131250      131250
 WACCMX_APPLY_QC          32           1  0.250663817           37696       26283       11413       26283       11413       26283       26283       26283       26283
 WACCMX_APPLY_SOURCE_FLAGS          32           1  0.250663817           37696       26283       10023        1390           0           0
 WACCMX_APPLY_BLEND          32           1  0.250663817           37696           1   600.000000       720.000000           26283           0           0       26283           0           0
 WACCMX_APPLY_QC          27           3  0.250663817           37696       26404       11292       26404       11292       26404       26404       26404       26404
 WACCMX_APPLY_SOURCE_FLAGS          27           3  0.250663817           37696       26404        9748        1544           0           0
 WACCMX_APPLY_BLEND          27           3  0.250663817           37696           1   600.000000       720.000000           26404           0           0       26404           0           0
 WACCMX_APPLY_QC          22           5  0.250663817           37696       26372       11324       26372       11324       26372       26372       26372       26372
 WACCMX_APPLY_SOURCE_FLAGS          22           5  0.250663817           37696       26372        9835        1489           0           0
 WACCMX_APPLY_BLEND          22           5  0.250663817           37696           1   600.000000       720.000000           26370           2           0       26370           2           0
 WACCMX_APPLY_QC          30           2  0.250663817           37696       26337       11359       26337       11359       26337       26337       26337       26337
 WACCMX_APPLY_SOURCE_FLAGS          30           2  0.250663817           37696       26337        9848        1511           0           0
 WACCMX_APPLY_BLEND          30           2  0.250663817           37696           1   600.000000       720.000000           26337           0           0       26337           0           0
 WACCMX_APPLY_QC          25           4  0.250663817           37696       26425       11271       26425       11271       26425       26425       26425       26425
 WACCMX_APPLY_SOURCE_FLAGS          25           4  0.250663817           37696       26425        9720        1551           0           0
 WACCMX_APPLY_BLEND          25           4  0.250663817           37696           1   600.000000       720.000000           26425           0           0       26425           0           0
 WACCMX_APPLY_QC          28           3  0.250663817           37696       26375       11321       26375       11321       26375       26375       26375       26375
 WACCMX_APPLY_SOURCE_FLAGS          28           3  0.250663817           37696       26375        9776        1545           0           0
 WACCMX_APPLY_BLEND          28           3  0.250663817           37696           1   600.000000       720.000000           26375           0           0       26375           0           0
 WACCMX_APPLY_QC          23           5  0.250663817           37696       26406       11290       26406       11290       26406       26406       26406       26406
 WACCMX_APPLY_SOURCE_FLAGS          23           5  0.250663817           37696       26406        9777        1513           0           0
 WACCMX_APPLY_BLEND          23           5  0.250663817           37696           1   600.000000       720.000000           26405           1           0       26405           1           0
 WACCMX_APPLY_QC          26           4  0.250663817           37696       26415       11281       26415       11281       26415       26415       26415       26415
 WACCMX_APPLY_SOURCE_FLAGS          26           4  0.250663817           37696       26415        9732        1549           0           0
 WACCMX_APPLY_BLEND          26           4  0.250663817           37696           1   600.000000       720.000000           26415           0           0       26415           0           0
 WACCMX_APPLY_QC          31           2  0.250663817           37696       26305       11391       26305       11391       26305       26305       26305       26305
 WACCMX_APPLY_SOURCE_FLAGS          31           2  0.250663817           37696       26305        9937        1454           0           0
 WACCMX_APPLY_BLEND          31           2  0.250663817           37696           1   600.000000       720.000000           26305           0           0       26305           0           0
 WACCMX_APPLY_QC          29           3  0.250663817           37696       26358       11338       26358       11338       26358       26358       26358       26358
 WACCMX_APPLY_SOURCE_FLAGS          29           3  0.250663817           37696       26358        9802        1536           0           0
 WACCMX_APPLY_BLEND          29           3  0.250663817           37696           1   600.000000       720.000000           26358           0           0       26358           0           0
 WACCMX_APPLY_QC          24           5  0.250663817           37696       26428       11268       26428       11268       26428       26428       26428       26428
 WACCMX_APPLY_SOURCE_FLAGS          24           5  0.250663817           37696       26428        9734        1534           0           0
 WACCMX_APPLY_BLEND          24           5  0.250663817           37696           1   600.000000       720.000000           26428           0           0       26428           0           0
 WACCMX_APPLY_QC          32           2  0.250663817           37696       26267       11429       26267       11429       26267       26267       26267       26267
 WACCMX_APPLY_SOURCE_FLAGS          32           2  0.250663817           37696       26267       10077        1352           0           0
 WACCMX_APPLY_BLEND          32           2  0.250663817           37696           1   600.000000       720.000000           26267           0           0       26267           0           0
 WACCMX_APPLY_QC          27           4  0.250663817           37696       26398       11298       26398       11298       26398       26398       26398       26398
 WACCMX_APPLY_SOURCE_FLAGS          27           4  0.250663817           37696       26398        9757        1541           0           0
 WACCMX_APPLY_BLEND          27           4  0.250663817           37696           1   600.000000       720.000000           26398           0           0       26398           0           0
 WACCMX_APPLY_QC          30           3  0.250663817           37696       26323       11373       26323       11373       26323       26323       26323       26323
 WACCMX_APPLY_SOURCE_FLAGS          30           3  0.250663817           37696       26323        9868        1505           0           0
 WACCMX_APPLY_BLEND          30           3  0.250663817           37696           1   600.000000       720.000000           26323           0           0       26323           0           0
 WACCMX_APPLY_QC          25           5  0.250663817           37696       26429       11267       26429       11267       26429       26429       26429       26429
 WACCMX_APPLY_SOURCE_FLAGS          25           5  0.250663817           37696       26429        9721        1546           0           0
 WACCMX_APPLY_BLEND          25           5  0.250663817           37696           1   600.000000       720.000000           26429           0           0       26429           0           0
 WACCMX_APPLY_QC          28           4  0.250663817           37696       26367       11329       26367       11329       26367       26367       26367       26367
 WACCMX_APPLY_SOURCE_FLAGS          28           4  0.250663817           37696       26367        9786        1543           0           0
 WACCMX_APPLY_BLEND          28           4  0.250663817           37696           1   600.000000       720.000000           26367           0           0       26367           0           0
 WACCMX_APPLY_QC          26           5  0.250663817           37696       26407       11289       26407       11289       26407       26407       26407       26407
 WACCMX_APPLY_SOURCE_FLAGS          26           5  0.250663817           37696       26407        9737        1552           0           0
 WACCMX_APPLY_BLEND          26           5  0.250663817           37696           1   600.000000       720.000000           26407           0           0       26407           0           0
 WACCMX_APPLY_QC          31           3  0.250663817           37696       26299       11397       26299       11397       26299       26299       26299       26299
 WACCMX_APPLY_SOURCE_FLAGS          31           3  0.250663817           37696       26299        9971        1426           0           0
 WACCMX_APPLY_BLEND          31           3  0.250663817           37696           1   600.000000       720.000000           26299           0           0       26299           0           0
 WACCMX_APPLY_QC          29           4  0.250663817           37696       26346       11350       26346       11350       26346       26346       26346       26346
 WACCMX_APPLY_SOURCE_FLAGS          29           4  0.250663817           37696       26346        9830        1520           0           0
 WACCMX_APPLY_BLEND          29           4  0.250663817           37696           1   600.000000       720.000000           26346           0           0       26346           0           0
 WACCMX_APPLY_QC          32           3  0.250663817           37696       26252       11444       26252       11444       26252       26252       26252       26252
 WACCMX_APPLY_SOURCE_FLAGS          32           3  0.250663817           37696       26252       10130        1314           0           0
 WACCMX_APPLY_BLEND          32           3  0.250663817           37696           1   600.000000       720.000000           26252           0           0       26252           0           0
 WACCMX_APPLY_QC          27           5  0.250663817           37696       26388       11308       26388       11308       26388       26388       26388       26388
 WACCMX_APPLY_SOURCE_FLAGS          27           5  0.250663817           37696       26388        9767        1541           0           0
 WACCMX_APPLY_BLEND          27           5  0.250663817           37696           1   600.000000       720.000000           26388           0           0       26388           0           0
 WACCMX_APPLY_QC          30           4  0.250663817           37696       26312       11384       26312       11384       26312       26312       26312       26312
 WACCMX_APPLY_SOURCE_FLAGS          30           4  0.250663817           37696       26312        9894        1490           0           0
 WACCMX_APPLY_BLEND          30           4  0.250663817           37696           1   600.000000       720.000000           26312           0           0       26312           0           0
 WACCMX_APPLY_QC          28           5  0.250663817           37696       26364       11332       26364       11332       26364       26364       26364       26364
 WACCMX_APPLY_SOURCE_FLAGS          28           5  0.250663817           37696       26364        9792        1540           0           0
 WACCMX_APPLY_BLEND          28           5  0.250663817           37696           1   600.000000       720.000000           26364           0           0       26364           0           0
 WACCMX_APPLY_QC          31           4  0.250663817           37696       26283       11413       26283       11413       26283       26283       26283       26283
 WACCMX_APPLY_SOURCE_FLAGS          31           4  0.250663817           37696       26283       10023        1390           0           0
 WACCMX_APPLY_BLEND          31           4  0.250663817           37696           1   600.000000       720.000000           26283           0           0       26283           0           0
 WACCMX_APPLY_QC          29           5  0.250663817           37696       26337       11359       26337       11359       26337       26337       26337       26337
 WACCMX_APPLY_SOURCE_FLAGS          29           5  0.250663817           37696       26337        9848        1511           0           0
 WACCMX_APPLY_BLEND          29           5  0.250663817           37696           1   600.000000       720.000000           26337           0           0       26337           0           0
 WACCMX_APPLY_QC          32           4  0.250663817           37696       26239       11457       26239       11457       26239       26239       26239       26239
 WACCMX_APPLY_SOURCE_FLAGS          32           4  0.250663817           37696       26239       10177        1280           0           0
 WACCMX_APPLY_BLEND          32           4  0.250663817           37696           1   600.000000       720.000000           26239           0           0       26239           0           0
 WACCMX_APPLY_QC          30           5  0.250663817           37696       26305       11391       26305       11391       26305       26305       26305       26305
 WACCMX_APPLY_SOURCE_FLAGS          30           5  0.250663817           37696       26305        9937        1454           0           0
 WACCMX_APPLY_BLEND          30           5  0.250663817           37696           1   600.000000       720.000000           26305           0           0       26305           0           0
 WACCMX_APPLY_QC          31           5  0.250663817           37696       26267       11429       26267       11429       26267       26267       26267       26267
 WACCMX_APPLY_SOURCE_FLAGS          31           5  0.250663817           37696       26267       10077        1352           0           0
 WACCMX_APPLY_BLEND          31           5  0.250663817           37696           1   600.000000       720.000000           26267           0           0       26267           0           0
 WACCMX_APPLY_QC          32           5  0.250663817           37696       26209       11487       26209       11487       26209       26209       26209       26209
 WACCMX_APPLY_SOURCE_FLAGS          32           5  0.250663817           37696       26209       10231        1256           0           0
 WACCMX_APPLY_BLEND          32           5  0.250663817           37696           1   600.000000       720.000000           26209           0           0       26209           0           0
 calling potpphi   2.77512074       2.77512074    
           1   2.25599632E-02
           2   6.86945627E-03
   65.9759903    
 calling potpphi   2.77512074       2.77512074    
           1   2.18359311E-03
   65.8145142    
 calling potpphi   2.77512074       2.77512074    
           1   4.16382402E-03
   65.5057297    
 calling potpphi   2.77512074       2.77512074    
           1   5.84127707E-03
   65.0705795    
 calling potpphi   2.77512074       2.77512074    
           1   1.02040195E-03
   64.9723282    
 calling potpphi   2.77512074       2.77512074    
           1   3.33902240E-03
   64.7242355    
 calling potpphi   2.77512074       2.77512074    
           1   1.37922866E-03
   64.6063232    
 calling potpphi   2.77512074       2.77512074    
           1   1.47880160E-03
   64.4864273    
 calling potpphi   2.77512074       2.77512074    
           1   5.26216626E-03
   64.8034363    
 calling potpphi   2.77512074       2.77512074    
           1   7.52835767E-03
   64.2845078    
 calling potpphi   2.77512074       2.77512074    
           1   2.02708691E-03
   64.1403580    
 calling potpphi   2.77512074       2.77512074    
           1   5.55957668E-03
   64.4795227    
 calling potpphi   2.77512074       2.77512074    
           1   5.20518189E-03
   64.1304932    
 calling potpphi   2.77512074       2.77512074    
           1   5.19413094E-04
   64.0666428    
 calling potpphi   2.77512074       2.77512074    
           1   1.79325533E-03
   63.9390793    
 calling potpphi   2.77512074       2.77512074    
           1   3.18283605E-06
   63.9117889    
 calling potpphi   2.77512074       2.77512074    
           1   1.24012935E-03
   63.8111305    
 calling potpphi   2.77512074       2.77512074    
           1   4.83329903E-04
   63.8376427    
 calling potpphi   2.77512074       2.77512074    
           1   5.06688189E-03
   63.4853210    
 calling potpphi   2.77512074       2.77512074    
           1   5.85876929E-04
   63.4401398    
 calling potpphi   2.77512074       2.77512074    
           1   3.40045220E-03
   63.6301689    
 calling potpphi   2.77512074       2.77512074    
           1   4.77791578E-03
   63.3059692    
 calling potpphi   2.77512074       2.77512074    
           1   4.32646397E-04
   63.3313255    
 calling potpphi   2.77512074       2.77512074    
           1   6.34043652E-04
   63.2557182    
 calling potpphi   2.77512074       2.77512074    
           1   7.48781487E-03
   62.7645569    
 calling potpphi   2.77512074       2.77512074    
           1   4.10877308E-03
   62.9962311    
 calling potpphi   2.77512074       2.77512074    
           1   5.62689360E-03
   62.6275215    
 calling potpphi   2.77512074       2.77512074    
           1   2.65687821E-03
   62.4264565    
 calling potpphi   2.77512074       2.77512074    
           1   4.56123706E-03
   62.1172180    
 calling potpphi   2.77512074       2.77512074    
           1   4.49575717E-03
   62.3761559    
 calling potpphi   2.77512074       2.77512074    
           1   5.13939466E-03
   62.0279198    
 calling potpphi   2.77512074       2.77512074    
           1   8.05216376E-03
   62.5315475    
 calling potpphi   2.77512074       2.77512074    
           1   7.48787308E-03
   62.0464668    
 calling potpphi   2.77512074       2.77512074    
           1   1.87704549E-03
   62.1271896    
 calling potpphi   2.77512074       2.77512074    
           1   2.58761179E-03
   61.9418030    
 calling potpphi   2.77512074       2.77512074    
           1   2.81400193E-04
   61.9376373    
 calling potpphi   2.77512074       2.77512074    
           1   6.38846075E-03
   61.5186844    
 calling potpphi   2.77512074       2.77512074    
           1   7.06631865E-04
   61.5258751    
 calling potpphi   2.77512074       2.77512074    
           1   2.71505653E-03
   61.6659279    
 calling potpphi   2.77512074       2.77512074    
           1   1.59481040E-03
   61.7545166    
 calling potpphi   2.77512074       2.77512074    
           1   6.42063981E-03
   61.3434868    
 calling potpphi   2.77512074       2.77512074    
           1   5.59022976E-03
   60.9426727    
 calling potpphi   2.77512074       2.77512074    
           1   3.40479822E-03
   61.1256065    
 calling potpphi   2.77512074       2.77512074    
           1   1.73345592E-03
   61.0018539    
 calling potpphi   2.77512074       2.77512074    
           1   3.90015147E-03
   61.2277451    
 calling potpphi   2.77512074       2.77512074    
           1   7.86264427E-03
   60.7090607    
 calling potpphi   2.77512074       2.77512074    
           1   1.80574751E-03
   60.5638580    
 calling potpphi   2.77512074       2.77512074    
           1   3.75704234E-03
   60.3097725    
 calling potpphi   2.77512074       2.77512074    
           1   3.33874195E-04
   60.2543068    
 calling potpphi   2.77512074       2.77512074    
           1   3.03864619E-03
   60.0374718    
 calling potpphi   2.77512074       2.77512074    
           1   5.28174220E-03
   59.6932182    
 calling potpphi   2.77512074       2.77512074    
           1   5.59438579E-03
   60.0064201    
 calling potpphi   2.77512074       2.77512074    
           1   1.43684752E-04
   59.9780273    
 calling potpphi   2.77512074       2.77512074    
           1   5.23875374E-03
   59.6518478    
 calling potpphi   2.77512074       2.77512074    
           1   5.53371897E-03
   59.2763939    
 calling potpphi   2.77512074       2.77512074    
           1   2.71066045E-03
   59.0762329    
 calling potpphi   2.77512074       2.77512074    
           1   5.82657708E-03
   58.6940956    
 calling potpphi   2.77512074       2.77512074    
           1   4.45625716E-04
   58.6358795    
 calling potpphi   2.77512074       2.77512074    
           1   3.29533988E-03
   58.4079628    
 calling potpphi   2.77512074       2.77512074    
           1   1.69371022E-03
   58.2782555    
 calling potpphi   2.77512074       2.77512074    
           1   3.29846237E-03
   58.0586777    
 calling potpphi   2.77512074       2.77512074    
           1   2.57178559E-03
   57.8723679    
 calling potpphi   2.77512074       2.77512074    
           1   2.82278890E-03
   58.0274849    
 calling potpphi   2.77512074       2.77512074    
           1   3.97127401E-03
   57.7551575    
 calling potpphi   2.77512074       2.77512074    
           1   4.76702582E-03
   57.4556465    
 calling potpphi   2.77512074       2.77512074    
           1   2.64901947E-03
   57.2558937    
 calling potpphi   2.77512074       2.77512074    
           1   8.85863788E-04
   57.2890053    
 calling potpphi   2.77512074       2.77512074    
           1   8.39567930E-03
   56.7700920    
 calling potpphi   2.77512074       2.77512074    
           1   2.21119635E-03
   56.8683586    
 calling potpphi   2.77512074       2.77512074    
           1   3.80273163E-03
   56.6263084    
 calling potpphi   2.77512074       2.77512074    
           1   5.41021116E-04
   56.5711555    
 calling potpphi   2.77512074       2.77512074    
           1   1.96266244E-03
   56.4255142    
 calling potpphi   2.77512074       2.77512074    
           1   5.10097248E-03
   56.1108170    
 calling potpphi   2.77512074       2.77512074    
           1   2.06394517E-03
   56.2042160    
 calling potpphi   2.77512074       2.77512074    
           1   5.64832240E-03
   55.8579826    
 calling potpphi   2.77512074       2.77512074    
           1   4.67618322E-03
   55.5661888    
 calling potpphi   2.77512074       2.77512074    
           1   2.81568104E-03
   55.3631058    
 calling potpphi   2.77512074       2.77512074    
           1   3.61383776E-03
   55.5489616    
 calling potpphi   2.77512074       2.77512074    
           1   5.28671592E-03
   55.2372818    
 calling potpphi   2.77512074       2.77512074    
           1   4.78542736E-03
   55.4944801    
 calling potpphi   2.77512074       2.77512074    
           1   8.35633650E-03
   54.9992561    
 calling potpphi   2.77512074       2.77512074    
           1   4.59080236E-03
   54.7131462    
 calling potpphi   2.77512074       2.77512074    
           1   1.49670907E-03
   54.7699356    
 calling potpphi   2.77512074       2.77512074    
           1   5.82898920E-03
   54.4176025    
 calling potpphi   2.77512074       2.77512074    
           1   3.79941612E-03
   54.1776237    
 calling potpphi   2.77512074       2.77512074    
           1   7.98515161E-04
   54.2005539    
 calling potpphi   2.77512074       2.77512074    
           1   6.03210065E-04
   54.2277412    
 calling potpphi   2.77512074       2.77512074    
           1   6.85944455E-03
   53.8180923    
 calling potpphi   2.77512074       2.77512074    
           1   8.90430820E-04
   53.7447281    
 calling potpphi   2.77512074       2.77512074    
           1   2.44926522E-03
   53.5974846    
 calling potpphi   2.77512074       2.77512074    
           1   2.59115151E-03
   53.7241135    
 calling potpphi   2.77512074       2.77512074    
           1   9.80257057E-03
   53.1540146    
 calling potpphi   2.77512074       2.77512074    
           1   1.47443928E-03
   53.2136841    
 calling potpphi   2.77512074       2.77512074    
           1   4.84570541E-04
   53.2310982    
 calling potpphi   2.77512074       2.77512074    
           1   1.48808758E-03
   53.1435165    
 calling potpphi   2.77512074       2.77512074    
           1   5.69134858E-03
   52.8144989    
 calling potpphi   2.77512074       2.77512074    
           1   9.08574148E-04
   52.7360687    
 calling potpphi   2.77512074       2.77512074    
           1   2.76803970E-03
   52.8684120    
 calling potpphi   2.77512074       2.77512074    
           1   1.73922046E-03
   52.7746277    
 calling potpphi   2.77512074       2.77512074    
           1   5.26170153E-03
   52.4732933    
 calling potpphi   2.77512074       2.77512074    
           1   2.39816168E-03
   52.3135262    
 calling potpphi   2.77512074       2.77512074    
           1   1.09071587E-03
   52.3572350    
 calling potpphi   2.77512074       2.77512074    
           1   9.70935822E-03
   51.8157463    
 calling potpphi   2.77512074       2.77512074    
           1   8.90784373E-04
   51.8482933    
 calling potpphi   2.77512074       2.77512074    
           1   5.73992217E-03
   52.1433830    
 calling potpphi   2.77512074       2.77512074    
           1   5.03597781E-03
   51.8693924    
 calling potpphi   2.77512074       2.77512074    
           1   1.11148236E-02
   51.2573547    
 calling potpphi   2.77512074       2.77512074    
           1   3.11985239E-03
 WACCMX_PHI_RECV           4           6  0.333918184      0.333333343      0.416666657      -36.4651337       30.3849983    
 hrutw2 =   0.333918184      0.416666657    
   51.3874245    
 calling potpphi   2.77512074       2.77512074    
           1   4.04828061E-05
   51.3890495    
 WACCMX online neutral received: taskid,step,packet_hr=           1           4  0.333333343    
 WACCMX_RECV_QC           1           4  0.333333343          130849       57631      130849       57631   4.4249990789115643E+018   78022145.826812744        135471870.03658921        262024847.61372721        0.0000000000000000        4.4249990789115643E+018   78022145.826812744        135471870.03658921        262024847.61372721        0.0000000000000000     
 WACCMX_RECV_SOURCE_FLAGS           1           4  0.333333343          188480      130849       51412        6219           0           0      130849       57631      130849       57631      130849      130849      130849      130849
 WACCMX_APPLY_QC           1           1  0.334689051           37696       26217       11479       26217       11479       26217       26217       26217       26217
 WACCMX_APPLY_SOURCE_FLAGS           1           1  0.334689051           37696       26217       10196        1283           0           0
 WACCMX_APPLY_BLEND           1           1  0.334689051           37696           1   600.000000       720.000000           26217           0           0       26217           0           0
 d =    15930492.0       1.59247217E+10   3.40930335E+10   4.51845222E+09   94675368.0       2.25566115E-12   1775094.75       7888336.00       1.69099238E-26
 WACCMX online neutral received: taskid,step,packet_hr=           2           4  0.333333343    
 WACCMX_RECV_QC           2           4  0.333333343          130638       57842      130638       57842   4.4785878434759101E+018   76640192.322738647        91546881.301703021        244890019.43341577        0.0000000000000000        4.4785878434759101E+018   76640192.322738647        91546881.301703021        244890019.43341577        0.0000000000000000     
 WACCMX_RECV_SOURCE_FLAGS           2           4  0.333333343          188480      130638       51821        6021           0           0      130638       57842      130638       57842      130638      130638      130638      130638
 WACCMX_APPLY_QC           2           1  0.334689051           37696       26144       11552       26144       11552       26144       26144       26144       26144
 WACCMX_APPLY_SOURCE_FLAGS           2           1  0.334689051           37696       26144       10327        1225           0           0
 WACCMX_APPLY_BLEND           2           1  0.334689051           37696           1   600.000000       720.000000           26144           0           0       26144           0           0
 WACCMX online neutral received: taskid,step,packet_hr=           3           4  0.333333343    
 WACCMX_RECV_QC           3           4  0.333333343          130517       57963      130517       57963   4.4761410176646124E+018   75878006.569366455        17434328.422507167        144149723.48497760        0.0000000000000000        4.4761410176646124E+018   75878006.569366455        17434328.422507167        144149723.48497760        0.0000000000000000     
 WACCMX_RECV_SOURCE_FLAGS           3           4  0.333333343          188480      130517       51952        6011           0           0      130517       57963      130517       57963      130517      130517      130517      130517
 WACCMX_APPLY_QC           3           1  0.334689051           37696       26122       11574       26122       11574       26122       26122       26122       26122
 WACCMX_APPLY_SOURCE_FLAGS           3           1  0.334689051           37696       26122       10382        1192           0           0
 WACCMX_APPLY_BLEND           3           1  0.334689051           37696           1   600.000000       720.000000           26122           0           0       26122           0           0
 WACCMX_APPLY_QC           1           2  0.334689051           37696       26194       11502       26194       11502       26194       26194       26194       26194
 WACCMX_APPLY_SOURCE_FLAGS           1           2  0.334689051           37696       26194       10247        1255           0           0
 WACCMX_APPLY_BLEND           1           2  0.334689051           37696           1   600.000000       720.000000           26194           0           0       26194           0           0
 WACCMX online neutral received: taskid,step,packet_hr=           4           4  0.333333343    
 WACCMX_RECV_QC           4           4  0.333333343          130403       58077      130403       58077   4.3690037101602079E+018   75460662.940261841       -36178876.358594157        22406425.212590158        0.0000000000000000        4.3690037101602079E+018   75460662.940261841       -36178876.358594157        22406425.212590158        0.0000000000000000     
 WACCMX_RECV_SOURCE_FLAGS           4           4  0.333333343          188480      130403       52106        5971           0           0      130403       58077      130403       58077      130403      130403      130403      130403
 WACCMX_APPLY_QC           4           1  0.334689051           37696       26089       11607       26089       11607       26089       26089       26089       26089
 WACCMX_APPLY_SOURCE_FLAGS           4           1  0.334689051           37696       26089       10393        1214           0           0
 WACCMX_APPLY_BLEND           4           1  0.334689051           37696           1   600.000000       720.000000           26089           0           0       26089           0           0
 WACCMX_APPLY_QC           2           2  0.334689051           37696       26129       11567       26129       11567       26129       26129       26129       26129
 WACCMX_APPLY_SOURCE_FLAGS           2           2  0.334689051           37696       26129       10358        1209           0           0
 WACCMX_APPLY_BLEND           2           2  0.334689051           37696           1   600.000000       720.000000           26129           0           0       26129           0           0
 WACCMX online neutral received: taskid,step,packet_hr=           5           4  0.333333343    
 WACCMX_RECV_QC           5           4  0.333333343          130503       57977      130503       57977   4.3276832648759214E+018   75363206.191390991       -53944130.192182936       -45735734.235648558        0.0000000000000000        4.3276832648759214E+018   75363206.191390991       -53944130.192182936       -45735734.235648558        0.0000000000000000     
 WACCMX_RECV_SOURCE_FLAGS           5           4  0.333333343          188480      130503       52237        5740           0           0      130503       57977      130503       57977      130503      130503      130503      130503
 WACCMX_APPLY_QC           5           1  0.334689051           37696       26072       11624       26072       11624       26072       26072       26072       26072
 WACCMX_APPLY_SOURCE_FLAGS           5           1  0.334689051           37696       26072       10432        1192           0           0
 WACCMX_APPLY_BLEND           5           1  0.334689051           37696           1   600.000000       720.000000           26072           0           0       26072           0           0
 WACCMX_APPLY_QC           3           2  0.334689051           37696       26118       11578       26118       11578       26118       26118       26118       26118
 WACCMX_APPLY_SOURCE_FLAGS           3           2  0.334689051           37696       26118       10381        1197           0           0
 WACCMX_APPLY_BLEND           3           2  0.334689051           37696           1   600.000000       720.000000           26118           0           0       26118           0           0
 WACCMX_APPLY_QC           1           3  0.334689051           37696       26165       11531       26165       11531       26165       26165       26165       26165
 WACCMX_APPLY_SOURCE_FLAGS           1           3  0.334689051           37696       26165       10284        1247           0           0
 WACCMX_APPLY_BLEND           1           3  0.334689051           37696           1   600.000000       720.000000           26165           0           0       26165           0           0
 WACCMX online neutral received: taskid,step,packet_hr=           6           4  0.333333343    
 WACCMX_RECV_QC           6           4  0.333333343          130752       57728      130752       57728   4.3131559454029491E+018   75247824.582153320       -46194895.563845970       -103906464.65568671        0.0000000000000000        4.3131559454029491E+018   75247824.582153320       -46194895.563845970       -103906464.65568671        0.0000000000000000     
 WACCMX_RECV_SOURCE_FLAGS           6           4  0.333333343          188480      130752       52422        5306           0           0      130752       57728      130752       57728      130752      130752      130752      130752
 WACCMX_APPLY_QC           6           1  0.334689051           37696       26121       11575       26121       11575       26121       26121       26121       26121
 WACCMX_APPLY_SOURCE_FLAGS           6           1  0.334689051           37696       26121       10451        1124           0           0
 WACCMX_APPLY_BLEND           6           1  0.334689051           37696           1   600.000000       720.000000           26121           0           0       26121           0           0
 WACCMX_APPLY_QC           4           2  0.334689051           37696       26085       11611       26085       11611       26085       26085       26085       26085
 WACCMX_APPLY_SOURCE_FLAGS           4           2  0.334689051           37696       26085       10414        1197           0           0
 WACCMX_APPLY_BLEND           4           2  0.334689051           37696           1   600.000000       720.000000           26085           0           0       26085           0           0
 WACCMX_APPLY_QC           2           3  0.334689051           37696       26125       11571       26125       11571       26125       26125       26125       26125
 WACCMX_APPLY_SOURCE_FLAGS           2           3  0.334689051           37696       26125       10373        1198           0           0
 WACCMX_APPLY_BLEND           2           3  0.334689051           37696           1   600.000000       720.000000           26125           0           0       26125           0           0
 WACCMX online neutral received: taskid,step,packet_hr=           7           4  0.333333343    
 WACCMX_RECV_QC           7           4  0.333333343          130968       57512      130968       57512   4.1133621735346529E+018   74942123.235473633       -27740738.278145917       -143815251.98987293        0.0000000000000000        4.1133621735346529E+018   74942123.235473633       -27740738.278145917       -143815251.98987293        0.0000000000000000     
 WACCMX_RECV_SOURCE_FLAGS           7           4  0.333333343          188480      130968       52771        4741           0           0      130968       57512      130968       57512      130968      130968      130968      130968
 WACCMX_APPLY_QC           7           1  0.334689051           37696       26168       11528       26168       11528       26168       26168       26168       26168
 WACCMX_APPLY_SOURCE_FLAGS           7           1  0.334689051           37696       26168       10502        1026           0           0
 WACCMX_APPLY_BLEND           7           1  0.334689051           37696           1   600.000000       720.000000           26168           0           0       26168           0           0
 WACCMX_APPLY_QC           5           2  0.334689051           37696       26078       11618       26078       11618       26078       26078       26078       26078
 WACCMX_APPLY_SOURCE_FLAGS           5           2  0.334689051           37696       26078       10444        1174           0           0
 WACCMX_APPLY_BLEND           5           2  0.334689051           37696           1   600.000000       720.000000           26078           0           0       26078           0           0
 WACCMX online neutral received: taskid,step,packet_hr=           8           4  0.333333343    
 WACCMX_APPLY_QC           3           3  0.334689051           37696       26103       11593       26103       11593       26103       26103       26103       26103
 WACCMX_APPLY_SOURCE_FLAGS           3           3  0.334689051           37696       26103       10382        1211           0           0
 WACCMX_APPLY_BLEND           3           3  0.334689051           37696           1   600.000000       720.000000           26103           0           0       26103           0           0
 WACCMX_RECV_QC           8           4  0.333333343          131183       57297      131183       57297   3.8851015227001897E+018   74675393.032577515       -18849535.077214926       -95100261.367821068        0.0000000000000000        3.8851015227001897E+018   74675393.032577515       -18849535.077214926       -95100261.367821068        0.0000000000000000     
 WACCMX_RECV_SOURCE_FLAGS           8           4  0.333333343          188480      131183       53135        4162           0           0      131183       57297      131183       57297      131183      131183      131183      131183
 WACCMX_APPLY_QC           8           1  0.334689051           37696       26205       11491       26205       11491       26205       26205       26205       26205
 WACCMX_APPLY_SOURCE_FLAGS           8           1  0.334689051           37696       26205       10578         913           0           0
 WACCMX_APPLY_BLEND           8           1  0.334689051           37696           1   600.000000       720.000000           26203           2           0       26203           2           0
 WACCMX_APPLY_QC           1           4  0.334689051           37696       26144       11552       26144       11552       26144       26144       26144       26144
 WACCMX_APPLY_SOURCE_FLAGS           1           4  0.334689051           37696       26144       10327        1225           0           0
 WACCMX_APPLY_BLEND           1           4  0.334689051           37696           1   600.000000       720.000000           26144           0           0       26144           0           0
 WACCMX_APPLY_QC           6           2  0.334689051           37696       26136       11560       26136       11560       26136       26136       26136       26136
 WACCMX_APPLY_SOURCE_FLAGS           6           2  0.334689051           37696       26136       10462        1098           0           0
 WACCMX_APPLY_BLEND           6           2  0.334689051           37696           1   600.000000       720.000000           26136           0           0       26136           0           0
 WACCMX_APPLY_QC           4           3  0.334689051           37696       26079       11617       26079       11617       26079       26079       26079       26079
 WACCMX_APPLY_SOURCE_FLAGS           4           3  0.334689051           37696       26079       10423        1194           0           0
 WACCMX_APPLY_BLEND           4           3  0.334689051           37696           1   600.000000       720.000000           26079           0           0       26079           0           0
 WACCMX online neutral received: taskid,step,packet_hr=           9           4  0.333333343    
 WACCMX_RECV_QC           9           4  0.333333343          131311       57169      131311       57169   3.7701823073723546E+018   74358242.926605225       -3359539.4413778335       -5087384.0509475395        0.0000000000000000        3.7701823073723546E+018   74358242.926605225       -3359539.4413778335       -5087384.0509475395        0.0000000000000000     
 WACCMX_RECV_SOURCE_FLAGS           9           4  0.333333343          188480      131311       53441        3728           0           0      131311       57169      131311       57169      131311      131311      131311      131311
 WACCMX_APPLY_QC           9           1  0.334689051           37696       26256       11440       26256       11440       26256       26256       26256       26256
 WACCMX_APPLY_SOURCE_FLAGS           9           1  0.334689051           37696       26256       10649         791           0           0
 WACCMX_APPLY_BLEND           9           1  0.334689051           37696           1   600.000000       720.000000           26252           4           0       26252           4           0
 WACCMX_APPLY_QC           2           4  0.334689051           37696       26122       11574       26122       11574       26122       26122       26122       26122
 WACCMX_APPLY_SOURCE_FLAGS           2           4  0.334689051           37696       26122       10382        1192           0           0
 WACCMX_APPLY_BLEND           2           4  0.334689051           37696           1   600.000000       720.000000           26122           0           0       26122           0           0
 WACCMX_APPLY_QC           7           2  0.334689051           37696       26180       11516       26180       11516       26180       26180       26180       26180
 WACCMX_APPLY_SOURCE_FLAGS           7           2  0.334689051           37696       26180       10530         986           0           0
 WACCMX_APPLY_BLEND           7           2  0.334689051           37696           1   600.000000       720.000000           26180           0           0       26180           0           0
 WACCMX_APPLY_QC           5           3  0.334689051           37696       26096       11600       26096       11600       26096       26096       26096       26096
 WACCMX_APPLY_SOURCE_FLAGS           5           3  0.334689051           37696       26096       10448        1152           0           0
 WACCMX_APPLY_BLEND           5           3  0.334689051           37696           1   600.000000       720.000000           26096           0           0       26096           0           0
 WACCMX online neutral received: taskid,step,packet_hr=          10           4  0.333333343    
 WACCMX_RECV_QC          10           4  0.333333343          131369       57111      131369       57111   3.8744938323669002E+018   73881681.750854492       -18417323.381348282        47414834.174633741        0.0000000000000000        3.8744938323669002E+018   73881681.750854492       -18417323.381348282        47414834.174633741        0.0000000000000000     
 WACCMX_RECV_SOURCE_FLAGS          10           4  0.333333343          188480      131369       53719        3392           0           0      131369       57111      131369       57111      131369      131369      131369      131369
 WACCMX_APPLY_QC          10           1  0.334689051           37696       26264       11432       26264       11432       26264       26264       26264       26264
 WACCMX_APPLY_SOURCE_FLAGS          10           1  0.334689051           37696       26264       10709         723           0           0
 WACCMX_APPLY_BLEND          10           1  0.334689051           37696           1   600.000000       720.000000           26256           8           0       26256           8           0
 WACCMX_APPLY_QC           8           2  0.334689051           37696       26219       11477       26219       11477       26219       26219       26219       26219
 WACCMX_APPLY_SOURCE_FLAGS           8           2  0.334689051           37696       26219       10607         870           0           0
 WACCMX_APPLY_BLEND           8           2  0.334689051           37696           1   600.000000       720.000000           26216           3           0       26216           3           0
 WACCMX_APPLY_QC           3           4  0.334689051           37696       26089       11607       26089       11607       26089       26089       26089       26089
 WACCMX_APPLY_SOURCE_FLAGS           3           4  0.334689051           37696       26089       10393        1214           0           0
 WACCMX_APPLY_BLEND           3           4  0.334689051           37696           1   600.000000       720.000000           26089           0           0       26089           0           0
 WACCMX_APPLY_QC           1           5  0.334689051           37696       26129       11567       26129       11567       26129       26129       26129       26129
 WACCMX_APPLY_SOURCE_FLAGS           1           5  0.334689051           37696       26129       10358        1209           0           0
 WACCMX_APPLY_BLEND           1           5  0.334689051           37696           1   600.000000       720.000000           26129           0           0       26129           0           0
 WACCMX_APPLY_QC           6           3  0.334689051           37696       26147       11549       26147       11549       26147       26147       26147       26147
 WACCMX_APPLY_SOURCE_FLAGS           6           3  0.334689051           37696       26147       10477        1072           0           0
 WACCMX_APPLY_BLEND           6           3  0.334689051           37696           1   600.000000       720.000000           26147           0           0       26147           0           0
 WACCMX online neutral received: taskid,step,packet_hr=          11           4  0.333333343    
 WACCMX_RECV_QC          11           4  0.333333343          131402       57078      131402       57078   4.0654459539682918E+018   73208649.148895264       -18633190.359720297        25006266.352641292        0.0000000000000000        4.0654459539682918E+018   73208649.148895264       -18633190.359720297        25006266.352641292        0.0000000000000000     
 WACCMX_RECV_SOURCE_FLAGS          11           4  0.333333343          188480      131402       54088        2990           0           0      131402       57078      131402       57078      131402      131402      131402      131402
 WACCMX_APPLY_QC          11           1  0.334689051           37696       26282       11414       26282       11414       26282       26282       26282       26282
 WACCMX_APPLY_SOURCE_FLAGS          11           1  0.334689051           37696       26282       10757         657           0           0
 WACCMX_APPLY_BLEND          11           1  0.334689051           37696           1   600.000000       720.000000           26273           9           0       26273           9           0
 WACCMX_APPLY_QC           4           4  0.334689051           37696       26072       11624       26072       11624       26072       26072       26072       26072
 WACCMX_APPLY_SOURCE_FLAGS           4           4  0.334689051           37696       26072       10432        1192           0           0
 WACCMX_APPLY_BLEND           4           4  0.334689051           37696           1   600.000000       720.000000           26072           0           0       26072           0           0
 WACCMX_APPLY_QC           9           2  0.334689051           37696       26265       11431       26265       11431       26265       26265       26265       26265
 WACCMX_APPLY_SOURCE_FLAGS           9           2  0.334689051           37696       26265       10669         762           0           0
 WACCMX_APPLY_BLEND           9           2  0.334689051           37696           1   600.000000       720.000000           26259           6           0       26259           6           0
 WACCMX_APPLY_QC           7           3  0.334689051           37696       26196       11500       26196       11500       26196       26196       26196       26196
 WACCMX_APPLY_SOURCE_FLAGS           7           3  0.334689051           37696       26196       10554         946           0           0
 WACCMX_APPLY_BLEND           7           3  0.334689051           37696           1   600.000000       720.000000           26194           2           0       26194           2           0
 WACCMX_APPLY_QC           2           5  0.334689051           37696       26118       11578       26118       11578       26118       26118       26118       26118
 WACCMX_APPLY_SOURCE_FLAGS           2           5  0.334689051           37696       26118       10381        1197           0           0
 WACCMX_APPLY_BLEND           2           5  0.334689051           37696           1   600.000000       720.000000           26118           0           0       26118           0           0
 WACCMX online neutral received: taskid,step,packet_hr=          12           4  0.333333343    
 WACCMX_RECV_QC          12           4  0.333333343          131378       57102      131378       57102   4.2305643321280763E+018   72567136.013610840        28303202.903550036       -71382763.809087127        0.0000000000000000        4.2305643321280763E+018   72567136.013610840        28303202.903550036       -71382763.809087127        0.0000000000000000     
 WACCMX_RECV_SOURCE_FLAGS          12           4  0.333333343          188480      131378       54402        2700           0           0      131378       57102      131378       57102      131378      131378      131378      131378
 WACCMX_APPLY_QC          12           1  0.334689051           37696       26279       11417       26279       11417       26279       26279       26279       26279
 WACCMX_APPLY_SOURCE_FLAGS          12           1  0.334689051           37696       26279       10843         574           0           0
 WACCMX_APPLY_BLEND          12           1  0.334689051           37696           1   600.000000       720.000000           26271           8           0       26271           8           0
 WACCMX_APPLY_QC           5           4  0.334689051           37696       26121       11575       26121       11575       26121       26121       26121       26121
 WACCMX_APPLY_SOURCE_FLAGS           5           4  0.334689051           37696       26121       10451        1124           0           0
 WACCMX_APPLY_BLEND           5           4  0.334689051           37696           1   600.000000       720.000000           26121           0           0       26121           0           0
 WACCMX_APPLY_QC          10           2  0.334689051           37696       26264       11432       26264       11432       26264       26264       26264       26264
 WACCMX_APPLY_SOURCE_FLAGS          10           2  0.334689051           37696       26264       10723         709           0           0
 WACCMX_APPLY_BLEND          10           2  0.334689051           37696           1   600.000000       720.000000           26255           9           0       26255           9           0
 WACCMX_APPLY_QC           8           3  0.334689051           37696       26238       11458       26238       11458       26238       26238       26238       26238
 WACCMX_APPLY_SOURCE_FLAGS           8           3  0.334689051           37696       26238       10632         826           0           0
 WACCMX_APPLY_BLEND           8           3  0.334689051           37696           1   600.000000       720.000000           26234           4           0       26234           4           0
 WACCMX_APPLY_QC           3           5  0.334689051           37696       26085       11611       26085       11611       26085       26085       26085       26085
 WACCMX_APPLY_SOURCE_FLAGS           3           5  0.334689051           37696       26085       10414        1197           0           0
 WACCMX_APPLY_BLEND           3           5  0.334689051           37696           1   600.000000       720.000000           26085           0           0       26085           0           0
 WACCMX online neutral received: taskid,step,packet_hr=          13           4  0.333333343    
 WACCMX_RECV_QC          13           4  0.333333343          131461       57019      131461       57019   4.3146621762030976E+018   72561315.350540161        71541338.938599676       -111025092.30780974        0.0000000000000000        4.3146621762030976E+018   72561315.350540161        71541338.938599676       -111025092.30780974        0.0000000000000000     
 WACCMX_RECV_SOURCE_FLAGS          13           4  0.333333343          188480      131461       54396        2623           0           0      131461       57019      131461       57019      131461      131461      131461      131461
 WACCMX_APPLY_QC          13           1  0.334689051           37696       26277       11419       26277       11419       26277       26277       26277       26277
 WACCMX_APPLY_SOURCE_FLAGS          13           1  0.334689051           37696       26277       10897         522           0           0
 WACCMX_APPLY_BLEND          13           1  0.334689051           37696           1   600.000000       720.000000           26264          13           0       26264          13           0
 WACCMX_APPLY_QC           6           4  0.334689051           37696       26168       11528       26168       11528       26168       26168       26168       26168
 WACCMX_APPLY_SOURCE_FLAGS           6           4  0.334689051           37696       26168       10502        1026           0           0
 WACCMX_APPLY_BLEND           6           4  0.334689051           37696           1   600.000000       720.000000           26168           0           0       26168           0           0
 WACCMX_APPLY_QC          11           2  0.334689051           37696       26282       11414       26282       11414       26282       26282       26282       26282
 WACCMX_APPLY_SOURCE_FLAGS          11           2  0.334689051           37696       26282       10793         621           0           0
 WACCMX_APPLY_BLEND          11           2  0.334689051           37696           1   600.000000       720.000000           26272          10           0       26272          10           0
 WACCMX_APPLY_QC           4           5  0.334689051           37696       26078       11618       26078       11618       26078       26078       26078       26078
 WACCMX_APPLY_SOURCE_FLAGS           4           5  0.334689051           37696       26078       10444        1174           0           0
 WACCMX_APPLY_BLEND           4           5  0.334689051           37696           1   600.000000       720.000000           26078           0           0       26078           0           0
 WACCMX_APPLY_QC           9           3  0.334689051           37696       26262       11434       26262       11434       26262       26262       26262       26262
 WACCMX_APPLY_SOURCE_FLAGS           9           3  0.334689051           37696       26262       10691         743           0           0
 WACCMX_APPLY_BLEND           9           3  0.334689051           37696           1   600.000000       720.000000           26256           6           0       26256           6           0
 WACCMX online neutral received: taskid,step,packet_hr=          14           4  0.333333343    
 WACCMX_RECV_QC          14           4  0.333333343          131779       56701      131779       56701   4.2499731974137738E+018   73612327.031600952        47417597.411014259       -41148490.352539606        0.0000000000000000        4.2499731974137738E+018   73612327.031600952        47417597.411014259       -41148490.352539606        0.0000000000000000     
 WACCMX_RECV_SOURCE_FLAGS          14           4  0.333333343          188480      131779       53958        2743           0           0      131779       56701      131779       56701      131779      131779      131779      131779
 WACCMX_APPLY_QC          14           1  0.334689051           37696       26303       11393       26303       11393       26303       26303       26303       26303
 WACCMX_APPLY_SOURCE_FLAGS          14           1  0.334689051           37696       26303       10871         522           0           0
 WACCMX_APPLY_BLEND          14           1  0.334689051           37696           1   600.000000       720.000000           26289          14           0       26289          14           0
 WACCMX_APPLY_QC           7           4  0.334689051           37696       26205       11491       26205       11491       26205       26205       26205       26205
 WACCMX_APPLY_SOURCE_FLAGS           7           4  0.334689051           37696       26205       10578         913           0           0
 WACCMX_APPLY_BLEND           7           4  0.334689051           37696           1   600.000000       720.000000           26203           2           0       26203           2           0
 WACCMX_APPLY_QC          12           2  0.334689051           37696       26276       11420       26276       11420       26276       26276       26276       26276
 WACCMX_APPLY_SOURCE_FLAGS          12           2  0.334689051           37696       26276       10872         548           0           0
 WACCMX_APPLY_BLEND          12           2  0.334689051           37696           1   600.000000       720.000000           26268           8           0       26268           8           0
 WACCMX_APPLY_QC           5           5  0.334689051           37696       26136       11560       26136       11560       26136       26136       26136       26136
 WACCMX_APPLY_SOURCE_FLAGS           5           5  0.334689051           37696       26136       10462        1098           0           0
 WACCMX_APPLY_BLEND           5           5  0.334689051           37696           1   600.000000       720.000000           26136           0           0       26136           0           0
 WACCMX_APPLY_QC          10           3  0.334689051           37696       26277       11419       26277       11419       26277       26277       26277       26277
 WACCMX_APPLY_SOURCE_FLAGS          10           3  0.334689051           37696       26277       10737         682           0           0
 WACCMX_APPLY_BLEND          10           3  0.334689051           37696           1   600.000000       720.000000           26267          10           0       26267          10           0
 WACCMX online neutral received: taskid,step,packet_hr=          15           4  0.333333343    
 WACCMX_RECV_QC          15           4  0.333333343          132206       56274      132206       56274   4.2350885709272294E+018   75136542.127639771       -50838021.851627663        16118984.911457978        0.0000000000000000        4.2350885709272294E+018   75136542.127639771       -50838021.851627663        16118984.911457978        0.0000000000000000     
 WACCMX_RECV_SOURCE_FLAGS          15           4  0.333333343          188480      132206       53308        2966           0           0      132206       56274      132206       56274      132206      132206      132206      132206
 WACCMX_APPLY_QC          15           1  0.334689051           37696       26387       11309       26387       11309       26387       26387       26387       26387
 WACCMX_APPLY_SOURCE_FLAGS          15           1  0.334689051           37696       26387       10746         563           0           0
 WACCMX_APPLY_BLEND          15           1  0.334689051           37696           1   600.000000       720.000000           26371          16           0       26371          16           0
 WACCMX_APPLY_QC           8           4  0.334689051           37696       26256       11440       26256       11440       26256       26256       26256       26256
 WACCMX_APPLY_SOURCE_FLAGS           8           4  0.334689051           37696       26256       10649         791           0           0
 WACCMX_APPLY_BLEND           8           4  0.334689051           37696           1   600.000000       720.000000           26252           4           0       26252           4           0
 WACCMX_APPLY_QC          13           2  0.334689051           37696       26276       11420       26276       11420       26276       26276       26276       26276
 WACCMX_APPLY_SOURCE_FLAGS          13           2  0.334689051           37696       26276       10899         521           0           0
 WACCMX_APPLY_BLEND          13           2  0.334689051           37696           1   600.000000       720.000000           26264          12           0       26264          12           0
 WACCMX_APPLY_QC           6           5  0.334689051           37696       26180       11516       26180       11516       26180       26180       26180       26180
 WACCMX_APPLY_SOURCE_FLAGS           6           5  0.334689051           37696       26180       10530         986           0           0
 WACCMX_APPLY_BLEND           6           5  0.334689051           37696           1   600.000000       720.000000           26180           0           0       26180           0           0
 WACCMX_APPLY_QC          11           3  0.334689051           37696       26283       11413       26283       11413       26283       26283       26283       26283
 WACCMX_APPLY_SOURCE_FLAGS          11           3  0.334689051           37696       26283       10823         590           0           0
 WACCMX_APPLY_BLEND          11           3  0.334689051           37696           1   600.000000       720.000000           26274           9           0       26274           9           0
 WACCMX online neutral received: taskid,step,packet_hr=          16           4  0.333333343    
 WACCMX_RECV_QC          16           4  0.333333343          132416       56064      132416       56064   4.2315788893566049E+018   76296865.685287476       -149793909.52049196        48174342.692539029        0.0000000000000000        4.2315788893566049E+018   76296865.685287476       -149793909.52049196        48174342.692539029        0.0000000000000000     
 WACCMX_RECV_SOURCE_FLAGS          16           4  0.333333343          188480      132416       52769        3295           0           0      132416       56064      132416       56064      132416      132416      132416      132416
 WACCMX_APPLY_QC          16           1  0.334689051           37696       26469       11227       26469       11227       26469       26469       26469       26469
 WACCMX_APPLY_SOURCE_FLAGS          16           1  0.334689051           37696       26469       10620         607           0           0
 WACCMX_APPLY_BLEND          16           1  0.334689051           37696           1   600.000000       720.000000           26452          17           0       26452          17           0
 WACCMX_APPLY_QC           9           4  0.334689051           37696       26264       11432       26264       11432       26264       26264       26264       26264
 WACCMX_APPLY_SOURCE_FLAGS           9           4  0.334689051           37696       26264       10709         723           0           0
 WACCMX_APPLY_BLEND           9           4  0.334689051           37696           1   600.000000       720.000000           26256           8           0       26256           8           0
 WACCMX_APPLY_QC          14           2  0.334689051           37696       26321       11375       26321       11375       26321       26321       26321       26321
 WACCMX_APPLY_SOURCE_FLAGS          14           2  0.334689051           37696       26321       10837         538           0           0
 WACCMX_APPLY_BLEND          14           2  0.334689051           37696           1   600.000000       720.000000           26308          13           0       26308          13           0
 WACCMX_APPLY_QC           7           5  0.334689051           37696       26219       11477       26219       11477       26219       26219       26219       26219
 WACCMX_APPLY_SOURCE_FLAGS           7           5  0.334689051           37696       26219       10607         870           0           0
 WACCMX_APPLY_BLEND           7           5  0.334689051           37696           1   600.000000       720.000000           26216           3           0       26216           3           0
 WACCMX_APPLY_QC          12           3  0.334689051           37696       26270       11426       26270       11426       26270       26270       26270       26270
 WACCMX_APPLY_SOURCE_FLAGS          12           3  0.334689051           37696       26270       10891         535           0           0
 WACCMX_APPLY_BLEND          12           3  0.334689051           37696           1   600.000000       720.000000           26259          11           0       26259          11           0
 WACCMX online neutral received: taskid,step,packet_hr=          17           4  0.333333343    
 WACCMX_RECV_QC          17           4  0.333333343          132475       56005      132475       56005   4.2767440440328033E+018   77227587.108779907       -233162490.88322717        67509326.812080175        0.0000000000000000        4.2767440440328033E+018   77227587.108779907       -233162490.88322717        67509326.812080175        0.0000000000000000     
 WACCMX_RECV_SOURCE_FLAGS          17           4  0.333333343          188480      132475       52209        3796           0           0      132475       56005      132475       56005      132475      132475      132475      132475
 WACCMX_APPLY_QC          17           1  0.334689051           37696       26488       11208       26488       11208       26488       26488       26488       26488
 WACCMX_APPLY_SOURCE_FLAGS          17           1  0.334689051           37696       26488       10520         688           0           0
 WACCMX_APPLY_BLEND          17           1  0.334689051           37696           1   600.000000       720.000000           26467          21           0       26467          21           0
 WACCMX_APPLY_QC          10           4  0.334689051           37696       26282       11414       26282       11414       26282       26282       26282       26282
 WACCMX_APPLY_SOURCE_FLAGS          10           4  0.334689051           37696       26282       10757         657           0           0
 WACCMX_APPLY_BLEND          10           4  0.334689051           37696           1   600.000000       720.000000           26273           9           0       26273           9           0
 WACCMX_APPLY_QC          15           2  0.334689051           37696       26420       11276       26420       11276       26420       26420       26420       26420
 WACCMX_APPLY_SOURCE_FLAGS          15           2  0.334689051           37696       26420       10704         572           0           0
 WACCMX_APPLY_BLEND          15           2  0.334689051           37696           1   600.000000       720.000000           26403          17           0       26403          17           0
 WACCMX_APPLY_QC           8           5  0.334689051           37696       26265       11431       26265       11431       26265       26265       26265       26265
 WACCMX_APPLY_SOURCE_FLAGS           8           5  0.334689051           37696       26265       10669         762           0           0
 WACCMX_APPLY_BLEND           8           5  0.334689051           37696           1   600.000000       720.000000           26259           6           0       26259           6           0
 WACCMX_APPLY_QC          13           3  0.334689051           37696       26284       11412       26284       11412       26284       26284       26284       26284
 WACCMX_APPLY_SOURCE_FLAGS          13           3  0.334689051           37696       26284       10892         520           0           0
 WACCMX_APPLY_BLEND          13           3  0.334689051           37696           1   600.000000       720.000000           26272          12           0       26272          12           0
 WACCMX online neutral received: taskid,step,packet_hr=          18           4  0.333333343    
 WACCMX_RECV_QC          18           4  0.333333343          132497       55983      132497       55983   4.3923893398132408E+018   78197359.974868774       -295212649.59117121        97486755.005129680        0.0000000000000000        4.3923893398132408E+018   78197359.974868774       -295212649.59117121        97486755.005129680        0.0000000000000000     
 WACCMX_RECV_SOURCE_FLAGS          18           4  0.333333343          188480      132497       51581        4402           0           0      132497       55983      132497       55983      132497      132497      132497      132497
 WACCMX_APPLY_QC          18           1  0.334689051           37696       26496       11200       26496       11200       26496       26496       26496       26496
 WACCMX_APPLY_SOURCE_FLAGS          18           1  0.334689051           37696       26496       10412         788           0           0
 WACCMX_APPLY_BLEND          18           1  0.334689051           37696           1   600.000000       720.000000           26471          25           0       26471          25           0
 WACCMX_APPLY_QC          11           4  0.334689051           37696       26279       11417       26279       11417       26279       26279       26279       26279
 WACCMX_APPLY_SOURCE_FLAGS          11           4  0.334689051           37696       26279       10843         574           0           0
 WACCMX_APPLY_BLEND          11           4  0.334689051           37696           1   600.000000       720.000000           26271           8           0       26271           8           0
 WACCMX_APPLY_QC          16           2  0.334689051           37696       26483       11213       26483       11213       26483       26483       26483       26483
 WACCMX_APPLY_SOURCE_FLAGS          16           2  0.334689051           37696       26483       10583         630           0           0
 WACCMX_APPLY_BLEND          16           2  0.334689051           37696           1   600.000000       720.000000           26465          18           0       26465          18           0
 WACCMX_APPLY_QC           9           5  0.334689051           37696       26264       11432       26264       11432       26264       26264       26264       26264
 WACCMX_APPLY_SOURCE_FLAGS           9           5  0.334689051           37696       26264       10723         709           0           0
 WACCMX_APPLY_BLEND           9           5  0.334689051           37696           1   600.000000       720.000000           26255           9           0       26255           9           0
 WACCMX_APPLY_QC          14           3  0.334689051           37696       26348       11348       26348       11348       26348       26348       26348       26348
 WACCMX_APPLY_SOURCE_FLAGS          14           3  0.334689051           37696       26348       10800         548           0           0
 WACCMX_APPLY_BLEND          14           3  0.334689051           37696           1   600.000000       720.000000           26335          13           0       26335          13           0
 WACCMX online neutral received: taskid,step,packet_hr=          19           4  0.333333343    
 WACCMX_RECV_QC          19           4  0.333333343          132423       56057      132423       56057   4.3727326130497055E+018   79257473.618896484       -296221254.46383935        169374095.65805161        0.0000000000000000        4.3727326130497055E+018   79257473.618896484       -296221254.46383935        169374095.65805161        0.0000000000000000     
 WACCMX_RECV_SOURCE_FLAGS          19           4  0.333333343          188480      132423       50980        5077           0           0      132423       56057      132423       56057      132423      132423      132423      132423
 WACCMX_APPLY_QC          19           1  0.334689051           37696       26504       11192       26504       11192       26504       26504       26504       26504
 WACCMX_APPLY_SOURCE_FLAGS          19           1  0.334689051           37696       26504       10273         919           0           0
 WACCMX_APPLY_BLEND          19           1  0.334689051           37696           1   600.000000       720.000000           26478          26           0       26478          26           0
 WACCMX_APPLY_QC          12           4  0.334689051           37696       26277       11419       26277       11419       26277       26277       26277       26277
 WACCMX_APPLY_SOURCE_FLAGS          12           4  0.334689051           37696       26277       10897         522           0           0
 WACCMX_APPLY_BLEND          12           4  0.334689051           37696           1   600.000000       720.000000           26264          13           0       26264          13           0
 WACCMX_APPLY_QC          17           2  0.334689051           37696       26496       11200       26496       11200       26496       26496       26496       26496
 WACCMX_APPLY_SOURCE_FLAGS          17           2  0.334689051           37696       26496       10482         718           0           0
 WACCMX_APPLY_BLEND          17           2  0.334689051           37696           1   600.000000       720.000000           26475          21           0       26475          21           0
 WACCMX_APPLY_QC          10           5  0.334689051           37696       26282       11414       26282       11414       26282       26282       26282       26282
 WACCMX_APPLY_SOURCE_FLAGS          10           5  0.334689051           37696       26282       10793         621           0           0
 WACCMX_APPLY_BLEND          10           5  0.334689051           37696           1   600.000000       720.000000           26272          10           0       26272          10           0
 WACCMX online neutral received: taskid,step,packet_hr=          20           4  0.333333343    
 WACCMX_APPLY_QC          15           3  0.334689051           37696       26447       11249       26447       11249       26447       26447       26447       26447
 WACCMX_APPLY_SOURCE_FLAGS          15           3  0.334689051           37696       26447       10655         594           0           0
 WACCMX_APPLY_BLEND          15           3  0.334689051           37696           1   600.000000       720.000000           26431          16           0       26431          16           0
 WACCMX_RECV_QC          20           4  0.333333343          132262       56218      132262       56218   4.3549273000196081E+018   80270002.159439087       -280469244.19751680        261139624.07341331        0.0000000000000000        4.3549273000196081E+018   80270002.159439087       -280469244.19751680        261139624.07341331        0.0000000000000000     
 WACCMX_RECV_SOURCE_FLAGS          20           4  0.333333343          188480      132262       50379        5839           0           0      132262       56218      132262       56218      132262      132262      132262      132262
 WACCMX_APPLY_QC          20           1  0.334689051           37696       26478       11218       26478       11218       26478       26478       26478       26478
 WACCMX_APPLY_SOURCE_FLAGS          20           1  0.334689051           37696       26478       10155        1063           0           0
 WACCMX_APPLY_BLEND          20           1  0.334689051           37696           1   600.000000       720.000000           26457          21           0       26457          21           0
 WACCMX_APPLY_QC          13           4  0.334689051           37696       26303       11393       26303       11393       26303       26303       26303       26303
 WACCMX_APPLY_SOURCE_FLAGS          13           4  0.334689051           37696       26303       10871         522           0           0
 WACCMX_APPLY_BLEND          13           4  0.334689051           37696           1   600.000000       720.000000           26289          14           0       26289          14           0
 WACCMX_APPLY_QC          18           2  0.334689051           37696       26499       11197       26499       11197       26499       26499       26499       26499
 WACCMX_APPLY_SOURCE_FLAGS          18           2  0.334689051           37696       26499       10348         849           0           0
 WACCMX_APPLY_BLEND          18           2  0.334689051           37696           1   600.000000       720.000000           26474          25           0       26474          25           0
 WACCMX_APPLY_QC          11           5  0.334689051           37696       26276       11420       26276       11420       26276       26276       26276       26276
 WACCMX_APPLY_SOURCE_FLAGS          11           5  0.334689051           37696       26276       10872         548           0           0
 WACCMX_APPLY_BLEND          11           5  0.334689051           37696           1   600.000000       720.000000           26268           8           0       26268           8           0
 WACCMX online neutral received: taskid,step,packet_hr=          21           4  0.333333343    
 WACCMX_APPLY_QC          16           3  0.334689051           37696       26480       11216       26480       11216       26480       26480       26480       26480
 WACCMX_APPLY_SOURCE_FLAGS          16           3  0.334689051           37696       26480       10564         652           0           0
 WACCMX_APPLY_BLEND          16           3  0.334689051           37696           1   600.000000       720.000000           26461          19           0       26461          19           0
 WACCMX_RECV_QC          21           4  0.333333343          132023       56457      132023       56457   4.4218349421996605E+018   81178318.058380127       -331208965.64622551        282850965.14956522        0.0000000000000000        4.4218349421996605E+018   81178318.058380127       -331208965.64622551        282850965.14956522        0.0000000000000000     
 WACCMX_RECV_SOURCE_FLAGS          21           4  0.333333343          188480      132023       49846        6611           0           0      132023       56457      132023       56457      132023      132023      132023      132023
 WACCMX_APPLY_QC          21           1  0.334689051           37696       26439       11257       26439       11257       26439       26439       26439       26439
 WACCMX_APPLY_SOURCE_FLAGS          21           1  0.334689051           37696       26439       10037        1220           0           0
 WACCMX_APPLY_BLEND          21           1  0.334689051           37696           1   600.000000       720.000000           26428          11           0       26428          11           0
 WACCMX_APPLY_QC          14           4  0.334689051           37696       26387       11309       26387       11309       26387       26387       26387       26387
 WACCMX_APPLY_SOURCE_FLAGS          14           4  0.334689051           37696       26387       10746         563           0           0
 WACCMX_APPLY_BLEND          14           4  0.334689051           37696           1   600.000000       720.000000           26371          16           0       26371          16           0
 WACCMX_APPLY_QC          19           2  0.334689051           37696       26492       11204       26492       11204       26492       26492       26492       26492
 WACCMX_APPLY_SOURCE_FLAGS          19           2  0.334689051           37696       26492       10240         964           0           0
 WACCMX_APPLY_BLEND          19           2  0.334689051           37696           1   600.000000       720.000000           26470          22           0       26470          22           0
 WACCMX online neutral received: taskid,step,packet_hr=          22           4  0.333333343    
 WACCMX_APPLY_QC          12           5  0.334689051           37696       26276       11420       26276       11420       26276       26276       26276       26276
 WACCMX_APPLY_SOURCE_FLAGS          12           5  0.334689051           37696       26276       10899         521           0           0
 WACCMX_APPLY_BLEND          12           5  0.334689051           37696           1   600.000000       720.000000           26264          12           0       26264          12           0
 WACCMX_RECV_QC          22           4  0.333333343          131877       56603      131877       56603   4.5160413577069507E+018   82223391.555007935       -396069718.43432206        229977813.15276444        0.0000000000000000        4.5160413577069507E+018   82223391.555007935       -396069718.43432206        229977813.15276444        0.0000000000000000     
 WACCMX_RECV_SOURCE_FLAGS          22           4  0.333333343          188480      131877       49444        7159           0           0      131877       56603      131877       56603      131877      131877      131877      131877
 WACCMX_APPLY_QC          22           1  0.334689051           37696       26381       11315       26381       11315       26381       26381       26381       26381
 WACCMX_APPLY_SOURCE_FLAGS          22           1  0.334689051           37696       26381        9946        1369           0           0
 WACCMX_APPLY_BLEND          22           1  0.334689051           37696           1   600.000000       720.000000           26375           6           0       26375           6           0
 WACCMX_APPLY_QC          17           3  0.334689051           37696       26496       11200       26496       11200       26496       26496       26496       26496
 WACCMX_APPLY_SOURCE_FLAGS          17           3  0.334689051           37696       26496       10447         753           0           0
 WACCMX_APPLY_BLEND          17           3  0.334689051           37696           1   600.000000       720.000000           26473          23           0       26473          23           0
 WACCMX_APPLY_QC          15           4  0.334689051           37696       26469       11227       26469       11227       26469       26469       26469       26469
 WACCMX_APPLY_SOURCE_FLAGS          15           4  0.334689051           37696       26469       10620         607           0           0
 WACCMX_APPLY_BLEND          15           4  0.334689051           37696           1   600.000000       720.000000           26452          17           0       26452          17           0
 WACCMX_APPLY_QC          20           2  0.334689051           37696       26468       11228       26468       11228       26468       26468       26468       26468
 WACCMX_APPLY_SOURCE_FLAGS          20           2  0.334689051           37696       26468       10118        1110           0           0
 WACCMX_APPLY_BLEND          20           2  0.334689051           37696           1   600.000000       720.000000           26450          18           0       26450          18           0
 WACCMX_APPLY_QC          13           5  0.334689051           37696       26321       11375       26321       11375       26321       26321       26321       26321
 WACCMX_APPLY_SOURCE_FLAGS          13           5  0.334689051           37696       26321       10837         538           0           0
 WACCMX_APPLY_BLEND          13           5  0.334689051           37696           1   600.000000       720.000000           26308          13           0       26308          13           0
 WACCMX online neutral received: taskid,step,packet_hr=          23           4  0.333333343    
 WACCMX_RECV_QC          23           4  0.333333343          131910       56570      131910       56570   4.6093448228967501E+018   83303603.257385254       -432105214.53771412        187745447.59264255        0.0000000000000000        4.6093448228967501E+018   83303603.257385254       -432105214.53771412        187745447.59264255        0.0000000000000000     
 WACCMX_RECV_SOURCE_FLAGS          23           4  0.333333343          188480      131910       49104        7466           0           0      131910       56570      131910       56570      131910      131910      131910      131910
 WACCMX_APPLY_QC          23           1  0.334689051           37696       26374       11322       26374       11322       26374       26374       26374       26374
 WACCMX_APPLY_SOURCE_FLAGS          23           1  0.334689051           37696       26374        9859        1463           0           0
 WACCMX_APPLY_BLEND          23           1  0.334689051           37696           1   600.000000       720.000000           26372           2           0       26372           2           0
 WACCMX_APPLY_QC          18           3  0.334689051           37696       26506       11190       26506       11190       26506       26506       26506       26506
 WACCMX_APPLY_SOURCE_FLAGS          18           3  0.334689051           37696       26506       10308         882           0           0
 WACCMX_APPLY_BLEND          18           3  0.334689051           37696           1   600.000000       720.000000           26479          27           0       26479          27           0
 WACCMX_APPLY_QC          16           4  0.334689051           37696       26488       11208       26488       11208       26488       26488       26488       26488
 WACCMX_APPLY_SOURCE_FLAGS          16           4  0.334689051           37696       26488       10520         688           0           0
 WACCMX_APPLY_BLEND          16           4  0.334689051           37696           1   600.000000       720.000000           26467          21           0       26467          21           0
 WACCMX_APPLY_QC          21           2  0.334689051           37696       26424       11272       26424       11272       26424       26424       26424       26424
 WACCMX_APPLY_SOURCE_FLAGS          21           2  0.334689051           37696       26424        9988        1284           0           0
 WACCMX_APPLY_BLEND          21           2  0.334689051           37696           1   600.000000       720.000000           26414          10           0       26414          10           0
 WACCMX online neutral received: taskid,step,packet_hr=          24           4  0.333333343    
 WACCMX_RECV_QC          24           4  0.333333343          132052       56428      132052       56428   4.7448884378920110E+018   84188009.238327026       -437348012.12456846        142566482.36626154        0.0000000000000000        4.7448884378920110E+018   84188009.238327026       -437348012.12456846        142566482.36626154        0.0000000000000000     
 WACCMX_RECV_SOURCE_FLAGS          24           4  0.333333343          188480      132052       48847        7581           0           0      132052       56428      132052       56428      132052      132052      132052      132052
 WACCMX_APPLY_QC          24           1  0.334689051           37696       26387       11309       26387       11309       26387       26387       26387       26387
 WACCMX_APPLY_SOURCE_FLAGS          24           1  0.334689051           37696       26387        9802        1507           0           0
 WACCMX_APPLY_BLEND          24           1  0.334689051           37696           1   600.000000       720.000000           26386           1           0       26386           1           0
 WACCMX_APPLY_QC          14           5  0.334689051           37696       26420       11276       26420       11276       26420       26420       26420       26420
 WACCMX_APPLY_SOURCE_FLAGS          14           5  0.334689051           37696       26420       10704         572           0           0
 WACCMX_APPLY_BLEND          14           5  0.334689051           37696           1   600.000000       720.000000           26403          17           0       26403          17           0
 WACCMX_APPLY_QC          19           3  0.334689051           37696       26481       11215       26481       11215       26481       26481       26481       26481
 WACCMX_APPLY_SOURCE_FLAGS          19           3  0.334689051           37696       26481       10194        1021           0           0
 WACCMX_APPLY_BLEND          19           3  0.334689051           37696           1   600.000000       720.000000           26459          22           0       26459          22           0
 WACCMX_APPLY_QC          22           2  0.334689051           37696       26375       11321       26375       11321       26375       26375       26375       26375
 WACCMX_APPLY_SOURCE_FLAGS          22           2  0.334689051           37696       26375        9911        1410           0           0
 WACCMX_APPLY_BLEND          22           2  0.334689051           37696           1   600.000000       720.000000           26371           4           0       26371           4           0
 WACCMX_APPLY_QC          17           4  0.334689051           37696       26496       11200       26496       11200       26496       26496       26496       26496
 WACCMX_APPLY_SOURCE_FLAGS          17           4  0.334689051           37696       26496       10412         788           0           0
 WACCMX_APPLY_BLEND          17           4  0.334689051           37696           1   600.000000       720.000000           26471          25           0       26471          25           0
 WACCMX online neutral received: taskid,step,packet_hr=          25           4  0.333333343    
 WACCMX_RECV_QC          25           4  0.333333343          132117       56363      132117       56363   4.9212387056259154E+018   84536276.159973145       -376288182.64749569        141156577.06563658        0.0000000000000000        4.9212387056259154E+018   84536276.159973145       -376288182.64749569        141156577.06563658        0.0000000000000000     
 WACCMX_RECV_SOURCE_FLAGS          25           4  0.333333343          188480      132117       48705        7658           0           0      132117       56363      132117       56363      132117      132117      132117      132117
 WACCMX_APPLY_QC          25           1  0.334689051           37696       26417       11279       26417       11279       26417       26417       26417       26417
 WACCMX_APPLY_SOURCE_FLAGS          25           1  0.334689051           37696       26417        9754        1525           0           0
 WACCMX_APPLY_BLEND          25           1  0.334689051           37696           1   600.000000       720.000000           26417           0           0       26417           0           0
 WACCMX_APPLY_QC          15           5  0.334689051           37696       26483       11213       26483       11213       26483       26483       26483       26483
 WACCMX_APPLY_SOURCE_FLAGS          15           5  0.334689051           37696       26483       10583         630           0           0
 WACCMX_APPLY_BLEND          15           5  0.334689051           37696           1   600.000000       720.000000           26465          18           0       26465          18           0
 WACCMX_APPLY_QC          20           3  0.334689051           37696       26453       11243       26453       11243       26453       26453       26453       26453
 WACCMX_APPLY_SOURCE_FLAGS          20           3  0.334689051           37696       26453       10081        1162           0           0
 WACCMX_APPLY_BLEND          20           3  0.334689051           37696           1   600.000000       720.000000           26440          13           0       26440          13           0
 WACCMX_APPLY_QC          23           2  0.334689051           37696       26370       11326       26370       11326       26370       26370       26370       26370
 WACCMX_APPLY_SOURCE_FLAGS          23           2  0.334689051           37696       26370        9840        1486           0           0
 WACCMX_APPLY_BLEND          23           2  0.334689051           37696           1   600.000000       720.000000           26368           2           0       26368           2           0
 WACCMX_APPLY_QC          18           4  0.334689051           37696       26504       11192       26504       11192       26504       26504       26504       26504
 WACCMX_APPLY_SOURCE_FLAGS          18           4  0.334689051           37696       26504       10273         919           0           0
 WACCMX_APPLY_BLEND          18           4  0.334689051           37696           1   600.000000       720.000000           26478          26           0       26478          26           0
 WACCMX online neutral received: taskid,step,packet_hr=          26           4  0.333333343    
 WACCMX_RECV_QC          26           4  0.333333343          132079       56401      132079       56401   4.9583267211100529E+018   84520286.139205933       -265225773.36670616        168617311.32978261        0.0000000000000000        4.9583267211100529E+018   84520286.139205933       -265225773.36670616        168617311.32978261        0.0000000000000000     
 WACCMX_RECV_SOURCE_FLAGS          26           4  0.333333343          188480      132079       48687        7714           0           0      132079       56401      132079       56401      132079      132079      132079      132079
 WACCMX_APPLY_QC          26           1  0.334689051           37696       26421       11275       26421       11275       26421       26421       26421       26421
 WACCMX_APPLY_SOURCE_FLAGS          26           1  0.334689051           37696       26421        9735        1540           0           0
 WACCMX_APPLY_BLEND          26           1  0.334689051           37696           1   600.000000       720.000000           26421           0           0       26421           0           0
 WACCMX_APPLY_QC          16           5  0.334689051           37696       26496       11200       26496       11200       26496       26496       26496       26496
 WACCMX_APPLY_SOURCE_FLAGS          16           5  0.334689051           37696       26496       10482         718           0           0
 WACCMX_APPLY_BLEND          16           5  0.334689051           37696           1   600.000000       720.000000           26475          21           0       26475          21           0
 WACCMX_APPLY_QC          21           3  0.334689051           37696       26404       11292       26404       11292       26404       26404       26404       26404
 WACCMX_APPLY_SOURCE_FLAGS          21           3  0.334689051           37696       26404        9964        1328           0           0
 WACCMX_APPLY_BLEND          21           3  0.334689051           37696           1   600.000000       720.000000           26397           7           0       26397           7           0
 WACCMX_APPLY_QC          24           2  0.334689051           37696       26405       11291       26405       11291       26405       26405       26405       26405
 WACCMX_APPLY_SOURCE_FLAGS          24           2  0.334689051           37696       26405        9782        1509           0           0
 WACCMX_APPLY_BLEND          24           2  0.334689051           37696           1   600.000000       720.000000           26404           1           0       26404           1           0
 WACCMX_APPLY_QC          19           4  0.334689051           37696       26478       11218       26478       11218       26478       26478       26478       26478
 WACCMX_APPLY_SOURCE_FLAGS          19           4  0.334689051           37696       26478       10155        1063           0           0
 WACCMX_APPLY_BLEND          19           4  0.334689051           37696           1   600.000000       720.000000           26457          21           0       26457          21           0
 WACCMX online neutral received: taskid,step,packet_hr=          27           4  0.333333343    
 WACCMX_RECV_QC          27           4  0.333333343          131985       56495      131985       56495   4.8487588632953375E+018   84351734.572692871       -153111660.52533525        160603184.43888471        0.0000000000000000        4.8487588632953375E+018   84351734.572692871       -153111660.52533525        160603184.43888471        0.0000000000000000     
 WACCMX_RECV_SOURCE_FLAGS          27           4  0.333333343          188480      131985       48812        7683           0           0      131985       56495      131985       56495      131985      131985      131985      131985
 WACCMX_APPLY_QC          27           1  0.334689051           37696       26408       11288       26408       11288       26408       26408       26408       26408
 WACCMX_APPLY_SOURCE_FLAGS          27           1  0.334689051           37696       26408        9739        1549           0           0
 WACCMX_APPLY_BLEND          27           1  0.334689051           37696           1   600.000000       720.000000           26408           0           0       26408           0           0
 WACCMX_APPLY_QC          22           3  0.334689051           37696       26377       11319       26377       11319       26377       26377       26377       26377
 WACCMX_APPLY_SOURCE_FLAGS          22           3  0.334689051           37696       26377        9888        1431           0           0
 WACCMX_APPLY_BLEND          22           3  0.334689051           37696           1   600.000000       720.000000           26374           3           0       26374           3           0
 WACCMX_APPLY_QC          17           5  0.334689051           37696       26499       11197       26499       11197       26499       26499       26499       26499
 WACCMX_APPLY_SOURCE_FLAGS          17           5  0.334689051           37696       26499       10348         849           0           0
 WACCMX_APPLY_BLEND          17           5  0.334689051           37696           1   600.000000       720.000000           26474          25           0       26474          25           0
 WACCMX_APPLY_QC          25           2  0.334689051           37696       26426       11270       26426       11270       26426       26426       26426       26426
 WACCMX_APPLY_SOURCE_FLAGS          25           2  0.334689051           37696       26426        9743        1527           0           0
 WACCMX_APPLY_BLEND          25           2  0.334689051           37696           1   600.000000       720.000000           26426           0           0       26426           0           0
 WACCMX_APPLY_QC          20           4  0.334689051           37696       26439       11257       26439       11257       26439       26439       26439       26439
 WACCMX_APPLY_SOURCE_FLAGS          20           4  0.334689051           37696       26439       10037        1220           0           0
 WACCMX_APPLY_BLEND          20           4  0.334689051           37696           1   600.000000       720.000000           26428          11           0       26428          11           0
 WACCMX online neutral received: taskid,step,packet_hr=          28           4  0.333333343    
 WACCMX_RECV_QC          28           4  0.333333343          131862       56618      131862       56618   4.7128263758464645E+018   84096241.987228394       -86195730.244892806        115063818.77271287        0.0000000000000000        4.7128263758464645E+018   84096241.987228394       -86195730.244892806        115063818.77271287        0.0000000000000000     
 WACCMX_RECV_SOURCE_FLAGS          28           4  0.333333343          188480      131862       48964        7654           0           0      131862       56618      131862       56618      131862      131862      131862      131862
 WACCMX_APPLY_QC          28           1  0.334689051           37696       26393       11303       26393       11303       26393       26393       26393       26393
 WACCMX_APPLY_SOURCE_FLAGS          28           1  0.334689051           37696       26393        9775        1528           0           0
 WACCMX_APPLY_BLEND          28           1  0.334689051           37696           1   600.000000       720.000000           26393           0           0       26393           0           0
 WACCMX_APPLY_QC          23           3  0.334689051           37696       26374       11322       26374       11322       26374       26374       26374       26374
 WACCMX_APPLY_SOURCE_FLAGS          23           3  0.334689051           37696       26374        9821        1501           0           0
 WACCMX_APPLY_BLEND          23           3  0.334689051           37696           1   600.000000       720.000000           26373           1           0       26373           1           0
 WACCMX_APPLY_QC          18           5  0.334689051           37696       26492       11204       26492       11204       26492       26492       26492       26492
 WACCMX_APPLY_SOURCE_FLAGS          18           5  0.334689051           37696       26492       10240         964           0           0
 WACCMX_APPLY_BLEND          18           5  0.334689051           37696           1   600.000000       720.000000           26470          22           0       26470          22           0
 WACCMX_APPLY_QC          26           2  0.334689051           37696       26427       11269       26427       11269       26427       26427       26427       26427
 WACCMX_APPLY_SOURCE_FLAGS          26           2  0.334689051           37696       26427        9735        1534           0           0
 WACCMX_APPLY_BLEND          26           2  0.334689051           37696           1   600.000000       720.000000           26427           0           0       26427           0           0
 WACCMX_APPLY_QC          21           4  0.334689051           37696       26381       11315       26381       11315       26381       26381       26381       26381
 WACCMX_APPLY_SOURCE_FLAGS          21           4  0.334689051           37696       26381        9946        1369           0           0
 WACCMX_APPLY_BLEND          21           4  0.334689051           37696           1   600.000000       720.000000           26375           6           0       26375           6           0
 WACCMX online neutral received: taskid,step,packet_hr=          29           4  0.333333343    
 WACCMX_RECV_QC          29           4  0.333333343          131738       56742      131738       56742   4.6264112519152282E+018   83600920.580963135       -31655802.018261634        108470658.08667648        0.0000000000000000        4.6264112519152282E+018   83600920.580963135       -31655802.018261634        108470658.08667648        0.0000000000000000     
 WACCMX_RECV_SOURCE_FLAGS          29           4  0.333333343          188480      131738       49131        7611           0           0      131738       56742      131738       56742      131738      131738      131738      131738
 WACCMX_APPLY_QC          29           1  0.334689051           37696       26361       11335       26361       11335       26361       26361       26361       26361
 WACCMX_APPLY_SOURCE_FLAGS          29           1  0.334689051           37696       26361        9800        1535           0           0
 WACCMX_APPLY_BLEND          29           1  0.334689051           37696           1   600.000000       720.000000           26361           0           0       26361           0           0
 WACCMX_APPLY_QC          24           3  0.334689051           37696       26417       11279       26417       11279       26417       26417       26417       26417
 WACCMX_APPLY_SOURCE_FLAGS          24           3  0.334689051           37696       26417        9766        1513           0           0
 WACCMX_APPLY_BLEND          24           3  0.334689051           37696           1   600.000000       720.000000           26416           1           0       26416           1           0
 WACCMX_APPLY_QC          19           5  0.334689051           37696       26468       11228       26468       11228       26468       26468       26468       26468
 WACCMX_APPLY_SOURCE_FLAGS          19           5  0.334689051           37696       26468       10118        1110           0           0
 WACCMX_APPLY_BLEND          19           5  0.334689051           37696           1   600.000000       720.000000           26450          18           0       26450          18           0
 WACCMX_APPLY_QC          27           2  0.334689051           37696       26404       11292       26404       11292       26404       26404       26404       26404
 WACCMX_APPLY_SOURCE_FLAGS          27           2  0.334689051           37696       26404        9745        1547           0           0
 WACCMX_APPLY_BLEND          27           2  0.334689051           37696           1   600.000000       720.000000           26404           0           0       26404           0           0
 WACCMX_APPLY_QC          22           4  0.334689051           37696       26374       11322       26374       11322       26374       26374       26374       26374
 WACCMX_APPLY_SOURCE_FLAGS          22           4  0.334689051           37696       26374        9859        1463           0           0
 WACCMX_APPLY_BLEND          22           4  0.334689051           37696           1   600.000000       720.000000           26372           2           0       26372           2           0
 WACCMX online neutral received: taskid,step,packet_hr=          30           4  0.333333343    
 WACCMX_RECV_QC          30           4  0.333333343          131596       56884      131596       56884   4.5827478256602368E+018   82771275.004516602        20395430.088728927        137398501.79137713        0.0000000000000000        4.5827478256602368E+018   82771275.004516602        20395430.088728927        137398501.79137713        0.0000000000000000     
 WACCMX_RECV_SOURCE_FLAGS          30           4  0.333333343          188480      131596       49452        7432           0           0      131596       56884      131596       56884      131596      131596      131596      131596
 WACCMX_APPLY_QC          30           1  0.334689051           37696       26341       11355       26341       11355       26341       26341       26341       26341
 WACCMX_APPLY_SOURCE_FLAGS          30           1  0.334689051           37696       26341        9841        1514           0           0
 WACCMX_APPLY_BLEND          30           1  0.334689051           37696           1   600.000000       720.000000           26341           0           0       26341           0           0
 WACCMX_APPLY_QC          25           3  0.334689051           37696       26426       11270       26426       11270       26426       26426       26426       26426
 WACCMX_APPLY_SOURCE_FLAGS          25           3  0.334689051           37696       26426        9738        1532           0           0
 WACCMX_APPLY_BLEND          25           3  0.334689051           37696           1   600.000000       720.000000           26426           0           0       26426           0           0
 WACCMX_APPLY_QC          20           5  0.334689051           37696       26424       11272       26424       11272       26424       26424       26424       26424
 WACCMX_APPLY_SOURCE_FLAGS          20           5  0.334689051           37696       26424        9988        1284           0           0
 WACCMX_APPLY_BLEND          20           5  0.334689051           37696           1   600.000000       720.000000           26414          10           0       26414          10           0
 WACCMX_APPLY_QC          28           2  0.334689051           37696       26381       11315       26381       11315       26381       26381       26381       26381
 WACCMX_APPLY_SOURCE_FLAGS          28           2  0.334689051           37696       26381        9788        1527           0           0
 WACCMX_APPLY_BLEND          28           2  0.334689051           37696           1   600.000000       720.000000           26381           0           0       26381           0           0
 WACCMX_APPLY_QC          23           4  0.334689051           37696       26387       11309       26387       11309       26387       26387       26387       26387
 WACCMX_APPLY_SOURCE_FLAGS          23           4  0.334689051           37696       26387        9802        1507           0           0
 WACCMX_APPLY_BLEND          23           4  0.334689051           37696           1   600.000000       720.000000           26386           1           0       26386           1           0
 WACCMX online neutral received: taskid,step,packet_hr=          31           4  0.333333343    
 WACCMX_APPLY_QC          26           3  0.334689051           37696       26419       11277       26419       11277       26419       26419       26419       26419
 WACCMX_APPLY_SOURCE_FLAGS          26           3  0.334689051           37696       26419        9733        1544           0           0
 WACCMX_APPLY_BLEND          26           3  0.334689051           37696           1   600.000000       720.000000           26419           0           0       26419           0           0
 WACCMX_RECV_QC          31           4  0.333333343          131423       57057      131423       57057   4.5024887779302339E+018   81486401.953201294        89729643.521732211        187838945.35052299        0.0000000000000000        4.5024887779302339E+018   81486401.953201294        89729643.521732211        187838945.35052299        0.0000000000000000     
 WACCMX_RECV_SOURCE_FLAGS          31           4  0.333333343          188480      131423       50002        7055           0           0      131423       57057      131423       57057      131423      131423      131423      131423
 WACCMX_APPLY_QC          31           1  0.334689051           37696       26309       11387       26309       11387       26309       26309       26309       26309
 WACCMX_APPLY_SOURCE_FLAGS          31           1  0.334689051           37696       26309        9919        1468           0           0
 WACCMX_APPLY_BLEND          31           1  0.334689051           37696           1   600.000000       720.000000           26309           0           0       26309           0           0
 WACCMX_APPLY_QC          21           5  0.334689051           37696       26375       11321       26375       11321       26375       26375       26375       26375
 WACCMX_APPLY_SOURCE_FLAGS          21           5  0.334689051           37696       26375        9911        1410           0           0
 WACCMX_APPLY_BLEND          21           5  0.334689051           37696           1   600.000000       720.000000           26371           4           0       26371           4           0
 WACCMX_APPLY_QC          29           2  0.334689051           37696       26357       11339       26357       11339       26357       26357       26357       26357
 WACCMX_APPLY_SOURCE_FLAGS          29           2  0.334689051           37696       26357        9808        1531           0           0
 WACCMX_APPLY_BLEND          29           2  0.334689051           37696           1   600.000000       720.000000           26357           0           0       26357           0           0
 WACCMX_APPLY_QC          24           4  0.334689051           37696       26417       11279       26417       11279       26417       26417       26417       26417
 WACCMX_APPLY_SOURCE_FLAGS          24           4  0.334689051           37696       26417        9754        1525           0           0
 WACCMX_APPLY_BLEND          24           4  0.334689051           37696           1   600.000000       720.000000           26417           0           0       26417           0           0
 WACCMX online neutral received: taskid,step,packet_hr=          32           4  0.333333343    
 WACCMX_RECV_QC          32           4  0.333333343          131188       57292      131188       57292   4.4629486776015222E+018   79815887.482330322        146660911.87636092        241101281.38644704        0.0000000000000000        4.4629486776015222E+018   79815887.482330322        146660911.87636092        241101281.38644704        0.0000000000000000     
 WACCMX_RECV_SOURCE_FLAGS          32           4  0.333333343          188480      131188       50746        6546           0           0      131188       57292      131188       57292      131188      131188      131188      131188
 WACCMX_APPLY_QC          32           1  0.334689051           37696       26271       11425       26271       11425       26271       26271       26271       26271
 WACCMX_APPLY_SOURCE_FLAGS          32           1  0.334689051           37696       26271       10043        1382           0           0
 WACCMX_APPLY_BLEND          32           1  0.334689051           37696           1   600.000000       720.000000           26271           0           0       26271           0           0
 WACCMX_APPLY_QC          27           3  0.334689051           37696       26399       11297       26399       11297       26399       26399       26399       26399
 WACCMX_APPLY_SOURCE_FLAGS          27           3  0.334689051           37696       26399        9765        1532           0           0
 WACCMX_APPLY_BLEND          27           3  0.334689051           37696           1   600.000000       720.000000           26399           0           0       26399           0           0
 WACCMX_APPLY_QC          22           5  0.334689051           37696       26370       11326       26370       11326       26370       26370       26370       26370
 WACCMX_APPLY_SOURCE_FLAGS          22           5  0.334689051           37696       26370        9840        1486           0           0
 WACCMX_APPLY_BLEND          22           5  0.334689051           37696           1   600.000000       720.000000           26368           2           0       26368           2           0
 WACCMX_APPLY_QC          30           2  0.334689051           37696       26330       11366       26330       11366       26330       26330       26330       26330
 WACCMX_APPLY_SOURCE_FLAGS          30           2  0.334689051           37696       26330        9860        1506           0           0
 WACCMX_APPLY_BLEND          30           2  0.334689051           37696           1   600.000000       720.000000           26330           0           0       26330           0           0
 WACCMX_APPLY_QC          25           4  0.334689051           37696       26421       11275       26421       11275       26421       26421       26421       26421
 WACCMX_APPLY_SOURCE_FLAGS          25           4  0.334689051           37696       26421        9735        1540           0           0
 WACCMX_APPLY_BLEND          25           4  0.334689051           37696           1   600.000000       720.000000           26421           0           0       26421           0           0
 WACCMX_APPLY_QC          28           3  0.334689051           37696       26370       11326       26370       11326       26370       26370       26370       26370
 WACCMX_APPLY_SOURCE_FLAGS          28           3  0.334689051           37696       26370        9793        1533           0           0
 WACCMX_APPLY_BLEND          28           3  0.334689051           37696           1   600.000000       720.000000           26370           0           0       26370           0           0
 WACCMX_APPLY_QC          23           5  0.334689051           37696       26405       11291       26405       11291       26405       26405       26405       26405
 WACCMX_APPLY_SOURCE_FLAGS          23           5  0.334689051           37696       26405        9782        1509           0           0
 WACCMX_APPLY_BLEND          23           5  0.334689051           37696           1   600.000000       720.000000           26404           1           0       26404           1           0
 WACCMX_APPLY_QC          26           4  0.334689051           37696       26408       11288       26408       11288       26408       26408       26408       26408
 WACCMX_APPLY_SOURCE_FLAGS          26           4  0.334689051           37696       26408        9739        1549           0           0
 WACCMX_APPLY_BLEND          26           4  0.334689051           37696           1   600.000000       720.000000           26408           0           0       26408           0           0
 WACCMX_APPLY_QC          31           2  0.334689051           37696       26297       11399       26297       11399       26297       26297       26297       26297
 WACCMX_APPLY_SOURCE_FLAGS          31           2  0.334689051           37696       26297        9949        1450           0           0
 WACCMX_APPLY_BLEND          31           2  0.334689051           37696           1   600.000000       720.000000           26297           0           0       26297           0           0
 WACCMX_APPLY_QC          29           3  0.334689051           37696       26349       11347       26349       11347       26349       26349       26349       26349
 WACCMX_APPLY_SOURCE_FLAGS          29           3  0.334689051           37696       26349        9822        1525           0           0
 WACCMX_APPLY_BLEND          29           3  0.334689051           37696           1   600.000000       720.000000           26349           0           0       26349           0           0
 WACCMX_APPLY_QC          24           5  0.334689051           37696       26426       11270       26426       11270       26426       26426       26426       26426
 WACCMX_APPLY_SOURCE_FLAGS          24           5  0.334689051           37696       26426        9743        1527           0           0
 WACCMX_APPLY_BLEND          24           5  0.334689051           37696           1   600.000000       720.000000           26426           0           0       26426           0           0
 WACCMX_APPLY_QC          32           2  0.334689051           37696       26259       11437       26259       11437       26259       26259       26259       26259
 WACCMX_APPLY_SOURCE_FLAGS          32           2  0.334689051           37696       26259       10105        1332           0           0
 WACCMX_APPLY_BLEND          32           2  0.334689051           37696           1   600.000000       720.000000           26259           0           0       26259           0           0
 WACCMX_APPLY_QC          27           4  0.334689051           37696       26393       11303       26393       11303       26393       26393       26393       26393
 WACCMX_APPLY_SOURCE_FLAGS          27           4  0.334689051           37696       26393        9775        1528           0           0
 WACCMX_APPLY_BLEND          27           4  0.334689051           37696           1   600.000000       720.000000           26393           0           0       26393           0           0
 WACCMX_APPLY_QC          30           3  0.334689051           37696       26319       11377       26319       11377       26319       26319       26319       26319
 WACCMX_APPLY_SOURCE_FLAGS          30           3  0.334689051           37696       26319        9883        1494           0           0
 WACCMX_APPLY_BLEND          30           3  0.334689051           37696           1   600.000000       720.000000           26319           0           0       26319           0           0
 WACCMX_APPLY_QC          25           5  0.334689051           37696       26427       11269       26427       11269       26427       26427       26427       26427
 WACCMX_APPLY_SOURCE_FLAGS          25           5  0.334689051           37696       26427        9735        1534           0           0
 WACCMX_APPLY_BLEND          25           5  0.334689051           37696           1   600.000000       720.000000           26427           0           0       26427           0           0
 WACCMX_APPLY_QC          28           4  0.334689051           37696       26361       11335       26361       11335       26361       26361       26361       26361
 WACCMX_APPLY_SOURCE_FLAGS          28           4  0.334689051           37696       26361        9800        1535           0           0
 WACCMX_APPLY_BLEND          28           4  0.334689051           37696           1   600.000000       720.000000           26361           0           0       26361           0           0
 WACCMX_APPLY_QC          26           5  0.334689051           37696       26404       11292       26404       11292       26404       26404       26404       26404
 WACCMX_APPLY_SOURCE_FLAGS          26           5  0.334689051           37696       26404        9745        1547           0           0
 WACCMX_APPLY_BLEND          26           5  0.334689051           37696           1   600.000000       720.000000           26404           0           0       26404           0           0
 WACCMX_APPLY_QC          31           3  0.334689051           37696       26287       11409       26287       11409       26287       26287       26287       26287
 WACCMX_APPLY_SOURCE_FLAGS          31           3  0.334689051           37696       26287        9986        1423           0           0
 WACCMX_APPLY_BLEND          31           3  0.334689051           37696           1   600.000000       720.000000           26287           0           0       26287           0           0
 WACCMX_APPLY_QC          29           4  0.334689051           37696       26341       11355       26341       11355       26341       26341       26341       26341
 WACCMX_APPLY_SOURCE_FLAGS          29           4  0.334689051           37696       26341        9841        1514           0           0
 WACCMX_APPLY_BLEND          29           4  0.334689051           37696           1   600.000000       720.000000           26341           0           0       26341           0           0
 WACCMX_APPLY_QC          32           3  0.334689051           37696       26247       11449       26247       11449       26247       26247       26247       26247
 WACCMX_APPLY_SOURCE_FLAGS          32           3  0.334689051           37696       26247       10155        1294           0           0
 WACCMX_APPLY_BLEND          32           3  0.334689051           37696           1   600.000000       720.000000           26247           0           0       26247           0           0
 WACCMX_APPLY_QC          27           5  0.334689051           37696       26381       11315       26381       11315       26381       26381       26381       26381
 WACCMX_APPLY_SOURCE_FLAGS          27           5  0.334689051           37696       26381        9788        1527           0           0
 WACCMX_APPLY_BLEND          27           5  0.334689051           37696           1   600.000000       720.000000           26381           0           0       26381           0           0
 WACCMX_APPLY_QC          30           4  0.334689051           37696       26309       11387       26309       11387       26309       26309       26309       26309
 WACCMX_APPLY_SOURCE_FLAGS          30           4  0.334689051           37696       26309        9919        1468           0           0
 WACCMX_APPLY_BLEND          30           4  0.334689051           37696           1   600.000000       720.000000           26309           0           0       26309           0           0
 WACCMX_APPLY_QC          28           5  0.334689051           37696       26357       11339       26357       11339       26357       26357       26357       26357
 WACCMX_APPLY_SOURCE_FLAGS          28           5  0.334689051           37696       26357        9808        1531           0           0
 WACCMX_APPLY_BLEND          28           5  0.334689051           37696           1   600.000000       720.000000           26357           0           0       26357           0           0
 WACCMX_APPLY_QC          31           4  0.334689051           37696       26271       11425       26271       11425       26271       26271       26271       26271
 WACCMX_APPLY_SOURCE_FLAGS          31           4  0.334689051           37696       26271       10043        1382           0           0
 WACCMX_APPLY_BLEND          31           4  0.334689051           37696           1   600.000000       720.000000           26271           0           0       26271           0           0
 WACCMX_APPLY_QC          29           5  0.334689051           37696       26330       11366       26330       11366       26330       26330       26330       26330
 WACCMX_APPLY_SOURCE_FLAGS          29           5  0.334689051           37696       26330        9860        1506           0           0
 WACCMX_APPLY_BLEND          29           5  0.334689051           37696           1   600.000000       720.000000           26330           0           0       26330           0           0
 WACCMX_APPLY_QC          32           4  0.334689051           37696       26217       11479       26217       11479       26217       26217       26217       26217
 WACCMX_APPLY_SOURCE_FLAGS          32           4  0.334689051           37696       26217       10196        1283           0           0
 WACCMX_APPLY_BLEND          32           4  0.334689051           37696           1   600.000000       720.000000           26217           0           0       26217           0           0
 WACCMX_APPLY_QC          30           5  0.334689051           37696       26297       11399       26297       11399       26297       26297       26297       26297
 WACCMX_APPLY_SOURCE_FLAGS          30           5  0.334689051           37696       26297        9949        1450           0           0
 WACCMX_APPLY_BLEND          30           5  0.334689051           37696           1   600.000000       720.000000           26297           0           0       26297           0           0
 WACCMX_APPLY_QC          31           5  0.334689051           37696       26259       11437       26259       11437       26259       26259       26259       26259
 WACCMX_APPLY_SOURCE_FLAGS          31           5  0.334689051           37696       26259       10105        1332           0           0
 WACCMX_APPLY_BLEND          31           5  0.334689051           37696           1   600.000000       720.000000           26259           0           0       26259           0           0
 WACCMX_APPLY_QC          32           5  0.334689051           37696       26194       11502       26194       11502       26194       26194       26194       26194
 WACCMX_APPLY_SOURCE_FLAGS          32           5  0.334689051           37696       26194       10247        1255           0           0
 WACCMX_APPLY_BLEND          32           5  0.334689051           37696           1   600.000000       720.000000           26194           0           0       26194           0           0
 calling potpphi   2.77512074       2.77512074    
           1   2.56180838E-02
           2   5.45094442E-03
   50.0836906    
 calling potpphi   2.77512074       2.77512074    
           1   1.54092640E-03
   49.9718971    
 calling potpphi   2.77512074       2.77512074    
           1   4.50985134E-03
   50.2296143    
 calling potpphi   2.77512074       2.77512074    
           1   4.87890327E-03
   49.9726524    
 calling potpphi   2.77512074       2.77512074    
           1   3.30313388E-03
   49.7899399    
 calling potpphi   2.77512074       2.77512074    
           1   1.88303002E-05
   49.7923164    
 calling potpphi   2.77512074       2.77512074    
           1   1.10349071E-03
   49.7279663    
 calling potpphi   2.77512074       2.77512074    
           1   8.65165857E-05
   49.7175751    
 calling potpphi   2.77512074       2.77512074    
           1   4.33835061E-03
   49.9431343    
 calling potpphi   2.77512074       2.77512074    
           1   7.11074052E-03
   49.5811539    
 calling potpphi   2.77512074       2.77512074    
           1   8.63299891E-03
   50.0177612    
 calling potpphi   2.77512074       2.77512074    
           1   1.01888599E-03
   49.9707069    
 calling potpphi   2.77512074       2.77512074    
           1   2.80250027E-03
   49.8236046    
 calling potpphi   2.77512074       2.77512074    
           1   6.32170914E-03
   50.1411018    
 calling potpphi   2.77512074       2.77512074    
           1   4.07688133E-03
   49.9459915    
 calling potpphi   2.77512074       2.77512074    
           1   1.44746189E-03
   49.8657875    
 calling potpphi   2.77512074       2.77512074    
           1   1.49938429E-03
   49.7776527    
 calling potpphi   2.77512074       2.77512074    
           1   3.91112920E-03
   49.9864578    
 calling potpphi   2.77512074       2.77512074    
           1   3.22574493E-03
   49.8176804    
 calling potpphi   2.77512074       2.77512074    
           1   4.24525607E-03
   50.0293655    
 calling potpphi   2.77512074       2.77512074    
           1   6.33569574E-03
   49.7017822    
 calling potpphi   2.77512074       2.77512074    
           1   8.88008345E-03
   50.1601028    
 calling potpphi   2.77512074       2.77512074    
           1   4.89636930E-03
   49.9133530    
 calling potpphi   2.77512074       2.77512074    
           1   2.08656723E-03
   50.0198250    
 calling potpphi   2.77512074       2.77512074    
           1   3.85733694E-03
   49.8110466    
 calling potpphi   2.77512074       2.77512074    
           1   1.71239849E-03
   49.8941422    
 calling potpphi   2.77512074       2.77512074    
           1   1.02616788E-03
   49.8544998    
 calling potpphi   2.77512074       2.77512074    
           1   1.27842068E-03
   49.9126816    
 calling potpphi   2.77512074       2.77512074    
           1   4.91976133E-03
   50.1660843    
 calling potpphi   2.77512074       2.77512074    
           1   4.21101548E-04
   50.2002602    
 calling potpphi   2.77512074       2.77512074    
           1   7.31524720E-04
   50.1541901    
 calling potpphi   2.77512074       2.77512074    
           1   9.87394480E-04
   50.2082291    
 calling potpphi   2.77512074       2.77512074    
           1   3.09978815E-04
   50.1891479    
 calling potpphi   2.77512074       2.77512074    
           1   4.37531108E-03
   50.4181023    
 calling potpphi   2.77512074       2.77512074    
           1   9.11346078E-03
   49.9416046    
 calling potpphi   2.77512074       2.77512074    
           1   7.12219626E-03
   50.2981339    
 calling potpphi   2.77512074       2.77512074    
           1   5.61772147E-03
   50.0063477    
 calling potpphi   2.77512074       2.77512074    
           1   1.40772085E-03
   49.9348984    
 calling potpphi   2.77512074       2.77512074    
           1   1.21792604E-03
   49.9916649    
 calling potpphi   2.77512074       2.77512074    
           1   2.25396571E-03
   49.8607826    
 calling potpphi   2.77512074       2.77512074    
           1   3.88252782E-03
   50.0731430    
 calling potpphi   2.77512074       2.77512074    
           1   1.17304677E-03
   50.0157394    
 calling potpphi   2.77512074       2.77512074    
           1   6.73663104E-04
   49.9798698    
 calling potpphi   2.77512074       2.77512074    
           1   6.69824018E-04
   49.9376411    
 calling potpphi   2.77512074       2.77512074    
           1   6.28023548E-03
   50.2634354    
 calling potpphi   2.77512074       2.77512074    
           1   4.84744366E-03
   50.0175133    
 calling potpphi   2.77512074       2.77512074    
           1   3.76657676E-03
   50.2028465    
 calling potpphi   2.77512074       2.77512074    
           1   6.83080696E-04
   50.2487717    
 calling potpphi   2.77512074       2.77512074    
           1   2.71681893E-05
   50.2527122    
 calling potpphi   2.77512074       2.77512074    
           1   4.75462805E-03
   49.9982643    
 calling potpphi   2.77512074       2.77512074    
           1   2.87696515E-04
   49.9638023    
 calling potpphi   2.77512074       2.77512074    
           1   1.62599096E-03
   50.0523643    
 calling potpphi   2.77512074       2.77512074    
           1   5.00509655E-03
   50.3171883    
 calling potpphi   2.77512074       2.77512074    
           1   2.38279521E-04
   50.3154182    
 calling potpphi   2.77512074       2.77512074    
           1   1.81525247E-03
   50.4143944    
 calling potpphi   2.77512074       2.77512074    
           1   5.73461782E-03
   50.1069679    
 calling potpphi   2.77512074       2.77512074    
           1   2.01574410E-03
   50.2032928    
 calling potpphi   2.77512074       2.77512074    
           1   5.23746153E-03
   50.4785957    
 calling potpphi   2.77512074       2.77512074    
           1   8.38685688E-03
   50.0437965    
 calling potpphi   2.77512074       2.77512074    
           1   6.92165038E-03
   50.3991661    
 calling potpphi   2.77512074       2.77512074    
           1   4.97726398E-03
   50.1441460    
 calling potpphi   2.77512074       2.77512074    
           1   6.67779287E-03
   50.4843903    
 calling potpphi   2.77512074       2.77512074    
           1   3.50032211E-03
   50.3112144    
 calling potpphi   2.77512074       2.77512074    
           1   3.02285538E-03
   50.4615669    
 calling potpphi   2.77512074       2.77512074    
           1   3.26340576E-03
   50.2923508    
 calling potpphi   2.77512074       2.77512074    
           1   4.12447052E-03
   50.0584221    
 calling potpphi   2.77512074       2.77512074    
           1   5.99415554E-03
   50.3717804    
 calling potpphi   2.77512074       2.77512074    
           1   1.09477551E-03
   50.3294716    
 calling potpphi   2.77512074       2.77512074    
           1   2.19805725E-03
   50.4465179    
 calling potpphi   2.77512074       2.77512074    
           1   3.71314539E-03
   50.2407074    
 calling potpphi   2.77512074       2.77512074    
           1   3.87924816E-03
   50.4456787    
 calling potpphi   2.77512074       2.77512074    
           1   8.15376989E-04
   50.4904442    
 calling potpphi   2.77512074       2.77512074    
           1   3.31781222E-03
   50.3101768    
 calling potpphi   2.77512074       2.77512074    
           1   1.59154658E-03
   50.2221947    
 calling potpphi   2.77512074       2.77512074    
           1   3.88811575E-03
   50.4304314    
 calling potpphi   2.77512074       2.77512074    
           1   2.09770654E-03
   50.3200760    
 calling potpphi   2.77512074       2.77512074    
           1   2.97831511E-03
   50.4713326    
 calling potpphi   2.77512074       2.77512074    
           1   2.27756886E-04
   50.4775887    
 calling potpphi   2.77512074       2.77512074    
           1   4.14658105E-03
   50.2459831    
 calling potpphi   2.77512074       2.77512074    
           1   2.60323053E-03
   50.3767395    
 calling potpphi   2.77512074       2.77512074    
           1   2.12172605E-03
   50.2600555    
 calling potpphi   2.77512074       2.77512074    
           1   3.20905005E-03
   50.4270058    
 calling potpphi   2.77512074       2.77512074    
           1   1.89942913E-03
   50.3294029    
 calling potpphi   2.77512074       2.77512074    
           1   1.16490887E-03
   50.3974953    
 calling potpphi   2.77512074       2.77512074    
           1   4.94456850E-03
   50.1246681    
 calling potpphi   2.77512074       2.77512074    
           1   2.29070638E-03
   50.2451668    
 calling potpphi   2.77512074       2.77512074    
           1   2.47511896E-04
   50.2291031    
 calling potpphi   2.77512074       2.77512074    
           1   2.25446827E-04
   50.2336807    
 calling potpphi   2.77512074       2.77512074    
           1   6.61259866E-04
   50.2088470    
 calling potpphi   2.77512074       2.77512074    
           1   3.73702380E-03
   50.3950844    
 calling potpphi   2.77512074       2.77512074    
           1   2.11329036E-03
   50.2901611    
 calling potpphi   2.77512074       2.77512074    
           1   5.58442762E-03
   50.5882111    
 calling potpphi   2.77512074       2.77512074    
           1   5.96438907E-03
   50.2672081    
 calling potpphi   2.77512074       2.77512074    
           1   2.96437135E-03
   50.4220734    
 calling potpphi   2.77512074       2.77512074    
           1   5.73552074E-03
   50.1132393    
 calling potpphi   2.77512074       2.77512074    
           1   9.67921037E-03
   50.6216850    
 calling potpphi   2.77512074       2.77512074    
           1   1.35543349E-03
   50.5578384    
 calling potpphi   2.77512074       2.77512074    
           1   9.15628683E-04
   50.5145683    
 calling potpphi   2.77512074       2.77512074    
           1   6.02149824E-03
   50.1873322    
 calling potpphi   2.77512074       2.77512074    
           1   6.44828775E-04
   50.2055054    
 calling potpphi   2.77512074       2.77512074    
           1   8.41453439E-04
   50.1672249    
 calling potpphi   2.77512074       2.77512074    
           1   1.14601967E-03
   50.2268066    
 calling potpphi   2.77512074       2.77512074    
           1   1.56458630E-03
   50.1492577    
 calling potpphi   2.77512074       2.77512074    
           1   4.63214982E-03
   50.3812332    
 calling potpphi   2.77512074       2.77512074    
           1   1.94254669E-03
   50.2880936    
 calling potpphi   2.77512074       2.77512074    
           1   1.52952794E-03
   50.3689346    
 calling potpphi   2.77512074       2.77512074    
           1   8.46872063E-05
 WACCMX_PHI_RECV           5           6  0.417172581      0.416666657       1.00000002E+30  -34.5979347       28.1351852    
 hrutw2 =   0.417172581       1.00000002E+30
   50.3682556    
 calling potpphi   2.77512074       2.77512074    
           1   6.15167711E-03
   50.6942673    
 calling potpphi   2.77512074       2.77512074    
           1   1.19226833E-03
   50.6436157    
 WACCMX online neutral received: taskid,step,packet_hr=           1           5  0.416666657    
 WACCMX_RECV_QC           1           5  0.416666657          130828       57652      130828       57652   4.4686351453676667E+018   77831615.074218750        137514366.07538307        257318748.86334568        0.0000000000000000        4.4686351453676667E+018   77831615.074218750        137514366.07538307        257318748.86334568        0.0000000000000000     
 WACCMX_RECV_SOURCE_FLAGS           1           5  0.416666657          188480      130828       51455        6197           0           0      130828       57652      130828       57652      130828      130828      130828      130828
 WACCMX_APPLY_QC           1           1  0.418714315           37696       26205       11491       26205       11491       26205       26205       26205       26205
 WACCMX_APPLY_SOURCE_FLAGS           1           1  0.418714315           37696       26205       10215        1276           0           0
 WACCMX_APPLY_BLEND           1           1  0.418714315           37696           1   600.000000       720.000000           26205           0           0       26205           0           0
 d =    15993202.0       1.59892910E+10   3.38744545E+10   4.51140608E+09   94417824.0       2.24681558E-12   1789315.62       7801713.00       1.69102473E-26
 WACCMX online neutral received: taskid,step,packet_hr=           2           5  0.416666657    
 WACCMX_RECV_QC           2           5  0.416666657          130634       57846      130634       57846   4.4447536210702592E+018   76565088.919235229        81748972.867354631        237969735.35673916        0.0000000000000000        4.4447536210702592E+018   76565088.919235229        81748972.867354631        237969735.35673916        0.0000000000000000     
 WACCMX_RECV_SOURCE_FLAGS           2           5  0.416666657          188480      130634       51851        5995           0           0      130634       57846      130634       57846      130634      130634      130634      130634
 WACCMX_APPLY_QC           2           1  0.418714315           37696       26143       11553       26143       11553       26143       26143       26143       26143
 WACCMX_APPLY_SOURCE_FLAGS           2           1  0.418714315           37696       26143       10333        1220           0           0
 WACCMX_APPLY_BLEND           2           1  0.418714315           37696           1   600.000000       720.000000           26143           0           0       26143           0           0
 WACCMX online neutral received: taskid,step,packet_hr=           3           5  0.416666657    
 WACCMX_RECV_QC           3           5  0.416666657          130518       57962      130518       57962   4.4690698405941473E+018   75776858.562561035        9072755.9694757760        138767294.36515546        0.0000000000000000        4.4690698405941473E+018   75776858.562561035        9072755.9694757760        138767294.36515546        0.0000000000000000     
 WACCMX_RECV_SOURCE_FLAGS           3           5  0.416666657          188480      130518       52002        5960           0           0      130518       57962      130518       57962      130518      130518      130518      130518
 WACCMX_APPLY_QC           3           1  0.418714315           37696       26120       11576       26120       11576       26120       26120       26120       26120
 WACCMX_APPLY_SOURCE_FLAGS           3           1  0.418714315           37696       26120       10390        1186           0           0
 WACCMX_APPLY_BLEND           3           1  0.418714315           37696           1   600.000000       720.000000           26120           0           0       26120           0           0
 WACCMX_APPLY_QC           1           2  0.418714315           37696       26187       11509       26187       11509       26187       26187       26187       26187
 WACCMX_APPLY_SOURCE_FLAGS           1           2  0.418714315           37696       26187       10257        1252           0           0
 WACCMX_APPLY_BLEND           1           2  0.418714315           37696           1   600.000000       720.000000           26187           0           0       26187           0           0
 WACCMX online neutral received: taskid,step,packet_hr=           4           5  0.416666657    
 WACCMX_RECV_QC           4           5  0.416666657          130412       58068      130412       58068   4.3716819196886359E+018   75338564.106895447       -41786386.236944735        20519047.599604845        0.0000000000000000        4.3716819196886359E+018   75338564.106895447       -41786386.236944735        20519047.599604845        0.0000000000000000     
 WACCMX_RECV_SOURCE_FLAGS           4           5  0.416666657          188480      130412       52167        5901           0           0      130412       58068      130412       58068      130412      130412      130412      130412
 WACCMX_APPLY_QC           4           1  0.418714315           37696       26089       11607       26089       11607       26089       26089       26089       26089
 WACCMX_APPLY_SOURCE_FLAGS           4           1  0.418714315           37696       26089       10411        1196           0           0
 WACCMX_APPLY_BLEND           4           1  0.418714315           37696           1   600.000000       720.000000           26089           0           0       26089           0           0
 WACCMX_APPLY_QC           2           2  0.418714315           37696       26130       11566       26130       11566       26130       26130       26130       26130
 WACCMX_APPLY_SOURCE_FLAGS           2           2  0.418714315           37696       26130       10360        1206           0           0
 WACCMX_APPLY_BLEND           2           2  0.418714315           37696           1   600.000000       720.000000           26130           0           0       26130           0           0
 WACCMX online neutral received: taskid,step,packet_hr=           5           5  0.416666657    
 WACCMX_RECV_QC           5           5  0.416666657          130506       57974      130506       57974   4.3302244758504714E+018   75249059.355079651       -52742971.413159966       -43899365.953608230        0.0000000000000000        4.3302244758504714E+018   75249059.355079651       -52742971.413159966       -43899365.953608230        0.0000000000000000     
 WACCMX_RECV_SOURCE_FLAGS           5           5  0.416666657          188480      130506       52286        5688           0           0      130506       57974      130506       57974      130506      130506      130506      130506
 WACCMX_APPLY_QC           5           1  0.418714315           37696       26075       11621       26075       11621       26075       26075       26075       26075
 WACCMX_APPLY_SOURCE_FLAGS           5           1  0.418714315           37696       26075       10443        1178           0           0
 WACCMX_APPLY_BLEND           5           1  0.418714315           37696           1   600.000000       720.000000           26075           0           0       26075           0           0
 WACCMX_APPLY_QC           3           2  0.418714315           37696       26118       11578       26118       11578       26118       26118       26118       26118
 WACCMX_APPLY_SOURCE_FLAGS           3           2  0.418714315           37696       26118       10383        1195           0           0
 WACCMX_APPLY_BLEND           3           2  0.418714315           37696           1   600.000000       720.000000           26118           0           0       26118           0           0
 WACCMX_APPLY_QC           1           3  0.418714315           37696       26163       11533       26163       11533       26163       26163       26163       26163
 WACCMX_APPLY_SOURCE_FLAGS           1           3  0.418714315           37696       26163       10290        1243           0           0
 WACCMX_APPLY_BLEND           1           3  0.418714315           37696           1   600.000000       720.000000           26163           0           0       26163           0           0
 WACCMX online neutral received: taskid,step,packet_hr=           6           5  0.416666657    
 WACCMX_RECV_QC           6           5  0.416666657          130742       57738      130742       57738   4.3274256314381450E+018   75109730.946075439       -40732111.213842809       -98729875.510684654        0.0000000000000000        4.3274256314381450E+018   75109730.946075439       -40732111.213842809       -98729875.510684654        0.0000000000000000     
 WACCMX_RECV_SOURCE_FLAGS           6           5  0.416666657          188480      130742       52511        5227           0           0      130742       57738      130742       57738      130742      130742      130742      130742
 WACCMX_APPLY_QC           6           1  0.418714315           37696       26120       11576       26120       11576       26120       26120       26120       26120
 WACCMX_APPLY_SOURCE_FLAGS           6           1  0.418714315           37696       26120       10464        1112           0           0
 WACCMX_APPLY_BLEND           6           1  0.418714315           37696           1   600.000000       720.000000           26120           0           0       26120           0           0
 WACCMX_APPLY_QC           4           2  0.418714315           37696       26088       11608       26088       11608       26088       26088       26088       26088
 WACCMX_APPLY_SOURCE_FLAGS           4           2  0.418714315           37696       26088       10426        1182           0           0
 WACCMX_APPLY_BLEND           4           2  0.418714315           37696           1   600.000000       720.000000           26088           0           0       26088           0           0
 WACCMX online neutral received: taskid,step,packet_hr=           7           5  0.416666657    
 WACCMX_APPLY_QC           2           3  0.418714315           37696       26123       11573       26123       11573       26123       26123       26123       26123
 WACCMX_APPLY_SOURCE_FLAGS           2           3  0.418714315           37696       26123       10385        1188           0           0
 WACCMX_APPLY_BLEND           2           3  0.418714315           37696           1   600.000000       720.000000           26123           0           0       26123           0           0
 WACCMX_RECV_QC           7           5  0.416666657          130963       57517      130963       57517   4.1248359440228562E+018   74806627.461135864       -19401202.796721473       -136695463.90384638        0.0000000000000000        4.1248359440228562E+018   74806627.461135864       -19401202.796721473       -136695463.90384638        0.0000000000000000     
 WACCMX_RECV_SOURCE_FLAGS           7           5  0.416666657          188480      130963       52846        4671           0           0      130963       57517      130963       57517      130963      130963      130963      130963
 WACCMX_APPLY_QC           7           1  0.418714315           37696       26162       11534       26162       11534       26162       26162       26162       26162
 WACCMX_APPLY_SOURCE_FLAGS           7           1  0.418714315           37696       26162       10524        1010           0           0
 WACCMX_APPLY_BLEND           7           1  0.418714315           37696           1   600.000000       720.000000           26162           0           0       26162           0           0
 WACCMX_APPLY_QC           5           2  0.418714315           37696       26080       11616       26080       11616       26080       26080       26080       26080
 WACCMX_APPLY_SOURCE_FLAGS           5           2  0.418714315           37696       26080       10451        1165           0           0
 WACCMX_APPLY_BLEND           5           2  0.418714315           37696           1   600.000000       720.000000           26080           0           0       26080           0           0
 WACCMX online neutral received: taskid,step,packet_hr=           8           5  0.416666657    
 WACCMX_APPLY_QC           3           3  0.418714315           37696       26103       11593       26103       11593       26103       26103       26103       26103
 WACCMX_APPLY_SOURCE_FLAGS           3           3  0.418714315           37696       26103       10392        1201           0           0
 WACCMX_APPLY_BLEND           3           3  0.418714315           37696           1   600.000000       720.000000           26103           0           0       26103           0           0
 WACCMX_RECV_QC           8           5  0.416666657          131184       57296      131184       57296   3.8901177110111652E+018   74564896.151580811       -11992175.712451383       -85018334.217686176        0.0000000000000000        3.8901177110111652E+018   74564896.151580811       -11992175.712451383       -85018334.217686176        0.0000000000000000     
 WACCMX_RECV_SOURCE_FLAGS           8           5  0.416666657          188480      131184       53193        4103           0           0      131184       57296      131184       57296      131184      131184      131184      131184
 WACCMX_APPLY_QC           8           1  0.418714315           37696       26203       11493       26203       11493       26203       26203       26203       26203
 WACCMX_APPLY_SOURCE_FLAGS           8           1  0.418714315           37696       26203       10592         901           0           0
 WACCMX_APPLY_BLEND           8           1  0.418714315           37696           1   600.000000       720.000000           26201           2           0       26201           2           0
 WACCMX_APPLY_QC           1           4  0.418714315           37696       26143       11553       26143       11553       26143       26143       26143       26143
 WACCMX_APPLY_SOURCE_FLAGS           1           4  0.418714315           37696       26143       10333        1220           0           0
 WACCMX_APPLY_BLEND           1           4  0.418714315           37696           1   600.000000       720.000000           26143           0           0       26143           0           0
 WACCMX_APPLY_QC           6           2  0.418714315           37696       26134       11562       26134       11562       26134       26134       26134       26134
 WACCMX_APPLY_SOURCE_FLAGS           6           2  0.418714315           37696       26134       10475        1087           0           0
 WACCMX_APPLY_BLEND           6           2  0.418714315           37696           1   600.000000       720.000000           26134           0           0       26134           0           0
 WACCMX_APPLY_QC           4           3  0.418714315           37696       26080       11616       26080       11616       26080       26080       26080       26080
 WACCMX_APPLY_SOURCE_FLAGS           4           3  0.418714315           37696       26080       10436        1180           0           0
 WACCMX_APPLY_BLEND           4           3  0.418714315           37696           1   600.000000       720.000000           26080           0           0       26080           0           0
 WACCMX online neutral received: taskid,step,packet_hr=           9           5  0.416666657    
 WACCMX_RECV_QC           9           5  0.416666657          131308       57172      131308       57172   3.7725446395158528E+018   74267058.381149292        6487432.9679972082        3765671.0856436342        0.0000000000000000        3.7725446395158528E+018   74267058.381149292        6487432.9679972082        3765671.0856436342        0.0000000000000000     
 WACCMX_RECV_SOURCE_FLAGS           9           5  0.416666657          188480      131308       53497        3675           0           0      131308       57172      131308       57172      131308      131308      131308      131308
 WACCMX_APPLY_QC           9           1  0.418714315           37696       26255       11441       26255       11441       26255       26255       26255       26255
 WACCMX_APPLY_SOURCE_FLAGS           9           1  0.418714315           37696       26255       10663         778           0           0
 WACCMX_APPLY_BLEND           9           1  0.418714315           37696           1   600.000000       720.000000           26250           5           0       26250           5           0
 WACCMX_APPLY_QC           7           2  0.418714315           37696       26177       11519       26177       11519       26177       26177       26177       26177
 WACCMX_APPLY_SOURCE_FLAGS           7           2  0.418714315           37696       26177       10550         969           0           0
 WACCMX_APPLY_BLEND           7           2  0.418714315           37696           1   600.000000       720.000000           26176           1           0       26176           1           0
 WACCMX_APPLY_QC           2           4  0.418714315           37696       26120       11576       26120       11576       26120       26120       26120       26120
 WACCMX_APPLY_SOURCE_FLAGS           2           4  0.418714315           37696       26120       10390        1186           0           0
 WACCMX_APPLY_BLEND           2           4  0.418714315           37696           1   600.000000       720.000000           26120           0           0       26120           0           0
 WACCMX_APPLY_QC           5           3  0.418714315           37696       26097       11599       26097       11599       26097       26097       26097       26097
 WACCMX_APPLY_SOURCE_FLAGS           5           3  0.418714315           37696       26097       10453        1146           0           0
 WACCMX_APPLY_BLEND           5           3  0.418714315           37696           1   600.000000       720.000000           26097           0           0       26097           0           0
 WACCMX online neutral received: taskid,step,packet_hr=          10           5  0.416666657    
 WACCMX_RECV_QC          10           5  0.416666657          131377       57103      131377       57103   3.9219722014986967E+018   73793507.773880005       -13820853.182011627        52213870.729328036        0.0000000000000000        3.9219722014986967E+018   73793507.773880005       -13820853.182011627        52213870.729328036        0.0000000000000000     
 WACCMX_RECV_SOURCE_FLAGS          10           5  0.416666657          188480      131377       53772        3331           0           0      131377       57103      131377       57103      131377      131377      131377      131377
 WACCMX_APPLY_QC          10           1  0.418714315           37696       26265       11431       26265       11431       26265       26265       26265       26265
 WACCMX_APPLY_SOURCE_FLAGS          10           1  0.418714315           37696       26265       10712         719           0           0
 WACCMX_APPLY_BLEND          10           1  0.418714315           37696           1   600.000000       720.000000           26256           9           0       26256           9           0
 WACCMX_APPLY_QC           8           2  0.418714315           37696       26221       11475       26221       11475       26221       26221       26221       26221
 WACCMX_APPLY_SOURCE_FLAGS           8           2  0.418714315           37696       26221       10613         862           0           0
 WACCMX_APPLY_BLEND           8           2  0.418714315           37696           1   600.000000       720.000000           26217           4           0       26217           4           0
 WACCMX_APPLY_QC           3           4  0.418714315           37696       26089       11607       26089       11607       26089       26089       26089       26089
 WACCMX_APPLY_SOURCE_FLAGS           3           4  0.418714315           37696       26089       10411        1196           0           0
 WACCMX_APPLY_BLEND           3           4  0.418714315           37696           1   600.000000       720.000000           26089           0           0       26089           0           0
 WACCMX_APPLY_QC           1           5  0.418714315           37696       26130       11566       26130       11566       26130       26130       26130       26130
 WACCMX_APPLY_SOURCE_FLAGS           1           5  0.418714315           37696       26130       10360        1206           0           0
 WACCMX_APPLY_BLEND           1           5  0.418714315           37696           1   600.000000       720.000000           26130           0           0       26130           0           0
 WACCMX_APPLY_QC           6           3  0.418714315           37696       26149       11547       26149       11547       26149       26149       26149       26149
 WACCMX_APPLY_SOURCE_FLAGS           6           3  0.418714315           37696       26149       10498        1049           0           0
 WACCMX_APPLY_BLEND           6           3  0.418714315           37696           1   600.000000       720.000000           26149           0           0       26149           0           0
 WACCMX online neutral received: taskid,step,packet_hr=          11           5  0.416666657    
 WACCMX_RECV_QC          11           5  0.416666657          131398       57082      131398       57082   4.0996112878574915E+018   73094231.909667969       -13156231.936828006        22841556.812488392        0.0000000000000000        4.0996112878574915E+018   73094231.909667969       -13156231.936828006        22841556.812488392        0.0000000000000000     
 WACCMX_RECV_SOURCE_FLAGS          11           5  0.416666657          188480      131398       54172        2910           0           0      131398       57082      131398       57082      131398      131398      131398      131398
 WACCMX_APPLY_QC          11           1  0.418714315           37696       26285       11411       26285       11411       26285       26285       26285       26285
 WACCMX_APPLY_SOURCE_FLAGS          11           1  0.418714315           37696       26285       10773         638           0           0
 WACCMX_APPLY_BLEND          11           1  0.418714315           37696           1   600.000000       720.000000           26276           9           0       26276           9           0
 WACCMX_APPLY_QC           4           4  0.418714315           37696       26075       11621       26075       11621       26075       26075       26075       26075
 WACCMX_APPLY_SOURCE_FLAGS           4           4  0.418714315           37696       26075       10443        1178           0           0
 WACCMX_APPLY_BLEND           4           4  0.418714315           37696           1   600.000000       720.000000           26075           0           0       26075           0           0
 WACCMX_APPLY_QC           9           2  0.418714315           37696       26264       11432       26264       11432       26264       26264       26264       26264
 WACCMX_APPLY_SOURCE_FLAGS           9           2  0.418714315           37696       26264       10688         744           0           0
 WACCMX_APPLY_BLEND           9           2  0.418714315           37696           1   600.000000       720.000000           26257           7           0       26257           7           0
 WACCMX_APPLY_QC           7           3  0.418714315           37696       26200       11496       26200       11496       26200       26200       26200       26200
 WACCMX_APPLY_SOURCE_FLAGS           7           3  0.418714315           37696       26200       10567         929           0           0
 WACCMX_APPLY_BLEND           7           3  0.418714315           37696           1   600.000000       720.000000           26198           2           0       26198           2           0
 WACCMX_APPLY_QC           2           5  0.418714315           37696       26118       11578       26118       11578       26118       26118       26118       26118
 WACCMX_APPLY_SOURCE_FLAGS           2           5  0.418714315           37696       26118       10383        1195           0           0
 WACCMX_APPLY_BLEND           2           5  0.418714315           37696           1   600.000000       720.000000           26118           0           0       26118           0           0
 WACCMX online neutral received: taskid,step,packet_hr=          12           5  0.416666657    
 WACCMX_RECV_QC          12           5  0.416666657          131375       57105      131375       57105   4.2057269917595100E+018   72496447.829650879        27303471.965078950       -73922462.846532911        0.0000000000000000        4.2057269917595100E+018   72496447.829650879        27303471.965078950       -73922462.846532911        0.0000000000000000     
 WACCMX_RECV_SOURCE_FLAGS          12           5  0.416666657          188480      131375       54443        2662           0           0      131375       57105      131375       57105      131375      131375      131375      131375
 WACCMX_APPLY_QC          12           1  0.418714315           37696       26279       11417       26279       11417       26279       26279       26279       26279
 WACCMX_APPLY_SOURCE_FLAGS          12           1  0.418714315           37696       26279       10866         551           0           0
 WACCMX_APPLY_BLEND          12           1  0.418714315           37696           1   600.000000       720.000000           26271           8           0       26271           8           0
 WACCMX_APPLY_QC           5           4  0.418714315           37696       26120       11576       26120       11576       26120       26120       26120       26120
 WACCMX_APPLY_SOURCE_FLAGS           5           4  0.418714315           37696       26120       10464        1112           0           0
 WACCMX_APPLY_BLEND           5           4  0.418714315           37696           1   600.000000       720.000000           26120           0           0       26120           0           0
 WACCMX_APPLY_QC          10           2  0.418714315           37696       26268       11428       26268       11428       26268       26268       26268       26268
 WACCMX_APPLY_SOURCE_FLAGS          10           2  0.418714315           37696       26268       10730         698           0           0
 WACCMX_APPLY_BLEND          10           2  0.418714315           37696           1   600.000000       720.000000           26259           9           0       26259           9           0
 WACCMX_APPLY_QC           8           3  0.418714315           37696       26241       11455       26241       11455       26241       26241       26241       26241
 WACCMX_APPLY_SOURCE_FLAGS           8           3  0.418714315           37696       26241       10637         818           0           0
 WACCMX_APPLY_BLEND           8           3  0.418714315           37696           1   600.000000       720.000000           26236           5           0       26236           5           0
 WACCMX_APPLY_QC           3           5  0.418714315           37696       26088       11608       26088       11608       26088       26088       26088       26088
 WACCMX_APPLY_SOURCE_FLAGS           3           5  0.418714315           37696       26088       10426        1182           0           0
 WACCMX_APPLY_BLEND           3           5  0.418714315           37696           1   600.000000       720.000000           26088           0           0       26088           0           0
 WACCMX online neutral received: taskid,step,packet_hr=          13           5  0.416666657    
 WACCMX_RECV_QC          13           5  0.416666657          131483       56997      131483       56997   4.3045183226906102E+018   72559314.430664062        62397403.579665169       -111779279.91900709        0.0000000000000000        4.3045183226906102E+018   72559314.430664062        62397403.579665169       -111779279.91900709        0.0000000000000000     
 WACCMX_RECV_SOURCE_FLAGS          13           5  0.416666657          188480      131483       54396        2601           0           0      131483       56997      131483       56997      131483      131483      131483      131483
 WACCMX_APPLY_QC          13           1  0.418714315           37696       26273       11423       26273       11423       26273       26273       26273       26273
 WACCMX_APPLY_SOURCE_FLAGS          13           1  0.418714315           37696       26273       10900         523           0           0
 WACCMX_APPLY_BLEND          13           1  0.418714315           37696           1   600.000000       720.000000           26261          12           0       26261          12           0
 WACCMX_APPLY_QC           6           4  0.418714315           37696       26162       11534       26162       11534       26162       26162       26162       26162
 WACCMX_APPLY_SOURCE_FLAGS           6           4  0.418714315           37696       26162       10524        1010           0           0
 WACCMX_APPLY_BLEND           6           4  0.418714315           37696           1   600.000000       720.000000           26162           0           0       26162           0           0
 WACCMX_APPLY_QC          11           2  0.418714315           37696       26280       11416       26280       11416       26280       26280       26280       26280
 WACCMX_APPLY_SOURCE_FLAGS          11           2  0.418714315           37696       26280       10811         605           0           0
 WACCMX_APPLY_BLEND          11           2  0.418714315           37696           1   600.000000       720.000000           26270          10           0       26270          10           0
 WACCMX_APPLY_QC           4           5  0.418714315           37696       26080       11616       26080       11616       26080       26080       26080       26080
 WACCMX_APPLY_SOURCE_FLAGS           4           5  0.418714315           37696       26080       10451        1165           0           0
 WACCMX_APPLY_BLEND           4           5  0.418714315           37696           1   600.000000       720.000000           26080           0           0       26080           0           0
 WACCMX_APPLY_QC           9           3  0.418714315           37696       26256       11440       26256       11440       26256       26256       26256       26256
 WACCMX_APPLY_SOURCE_FLAGS           9           3  0.418714315           37696       26256       10704         736           0           0
 WACCMX_APPLY_BLEND           9           3  0.418714315           37696           1   600.000000       720.000000           26249           7           0       26249           7           0
 WACCMX online neutral received: taskid,step,packet_hr=          14           5  0.416666657    
 WACCMX_RECV_QC          14           5  0.416666657          131820       56660      131820       56660   4.2426805849506386E+018   73697502.886398315        28688653.311231643       -37946851.944374472        0.0000000000000000        4.2426805849506386E+018   73697502.886398315        28688653.311231643       -37946851.944374472        0.0000000000000000     
 WACCMX_RECV_SOURCE_FLAGS          14           5  0.416666657          188480      131820       53914        2746           0           0      131820       56660      131820       56660      131820      131820      131820      131820
 WACCMX_APPLY_QC          14           1  0.418714315           37696       26307       11389       26307       11389       26307       26307       26307       26307
 WACCMX_APPLY_SOURCE_FLAGS          14           1  0.418714315           37696       26307       10874         515           0           0
 WACCMX_APPLY_BLEND          14           1  0.418714315           37696           1   600.000000       720.000000           26295          12           0       26295          12           0
 WACCMX_APPLY_QC           7           4  0.418714315           37696       26203       11493       26203       11493       26203       26203       26203       26203
 WACCMX_APPLY_SOURCE_FLAGS           7           4  0.418714315           37696       26203       10592         901           0           0
 WACCMX_APPLY_BLEND           7           4  0.418714315           37696           1   600.000000       720.000000           26201           2           0       26201           2           0
 WACCMX_APPLY_QC          12           2  0.418714315           37696       26274       11422       26274       11422       26274       26274       26274       26274
 WACCMX_APPLY_SOURCE_FLAGS          12           2  0.418714315           37696       26274       10883         539           0           0
 WACCMX_APPLY_BLEND          12           2  0.418714315           37696           1   600.000000       720.000000           26264          10           0       26264          10           0
 WACCMX_APPLY_QC           5           5  0.418714315           37696       26134       11562       26134       11562       26134       26134       26134       26134
 WACCMX_APPLY_SOURCE_FLAGS           5           5  0.418714315           37696       26134       10475        1087           0           0
 WACCMX_APPLY_BLEND           5           5  0.418714315           37696           1   600.000000       720.000000           26134           0           0       26134           0           0
 WACCMX_APPLY_QC          10           3  0.418714315           37696       26279       11417       26279       11417       26279       26279       26279       26279
 WACCMX_APPLY_SOURCE_FLAGS          10           3  0.418714315           37696       26279       10746         671           0           0
 WACCMX_APPLY_BLEND          10           3  0.418714315           37696           1   600.000000       720.000000           26269          10           0       26269          10           0
 WACCMX online neutral received: taskid,step,packet_hr=          15           5  0.416666657    
 WACCMX_RECV_QC          15           5  0.416666657          132206       56274      132206       56274   4.2203464423405460E+018   75196787.091033936       -72067344.426339969        21322416.554589689        0.0000000000000000        4.2203464423405460E+018   75196787.091033936       -72067344.426339969        21322416.554589689        0.0000000000000000     
 WACCMX_RECV_SOURCE_FLAGS          15           5  0.416666657          188480      132206       53252        3022           0           0      132206       56274      132206       56274      132206      132206      132206      132206
 WACCMX_APPLY_QC          15           1  0.418714315           37696       26392       11304       26392       11304       26392       26392       26392       26392
 WACCMX_APPLY_SOURCE_FLAGS          15           1  0.418714315           37696       26392       10733         571           0           0
 WACCMX_APPLY_BLEND          15           1  0.418714315           37696           1   600.000000       720.000000           26377          15           0       26377          15           0
 WACCMX_APPLY_QC           8           4  0.418714315           37696       26255       11441       26255       11441       26255       26255       26255       26255
 WACCMX_APPLY_SOURCE_FLAGS           8           4  0.418714315           37696       26255       10663         778           0           0
 WACCMX_APPLY_BLEND           8           4  0.418714315           37696           1   600.000000       720.000000           26250           5           0       26250           5           0
 WACCMX_APPLY_QC          13           2  0.418714315           37696       26278       11418       26278       11418       26278       26278       26278       26278
 WACCMX_APPLY_SOURCE_FLAGS          13           2  0.418714315           37696       26278       10901         517           0           0
 WACCMX_APPLY_BLEND          13           2  0.418714315           37696           1   600.000000       720.000000           26266          12           0       26266          12           0
 WACCMX_APPLY_QC           6           5  0.418714315           37696       26177       11519       26177       11519       26177       26177       26177       26177
 WACCMX_APPLY_SOURCE_FLAGS           6           5  0.418714315           37696       26177       10550         969           0           0
 WACCMX_APPLY_BLEND           6           5  0.418714315           37696           1   600.000000       720.000000           26176           1           0       26176           1           0
 WACCMX_APPLY_QC          11           3  0.418714315           37696       26280       11416       26280       11416       26280       26280       26280       26280
 WACCMX_APPLY_SOURCE_FLAGS          11           3  0.418714315           37696       26280       10839         577           0           0
 WACCMX_APPLY_BLEND          11           3  0.418714315           37696           1   600.000000       720.000000           26270          10           0       26270          10           0
 WACCMX online neutral received: taskid,step,packet_hr=          16           5  0.416666657    
 WACCMX_RECV_QC          16           5  0.416666657          132392       56088      132392       56088   4.2216403296430966E+018   76313498.530899048       -167340483.19795716        51697622.869983003        0.0000000000000000        4.2216403296430966E+018   76313498.530899048       -167340483.19795716        51697622.869983003        0.0000000000000000     
 WACCMX_RECV_SOURCE_FLAGS          16           5  0.416666657          188480      132392       52730        3358           0           0      132392       56088      132392       56088      132392      132392      132392      132392
 WACCMX_APPLY_QC          16           1  0.418714315           37696       26464       11232       26464       11232       26464       26464       26464       26464
 WACCMX_APPLY_SOURCE_FLAGS          16           1  0.418714315           37696       26464       10604         628           0           0
 WACCMX_APPLY_BLEND          16           1  0.418714315           37696           1   600.000000       720.000000           26448          16           0       26448          16           0
 WACCMX_APPLY_QC           9           4  0.418714315           37696       26265       11431       26265       11431       26265       26265       26265       26265
 WACCMX_APPLY_SOURCE_FLAGS           9           4  0.418714315           37696       26265       10712         719           0           0
 WACCMX_APPLY_BLEND           9           4  0.418714315           37696           1   600.000000       720.000000           26256           9           0       26256           9           0
 WACCMX_APPLY_QC          14           2  0.418714315           37696       26333       11363       26333       11363       26333       26333       26333       26333
 WACCMX_APPLY_SOURCE_FLAGS          14           2  0.418714315           37696       26333       10829         534           0           0
 WACCMX_APPLY_BLEND          14           2  0.418714315           37696           1   600.000000       720.000000           26321          12           0       26321          12           0
 WACCMX_APPLY_QC           7           5  0.418714315           37696       26221       11475       26221       11475       26221       26221       26221       26221
 WACCMX_APPLY_SOURCE_FLAGS           7           5  0.418714315           37696       26221       10613         862           0           0
 WACCMX_APPLY_BLEND           7           5  0.418714315           37696           1   600.000000       720.000000           26217           4           0       26217           4           0
 WACCMX_APPLY_QC          12           3  0.418714315           37696       26271       11425       26271       11425       26271       26271       26271       26271
 WACCMX_APPLY_SOURCE_FLAGS          12           3  0.418714315           37696       26271       10893         532           0           0
 WACCMX_APPLY_BLEND          12           3  0.418714315           37696           1   600.000000       720.000000           26259          12           0       26259          12           0
 WACCMX online neutral received: taskid,step,packet_hr=          17           5  0.416666657    
 WACCMX_RECV_QC          17           5  0.416666657          132458       56022      132458       56022   4.2741395887400003E+018   77266664.845855713       -250759873.17792103        70246207.912124053        0.0000000000000000        4.2741395887400003E+018   77266664.845855713       -250759873.17792103        70246207.912124053        0.0000000000000000     
 WACCMX_RECV_SOURCE_FLAGS          17           5  0.416666657          188480      132458       52180        3842           0           0      132458       56022      132458       56022      132458      132458      132458      132458
 WACCMX_APPLY_QC          17           1  0.418714315           37696       26486       11210       26486       11210       26486       26486       26486       26486
 WACCMX_APPLY_SOURCE_FLAGS          17           1  0.418714315           37696       26486       10514         696           0           0
 WACCMX_APPLY_BLEND          17           1  0.418714315           37696           1   600.000000       720.000000           26466          20           0       26466          20           0
 WACCMX_APPLY_QC          10           4  0.418714315           37696       26285       11411       26285       11411       26285       26285       26285       26285
 WACCMX_APPLY_SOURCE_FLAGS          10           4  0.418714315           37696       26285       10773         638           0           0
 WACCMX_APPLY_BLEND          10           4  0.418714315           37696           1   600.000000       720.000000           26276           9           0       26276           9           0
 WACCMX_APPLY_QC          15           2  0.418714315           37696       26424       11272       26424       11272       26424       26424       26424       26424
 WACCMX_APPLY_SOURCE_FLAGS          15           2  0.418714315           37696       26424       10690         582           0           0
 WACCMX_APPLY_BLEND          15           2  0.418714315           37696           1   600.000000       720.000000           26408          16           0       26408          16           0
 WACCMX_APPLY_QC           8           5  0.418714315           37696       26264       11432       26264       11432       26264       26264       26264       26264
 WACCMX_APPLY_SOURCE_FLAGS           8           5  0.418714315           37696       26264       10688         744           0           0
 WACCMX_APPLY_BLEND           8           5  0.418714315           37696           1   600.000000       720.000000           26257           7           0       26257           7           0
 WACCMX_APPLY_QC          13           3  0.418714315           37696       26292       11404       26292       11404       26292       26292       26292       26292
 WACCMX_APPLY_SOURCE_FLAGS          13           3  0.418714315           37696       26292       10892         512           0           0
 WACCMX_APPLY_BLEND          13           3  0.418714315           37696           1   600.000000       720.000000           26279          13           0       26279          13           0
 WACCMX online neutral received: taskid,step,packet_hr=          18           5  0.416666657    
 WACCMX_RECV_QC          18           5  0.416666657          132451       56029      132451       56029   4.3992740730086461E+018   78190622.748596191       -308609717.21927524        98097637.782670081        0.0000000000000000        4.3992740730086461E+018   78190622.748596191       -308609717.21927524        98097637.782670081        0.0000000000000000     
 WACCMX_RECV_SOURCE_FLAGS          18           5  0.416666657          188480      132451       51546        4483           0           0      132451       56029      132451       56029      132451      132451      132451      132451
 WACCMX_APPLY_QC          18           1  0.418714315           37696       26496       11200       26496       11200       26496       26496       26496       26496
 WACCMX_APPLY_SOURCE_FLAGS          18           1  0.418714315           37696       26496       10405         795           0           0
 WACCMX_APPLY_BLEND          18           1  0.418714315           37696           1   600.000000       720.000000           26474          22           0       26474          22           0
 WACCMX_APPLY_QC          11           4  0.418714315           37696       26279       11417       26279       11417       26279       26279       26279       26279
 WACCMX_APPLY_SOURCE_FLAGS          11           4  0.418714315           37696       26279       10866         551           0           0
 WACCMX_APPLY_BLEND          11           4  0.418714315           37696           1   600.000000       720.000000           26271           8           0       26271           8           0
 WACCMX_APPLY_QC          16           2  0.418714315           37696       26477       11219       26477       11219       26477       26477       26477       26477
 WACCMX_APPLY_SOURCE_FLAGS          16           2  0.418714315           37696       26477       10576         643           0           0
 WACCMX_APPLY_BLEND          16           2  0.418714315           37696           1   600.000000       720.000000           26460          17           0       26460          17           0
 WACCMX_APPLY_QC           9           5  0.418714315           37696       26268       11428       26268       11428       26268       26268       26268       26268
 WACCMX_APPLY_SOURCE_FLAGS           9           5  0.418714315           37696       26268       10730         698           0           0
 WACCMX_APPLY_BLEND           9           5  0.418714315           37696           1   600.000000       720.000000           26259           9           0       26259           9           0
 WACCMX online neutral received: taskid,step,packet_hr=          19           5  0.416666657    
 WACCMX_APPLY_QC          14           3  0.418714315           37696       26364       11332       26364       11332       26364       26364       26364       26364
 WACCMX_APPLY_SOURCE_FLAGS          14           3  0.418714315           37696       26364       10788         544           0           0
 WACCMX_APPLY_BLEND          14           3  0.418714315           37696           1   600.000000       720.000000           26352          12           0       26352          12           0
 WACCMX_RECV_QC          19           5  0.416666657          132370       56110      132370       56110   4.3740021314385034E+018   79243844.306991577       -304057613.75627571        167814866.00844163        0.0000000000000000        4.3740021314385034E+018   79243844.306991577       -304057613.75627571        167814866.00844163        0.0000000000000000     
 WACCMX_RECV_SOURCE_FLAGS          19           5  0.416666657          188480      132370       50951        5159           0           0      132370       56110      132370       56110      132370      132370      132370      132370
 WACCMX_APPLY_QC          19           1  0.418714315           37696       26487       11209       26487       11209       26487       26487       26487       26487
 WACCMX_APPLY_SOURCE_FLAGS          19           1  0.418714315           37696       26487       10264         945           0           0
 WACCMX_APPLY_BLEND          19           1  0.418714315           37696           1   600.000000       720.000000           26466          21           0       26466          21           0
 WACCMX_APPLY_QC          12           4  0.418714315           37696       26273       11423       26273       11423       26273       26273       26273       26273
 WACCMX_APPLY_SOURCE_FLAGS          12           4  0.418714315           37696       26273       10900         523           0           0
 WACCMX_APPLY_BLEND          12           4  0.418714315           37696           1   600.000000       720.000000           26261          12           0       26261          12           0
 WACCMX_APPLY_QC          17           2  0.418714315           37696       26489       11207       26489       11207       26489       26489       26489       26489
 WACCMX_APPLY_SOURCE_FLAGS          17           2  0.418714315           37696       26489       10480         727           0           0
 WACCMX_APPLY_BLEND          17           2  0.418714315           37696           1   600.000000       720.000000           26468          21           0       26468          21           0
 WACCMX_APPLY_QC          10           5  0.418714315           37696       26280       11416       26280       11416       26280       26280       26280       26280
 WACCMX_APPLY_SOURCE_FLAGS          10           5  0.418714315           37696       26280       10811         605           0           0
 WACCMX_APPLY_BLEND          10           5  0.418714315           37696           1   600.000000       720.000000           26270          10           0       26270          10           0
 WACCMX online neutral received: taskid,step,packet_hr=          20           5  0.416666657    
 WACCMX_APPLY_QC          15           3  0.418714315           37696       26449       11247       26449       11247       26449       26449       26449       26449
 WACCMX_APPLY_SOURCE_FLAGS          15           3  0.418714315           37696       26449       10649         598           0           0
 WACCMX_APPLY_BLEND          15           3  0.418714315           37696           1   600.000000       720.000000           26433          16           0       26433          16           0
 WACCMX_RECV_QC          20           5  0.416666657          132214       56266      132214       56266   4.3546560052292767E+018   80250556.774261475       -283946868.46346307        258518821.23149225        0.0000000000000000        4.3546560052292767E+018   80250556.774261475       -283946868.46346307        258518821.23149225        0.0000000000000000     
 WACCMX_RECV_SOURCE_FLAGS          20           5  0.416666657          188480      132214       50366        5900           0           0      132214       56266      132214       56266      132214      132214      132214      132214
 WACCMX_APPLY_QC          20           1  0.418714315           37696       26469       11227       26469       11227       26469       26469       26469       26469
 WACCMX_APPLY_SOURCE_FLAGS          20           1  0.418714315           37696       26469       10152        1075           0           0
 WACCMX_APPLY_BLEND          20           1  0.418714315           37696           1   600.000000       720.000000           26450          19           0       26450          19           0
 WACCMX_APPLY_QC          13           4  0.418714315           37696       26307       11389       26307       11389       26307       26307       26307       26307
 WACCMX_APPLY_SOURCE_FLAGS          13           4  0.418714315           37696       26307       10874         515           0           0
 WACCMX_APPLY_BLEND          13           4  0.418714315           37696           1   600.000000       720.000000           26295          12           0       26295          12           0
 WACCMX_APPLY_QC          18           2  0.418714315           37696       26494       11202       26494       11202       26494       26494       26494       26494
 WACCMX_APPLY_SOURCE_FLAGS          18           2  0.418714315           37696       26494       10340         862           0           0
 WACCMX_APPLY_BLEND          18           2  0.418714315           37696           1   600.000000       720.000000           26472          22           0       26472          22           0
 WACCMX_APPLY_QC          11           5  0.418714315           37696       26274       11422       26274       11422       26274       26274       26274       26274
 WACCMX_APPLY_SOURCE_FLAGS          11           5  0.418714315           37696       26274       10883         539           0           0
 WACCMX_APPLY_BLEND          11           5  0.418714315           37696           1   600.000000       720.000000           26264          10           0       26264          10           0
 WACCMX online neutral received: taskid,step,packet_hr=          21           5  0.416666657    
 WACCMX_RECV_QC          21           5  0.416666657          131987       56493      131987       56493   4.4233093558601718E+018   81165417.282058716       -330180753.52381432        281079875.84048271        0.0000000000000000        4.4233093558601718E+018   81165417.282058716       -330180753.52381432        281079875.84048271        0.0000000000000000     
 WACCMX_RECV_SOURCE_FLAGS          21           5  0.416666657          188480      131987       49842        6651           0           0      131987       56493      131987       56493      131987      131987      131987      131987
 WACCMX_APPLY_QC          21           1  0.418714315           37696       26428       11268       26428       11268       26428       26428       26428       26428
 WACCMX_APPLY_SOURCE_FLAGS          21           1  0.418714315           37696       26428       10034        1234           0           0
 WACCMX_APPLY_BLEND          21           1  0.418714315           37696           1   600.000000       720.000000           26419           9           0       26419           9           0
 WACCMX_APPLY_QC          16           3  0.418714315           37696       26476       11220       26476       11220       26476       26476       26476       26476
 WACCMX_APPLY_SOURCE_FLAGS          16           3  0.418714315           37696       26476       10556         664           0           0
 WACCMX_APPLY_BLEND          16           3  0.418714315           37696           1   600.000000       720.000000           26457          19           0       26457          19           0
 WACCMX_APPLY_QC          14           4  0.418714315           37696       26392       11304       26392       11304       26392       26392       26392       26392
 WACCMX_APPLY_SOURCE_FLAGS          14           4  0.418714315           37696       26392       10733         571           0           0
 WACCMX_APPLY_BLEND          14           4  0.418714315           37696           1   600.000000       720.000000           26377          15           0       26377          15           0
 WACCMX_APPLY_QC          19           2  0.418714315           37696       26484       11212       26484       11212       26484       26484       26484       26484
 WACCMX_APPLY_SOURCE_FLAGS          19           2  0.418714315           37696       26484       10233         979           0           0
 WACCMX_APPLY_BLEND          19           2  0.418714315           37696           1   600.000000       720.000000           26463          21           0       26463          21           0
 WACCMX online neutral received: taskid,step,packet_hr=          22           5  0.416666657    
 WACCMX_RECV_QC          22           5  0.416666657          131856       56624      131856       56624   4.5212585161047347E+018   82209812.295120239       -390821286.47712862        229603800.21601623        0.0000000000000000        4.5212585161047347E+018   82209812.295120239       -390821286.47712862        229603800.21601623        0.0000000000000000     
 WACCMX_RECV_SOURCE_FLAGS          22           5  0.416666657          188480      131856       49452        7172           0           0      131856       56624      131856       56624      131856      131856      131856      131856
 WACCMX_APPLY_QC          22           1  0.418714315           37696       26375       11321       26375       11321       26375       26375       26375       26375
 WACCMX_APPLY_SOURCE_FLAGS          22           1  0.418714315           37696       26375        9944        1377           0           0
 WACCMX_APPLY_BLEND          22           1  0.418714315           37696           1   600.000000       720.000000           26371           4           0       26371           4           0
 WACCMX_APPLY_QC          12           5  0.418714315           37696       26278       11418       26278       11418       26278       26278       26278       26278
 WACCMX_APPLY_SOURCE_FLAGS          12           5  0.418714315           37696       26278       10901         517           0           0
 WACCMX_APPLY_BLEND          12           5  0.418714315           37696           1   600.000000       720.000000           26266          12           0       26266          12           0
 WACCMX_APPLY_QC          17           3  0.418714315           37696       26493       11203       26493       11203       26493       26493       26493       26493
 WACCMX_APPLY_SOURCE_FLAGS          17           3  0.418714315           37696       26493       10441         762           0           0
 WACCMX_APPLY_BLEND          17           3  0.418714315           37696           1   600.000000       720.000000           26472          21           0       26472          21           0
 WACCMX_APPLY_QC          15           4  0.418714315           37696       26464       11232       26464       11232       26464       26464       26464       26464
 WACCMX_APPLY_SOURCE_FLAGS          15           4  0.418714315           37696       26464       10604         628           0           0
 WACCMX_APPLY_BLEND          15           4  0.418714315           37696           1   600.000000       720.000000           26448          16           0       26448          16           0
 WACCMX_APPLY_QC          20           2  0.418714315           37696       26455       11241       26455       11241       26455       26455       26455       26455
 WACCMX_APPLY_SOURCE_FLAGS          20           2  0.418714315           37696       26455       10115        1126           0           0
 WACCMX_APPLY_BLEND          20           2  0.418714315           37696           1   600.000000       720.000000           26442          13           0       26442          13           0
 WACCMX online neutral received: taskid,step,packet_hr=          23           5  0.416666657    
 WACCMX_RECV_QC          23           5  0.416666657          131895       56585      131895       56585   4.6156662810677238E+018   83277281.819641113       -421391272.48479342        186538924.45194775        0.0000000000000000        4.6156662810677238E+018   83277281.819641113       -421391272.48479342        186538924.45194775        0.0000000000000000     
 WACCMX_RECV_SOURCE_FLAGS          23           5  0.416666657          188480      131895       49121        7464           0           0      131895       56585      131895       56585      131895      131895      131895      131895
 WACCMX_APPLY_QC          23           1  0.418714315           37696       26370       11326       26370       11326       26370       26370       26370       26370
 WACCMX_APPLY_SOURCE_FLAGS          23           1  0.418714315           37696       26370        9863        1463           0           0
 WACCMX_APPLY_BLEND          23           1  0.418714315           37696           1   600.000000       720.000000           26368           2           0       26368           2           0
 WACCMX_APPLY_QC          13           5  0.418714315           37696       26333       11363       26333       11363       26333       26333       26333       26333
 WACCMX_APPLY_SOURCE_FLAGS          13           5  0.418714315           37696       26333       10829         534           0           0
 WACCMX_APPLY_BLEND          13           5  0.418714315           37696           1   600.000000       720.000000           26321          12           0       26321          12           0
 WACCMX_APPLY_QC          18           3  0.418714315           37696       26490       11206       26490       11206       26490       26490       26490       26490
 WACCMX_APPLY_SOURCE_FLAGS          18           3  0.418714315           37696       26490       10304         902           0           0
 WACCMX_APPLY_BLEND          18           3  0.418714315           37696           1   600.000000       720.000000           26471          19           0       26471          19           0
 WACCMX_APPLY_QC          21           2  0.418714315           37696       26417       11279       26417       11279       26417       26417       26417       26417
 WACCMX_APPLY_SOURCE_FLAGS          21           2  0.418714315           37696       26417        9989        1290           0           0
 WACCMX_APPLY_BLEND          21           2  0.418714315           37696           1   600.000000       720.000000           26410           7           0       26410           7           0
 WACCMX_APPLY_QC          16           4  0.418714315           37696       26486       11210       26486       11210       26486       26486       26486       26486
 WACCMX_APPLY_SOURCE_FLAGS          16           4  0.418714315           37696       26486       10514         696           0           0
 WACCMX_APPLY_BLEND          16           4  0.418714315           37696           1   600.000000       720.000000           26466          20           0       26466          20           0
 WACCMX online neutral received: taskid,step,packet_hr=          24           5  0.416666657    
 WACCMX_RECV_QC          24           5  0.416666657          132035       56445      132035       56445   4.7503101850958346E+018   84139180.434173584       -421681911.60802937        139761726.75651193        0.0000000000000000        4.7503101850958346E+018   84139180.434173584       -421681911.60802937        139761726.75651193        0.0000000000000000     
 WACCMX_RECV_SOURCE_FLAGS          24           5  0.416666657          188480      132035       48863        7582           0           0      132035       56445      132035       56445      132035      132035      132035      132035
 WACCMX_APPLY_QC          24           1  0.418714315           37696       26386       11310       26386       11310       26386       26386       26386       26386
 WACCMX_APPLY_SOURCE_FLAGS          24           1  0.418714315           37696       26386        9807        1503           0           0
 WACCMX_APPLY_BLEND          24           1  0.418714315           37696           1   600.000000       720.000000           26385           1           0       26385           1           0
 WACCMX_APPLY_QC          14           5  0.418714315           37696       26424       11272       26424       11272       26424       26424       26424       26424
 WACCMX_APPLY_SOURCE_FLAGS          14           5  0.418714315           37696       26424       10690         582           0           0
 WACCMX_APPLY_BLEND          14           5  0.418714315           37696           1   600.000000       720.000000           26408          16           0       26408          16           0
 WACCMX_APPLY_QC          19           3  0.418714315           37696       26475       11221       26475       11221       26475       26475       26475       26475
 WACCMX_APPLY_SOURCE_FLAGS          19           3  0.418714315           37696       26475       10187        1034           0           0
 WACCMX_APPLY_BLEND          19           3  0.418714315           37696           1   600.000000       720.000000           26455          20           0       26455          20           0
 WACCMX_APPLY_QC          22           2  0.418714315           37696       26371       11325       26371       11325       26371       26371       26371       26371
 WACCMX_APPLY_SOURCE_FLAGS          22           2  0.418714315           37696       26371        9912        1413           0           0
 WACCMX_APPLY_BLEND          22           2  0.418714315           37696           1   600.000000       720.000000           26368           3           0       26368           3           0
 WACCMX_APPLY_QC          17           4  0.418714315           37696       26496       11200       26496       11200       26496       26496       26496       26496
 WACCMX_APPLY_SOURCE_FLAGS          17           4  0.418714315           37696       26496       10405         795           0           0
 WACCMX_APPLY_BLEND          17           4  0.418714315           37696           1   600.000000       720.000000           26474          22           0       26474          22           0
 WACCMX online neutral received: taskid,step,packet_hr=          25           5  0.416666657    
 WACCMX_RECV_QC          25           5  0.416666657          132102       56378      132102       56378   4.9235323789803500E+018   84467396.504974365       -357692847.77601725        136461204.31716305        0.0000000000000000        4.9235323789803500E+018   84467396.504974365       -357692847.77601725        136461204.31716305        0.0000000000000000     
 WACCMX_RECV_SOURCE_FLAGS          25           5  0.416666657          188480      132102       48729        7649           0           0      132102       56378      132102       56378      132102      132102      132102      132102
 WACCMX_APPLY_QC          25           1  0.418714315           37696       26415       11281       26415       11281       26415       26415       26415       26415
 WACCMX_APPLY_SOURCE_FLAGS          25           1  0.418714315           37696       26415        9757        1524           0           0
 WACCMX_APPLY_BLEND          25           1  0.418714315           37696           1   600.000000       720.000000           26415           0           0       26415           0           0
 WACCMX_APPLY_QC          15           5  0.418714315           37696       26477       11219       26477       11219       26477       26477       26477       26477
 WACCMX_APPLY_SOURCE_FLAGS          15           5  0.418714315           37696       26477       10576         643           0           0
 WACCMX_APPLY_BLEND          15           5  0.418714315           37696           1   600.000000       720.000000           26460          17           0       26460          17           0
 WACCMX_APPLY_QC          20           3  0.418714315           37696       26445       11251       26445       11251       26445       26445       26445       26445
 WACCMX_APPLY_SOURCE_FLAGS          20           3  0.418714315           37696       26445       10076        1175           0           0
 WACCMX_APPLY_BLEND          20           3  0.418714315           37696           1   600.000000       720.000000           26434          11           0       26434          11           0
 WACCMX_APPLY_QC          23           2  0.418714315           37696       26367       11329       26367       11329       26367       26367       26367       26367
 WACCMX_APPLY_SOURCE_FLAGS          23           2  0.418714315           37696       26367        9844        1485           0           0
 WACCMX_APPLY_BLEND          23           2  0.418714315           37696           1   600.000000       720.000000           26366           1           0       26366           1           0
 WACCMX_APPLY_QC          18           4  0.418714315           37696       26487       11209       26487       11209       26487       26487       26487       26487
 WACCMX_APPLY_SOURCE_FLAGS          18           4  0.418714315           37696       26487       10264         945           0           0
 WACCMX_APPLY_BLEND          18           4  0.418714315           37696           1   600.000000       720.000000           26466          21           0       26466          21           0
 WACCMX online neutral received: taskid,step,packet_hr=          26           5  0.416666657    
 WACCMX_RECV_QC          26           5  0.416666657          132065       56415      132065       56415   4.9592419268171602E+018   84431411.855422974       -245845676.17903140        162729694.67860055        0.0000000000000000        4.9592419268171602E+018   84431411.855422974       -245845676.17903140        162729694.67860055        0.0000000000000000     
 WACCMX_RECV_SOURCE_FLAGS          26           5  0.416666657          188480      132065       48730        7685           0           0      132065       56415      132065       56415      132065      132065      132065      132065
 WACCMX_APPLY_QC          26           1  0.418714315           37696       26419       11277       26419       11277       26419       26419       26419       26419
 WACCMX_APPLY_SOURCE_FLAGS          26           1  0.418714315           37696       26419        9740        1537           0           0
 WACCMX_APPLY_BLEND          26           1  0.418714315           37696           1   600.000000       720.000000           26419           0           0       26419           0           0
 WACCMX_APPLY_QC          21           3  0.418714315           37696       26396       11300       26396       11300       26396       26396       26396       26396
 WACCMX_APPLY_SOURCE_FLAGS          21           3  0.418714315           37696       26396        9963        1337           0           0
 WACCMX_APPLY_BLEND          21           3  0.418714315           37696           1   600.000000       720.000000           26391           5           0       26391           5           0
 WACCMX_APPLY_QC          16           5  0.418714315           37696       26489       11207       26489       11207       26489       26489       26489       26489
 WACCMX_APPLY_SOURCE_FLAGS          16           5  0.418714315           37696       26489       10480         727           0           0
 WACCMX_APPLY_BLEND          16           5  0.418714315           37696           1   600.000000       720.000000           26468          21           0       26468          21           0
 WACCMX_APPLY_QC          24           2  0.418714315           37696       26400       11296       26400       11296       26400       26400       26400       26400
 WACCMX_APPLY_SOURCE_FLAGS          24           2  0.418714315           37696       26400        9783        1513           0           0
 WACCMX_APPLY_BLEND          24           2  0.418714315           37696           1   600.000000       720.000000           26400           0           0       26400           0           0
 WACCMX_APPLY_QC          19           4  0.418714315           37696       26469       11227       26469       11227       26469       26469       26469       26469
 WACCMX_APPLY_SOURCE_FLAGS          19           4  0.418714315           37696       26469       10152        1075           0           0
 WACCMX_APPLY_BLEND          19           4  0.418714315           37696           1   600.000000       720.000000           26450          19           0       26450          19           0
 WACCMX online neutral received: taskid,step,packet_hr=          27           5  0.416666657    
 WACCMX_RECV_QC          27           5  0.416666657          131957       56523      131957       56523   4.8514911181974333E+018   84224469.924514771       -134309827.02209085        155061933.86981419        0.0000000000000000        4.8514911181974333E+018   84224469.924514771       -134309827.02209085        155061933.86981419        0.0000000000000000     
 WACCMX_RECV_SOURCE_FLAGS          27           5  0.416666657          188480      131957       48867        7656           0           0      131957       56523      131957       56523      131957      131957      131957      131957
 WACCMX_APPLY_QC          27           1  0.418714315           37696       26407       11289       26407       11289       26407       26407       26407       26407
 WACCMX_APPLY_SOURCE_FLAGS          27           1  0.418714315           37696       26407        9745        1544           0           0
 WACCMX_APPLY_BLEND          27           1  0.418714315           37696           1   600.000000       720.000000           26407           0           0       26407           0           0
 WACCMX_APPLY_QC          22           3  0.418714315           37696       26373       11323       26373       11323       26373       26373       26373       26373
 WACCMX_APPLY_SOURCE_FLAGS          22           3  0.418714315           37696       26373        9889        1434           0           0
 WACCMX_APPLY_BLEND          22           3  0.418714315           37696           1   600.000000       720.000000           26371           2           0       26371           2           0
 WACCMX_APPLY_QC          17           5  0.418714315           37696       26494       11202       26494       11202       26494       26494       26494       26494
 WACCMX_APPLY_SOURCE_FLAGS          17           5  0.418714315           37696       26494       10340         862           0           0
 WACCMX_APPLY_BLEND          17           5  0.418714315           37696           1   600.000000       720.000000           26472          22           0       26472          22           0
 WACCMX_APPLY_QC          25           2  0.418714315           37696       26422       11274       26422       11274       26422       26422       26422       26422
 WACCMX_APPLY_SOURCE_FLAGS          25           2  0.418714315           37696       26422        9747        1527           0           0
 WACCMX_APPLY_BLEND          25           2  0.418714315           37696           1   600.000000       720.000000           26422           0           0       26422           0           0
 WACCMX_APPLY_QC          20           4  0.418714315           37696       26428       11268       26428       11268       26428       26428       26428       26428
 WACCMX_APPLY_SOURCE_FLAGS          20           4  0.418714315           37696       26428       10034        1234           0           0
 WACCMX_APPLY_BLEND          20           4  0.418714315           37696           1   600.000000       720.000000           26419           9           0       26419           9           0
 WACCMX online neutral received: taskid,step,packet_hr=          28           5  0.416666657    
 WACCMX_RECV_QC          28           5  0.416666657          131830       56650      131830       56650   4.7162191614216274E+018   83953580.818923950       -68068116.088835716        110306371.13702521        0.0000000000000000        4.7162191614216274E+018   83953580.818923950       -68068116.088835716        110306371.13702521        0.0000000000000000     
 WACCMX_RECV_SOURCE_FLAGS          28           5  0.416666657          188480      131830       49030        7620           0           0      131830       56650      131830       56650      131830      131830      131830      131830
 WACCMX_APPLY_QC          28           1  0.418714315           37696       26383       11313       26383       11313       26383       26383       26383       26383
 WACCMX_APPLY_SOURCE_FLAGS          28           1  0.418714315           37696       26383        9791        1522           0           0
 WACCMX_APPLY_BLEND          28           1  0.418714315           37696           1   600.000000       720.000000           26383           0           0       26383           0           0
 WACCMX_APPLY_QC          23           3  0.418714315           37696       26372       11324       26372       11324       26372       26372       26372       26372
 WACCMX_APPLY_SOURCE_FLAGS          23           3  0.418714315           37696       26372        9824        1500           0           0
 WACCMX_APPLY_BLEND          23           3  0.418714315           37696           1   600.000000       720.000000           26371           1           0       26371           1           0
 WACCMX_APPLY_QC          18           5  0.418714315           37696       26484       11212       26484       11212       26484       26484       26484       26484
 WACCMX_APPLY_SOURCE_FLAGS          18           5  0.418714315           37696       26484       10233         979           0           0
 WACCMX_APPLY_BLEND          18           5  0.418714315           37696           1   600.000000       720.000000           26463          21           0       26463          21           0
 WACCMX_APPLY_QC          26           2  0.418714315           37696       26423       11273       26423       11273       26423       26423       26423       26423
 WACCMX_APPLY_SOURCE_FLAGS          26           2  0.418714315           37696       26423        9743        1530           0           0
 WACCMX_APPLY_BLEND          26           2  0.418714315           37696           1   600.000000       720.000000           26423           0           0       26423           0           0
 WACCMX_APPLY_QC          21           4  0.418714315           37696       26375       11321       26375       11321       26375       26375       26375       26375
 WACCMX_APPLY_SOURCE_FLAGS          21           4  0.418714315           37696       26375        9944        1377           0           0
 WACCMX_APPLY_BLEND          21           4  0.418714315           37696           1   600.000000       720.000000           26371           4           0       26371           4           0
 WACCMX online neutral received: taskid,step,packet_hr=          29           5  0.416666657    
 WACCMX_RECV_QC          29           5  0.416666657          131712       56768      131712       56768   4.6271217101611735E+018   83442544.338363647       -15423787.418822475        104712963.97505730        0.0000000000000000        4.6271217101611735E+018   83442544.338363647       -15423787.418822475        104712963.97505730        0.0000000000000000     
 WACCMX_RECV_SOURCE_FLAGS          29           5  0.416666657          188480      131712       49192        7576           0           0      131712       56768      131712       56768      131712      131712      131712      131712
 WACCMX_APPLY_QC          29           1  0.418714315           37696       26360       11336       26360       11336       26360       26360       26360       26360
 WACCMX_APPLY_SOURCE_FLAGS          29           1  0.418714315           37696       26360        9808        1528           0           0
 WACCMX_APPLY_BLEND          29           1  0.418714315           37696           1   600.000000       720.000000           26360           0           0       26360           0           0
 WACCMX_APPLY_QC          24           3  0.418714315           37696       26412       11284       26412       11284       26412       26412       26412       26412
 WACCMX_APPLY_SOURCE_FLAGS          24           3  0.418714315           37696       26412        9769        1515           0           0
 WACCMX_APPLY_BLEND          24           3  0.418714315           37696           1   600.000000       720.000000           26412           0           0       26412           0           0
 WACCMX_APPLY_QC          19           5  0.418714315           37696       26455       11241       26455       11241       26455       26455       26455       26455
 WACCMX_APPLY_SOURCE_FLAGS          19           5  0.418714315           37696       26455       10115        1126           0           0
 WACCMX_APPLY_BLEND          19           5  0.418714315           37696           1   600.000000       720.000000           26442          13           0       26442          13           0
 WACCMX_APPLY_QC          27           2  0.418714315           37696       26399       11297       26399       11297       26399       26399       26399       26399
 WACCMX_APPLY_SOURCE_FLAGS          27           2  0.418714315           37696       26399        9755        1542           0           0
 WACCMX_APPLY_BLEND          27           2  0.418714315           37696           1   600.000000       720.000000           26399           0           0       26399           0           0
 WACCMX_APPLY_QC          22           4  0.418714315           37696       26370       11326       26370       11326       26370       26370       26370       26370
 WACCMX_APPLY_SOURCE_FLAGS          22           4  0.418714315           37696       26370        9863        1463           0           0
 WACCMX_APPLY_BLEND          22           4  0.418714315           37696           1   600.000000       720.000000           26368           2           0       26368           2           0
 WACCMX online neutral received: taskid,step,packet_hr=          30           5  0.416666657    
 WACCMX_RECV_QC          30           5  0.416666657          131561       56919      131561       56919   4.5763584708971443E+018   82573602.696899414        35794379.021580011        135264425.43078613        0.0000000000000000        4.5763584708971443E+018   82573602.696899414        35794379.021580011        135264425.43078613        0.0000000000000000     
 WACCMX_RECV_SOURCE_FLAGS          30           5  0.416666657          188480      131561       49507        7412           0           0      131561       56919      131561       56919      131561      131561      131561      131561
 WACCMX_APPLY_QC          30           1  0.418714315           37696       26334       11362       26334       11362       26334       26334       26334       26334
 WACCMX_APPLY_SOURCE_FLAGS          30           1  0.418714315           37696       26334        9852        1510           0           0
 WACCMX_APPLY_BLEND          30           1  0.418714315           37696           1   600.000000       720.000000           26334           0           0       26334           0           0
 WACCMX_APPLY_QC          25           3  0.418714315           37696       26423       11273       26423       11273       26423       26423       26423       26423
 WACCMX_APPLY_SOURCE_FLAGS          25           3  0.418714315           37696       26423        9742        1531           0           0
 WACCMX_APPLY_BLEND          25           3  0.418714315           37696           1   600.000000       720.000000           26423           0           0       26423           0           0
 WACCMX_APPLY_QC          20           5  0.418714315           37696       26417       11279       26417       11279       26417       26417       26417       26417
 WACCMX_APPLY_SOURCE_FLAGS          20           5  0.418714315           37696       26417        9989        1290           0           0
 WACCMX_APPLY_BLEND          20           5  0.418714315           37696           1   600.000000       720.000000           26410           7           0       26410           7           0
 WACCMX_APPLY_QC          28           2  0.418714315           37696       26376       11320       26376       11320       26376       26376       26376       26376
 WACCMX_APPLY_SOURCE_FLAGS          28           2  0.418714315           37696       26376        9801        1519           0           0
 WACCMX_APPLY_BLEND          28           2  0.418714315           37696           1   600.000000       720.000000           26376           0           0       26376           0           0
 WACCMX_APPLY_QC          23           4  0.418714315           37696       26386       11310       26386       11310       26386       26386       26386       26386
 WACCMX_APPLY_SOURCE_FLAGS          23           4  0.418714315           37696       26386        9807        1503           0           0
 WACCMX_APPLY_BLEND          23           4  0.418714315           37696           1   600.000000       720.000000           26385           1           0       26385           1           0
 WACCMX online neutral received: taskid,step,packet_hr=          31           5  0.416666657    
 WACCMX_APPLY_QC          26           3  0.418714315           37696       26417       11279       26417       11279       26417       26417       26417       26417
 WACCMX_APPLY_SOURCE_FLAGS          26           3  0.418714315           37696       26417        9747        1532           0           0
 WACCMX_RECV_QC          31           5  0.416666657          131370       57110      131370       57110   4.4679286727535386E+018   81231153.108627319        104788971.35106671        186352304.47320303        0.0000000000000000        4.4679286727535386E+018   81231153.108627319        104788971.35106671        186352304.47320303        0.0000000000000000     
 WACCMX_RECV_SOURCE_FLAGS          31           5  0.416666657          188480      131370       50078        7032           0           0      131370       57110      131370       57110      131370      131370      131370      131370
 WACCMX_APPLY_BLEND          26           3  0.418714315           37696           1   600.000000       720.000000           26417           0           0       26417           0           0
 WACCMX_APPLY_QC          31           1  0.418714315           37696       26300       11396       26300       11396       26300       26300       26300       26300
 WACCMX_APPLY_SOURCE_FLAGS          31           1  0.418714315           37696       26300        9928        1468           0           0
 WACCMX_APPLY_BLEND          31           1  0.418714315           37696           1   600.000000       720.000000           26300           0           0       26300           0           0
 WACCMX_APPLY_QC          21           5  0.418714315           37696       26371       11325       26371       11325       26371       26371       26371       26371
 WACCMX_APPLY_SOURCE_FLAGS          21           5  0.418714315           37696       26371        9912        1413           0           0
 WACCMX_APPLY_BLEND          21           5  0.418714315           37696           1   600.000000       720.000000           26368           3           0       26368           3           0
 WACCMX_APPLY_QC          29           2  0.418714315           37696       26350       11346       26350       11346       26350       26350       26350       26350
 WACCMX_APPLY_SOURCE_FLAGS          29           2  0.418714315           37696       26350        9824        1522           0           0
 WACCMX_APPLY_BLEND          29           2  0.418714315           37696           1   600.000000       720.000000           26350           0           0       26350           0           0
 WACCMX_APPLY_QC          24           4  0.418714315           37696       26415       11281       26415       11281       26415       26415       26415       26415
 WACCMX_APPLY_SOURCE_FLAGS          24           4  0.418714315           37696       26415        9757        1524           0           0
 WACCMX_APPLY_BLEND          24           4  0.418714315           37696           1   600.000000       720.000000           26415           0           0       26415           0           0
 WACCMX online neutral received: taskid,step,packet_hr=          32           5  0.416666657    
 WACCMX_RECV_QC          32           5  0.416666657          131134       57346      131134       57346   4.5229097520105539E+018   79512782.938629150        151614124.52956045        236015047.17859945        0.0000000000000000        4.5229097520105539E+018   79512782.938629150        151614124.52956045        236015047.17859945        0.0000000000000000     
 WACCMX_RECV_SOURCE_FLAGS          32           5  0.416666657          188480      131134       50821        6525           0           0      131134       57346      131134       57346      131134      131134      131134      131134
 WACCMX_APPLY_QC          32           1  0.418714315           37696       26258       11438       26258       11438       26258       26258       26258       26258
 WACCMX_APPLY_SOURCE_FLAGS          32           1  0.418714315           37696       26258       10060        1378           0           0
 WACCMX_APPLY_BLEND          32           1  0.418714315           37696           1   600.000000       720.000000           26258           0           0       26258           0           0
 WACCMX_APPLY_QC          27           3  0.418714315           37696       26392       11304       26392       11304       26392       26392       26392       26392
 WACCMX_APPLY_SOURCE_FLAGS          27           3  0.418714315           37696       26392        9775        1529           0           0
 WACCMX_APPLY_BLEND          27           3  0.418714315           37696           1   600.000000       720.000000           26392           0           0       26392           0           0
 WACCMX_APPLY_QC          22           5  0.418714315           37696       26367       11329       26367       11329       26367       26367       26367       26367
 WACCMX_APPLY_SOURCE_FLAGS          22           5  0.418714315           37696       26367        9844        1485           0           0
 WACCMX_APPLY_BLEND          22           5  0.418714315           37696           1   600.000000       720.000000           26366           1           0       26366           1           0
 WACCMX_APPLY_QC          30           2  0.418714315           37696       26328       11368       26328       11368       26328       26328       26328       26328
 WACCMX_APPLY_SOURCE_FLAGS          30           2  0.418714315           37696       26328        9872        1496           0           0
 WACCMX_APPLY_BLEND          30           2  0.418714315           37696           1   600.000000       720.000000           26328           0           0       26328           0           0
 WACCMX_APPLY_QC          25           4  0.418714315           37696       26419       11277       26419       11277       26419       26419       26419       26419
 WACCMX_APPLY_SOURCE_FLAGS          25           4  0.418714315           37696       26419        9740        1537           0           0
 WACCMX_APPLY_BLEND          25           4  0.418714315           37696           1   600.000000       720.000000           26419           0           0       26419           0           0
 WACCMX_APPLY_QC          28           3  0.418714315           37696       26361       11335       26361       11335       26361       26361       26361       26361
 WACCMX_APPLY_SOURCE_FLAGS          28           3  0.418714315           37696       26361        9806        1529           0           0
 WACCMX_APPLY_BLEND          28           3  0.418714315           37696           1   600.000000       720.000000           26361           0           0       26361           0           0
 WACCMX_APPLY_QC          23           5  0.418714315           37696       26400       11296       26400       11296       26400       26400       26400       26400
 WACCMX_APPLY_SOURCE_FLAGS          23           5  0.418714315           37696       26400        9783        1513           0           0
 WACCMX_APPLY_BLEND          23           5  0.418714315           37696           1   600.000000       720.000000           26400           0           0       26400           0           0
 WACCMX_APPLY_QC          26           4  0.418714315           37696       26407       11289       26407       11289       26407       26407       26407       26407
 WACCMX_APPLY_SOURCE_FLAGS          26           4  0.418714315           37696       26407        9745        1544           0           0
 WACCMX_APPLY_BLEND          26           4  0.418714315           37696           1   600.000000       720.000000           26407           0           0       26407           0           0
 WACCMX_APPLY_QC          31           2  0.418714315           37696       26287       11409       26287       11409       26287       26287       26287       26287
 WACCMX_APPLY_SOURCE_FLAGS          31           2  0.418714315           37696       26287        9960        1449           0           0
 WACCMX_APPLY_BLEND          31           2  0.418714315           37696           1   600.000000       720.000000           26287           0           0       26287           0           0
 WACCMX_APPLY_QC          29           3  0.418714315           37696       26340       11356       26340       11356       26340       26340       26340       26340
 WACCMX_APPLY_SOURCE_FLAGS          29           3  0.418714315           37696       26340        9836        1520           0           0
 WACCMX_APPLY_BLEND          29           3  0.418714315           37696           1   600.000000       720.000000           26340           0           0       26340           0           0
 WACCMX_APPLY_QC          24           5  0.418714315           37696       26422       11274       26422       11274       26422       26422       26422       26422
 WACCMX_APPLY_SOURCE_FLAGS          24           5  0.418714315           37696       26422        9747        1527           0           0
 WACCMX_APPLY_BLEND          24           5  0.418714315           37696           1   600.000000       720.000000           26422           0           0       26422           0           0
 WACCMX_APPLY_QC          32           2  0.418714315           37696       26248       11448       26248       11448       26248       26248       26248       26248
 WACCMX_APPLY_SOURCE_FLAGS          32           2  0.418714315           37696       26248       10121        1327           0           0
 WACCMX_APPLY_BLEND          32           2  0.418714315           37696           1   600.000000       720.000000           26248           0           0       26248           0           0
 WACCMX_APPLY_QC          27           4  0.418714315           37696       26383       11313       26383       11313       26383       26383       26383       26383
 WACCMX_APPLY_SOURCE_FLAGS          27           4  0.418714315           37696       26383        9791        1522           0           0
 WACCMX_APPLY_BLEND          27           4  0.418714315           37696           1   600.000000       720.000000           26383           0           0       26383           0           0
 WACCMX_APPLY_QC          30           3  0.418714315           37696       26312       11384       26312       11384       26312       26312       26312       26312
 WACCMX_APPLY_SOURCE_FLAGS          30           3  0.418714315           37696       26312        9895        1489           0           0
 WACCMX_APPLY_BLEND          30           3  0.418714315           37696           1   600.000000       720.000000           26312           0           0       26312           0           0
 WACCMX_APPLY_QC          25           5  0.418714315           37696       26423       11273       26423       11273       26423       26423       26423       26423
 WACCMX_APPLY_SOURCE_FLAGS          25           5  0.418714315           37696       26423        9743        1530           0           0
 WACCMX_APPLY_BLEND          25           5  0.418714315           37696           1   600.000000       720.000000           26423           0           0       26423           0           0
 WACCMX_APPLY_QC          28           4  0.418714315           37696       26360       11336       26360       11336       26360       26360       26360       26360
 WACCMX_APPLY_SOURCE_FLAGS          28           4  0.418714315           37696       26360        9808        1528           0           0
 WACCMX_APPLY_BLEND          28           4  0.418714315           37696           1   600.000000       720.000000           26360           0           0       26360           0           0
 WACCMX_APPLY_QC          26           5  0.418714315           37696       26399       11297       26399       11297       26399       26399       26399       26399
 WACCMX_APPLY_SOURCE_FLAGS          26           5  0.418714315           37696       26399        9755        1542           0           0
 WACCMX_APPLY_BLEND          26           5  0.418714315           37696           1   600.000000       720.000000           26399           0           0       26399           0           0
 WACCMX_APPLY_QC          31           3  0.418714315           37696       26277       11419       26277       11419       26277       26277       26277       26277
 WACCMX_APPLY_SOURCE_FLAGS          31           3  0.418714315           37696       26277       10009        1410           0           0
 WACCMX_APPLY_BLEND          31           3  0.418714315           37696           1   600.000000       720.000000           26277           0           0       26277           0           0
 WACCMX_APPLY_QC          29           4  0.418714315           37696       26334       11362       26334       11362       26334       26334       26334       26334
 WACCMX_APPLY_SOURCE_FLAGS          29           4  0.418714315           37696       26334        9852        1510           0           0
 WACCMX_APPLY_BLEND          29           4  0.418714315           37696           1   600.000000       720.000000           26334           0           0       26334           0           0
 WACCMX_APPLY_QC          32           3  0.418714315           37696       26236       11460       26236       11460       26236       26236       26236       26236
 WACCMX_APPLY_SOURCE_FLAGS          32           3  0.418714315           37696       26236       10168        1292           0           0
 WACCMX_APPLY_BLEND          32           3  0.418714315           37696           1   600.000000       720.000000           26236           0           0       26236           0           0
 WACCMX_APPLY_QC          27           5  0.418714315           37696       26376       11320       26376       11320       26376       26376       26376       26376
 WACCMX_APPLY_SOURCE_FLAGS          27           5  0.418714315           37696       26376        9801        1519           0           0
 WACCMX_APPLY_BLEND          27           5  0.418714315           37696           1   600.000000       720.000000           26376           0           0       26376           0           0
 WACCMX_APPLY_QC          30           4  0.418714315           37696       26300       11396       26300       11396       26300       26300       26300       26300
 WACCMX_APPLY_SOURCE_FLAGS          30           4  0.418714315           37696       26300        9928        1468           0           0
 WACCMX_APPLY_BLEND          30           4  0.418714315           37696           1   600.000000       720.000000           26300           0           0       26300           0           0
 WACCMX_APPLY_QC          28           5  0.418714315           37696       26350       11346       26350       11346       26350       26350       26350       26350
 WACCMX_APPLY_SOURCE_FLAGS          28           5  0.418714315           37696       26350        9824        1522           0           0
 WACCMX_APPLY_BLEND          28           5  0.418714315           37696           1   600.000000       720.000000           26350           0           0       26350           0           0
 WACCMX_APPLY_QC          31           4  0.418714315           37696       26258       11438       26258       11438       26258       26258       26258       26258
 WACCMX_APPLY_SOURCE_FLAGS          31           4  0.418714315           37696       26258       10060        1378           0           0
 WACCMX_APPLY_BLEND          31           4  0.418714315           37696           1   600.000000       720.000000           26258           0           0       26258           0           0
 WACCMX_APPLY_QC          29           5  0.418714315           37696       26328       11368       26328       11368       26328       26328       26328       26328
 WACCMX_APPLY_SOURCE_FLAGS          29           5  0.418714315           37696       26328        9872        1496           0           0
 WACCMX_APPLY_BLEND          29           5  0.418714315           37696           1   600.000000       720.000000           26328           0           0       26328           0           0
 WACCMX_APPLY_QC          32           4  0.418714315           37696       26205       11491       26205       11491       26205       26205       26205       26205
 WACCMX_APPLY_SOURCE_FLAGS          32           4  0.418714315           37696       26205       10215        1276           0           0
 WACCMX_APPLY_BLEND          32           4  0.418714315           37696           1   600.000000       720.000000           26205           0           0       26205           0           0
 WACCMX_APPLY_QC          30           5  0.418714315           37696       26287       11409       26287       11409       26287       26287       26287       26287
 WACCMX_APPLY_SOURCE_FLAGS          30           5  0.418714315           37696       26287        9960        1449           0           0
 WACCMX_APPLY_BLEND          30           5  0.418714315           37696           1   600.000000       720.000000           26287           0           0       26287           0           0
 WACCMX_APPLY_QC          31           5  0.418714315           37696       26248       11448       26248       11448       26248       26248       26248       26248
 WACCMX_APPLY_SOURCE_FLAGS          31           5  0.418714315           37696       26248       10121        1327           0           0
 WACCMX_APPLY_BLEND          31           5  0.418714315           37696           1   600.000000       720.000000           26248           0           0       26248           0           0
 WACCMX_APPLY_QC          32           5  0.418714315           37696       26187       11509       26187       11509       26187       26187       26187       26187
 WACCMX_APPLY_SOURCE_FLAGS          32           5  0.418714315           37696       26187       10257        1252           0           0
 WACCMX_APPLY_BLEND          32           5  0.418714315           37696           1   600.000000       720.000000           26187           0           0       26187           0           0
 calling potpphi   2.77512074       2.77512074    
           1   1.43720452E-02
   50.4458809    
 calling potpphi   2.77512074       2.77512074    
           1   2.25411076E-03
   50.1613464    
 calling potpphi   2.77512074       2.77512074    
           1   2.21547671E-03
   50.2871246    
 calling potpphi   2.77512074       2.77512074    
           1   1.41249935E-03
   50.2474594    
 calling potpphi   2.77512074       2.77512074    
           1   3.37692472E-04
   50.2536087    
 calling potpphi   2.77512074       2.77512074    
           1   5.45814727E-03
   50.5451508    
 calling potpphi   2.77512074       2.77512074    
           1   2.96656485E-03
   50.7220230    
 calling potpphi   2.77512074       2.77512074    
           1   2.04104371E-03
   50.6200333    
 calling potpphi   2.77512074       2.77512074    
           1   5.50520932E-03
   50.9077797    
 calling potpphi   2.77512074       2.77512074    
           1   5.46727842E-03
   51.2093735    
 calling potpphi   2.77512074       2.77512074    
           1   2.02357606E-03
   51.1209297    
 calling potpphi   2.77512074       2.77512074    
           1   1.45060942E-04
   51.1200523    
 calling potpphi   2.77512074       2.77512074    
           1   1.57105550E-03
   51.2018890    
 calling potpphi   2.77512074       2.77512074    
           1   6.76142611E-03
   51.5736046    
 calling potpphi   2.77512074       2.77512074    
           1   2.42410647E-03
   51.4512596    
 calling potpphi   2.77512074       2.77512074    
           1   3.01467208E-03
   51.6212502    
 calling potpphi   2.77512074       2.77512074    
           1   1.43696787E-03
   51.5414276    
 calling potpphi   2.77512074       2.77512074    
           1   2.84745940E-03
   51.6950989    
 calling potpphi   2.77512074       2.77512074    
           1   4.00845846E-03
   51.9227753    
 calling potpphi   2.77512074       2.77512074    
           1   1.46047946E-03
   51.8540459    
 calling potpphi   2.77512074       2.77512074    
           1   3.91275249E-03
   52.0674973    
 calling potpphi   2.77512074       2.77512074    
           1   2.18706159E-03
   52.1824837    
 calling potpphi   2.77512074       2.77512074    
           1   3.93932592E-03
   52.4142761    
 calling potpphi   2.77512074       2.77512074    
           1   3.76366847E-03
   52.2217674    
 calling potpphi   2.77512074       2.77512074    
           1   5.85652143E-03
   52.5322571    
 calling potpphi   2.77512074       2.77512074    
           1   3.31512681E-04
   52.5626717    
 calling potpphi   2.77512074       2.77512074    
           1   2.46231328E-04
   52.5549660    
 calling potpphi   2.77512074       2.77512074    
           1   7.75207067E-03
   52.9759064    
 calling potpphi   2.77512074       2.77512074    
           1   3.41170793E-03
   52.8011093    
 calling potpphi   2.77512074       2.77512074    
           1   1.92383805E-03
   52.6912041    
 calling potpphi   2.77512074       2.77512074    
           1   3.67599278E-04
   52.7108192    
 calling potpphi   2.77512074       2.77512074    
           1   1.09226617E-03
   52.7710953    
 calling potpphi   2.77512074       2.77512074    
           1   5.99550828E-03
   53.1117439    
 calling potpphi   2.77512074       2.77512074    
           1   1.64114323E-03
   53.0232697    
 calling potpphi   2.77512074       2.77512074    
           1   5.00459690E-03
   53.2932968    
 calling potpphi   2.77512074       2.77512074    
           1   6.79919263E-03
   52.9269714    
 calling potpphi   2.77512074       2.77512074    
           1   2.45816028E-03
   53.0640755    
 calling potpphi   2.77512074       2.77512074    
           1   4.42757504E-03
   53.2939529    
 calling potpphi   2.77512074       2.77512074    
           1   1.64937414E-03
   53.2271385    
 calling potpphi   2.77512074       2.77512074    
           1   2.62688054E-03
   53.3687325    
 calling potpphi   2.77512074       2.77512074    
           1   4.78258182E-04
   53.3912201    
 calling potpphi   2.77512074       2.77512074    
           1   6.73717703E-04
   53.3536110    
 calling potpphi   2.77512074       2.77512074    
           1   4.23911493E-04
   53.3856125    
 calling potpphi   2.77512074       2.77512074    
           1   6.62645325E-04
   53.4193459    
 calling potpphi   2.77512074       2.77512074    
           1   1.76090014E-03
   53.5231400    
 calling potpphi   2.77512074       2.77512074    
           1   1.76540273E-03
   53.6174355    
 calling potpphi   2.77512074       2.77512074    
           1   1.05194631E-03
   53.6829948    
 calling potpphi   2.77512074       2.77512074    
           1   8.99530016E-04
   53.6319466    
 calling potpphi   2.77512074       2.77512074    
           1   8.53627641E-03
   54.1047783    
 MASTER: All Done!
 WACCMX online done signal received:           6
 SAMI3 direct phi done signal received:           6
 done finalizing,taskid           9
 timing   97.0953903       776.404602       679.309204    
Note: The following floating-point exceptions are signalling: IEEE_DIVIDE_BY_ZERO IEEE_UNDERFLOW_FLAG IEEE_DENORMAL
 done finalizing,taskid          25
 timing   107.456993       776.733643       669.276672    
Note: The following floating-point exceptions are signalling: IEEE_DIVIDE_BY_ZERO IEEE_UNDERFLOW_FLAG IEEE_DENORMAL
 done finalizing,taskid           2
 timing   89.7238770       776.746338       687.022461    
Note: The following floating-point exceptions are signalling: IEEE_DIVIDE_BY_ZERO IEEE_UNDERFLOW_FLAG IEEE_DENORMAL
 done finalizing,taskid          29
 timing   110.039307       776.854431       666.815125    
Note: The following floating-point exceptions are signalling: IEEE_DIVIDE_BY_ZERO IEEE_UNDERFLOW_FLAG IEEE_DENORMAL
 done finalizing,taskid          11
 timing   98.4531937       776.859009       678.405823    
Note: The following floating-point exceptions are signalling: IEEE_DIVIDE_BY_ZERO IEEE_UNDERFLOW_FLAG IEEE_DENORMAL
 done finalizing,taskid           3
 timing   90.4986725       776.412476       685.913818    
Note: The following floating-point exceptions are signalling: IEEE_DIVIDE_BY_ZERO IEEE_UNDERFLOW_FLAG IEEE_DENORMAL
 done finalizing,taskid          32
 timing   111.858658       775.912292       664.053650    
Note: The following floating-point exceptions are signalling: IEEE_DIVIDE_BY_ZERO IEEE_UNDERFLOW_FLAG IEEE_DENORMAL
 done finalizing,taskid          14
Note: The following floating-point exceptions are signalling: IEEE_DIVIDE_BY_ZERO IEEE_UNDERFLOW_FLAG IEEE_DENORMAL
 timing   100.425034       776.950195       676.525146    
 done finalizing,taskid          27
Note: The following floating-point exceptions are signalling: IEEE_DIVIDE_BY_ZERO IEEE_UNDERFLOW_FLAG IEEE_DENORMAL
 timing   108.769547       776.886047       668.116516    
 done finalizing,taskid          28
 timing   109.385391       776.678955       667.293579    
Note: The following floating-point exceptions are signalling: IEEE_DIVIDE_BY_ZERO IEEE_UNDERFLOW_FLAG IEEE_DENORMAL
 done finalizing,taskid          18
 timing   102.901299       776.172485       673.271179    
Note: The following floating-point exceptions are signalling: IEEE_DIVIDE_BY_ZERO IEEE_UNDERFLOW_FLAG IEEE_DENORMAL
 done finalizing,taskid          31
 timing   111.224312       775.874390       664.650085    
Note: The following floating-point exceptions are signalling: IEEE_DIVIDE_BY_ZERO IEEE_UNDERFLOW_FLAG IEEE_DENORMAL
 done finalizing,taskid          13
Note: The following floating-point exceptions are signalling: IEEE_DIVIDE_BY_ZERO IEEE_UNDERFLOW_FLAG IEEE_DENORMAL
 timing   99.7538834       776.760071       677.006165    
 done finalizing,taskid          16
 timing   101.573952       776.147766       674.573792    
Note: The following floating-point exceptions are signalling: IEEE_DIVIDE_BY_ZERO IEEE_UNDERFLOW_FLAG IEEE_DENORMAL
 done finalizing,taskid          30
 timing   110.560783       775.929199       665.368408    
Note: The following floating-point exceptions are signalling: IEEE_DIVIDE_BY_ZERO IEEE_UNDERFLOW_FLAG IEEE_DENORMAL
 done finalizing,taskid          20
 timing   104.321533       777.070618       672.749084    
Note: The following floating-point exceptions are signalling: IEEE_DIVIDE_BY_ZERO IEEE_UNDERFLOW_FLAG IEEE_DENORMAL
 done finalizing,taskid          12
 timing   99.1443710       776.634521       677.490173    
Note: The following floating-point exceptions are signalling: IEEE_DIVIDE_BY_ZERO IEEE_UNDERFLOW_FLAG IEEE_DENORMAL
 done finalizing,taskid          26
 timing   108.088585       776.551392       668.462830    
Note: The following floating-point exceptions are signalling: IEEE_DIVIDE_BY_ZERO IEEE_UNDERFLOW_FLAG IEEE_DENORMAL
 done finalizing,taskid           4
 timing   91.6575699       776.706604       685.049011    
Note: The following floating-point exceptions are signalling: IEEE_DIVIDE_BY_ZERO IEEE_UNDERFLOW_FLAG IEEE_DENORMAL
 done finalizing,taskid          21
 timing   104.903091       776.835266       671.932190    
Note: The following floating-point exceptions are signalling: IEEE_DIVIDE_BY_ZERO IEEE_UNDERFLOW_FLAG IEEE_DENORMAL
 done finalizing,taskid          15
 timing   101.134995       777.186646       676.051636    
Note: The following floating-point exceptions are signalling: IEEE_DIVIDE_BY_ZERO IEEE_UNDERFLOW_FLAG IEEE_DENORMAL
Note: The following floating-point exceptions are signalling: IEEE_DIVIDE_BY_ZERO IEEE_UNDERFLOW_FLAG IEEE_DENORMAL
Note: The following floating-point exceptions are signalling: IEEE_DIVIDE_BY_ZERO IEEE_UNDERFLOW_FLAG IEEE_DENORMAL
 done finalizing,taskid           5
 timing   92.8895493       776.747498       683.857971    
Note: The following floating-point exceptions are signalling: IEEE_DIVIDE_BY_ZERO IEEE_UNDERFLOW_FLAG IEEE_DENORMAL
 done finalizing,taskid          23
 timing   106.220360       776.781860       670.561523    
 done finalizing,taskid          22
 timing   105.469284       776.700989       671.231689    
 done finalizing,taskid          19
 timing   103.622307       776.767029       673.144714    
Note: The following floating-point exceptions are signalling: IEEE_DIVIDE_BY_ZERO IEEE_UNDERFLOW_FLAG IEEE_DENORMAL
 done finalizing,taskid           7
 timing   95.3177490       776.417603       681.099854    
Note: The following floating-point exceptions are signalling: IEEE_DIVIDE_BY_ZERO IEEE_UNDERFLOW_FLAG IEEE_DENORMAL
 done finalizing,taskid           8
 timing   96.5468903       776.864868       680.317993    
Note: The following floating-point exceptions are signalling: IEEE_DIVIDE_BY_ZERO IEEE_UNDERFLOW_FLAG IEEE_DENORMAL
 done finalizing,taskid          24
 timing   106.825050       776.963196       670.138123    
Note: The following floating-point exceptions are signalling: IEEE_DIVIDE_BY_ZERO IEEE_UNDERFLOW_FLAG IEEE_DENORMAL
 done finalizing,taskid           0
Note: The following floating-point exceptions are signalling: IEEE_UNDERFLOW_FLAG IEEE_DENORMAL
 timing   39.8520889       560.414673       520.562561    
 done finalizing,taskid           6
Note: The following floating-point exceptions are signalling: IEEE_DIVIDE_BY_ZERO IEEE_UNDERFLOW_FLAG IEEE_DENORMAL
 timing   94.0910263       776.976135       682.885132    
 done finalizing,taskid          10
Note: The following floating-point exceptions are signalling: IEEE_DIVIDE_BY_ZERO IEEE_UNDERFLOW_FLAG IEEE_DENORMAL
 timing   97.8596573       776.896301       679.036621    
 done finalizing,taskid          17
 timing   102.251755       775.367249       673.115479    
Note: The following floating-point exceptions are signalling: IEEE_DIVIDE_BY_ZERO IEEE_UNDERFLOW_FLAG IEEE_DENORMAL
 done finalizing,taskid           1
 timing   89.7043762       776.880066       687.175659    
Note: The following floating-point exceptions are signalling: IEEE_DIVIDE_BY_ZERO IEEE_UNDERFLOW_FLAG IEEE_DENORMAL
