OMP: Warning #182: OMP_STACKSIZE: ignored because KMP_STACKSIZE has been defined
 Voltron Reading input deck from 
 tinyCase_sami3_moments_dsB_lmlt_recommended_long1800_bvolcc_cons.xml
  KAIJU/VOLTRON/threading/NumTh           :             8[34m     (XML)[0m 
  KAIJU/GAMERA/debug/writeGhosts          :             F[32m (DEFAULT)[0m 
  KAIJU/GAMERA/debug/writeMagFlux         :             F[32m (DEFAULT)[0m 
  KAIJU/GAMERA/threading/NumTh            :             8[34m     (XML)[0m 
 KAIJU/GAMERA running threaded ...
    # Threads =            8
    # Cores   =            8
 Checking stacksize, if the code crashes here fix your stack ...
  KAIJU/GAMERA/physics/doMHD              :             T[34m     (XML)[0m 
  KAIJU/GAMERA/physics/do25D              :             F[32m (DEFAULT)[0m 
  KAIJU/GAMERA/physics/doResistive        :             F[32m (DEFAULT)[0m 
  KAIJU/GAMERA/sim/pdmb                   :   1.00000E+00[34m     (XML)[0m 
  KAIJU/GAMERA/floors/dFloor              :   1.00000E-04[34m     (XML)[0m 
  KAIJU/GAMERA/floors/pFloor              :   1.00000E-06[34m     (XML)[0m 
  KAIJU/GAMERA/sim/CFL                    :   3.00000E-01[32m (DEFAULT)[0m 
 CFL # =   0.300000000000000     
  KAIJU/GAMERA/sim/Vd0                    :   5.00000E-01[32m (DEFAULT)[0m 
  KAIJU/GAMERA/physics/gamma              :   1.66667E+00[32m (DEFAULT)[0m 
  KAIJU/GAMERA/physics/doHogs             :             T[32m (DEFAULT)[0m 
  KAIJU/GAMERA/physics/cHogH              :   2.50000E-01[32m (DEFAULT)[0m 
  KAIJU/GAMERA/physics/cHogM              :   2.50000E-01[32m (DEFAULT)[0m 
  KAIJU/GAMERA/sim/doAB3                  :             F[32m (DEFAULT)[0m 
  KAIJU/GAMERA/time/tFin                  :   1.00000E+00[32m (DEFAULT)[0m 
  KAIJU/GAMERA/time/fixedTimestep         :  -1.00000E+00[32m (DEFAULT)[0m 
  KAIJU/GAMERA/timestep/limDT0            :   1.00000E-03[32m (DEFAULT)[0m 
  KAIJU/GAMERA/timestep/doCPR             :             T[34m     (XML)[0m 
  KAIJU/GAMERA/timestep/limCPR            :   2.50000E-01[34m     (XML)[0m 
 Please update the XML to use output/dtCon for console output
 Instead of the no longer used output/tsOut
  KAIJU/GAMERA/output/dtCon               :   5.00000E+00[32m (DEFAULT)[0m 
  KAIJU/GAMERA/output/dtOut               :   1.00000E+01[32m (DEFAULT)[0m 
  KAIJU/GAMERA/restart/dtRes              :   1.00000E+02[32m (DEFAULT)[0m 
  KAIJU/GAMERA/output/doTimer             :             F[32m (DEFAULT)[0m 
  KAIJU/GAMERA/output/doFat               :             F[32m (DEFAULT)[0m 
  KAIJU/GAMERA/output/doSlim              :             F[32m (DEFAULT)[0m 
  KAIJU/GAMERA/output/slimTimers          :             T[32m (DEFAULT)[0m 
  KAIJU/GAMERA/output/DivB                :             T[32m (DEFAULT)[0m 
  KAIJU/GAMERA/output/doFatIO             :             F[32m (DEFAULT)[0m 
  KAIJU/GAMERA/output/doHighPrecOut       :             F[32m (DEFAULT)[0m 
  KAIJU/GAMERA/restart/doRes              :             F[34m     (XML)[0m 
  KAIJU/GAMERA/physics/doBoris            :             T[34m     (XML)[0m 
  KAIJU/GAMERA/physics/Ca                 :   1.00000E+01[34m     (XML)[0m 
  KAIJU/GAMERA/multifluid/doMF            :             F[32m (DEFAULT)[0m 
  KAIJU/GAMERA/source/doSource            :             T[34m     (XML)[0m 
  KAIJU/GAMERA/source/nvSrc               :            10[32m (DEFAULT)[0m 
  KAIJU/GAMERA/sim/runid                  :  sami3_moment[34m     (XML)[0m 
  KAIJU/GAMERA/sim/rmeth                  :           7UP[34m     (XML)[0m 
 Using 7UP Reconstruction
  KAIJU/GAMERA/sim/lfmlim                 :             T[32m (DEFAULT)[0m 
  KAIJU/GAMERA/ring/rngrec                :           PPM[32m (DEFAULT)[0m 
  KAIJU/GAMERA/random/seed                :         31337[32m (DEFAULT)[0m 
  KAIJU/GAMERA/sim/doH5g                  :             T[34m     (XML)[0m 
  KAIJU/GAMERA/sim/H5Grid                 :       lfmD.h5[34m     (XML)[0m 
 Reading grid from file: lfmD.h5
  KAIJU/GAMERA/ring/doRing                :             T[34m     (XML)[0m 
  KAIJU/GAMERA/ring/gid                   :           lfm[34m     (XML)[0m 
  KAIJU/GAMERA/ringknobs/doMassRA         :             F[32m (DEFAULT)[0m 
  KAIJU/GAMERA/ringknobs/doClean          :             T[32m (DEFAULT)[0m 
  KAIJU/GAMERA/ringknobs/doFastClean      :             T[32m (DEFAULT)[0m 
  KAIJU/GAMERA/ringknobs/doShift          :             F[32m (DEFAULT)[0m 
  KAIJU/GAMERA/ringknobs/NMag             :             1[32m (DEFAULT)[0m 
  KAIJU/GAMERA/ringknobs/doVClean         :             T[34m     (XML)[0m 
  KAIJU/GAMERA/ringknobs/NVel             :             0[32m (DEFAULT)[0m 
  KAIJU/GAMERA/ring/doAggressive          :             F[34m     (XML)[0m 
  KAIJU/GAMERA/ring/Nr                    :             4[32m (DEFAULT)[0m 
  KAIJU/GAMERA/ring/Nc1                   :             8[32m (DEFAULT)[0m 
  KAIJU/GAMERA/ring/Nc2                   :            16[32m (DEFAULT)[0m 
  KAIJU/GAMERA/ring/Nc3                   :            32[32m (DEFAULT)[0m 
  KAIJU/GAMERA/ring/Nc4                   :            32[32m (DEFAULT)[0m 
  KAIJU/GAMERA/sim/doH5ic                 :             F[32m (DEFAULT)[0m 
  KAIJU/GAMERA/sim/icType                 :          user[34m     (XML)[0m 
  KAIJU/GAMERA/prob/Rho0                  :   2.00000E-01[32m (DEFAULT)[0m 
  KAIJU/GAMERA/prob/P0                    :   1.00000E-03[32m (DEFAULT)[0m 
  KAIJU/GAMERA/prob/doPP0                 :             F[32m (DEFAULT)[0m 
  KAIJU/GAMERA/prob/writeBC               :             T[32m (DEFAULT)[0m 
  /Kaiju/Gamera/prob/planet               :         Earth[32m (DEFAULT)[0m 
  /Kaiju/Gamera/prob/M0                   :   2.96174E-01[32m (DEFAULT)[0m 
  /Kaiju/Gamera/prob/period               :   8.64000E+04[32m (DEFAULT)[0m 
  /Kaiju/Gamera/prob/doCorot              :             T[32m (DEFAULT)[0m 
  KAIJU/GAMERA/floors/dFloor              :   1.00000E-04[34m     (XML)[0m 
  KAIJU/GAMERA/floors/pFloor              :   1.00000E-06[34m     (XML)[0m 
  KAIJU/GAMERA/timestep/doCPR             :             T[34m     (XML)[0m 
  KAIJU/GAMERA/timestep/limCPR            :   2.50000E-01[34m     (XML)[0m 
  KAIJU/GAMERA/chill/doGAMChill           :             F[32m (DEFAULT)[0m 
  KAIJU/GAMERA/chill/doLFMChill           :             F[32m (DEFAULT)[0m 
 ---------------
 Magnetosphere normalization
 T0   [s]    =    63.7810000000000     
 x0   [m]    =    6378100.00000000     
 v0   [m/s]  =    100000.000000000     
 P0   [nPa]  =   1.660539066600000E-002
 B0   [nT]   =    4.56803560959387     
 g    [m/s2] =    9.80700000000000     
 psi0 [kV]   =    87.6183892504483     
 ---------------
 doGrav      =  T
  KAIJU/GAMERA/source/doIngest            :             T[32m (DEFAULT)[0m 
  KAIJU/GAMERA/source/doIngestCold        :             T[32m (DEFAULT)[0m 
  KAIJU/GAMERA/source/coldDMax            :  -1.00000E+00[32m (DEFAULT)[0m 
  KAIJU/GAMERA/source/coldPMax            :  -1.00000E+00[32m (DEFAULT)[0m 
  /Kaiju/voltron/imag/doInit              :             T[34m     (XML)[0m 
  KAIJU/GAMERA/wind/tsfile                :     bcwind.h5[34m     (XML)[0m 
  KAIJU/GAMERA/source0/dz                 :   5.00000E+00[32m (DEFAULT)[0m 
  KAIJU/GAMERA/source0/dt0                :   3.00000E+02[32m (DEFAULT)[0m 
  KAIJU/GAMERA/prob/xMax                  :   2.00000E+01[32m (DEFAULT)[0m 
  KAIJU/GAMERA/prob/yMax                  :   7.50000E+01[32m (DEFAULT)[0m 
  KAIJU/GAMERA/prob/xMin                  :  -2.25000E+02[32m (DEFAULT)[0m 
  KAIJU/GAMERA/prob/sIn                   :   9.60000E-01[32m (DEFAULT)[0m 
  KAIJU/GAMERA/background/rCut            :   1.60000E+01[32m (DEFAULT)[0m 
  KAIJU/GAMERA/background/lCut            :   8.00000E+00[32m (DEFAULT)[0m 
  KAIJU/GAMERA/background/dcScl           :   4.00000E+00[32m (DEFAULT)[0m 
  /Kaiju/voltron/coupling/dt              :   5.00000E+00[32m (DEFAULT)[0m 
  KAIJU/GAMERA/ibc/doIonPush              :             T[32m (DEFAULT)[0m 
  KAIJU/GAMERA/ibc/nIonP                  :             1[32m (DEFAULT)[0m 
  KAIJU/GAMERA/wind/tsfile                :     bcwind.h5[34m     (XML)[0m 
 ---------------
 Solar wind data
 Reading wind data from bcwind.h5
 Assuming input units: t,D,V,T,B = [s],[#/cm3],[m/s],[K],[nT]
 SW Coefficients (Bx0,ByC,BzC) =    0.000   0.000   0.000
 Min solar wind Alfvenic Mach number =    7.587
 Finished reading solar wind data
 ---------------
  /Kaiju/voltron/spinup/doSeq             :             F[32m (DEFAULT)[0m 
[32m<Writing HDF5 DATA @ t =  0.00E+00 [sec] >[0m 
 [36m
 GAMERA
      Time =  0.00E+00 [sec]
        ts =        0
        dt =  1.19E-01 [sec]
    Spent     0.0% of time waiting for Voltron
[0m  Please update the XML to use output/dtCon for console output
 Instead of the no longer used output/tsOut
  KAIJU/GAMERA/output/dtCon               :   5.00000E+00[32m (DEFAULT)[0m 
  KAIJU/GAMERA/output/dtOut               :   1.00000E+01[32m (DEFAULT)[0m 
  KAIJU/GAMERA/restart/dtRes              :   1.00000E+02[32m (DEFAULT)[0m 
  KAIJU/GAMERA/output/doTimer             :             F[32m (DEFAULT)[0m 
  KAIJU/GAMERA/output/doFat               :             F[32m (DEFAULT)[0m 
  KAIJU/GAMERA/output/doSlim              :             F[32m (DEFAULT)[0m 
  KAIJU/GAMERA/output/slimTimers          :             T[32m (DEFAULT)[0m 
  KAIJU/GAMERA/output/DivB                :             T[32m (DEFAULT)[0m 
  KAIJU/GAMERA/output/doFatIO             :             F[32m (DEFAULT)[0m 
  /Kaiju/Gamera/prob/planet               :         Earth[32m (DEFAULT)[0m 
  /Kaiju/Gamera/prob/M0                   :   2.96174E-01[32m (DEFAULT)[0m 
  /Kaiju/Gamera/prob/period               :   8.64000E+04[32m (DEFAULT)[0m 
  /Kaiju/Gamera/prob/doCorot              :             T[32m (DEFAULT)[0m 
 -------------
 Planet params
 Name             : EARTH
 Planet Radius [m]:    6378100.00000000     
 Iono Radius   [m]:    6500000.00000000     
 Gravity    [m/s2]:    9.80700000000000     
 Use gravity      :  T
 Mag. Moment   [G]:   0.296173700000000     
 Corot Pot.   [kV]:    87.6183892504483     
 -------------
  /Kaiju/Gamera/prob/doGeoCorot           :             F[32m (DEFAULT)[0m 
 Going into geospace mode ...
  /Kaiju/Gamera/wind/tsfile               :     bcwind.h5[34m     (XML)[0m 
  KAIJU/VOLTRON/time/tFin                 :   1.80000E+03[34m     (XML)[0m 
 Please update the XML to use output/dtCon for console output
 Instead of the no longer used output/tsOut
  KAIJU/VOLTRON/output/dtCon              :   5.00000E+00[32m (DEFAULT)[0m 
  KAIJU/VOLTRON/output/dtOut              :   5.00000E+00[34m     (XML)[0m 
  KAIJU/VOLTRON/restart/dtRes             :   1.08000E+04[34m     (XML)[0m 
  KAIJU/VOLTRON/output/doTimer            :             F[32m (DEFAULT)[0m 
  KAIJU/VOLTRON/output/doFat              :             F[32m (DEFAULT)[0m 
  KAIJU/VOLTRON/output/doSlim             :             F[32m (DEFAULT)[0m 
  KAIJU/VOLTRON/output/slimTimers         :             T[32m (DEFAULT)[0m 
  KAIJU/VOLTRON/coupling/dtCouple         :   5.00000E+00[34m     (XML)[0m 
  KAIJU/VOLTRON/coupling/rTrc             :   4.00000E+01[32m (DEFAULT)[0m 
 Ending a simulation too close to a coupling interval can cause synchronization 
 issues
 Increasing the ending time by a fraction of a second to create a buffer
  KAIJU/VOLTRON/coupling/doDeep           :             T[32m (DEFAULT)[0m 
  KAIJU/VOLTRON/coupling/doGCM            :             F[32m (DEFAULT)[0m 
  KAIJU/VOLTRON/coupling/dtAvgB0          :   9.00000E+02[32m (DEFAULT)[0m 
  /Kaiju/gamera/restart/doRes             :             F[34m     (XML)[0m 
  KAIJU/VOLTRON/spinup/doSpin             :             T[34m     (XML)[0m 
  KAIJU/VOLTRON/spinup/tSpin              :   5.00000E+00[34m     (XML)[0m 
  KAIJU/VOLTRON/spinup/tIO                :   0.00000E+00[32m (DEFAULT)[0m 
  KAIJU/VOLTRON/coupling/tCouple          :  -5.00000E+00[32m (DEFAULT)[0m 
  KAIJU/VOLTRON/grid/Nt                   :            90[32m (DEFAULT)[0m 
  KAIJU/VOLTRON/grid/Np                   :           180[32m (DEFAULT)[0m 
  KAIJU/VOLTRON/grid/Ng                   :             4[32m (DEFAULT)[0m 
  KAIJU/VOLTRON/grid/gType                :        UNISPH[32m (DEFAULT)[0m 
  KAIJU/VOLTRON/coupling/doQkSquish       :             T[34m     (XML)[0m 
  KAIJU/VOLTRON/coupling/qkSquishStride   :             2[34m     (XML)[0m 
  KAIJU/VOLTRON/ebsquish/epsSquish        :   5.00000E-02[32m (DEFAULT)[0m 
  KAIJU/VOLTRON/coupling/imType           :         RAIJU[34m     (XML)[0m 
  /Kaiju/voltron/imag/doInit              :             T[34m     (XML)[0m 
 raijuInitModel is starting
  KAIJU/RAIJU/driver/isSA                 :             F[32m (DEFAULT)[0m 
  /Kaiju/Gamera/sim/runid                 :  sami3_moment[34m     (XML)[0m 
  KAIJU/RAIJU/time/T0                     :   0.00000E+00[32m (DEFAULT)[0m 
  KAIJU/RAIJU/time/tFin                   :   6.00000E+01[32m (DEFAULT)[0m 
  KAIJU/RAIJU/time/dt                     :   1.00000E+00[32m (DEFAULT)[0m 
  KAIJU/RAIJU/config/fname                :  raijuconfig.[34m     (XML)[0m 
  /Kaiju/Gamera/wind/tsFile               :     bcwind.h5[34m     (XML)[0m 
  KAIJU/RAIJU/mpi/isMPI                   :             F[32m (DEFAULT)[0m 
  /Kaiju/Gamera/restart/doRes             :             F[34m     (XML)[0m 
  KAIJU/RAIJU/plasmasphere/doPsphere      :             T[34m     (XML)[0m 
  KAIJU/RAIJU/plasmasphere/doEvol         :             T[32m (DEFAULT)[0m 
  KAIJU/RAIJU/plasmasphere/evolRad        :   2.25000E+00[32m (DEFAULT)[0m 
  KAIJU/RAIJU/plasmasphere/initKp         :   3.00000E+00[32m (DEFAULT)[0m 
  KAIJU/RAIJU/prob/doExcessMap            :             T[32m (DEFAULT)[0m 
  KAIJU/RAIJU/prob/nSpc                   :             3[32m (DEFAULT)[0m 
  KAIJU/RAIJU/domain/bndLim               :             3[32m (DEFAULT)[0m 
  KAIJU/RAIJU/domain/tail_buffer          :   1.50000E+01[34m     (XML)[0m 
  KAIJU/RAIJU/domain/sun_buffer           :   1.50000E+01[34m     (XML)[0m 
  KAIJU/RAIJU/domain/tail_active          :   1.20000E+01[34m     (XML)[0m 
  KAIJU/RAIJU/domain/sun_active           :   1.20000E+01[34m     (XML)[0m 
  KAIJU/RAIJU/domain/activeRad            :   3.00000E+00[32m (DEFAULT)[0m 
  KAIJU/RAIJU/sim/doSmoothGrads           :             T[32m (DEFAULT)[0m 
  KAIJU/RAIJU/sim/useVelLRs               :             T[32m (DEFAULT)[0m 
  KAIJU/RAIJU/sim/maxIter                 :          1000[32m (DEFAULT)[0m 
  KAIJU/RAIJU/sim/maxOrder                :             7[32m (DEFAULT)[0m 
  KAIJU/RAIJU/sim/pdmb                    :   7.50000E-01[34m     (XML)[0m 
  KAIJU/RAIJU/sim/cfl                     :   3.00000E-01[32m (DEFAULT)[0m 
 CFL # =   0.300000000000000     
  KAIJU/RAIJU/prob/tiote                  :   4.00000E+00[32m (DEFAULT)[0m 
  KAIJU/RAIJU/moments/useStateTioteForInge:             F[32m (DEFAULT)[0m 
  KAIJU/RAIJU/activeShell/doAS            :             F[32m (DEFAULT)[0m 
  KAIJU/RAIJU/activeShell/worthyFrac      :   1.00000E-03[32m (DEFAULT)[0m 
  KAIJU/RAIJU/prob/doCorot                :             F[32m (DEFAULT)[0m 
  KAIJU/RAIJU/lambdas/dynamicRanges       :             F[32m (DEFAULT)[0m 
  KAIJU/RAIJU/moments/DP2EtaMap           :       MAXWELL[32m (DEFAULT)[0m 
  KAIJU/RAIJU/losses/doLosses             :             T[34m     (XML)[0m 
  KAIJU/RAIJU/losses/doCC                 :             T[34m     (XML)[0m 
  KAIJU/RAIJU/losses/doCX                 :             T[34m     (XML)[0m 
  KAIJU/RAIJU/losses/doEWM                :             T[32m (DEFAULT)[0m 
  KAIJU/RAIJU/losses/ewmType              :            SS[32m (DEFAULT)[0m 
  KAIJU/RAIJU/output/loudConsole          :             T[34m     (XML)[0m 
  KAIJU/RAIJU/output/writeGhosts          :             F[34m     (XML)[0m 
  KAIJU/RAIJU/output/doLossExtras         :             F[34m     (XML)[0m 
  KAIJU/RAIJU/output/doDebug              :             F[34m     (XML)[0m 
  KAIJU/RAIJU/hax/rcmEtaPush              :             F[32m (DEFAULT)[0m 
  KAIJU/RAIJU/domain/vaFrac_soft          :   6.00000E-01[32m (DEFAULT)[0m 
  KAIJU/RAIJU/domain/vaFrac_hard          :   4.00000E-01[32m (DEFAULT)[0m 
  KAIJU/RAIJU/domain/bmin_soft            :   5.00000E+00[32m (DEFAULT)[0m 
  KAIJU/RAIJU/domain/bmin_hard            :   2.00000E+00[32m (DEFAULT)[0m 
  KAIJU/RAIJU/cpl/nBounce                 :   3.00000E+00[32m (DEFAULT)[0m 
  KAIJU/RAIJU/cpl/nFluidsIn               :             1[34m     (XML)[0m 
  KAIJU/RAIJU/fluidIn1/imhd               :             0[34m     (XML)[0m 
  KAIJU/RAIJU/fluidIn1/flav               :             2[34m     (XML)[0m 
  KAIJU/RAIJU/fluidIn1/excessToPsph       :             T[34m     (XML)[0m 
  /Kaiju/Gamera/prob/planet               :         Earth[32m (DEFAULT)[0m 
  /Kaiju/Gamera/prob/M0                   :   2.96174E-01[32m (DEFAULT)[0m 
  /Kaiju/Gamera/prob/period               :   8.64000E+04[32m (DEFAULT)[0m 
  Calculated corotation potential [kV]:    87.6183892504483     
  /Kaiju/Gamera/prob/doCorot              :             T[32m (DEFAULT)[0m 
  KAIJU/RAIJU/grid/Nbnd                   :             4[32m (DEFAULT)[0m 
  KAIJU/RAIJU/grid/gType                  :        SHGRID[34m     (XML)[0m 
  KAIJU/RAIJU/grid/ThetaL                 :   1.50000E+01[34m     (XML)[0m 
 RAIJU theta range =    15.0000000000000        49.1066053508691     
  KAIJU/RAIJU/grid/Ng                     :             4[32m (DEFAULT)[0m 
  KAIJU/RAIJU/hax/doConstB                :             F[32m (DEFAULT)[0m 
  KAIJU/RAIJU/config/ignoreMismatch       :             F[32m (DEFAULT)[0m 
 Found spc group Species/0
  Flav:                    0
  N:                       1
  # nuc_p:                 1
  # nuc_n:                 0
  q:                       1
  spcType:                 2
  Fudge:          0.000000000000000E+000
  kStart:                  1
  kEnd:                    1
 Found spc group Species/1
  Flav:                    1
  N:                      39
  # nuc_p:                 0
  # nuc_n:                 0
  q:                      -1
  spcType:                 1
  Fudge:          0.333333333333333     
  kStart:                  2
  kEnd:                   40
 Found spc group Species/2
  Flav:                    2
  N:                     120
  # nuc_p:                 1
  # nuc_n:                 0
  q:                       1
  spcType:                 2
  Fudge:          0.000000000000000E+000
  kStart:                 41
  kEnd:                  160
           0 T
           1 F
           2 T
 ---------------
 Creating time series for Kp
 Reading data from bcwind.h5
 Finished reading data for Kp
 ---------------
  KAIJU/RAIJU/prob/IC                     :           DIP[32m (DEFAULT)[0m 
 Initializing a dipole field with XML-determined electrostatic potential and eta
  distribution
  KAIJU/RAIJU/prob/espotPreset            :         TOFFO[32m (DEFAULT)[0m 
  KAIJU/RAIJU/prob/cpcp                   :   5.00000E+01[32m (DEFAULT)[0m 
  KAIJU/RAIJU/prob/etaPreset              :          RING[32m (DEFAULT)[0m 
  KAIJU/RAIJU/prob/D                      :   1.00000E+01[32m (DEFAULT)[0m 
  KAIJU/RAIJU/prob/T                      :   3.00000E+01[32m (DEFAULT)[0m 
  KAIJU/RAIJU/prob/tiote                  :   4.00000E+00[32m (DEFAULT)[0m 
  KAIJU/RAIJU/prob/L                      :   4.00000E+00[32m (DEFAULT)[0m 
  KAIJU/RAIJU/prob/dL                     :   6.25000E-01[32m (DEFAULT)[0m 
 RAIJU initializing plasmasphere with Kp =   3.00000000000000     
  /Kaiju/RAIJU/losses/ssMult              :   1.00000E+00[32m (DEFAULT)[0m 
 Please update the XML to use output/dtCon for console output
 Instead of the no longer used output/tsOut
  KAIJU/VOLTRON/output/dtCon              :   5.00000E+00[32m (DEFAULT)[0m 
  KAIJU/VOLTRON/output/dtOut              :   5.00000E+00[34m     (XML)[0m 
  KAIJU/VOLTRON/restart/dtRes             :   1.08000E+04[34m     (XML)[0m 
  KAIJU/VOLTRON/output/doTimer            :             F[32m (DEFAULT)[0m 
  KAIJU/VOLTRON/output/doFat              :             F[32m (DEFAULT)[0m 
  KAIJU/VOLTRON/output/doSlim             :             F[32m (DEFAULT)[0m 
  KAIJU/VOLTRON/output/slimTimers         :             T[32m (DEFAULT)[0m 
  KAIJU/RAIJU/cpl/startupTscl             :   7.20000E+03[34m     (XML)[0m 
  KAIJU/RAIJU/cpl/tsclSm_dL               :   1.00000E+00[32m (DEFAULT)[0m 
  KAIJU/RAIJU/cpl/tsclSm_dMLT             :   1.00000E+00[32m (DEFAULT)[0m 
  KAIJU/RAIJU/sami3Moments/doIngest       :             T[34m     (XML)[0m 
  KAIJU/RAIJU/sami3Moments/file           :  /home/jiaoy_[34m     (XML)[0m 
  KAIJU/RAIJU/sami3Moments/group          :  /RaiCplMomen[34m     (XML)[0m 
  KAIJU/RAIJU/sami3Moments/alphaPavg      :   0.00000E+00[34m     (XML)[0m 
  KAIJU/RAIJU/sami3Moments/alphaDavg      :   5.00000E-02[34m     (XML)[0m 
  KAIJU/RAIJU/sami3Moments/alphaPstd      :   0.00000E+00[34m     (XML)[0m 
  KAIJU/RAIJU/sami3Moments/alphaDstd      :   0.00000E+00[34m     (XML)[0m 
  KAIJU/RAIJU/sami3Moments/alphaTiote     :   0.00000E+00[34m     (XML)[0m 
  KAIJU/RAIJU/sami3Moments/densityFloor   :   0.00000E+00[32m (DEFAULT)[0m 
  KAIJU/RAIJU/sami3Moments/pressureFloor  :   0.00000E+00[32m (DEFAULT)[0m 
  KAIJU/RAIJU/sami3Moments/tioteMin       :   0.00000E+00[32m (DEFAULT)[0m 
  KAIJU/RAIJU/sami3Moments/tioteMax       :   1.00000E+30[32m (DEFAULT)[0m 
  KAIJU/RAIJU/sami3Moments/abortOnNonfinit:             T[32m (DEFAULT)[0m 
  KAIJU/RAIJU/coldStarter/doCX            :             T[32m (DEFAULT)[0m 
  KAIJU/RAIJU/coldStarter/doUpdate        :             F[32m (DEFAULT)[0m 
  KAIJU/RAIJU/coldStarter/evalCadence     :   3.00000E+02[32m (DEFAULT)[0m 
  KAIJU/RAIJU/coldStarter/tEnd            :   7.20000E+03[32m (DEFAULT)[0m 
  KAIJU/RAIJU/grid/ThetaL                 :   1.50000E+01[34m     (XML)[0m 
 RAIJU theta range =    15.0000000000000        49.1066053508691     
  KAIJU/RAIJU/grid/Ng                     :             4[32m (DEFAULT)[0m 
 SAMI3 moments ingest enabled: 
 /home/jiaoy_group/jiaoy/data/MAGE1.25/kaiju_sami3_voltron_moments_20260523/anal
 ysis/sami3_voltron_raiju_diag_stubpayload_nfluid1_ds_over_B_voltron_tubeshell_l
 _mlt_lon0_bin_bvolcc_20260524.h5 group=/RaiCplMomentsOnly
 SAMI3 moments alpha Pavg/Davg/Pstd/Dstd/tiote:  0.000000000000000E+000
  5.000000000000000E-002  0.000000000000000E+000  0.000000000000000E+000
  0.000000000000000E+000
 SAMI3 moments floors density/pressure and tiote min/max:
  0.000000000000000E+000  0.000000000000000E+000  0.000000000000000E+000
  1.000000000000000E+030
 SAMI3 moments abortOnNonfinite: T
 RAIJU outputting to 
 sami3_moments_dsB_lmlt_recommended_long1800_bvolcc_cons.raiju.h5
  KAIJU/VOLTRON/coupling/doDynDT          :             F[32m (DEFAULT)[0m 
 Voltron outputting to 
 sami3_moments_dsB_lmlt_recommended_long1800_bvolcc_cons.volt.h5
  KAIJU/REMIX/conductance/euv_model_type  :         LOMPE[32m (DEFAULT)[0m 
  KAIJU/REMIX/conductance/et_model_type   :          NONE[32m (DEFAULT)[0m 
  KAIJU/REMIX/conductance/sigma_model_type:         KAE23[32m (DEFAULT)[0m 
  KAIJU/REMIX/precipitation/aurora_model_t:        LINMRG[34m     (XML)[0m 
  KAIJU/REMIX/precipitation/alpha         :   2.00000E-01[34m     (XML)[0m 
  KAIJU/REMIX/precipitation/beta          :   4.00000E-01[34m     (XML)[0m 
  KAIJU/REMIX/precipitation/R             :   8.00000E-02[32m (DEFAULT)[0m 
  KAIJU/REMIX/precipitation/doAuroralSmoot:             F[34m     (XML)[0m 
  KAIJU/REMIX/conductance/F107            :   1.20000E+02[32m (DEFAULT)[0m 
  KAIJU/REMIX/conductance/pedmin          :   2.00000E+00[32m (DEFAULT)[0m 
  KAIJU/REMIX/conductance/hallmin         :   1.00000E+00[32m (DEFAULT)[0m 
  KAIJU/REMIX/conductance/sigma_ratio     :   6.00000E+00[32m (DEFAULT)[0m 
  KAIJU/REMIX/conductance/ped0            :   1.00000E+01[32m (DEFAULT)[0m 
  KAIJU/REMIX/conductance/const_sigma     :             F[32m (DEFAULT)[0m 
  KAIJU/REMIX/conductance/doRamp          :             F[34m     (XML)[0m 
  KAIJU/REMIX/conductance/doChill         :             F[32m (DEFAULT)[0m 
  KAIJU/REMIX/conductance/doStarlight     :             T[34m     (XML)[0m 
  KAIJU/REMIX/conductance/doMR            :             F[32m (DEFAULT)[0m 
  KAIJU/REMIX/conductance/apply_cap       :             T[32m (DEFAULT)[0m 
  KAIJU/REMIX/precipitation/gamma         :   1.66667E+00[32m (DEFAULT)[0m 
  KAIJU/REMIX/conductance/doEMA           :             T[32m (DEFAULT)[0m 
  KAIJU/REMIX/conductance/doET            :             F[32m (DEFAULT)[0m 
  KAIJU/REMIX/conductance/doSWF107        :             T[32m (DEFAULT)[0m 
  KAIJU/REMIX/solver/maxitr               :           400[32m (DEFAULT)[0m 
  KAIJU/REMIX/solver/mr                   :            30[32m (DEFAULT)[0m 
  KAIJU/REMIX/solver/tol_abs              :   1.00000E-06[32m (DEFAULT)[0m 
  KAIJU/REMIX/solver/tol_rel              :   1.00000E-06[32m (DEFAULT)[0m 
  KAIJU/REMIX/solver/llbc_value           :   0.00000E+00[32m (DEFAULT)[0m 
  KAIJU/REMIX/grid/Np                     :           360[32m (DEFAULT)[0m 
  KAIJU/REMIX/grid/Nt                     :            45[32m (DEFAULT)[0m 
  KAIJU/REMIX/grid/LowLatBoundary         :   4.50000E+01[32m (DEFAULT)[0m 
  KAIJU/REMIX/grid/init_from_file         :             F[32m (DEFAULT)[0m 
  KAIJU/REMIX/output/dtOut                :   1.00000E+00[32m (DEFAULT)[0m 
  /Kaiju/gamera/restart/nRes              :             2[34m     (XML)[0m 
  KAIJU/REMIX/debug/mklmsglvl             :             0[32m (DEFAULT)[0m 
 [31m
 [0m 
 WARNING for ShellGrid with name: REMIX
 No radius provided, assuming Earth's ionosphere according to kdefs:
   1.01911227481538       Rp
  KAIJU/REMIX/conductance/euv_model_type  :         LOMPE[32m (DEFAULT)[0m 
  KAIJU/REMIX/conductance/et_model_type   :          NONE[32m (DEFAULT)[0m 
  KAIJU/REMIX/conductance/sigma_model_type:         KAE23[32m (DEFAULT)[0m 
  KAIJU/REMIX/precipitation/aurora_model_t:        LINMRG[34m     (XML)[0m 
  KAIJU/REMIX/precipitation/alpha         :   2.00000E-01[34m     (XML)[0m 
  KAIJU/REMIX/precipitation/beta          :   4.00000E-01[34m     (XML)[0m 
  KAIJU/REMIX/precipitation/R             :   8.00000E-02[32m (DEFAULT)[0m 
  KAIJU/REMIX/precipitation/doAuroralSmoot:             F[34m     (XML)[0m 
  KAIJU/REMIX/conductance/F107            :   1.20000E+02[32m (DEFAULT)[0m 
  KAIJU/REMIX/conductance/pedmin          :   2.00000E+00[32m (DEFAULT)[0m 
  KAIJU/REMIX/conductance/hallmin         :   1.00000E+00[32m (DEFAULT)[0m 
  KAIJU/REMIX/conductance/sigma_ratio     :   6.00000E+00[32m (DEFAULT)[0m 
  KAIJU/REMIX/conductance/ped0            :   1.00000E+01[32m (DEFAULT)[0m 
  KAIJU/REMIX/conductance/const_sigma     :             F[32m (DEFAULT)[0m 
  KAIJU/REMIX/conductance/doRamp          :             F[34m     (XML)[0m 
  KAIJU/REMIX/conductance/doChill         :             F[32m (DEFAULT)[0m 
  KAIJU/REMIX/conductance/doStarlight     :             T[34m     (XML)[0m 
  KAIJU/REMIX/conductance/doMR            :             F[32m (DEFAULT)[0m 
  KAIJU/REMIX/conductance/apply_cap       :             T[32m (DEFAULT)[0m 
  KAIJU/REMIX/precipitation/gamma         :   1.66667E+00[32m (DEFAULT)[0m 
  KAIJU/REMIX/conductance/doEMA           :             T[32m (DEFAULT)[0m 
  KAIJU/REMIX/conductance/doET            :             F[32m (DEFAULT)[0m 
  KAIJU/REMIX/conductance/doSWF107        :             T[32m (DEFAULT)[0m 
  KAIJU/REMIX/solver/maxitr               :           400[32m (DEFAULT)[0m 
  KAIJU/REMIX/solver/mr                   :            30[32m (DEFAULT)[0m 
  KAIJU/REMIX/solver/tol_abs              :   1.00000E-06[32m (DEFAULT)[0m 
  KAIJU/REMIX/solver/tol_rel              :   1.00000E-06[32m (DEFAULT)[0m 
  KAIJU/REMIX/solver/llbc_value           :   0.00000E+00[32m (DEFAULT)[0m 
  KAIJU/REMIX/grid/Np                     :           360[32m (DEFAULT)[0m 
  KAIJU/REMIX/grid/Nt                     :            45[32m (DEFAULT)[0m 
  KAIJU/REMIX/grid/LowLatBoundary         :   4.50000E+01[32m (DEFAULT)[0m 
  KAIJU/REMIX/grid/init_from_file         :             F[32m (DEFAULT)[0m 
  KAIJU/REMIX/output/dtOut                :   1.00000E+00[32m (DEFAULT)[0m 
  /Kaiju/gamera/restart/nRes              :             2[34m     (XML)[0m 
  KAIJU/REMIX/debug/mklmsglvl             :             0[32m (DEFAULT)[0m 
 [31m
 [0m 
 WARNING for ShellGrid with name: REMIX
 No radius provided, assuming Earth's ionosphere according to kdefs:
   1.01911227481538       Rp
 Using F10.7 =    100.000000000000     
 Using MJD0  =    52061.9583333333     
[32m<Writing HDF5 DATA @ t = -5.00E+00 [sec] >[0m 
 Overwriting group 
 sami3_moments_dsB_lmlt_recommended_long1800_bvolcc_cons.gam.h5/Step#0
  KAIJU/CHIMP/domain/rClosed              :   2.25000E+00[32m (DEFAULT)[0m 
 ------------
 CHIMP Units
 inTScl =    2997.92458000000     
 inBScl =    17.0931245918848     
 inVScl =   3.335640951981520E-004
 ------------
  KAIJU/CHIMP/interp/wgt                  :           TSC[32m (DEFAULT)[0m 
  KAIJU/CHIMP/tracer/epsds                :   5.00000E-02[34m     (XML)[0m 
  KAIJU/CHIMP/tracer/doDip                :             F[32m (DEFAULT)[0m 
  KAIJU/CHIMP/streamline/steptype         :          MAGE[32m (DEFAULT)[0m 
  KAIJU/CHIMP/streamline/bMin_C           :   1.00000E-12[32m (DEFAULT)[0m 
<Grid size = (48,48,64)>
  KAIJU/CHIMP/fields/grType               :           LFM[34m     (XML)[0m 
 <Grid type = LFM>
 Doing grid calculations ...
 Finished grid calculations
 Initializing LFM locator
  KAIJU/CHIMP/domain/rmin                 :   1.01911E+00[32m (DEFAULT)[0m 
  KAIJU/CHIMP/domain/rmax                 :   2.69493E+01[32m (DEFAULT)[0m 
  KAIJU/CHIMP/domain/dtype                :          MAGE[34m     (XML)[0m 
 Using MAGE inDomain
  KAIJU/CHIMP/domain/xSun                 :   2.00000E+01[32m (DEFAULT)[0m 
  KAIJU/CHIMP/domain/xTail                :  -5.00000E+01[32m (DEFAULT)[0m 
  KAIJU/CHIMP/domain/yzMax                :   4.00000E+01[32m (DEFAULT)[0m 
  KAIJU/CHIMP/domain/gtype                :           LFM[32m (DEFAULT)[0m 
 Using spherical inGap
  KAIJU/CHIMP/domain/rgap                 :   2.81609E+00[32m (DEFAULT)[0m 
 MAXTUBESIZE =         5000
 [32m
 ---------------
 Kaiju configuration
Git branch = HEAD
Git hash   = 9e19bfc
Compiler   = Intel(R) Fortran Intel(R) 64 Compiler Classic for applications running on Intel(R) 64, Version 2021.10.0 Build 20230609_000000
Run starting on: Mon May 25 16:27:06 2026
 ---------------
[0m  [36m
 GAMERA
      Time = -5.00E+00 [sec]
        ts =        0
        dt =  1.19E-01 [sec]
    dt/dt0 =  100.000%
    Spent     0.0% of time waiting for Voltron
[0m       CPCP =    0.052   0.052 [kV, N/S]
 [34m
 VOLTRON
      UT   = 2001-06-01 22:59:55
      tilt =    0.000 [deg]
    Sym-H  =   -5.000 [nT]
    BSDst  ~    7.607 [nT]
           dSMRs  ~     0.24   -0.08   -0.08   -0.08 [nT, 12/18/00/06]
   Spent     0.0% of time waiting for Gamera
             0.0% of time processing Chimp(Helpers)
             0.0% of time processing IMAG
             0.0% of time processing Remix
             0.0% of time processing Tubes(Helpers)
             0.0% of time writing files
[0m [32m<Writing HDF5 DATA @ t = -5.00E+00 [sec] >[0m 
 Overwriting group 
 sami3_moments_dsB_lmlt_recommended_long1800_bvolcc_cons.gam.h5/Step#0
[32m<Writing RAIJU HDF5 DATA @ t =  0.00E+00 [sec] >[0m 
 SAMI3 moments ingest applied after RAIJU realtime pack: 
 /home/jiaoy_group/jiaoy/data/MAGE1.25/kaiju_sami3_voltron_moments_20260523/anal
 ysis/sami3_voltron_raiju_diag_stubpayload_nfluid1_ds_over_B_voltron_tubeshell_l
 _mlt_lon0_bin_bvolcc_20260524.h5 group=/RaiCplMomentsOnly
 SAMI3 moments Pavg(0) min/max:  0.000000000000000E+000  4.578137400972702E-003
 SAMI3 moments Davg(0) min/max:  0.000000000000000E+000   887.748730468750     
 SAMI3 moments tiote min/max:   1.00000000000000        4.00000000000000     
 SAMI3 moments valid mask counts Pavg/Davg/Pstd/Dstd/tiote:        5940
        5940        5940        5940        5940
 RAIJU Cold starting...
  Real Dst             :   -5.00
  Model Dst            :    7.70
  Target DPS-Dst       :  -12.70
  Hot proton pre-loss  :  -28.73
            post-loss  :  -20.08
         post-rescale  :  -12.70
  Hot electron DPS-Dst :   -5.06
 RAIJU initializing plasmasphere with Kp =   3.00000000000000     
 [36m
 GAMERA
      Time =  1.17E-01 [sec]
        ts =       43
        dt =  1.19E-01 [sec]
    dt/dt0 =   99.907%
    Spent     0.0% of time waiting for Voltron
[0m       CPCP =    2.423   2.423 [kV, N/S]
 [34m
 VOLTRON
      UT   = 2001-06-01 23:00:00
      tilt =    0.000 [deg]
    Sym-H  =   -5.000 [nT]
    BSDst  ~    7.671 [nT]
           dSMRs  ~     0.25   -0.08   -0.09   -0.08 [nT, 12/18/00/06]
   DPSDst  ~   -5.801 [nT]
   Spent     4.5% of time waiting for Gamera
             2.2% of time processing Chimp(Helpers)
             3.3% of time processing IMAG
             2.2% of time processing Remix
             3.7% of time processing Tubes(Helpers)
             0.0% of time writing files
    Running @    2.383% of real-time (8 threads)
[0m  [35m
 RAIJU
      UT   = 2001-06-01 23:00:05
      Time =  5.00E+00 [sec]
     dtCpl =  5.00E+00 [sec]
     Max/Min dt @ k:
        Max    2.554 [min] @ 53
        Min 1.38E-01 [sec] @ 160
     Flav : max Press/Den @ L,MLT; DPS-dst
        0: P =   0.00, D =9075.91 @  1.54 Rp,12.07 MLT; DPS:   0.00
        1: P =   1.03, D =   0.44 @  4.00 Rp,15.69 MLT; DPS:  -2.01
        2: P =   2.67, D =   0.40 @  4.00 Rp,15.51 MLT; DPS:  -5.13
[0m [32m<Writing HDF5 DATA @ t =  1.17E-01 [sec] >[0m 
 Overwriting group 
 sami3_moments_dsB_lmlt_recommended_long1800_bvolcc_cons.gamCpl.h5/Step#1
[32m<Writing RAIJU HDF5 DATA @ t =  5.00E+00 [sec] >[0m 
[32m<Writing HDF5 RESTART @ t =  1.17E-01 [sec] >[0m 
[32m<Writing RAIJU HDF5 RESTART @ t =  5.00E+00 [sec] >[0m 
 [36m
 GAMERA
      Time =  5.01E+00 [sec]
        ts =       83
        dt =  1.25E-01 [sec]
    dt/dt0 =  104.655%
    Spent     0.0% of time waiting for Voltron
      kZCs =   3450.47 /    996.44 [MHD/TOT] (8 threads)
[0m       CPCP =    3.074   3.074 [kV, N/S]
 [34m
 VOLTRON
      UT   = 2001-06-01 23:00:05
      tilt =    0.000 [deg]
    Sym-H  =   -5.000 [nT]
    BSDst  ~    7.696 [nT]
           dSMRs  ~     0.26   -0.08   -0.09   -0.08 [nT, 12/18/00/06]
   DPSDst  ~   -5.680 [nT]
   Spent     8.8% of time waiting for Gamera
             4.4% of time processing Chimp(Helpers)
             4.2% of time processing IMAG
             3.9% of time processing Remix
             7.5% of time processing Tubes(Helpers)
             0.0% of time writing files
    Running @    4.801% of real-time (8 threads)
[0m  [35m
 RAIJU
      UT   = 2001-06-01 23:00:10
      Time =  1.00E+01 [sec]
     dtCpl =  5.00E+00 [sec]
     Max/Min dt @ k:
        Max    2.700 [min] @ 53
        Min 1.38E-01 [sec] @ 160
     Flav : max Press/Den @ L,MLT; DPS-dst
        0: P =   0.00, D =9075.91 @  1.54 Rp,12.07 MLT; DPS:   0.00
        1: P =   1.00, D =   0.47 @  4.16 Rp,16.22 MLT; DPS:  -1.98
        2: P =   2.67, D =   0.40 @  3.96 Rp,15.47 MLT; DPS:  -5.13
[0m [32m<Writing HDF5 DATA @ t =  5.01E+00 [sec] >[0m 
[32m<Writing RAIJU HDF5 DATA @ t =  1.00E+01 [sec] >[0m 
 [36m
 GAMERA
      Time =  1.00E+01 [sec]
        ts =      123
        dt =  1.27E-01 [sec]
    dt/dt0 =  106.441%
    Spent     0.0% of time waiting for Voltron
      kZCs =   3446.24 /    983.48 [MHD/TOT] (8 threads)
[0m       CPCP =    3.294   3.295 [kV, N/S]
 [34m
 VOLTRON
      UT   = 2001-06-01 23:00:10
      tilt =    0.000 [deg]
    Sym-H  =   -5.000 [nT]
    BSDst  ~    7.714 [nT]
           dSMRs  ~     0.28   -0.11   -0.06   -0.11 [nT, 12/18/00/06]
   DPSDst  ~   -5.659 [nT]
   Spent    12.3% of time waiting for Gamera
             6.2% of time processing Chimp(Helpers)
             5.0% of time processing IMAG
             5.5% of time processing Remix
            10.7% of time processing Tubes(Helpers)
             0.0% of time writing files
    Running @    7.346% of real-time (8 threads)
[0m  [35m
 RAIJU
      UT   = 2001-06-01 23:00:15
      Time =  1.50E+01 [sec]
     dtCpl =  5.00E+00 [sec]
     Max/Min dt @ k:
        Max    2.652 [min] @ 53
        Min 1.38E-01 [sec] @ 160
     Flav : max Press/Den @ L,MLT; DPS-dst
        0: P =   0.00, D =9075.91 @  1.54 Rp,12.07 MLT; DPS:   0.00
        1: P =   0.98, D =   0.46 @  4.16 Rp,16.22 MLT; DPS:  -1.95
        2: P =   2.68, D =   0.40 @  3.96 Rp,15.46 MLT; DPS:  -5.13
[0m [32m<Writing HDF5 DATA @ t =  1.00E+01 [sec] >[0m 
[32m<Writing RAIJU HDF5 DATA @ t =  1.50E+01 [sec] >[0m 
 [36m
 GAMERA
      Time =  1.50E+01 [sec]
        ts =      162
        dt =  1.28E-01 [sec]
    dt/dt0 =  107.155%
    Spent     0.0% of time waiting for Voltron
      kZCs =   3447.30 /    960.21 [MHD/TOT] (8 threads)
[0m       CPCP =    3.267   3.268 [kV, N/S]
 [34m
 VOLTRON
      UT   = 2001-06-01 23:00:15
      tilt =    0.000 [deg]
    Sym-H  =   -5.000 [nT]
    BSDst  ~    7.696 [nT]
           dSMRs  ~     0.28   -0.11   -0.05   -0.12 [nT, 12/18/00/06]
   DPSDst  ~   -5.639 [nT]
   Spent    15.2% of time waiting for Gamera
             7.8% of time processing Chimp(Helpers)
             5.6% of time processing IMAG
             7.1% of time processing Remix
            13.3% of time processing Tubes(Helpers)
             0.0% of time writing files
    Running @    9.772% of real-time (8 threads)
[0m  [35m
 RAIJU
      UT   = 2001-06-01 23:00:20
      Time =  2.00E+01 [sec]
     dtCpl =  5.00E+00 [sec]
     Max/Min dt @ k:
        Max    2.519 [min] @ 53
        Min 1.38E-01 [sec] @ 160
     Flav : max Press/Den @ L,MLT; DPS-dst
        0: P =   0.00, D =9075.91 @  1.54 Rp,12.07 MLT; DPS:   0.00
        1: P =   0.95, D =   0.45 @  4.21 Rp,16.26 MLT; DPS:  -1.93
        2: P =   2.67, D =   0.40 @  3.96 Rp,15.46 MLT; DPS:  -5.13
[0m [32m<Writing HDF5 DATA @ t =  1.50E+01 [sec] >[0m 
[32m<Writing RAIJU HDF5 DATA @ t =  2.00E+01 [sec] >[0m 
 [36m
 GAMERA
      Time =  2.01E+01 [sec]
        ts =      202
        dt =  1.28E-01 [sec]
    dt/dt0 =  107.571%
    Spent     0.0% of time waiting for Voltron
      kZCs =   3443.22 /    968.64 [MHD/TOT] (8 threads)
[0m       CPCP =    3.125   3.127 [kV, N/S]
 [34m
 VOLTRON
      UT   = 2001-06-01 23:00:20
      tilt =    0.000 [deg]
    Sym-H  =   -5.000 [nT]
    BSDst  ~    7.793 [nT]
           dSMRs  ~     0.28   -0.12   -0.03   -0.13 [nT, 12/18/00/06]
   DPSDst  ~   -5.620 [nT]
   Spent    17.7% of time waiting for Gamera
             9.1% of time processing Chimp(Helpers)
             6.1% of time processing IMAG
             8.6% of time processing Remix
            15.3% of time processing Tubes(Helpers)
             0.0% of time writing files
    Running @   12.154% of real-time (8 threads)
[0m  [35m
 RAIJU
      UT   = 2001-06-01 23:00:25
      Time =  2.50E+01 [sec]
     dtCpl =  5.00E+00 [sec]
     Max/Min dt @ k:
        Max    2.551 [min] @ 53
        Min 1.38E-01 [sec] @ 160
     Flav : max Press/Den @ L,MLT; DPS-dst
        0: P =   0.00, D =9075.91 @  1.54 Rp,12.07 MLT; DPS:   0.00
        1: P =   0.93, D =   0.45 @  4.21 Rp,16.26 MLT; DPS:  -1.90
        2: P =   2.67, D =   0.40 @  3.96 Rp,15.47 MLT; DPS:  -5.13
[0m [32m<Writing HDF5 DATA @ t =  2.01E+01 [sec] >[0m 
[32m<Writing RAIJU HDF5 DATA @ t =  2.50E+01 [sec] >[0m 
 [36m
 GAMERA
      Time =  2.51E+01 [sec]
        ts =      241
        dt =  1.28E-01 [sec]
    dt/dt0 =  107.835%
    Spent     0.0% of time waiting for Voltron
      kZCs =   3447.51 /    949.30 [MHD/TOT] (8 threads)
[0m       CPCP =    2.992   2.994 [kV, N/S]
 [34m
 VOLTRON
      UT   = 2001-06-01 23:00:25
      tilt =    0.000 [deg]
    Sym-H  =   -5.000 [nT]
    BSDst  ~    7.815 [nT]
           dSMRs  ~     0.26   -0.10   -0.06   -0.10 [nT, 12/18/00/06]
   DPSDst  ~   -5.628 [nT]
   Spent    19.7% of time waiting for Gamera
            10.1% of time processing Chimp(Helpers)
             6.5% of time processing IMAG
             9.9% of time processing Remix
            17.1% of time processing Tubes(Helpers)
             0.0% of time writing files
    Running @   14.396% of real-time (8 threads)
[0m  [35m
 RAIJU
      UT   = 2001-06-01 23:00:30
      Time =  3.00E+01 [sec]
     dtCpl =  5.00E+00 [sec]
     Max/Min dt @ k:
        Max    2.423 [min] @ 53
        Min 1.38E-01 [sec] @ 160
     Flav : max Press/Den @ L,MLT; DPS-dst
        0: P =   0.00, D =9075.91 @  1.54 Rp,12.07 MLT; DPS:   0.00
        1: P =   0.90, D =   0.44 @  4.21 Rp,16.27 MLT; DPS:  -1.88
        2: P =   2.66, D =   0.40 @  3.96 Rp,15.47 MLT; DPS:  -5.13
[0m [32m<Writing HDF5 DATA @ t =  2.51E+01 [sec] >[0m 
[32m<Writing RAIJU HDF5 DATA @ t =  3.00E+01 [sec] >[0m 
 [36m
 GAMERA
      Time =  3.01E+01 [sec]
        ts =      280
        dt =  1.29E-01 [sec]
    dt/dt0 =  108.024%
    Spent     0.0% of time waiting for Voltron
      kZCs =   3445.03 /    953.74 [MHD/TOT] (8 threads)
[0m       CPCP =    2.944   2.947 [kV, N/S]
 [34m
 VOLTRON
      UT   = 2001-06-01 23:00:30
      tilt =    0.000 [deg]
    Sym-H  =   -5.000 [nT]
    BSDst  ~    7.698 [nT]
           dSMRs  ~     0.25   -0.11   -0.03   -0.11 [nT, 12/18/00/06]
   DPSDst  ~   -5.599 [nT]
   Spent    21.4% of time waiting for Gamera
            11.1% of time processing Chimp(Helpers)
             6.9% of time processing IMAG
            11.0% of time processing Remix
            18.6% of time processing Tubes(Helpers)
             0.0% of time writing files
    Running @   16.609% of real-time (8 threads)
[0m  [35m
 RAIJU
      UT   = 2001-06-01 23:00:35
      Time =  3.50E+01 [sec]
     dtCpl =  5.00E+00 [sec]
     Max/Min dt @ k:
        Max    2.416 [min] @ 53
        Min 1.38E-01 [sec] @ 160
     Flav : max Press/Den @ L,MLT; DPS-dst
        0: P =   0.00, D =9075.91 @  1.54 Rp,12.07 MLT; DPS:   0.00
        1: P =   0.88, D =   0.43 @  4.21 Rp, 9.13 MLT; DPS:  -1.86
        2: P =   2.66, D =   0.40 @  3.96 Rp,15.47 MLT; DPS:  -5.14
[0m [32m<Writing HDF5 DATA @ t =  3.01E+01 [sec] >[0m 
[32m<Writing RAIJU HDF5 DATA @ t =  3.50E+01 [sec] >[0m 
 [36m
 GAMERA
      Time =  3.50E+01 [sec]
        ts =      318
        dt =  1.29E-01 [sec]
    dt/dt0 =  108.147%
    Spent     0.0% of time waiting for Voltron
      kZCs =   3446.08 /    940.23 [MHD/TOT] (8 threads)
[0m       CPCP =    2.866   2.873 [kV, N/S]
 [34m
 VOLTRON
      UT   = 2001-06-01 23:00:35
      tilt =    0.000 [deg]
    Sym-H  =   -5.000 [nT]
    BSDst  ~    7.525 [nT]
           dSMRs  ~     0.29   -0.12   -0.05   -0.12 [nT, 12/18/00/06]
   DPSDst  ~   -5.553 [nT]
   Spent    22.8% of time waiting for Gamera
            11.9% of time processing Chimp(Helpers)
             7.2% of time processing IMAG
            11.9% of time processing Remix
            19.9% of time processing Tubes(Helpers)
             0.0% of time writing files
    Running @   18.715% of real-time (8 threads)
[0m  [35m
 RAIJU
      UT   = 2001-06-01 23:00:40
      Time =  4.00E+01 [sec]
     dtCpl =  5.00E+00 [sec]
     Max/Min dt @ k:
        Max    2.201 [min] @ 54
        Min 1.38E-01 [sec] @ 160
     Flav : max Press/Den @ L,MLT; DPS-dst
        0: P =   0.00, D =9075.91 @  1.54 Rp,12.07 MLT; DPS:   0.00
        1: P =   0.86, D =   0.43 @  4.21 Rp, 9.13 MLT; DPS:  -1.83
        2: P =   2.66, D =   0.40 @  3.96 Rp,15.47 MLT; DPS:  -5.13
[0m [32m<Writing HDF5 DATA @ t =  3.50E+01 [sec] >[0m 
[32m<Writing RAIJU HDF5 DATA @ t =  4.00E+01 [sec] >[0m 
 [36m
 GAMERA
      Time =  4.00E+01 [sec]
        ts =      357
        dt =  1.29E-01 [sec]
    dt/dt0 =  108.236%
    Spent     0.0% of time waiting for Voltron
      kZCs =   3446.89 /    958.40 [MHD/TOT] (8 threads)
[0m       CPCP =    2.821   2.830 [kV, N/S]
 [34m
 VOLTRON
      UT   = 2001-06-01 23:00:40
      tilt =    0.000 [deg]
    Sym-H  =   -5.000 [nT]
    BSDst  ~    7.388 [nT]
           dSMRs  ~     0.31   -0.13   -0.06   -0.12 [nT, 12/18/00/06]
   DPSDst  ~   -5.552 [nT]
   Spent    24.1% of time waiting for Gamera
            12.5% of time processing Chimp(Helpers)
             7.4% of time processing IMAG
            12.7% of time processing Remix
            21.0% of time processing Tubes(Helpers)
             0.0% of time writing files
    Running @   20.806% of real-time (8 threads)
[0m  [35m
 RAIJU
      UT   = 2001-06-01 23:00:45
      Time =  4.50E+01 [sec]
     dtCpl =  5.00E+00 [sec]
     Max/Min dt @ k:
        Max    2.107 [min] @ 54
        Min 1.38E-01 [sec] @ 160
     Flav : max Press/Den @ L,MLT; DPS-dst
        0: P =   0.00, D =9075.91 @  1.54 Rp,12.07 MLT; DPS:   0.00
        1: P =   0.84, D =   0.42 @  4.21 Rp, 9.00 MLT; DPS:  -1.81
        2: P =   2.66, D =   0.40 @  3.96 Rp,15.47 MLT; DPS:  -5.14
[0m [32m<Writing HDF5 DATA @ t =  4.00E+01 [sec] >[0m 
[32m<Writing RAIJU HDF5 DATA @ t =  4.50E+01 [sec] >[0m 
 [36m
 GAMERA
      Time =  4.51E+01 [sec]
        ts =      396
        dt =  1.29E-01 [sec]
    dt/dt0 =  108.298%
    Spent     0.0% of time waiting for Voltron
      kZCs =   3448.33 /    962.44 [MHD/TOT] (8 threads)
[0m       CPCP =    2.899   2.888 [kV, N/S]
 [34m
 VOLTRON
      UT   = 2001-06-01 23:00:45
      tilt =    0.000 [deg]
    Sym-H  =   -5.000 [nT]
    BSDst  ~    7.281 [nT]
           dSMRs  ~     0.30   -0.13   -0.05   -0.13 [nT, 12/18/00/06]
   DPSDst  ~   -5.549 [nT]
   Spent    25.1% of time waiting for Gamera
            13.1% of time processing Chimp(Helpers)
             7.7% of time processing IMAG
            13.3% of time processing Remix
            21.9% of time processing Tubes(Helpers)
             0.0% of time writing files
    Running @   22.841% of real-time (8 threads)
[0m  [35m
 RAIJU
      UT   = 2001-06-01 23:00:50
      Time =  5.00E+01 [sec]
     dtCpl =  5.00E+00 [sec]
     Max/Min dt @ k:
        Max    1.925 [min] @ 54
        Min 1.38E-01 [sec] @ 160
     Flav : max Press/Den @ L,MLT; DPS-dst
        0: P =   0.00, D =9075.91 @  1.54 Rp,12.07 MLT; DPS:   0.00
        1: P =   0.81, D =   0.41 @  4.21 Rp, 2.20 MLT; DPS:  -1.80
        2: P =   2.65, D =   0.40 @  3.96 Rp,15.47 MLT; DPS:  -5.16
[0m [32m<Writing HDF5 DATA @ t =  4.51E+01 [sec] >[0m 
[32m<Writing RAIJU HDF5 DATA @ t =  5.00E+01 [sec] >[0m 
 [36m
 GAMERA
      Time =  5.01E+01 [sec]
        ts =      435
        dt =  1.27E-01 [sec]
    dt/dt0 =  106.793%
    Spent     0.0% of time waiting for Voltron
      kZCs =   3446.89 /    962.39 [MHD/TOT] (8 threads)
[0m       CPCP =    2.995   2.972 [kV, N/S]
 [34m
 VOLTRON
      UT   = 2001-06-01 23:00:50
      tilt =    0.000 [deg]
    Sym-H  =   -5.000 [nT]
    BSDst  ~    7.111 [nT]
           dSMRs  ~     0.27   -0.13   -0.01   -0.13 [nT, 12/18/00/06]
   DPSDst  ~   -5.539 [nT]
   Spent    26.1% of time waiting for Gamera
            13.5% of time processing Chimp(Helpers)
             7.8% of time processing IMAG
            13.8% of time processing Remix
            22.7% of time processing Tubes(Helpers)
             0.0% of time writing files
    Running @   24.798% of real-time (8 threads)
[0m  [35m
 RAIJU
      UT   = 2001-06-01 23:00:55
      Time =  5.50E+01 [sec]
     dtCpl =  5.00E+00 [sec]
     Max/Min dt @ k:
        Max    1.838 [min] @ 54
        Min 1.38E-01 [sec] @ 160
     Flav : max Press/Den @ L,MLT; DPS-dst
        0: P =   0.00, D =9075.91 @  1.54 Rp,12.07 MLT; DPS:   0.00
        1: P =   0.79, D =   0.40 @  4.21 Rp, 2.20 MLT; DPS:  -1.78
        2: P =   2.65, D =   0.40 @  3.96 Rp,15.47 MLT; DPS:  -5.18
[0m [32m<Writing HDF5 DATA @ t =  5.01E+01 [sec] >[0m 
[32m<Writing RAIJU HDF5 DATA @ t =  5.50E+01 [sec] >[0m 
 [36m
 GAMERA
      Time =  5.51E+01 [sec]
        ts =      475
        dt =  1.24E-01 [sec]
    dt/dt0 =  104.306%
    Spent     0.0% of time waiting for Voltron
      kZCs =   3449.46 /    983.04 [MHD/TOT] (8 threads)
[0m       CPCP =    3.170   3.148 [kV, N/S]
 [34m
 VOLTRON
      UT   = 2001-06-01 23:00:55
      tilt =    0.000 [deg]
    Sym-H  =   -5.000 [nT]
    BSDst  ~    6.903 [nT]
           dSMRs  ~     0.26   -0.13    0.00   -0.13 [nT, 12/18/00/06]
   DPSDst  ~   -5.534 [nT]
   Spent    26.9% of time waiting for Gamera
            13.9% of time processing Chimp(Helpers)
             8.0% of time processing IMAG
            14.3% of time processing Remix
            23.2% of time processing Tubes(Helpers)
             0.0% of time writing files
    Running @   26.691% of real-time (8 threads)
[0m  [35m
 RAIJU
      UT   = 2001-06-01 23:00:59
      Time =  6.00E+01 [sec]
     dtCpl =  5.00E+00 [sec]
     Max/Min dt @ k:
        Max    1.777 [min] @ 54
        Min 1.38E-01 [sec] @ 160
     Flav : max Press/Den @ L,MLT; DPS-dst
        0: P =   0.00, D =9075.91 @  1.54 Rp,12.07 MLT; DPS:   0.00
        1: P =   0.77, D =   0.40 @  4.21 Rp, 2.20 MLT; DPS:  -1.77
        2: P =   2.65, D =   0.40 @  3.96 Rp,15.47 MLT; DPS:  -5.19
[0m [32m<Writing HDF5 DATA @ t =  5.51E+01 [sec] >[0m 
[32m<Writing RAIJU HDF5 DATA @ t =  6.00E+01 [sec] >[0m 
 [36m
 GAMERA
      Time =     1.001 [min]
        ts =      515
        dt =  1.23E-01 [sec]
    dt/dt0 =  102.934%
    Spent     0.0% of time waiting for Voltron
      kZCs =   3448.25 /    986.82 [MHD/TOT] (8 threads)
[0m       CPCP =    3.336   3.313 [kV, N/S]
 [34m
 VOLTRON
      UT   = 2001-06-01 23:01:00
      tilt =    0.000 [deg]
    Sym-H  =   -5.000 [nT]
    BSDst  ~    6.674 [nT]
           dSMRs  ~     0.25   -0.14    0.02   -0.13 [nT, 12/18/00/06]
   DPSDst  ~   -5.530 [nT]
   Spent    27.7% of time waiting for Gamera
            14.2% of time processing Chimp(Helpers)
             8.1% of time processing IMAG
            14.6% of time processing Remix
            23.7% of time processing Tubes(Helpers)
             0.0% of time writing files
    Running @   28.479% of real-time (8 threads)
[0m  [35m
 RAIJU
      UT   = 2001-06-01 23:01:05
      Time =     1.083 [min]
     dtCpl =  5.00E+00 [sec]
     Max/Min dt @ k:
        Max    1.751 [min] @ 54
        Min 1.38E-01 [sec] @ 160
     Flav : max Press/Den @ L,MLT; DPS-dst
        0: P =   0.00, D =9075.91 @  1.54 Rp,12.07 MLT; DPS:   0.00
        1: P =   0.75, D =   0.39 @  4.21 Rp,23.00 MLT; DPS:  -1.75
        2: P =   2.64, D =   0.40 @  3.96 Rp,15.47 MLT; DPS:  -5.20
[0m [32m<Writing HDF5 DATA @ t =     1.001 [min] >[0m 
[32m<Writing RAIJU HDF5 DATA @ t =     1.083 [min] >[0m 
 [36m
 GAMERA
      Time =     1.084 [min]
        ts =      556
        dt =  1.23E-01 [sec]
    dt/dt0 =  102.928%
    Spent     0.0% of time waiting for Voltron
      kZCs =   3449.16 /   1007.72 [MHD/TOT] (8 threads)
[0m       CPCP =    3.540   3.523 [kV, N/S]
 [34m
 VOLTRON
      UT   = 2001-06-01 23:01:05
      tilt =    0.000 [deg]
    Sym-H  =   -5.000 [nT]
    BSDst  ~    6.475 [nT]
           dSMRs  ~     0.25   -0.14    0.03   -0.14 [nT, 12/18/00/06]
   DPSDst  ~   -5.516 [nT]
   Spent    28.5% of time waiting for Gamera
            14.5% of time processing Chimp(Helpers)
             8.2% of time processing IMAG
            14.9% of time processing Remix
            24.1% of time processing Tubes(Helpers)
             0.0% of time writing files
    Running @   30.239% of real-time (8 threads)
[0m  [35m
 RAIJU
      UT   = 2001-06-01 23:01:10
      Time =     1.167 [min]
     dtCpl =  5.00E+00 [sec]
     Max/Min dt @ k:
        Max    1.773 [min] @ 54
        Min 1.38E-01 [sec] @ 160
     Flav : max Press/Den @ L,MLT; DPS-dst
        0: P =   0.00, D =9075.91 @  1.54 Rp,12.07 MLT; DPS:   0.00
        1: P =   0.74, D =   0.38 @  4.21 Rp,23.00 MLT; DPS:  -1.74
        2: P =   2.64, D =   0.40 @  3.97 Rp, 0.20 MLT; DPS:  -5.22
[0m [32m<Writing HDF5 DATA @ t =     1.084 [min] >[0m 
[32m<Writing RAIJU HDF5 DATA @ t =     1.167 [min] >[0m 
 [36m
 GAMERA
      Time =     1.169 [min]
        ts =      597
        dt =  1.24E-01 [sec]
    dt/dt0 =  104.372%
    Spent     0.0% of time waiting for Voltron
      kZCs =   3449.56 /   1011.00 [MHD/TOT] (8 threads)
[0m       CPCP =    3.637   3.620 [kV, N/S]
 [34m
 VOLTRON
      UT   = 2001-06-01 23:01:10
      tilt =    0.000 [deg]
    Sym-H  =   -5.000 [nT]
    BSDst  ~    6.301 [nT]
           dSMRs  ~     0.25   -0.13    0.02   -0.13 [nT, 12/18/00/06]
   DPSDst  ~   -5.507 [nT]
   Spent    29.1% of time waiting for Gamera
            14.7% of time processing Chimp(Helpers)
             8.3% of time processing IMAG
            15.1% of time processing Remix
            24.3% of time processing Tubes(Helpers)
             0.0% of time writing files
    Running @   31.981% of real-time (8 threads)
[0m  [35m
 RAIJU
      UT   = 2001-06-01 23:01:15
      Time =     1.250 [min]
     dtCpl =  5.00E+00 [sec]
     Max/Min dt @ k:
        Max    1.763 [min] @ 54
        Min 1.38E-01 [sec] @ 160
     Flav : max Press/Den @ L,MLT; DPS-dst
        0: P =   0.00, D =9075.91 @  1.54 Rp,12.07 MLT; DPS:   0.00
        1: P =   0.72, D =   0.38 @  4.21 Rp, 1.00 MLT; DPS:  -1.72
        2: P =   2.64, D =   0.40 @  3.97 Rp, 0.20 MLT; DPS:  -5.23
[0m [32m<Writing HDF5 DATA @ t =     1.169 [min] >[0m 
[32m<Writing RAIJU HDF5 DATA @ t =     1.250 [min] >[0m 
 [36m
 GAMERA
      Time =     1.251 [min]
        ts =      637
        dt =  1.24E-01 [sec]
    dt/dt0 =  103.939%
    Spent     0.0% of time waiting for Voltron
      kZCs =   3447.05 /    996.41 [MHD/TOT] (8 threads)
[0m       CPCP =    3.672   3.648 [kV, N/S]
 [34m
 VOLTRON
      UT   = 2001-06-01 23:01:15
      tilt =    0.000 [deg]
    Sym-H  =   -5.000 [nT]
    BSDst  ~    6.161 [nT]
           dSMRs  ~     0.25   -0.13    0.00   -0.12 [nT, 12/18/00/06]
   DPSDst  ~   -5.509 [nT]
   Spent    29.6% of time waiting for Gamera
            14.9% of time processing Chimp(Helpers)
             8.4% of time processing IMAG
            15.3% of time processing Remix
            24.6% of time processing Tubes(Helpers)
             0.0% of time writing files
    Running @   33.621% of real-time (8 threads)
[0m  [35m
 RAIJU
      UT   = 2001-06-01 23:01:20
      Time =     1.333 [min]
     dtCpl =  5.00E+00 [sec]
     Max/Min dt @ k:
        Max    1.761 [min] @ 54
        Min 1.38E-01 [sec] @ 160
     Flav : max Press/Den @ L,MLT; DPS-dst
        0: P =   0.00, D =9075.91 @  1.54 Rp,12.07 MLT; DPS:   0.00
        1: P =   0.70, D =   0.37 @  4.21 Rp,21.00 MLT; DPS:  -1.71
        2: P =   2.64, D =   0.40 @  3.97 Rp, 0.20 MLT; DPS:  -5.24
[0m [32m<Writing HDF5 DATA @ t =     1.251 [min] >[0m 
[32m<Writing RAIJU HDF5 DATA @ t =     1.333 [min] >[0m 
 [36m
 GAMERA
      Time =     1.334 [min]
        ts =      677
        dt =  1.23E-01 [sec]
    dt/dt0 =  103.537%
    Spent     0.0% of time waiting for Voltron
      kZCs =   3448.86 /   1000.04 [MHD/TOT] (8 threads)
[0m       CPCP =    3.840   3.768 [kV, N/S]
 [34m
 VOLTRON
      UT   = 2001-06-01 23:01:20
      tilt =    0.000 [deg]
    Sym-H  =   -5.000 [nT]
    BSDst  ~    6.051 [nT]
           dSMRs  ~     0.25   -0.13    0.01   -0.13 [nT, 12/18/00/06]
   DPSDst  ~   -5.510 [nT]
   Spent    30.0% of time waiting for Gamera
            15.1% of time processing Chimp(Helpers)
             8.5% of time processing IMAG
            15.4% of time processing Remix
            24.9% of time processing Tubes(Helpers)
             0.0% of time writing files
    Running @   35.212% of real-time (8 threads)
[0m  [35m
 RAIJU
      UT   = 2001-06-01 23:01:25
      Time =     1.417 [min]
     dtCpl =  5.00E+00 [sec]
     Max/Min dt @ k:
        Max    1.738 [min] @ 54
        Min 1.38E-01 [sec] @ 160
     Flav : max Press/Den @ L,MLT; DPS-dst
        0: P =   0.00, D =9075.91 @  1.54 Rp,12.07 MLT; DPS:   0.00
        1: P =   0.69, D =   0.37 @  4.22 Rp,11.93 MLT; DPS:  -1.70
        2: P =   2.66, D =   0.40 @  3.97 Rp,12.20 MLT; DPS:  -5.26
[0m [32m<Writing HDF5 DATA @ t =     1.334 [min] >[0m 
[32m<Writing RAIJU HDF5 DATA @ t =     1.417 [min] >[0m 
 [36m
 GAMERA
      Time =     1.418 [min]
        ts =      718
        dt =  1.22E-01 [sec]
    dt/dt0 =  102.801%
    Spent     0.0% of time waiting for Voltron
      kZCs =   3447.59 /   1015.88 [MHD/TOT] (8 threads)
[0m       CPCP =    4.053   4.044 [kV, N/S]
 [34m
 VOLTRON
      UT   = 2001-06-01 23:01:25
      tilt =    0.000 [deg]
    Sym-H  =   -5.000 [nT]
    BSDst  ~    5.895 [nT]
           dSMRs  ~     0.17   -0.10    0.04   -0.10 [nT, 12/18/00/06]
   DPSDst  ~   -5.512 [nT]
   Spent    30.5% of time waiting for Gamera
            15.3% of time processing Chimp(Helpers)
             8.6% of time processing IMAG
            15.4% of time processing Remix
            25.1% of time processing Tubes(Helpers)
             0.0% of time writing files
    Running @   36.774% of real-time (8 threads)
[0m  [35m
 RAIJU
      UT   = 2001-06-01 23:01:30
      Time =     1.500 [min]
     dtCpl =  5.00E+00 [sec]
     Max/Min dt @ k:
        Max    1.676 [min] @ 54
        Min 1.38E-01 [sec] @ 160
     Flav : max Press/Den @ L,MLT; DPS-dst
        0: P =   0.00, D =9075.91 @  1.54 Rp,12.07 MLT; DPS:   0.00
        1: P =   0.70, D =   0.37 @  4.20 Rp,11.80 MLT; DPS:  -1.68
        2: P =   2.74, D =   0.43 @  4.19 Rp,12.47 MLT; DPS:  -5.28
[0m [32m<Writing HDF5 DATA @ t =     1.418 [min] >[0m 
[32m<Writing RAIJU HDF5 DATA @ t =     1.500 [min] >[0m 
 [36m
 GAMERA
      Time =     1.501 [min]
        ts =      759
        dt =  1.22E-01 [sec]
    dt/dt0 =  102.419%
    Spent     0.0% of time waiting for Voltron
      kZCs =   3447.98 /   1018.38 [MHD/TOT] (8 threads)
[0m       CPCP =    4.395   4.361 [kV, N/S]
 [34m
 VOLTRON
      UT   = 2001-06-01 23:01:30
      tilt =    0.000 [deg]
    Sym-H  =   -5.000 [nT]
    BSDst  ~    6.239 [nT]
           dSMRs  ~     0.68   -0.23   -0.22   -0.23 [nT, 12/18/00/06]
   DPSDst  ~   -5.512 [nT]
   Spent    30.9% of time waiting for Gamera
            15.4% of time processing Chimp(Helpers)
             8.6% of time processing IMAG
            15.5% of time processing Remix
            25.2% of time processing Tubes(Helpers)
             0.0% of time writing files
    Running @   38.281% of real-time (8 threads)
[0m  [35m
 RAIJU
      UT   = 2001-06-01 23:01:35
      Time =     1.583 [min]
     dtCpl =  5.00E+00 [sec]
     Max/Min dt @ k:
        Max    1.582 [min] @ 54
        Min 1.38E-01 [sec] @ 160
     Flav : max Press/Den @ L,MLT; DPS-dst
        0: P =   0.00, D =9075.91 @  1.54 Rp,12.07 MLT; DPS:   0.00
        1: P =   0.69, D =   0.37 @  4.18 Rp,11.53 MLT; DPS:  -1.67
        2: P =   2.79, D =   0.44 @  4.18 Rp,12.47 MLT; DPS:  -5.29
[0m [32m<Writing HDF5 DATA @ t =     1.501 [min] >[0m 
[32m<Writing RAIJU HDF5 DATA @ t =     1.583 [min] >[0m 
 [36m
 GAMERA
      Time =     1.584 [min]
        ts =      800
        dt =  1.21E-01 [sec]
    dt/dt0 =  101.931%
    Spent     0.0% of time waiting for Voltron
      kZCs =   3447.00 /   1025.55 [MHD/TOT] (8 threads)
[0m       CPCP =    4.704   4.496 [kV, N/S]
 [34m
 VOLTRON
      UT   = 2001-06-01 23:01:35
      tilt =    0.000 [deg]
    Sym-H  =   -5.000 [nT]
    BSDst  ~    7.840 [nT]
           dSMRs  ~     2.19   -0.56   -1.07   -0.56 [nT, 12/18/00/06]
   DPSDst  ~   -5.502 [nT]
   Spent    31.2% of time waiting for Gamera
            15.5% of time processing Chimp(Helpers)
             8.7% of time processing IMAG
            15.4% of time processing Remix
            25.4% of time processing Tubes(Helpers)
             0.0% of time writing files
    Running @   39.755% of real-time (8 threads)
[0m  [35m
 RAIJU
      UT   = 2001-06-01 23:01:40
      Time =     1.667 [min]
     dtCpl =  5.00E+00 [sec]
     Max/Min dt @ k:
        Max    1.473 [min] @ 54
        Min 1.38E-01 [sec] @ 160
     Flav : max Press/Den @ L,MLT; DPS-dst
        0: P =   0.00, D =9075.91 @  1.54 Rp,12.07 MLT; DPS:   0.00
        1: P =   0.68, D =   0.36 @  4.18 Rp,11.39 MLT; DPS:  -1.66
        2: P =   2.79, D =   0.44 @  4.18 Rp,12.61 MLT; DPS:  -5.30
[0m [32m<Writing HDF5 DATA @ t =     1.584 [min] >[0m 
[32m<Writing RAIJU HDF5 DATA @ t =     1.667 [min] >[0m 
 [36m
 GAMERA
      Time =     1.667 [min]
        ts =      841
        dt =  1.20E-01 [sec]
    dt/dt0 =  101.152%
    Spent     0.0% of time waiting for Voltron
      kZCs =   3446.41 /   1015.06 [MHD/TOT] (8 threads)
[0m       CPCP =    6.953   7.016 [kV, N/S]
 [34m
 VOLTRON
      UT   = 2001-06-01 23:01:40
      tilt =    0.000 [deg]
    Sym-H  =   -5.000 [nT]
    BSDst  ~    9.682 [nT]
           dSMRs  ~     3.21   -0.69   -1.82   -0.70 [nT, 12/18/00/06]
   DPSDst  ~   -5.484 [nT]
   Spent    31.5% of time waiting for Gamera
            15.6% of time processing Chimp(Helpers)
             8.7% of time processing IMAG
            15.5% of time processing Remix
            25.5% of time processing Tubes(Helpers)
             0.0% of time writing files
    Running @   41.139% of real-time (8 threads)
[0m  [35m
 RAIJU
      UT   = 2001-06-01 23:01:45
      Time =     1.750 [min]
     dtCpl =  5.00E+00 [sec]
     Max/Min dt @ k:
        Max    1.357 [min] @ 55
        Min 1.38E-01 [sec] @ 160
     Flav : max Press/Den @ L,MLT; DPS-dst
        0: P =   0.00, D =9075.91 @  1.54 Rp,12.07 MLT; DPS:   0.00
        1: P =   0.66, D =   0.36 @  4.18 Rp,11.40 MLT; DPS:  -1.64
        2: P =   2.78, D =   0.44 @  4.18 Rp,10.32 MLT; DPS:  -5.29
[0m [32m<Writing HDF5 DATA @ t =     1.667 [min] >[0m 
[32m<Writing RAIJU HDF5 DATA @ t =     1.750 [min] >[0m 
 [36m
 GAMERA
      Time =     1.751 [min]
        ts =      883
        dt =  1.19E-01 [sec]
    dt/dt0 =  100.226%
    Spent     0.0% of time waiting for Voltron
      kZCs =   3446.19 /   1030.58 [MHD/TOT] (8 threads)
[0m       CPCP =   12.334  12.378 [kV, N/S]
 [34m
 VOLTRON
      UT   = 2001-06-01 23:01:45
      tilt =    0.000 [deg]
    Sym-H  =   -5.000 [nT]
    BSDst  ~   10.704 [nT]
           dSMRs  ~     3.11   -0.52   -2.04   -0.55 [nT, 12/18/00/06]
   DPSDst  ~   -5.462 [nT]
   Spent    31.8% of time waiting for Gamera
            15.6% of time processing Chimp(Helpers)
             8.8% of time processing IMAG
            15.6% of time processing Remix
            25.5% of time processing Tubes(Helpers)
             0.0% of time writing files
    Running @   42.491% of real-time (8 threads)
[0m  [35m
 RAIJU
      UT   = 2001-06-01 23:01:50
      Time =     1.833 [min]
     dtCpl =  5.00E+00 [sec]
     Max/Min dt @ k:
        Max    1.264 [min] @ 55
        Min 1.38E-01 [sec] @ 160
     Flav : max Press/Den @ L,MLT; DPS-dst
        0: P =   0.00, D =9075.91 @  1.54 Rp,12.07 MLT; DPS:   0.00
        1: P =   0.64, D =   0.35 @  4.18 Rp,11.40 MLT; DPS:  -1.62
        2: P =   2.78, D =   0.44 @  4.18 Rp,10.33 MLT; DPS:  -5.28
[0m [32m<Writing HDF5 DATA @ t =     1.751 [min] >[0m 
[32m<Writing RAIJU HDF5 DATA @ t =     1.833 [min] >[0m 
 [36m
 GAMERA
      Time =     1.834 [min]
        ts =      925
        dt =  1.18E-01 [sec]
    dt/dt0 =   99.422%
    Spent     0.0% of time waiting for Voltron
      kZCs =   3447.15 /   1029.34 [MHD/TOT] (8 threads)
[0m       CPCP =   18.098  18.210 [kV, N/S]
 [34m
 VOLTRON
      UT   = 2001-06-01 23:01:50
      tilt =    0.000 [deg]
    Sym-H  =   -5.000 [nT]
    BSDst  ~   10.923 [nT]
           dSMRs  ~     2.53   -0.31   -1.90   -0.33 [nT, 12/18/00/06]
   DPSDst  ~   -5.467 [nT]
   Spent    32.0% of time waiting for Gamera
            15.7% of time processing Chimp(Helpers)
             8.8% of time processing IMAG
            15.7% of time processing Remix
            25.5% of time processing Tubes(Helpers)
             0.0% of time writing files
    Running @   43.777% of real-time (8 threads)
[0m  [35m
 RAIJU
      UT   = 2001-06-01 23:01:55
      Time =     1.917 [min]
     dtCpl =  5.00E+00 [sec]
     Max/Min dt @ k:
        Max 5.87E+01 [sec] @ 55
        Min 1.38E-01 [sec] @ 160
     Flav : max Press/Den @ L,MLT; DPS-dst
        0: P =   0.00, D =9075.91 @  1.54 Rp,12.07 MLT; DPS:   0.00
        1: P =   0.62, D =   0.34 @  4.19 Rp,11.40 MLT; DPS:  -1.60
        2: P =   2.78, D =   0.44 @  4.18 Rp,10.33 MLT; DPS:  -5.28
[0m [32m<Writing HDF5 DATA @ t =     1.834 [min] >[0m 
[32m<Writing RAIJU HDF5 DATA @ t =     1.917 [min] >[0m 
 [36m
 GAMERA
      Time =     1.918 [min]
        ts =      968
        dt =  1.18E-01 [sec]
    dt/dt0 =   98.694%
    Spent     0.0% of time waiting for Voltron
      kZCs =   3446.92 /   1044.60 [MHD/TOT] (8 threads)
[0m       CPCP =   24.881  25.010 [kV, N/S]
 [34m
 VOLTRON
      UT   = 2001-06-01 23:01:55
      tilt =    0.000 [deg]
    Sym-H  =   -5.000 [nT]
    BSDst  ~   10.582 [nT]
           dSMRs  ~     1.89   -0.15   -1.58   -0.17 [nT, 12/18/00/06]
   DPSDst  ~   -5.468 [nT]
   Spent    32.3% of time waiting for Gamera
            15.7% of time processing Chimp(Helpers)
             8.8% of time processing IMAG
            15.7% of time processing Remix
            25.5% of time processing Tubes(Helpers)
             0.0% of time writing files
    Running @   45.007% of real-time (8 threads)
[0m  [35m
 RAIJU
      UT   = 2001-06-01 23:01:59
      Time =     2.000 [min]
     dtCpl =  5.00E+00 [sec]
     Max/Min dt @ k:
        Max 4.39E+01 [sec] @ 56
        Min 1.38E-01 [sec] @ 160
     Flav : max Press/Den @ L,MLT; DPS-dst
        0: P =   0.00, D =9075.91 @  1.54 Rp,12.07 MLT; DPS:   0.00
        1: P =   0.60, D =   0.34 @  4.19 Rp,10.19 MLT; DPS:  -1.58
        2: P =   2.75, D =   0.43 @  4.19 Rp,10.19 MLT; DPS:  -5.28
[0m [32m<Writing HDF5 DATA @ t =     1.918 [min] >[0m 
[32m<Writing RAIJU HDF5 DATA @ t =     2.000 [min] >[0m 
 [36m
 GAMERA
      Time =     2.000 [min]
        ts =     1010
        dt =  1.17E-01 [sec]
    dt/dt0 =   97.992%
    Spent     0.0% of time waiting for Voltron
      kZCs =   3446.00 /   1028.44 [MHD/TOT] (8 threads)
[0m       CPCP =   29.169  29.404 [kV, N/S]
 [34m
 VOLTRON
      UT   = 2001-06-01 23:02:00
      tilt =    0.000 [deg]
    Sym-H  =   -5.000 [nT]
    BSDst  ~    9.997 [nT]
           dSMRs  ~     1.45   -0.09   -1.24   -0.12 [nT, 12/18/00/06]
   DPSDst  ~   -5.428 [nT]
   Spent    32.4% of time waiting for Gamera
            15.7% of time processing Chimp(Helpers)
             8.8% of time processing IMAG
            15.8% of time processing Remix
            25.5% of time processing Tubes(Helpers)
             0.0% of time writing files
    Running @   46.168% of real-time (8 threads)
[0m  [35m
 RAIJU
      UT   = 2001-06-01 23:02:05
      Time =     2.083 [min]
     dtCpl =  5.00E+00 [sec]
     Max/Min dt @ k:
        Max 3.57E+01 [sec] @ 57
        Min 1.38E-01 [sec] @ 160
     Flav : max Press/Den @ L,MLT; DPS-dst
        0: P =   0.00, D =9075.91 @  1.54 Rp,12.07 MLT; DPS:   0.00
        1: P =   0.58, D =   0.33 @  4.19 Rp,15.48 MLT; DPS:  -1.56
        2: P =   2.74, D =   0.43 @  4.19 Rp, 8.52 MLT; DPS:  -5.26
[0m [32m<Writing HDF5 DATA @ t =     2.000 [min] >[0m 
[32m<Writing RAIJU HDF5 DATA @ t =     2.083 [min] >[0m 
 [36m
 GAMERA
      Time =     2.084 [min]
        ts =     1053
        dt =  1.16E-01 [sec]
    dt/dt0 =   97.047%
    Spent     0.0% of time waiting for Voltron
      kZCs =   3443.92 /   1042.43 [MHD/TOT] (8 threads)
[0m       CPCP =   32.031  32.323 [kV, N/S]
 [34m
 VOLTRON
      UT   = 2001-06-01 23:02:05
      tilt =    0.000 [deg]
    Sym-H  =   -5.000 [nT]
    BSDst  ~    9.327 [nT]
           dSMRs  ~     1.18   -0.10   -0.94   -0.14 [nT, 12/18/00/06]
   DPSDst  ~   -5.393 [nT]
   Spent    32.6% of time waiting for Gamera
            15.7% of time processing Chimp(Helpers)
             8.8% of time processing IMAG
            15.8% of time processing Remix
            25.5% of time processing Tubes(Helpers)
             0.0% of time writing files
    Running @   47.311% of real-time (8 threads)
[0m  [35m
 RAIJU
      UT   = 2001-06-01 23:02:10
      Time =     2.167 [min]
     dtCpl =  5.00E+00 [sec]
     Max/Min dt @ k:
        Max 3.43E+01 [sec] @ 57
        Min 1.38E-01 [sec] @ 160
     Flav : max Press/Den @ L,MLT; DPS-dst
        0: P =   0.00, D =9075.91 @  1.54 Rp,12.07 MLT; DPS:   0.00
        1: P =   0.57, D =   0.32 @  4.19 Rp, 8.73 MLT; DPS:  -1.54
        2: P =   2.71, D =   0.43 @  4.19 Rp, 8.52 MLT; DPS:  -5.24
[0m [32m<Writing HDF5 DATA @ t =     2.084 [min] >[0m 
[32m<Writing RAIJU HDF5 DATA @ t =     2.167 [min] >[0m 
 [36m
 GAMERA
      Time =     2.167 [min]
        ts =     1099
        dt =  1.05E-01 [sec]
    dt/dt0 =   88.273%
    Spent     0.0% of time waiting for Voltron
      kZCs =   3445.93 /   1091.07 [MHD/TOT] (8 threads)
[0m       CPCP =   34.620  34.971 [kV, N/S]
 [34m
 VOLTRON
      UT   = 2001-06-01 23:02:10
      tilt =    0.000 [deg]
    Sym-H  =   -5.000 [nT]
    BSDst  ~    8.652 [nT]
           dSMRs  ~     1.05   -0.11   -0.76   -0.18 [nT, 12/18/00/06]
   DPSDst  ~   -5.368 [nT]
   Spent    33.1% of time waiting for Gamera
            15.6% of time processing Chimp(Helpers)
             8.8% of time processing IMAG
            15.8% of time processing Remix
            25.3% of time processing Tubes(Helpers)
             0.0% of time writing files
    Running @   48.370% of real-time (8 threads)
[0m  [35m
 RAIJU
      UT   = 2001-06-01 23:02:15
      Time =     2.250 [min]
     dtCpl =  5.00E+00 [sec]
     Max/Min dt @ k:
        Max 3.55E+01 [sec] @ 57
        Min 1.38E-01 [sec] @ 160
     Flav : max Press/Den @ L,MLT; DPS-dst
        0: P =   0.00, D =9075.91 @  1.54 Rp,12.07 MLT; DPS:   0.00
        1: P =   0.55, D =   0.32 @  4.20 Rp, 8.73 MLT; DPS:  -1.52
        2: P =   2.70, D =   0.40 @  3.91 Rp, 8.31 MLT; DPS:  -5.23
[0m [32m<Writing HDF5 DATA @ t =     2.167 [min] >[0m 
[32m<Writing RAIJU HDF5 DATA @ t =     2.250 [min] >[0m 
 [36m
 GAMERA
      Time =     2.251 [min]
        ts =     1148
        dt =  1.01E-01 [sec]
    dt/dt0 =   84.966%
    Spent     0.0% of time waiting for Voltron
      kZCs =   3447.37 /   1139.32 [MHD/TOT] (8 threads)
[0m       CPCP =   35.406  35.781 [kV, N/S]
 [34m
 VOLTRON
      UT   = 2001-06-01 23:02:15
      tilt =    0.000 [deg]
    Sym-H  =   -5.000 [nT]
    BSDst  ~    8.018 [nT]
           dSMRs  ~     0.98   -0.11   -0.67   -0.20 [nT, 12/18/00/06]
   DPSDst  ~   -5.344 [nT]
   Spent    33.7% of time waiting for Gamera
            15.5% of time processing Chimp(Helpers)
             8.8% of time processing IMAG
            15.7% of time processing Remix
            25.2% of time processing Tubes(Helpers)
             0.0% of time writing files
    Running @   49.350% of real-time (8 threads)
[0m  [35m
 RAIJU
      UT   = 2001-06-01 23:02:20
      Time =     2.333 [min]
     dtCpl =  5.00E+00 [sec]
     Max/Min dt @ k:
        Max 3.53E+01 [sec] @ 57
        Min 1.38E-01 [sec] @ 160
     Flav : max Press/Den @ L,MLT; DPS-dst
        0: P =   0.00, D =9075.91 @  1.54 Rp,12.07 MLT; DPS:   0.00
        1: P =   0.53, D =   0.29 @  4.47 Rp, 8.59 MLT; DPS:  -1.50
        2: P =   2.69, D =   0.40 @  3.96 Rp, 9.93 MLT; DPS:  -5.21
[0m [32m<Writing HDF5 DATA @ t =     2.251 [min] >[0m 
[32m<Writing RAIJU HDF5 DATA @ t =     2.333 [min] >[0m 
 [36m
 GAMERA
      Time =     2.334 [min]
        ts =     1198
        dt =  9.71E-02 [sec]
    dt/dt0 =   81.542%
    Spent     0.0% of time waiting for Voltron
      kZCs =   3445.88 /   1154.16 [MHD/TOT] (8 threads)
[0m       CPCP =   35.127  35.324 [kV, N/S]
 [34m
 VOLTRON
      UT   = 2001-06-01 23:02:20
      tilt =    0.000 [deg]
    Sym-H  =   -5.000 [nT]
    BSDst  ~    7.513 [nT]
           dSMRs  ~     0.96   -0.11   -0.64   -0.21 [nT, 12/18/00/06]
   DPSDst  ~   -5.334 [nT]
   Spent    34.2% of time waiting for Gamera
            15.4% of time processing Chimp(Helpers)
             8.7% of time processing IMAG
            15.6% of time processing Remix
            25.0% of time processing Tubes(Helpers)
             0.0% of time writing files
    Running @   50.249% of real-time (8 threads)
[0m  [35m
 RAIJU
      UT   = 2001-06-01 23:02:25
      Time =     2.417 [min]
     dtCpl =  5.00E+00 [sec]
     Max/Min dt @ k:
        Max 3.34E+01 [sec] @ 57
        Min 1.38E-01 [sec] @ 160
     Flav : max Press/Den @ L,MLT; DPS-dst
        0: P =   0.00, D =9075.91 @  1.54 Rp,12.07 MLT; DPS:   0.00
        1: P =   0.52, D =   0.28 @  4.48 Rp, 8.59 MLT; DPS:  -1.49
        2: P =   2.68, D =   0.40 @  3.96 Rp, 9.93 MLT; DPS:  -5.20
[0m [32m<Writing HDF5 DATA @ t =     2.334 [min] >[0m 
[32m<Writing RAIJU HDF5 DATA @ t =     2.417 [min] >[0m 
 [36m
 GAMERA
      Time =     2.417 [min]
        ts =     1251
        dt =  9.13E-02 [sec]
    dt/dt0 =   76.684%
    Spent     0.0% of time waiting for Voltron
      kZCs =   3446.45 /   1193.78 [MHD/TOT] (8 threads)
[0m       CPCP =   33.906  34.026 [kV, N/S]
 [34m
 VOLTRON
      UT   = 2001-06-01 23:02:25
      tilt =    0.000 [deg]
    Sym-H  =   -5.000 [nT]
    BSDst  ~    7.111 [nT]
           dSMRs  ~     0.94   -0.12   -0.61   -0.22 [nT, 12/18/00/06]
   DPSDst  ~   -5.338 [nT]
   Spent    34.9% of time waiting for Gamera
            15.3% of time processing Chimp(Helpers)
             8.7% of time processing IMAG
            15.5% of time processing Remix
            24.8% of time processing Tubes(Helpers)
             0.0% of time writing files
    Running @   51.069% of real-time (8 threads)
[0m  [35m
 RAIJU
      UT   = 2001-06-01 23:02:30
      Time =     2.500 [min]
     dtCpl =  5.00E+00 [sec]
     Max/Min dt @ k:
        Max 3.21E+01 [sec] @ 58
        Min 1.38E-01 [sec] @ 160
     Flav : max Press/Den @ L,MLT; DPS-dst
        0: P =   0.00, D =9075.91 @  1.54 Rp,12.07 MLT; DPS:   0.00
        1: P =   0.51, D =   0.28 @  4.48 Rp, 8.73 MLT; DPS:  -1.47
        2: P =   2.68, D =   0.40 @  3.96 Rp, 9.93 MLT; DPS:  -5.21
[0m [32m<Writing HDF5 DATA @ t =     2.417 [min] >[0m 
[32m<Writing RAIJU HDF5 DATA @ t =     2.500 [min] >[0m 
 [36m
 GAMERA
      Time =     2.501 [min]
        ts =     1308
        dt =  8.34E-02 [sec]
    dt/dt0 =   70.030%
    Spent     0.0% of time waiting for Voltron
      kZCs =   3446.51 /   1249.52 [MHD/TOT] (8 threads)
[0m       CPCP =   34.153  34.095 [kV, N/S]
 [34m
 VOLTRON
      UT   = 2001-06-01 23:02:30
      tilt =    0.000 [deg]
    Sym-H  =   -5.000 [nT]
    BSDst  ~    6.777 [nT]
           dSMRs  ~     0.94   -0.12   -0.60   -0.21 [nT, 12/18/00/06]
   DPSDst  ~   -5.320 [nT]
   Spent    35.8% of time waiting for Gamera
            15.1% of time processing Chimp(Helpers)
             8.6% of time processing IMAG
            15.3% of time processing Remix
            24.5% of time processing Tubes(Helpers)
             0.0% of time writing files
    Running @   51.801% of real-time (8 threads)
[0m  [35m
 RAIJU
      UT   = 2001-06-01 23:02:35
      Time =     2.583 [min]
     dtCpl =  5.00E+00 [sec]
     Max/Min dt @ k:
        Max 3.15E+01 [sec] @ 58
        Min 1.38E-01 [sec] @ 160
     Flav : max Press/Den @ L,MLT; DPS-dst
        0: P =   0.00, D =9075.91 @  1.54 Rp,12.07 MLT; DPS:   0.00
        1: P =   0.50, D =   0.27 @  4.48 Rp, 8.73 MLT; DPS:  -1.46
        2: P =   2.67, D =   0.40 @  3.96 Rp, 9.80 MLT; DPS:  -5.20
[0m [32m<Writing HDF5 DATA @ t =     2.501 [min] >[0m 
[32m<Writing RAIJU HDF5 DATA @ t =     2.583 [min] >[0m 
 [36m
 GAMERA
      Time =     2.584 [min]
        ts =     1371
        dt =  7.75E-02 [sec]
    dt/dt0 =   65.101%
    Spent     0.0% of time waiting for Voltron
      kZCs =   3446.38 /   1325.06 [MHD/TOT] (8 threads)
[0m       CPCP =   33.977  33.816 [kV, N/S]
 [34m
 VOLTRON
      UT   = 2001-06-01 23:02:35
      tilt =    0.000 [deg]
    Sym-H  =   -5.000 [nT]
    BSDst  ~    6.521 [nT]
           dSMRs  ~     0.92   -0.11   -0.62   -0.20 [nT, 12/18/00/06]
   DPSDst  ~   -5.262 [nT]
   Spent    36.9% of time waiting for Gamera
            14.9% of time processing Chimp(Helpers)
             8.4% of time processing IMAG
            15.0% of time processing Remix
            24.1% of time processing Tubes(Helpers)
             0.0% of time writing files
    Running @   52.398% of real-time (8 threads)
[0m  [35m
 RAIJU
      UT   = 2001-06-01 23:02:40
      Time =     2.667 [min]
     dtCpl =  5.00E+00 [sec]
     Max/Min dt @ k:
        Max 3.13E+01 [sec] @ 58
        Min 1.38E-01 [sec] @ 160
     Flav : max Press/Den @ L,MLT; DPS-dst
        0: P =   0.00, D =9075.91 @  1.54 Rp,12.07 MLT; DPS:   0.00
        1: P =   0.49, D =   0.27 @  4.48 Rp, 8.73 MLT; DPS:  -1.43
        2: P =   2.67, D =   0.40 @  3.96 Rp, 9.80 MLT; DPS:  -5.16
[0m [32m<Writing HDF5 DATA @ t =     2.584 [min] >[0m 
[32m<Writing RAIJU HDF5 DATA @ t =     2.667 [min] >[0m 
 [36m
 GAMERA
      Time =     2.667 [min]
        ts =     1435
        dt =  7.77E-02 [sec]
    dt/dt0 =   65.228%
    Spent     0.0% of time waiting for Voltron
      kZCs =   3448.25 /   1338.10 [MHD/TOT] (8 threads)
[0m       CPCP =   33.257  33.264 [kV, N/S]
 [34m
 VOLTRON
      UT   = 2001-06-01 23:02:40
      tilt =    0.000 [deg]
    Sym-H  =   -5.000 [nT]
    BSDst  ~    6.307 [nT]
           dSMRs  ~     0.90   -0.09   -0.63   -0.18 [nT, 12/18/00/06]
   DPSDst  ~   -5.232 [nT]
   Spent    37.9% of time waiting for Gamera
            14.7% of time processing Chimp(Helpers)
             8.3% of time processing IMAG
            14.7% of time processing Remix
            23.8% of time processing Tubes(Helpers)
             0.0% of time writing files
    Running @   52.960% of real-time (8 threads)
[0m  [35m
 RAIJU
      UT   = 2001-06-01 23:02:45
      Time =     2.750 [min]
     dtCpl =  5.00E+00 [sec]
     Max/Min dt @ k:
        Max 3.17E+01 [sec] @ 58
        Min 1.38E-01 [sec] @ 160
     Flav : max Press/Den @ L,MLT; DPS-dst
        0: P =   0.00, D =9075.91 @  1.54 Rp,12.07 MLT; DPS:   0.00
        1: P =   0.48, D =   0.27 @  4.48 Rp, 8.73 MLT; DPS:  -1.42
        2: P =   2.66, D =   0.40 @  3.96 Rp, 9.80 MLT; DPS:  -5.15
[0m [32m<Writing HDF5 DATA @ t =     2.667 [min] >[0m 
[32m<Writing RAIJU HDF5 DATA @ t =     2.750 [min] >[0m 
 [36m
 GAMERA
      Time =     2.751 [min]
        ts =     1500
        dt =  7.75E-02 [sec]
    dt/dt0 =   65.074%
    Spent     0.0% of time waiting for Voltron
      kZCs =   3446.84 /   1352.18 [MHD/TOT] (8 threads)
[0m       CPCP =   31.756  31.922 [kV, N/S]
 [34m
 VOLTRON
      UT   = 2001-06-01 23:02:45
      tilt =    0.000 [deg]
    Sym-H  =   -5.000 [nT]
    BSDst  ~    6.112 [nT]
           dSMRs  ~     0.84   -0.09   -0.58   -0.17 [nT, 12/18/00/06]
   DPSDst  ~   -5.212 [nT]
   Spent    38.8% of time waiting for Gamera
            14.5% of time processing Chimp(Helpers)
             8.2% of time processing IMAG
            14.5% of time processing Remix
            23.5% of time processing Tubes(Helpers)
             0.0% of time writing files
    Running @   53.527% of real-time (8 threads)
[0m  [35m
 RAIJU
      UT   = 2001-06-01 23:02:50
      Time =     2.833 [min]
     dtCpl =  5.00E+00 [sec]
     Max/Min dt @ k:
        Max 3.26E+01 [sec] @ 57
        Min 1.38E-01 [sec] @ 160
     Flav : max Press/Den @ L,MLT; DPS-dst
        0: P =   0.00, D =9075.91 @  1.54 Rp,12.07 MLT; DPS:   0.00
        1: P =   0.47, D =   0.26 @  4.49 Rp, 8.73 MLT; DPS:  -1.40
        2: P =   2.66, D =   0.40 @  3.96 Rp, 8.20 MLT; DPS:  -5.14
[0m [32m<Writing HDF5 DATA @ t =     2.751 [min] >[0m 
[32m<Writing RAIJU HDF5 DATA @ t =     2.833 [min] >[0m 
 [36m
 GAMERA
      Time =     2.834 [min]
        ts =     1564
        dt =  7.75E-02 [sec]
    dt/dt0 =   65.135%
    Spent     0.0% of time waiting for Voltron
      kZCs =   3445.99 /   1342.68 [MHD/TOT] (8 threads)
[0m       CPCP =   30.006  30.259 [kV, N/S]
 [34m
 VOLTRON
      UT   = 2001-06-01 23:02:50
      tilt =    0.000 [deg]
    Sym-H  =   -5.000 [nT]
    BSDst  ~    5.938 [nT]
           dSMRs  ~     0.77   -0.08   -0.54   -0.15 [nT, 12/18/00/06]
   DPSDst  ~   -5.202 [nT]
   Spent    39.5% of time waiting for Gamera
            14.3% of time processing Chimp(Helpers)
             8.1% of time processing IMAG
            14.3% of time processing Remix
            23.2% of time processing Tubes(Helpers)
             0.0% of time writing files
    Running @   54.054% of real-time (8 threads)
[0m  [35m
 RAIJU
      UT   = 2001-06-01 23:02:55
      Time =     2.917 [min]
     dtCpl =  5.00E+00 [sec]
     Max/Min dt @ k:
        Max 3.36E+01 [sec] @ 57
        Min 1.38E-01 [sec] @ 160
     Flav : max Press/Den @ L,MLT; DPS-dst
        0: P =   0.00, D =9075.91 @  1.54 Rp,12.07 MLT; DPS:   0.00
        1: P =   0.46, D =   0.26 @  4.49 Rp, 8.73 MLT; DPS:  -1.39
        2: P =   2.65, D =   0.40 @  3.96 Rp, 8.07 MLT; DPS:  -5.14
[0m [32m<Writing HDF5 DATA @ t =     2.834 [min] >[0m 
[32m<Writing RAIJU HDF5 DATA @ t =     2.917 [min] >[0m 
 [36m
 GAMERA
      Time =     2.918 [min]
        ts =     1629
        dt =  7.70E-02 [sec]
    dt/dt0 =   64.709%
    Spent     0.0% of time waiting for Voltron
      kZCs =   3447.46 /   1356.12 [MHD/TOT] (8 threads)
[0m       CPCP =   28.435  28.592 [kV, N/S]
 [34m
 VOLTRON
      UT   = 2001-06-01 23:02:55
      tilt =    0.000 [deg]
    Sym-H  =   -5.000 [nT]
    BSDst  ~    5.809 [nT]
           dSMRs  ~     0.70   -0.07   -0.50   -0.13 [nT, 12/18/00/06]
   DPSDst  ~   -5.231 [nT]
   Spent    40.2% of time waiting for Gamera
            14.2% of time processing Chimp(Helpers)
             8.1% of time processing IMAG
            14.1% of time processing Remix
            23.0% of time processing Tubes(Helpers)
             0.0% of time writing files
    Running @   54.583% of real-time (8 threads)
[0m  [35m
 RAIJU
      UT   = 2001-06-01 23:02:59
      Time =     3.000 [min]
     dtCpl =  5.00E+00 [sec]
     Max/Min dt @ k:
        Max 3.63E+01 [sec] @ 57
        Min 1.38E-01 [sec] @ 160
     Flav : max Press/Den @ L,MLT; DPS-dst
        0: P =   0.00, D =9075.91 @  1.54 Rp,12.07 MLT; DPS:   0.00
        1: P =   0.45, D =   0.26 @  4.49 Rp, 8.73 MLT; DPS:  -1.39
        2: P =   2.65, D =   0.40 @  3.96 Rp, 8.07 MLT; DPS:  -5.16
[0m [32m<Writing HDF5 DATA @ t =     2.918 [min] >[0m 
[32m<Writing RAIJU HDF5 DATA @ t =     3.000 [min] >[0m 
 [36m
 GAMERA
      Time =     3.001 [min]
        ts =     1694
        dt =  7.65E-02 [sec]
    dt/dt0 =   64.260%
    Spent     0.0% of time waiting for Voltron
      kZCs =   3448.46 /   1357.35 [MHD/TOT] (8 threads)
[0m       CPCP =   26.655  26.783 [kV, N/S]
 [34m
 VOLTRON
      UT   = 2001-06-01 23:03:00
      tilt =    0.000 [deg]
    Sym-H  =   -5.000 [nT]
    BSDst  ~    5.715 [nT]
           dSMRs  ~     0.65   -0.05   -0.47   -0.13 [nT, 12/18/00/06]
   DPSDst  ~   -5.221 [nT]
   Spent    40.7% of time waiting for Gamera
            14.1% of time processing Chimp(Helpers)
             8.0% of time processing IMAG
            14.0% of time processing Remix
            22.8% of time processing Tubes(Helpers)
             0.0% of time writing files
    Running @   55.084% of real-time (8 threads)
[0m  [35m
 RAIJU
      UT   = 2001-06-01 23:03:05
      Time =     3.083 [min]
     dtCpl =  5.00E+00 [sec]
     Max/Min dt @ k:
        Max 3.75E+01 [sec] @ 57
        Min 1.38E-01 [sec] @ 160
     Flav : max Press/Den @ L,MLT; DPS-dst
        0: P =   0.00, D =9075.91 @  1.54 Rp,12.07 MLT; DPS:   0.00
        1: P =   0.44, D =   0.25 @  4.49 Rp, 8.73 MLT; DPS:  -1.38
        2: P =   2.65, D =   0.40 @  3.96 Rp, 8.07 MLT; DPS:  -5.16
[0m [32m<Writing HDF5 DATA @ t =     3.001 [min] >[0m 
[32m<Writing RAIJU HDF5 DATA @ t =     3.083 [min] >[0m 
 [36m
 GAMERA
      Time =     3.084 [min]
        ts =     1759
        dt =  7.69E-02 [sec]
    dt/dt0 =   64.607%
    Spent     0.0% of time waiting for Voltron
      kZCs =   3440.90 /   1359.72 [MHD/TOT] (8 threads)
[0m       CPCP =   24.904  25.311 [kV, N/S]
 [34m
 VOLTRON
      UT   = 2001-06-01 23:03:05
      tilt =    0.000 [deg]
    Sym-H  =   -5.000 [nT]
    BSDst  ~    5.658 [nT]
           dSMRs  ~     0.61   -0.06   -0.44   -0.12 [nT, 12/18/00/06]
   DPSDst  ~   -5.213 [nT]
   Spent    41.3% of time waiting for Gamera
            14.0% of time processing Chimp(Helpers)
             8.0% of time processing IMAG
            13.8% of time processing Remix
            22.7% of time processing Tubes(Helpers)
             0.0% of time writing files
    Running @   55.555% of real-time (8 threads)
[0m  [35m
 RAIJU
      UT   = 2001-06-01 23:03:10
      Time =     3.167 [min]
     dtCpl =  5.00E+00 [sec]
     Max/Min dt @ k:
        Max 3.94E+01 [sec] @ 57
        Min 1.38E-01 [sec] @ 160
     Flav : max Press/Den @ L,MLT; DPS-dst
        0: P =   0.00, D =9075.91 @  1.54 Rp,12.07 MLT; DPS:   0.00
        1: P =   0.43, D =   0.25 @  4.49 Rp, 8.73 MLT; DPS:  -1.37
        2: P =   2.65, D =   0.40 @  3.96 Rp, 8.07 MLT; DPS:  -5.16
[0m [32m<Writing HDF5 DATA @ t =     3.084 [min] >[0m 
[32m<Writing RAIJU HDF5 DATA @ t =     3.167 [min] >[0m 
 [36m
 GAMERA
      Time =     3.167 [min]
        ts =     1822
        dt =  8.20E-02 [sec]
    dt/dt0 =   68.869%
    Spent     0.0% of time waiting for Voltron
      kZCs =   3449.58 /   1334.94 [MHD/TOT] (8 threads)
[0m       CPCP =   23.559  23.963 [kV, N/S]
 [34m
 VOLTRON
      UT   = 2001-06-01 23:03:10
      tilt =    0.000 [deg]
    Sym-H  =   -5.000 [nT]
    BSDst  ~    5.622 [nT]
           dSMRs  ~     0.60   -0.06   -0.45   -0.10 [nT, 12/18/00/06]
   DPSDst  ~   -5.210 [nT]
   Spent    41.6% of time waiting for Gamera
            13.9% of time processing Chimp(Helpers)
             7.9% of time processing IMAG
            13.7% of time processing Remix
            22.6% of time processing Tubes(Helpers)
             0.0% of time writing files
    Running @   56.020% of real-time (8 threads)
[0m  [35m
 RAIJU
      UT   = 2001-06-01 23:03:15
      Time =     3.250 [min]
     dtCpl =  5.00E+00 [sec]
     Max/Min dt @ k:
        Max 4.13E+01 [sec] @ 57
        Min 1.38E-01 [sec] @ 160
     Flav : max Press/Den @ L,MLT; DPS-dst
        0: P =   0.00, D =9075.91 @  1.54 Rp,12.07 MLT; DPS:   0.00
        1: P =   0.43, D =   0.25 @  4.49 Rp, 8.73 MLT; DPS:  -1.36
        2: P =   2.65, D =   0.40 @  3.97 Rp, 8.07 MLT; DPS:  -5.17
[0m [32m<Writing HDF5 DATA @ t =     3.167 [min] >[0m 
[32m<Writing RAIJU HDF5 DATA @ t =     3.250 [min] >[0m 
 [36m
 GAMERA
      Time =     3.250 [min]
        ts =     1881
        dt =  8.45E-02 [sec]
    dt/dt0 =   70.996%
    Spent     0.0% of time waiting for Voltron
      kZCs =   3448.92 /   1288.00 [MHD/TOT] (8 threads)
[0m       CPCP =   22.270  22.775 [kV, N/S]
 [34m
 VOLTRON
      UT   = 2001-06-01 23:03:15
      tilt =    0.000 [deg]
    Sym-H  =   -5.000 [nT]
    BSDst  ~    5.618 [nT]
           dSMRs  ~     0.60   -0.06   -0.45   -0.09 [nT, 12/18/00/06]
   DPSDst  ~   -5.206 [nT]
   Spent    41.6% of time waiting for Gamera
            13.9% of time processing Chimp(Helpers)
             7.9% of time processing IMAG
            13.6% of time processing Remix
            22.6% of time processing Tubes(Helpers)
             0.0% of time writing files
    Running @   56.570% of real-time (8 threads)
[0m  [35m
 RAIJU
      UT   = 2001-06-01 23:03:20
      Time =     3.333 [min]
     dtCpl =  5.00E+00 [sec]
     Max/Min dt @ k:
        Max 4.28E+01 [sec] @ 56
        Min 1.38E-01 [sec] @ 160
     Flav : max Press/Den @ L,MLT; DPS-dst
        0: P =   0.00, D =9075.91 @  1.54 Rp,12.07 MLT; DPS:   0.00
        1: P =   0.42, D =   0.24 @  4.49 Rp, 8.73 MLT; DPS:  -1.35
        2: P =   2.65, D =   0.40 @  3.96 Rp, 8.07 MLT; DPS:  -5.17
[0m [32m<Writing HDF5 DATA @ t =     3.250 [min] >[0m 
[32m<Writing RAIJU HDF5 DATA @ t =     3.333 [min] >[0m 
 [36m
 GAMERA
      Time =     3.334 [min]
        ts =     1943
        dt =  7.81E-02 [sec]
    dt/dt0 =   65.614%
    Spent     0.0% of time waiting for Voltron
      kZCs =   3448.48 /   1325.52 [MHD/TOT] (8 threads)
[0m       CPCP =   20.975  21.654 [kV, N/S]
 [34m
 VOLTRON
      UT   = 2001-06-01 23:03:20
      tilt =    0.000 [deg]
    Sym-H  =   -5.000 [nT]
    BSDst  ~    5.670 [nT]
           dSMRs  ~     0.61   -0.05   -0.47   -0.08 [nT, 12/18/00/06]
   DPSDst  ~   -5.204 [nT]
   Spent    41.8% of time waiting for Gamera
            13.9% of time processing Chimp(Helpers)
             7.9% of time processing IMAG
            13.5% of time processing Remix
            22.6% of time processing Tubes(Helpers)
             0.0% of time writing files
    Running @   57.077% of real-time (8 threads)
[0m  [35m
 RAIJU
      UT   = 2001-06-01 23:03:25
      Time =     3.417 [min]
     dtCpl =  5.00E+00 [sec]
     Max/Min dt @ k:
        Max 4.47E+01 [sec] @ 56
        Min 1.38E-01 [sec] @ 160
     Flav : max Press/Den @ L,MLT; DPS-dst
        0: P =   0.00, D =9075.91 @  1.54 Rp,12.07 MLT; DPS:   0.00
        1: P =   0.41, D =   0.24 @  4.49 Rp, 8.73 MLT; DPS:  -1.34
        2: P =   2.65, D =   0.40 @  3.96 Rp, 8.07 MLT; DPS:  -5.18
[0m [32m<Writing HDF5 DATA @ t =     3.334 [min] >[0m 
[32m<Writing RAIJU HDF5 DATA @ t =     3.417 [min] >[0m 
 [36m
 GAMERA
      Time =     3.417 [min]
        ts =     2009
        dt =  7.31E-02 [sec]
    dt/dt0 =   61.361%
    Spent     0.0% of time waiting for Voltron
      kZCs =   3448.29 /   1369.52 [MHD/TOT] (8 threads)
[0m       CPCP =   19.848  20.758 [kV, N/S]
 [34m
 VOLTRON
      UT   = 2001-06-01 23:03:25
      tilt =    0.000 [deg]
    Sym-H  =   -5.000 [nT]
    BSDst  ~    5.747 [nT]
           dSMRs  ~     0.61   -0.04   -0.49   -0.07 [nT, 12/18/00/06]
   DPSDst  ~   -5.205 [nT]
   Spent    42.2% of time waiting for Gamera
            13.8% of time processing Chimp(Helpers)
             7.9% of time processing IMAG
            13.4% of time processing Remix
            22.5% of time processing Tubes(Helpers)
             0.0% of time writing files
    Running @   57.478% of real-time (8 threads)
[0m  [35m
 RAIJU
      UT   = 2001-06-01 23:03:30
      Time =     3.500 [min]
     dtCpl =  5.00E+00 [sec]
     Max/Min dt @ k:
        Max 4.68E+01 [sec] @ 56
        Min 1.38E-01 [sec] @ 160
     Flav : max Press/Den @ L,MLT; DPS-dst
        0: P =   0.00, D =9075.91 @  1.54 Rp,12.07 MLT; DPS:   0.00
        1: P =   0.41, D =   0.24 @  4.49 Rp, 8.73 MLT; DPS:  -1.34
        2: P =   2.65, D =   0.40 @  3.96 Rp, 8.07 MLT; DPS:  -5.19
[0m [32m<Writing HDF5 DATA @ t =     3.417 [min] >[0m 
[32m<Writing RAIJU HDF5 DATA @ t =     3.500 [min] >[0m 
 [36m
 GAMERA
      Time =     3.501 [min]
        ts =     2080
        dt =  6.79E-02 [sec]
    dt/dt0 =   56.994%
    Spent     0.0% of time waiting for Voltron
      kZCs =   3446.82 /   1428.82 [MHD/TOT] (8 threads)
[0m       CPCP =   19.156  20.241 [kV, N/S]
 [34m
 VOLTRON
      UT   = 2001-06-01 23:03:30
      tilt =    0.000 [deg]
    Sym-H  =   -5.000 [nT]
    BSDst  ~    5.787 [nT]
           dSMRs  ~     0.59   -0.02   -0.52   -0.05 [nT, 12/18/00/06]
   DPSDst  ~   -5.220 [nT]
   Spent    42.8% of time waiting for Gamera
            13.6% of time processing Chimp(Helpers)
             7.8% of time processing IMAG
            13.2% of time processing Remix
            22.3% of time processing Tubes(Helpers)
             0.0% of time writing files
    Running @   57.800% of real-time (8 threads)
[0m  [35m
 RAIJU
      UT   = 2001-06-01 23:03:35
      Time =     3.583 [min]
     dtCpl =  5.00E+00 [sec]
     Max/Min dt @ k:
        Max 4.84E+01 [sec] @ 56
        Min 1.38E-01 [sec] @ 160
     Flav : max Press/Den @ L,MLT; DPS-dst
        0: P =   0.00, D =9075.91 @  1.54 Rp,12.07 MLT; DPS:   0.00
        1: P =   0.40, D =   0.23 @  4.49 Rp, 8.73 MLT; DPS:  -1.33
        2: P =   2.65, D =   0.40 @  3.96 Rp, 8.07 MLT; DPS:  -5.22
[0m [32m<Writing HDF5 DATA @ t =     3.501 [min] >[0m 
[32m<Writing RAIJU HDF5 DATA @ t =     3.583 [min] >[0m 
 [36m
 GAMERA
      Time =     3.583 [min]
        ts =     2156
        dt =  6.35E-02 [sec]
    dt/dt0 =   53.358%
    Spent     0.0% of time waiting for Voltron
      kZCs =   3446.72 /   1482.73 [MHD/TOT] (8 threads)
[0m       CPCP =   18.682  19.948 [kV, N/S]
 [34m
 VOLTRON
      UT   = 2001-06-01 23:03:35
      tilt =    0.000 [deg]
    Sym-H  =   -5.000 [nT]
    BSDst  ~    5.767 [nT]
           dSMRs  ~     0.54    0.01   -0.51   -0.03 [nT, 12/18/00/06]
   DPSDst  ~   -5.227 [nT]
   Spent    43.6% of time waiting for Gamera
            13.5% of time processing Chimp(Helpers)
             7.7% of time processing IMAG
            13.0% of time processing Remix
            22.0% of time processing Tubes(Helpers)
             0.0% of time writing files
    Running @   58.033% of real-time (8 threads)
[0m  [35m
 RAIJU
      UT   = 2001-06-01 23:03:40
      Time =     3.667 [min]
     dtCpl =  5.00E+00 [sec]
     Max/Min dt @ k:
        Max 5.01E+01 [sec] @ 56
        Min 1.38E-01 [sec] @ 160
     Flav : max Press/Den @ L,MLT; DPS-dst
        0: P =   0.00, D =9075.91 @  1.54 Rp,12.07 MLT; DPS:   0.00
        1: P =   0.40, D =   0.23 @  4.48 Rp,10.33 MLT; DPS:  -1.33
        2: P =   2.67, D =   0.40 @  3.97 Rp,11.93 MLT; DPS:  -5.23
[0m [32m<Writing HDF5 DATA @ t =     3.583 [min] >[0m 
[32m<Writing RAIJU HDF5 DATA @ t =     3.667 [min] >[0m 
 [36m
 GAMERA
      Time =     3.667 [min]
        ts =     2239
        dt =  5.82E-02 [sec]
    dt/dt0 =   48.849%
    Spent     0.0% of time waiting for Voltron
      kZCs =   3447.08 /   1550.42 [MHD/TOT] (8 threads)
[0m       CPCP =   18.240  19.730 [kV, N/S]
 [34m
 VOLTRON
      UT   = 2001-06-01 23:03:40
      tilt =    0.000 [deg]
    Sym-H  =   -5.000 [nT]
    BSDst  ~    5.925 [nT]
           dSMRs  ~     0.71   -0.04   -0.59   -0.08 [nT, 12/18/00/06]
   DPSDst  ~   -5.247 [nT]
   Spent    44.6% of time waiting for Gamera
            13.2% of time processing Chimp(Helpers)
             7.6% of time processing IMAG
            12.7% of time processing Remix
            21.6% of time processing Tubes(Helpers)
             0.0% of time writing files
    Running @   58.191% of real-time (8 threads)
[0m  [35m
 RAIJU
      UT   = 2001-06-01 23:03:45
      Time =     3.750 [min]
     dtCpl =  5.00E+00 [sec]
     Max/Min dt @ k:
        Max 5.12E+01 [sec] @ 56
        Min 1.38E-01 [sec] @ 160
     Flav : max Press/Den @ L,MLT; DPS-dst
        0: P =   0.00, D =9075.91 @  1.54 Rp,12.07 MLT; DPS:   0.00
        1: P =   0.39, D =   0.23 @  4.48 Rp,11.80 MLT; DPS:  -1.33
        2: P =   2.69, D =   0.40 @  3.96 Rp,11.93 MLT; DPS:  -5.26
[0m [32m<Writing HDF5 DATA @ t =     3.667 [min] >[0m 
[32m<Writing RAIJU HDF5 DATA @ t =     3.750 [min] >[0m 
 [36m
 GAMERA
      Time =     3.751 [min]
        ts =     2332
        dt =  5.14E-02 [sec]
    dt/dt0 =   43.187%
    Spent     0.0% of time waiting for Voltron
      kZCs =   3447.49 /   1640.14 [MHD/TOT] (8 threads)
[0m       CPCP =   18.176  19.806 [kV, N/S]
 [34m
 VOLTRON
      UT   = 2001-06-01 23:03:45
      tilt =    0.000 [deg]
    Sym-H  =   -5.000 [nT]
    BSDst  ~    6.612 [nT]
           dSMRs  ~     1.34   -0.19   -0.93   -0.22 [nT, 12/18/00/06]
   DPSDst  ~   -5.258 [nT]
   Spent    45.9% of time waiting for Gamera
            12.9% of time processing Chimp(Helpers)
             7.4% of time processing IMAG
            12.4% of time processing Remix
            21.1% of time processing Tubes(Helpers)
             0.0% of time writing files
    Running @   58.226% of real-time (8 threads)
[0m  [35m
 RAIJU
      UT   = 2001-06-01 23:03:50
      Time =     3.833 [min]
     dtCpl =  5.00E+00 [sec]
     Max/Min dt @ k:
        Max 5.25E+01 [sec] @ 56
        Min 1.38E-01 [sec] @ 160
     Flav : max Press/Den @ L,MLT; DPS-dst
        0: P =   0.00, D =9075.91 @  1.54 Rp,12.07 MLT; DPS:   0.00
        1: P =   0.39, D =   0.23 @  4.47 Rp,10.33 MLT; DPS:  -1.33
        2: P =   2.70, D =   0.40 @  3.96 Rp,11.93 MLT; DPS:  -5.28
[0m [32m<Writing HDF5 DATA @ t =     3.751 [min] >[0m 
[32m<Writing RAIJU HDF5 DATA @ t =     3.833 [min] >[0m 
 [36m
 GAMERA
      Time =     3.834 [min]
        ts =     2433
        dt =  4.94E-02 [sec]
    dt/dt0 =   41.507%
    Spent     0.0% of time waiting for Voltron
      kZCs =   3446.43 /   1700.16 [MHD/TOT] (8 threads)
[0m       CPCP =   18.461  20.383 [kV, N/S]
 [34m
 VOLTRON
      UT   = 2001-06-01 23:03:50
      tilt =    0.000 [deg]
    Sym-H  =   -5.000 [nT]
    BSDst  ~    7.507 [nT]
           dSMRs  ~     1.91   -0.29   -1.30   -0.31 [nT, 12/18/00/06]
   DPSDst  ~   -5.266 [nT]
   Spent    47.3% of time waiting for Gamera
            12.6% of time processing Chimp(Helpers)
             7.2% of time processing IMAG
            12.0% of time processing Remix
            20.6% of time processing Tubes(Helpers)
             0.0% of time writing files
    Running @   58.169% of real-time (8 threads)
[0m  [35m
 RAIJU
      UT   = 2001-06-01 23:03:55
      Time =     3.917 [min]
     dtCpl =  5.00E+00 [sec]
     Max/Min dt @ k:
        Max 5.38E+01 [sec] @ 56
        Min 1.38E-01 [sec] @ 160
     Flav : max Press/Den @ L,MLT; DPS-dst
        0: P =   0.00, D =9075.91 @  1.54 Rp,12.07 MLT; DPS:   0.00
        1: P =   0.38, D =   0.23 @  4.46 Rp,10.19 MLT; DPS:  -1.32
        2: P =   2.71, D =   0.40 @  3.95 Rp, 9.53 MLT; DPS:  -5.30
[0m [32m<Writing HDF5 DATA @ t =     3.834 [min] >[0m 
[32m<Writing RAIJU HDF5 DATA @ t =     3.917 [min] >[0m 
 [36m
 GAMERA
      Time =     3.917 [min]
        ts =     2537
        dt =  4.81E-02 [sec]
    dt/dt0 =   40.435%
    Spent     0.0% of time waiting for Voltron
      kZCs =   3447.40 /   1720.24 [MHD/TOT] (8 threads)
[0m       CPCP =   19.316  21.446 [kV, N/S]
 [34m
 VOLTRON
      UT   = 2001-06-01 23:03:55
      tilt =    0.000 [deg]
    Sym-H  =   -5.000 [nT]
    BSDst  ~    8.088 [nT]
           dSMRs  ~     2.03   -0.26   -1.47   -0.30 [nT, 12/18/00/06]
   DPSDst  ~   -5.273 [nT]
   Spent    48.6% of time waiting for Gamera
            12.3% of time processing Chimp(Helpers)
             7.0% of time processing IMAG
            11.7% of time processing Remix
            20.1% of time processing Tubes(Helpers)
             0.0% of time writing files
    Running @   58.071% of real-time (8 threads)
[0m  [35m
 RAIJU
      UT   = 2001-06-01 23:03:59
      Time =     4.000 [min]
     dtCpl =  5.00E+00 [sec]
     Max/Min dt @ k:
        Max 5.52E+01 [sec] @ 56
        Min 1.38E-01 [sec] @ 160
     Flav : max Press/Den @ L,MLT; DPS-dst
        0: P =   0.00, D =9075.91 @  1.54 Rp,12.07 MLT; DPS:   0.00
        1: P =   0.38, D =   0.22 @  4.42 Rp, 8.83 MLT; DPS:  -1.32
        2: P =   2.72, D =   0.40 @  3.95 Rp, 9.53 MLT; DPS:  -5.31
[0m [32m<Writing HDF5 DATA @ t =     3.917 [min] >[0m 
[32m<Writing RAIJU HDF5 DATA @ t =     4.000 [min] >[0m 
 [36m
 GAMERA
      Time =     4.000 [min]
        ts =     2643
        dt =  4.82E-02 [sec]
    dt/dt0 =   40.442%
    Spent     0.0% of time waiting for Voltron
      kZCs =   3446.83 /   1733.93 [MHD/TOT] (8 threads)
[0m       CPCP =   20.853  22.955 [kV, N/S]
 [34m
 VOLTRON
      UT   = 2001-06-01 23:04:00
      tilt =    0.000 [deg]
    Sym-H  =   -5.000 [nT]
    BSDst  ~    8.322 [nT]
           dSMRs  ~     1.90   -0.20   -1.47   -0.23 [nT, 12/18/00/06]
   DPSDst  ~   -5.281 [nT]
   Spent    49.8% of time waiting for Gamera
            12.0% of time processing Chimp(Helpers)
             6.9% of time processing IMAG
            11.5% of time processing Remix
            19.7% of time processing Tubes(Helpers)
             0.0% of time writing files
    Running @   57.965% of real-time (8 threads)
[0m  [35m
 RAIJU
      UT   = 2001-06-01 23:04:05
      Time =     4.083 [min]
     dtCpl =  5.00E+00 [sec]
     Max/Min dt @ k:
        Max 5.68E+01 [sec] @ 56
        Min 1.38E-01 [sec] @ 160
     Flav : max Press/Den @ L,MLT; DPS-dst
        0: P =   0.00, D =9075.91 @  1.54 Rp,12.07 MLT; DPS:   0.00
        1: P =   0.38, D =   0.22 @  4.46 Rp, 8.86 MLT; DPS:  -1.32
        2: P =   2.73, D =   0.40 @  3.95 Rp, 9.53 MLT; DPS:  -5.33
[0m [32m<Writing HDF5 DATA @ t =     4.000 [min] >[0m 
[32m<Writing RAIJU HDF5 DATA @ t =     4.083 [min] >[0m 
 [36m
 GAMERA
      Time =     4.084 [min]
        ts =     2747
        dt =  4.94E-02 [sec]
    dt/dt0 =   41.483%
    Spent     0.0% of time waiting for Voltron
      kZCs =   3446.55 /   1718.12 [MHD/TOT] (8 threads)
[0m       CPCP =   22.841  24.627 [kV, N/S]
 [34m
 VOLTRON
      UT   = 2001-06-01 23:04:05
      tilt =    0.000 [deg]
    Sym-H  =   -5.000 [nT]
    BSDst  ~    8.357 [nT]
           dSMRs  ~     1.72   -0.14   -1.41   -0.16 [nT, 12/18/00/06]
   DPSDst  ~   -5.290 [nT]
   Spent    50.7% of time waiting for Gamera
            11.7% of time processing Chimp(Helpers)
             6.8% of time processing IMAG
            11.3% of time processing Remix
            19.3% of time processing Tubes(Helpers)
             0.0% of time writing files
    Running @   57.882% of real-time (8 threads)
[0m  [35m
 RAIJU
      UT   = 2001-06-01 23:04:10
      Time =     4.167 [min]
     dtCpl =  5.00E+00 [sec]
     Max/Min dt @ k:
        Max 5.53E+01 [sec] @ 56
        Min 1.38E-01 [sec] @ 160
     Flav : max Press/Den @ L,MLT; DPS-dst
        0: P =   0.00, D =9075.91 @  1.54 Rp,12.07 MLT; DPS:   0.00
        1: P =   0.37, D =   0.22 @  4.46 Rp, 8.86 MLT; DPS:  -1.31
        2: P =   2.73, D =   0.40 @  3.95 Rp, 9.39 MLT; DPS:  -5.35
[0m [32m<Writing HDF5 DATA @ t =     4.084 [min] >[0m 
[32m<Writing RAIJU HDF5 DATA @ t =     4.167 [min] >[0m 
 [36m
 GAMERA
      Time =     4.167 [min]
        ts =     2846
        dt =  5.46E-02 [sec]
    dt/dt0 =   45.836%
    Spent     0.0% of time waiting for Voltron
      kZCs =   3447.51 /   1673.01 [MHD/TOT] (8 threads)
[0m       CPCP =   25.159  26.482 [kV, N/S]
 [34m
 VOLTRON
      UT   = 2001-06-01 23:04:10
      tilt =    0.000 [deg]
    Sym-H  =   -5.000 [nT]
    BSDst  ~    8.288 [nT]
           dSMRs  ~     1.60   -0.12   -1.34   -0.14 [nT, 12/18/00/06]
   DPSDst  ~   -5.302 [nT]
   Spent    51.2% of time waiting for Gamera
            11.6% of time processing Chimp(Helpers)
             6.7% of time processing IMAG
            11.3% of time processing Remix
            19.1% of time processing Tubes(Helpers)
             0.0% of time writing files
    Running @   57.853% of real-time (8 threads)
[0m  [35m
 RAIJU
      UT   = 2001-06-01 23:04:15
      Time =     4.250 [min]
     dtCpl =  5.00E+00 [sec]
     Max/Min dt @ k:
        Max 5.10E+01 [sec] @ 56
        Min 1.38E-01 [sec] @ 160
     Flav : max Press/Den @ L,MLT; DPS-dst
        0: P =   0.00, D =9075.91 @  1.54 Rp,12.07 MLT; DPS:   0.00
        1: P =   0.36, D =   0.22 @  4.46 Rp, 8.72 MLT; DPS:  -1.31
        2: P =   2.72, D =   0.40 @  3.95 Rp, 9.39 MLT; DPS:  -5.36
[0m [32m<Writing HDF5 DATA @ t =     4.167 [min] >[0m 
[32m<Writing RAIJU HDF5 DATA @ t =     4.250 [min] >[0m 
 [36m
 GAMERA
      Time =     4.251 [min]
        ts =     2929
        dt =  6.67E-02 [sec]
    dt/dt0 =   56.019%
    Spent     0.0% of time waiting for Voltron
      kZCs =   3446.11 /   1543.89 [MHD/TOT] (8 threads)
[0m       CPCP =   27.431  28.530 [kV, N/S]
 [34m
 VOLTRON
      UT   = 2001-06-01 23:04:15
      tilt =    0.000 [deg]
    Sym-H  =   -5.000 [nT]
    BSDst  ~    8.185 [nT]
           dSMRs  ~     1.56   -0.12   -1.28   -0.16 [nT, 12/18/00/06]
   DPSDst  ~   -5.310 [nT]
   Spent    51.0% of time waiting for Gamera
            11.6% of time processing Chimp(Helpers)
             6.7% of time processing IMAG
            11.3% of time processing Remix
            19.1% of time processing Tubes(Helpers)
             0.0% of time writing files
    Running @   57.995% of real-time (8 threads)
[0m  [35m
 RAIJU
      UT   = 2001-06-01 23:04:20
      Time =     4.333 [min]
     dtCpl =  5.00E+00 [sec]
     Max/Min dt @ k:
        Max 4.99E+01 [sec] @ 56
        Min 1.38E-01 [sec] @ 160
     Flav : max Press/Den @ L,MLT; DPS-dst
        0: P =   0.00, D =9075.91 @  1.54 Rp,12.07 MLT; DPS:   0.00
        1: P =   0.36, D =   0.21 @  4.47 Rp, 8.86 MLT; DPS:  -1.31
        2: P =   2.72, D =   0.40 @  3.95 Rp, 9.39 MLT; DPS:  -5.38
[0m [32m<Writing HDF5 DATA @ t =     4.251 [min] >[0m 
[32m<Writing RAIJU HDF5 DATA @ t =     4.333 [min] >[0m 
 [36m
 GAMERA
      Time =     4.334 [min]
        ts =     2999
        dt =  7.59E-02 [sec]
    dt/dt0 =   63.751%
    Spent     0.0% of time waiting for Voltron
      kZCs =   3447.30 /   1412.70 [MHD/TOT] (8 threads)
[0m       CPCP =   29.528  30.585 [kV, N/S]
 [34m
 VOLTRON
      UT   = 2001-06-01 23:04:20
      tilt =    0.000 [deg]
    Sym-H  =   -5.000 [nT]
    BSDst  ~    8.102 [nT]
           dSMRs  ~     1.56   -0.13   -1.25   -0.18 [nT, 12/18/00/06]
   DPSDst  ~   -5.319 [nT]
   Spent    50.2% of time waiting for Gamera
            11.7% of time processing Chimp(Helpers)
             6.8% of time processing IMAG
            11.6% of time processing Remix
            19.5% of time processing Tubes(Helpers)
             0.0% of time writing files
    Running @   58.306% of real-time (8 threads)
[0m  [35m
 RAIJU
      UT   = 2001-06-01 23:04:25
      Time =     4.417 [min]
     dtCpl =  5.00E+00 [sec]
     Max/Min dt @ k:
        Max 5.04E+01 [sec] @ 56
        Min 1.38E-01 [sec] @ 160
     Flav : max Press/Den @ L,MLT; DPS-dst
        0: P =   0.00, D =9075.91 @  1.54 Rp,12.07 MLT; DPS:   0.00
        1: P =   0.35, D =   0.21 @  4.47 Rp, 8.86 MLT; DPS:  -1.30
        2: P =   2.73, D =   0.40 @  3.95 Rp, 9.40 MLT; DPS:  -5.39
[0m [32m<Writing HDF5 DATA @ t =     4.334 [min] >[0m 
[32m<Writing RAIJU HDF5 DATA @ t =     4.417 [min] >[0m 
 [36m
 GAMERA
      Time =     4.417 [min]
        ts =     3062
        dt =  8.19E-02 [sec]
    dt/dt0 =   68.758%
    Spent     0.0% of time waiting for Voltron
      kZCs =   3447.02 /   1331.59 [MHD/TOT] (8 threads)
[0m       CPCP =   31.561  32.745 [kV, N/S]
 [34m
 VOLTRON
      UT   = 2001-06-01 23:04:25
      tilt =    0.000 [deg]
    Sym-H  =   -5.000 [nT]
    BSDst  ~    8.055 [nT]
           dSMRs  ~     1.61   -0.14   -1.26   -0.20 [nT, 12/18/00/06]
   DPSDst  ~   -5.325 [nT]
   Spent    49.1% of time waiting for Gamera
            12.0% of time processing Chimp(Helpers)
             7.0% of time processing IMAG
            11.8% of time processing Remix
            19.9% of time processing Tubes(Helpers)
             0.0% of time writing files
    Running @   58.700% of real-time (8 threads)
[0m  [35m
 RAIJU
      UT   = 2001-06-01 23:04:30
      Time =     4.500 [min]
     dtCpl =  5.00E+00 [sec]
     Max/Min dt @ k:
        Max 4.74E+01 [sec] @ 56
        Min 1.38E-01 [sec] @ 160
     Flav : max Press/Den @ L,MLT; DPS-dst
        0: P =   0.00, D =9075.91 @  1.54 Rp,12.07 MLT; DPS:   0.00
        1: P =   0.35, D =   0.21 @  4.47 Rp, 8.86 MLT; DPS:  -1.30
        2: P =   2.73, D =   0.40 @  3.95 Rp, 9.40 MLT; DPS:  -5.40
[0m [32m<Writing HDF5 DATA @ t =     4.417 [min] >[0m 
[32m<Writing RAIJU HDF5 DATA @ t =     4.500 [min] >[0m 
 [36m
 GAMERA
      Time =     4.501 [min]
        ts =     3122
        dt =  8.64E-02 [sec]
    dt/dt0 =   72.541%
    Spent     0.0% of time waiting for Voltron
      kZCs =   3445.77 /   1297.65 [MHD/TOT] (8 threads)
[0m       CPCP =   33.702  34.873 [kV, N/S]
 [34m
 VOLTRON
      UT   = 2001-06-01 23:04:30
      tilt =    0.000 [deg]
    Sym-H  =   -5.000 [nT]
    BSDst  ~    8.059 [nT]
           dSMRs  ~     1.68   -0.15   -1.31   -0.22 [nT, 12/18/00/06]
   DPSDst  ~   -5.331 [nT]
   Spent    48.0% of time waiting for Gamera
            12.2% of time processing Chimp(Helpers)
             7.1% of time processing IMAG
            12.1% of time processing Remix
            20.3% of time processing Tubes(Helpers)
             0.0% of time writing files
    Running @   59.169% of real-time (8 threads)
[0m  [35m
 RAIJU
      UT   = 2001-06-01 23:04:35
      Time =     4.583 [min]
     dtCpl =  5.00E+00 [sec]
     Max/Min dt @ k:
        Max 4.29E+01 [sec] @ 56
        Min 1.38E-01 [sec] @ 160
     Flav : max Press/Den @ L,MLT; DPS-dst
        0: P =   0.00, D =9075.91 @  1.54 Rp,12.07 MLT; DPS:   0.00
        1: P =   0.34, D =   0.34 @  4.76 Rp, 9.92 MLT; DPS:  -1.30
        2: P =   2.74, D =   0.40 @  3.95 Rp, 9.40 MLT; DPS:  -5.42
[0m [32m<Writing HDF5 DATA @ t =     4.501 [min] >[0m 
[32m<Writing RAIJU HDF5 DATA @ t =     4.583 [min] >[0m 
 [36m
 GAMERA
      Time =     4.583 [min]
        ts =     3178
        dt =  8.98E-02 [sec]
    dt/dt0 =   75.445%
    Spent     0.0% of time waiting for Voltron
      kZCs =   3449.26 /   1245.78 [MHD/TOT] (8 threads)
[0m       CPCP =   35.679  36.833 [kV, N/S]
 [34m
 VOLTRON
      UT   = 2001-06-01 23:04:35
      tilt =    0.000 [deg]
    Sym-H  =   -5.000 [nT]
    BSDst  ~    8.145 [nT]
           dSMRs  ~     1.79   -0.17   -1.38   -0.24 [nT, 12/18/00/06]
   DPSDst  ~   -5.336 [nT]
   Spent    46.9% of time waiting for Gamera
            12.5% of time processing Chimp(Helpers)
             7.3% of time processing IMAG
            12.4% of time processing Remix
            20.8% of time processing Tubes(Helpers)
             0.0% of time writing files
    Running @   59.637% of real-time (8 threads)
[0m  [35m
 RAIJU
      UT   = 2001-06-01 23:04:40
      Time =     4.667 [min]
     dtCpl =  5.00E+00 [sec]
     Max/Min dt @ k:
        Max 3.98E+01 [sec] @ 57
        Min 1.38E-01 [sec] @ 160
     Flav : max Press/Den @ L,MLT; DPS-dst
        0: P =   0.00, D =9075.91 @  1.54 Rp,12.07 MLT; DPS:   0.00
        1: P =   0.34, D =   0.33 @  4.76 Rp, 9.79 MLT; DPS:  -1.29
        2: P =   2.74, D =   0.41 @  3.95 Rp, 9.40 MLT; DPS:  -5.43
[0m [32m<Writing HDF5 DATA @ t =     4.583 [min] >[0m 
[32m<Writing RAIJU HDF5 DATA @ t =     4.667 [min] >[0m 
 [36m
 GAMERA
      Time =     4.668 [min]
        ts =     3234
        dt =  9.03E-02 [sec]
    dt/dt0 =   75.849%
    Spent     0.0% of time waiting for Voltron
      kZCs =   3447.97 /   1246.70 [MHD/TOT] (8 threads)
[0m       CPCP =   37.752  38.781 [kV, N/S]
 [34m
 VOLTRON
      UT   = 2001-06-01 23:04:40
      tilt =    0.000 [deg]
    Sym-H  =   -5.000 [nT]
    BSDst  ~    8.331 [nT]
           dSMRs  ~     1.93   -0.18   -1.49   -0.26 [nT, 12/18/00/06]
   DPSDst  ~   -5.342 [nT]
   Spent    45.9% of time waiting for Gamera
            12.7% of time processing Chimp(Helpers)
             7.4% of time processing IMAG
            12.6% of time processing Remix
            21.2% of time processing Tubes(Helpers)
             0.0% of time writing files
    Running @   60.149% of real-time (8 threads)
[0m  [35m
 RAIJU
      UT   = 2001-06-01 23:04:45
      Time =     4.750 [min]
     dtCpl =  5.00E+00 [sec]
     Max/Min dt @ k:
        Max 3.78E+01 [sec] @ 57
        Min 1.38E-01 [sec] @ 160
     Flav : max Press/Den @ L,MLT; DPS-dst
        0: P =   0.00, D =9075.91 @  1.54 Rp,12.07 MLT; DPS:   0.00
        1: P =   0.34, D =   0.33 @  4.75 Rp, 9.93 MLT; DPS:  -1.29
        2: P =   2.75, D =   0.41 @  3.95 Rp, 9.40 MLT; DPS:  -5.44
[0m [32m<Writing HDF5 DATA @ t =     4.668 [min] >[0m 
[32m<Writing RAIJU HDF5 DATA @ t =     4.750 [min] >[0m 
 [36m
 GAMERA
      Time =     4.750 [min]
        ts =     3289
        dt =  8.54E-02 [sec]
    dt/dt0 =   71.749%
    Spent     0.0% of time waiting for Voltron
      kZCs =   3446.40 /   1233.89 [MHD/TOT] (8 threads)
[0m       CPCP =   39.748  40.530 [kV, N/S]
 [34m
 VOLTRON
      UT   = 2001-06-01 23:04:45
      tilt =    0.000 [deg]
    Sym-H  =   -5.000 [nT]
    BSDst  ~    8.535 [nT]
           dSMRs  ~     2.03   -0.17   -1.59   -0.28 [nT, 12/18/00/06]
   DPSDst  ~   -5.348 [nT]
   Spent    45.0% of time waiting for Gamera
            13.0% of time processing Chimp(Helpers)
             7.5% of time processing IMAG
            12.8% of time processing Remix
            21.5% of time processing Tubes(Helpers)
             0.0% of time writing files
    Running @   60.609% of real-time (8 threads)
[0m  [35m
 RAIJU
      UT   = 2001-06-01 23:04:50
      Time =     4.833 [min]
     dtCpl =  5.00E+00 [sec]
     Max/Min dt @ k:
        Max 3.66E+01 [sec] @ 57
        Min 1.38E-01 [sec] @ 160
     Flav : max Press/Den @ L,MLT; DPS-dst
        0: P =   0.00, D =9075.91 @  1.54 Rp,12.07 MLT; DPS:   0.00
        1: P =   0.33, D =   0.33 @  4.75 Rp, 9.93 MLT; DPS:  -1.29
        2: P =   2.76, D =   0.41 @  3.95 Rp, 9.26 MLT; DPS:  -5.45
[0m [32m<Writing HDF5 DATA @ t =     4.750 [min] >[0m 
[32m<Writing RAIJU HDF5 DATA @ t =     4.833 [min] >[0m 
 [36m
 GAMERA
      Time =     4.834 [min]
        ts =     3359
        dt =  6.09E-02 [sec]
    dt/dt0 =   51.176%
    Spent     0.0% of time waiting for Voltron
      kZCs =   3447.42 /   1416.87 [MHD/TOT] (8 threads)
[0m       CPCP =   41.942  42.296 [kV, N/S]
 [34m
 VOLTRON
      UT   = 2001-06-01 23:04:50
      tilt =    0.000 [deg]
    Sym-H  =   -5.000 [nT]
    BSDst  ~    8.734 [nT]
           dSMRs  ~     2.10   -0.17   -1.67   -0.26 [nT, 12/18/00/06]
   DPSDst  ~   -5.352 [nT]
   Spent    45.1% of time waiting for Gamera
            12.9% of time processing Chimp(Helpers)
             7.5% of time processing IMAG
            12.8% of time processing Remix
            21.5% of time processing Tubes(Helpers)
             0.0% of time writing files
    Running @   60.864% of real-time (8 threads)
[0m  [35m
 RAIJU
      UT   = 2001-06-01 23:04:55
      Time =     4.917 [min]
     dtCpl =  5.00E+00 [sec]
     Max/Min dt @ k:
        Max 3.53E+01 [sec] @ 57
        Min 1.38E-01 [sec] @ 160
     Flav : max Press/Den @ L,MLT; DPS-dst
        0: P =   0.00, D =9075.91 @  1.54 Rp,12.07 MLT; DPS:   0.00
        1: P =   0.33, D =   0.33 @  4.75 Rp, 9.93 MLT; DPS:  -1.28
        2: P =   2.76, D =   0.41 @  3.95 Rp, 9.26 MLT; DPS:  -5.46
[0m [32m<Writing HDF5 DATA @ t =     4.834 [min] >[0m 
[32m<Writing RAIJU HDF5 DATA @ t =     4.917 [min] >[0m 
 [36m
 GAMERA
      Time =     4.917 [min]
        ts =     3453
        dt =  4.34E-02 [sec]
    dt/dt0 =   36.436%
    Spent     0.0% of time waiting for Voltron
      kZCs =   3448.40 /   1645.91 [MHD/TOT] (8 threads)
[0m       CPCP =   44.271  44.260 [kV, N/S]
 [34m
 VOLTRON
      UT   = 2001-06-01 23:04:55
      tilt =    0.000 [deg]
    Sym-H  =   -5.000 [nT]
    BSDst  ~    8.915 [nT]
           dSMRs  ~     2.14   -0.17   -1.72   -0.25 [nT, 12/18/00/06]
   DPSDst  ~   -5.357 [nT]
   Spent    46.4% of time waiting for Gamera
            12.6% of time processing Chimp(Helpers)
             7.4% of time processing IMAG
            12.5% of time processing Remix
            21.0% of time processing Tubes(Helpers)
             0.0% of time writing files
    Running @   60.784% of real-time (8 threads)
[0m  [35m
 RAIJU
      UT   = 2001-06-01 23:04:59
      Time =     5.000 [min]
     dtCpl =  5.00E+00 [sec]
     Max/Min dt @ k:
        Max 3.41E+01 [sec] @ 57
        Min 1.38E-01 [sec] @ 160
     Flav : max Press/Den @ L,MLT; DPS-dst
        0: P =   0.00, D =9075.91 @  1.54 Rp,12.07 MLT; DPS:   0.00
        1: P =   0.33, D =   0.33 @  4.75 Rp,10.19 MLT; DPS:  -1.28
        2: P =   2.77, D =   0.41 @  3.95 Rp, 9.26 MLT; DPS:  -5.48
[0m [32m<Writing HDF5 DATA @ t =     4.917 [min] >[0m 
[32m<Writing RAIJU HDF5 DATA @ t =     5.000 [min] >[0m 
 [36m
 GAMERA
      Time =     5.000 [min]
        ts =     3600
        dt =  3.01E-02 [sec]
    dt/dt0 =   25.316%
    Spent     0.0% of time waiting for Voltron
      kZCs =   3446.66 /   1976.96 [MHD/TOT] (8 threads)
[0m       CPCP =   46.531  46.474 [kV, N/S]
 [34m
 VOLTRON
      UT   = 2001-06-01 23:05:00
      tilt =    0.000 [deg]
    Sym-H  =   -5.000 [nT]
    BSDst  ~    9.098 [nT]
           dSMRs  ~     2.21   -0.16   -1.78   -0.26 [nT, 12/18/00/06]
   DPSDst  ~   -5.363 [nT]
   Spent    49.1% of time waiting for Gamera
            12.0% of time processing Chimp(Helpers)
             7.0% of time processing IMAG
            11.8% of time processing Remix
            19.9% of time processing Tubes(Helpers)
             0.0% of time writing files
    Running @   60.274% of real-time (8 threads)
[0m  [35m
 RAIJU
      UT   = 2001-06-01 23:05:05
      Time =     5.083 [min]
     dtCpl =  5.00E+00 [sec]
     Max/Min dt @ k:
        Max 3.31E+01 [sec] @ 57
        Min 1.38E-01 [sec] @ 160
     Flav : max Press/Den @ L,MLT; DPS-dst
        0: P =   0.00, D =9075.91 @  1.54 Rp,12.07 MLT; DPS:   0.00
        1: P =   0.33, D =   0.33 @  4.74 Rp,10.19 MLT; DPS:  -1.27
        2: P =   2.78, D =   0.41 @  3.95 Rp, 9.26 MLT; DPS:  -5.49
[0m [32m<Writing HDF5 DATA @ t =     5.000 [min] >[0m 
[32m<Writing RAIJU HDF5 DATA @ t =     5.083 [min] >[0m 
 [36m
 GAMERA
      Time =     5.083 [min]
        ts =     3753
        dt =  3.44E-02 [sec]
    dt/dt0 =   28.857%
    Spent     0.0% of time waiting for Voltron
      kZCs =   3448.50 /   2005.99 [MHD/TOT] (8 threads)
[0m       CPCP =   48.766  48.501 [kV, N/S]
 [34m
 VOLTRON
      UT   = 2001-06-01 23:05:05
      tilt =    0.000 [deg]
    Sym-H  =   -5.000 [nT]
    BSDst  ~    9.283 [nT]
           dSMRs  ~     2.30   -0.15   -1.85   -0.29 [nT, 12/18/00/06]
   DPSDst  ~   -5.370 [nT]
   Spent    51.2% of time waiting for Gamera
            11.4% of time processing Chimp(Helpers)
             6.6% of time processing IMAG
            11.2% of time processing Remix
            18.9% of time processing Tubes(Helpers)
             0.4% of time writing files
    Running @   59.684% of real-time (8 threads)
[0m  [35m
 RAIJU
      UT   = 2001-06-01 23:05:10
      Time =     5.167 [min]
     dtCpl =  5.00E+00 [sec]
     Max/Min dt @ k:
        Max 3.20E+01 [sec] @ 58
        Min 1.38E-01 [sec] @ 160
     Flav : max Press/Den @ L,MLT; DPS-dst
        0: P =   0.00, D =9075.91 @  1.54 Rp,12.07 MLT; DPS:   0.00
        1: P =   0.32, D =   0.33 @  4.74 Rp, 9.92 MLT; DPS:  -1.27
        2: P =   2.78, D =   0.41 @  3.95 Rp, 9.26 MLT; DPS:  -5.50
[0m [32m<Writing HDF5 DATA @ t =     5.083 [min] >[0m 
[32m<Writing RAIJU HDF5 DATA @ t =     5.167 [min] >[0m 
 [36m
 GAMERA
      Time =     5.167 [min]
        ts =     3885
        dt =  4.30E-02 [sec]
    dt/dt0 =   36.098%
    Spent     0.0% of time waiting for Voltron
      kZCs =   3448.47 /   1899.91 [MHD/TOT] (8 threads)
[0m       CPCP =   51.092  50.344 [kV, N/S]
 [34m
 VOLTRON
      UT   = 2001-06-01 23:05:10
      tilt =    0.000 [deg]
    Sym-H  =   -5.000 [nT]
    BSDst  ~    9.463 [nT]
           dSMRs  ~     2.37   -0.14   -1.92   -0.32 [nT, 12/18/00/06]
   DPSDst  ~   -5.380 [nT]
   Spent    52.8% of time waiting for Gamera
            11.0% of time processing Chimp(Helpers)
             6.4% of time processing IMAG
            10.9% of time processing Remix
            18.3% of time processing Tubes(Helpers)
             0.4% of time writing files
    Running @   59.315% of real-time (8 threads)
[0m  [35m
 RAIJU
      UT   = 2001-06-01 23:05:15
      Time =     5.250 [min]
     dtCpl =  5.00E+00 [sec]
     Max/Min dt @ k:
        Max 3.10E+01 [sec] @ 58
        Min 1.38E-01 [sec] @ 160
     Flav : max Press/Den @ L,MLT; DPS-dst
        0: P =   0.00, D =9075.91 @  1.54 Rp,12.07 MLT; DPS:   0.00
        1: P =   0.32, D =   0.33 @  4.74 Rp, 9.92 MLT; DPS:  -1.27
        2: P =   2.79, D =   0.41 @  3.94 Rp, 9.26 MLT; DPS:  -5.51
[0m [32m<Writing HDF5 DATA @ t =     5.167 [min] >[0m 
[32m<Writing RAIJU HDF5 DATA @ t =     5.250 [min] >[0m 
 [36m
 GAMERA
      Time =     5.251 [min]
        ts =     3952
        dt =  8.36E-02 [sec]
    dt/dt0 =   70.215%
    Spent     0.0% of time waiting for Voltron
      kZCs =   3447.76 /   1383.50 [MHD/TOT] (8 threads)
[0m       CPCP =   53.536  52.416 [kV, N/S]
 [34m
 VOLTRON
      UT   = 2001-06-01 23:05:15
      tilt =    0.000 [deg]
    Sym-H  =   -5.000 [nT]
    BSDst  ~    9.597 [nT]
           dSMRs  ~     2.38   -0.14   -1.95   -0.30 [nT, 12/18/00/06]
   DPSDst  ~   -5.387 [nT]
   Spent    51.6% of time waiting for Gamera
            11.3% of time processing Chimp(Helpers)
             6.6% of time processing IMAG
            11.2% of time processing Remix
            18.8% of time processing Tubes(Helpers)
             0.3% of time writing files
    Running @   59.648% of real-time (8 threads)
[0m  [35m
 RAIJU
      UT   = 2001-06-01 23:05:20
      Time =     5.333 [min]
     dtCpl =  5.00E+00 [sec]
     Max/Min dt @ k:
        Max 3.01E+01 [sec] @ 58
        Min 1.38E-01 [sec] @ 160
     Flav : max Press/Den @ L,MLT; DPS-dst
        0: P =   0.00, D =9075.91 @  1.54 Rp,12.07 MLT; DPS:   0.00
        1: P =   0.32, D =   0.32 @  4.74 Rp, 9.92 MLT; DPS:  -1.26
        2: P =   2.79, D =   0.41 @  3.94 Rp, 9.13 MLT; DPS:  -5.52
[0m [32m<Writing HDF5 DATA @ t =     5.251 [min] >[0m 
[32m<Writing RAIJU HDF5 DATA @ t =     5.333 [min] >[0m 
 [36m
 GAMERA
      Time =     5.334 [min]
        ts =     4017
        dt =  7.20E-02 [sec]
    dt/dt0 =   60.509%
    Spent     0.0% of time waiting for Voltron
      kZCs =   3449.45 /   1360.95 [MHD/TOT] (8 threads)
[0m       CPCP =   55.581  54.177 [kV, N/S]
 [34m
 VOLTRON
      UT   = 2001-06-01 23:05:20
      tilt =    0.000 [deg]
    Sym-H  =   -5.000 [nT]
    BSDst  ~    9.737 [nT]
           dSMRs  ~     2.37   -0.14   -1.95   -0.27 [nT, 12/18/00/06]
   DPSDst  ~   -5.401 [nT]
   Spent    50.4% of time waiting for Gamera
            11.6% of time processing Chimp(Helpers)
             6.8% of time processing IMAG
            11.5% of time processing Remix
            19.3% of time processing Tubes(Helpers)
             0.3% of time writing files
    Running @   60.001% of real-time (8 threads)
[0m  [35m
 RAIJU
      UT   = 2001-06-01 23:05:25
      Time =     5.417 [min]
     dtCpl =  5.00E+00 [sec]
     Max/Min dt @ k:
        Max 2.94E+01 [sec] @ 58
        Min 1.38E-01 [sec] @ 160
     Flav : max Press/Den @ L,MLT; DPS-dst
        0: P =   0.00, D =9075.91 @  1.54 Rp,12.07 MLT; DPS:   0.00
        1: P =   0.31, D =   0.32 @  4.74 Rp, 9.92 MLT; DPS:  -1.26
        2: P =   2.80, D =   0.41 @  3.94 Rp, 9.13 MLT; DPS:  -5.54
[0m [32m<Writing HDF5 DATA @ t =     5.334 [min] >[0m 
[32m<Writing RAIJU HDF5 DATA @ t =     5.417 [min] >[0m 
 [36m
 GAMERA
      Time =     5.417 [min]
        ts =     4093
        dt =  5.95E-02 [sec]
    dt/dt0 =   50.013%
    Spent     0.0% of time waiting for Voltron
      kZCs =   3448.94 /   1480.01 [MHD/TOT] (8 threads)
[0m       CPCP =   57.630  55.948 [kV, N/S]
 [34m
 VOLTRON
      UT   = 2001-06-01 23:05:25
      tilt =    0.000 [deg]
    Sym-H  =   -5.000 [nT]
    BSDst  ~    9.879 [nT]
           dSMRs  ~     2.37   -0.12   -1.98   -0.27 [nT, 12/18/00/06]
   DPSDst  ~   -5.407 [nT]
   Spent    50.0% of time waiting for Gamera
            11.7% of time processing Chimp(Helpers)
             6.8% of time processing IMAG
            11.6% of time processing Remix
            19.5% of time processing Tubes(Helpers)
             0.2% of time writing files
    Running @   60.160% of real-time (8 threads)
[0m  [35m
 RAIJU
      UT   = 2001-06-01 23:05:30
      Time =     5.500 [min]
     dtCpl =  5.00E+00 [sec]
     Max/Min dt @ k:
        Max 2.86E+01 [sec] @ 58
        Min 1.38E-01 [sec] @ 160
     Flav : max Press/Den @ L,MLT; DPS-dst
        0: P =   0.00, D =9075.91 @  1.54 Rp,12.07 MLT; DPS:   0.00
        1: P =   0.31, D =   0.32 @  4.74 Rp, 9.92 MLT; DPS:  -1.26
        2: P =   2.80, D =   0.41 @  3.94 Rp, 9.13 MLT; DPS:  -5.55
[0m [32m<Writing HDF5 DATA @ t =     5.417 [min] >[0m 
[32m<Writing RAIJU HDF5 DATA @ t =     5.500 [min] >[0m 
 [36m
 GAMERA
      Time =     5.500 [min]
        ts =     4183
        dt =  5.25E-02 [sec]
    dt/dt0 =   44.108%
    Spent     0.0% of time waiting for Voltron
      kZCs =   3448.28 /   1611.60 [MHD/TOT] (8 threads)
[0m       CPCP =   59.586  57.757 [kV, N/S]
 [34m
 VOLTRON
      UT   = 2001-06-01 23:05:30
      tilt =    0.000 [deg]
    Sym-H  =   -5.000 [nT]
    BSDst  ~   10.046 [nT]
           dSMRs  ~     2.41   -0.10   -2.04   -0.26 [nT, 12/18/00/06]
   DPSDst  ~   -5.417 [nT]
   Spent    50.4% of time waiting for Gamera
            11.6% of time processing Chimp(Helpers)
             6.8% of time processing IMAG
            11.5% of time processing Remix
            19.4% of time processing Tubes(Helpers)
             0.2% of time writing files
    Running @   60.145% of real-time (8 threads)
[0m  [35m
 RAIJU
      UT   = 2001-06-01 23:05:35
      Time =     5.583 [min]
     dtCpl =  5.00E+00 [sec]
     Max/Min dt @ k:
        Max 2.81E+01 [sec] @ 58
        Min 1.38E-01 [sec] @ 160
     Flav : max Press/Den @ L,MLT; DPS-dst
        0: P =   0.00, D =9075.91 @  1.54 Rp,12.07 MLT; DPS:   0.00
        1: P =   0.31, D =   0.32 @  4.73 Rp, 9.93 MLT; DPS:  -1.26
        2: P =   2.81, D =   0.41 @  3.94 Rp, 9.13 MLT; DPS:  -5.56
[0m [32m<Writing HDF5 DATA @ t =     5.500 [min] >[0m 
[32m<Writing RAIJU HDF5 DATA @ t =     5.583 [min] >[0m 
 [36m
 GAMERA
      Time =     5.584 [min]
        ts =     4277
        dt =  5.56E-02 [sec]
    dt/dt0 =   46.723%
    Spent     0.0% of time waiting for Voltron
      kZCs =   3447.12 /   1646.93 [MHD/TOT] (8 threads)
[0m       CPCP =   61.284  59.445 [kV, N/S]
 [34m
 VOLTRON
      UT   = 2001-06-01 23:05:35
      tilt =    0.000 [deg]
    Sym-H  =   -5.000 [nT]
    BSDst  ~   10.214 [nT]
           dSMRs  ~     2.42   -0.08   -2.09   -0.25 [nT, 12/18/00/06]
   DPSDst  ~   -5.425 [nT]
   Spent    50.8% of time waiting for Gamera
            11.5% of time processing Chimp(Helpers)
             6.8% of time processing IMAG
            11.4% of time processing Remix
            19.2% of time processing Tubes(Helpers)
             0.2% of time writing files
    Running @   60.104% of real-time (8 threads)
[0m  [35m
 RAIJU
      UT   = 2001-06-01 23:05:40
      Time =     5.667 [min]
     dtCpl =  5.00E+00 [sec]
     Max/Min dt @ k:
        Max 2.75E+01 [sec] @ 58
        Min 1.38E-01 [sec] @ 160
     Flav : max Press/Den @ L,MLT; DPS-dst
        0: P =   0.00, D =9075.91 @  1.54 Rp,12.07 MLT; DPS:   0.00
        1: P =   0.30, D =   0.32 @  4.73 Rp, 9.79 MLT; DPS:  -1.25
        2: P =   2.82, D =   0.41 @  3.94 Rp, 8.99 MLT; DPS:  -5.57
[0m [32m<Writing HDF5 DATA @ t =     5.584 [min] >[0m 
[32m<Writing RAIJU HDF5 DATA @ t =     5.667 [min] >[0m 
 [36m
 GAMERA
      Time =     5.667 [min]
        ts =     4362
        dt =  6.19E-02 [sec]
    dt/dt0 =   51.985%
    Spent     0.0% of time waiting for Voltron
      kZCs =   3447.32 /   1570.75 [MHD/TOT] (8 threads)
[0m       CPCP =   62.829  60.924 [kV, N/S]
 [34m
 VOLTRON
      UT   = 2001-06-01 23:05:40
      tilt =    0.000 [deg]
    Sym-H  =   -5.000 [nT]
    BSDst  ~   10.363 [nT]
           dSMRs  ~     2.41   -0.06   -2.12   -0.22 [nT, 12/18/00/06]
   DPSDst  ~   -5.432 [nT]
   Spent    50.8% of time waiting for Gamera
            11.4% of time processing Chimp(Helpers)
             6.8% of time processing IMAG
            11.4% of time processing Remix
            19.2% of time processing Tubes(Helpers)
             0.1% of time writing files
    Running @   60.157% of real-time (8 threads)
[0m  [35m
 RAIJU
      UT   = 2001-06-01 23:05:45
      Time =     5.750 [min]
     dtCpl =  5.00E+00 [sec]
     Max/Min dt @ k:
        Max 2.69E+01 [sec] @ 58
        Min 1.38E-01 [sec] @ 160
     Flav : max Press/Den @ L,MLT; DPS-dst
        0: P =   0.00, D =9075.91 @  1.54 Rp,12.07 MLT; DPS:   0.00
        1: P =   0.30, D =   0.32 @  4.73 Rp, 9.79 MLT; DPS:  -1.25
        2: P =   2.82, D =   0.41 @  3.94 Rp, 8.99 MLT; DPS:  -5.58
[0m [32m<Writing HDF5 DATA @ t =     5.667 [min] >[0m 
[32m<Writing RAIJU HDF5 DATA @ t =     5.750 [min] >[0m 
 [36m
 GAMERA
      Time =     5.751 [min]
        ts =     4443
        dt =  6.08E-02 [sec]
    dt/dt0 =   51.067%
    Spent     0.0% of time waiting for Voltron
      kZCs =   3448.81 /   1533.73 [MHD/TOT] (8 threads)
[0m       CPCP =   64.105  62.160 [kV, N/S]
 [34m
 VOLTRON
      UT   = 2001-06-01 23:05:45
      tilt =    0.000 [deg]
    Sym-H  =   -5.000 [nT]
    BSDst  ~   10.530 [nT]
           dSMRs  ~     2.39   -0.04   -2.15   -0.20 [nT, 12/18/00/06]
   DPSDst  ~   -5.441 [nT]
   Spent    50.7% of time waiting for Gamera
            11.5% of time processing Chimp(Helpers)
             6.8% of time processing IMAG
            11.4% of time processing Remix
            19.3% of time processing Tubes(Helpers)
             0.1% of time writing files
    Running @   60.265% of real-time (8 threads)
[0m  [35m
 RAIJU
      UT   = 2001-06-01 23:05:50
      Time =     5.833 [min]
     dtCpl =  5.00E+00 [sec]
     Max/Min dt @ k:
        Max 2.63E+01 [sec] @ 58
        Min 1.38E-01 [sec] @ 160
     Flav : max Press/Den @ L,MLT; DPS-dst
        0: P =   0.00, D =9075.91 @  1.54 Rp,12.07 MLT; DPS:   0.00
        1: P =   0.30, D =   0.32 @  4.73 Rp, 9.66 MLT; DPS:  -1.25
        2: P =   2.83, D =   0.41 @  3.94 Rp, 8.86 MLT; DPS:  -5.60
[0m [32m<Writing HDF5 DATA @ t =     5.751 [min] >[0m 
[32m<Writing RAIJU HDF5 DATA @ t =     5.833 [min] >[0m 
 [36m
 GAMERA
      Time =     5.834 [min]
        ts =     4526
        dt =  6.12E-02 [sec]
    dt/dt0 =   51.410%
    Spent     0.0% of time waiting for Voltron
      kZCs =   3449.80 /   1553.04 [MHD/TOT] (8 threads)
[0m       CPCP =   64.870  62.927 [kV, N/S]
 [34m
 VOLTRON
      UT   = 2001-06-01 23:05:50
      tilt =    0.000 [deg]
    Sym-H  =   -5.000 [nT]
    BSDst  ~   10.682 [nT]
           dSMRs  ~     2.37   -0.01   -2.18   -0.18 [nT, 12/18/00/06]
   DPSDst  ~   -5.449 [nT]
   Spent    50.6% of time waiting for Gamera
            11.5% of time processing Chimp(Helpers)
             6.8% of time processing IMAG
            11.4% of time processing Remix
            19.4% of time processing Tubes(Helpers)
             0.1% of time writing files
    Running @   60.355% of real-time (8 threads)
[0m  [35m
 RAIJU
      UT   = 2001-06-01 23:05:55
      Time =     5.917 [min]
     dtCpl =  5.00E+00 [sec]
     Max/Min dt @ k:
        Max 2.59E+01 [sec] @ 58
        Min 1.38E-01 [sec] @ 160
     Flav : max Press/Den @ L,MLT; DPS-dst
        0: P =   0.00, D =9075.91 @  1.54 Rp,12.07 MLT; DPS:   0.00
        1: P =   0.29, D =   0.31 @  4.73 Rp, 9.66 MLT; DPS:  -1.25
        2: P =   2.83, D =   0.41 @  3.94 Rp, 8.33 MLT; DPS:  -5.61
[0m [32m<Writing HDF5 DATA @ t =     5.834 [min] >[0m 
[32m<Writing RAIJU HDF5 DATA @ t =     5.917 [min] >[0m 
 [36m
 GAMERA
      Time =     5.918 [min]
        ts =     4605
        dt =  6.58E-02 [sec]
    dt/dt0 =   55.284%
    Spent     0.0% of time waiting for Voltron
      kZCs =   3448.80 /   1515.16 [MHD/TOT] (8 threads)
[0m       CPCP =   64.804  63.131 [kV, N/S]
 [34m
 VOLTRON
      UT   = 2001-06-01 23:05:55
      tilt =    0.000 [deg]
    Sym-H  =   -5.000 [nT]
    BSDst  ~   10.793 [nT]
           dSMRs  ~     2.34    0.00   -2.20   -0.14 [nT, 12/18/00/06]
   DPSDst  ~   -5.462 [nT]
   Spent    50.4% of time waiting for Gamera
            11.5% of time processing Chimp(Helpers)
             6.9% of time processing IMAG
            11.5% of time processing Remix
            19.5% of time processing Tubes(Helpers)
             0.1% of time writing files
    Running @   60.482% of real-time (8 threads)
[0m  [35m
 RAIJU
      UT   = 2001-06-01 23:05:59
      Time =     6.000 [min]
     dtCpl =  5.00E+00 [sec]
     Max/Min dt @ k:
        Max 2.56E+01 [sec] @ 59
        Min 1.38E-01 [sec] @ 160
     Flav : max Press/Den @ L,MLT; DPS-dst
        0: P =   0.00, D =9075.91 @  1.54 Rp,12.07 MLT; DPS:   0.00
        1: P =   0.29, D =   0.31 @  4.73 Rp, 9.52 MLT; DPS:  -1.24
        2: P =   2.84, D =   0.41 @  3.94 Rp, 8.33 MLT; DPS:  -5.62
[0m [32m<Writing HDF5 DATA @ t =     5.918 [min] >[0m 
[32m<Writing RAIJU HDF5 DATA @ t =     6.000 [min] >[0m 
 [36m
 GAMERA
      Time =     6.000 [min]
        ts =     4678
        dt =  7.01E-02 [sec]
    dt/dt0 =   58.888%
    Spent     0.0% of time waiting for Voltron
      kZCs =   3447.99 /   1455.44 [MHD/TOT] (8 threads)
[0m       CPCP =   64.032  62.893 [kV, N/S]
 [34m
 VOLTRON
      UT   = 2001-06-01 23:06:00
      tilt =    0.000 [deg]
    Sym-H  =   -5.000 [nT]
    BSDst  ~   10.899 [nT]
           dSMRs  ~     2.29    0.03   -2.20   -0.12 [nT, 12/18/00/06]
   DPSDst  ~   -5.466 [nT]
   Spent    49.9% of time waiting for Gamera
            11.7% of time processing Chimp(Helpers)
             6.9% of time processing IMAG
            11.6% of time processing Remix
            19.7% of time processing Tubes(Helpers)
             0.1% of time writing files
    Running @   60.673% of real-time (8 threads)
[0m  [35m
 RAIJU
      UT   = 2001-06-01 23:06:05
      Time =     6.083 [min]
     dtCpl =  5.00E+00 [sec]
     Max/Min dt @ k:
        Max 2.55E+01 [sec] @ 59
        Min 1.38E-01 [sec] @ 160
     Flav : max Press/Den @ L,MLT; DPS-dst
        0: P =   0.00, D =9075.91 @  1.54 Rp,12.07 MLT; DPS:   0.00
        1: P =   0.29, D =   0.31 @  4.74 Rp, 8.25 MLT; DPS:  -1.24
        2: P =   2.84, D =   0.41 @  3.94 Rp, 8.19 MLT; DPS:  -5.63
[0m [32m<Writing HDF5 DATA @ t =     6.000 [min] >[0m 
[32m<Writing RAIJU HDF5 DATA @ t =     6.083 [min] >[0m 
 [36m
 GAMERA
      Time =     6.084 [min]
        ts =     4748
        dt =  6.97E-02 [sec]
    dt/dt0 =   58.539%
    Spent     0.0% of time waiting for Voltron
      kZCs =   3449.61 /   1425.58 [MHD/TOT] (8 threads)
[0m       CPCP =   62.404  61.854 [kV, N/S]
 [34m
 VOLTRON
      UT   = 2001-06-01 23:06:05
      tilt =    0.000 [deg]
    Sym-H  =   -5.000 [nT]
    BSDst  ~   11.024 [nT]
           dSMRs  ~     2.22    0.05   -2.18   -0.09 [nT, 12/18/00/06]
   DPSDst  ~   -5.476 [nT]
   Spent    49.3% of time waiting for Gamera
            11.8% of time processing Chimp(Helpers)
             7.0% of time processing IMAG
            11.7% of time processing Remix
            19.9% of time processing Tubes(Helpers)
             0.1% of time writing files
    Running @   60.920% of real-time (8 threads)
[0m  [35m
 RAIJU
      UT   = 2001-06-01 23:06:10
      Time =     6.167 [min]
     dtCpl =  5.00E+00 [sec]
     Max/Min dt @ k:
        Max 2.57E+01 [sec] @ 58
        Min 1.38E-01 [sec] @ 160
     Flav : max Press/Den @ L,MLT; DPS-dst
        0: P =   0.00, D =9075.91 @  1.54 Rp,12.07 MLT; DPS:   0.00
        1: P =   0.29, D =   5.18 @  9.10 Rp,12.23 MLT; DPS:  -1.24
        2: P =   2.85, D =   0.41 @  3.94 Rp, 8.06 MLT; DPS:  -5.64
[0m [32m<Writing HDF5 DATA @ t =     6.084 [min] >[0m 
[32m<Writing RAIJU HDF5 DATA @ t =     6.167 [min] >[0m 
 [36m
 GAMERA
      Time =     6.167 [min]
        ts =     4821
        dt =  7.47E-02 [sec]
    dt/dt0 =   62.769%
    Spent     0.0% of time waiting for Voltron
      kZCs =   3448.66 /   1462.90 [MHD/TOT] (8 threads)
[0m       CPCP =   60.517  60.136 [kV, N/S]
 [34m
 VOLTRON
      UT   = 2001-06-01 23:06:10
      tilt =    0.000 [deg]
    Sym-H  =   -5.000 [nT]
    BSDst  ~   11.169 [nT]
           dSMRs  ~     2.22    0.04   -2.18   -0.09 [nT, 12/18/00/06]
   DPSDst  ~   -5.484 [nT]
   Spent    49.0% of time waiting for Gamera
            11.8% of time processing Chimp(Helpers)
             7.1% of time processing IMAG
            11.8% of time processing Remix
            20.1% of time processing Tubes(Helpers)
             0.1% of time writing files
    Running @   61.129% of real-time (8 threads)
[0m  [35m
 RAIJU
      UT   = 2001-06-01 23:06:15
      Time =     6.250 [min]
     dtCpl =  5.00E+00 [sec]
     Max/Min dt @ k:
        Max 2.61E+01 [sec] @ 58
        Min 1.38E-01 [sec] @ 160
     Flav : max Press/Den @ L,MLT; DPS-dst
        0: P =   0.00, D =9075.91 @  1.54 Rp,12.07 MLT; DPS:   0.00
        1: P =   0.30, D =   5.26 @  8.98 Rp,12.23 MLT; DPS:  -1.24
        2: P =   2.85, D =   0.41 @  3.94 Rp, 8.06 MLT; DPS:  -5.66
[0m [32m<Writing HDF5 DATA @ t =     6.167 [min] >[0m 
[32m<Writing RAIJU HDF5 DATA @ t =     6.250 [min] >[0m 
 [36m
 GAMERA
      Time =     6.251 [min]
        ts =     4888
        dt =  7.24E-02 [sec]
    dt/dt0 =   60.798%
    Spent     0.0% of time waiting for Voltron
      kZCs =   3449.93 /   1399.21 [MHD/TOT] (8 threads)
[0m       CPCP =   60.757  59.961 [kV, N/S]
 [34m
 VOLTRON
      UT   = 2001-06-01 23:06:15
      tilt =    0.000 [deg]
    Sym-H  =   -5.000 [nT]
    BSDst  ~   11.388 [nT]
           dSMRs  ~     2.24    0.07   -2.20   -0.11 [nT, 12/18/00/06]
   DPSDst  ~   -5.497 [nT]
   Spent    48.4% of time waiting for Gamera
            12.0% of time processing Chimp(Helpers)
             7.2% of time processing IMAG
            11.9% of time processing Remix
            20.3% of time processing Tubes(Helpers)
             0.0% of time writing files
    Running @   61.417% of real-time (8 threads)
[0m  [35m
 RAIJU
      UT   = 2001-06-01 23:06:20
      Time =     6.333 [min]
     dtCpl =  5.00E+00 [sec]
     Max/Min dt @ k:
        Max 2.66E+01 [sec] @ 58
        Min 1.38E-01 [sec] @ 160
     Flav : max Press/Den @ L,MLT; DPS-dst
        0: P =   0.00, D =9075.91 @  1.54 Rp,12.07 MLT; DPS:   0.00
        1: P =   0.31, D =   5.35 @  8.95 Rp,12.23 MLT; DPS:  -1.24
        2: P =   2.86, D =   0.41 @  3.94 Rp, 7.99 MLT; DPS:  -5.67
[0m [32m<Writing HDF5 DATA @ t =     6.251 [min] >[0m 
[32m<Writing RAIJU HDF5 DATA @ t =     6.333 [min] >[0m 
 [36m
 GAMERA
      Time =     6.334 [min]
        ts =     4960
        dt =  6.58E-02 [sec]
    dt/dt0 =   55.259%
    Spent     0.0% of time waiting for Voltron
      kZCs =   3450.50 /   1450.94 [MHD/TOT] (8 threads)
[0m       CPCP =   60.449  58.768 [kV, N/S]
 [34m
 VOLTRON
      UT   = 2001-06-01 23:06:20
      tilt =    0.000 [deg]
    Sym-H  =   -5.000 [nT]
    BSDst  ~   11.658 [nT]
           dSMRs  ~     2.20    0.08   -2.18   -0.10 [nT, 12/18/00/06]
   DPSDst  ~   -5.503 [nT]
   Spent    48.2% of time waiting for Gamera
            12.0% of time processing Chimp(Helpers)
             7.2% of time processing IMAG
            12.0% of time processing Remix
            20.4% of time processing Tubes(Helpers)
             0.0% of time writing files
    Running @   61.607% of real-time (8 threads)
[0m  [35m
 RAIJU
      UT   = 2001-06-01 23:06:25
      Time =     6.417 [min]
     dtCpl =  5.00E+00 [sec]
     Max/Min dt @ k:
        Max 2.75E+01 [sec] @ 58
        Min 1.38E-01 [sec] @ 160
     Flav : max Press/Den @ L,MLT; DPS-dst
        0: P =   0.00, D =9075.91 @  1.54 Rp,12.07 MLT; DPS:   0.00
        1: P =   0.31, D =   5.42 @  9.03 Rp,12.07 MLT; DPS:  -1.23
        2: P =   2.86, D =   0.42 @  3.94 Rp, 7.99 MLT; DPS:  -5.68
[0m [32m<Writing HDF5 DATA @ t =     6.334 [min] >[0m 
[32m<Writing RAIJU HDF5 DATA @ t =     6.417 [min] >[0m 
 [36m
 GAMERA
      Time =     6.417 [min]
        ts =     5039
        dt =  6.17E-02 [sec]
    dt/dt0 =   51.855%
    Spent     0.0% of time waiting for Voltron
      kZCs =   3450.64 /   1527.52 [MHD/TOT] (8 threads)
[0m       CPCP =   60.712  57.685 [kV, N/S]
 [34m
 VOLTRON
      UT   = 2001-06-01 23:06:25
      tilt =    0.000 [deg]
    Sym-H  =   -5.000 [nT]
    BSDst  ~   11.970 [nT]
           dSMRs  ~     2.17    0.09   -2.17   -0.10 [nT, 12/18/00/06]
   DPSDst  ~   -5.515 [nT]
   Spent    48.4% of time waiting for Gamera
            11.9% of time processing Chimp(Helpers)
             7.2% of time processing IMAG
            11.9% of time processing Remix
            20.3% of time processing Tubes(Helpers)
             0.0% of time writing files
    Running @   61.719% of real-time (8 threads)
[0m  [35m
 RAIJU
      UT   = 2001-06-01 23:06:30
      Time =     6.500 [min]
     dtCpl =  5.00E+00 [sec]
     Max/Min dt @ k:
        Max 2.68E+01 [sec] @ 58
        Min 1.38E-01 [sec] @ 160
     Flav : max Press/Den @ L,MLT; DPS-dst
        0: P =   0.00, D =9075.91 @  1.54 Rp,12.07 MLT; DPS:   0.00
        1: P =   0.32, D =   5.49 @  8.78 Rp,12.07 MLT; DPS:  -1.23
        2: P =   2.86, D =   0.42 @  3.94 Rp, 7.73 MLT; DPS:  -5.69
[0m [32m<Writing HDF5 DATA @ t =     6.417 [min] >[0m 
[32m<Writing RAIJU HDF5 DATA @ t =     6.500 [min] >[0m 
 [36m
 GAMERA
      Time =     6.500 [min]
        ts =     5123
        dt =  5.54E-02 [sec]
    dt/dt0 =   46.511%
    Spent     0.0% of time waiting for Voltron
      kZCs =   3452.34 /   1576.89 [MHD/TOT] (8 threads)
[0m       CPCP =   60.287  56.495 [kV, N/S]
 [34m
 VOLTRON
      UT   = 2001-06-01 23:06:30
      tilt =    0.000 [deg]
    Sym-H  =   -5.000 [nT]
    BSDst  ~   12.295 [nT]
           dSMRs  ~     2.16    0.06   -2.16   -0.05 [nT, 12/18/00/06]
   DPSDst  ~   -5.524 [nT]
   Spent    48.8% of time waiting for Gamera
            11.8% of time processing Chimp(Helpers)
             7.2% of time processing IMAG
            11.8% of time processing Remix
            20.2% of time processing Tubes(Helpers)
             0.0% of time writing files
    Running @   61.741% of real-time (8 threads)
[0m  [35m
 RAIJU
      UT   = 2001-06-01 23:06:35
      Time =     6.583 [min]
     dtCpl =  5.00E+00 [sec]
     Max/Min dt @ k:
        Max 2.67E+01 [sec] @ 58
        Min 1.38E-01 [sec] @ 160
     Flav : max Press/Den @ L,MLT; DPS-dst
        0: P =   0.00, D =9075.91 @  1.54 Rp,12.07 MLT; DPS:   0.00
        1: P =   0.32, D =   5.55 @  8.73 Rp,12.23 MLT; DPS:  -1.23
        2: P =   2.87, D =   0.42 @  3.94 Rp, 7.73 MLT; DPS:  -5.71
[0m [32m<Writing HDF5 DATA @ t =     6.500 [min] >[0m 
[32m<Writing RAIJU HDF5 DATA @ t =     6.583 [min] >[0m 
 [36m
 GAMERA
      Time =     6.584 [min]
        ts =     5243
        dt =  3.39E-02 [sec]
    dt/dt0 =   28.455%
    Spent     0.0% of time waiting for Voltron
      kZCs =   3451.15 /   1848.07 [MHD/TOT] (8 threads)
[0m       CPCP =   60.319  55.658 [kV, N/S]
 [34m
 VOLTRON
      UT   = 2001-06-01 23:06:35
      tilt =    0.000 [deg]
    Sym-H  =   -5.000 [nT]
    BSDst  ~   12.587 [nT]
           dSMRs  ~     2.13    0.05   -2.15   -0.02 [nT, 12/18/00/06]
   DPSDst  ~   -5.530 [nT]
   Spent    50.5% of time waiting for Gamera
            11.4% of time processing Chimp(Helpers)
             7.0% of time processing IMAG
            11.4% of time processing Remix
            19.5% of time processing Tubes(Helpers)
             0.0% of time writing files
    Running @   61.416% of real-time (8 threads)
[0m  [35m
 RAIJU
      UT   = 2001-06-01 23:06:40
      Time =     6.667 [min]
     dtCpl =  5.00E+00 [sec]
     Max/Min dt @ k:
        Max 2.74E+01 [sec] @ 58
        Min 1.38E-01 [sec] @ 160
     Flav : max Press/Den @ L,MLT; DPS-dst
        0: P =   0.00, D =9075.91 @  1.54 Rp,12.07 MLT; DPS:   0.00
        1: P =   0.33, D =   5.62 @  8.65 Rp,12.07 MLT; DPS:  -1.23
        2: P =   2.88, D =   0.42 @  3.94 Rp, 7.73 MLT; DPS:  -5.71
[0m [32m<Writing HDF5 DATA @ t =     6.584 [min] >[0m 
[32m<Writing RAIJU HDF5 DATA @ t =     6.667 [min] >[0m 
 [36m
 GAMERA
      Time =     6.667 [min]
        ts =     5356
        dt =  5.02E-02 [sec]
    dt/dt0 =   42.164%
    Spent     0.0% of time waiting for Voltron
      kZCs =   3452.87 /   1809.81 [MHD/TOT] (8 threads)
[0m       CPCP =   60.622  54.911 [kV, N/S]
 [34m
 VOLTRON
      UT   = 2001-06-01 23:06:40
      tilt =    0.000 [deg]
    Sym-H  =   -5.000 [nT]
    BSDst  ~   12.854 [nT]
           dSMRs  ~     2.10    0.09   -2.17   -0.02 [nT, 12/18/00/06]
   DPSDst  ~   -5.546 [nT]
   Spent    51.7% of time waiting for Gamera
            11.1% of time processing Chimp(Helpers)
             6.8% of time processing IMAG
            11.1% of time processing Remix
            19.0% of time processing Tubes(Helpers)
             0.0% of time writing files
    Running @   61.169% of real-time (8 threads)
[0m  [35m
 RAIJU
      UT   = 2001-06-01 23:06:45
      Time =     6.750 [min]
     dtCpl =  5.00E+00 [sec]
     Max/Min dt @ k:
        Max 2.79E+01 [sec] @ 58
        Min 1.38E-01 [sec] @ 160
     Flav : max Press/Den @ L,MLT; DPS-dst
        0: P =   0.00, D =9075.91 @  1.54 Rp,12.07 MLT; DPS:   0.00
        1: P =   0.34, D =   5.70 @  8.62 Rp,12.07 MLT; DPS:  -1.23
        2: P =   2.88, D =   0.42 @  3.94 Rp, 7.73 MLT; DPS:  -5.73
[0m [32m<Writing HDF5 DATA @ t =     6.667 [min] >[0m 
[32m<Writing RAIJU HDF5 DATA @ t =     6.750 [min] >[0m 
 [36m
 GAMERA
      Time =     6.750 [min]
        ts =     5453
        dt =  5.23E-02 [sec]
    dt/dt0 =   43.936%
    Spent     0.0% of time waiting for Voltron
      kZCs =   3453.55 /   1696.42 [MHD/TOT] (8 threads)
[0m       CPCP =   59.970  53.600 [kV, N/S]
 [34m
 VOLTRON
      UT   = 2001-06-01 23:06:45
      tilt =    0.000 [deg]
    Sym-H  =   -5.000 [nT]
    BSDst  ~   13.104 [nT]
           dSMRs  ~     2.09    0.12   -2.17   -0.03 [nT, 12/18/00/06]
   DPSDst  ~   -5.560 [nT]
   Spent    52.2% of time waiting for Gamera
            11.0% of time processing Chimp(Helpers)
             6.7% of time processing IMAG
            11.0% of time processing Remix
            18.9% of time processing Tubes(Helpers)
             0.0% of time writing files
    Running @   61.087% of real-time (8 threads)
[0m  [35m
 RAIJU
      UT   = 2001-06-01 23:06:50
      Time =     6.833 [min]
     dtCpl =  5.00E+00 [sec]
     Max/Min dt @ k:
        Max 2.72E+01 [sec] @ 58
        Min 1.38E-01 [sec] @ 160
     Flav : max Press/Den @ L,MLT; DPS-dst
        0: P =   0.00, D =9075.91 @  1.54 Rp,12.07 MLT; DPS:   0.00
        1: P =   0.35, D =   5.78 @  8.52 Rp,12.23 MLT; DPS:  -1.22
        2: P =   2.89, D =   0.42 @  3.94 Rp, 7.73 MLT; DPS:  -5.74
[0m [32m<Writing HDF5 DATA @ t =     6.750 [min] >[0m 
[32m<Writing RAIJU HDF5 DATA @ t =     6.833 [min] >[0m 
 [36m
 GAMERA
      Time =     6.834 [min]
        ts =     5551
        dt =  4.93E-02 [sec]
    dt/dt0 =   41.405%
    Spent     0.0% of time waiting for Voltron
      kZCs =   3452.56 /   1703.81 [MHD/TOT] (8 threads)
[0m       CPCP =   59.321  52.648 [kV, N/S]
 [34m
 VOLTRON
      UT   = 2001-06-01 23:06:50
      tilt =    0.000 [deg]
    Sym-H  =   -5.000 [nT]
    BSDst  ~   13.345 [nT]
           dSMRs  ~     2.06    0.11   -2.15   -0.03 [nT, 12/18/00/06]
   DPSDst  ~   -5.573 [nT]
   Spent    52.6% of time waiting for Gamera
            10.9% of time processing Chimp(Helpers)
             6.7% of time processing IMAG
            10.9% of time processing Remix
            18.7% of time processing Tubes(Helpers)
             0.0% of time writing files
    Running @   60.995% of real-time (8 threads)
[0m  [35m
 RAIJU
      UT   = 2001-06-01 23:06:55
      Time =     6.917 [min]
     dtCpl =  5.00E+00 [sec]
     Max/Min dt @ k:
        Max 2.71E+01 [sec] @ 58
        Min 1.38E-01 [sec] @ 160
     Flav : max Press/Den @ L,MLT; DPS-dst
        0: P =   0.00, D =9075.91 @  1.54 Rp,12.07 MLT; DPS:   0.00
        1: P =   0.35, D =   5.86 @  8.37 Rp,12.23 MLT; DPS:  -1.22
        2: P =   2.89, D =   0.42 @  3.94 Rp, 7.66 MLT; DPS:  -5.76
[0m [32m<Writing HDF5 DATA @ t =     6.834 [min] >[0m 
[32m<Writing RAIJU HDF5 DATA @ t =     6.917 [min] >[0m 
 [36m
 GAMERA
      Time =     6.917 [min]
        ts =     5663
        dt =  3.92E-02 [sec]
    dt/dt0 =   32.907%
    Spent     0.0% of time waiting for Voltron
      kZCs =   3453.59 /   1813.39 [MHD/TOT] (8 threads)
[0m       CPCP =   58.911  51.643 [kV, N/S]
 [34m
 VOLTRON
      UT   = 2001-06-01 23:06:55
      tilt =    0.000 [deg]
    Sym-H  =   -5.000 [nT]
    BSDst  ~   13.589 [nT]
           dSMRs  ~     2.05    0.10   -2.13   -0.02 [nT, 12/18/00/06]
   DPSDst  ~   -5.588 [nT]
   Spent    53.6% of time waiting for Gamera
            10.6% of time processing Chimp(Helpers)
             6.6% of time processing IMAG
            10.7% of time processing Remix
            18.4% of time processing Tubes(Helpers)
             0.0% of time writing files
    Running @   60.781% of real-time (8 threads)
[0m  [35m
 RAIJU
      UT   = 2001-06-01 23:06:59
      Time =     7.000 [min]
     dtCpl =  5.00E+00 [sec]
     Max/Min dt @ k:
        Max 2.67E+01 [sec] @ 58
        Min 1.38E-01 [sec] @ 160
     Flav : max Press/Den @ L,MLT; DPS-dst
        0: P =   0.00, D =9075.91 @  1.54 Rp,12.07 MLT; DPS:   0.00
        1: P =   0.36, D =   5.92 @  8.49 Rp,12.24 MLT; DPS:  -1.22
        2: P =   2.89, D =   0.42 @  3.94 Rp, 7.66 MLT; DPS:  -5.78
[0m [32m<Writing HDF5 DATA @ t =     6.917 [min] >[0m 
[32m<Writing RAIJU HDF5 DATA @ t =     7.000 [min] >[0m 
 [36m
 GAMERA
      Time =     7.000 [min]
        ts =     5815
        dt =  2.98E-02 [sec]
    dt/dt0 =   25.063%
    Spent     0.0% of time waiting for Voltron
      kZCs =   3454.26 /   2036.13 [MHD/TOT] (8 threads)
[0m       CPCP =   58.458  50.412 [kV, N/S]
 [34m
 VOLTRON
      UT   = 2001-06-01 23:07:00
      tilt =    0.000 [deg]
    Sym-H  =   -5.000 [nT]
    BSDst  ~   13.836 [nT]
           dSMRs  ~     2.06    0.10   -2.14   -0.02 [nT, 12/18/00/06]
   DPSDst  ~   -5.601 [nT]
   Spent    55.5% of time waiting for Gamera
            10.2% of time processing Chimp(Helpers)
             6.3% of time processing IMAG
            10.2% of time processing Remix
            17.6% of time processing Tubes(Helpers)
             0.0% of time writing files
    Running @   60.259% of real-time (8 threads)
[0m  [35m
 RAIJU
      UT   = 2001-06-01 23:07:05
      Time =     7.083 [min]
     dtCpl =  5.00E+00 [sec]
     Max/Min dt @ k:
        Max 2.67E+01 [sec] @ 58
        Min 1.38E-01 [sec] @ 160
     Flav : max Press/Den @ L,MLT; DPS-dst
        0: P =   0.00, D =9075.91 @  1.54 Rp,12.07 MLT; DPS:   0.00
        1: P =   0.36, D =   5.99 @  8.69 Rp,12.24 MLT; DPS:  -1.22
        2: P =   2.90, D =   0.42 @  3.94 Rp, 7.66 MLT; DPS:  -5.79
[0m [32m<Writing HDF5 DATA @ t =     7.000 [min] >[0m 
[32m<Writing RAIJU HDF5 DATA @ t =     7.083 [min] >[0m 
 [36m
 GAMERA
      Time =     7.084 [min]
        ts =     5983
        dt =  2.99E-02 [sec]
    dt/dt0 =   25.132%
    Spent     0.0% of time waiting for Voltron
      kZCs =   3454.80 /   2098.64 [MHD/TOT] (8 threads)
[0m       CPCP =   57.698  48.789 [kV, N/S]
 [34m
 VOLTRON
      UT   = 2001-06-01 23:07:05
      tilt =    0.000 [deg]
    Sym-H  =   -5.000 [nT]
    BSDst  ~   14.072 [nT]
           dSMRs  ~     2.08    0.09   -2.18    0.00 [nT, 12/18/00/06]
   DPSDst  ~   -5.623 [nT]
   Spent    57.4% of time waiting for Gamera
             9.7% of time processing Chimp(Helpers)
             6.1% of time processing IMAG
             9.7% of time processing Remix
            16.9% of time processing Tubes(Helpers)
             0.0% of time writing files
    Running @   59.660% of real-time (8 threads)
[0m  [35m
 RAIJU
      UT   = 2001-06-01 23:07:10
      Time =     7.167 [min]
     dtCpl =  5.00E+00 [sec]
     Max/Min dt @ k:
        Max 2.68E+01 [sec] @ 58
        Min 1.38E-01 [sec] @ 160
     Flav : max Press/Den @ L,MLT; DPS-dst
        0: P =   0.00, D =9075.91 @  1.54 Rp,12.07 MLT; DPS:   0.00
        1: P =   0.37, D =   6.05 @  8.70 Rp,12.24 MLT; DPS:  -1.23
        2: P =   2.90, D =   0.42 @  3.94 Rp, 7.66 MLT; DPS:  -5.82
[0m [32m<Writing HDF5 DATA @ t =     7.084 [min] >[0m 
[32m<Writing RAIJU HDF5 DATA @ t =     7.167 [min] >[0m 
 [36m
 GAMERA
      Time =     7.167 [min]
        ts =     6151
        dt =  2.97E-02 [sec]
    dt/dt0 =   24.980%
    Spent     0.0% of time waiting for Voltron
      kZCs =   3456.43 /   2101.67 [MHD/TOT] (8 threads)
[0m       CPCP =   56.636  47.402 [kV, N/S]
 [34m
 VOLTRON
      UT   = 2001-06-01 23:07:10
      tilt =    0.000 [deg]
    Sym-H  =   -5.000 [nT]
    BSDst  ~   14.313 [nT]
           dSMRs  ~     2.08    0.09   -2.18    0.01 [nT, 12/18/00/06]
   DPSDst  ~   -5.608 [nT]
   Spent    59.1% of time waiting for Gamera
             9.3% of time processing Chimp(Helpers)
             5.9% of time processing IMAG
             9.3% of time processing Remix
            16.2% of time processing Tubes(Helpers)
             0.0% of time writing files
    Running @   59.083% of real-time (8 threads)
[0m  [35m
 RAIJU
      UT   = 2001-06-01 23:07:15
      Time =     7.250 [min]
     dtCpl =  5.00E+00 [sec]
     Max/Min dt @ k:
        Max 2.72E+01 [sec] @ 58
        Min 1.38E-01 [sec] @ 160
     Flav : max Press/Den @ L,MLT; DPS-dst
        0: P =   0.00, D =9075.91 @  1.54 Rp,12.07 MLT; DPS:   0.00
        1: P =   0.38, D =   6.11 @  8.37 Rp,12.24 MLT; DPS:  -1.21
        2: P =   2.91, D =   0.42 @  3.94 Rp, 7.66 MLT; DPS:  -5.80
[0m [32m<Writing HDF5 DATA @ t =     7.167 [min] >[0m 
[32m<Writing RAIJU HDF5 DATA @ t =     7.250 [min] >[0m 
 [36m
 GAMERA
      Time =     7.250 [min]
        ts =     6319
        dt =  2.96E-02 [sec]
    dt/dt0 =   24.828%
    Spent     0.0% of time waiting for Voltron
      kZCs =   3456.29 /   2096.05 [MHD/TOT] (8 threads)
[0m       CPCP =   55.567  46.534 [kV, N/S]
 [34m
 VOLTRON
      UT   = 2001-06-01 23:07:15
      tilt =    0.000 [deg]
    Sym-H  =   -5.000 [nT]
    BSDst  ~   14.619 [nT]
           dSMRs  ~     2.15    0.08   -2.21   -0.01 [nT, 12/18/00/06]
   DPSDst  ~   -5.616 [nT]
   Spent    60.5% of time waiting for Gamera
             9.0% of time processing Chimp(Helpers)
             5.7% of time processing IMAG
             9.0% of time processing Remix
            15.7% of time processing Tubes(Helpers)
             0.0% of time writing files
    Running @   58.519% of real-time (8 threads)
[0m  [35m
 RAIJU
      UT   = 2001-06-01 23:07:20
      Time =     7.333 [min]
     dtCpl =  5.00E+00 [sec]
     Max/Min dt @ k:
        Max 2.73E+01 [sec] @ 58
        Min 1.38E-01 [sec] @ 160
     Flav : max Press/Den @ L,MLT; DPS-dst
        0: P =   0.00, D =9075.91 @  1.54 Rp,12.07 MLT; DPS:   0.00
        1: P =   0.38, D =   6.16 @  8.38 Rp,12.24 MLT; DPS:  -1.21
        2: P =   2.91, D =   0.42 @  3.94 Rp, 7.66 MLT; DPS:  -5.81
[0m [32m<Writing HDF5 DATA @ t =     7.250 [min] >[0m 
[32m<Writing RAIJU HDF5 DATA @ t =     7.333 [min] >[0m 
 [36m
 GAMERA
      Time =     7.334 [min]
        ts =     6488
        dt =  2.97E-02 [sec]
    dt/dt0 =   24.940%
    Spent     0.0% of time waiting for Voltron
      kZCs =   3456.99 /   2104.38 [MHD/TOT] (8 threads)
[0m       CPCP =   54.271  45.362 [kV, N/S]
 [34m
 VOLTRON
      UT   = 2001-06-01 23:07:20
      tilt =    0.000 [deg]
    Sym-H  =   -5.000 [nT]
    BSDst  ~   14.968 [nT]
           dSMRs  ~     2.22    0.06   -2.25   -0.03 [nT, 12/18/00/06]
   DPSDst  ~   -5.622 [nT]
   Spent    61.8% of time waiting for Gamera
             8.7% of time processing Chimp(Helpers)
             5.5% of time processing IMAG
             8.7% of time processing Remix
            15.2% of time processing Tubes(Helpers)
             0.0% of time writing files
    Running @   57.971% of real-time (8 threads)
[0m  [35m
 RAIJU
      UT   = 2001-06-01 23:07:25
      Time =     7.417 [min]
     dtCpl =  5.00E+00 [sec]
     Max/Min dt @ k:
        Max 2.76E+01 [sec] @ 58
        Min 1.38E-01 [sec] @ 160
     Flav : max Press/Den @ L,MLT; DPS-dst
        0: P =   0.00, D =9075.91 @  1.54 Rp,12.07 MLT; DPS:   0.00
        1: P =   0.38, D =   6.19 @  8.33 Rp,12.24 MLT; DPS:  -1.21
        2: P =   2.92, D =   0.42 @  3.94 Rp, 7.66 MLT; DPS:  -5.82
[0m [32m<Writing HDF5 DATA @ t =     7.334 [min] >[0m 
[32m<Writing RAIJU HDF5 DATA @ t =     7.417 [min] >[0m 
 [36m
 GAMERA
      Time =     7.417 [min]
        ts =     6656
        dt =  2.94E-02 [sec]
    dt/dt0 =   24.715%
    Spent     0.0% of time waiting for Voltron
      kZCs =   3457.30 /   2099.68 [MHD/TOT] (8 threads)
[0m       CPCP =   52.976  44.016 [kV, N/S]
 [34m
 VOLTRON
      UT   = 2001-06-01 23:07:25
      tilt =    0.000 [deg]
    Sym-H  =   -5.000 [nT]
    BSDst  ~   15.293 [nT]
           dSMRs  ~     2.27    0.05   -2.29   -0.03 [nT, 12/18/00/06]
   DPSDst  ~   -5.638 [nT]
   Spent    62.8% of time waiting for Gamera
             8.5% of time processing Chimp(Helpers)
             5.4% of time processing IMAG
             8.4% of time processing Remix
            14.8% of time processing Tubes(Helpers)
             0.0% of time writing files
    Running @   57.445% of real-time (8 threads)
[0m  [35m
 RAIJU
      UT   = 2001-06-01 23:07:30
      Time =     7.500 [min]
     dtCpl =  5.00E+00 [sec]
     Max/Min dt @ k:
        Max 2.79E+01 [sec] @ 58
        Min 1.38E-01 [sec] @ 160
     Flav : max Press/Den @ L,MLT; DPS-dst
        0: P =   0.00, D =9075.91 @  1.54 Rp,12.07 MLT; DPS:   0.00
        1: P =   0.39, D =   6.22 @  8.36 Rp,12.24 MLT; DPS:  -1.21
        2: P =   2.93, D =   0.42 @  3.94 Rp, 7.53 MLT; DPS:  -5.83
[0m [32m<Writing HDF5 DATA @ t =     7.417 [min] >[0m 
[32m<Writing RAIJU HDF5 DATA @ t =     7.500 [min] >[0m 
 [36m
 GAMERA
      Time =     7.500 [min]
        ts =     6821
        dt =  2.99E-02 [sec]
    dt/dt0 =   25.115%
    Spent     0.0% of time waiting for Voltron
      kZCs =   3457.82 /   2100.04 [MHD/TOT] (8 threads)
[0m       CPCP =   51.625  42.809 [kV, N/S]
 [34m
 VOLTRON
      UT   = 2001-06-01 23:07:30
      tilt =    0.000 [deg]
    Sym-H  =   -5.000 [nT]
    BSDst  ~   15.659 [nT]
           dSMRs  ~     2.34    0.03   -2.34   -0.03 [nT, 12/18/00/06]
   DPSDst  ~   -5.642 [nT]
   Spent    63.6% of time waiting for Gamera
             8.3% of time processing Chimp(Helpers)
             5.3% of time processing IMAG
             8.2% of time processing Remix
            14.5% of time processing Tubes(Helpers)
             0.0% of time writing files
    Running @   56.968% of real-time (8 threads)
[0m  [35m
 RAIJU
      UT   = 2001-06-01 23:07:35
      Time =     7.583 [min]
     dtCpl =  5.00E+00 [sec]
     Max/Min dt @ k:
        Max 2.82E+01 [sec] @ 58
        Min 1.38E-01 [sec] @ 160
     Flav : max Press/Den @ L,MLT; DPS-dst
        0: P =   0.00, D =9075.91 @  1.54 Rp,12.07 MLT; DPS:   0.00
        1: P =   0.39, D =   6.24 @  8.36 Rp,12.24 MLT; DPS:  -1.21
        2: P =   2.93, D =   0.42 @  3.94 Rp, 7.53 MLT; DPS:  -5.84
[0m [32m<Writing HDF5 DATA @ t =     7.500 [min] >[0m 
[32m<Writing RAIJU HDF5 DATA @ t =     7.583 [min] >[0m 
 [36m
 GAMERA
      Time =     7.584 [min]
        ts =     6986
        dt =  3.01E-02 [sec]
    dt/dt0 =   25.246%
    Spent     0.0% of time waiting for Voltron
      kZCs =   3459.29 /   2097.52 [MHD/TOT] (8 threads)
[0m       CPCP =   49.929  42.086 [kV, N/S]
 [34m
 VOLTRON
      UT   = 2001-06-01 23:07:35
      tilt =    0.000 [deg]
    Sym-H  =   -5.000 [nT]
    BSDst  ~   16.112 [nT]
           dSMRs  ~     2.43    0.01   -2.39   -0.05 [nT, 12/18/00/06]
   DPSDst  ~   -5.667 [nT]
   Spent    64.3% of time waiting for Gamera
             8.1% of time processing Chimp(Helpers)
             5.2% of time processing IMAG
             8.0% of time processing Remix
            14.3% of time processing Tubes(Helpers)
             0.0% of time writing files
    Running @   56.501% of real-time (8 threads)
[0m  [35m
 RAIJU
      UT   = 2001-06-01 23:07:40
      Time =     7.667 [min]
     dtCpl =  5.00E+00 [sec]
     Max/Min dt @ k:
        Max 2.85E+01 [sec] @ 58
        Min 1.38E-01 [sec] @ 160
     Flav : max Press/Den @ L,MLT; DPS-dst
        0: P =   0.00, D =9075.91 @  1.54 Rp,12.07 MLT; DPS:   0.00
        1: P =   0.39, D =   6.25 @  8.42 Rp,12.24 MLT; DPS:  -1.21
        2: P =   2.94, D =   0.42 @  3.93 Rp, 7.66 MLT; DPS:  -5.86
[0m [32m<Writing HDF5 DATA @ t =     7.584 [min] >[0m 
[32m<Writing RAIJU HDF5 DATA @ t =     7.667 [min] >[0m 
 [36m
 GAMERA
      Time =     7.667 [min]
        ts =     7057
        dt =  9.93E-02 [sec]
    dt/dt0 =   83.361%
    Spent     0.0% of time waiting for Voltron
      kZCs =   3460.26 /   1473.83 [MHD/TOT] (8 threads)
[0m       CPCP =   48.044  41.461 [kV, N/S]
 [34m
 VOLTRON
      UT   = 2001-06-01 23:07:40
      tilt =    0.000 [deg]
    Sym-H  =   -5.000 [nT]
    BSDst  ~   16.515 [nT]
           dSMRs  ~     2.45    0.03   -2.41   -0.07 [nT, 12/18/00/06]
   DPSDst  ~   -5.663 [nT]
   Spent    61.7% of time waiting for Gamera
             8.7% of time processing Chimp(Helpers)
             5.6% of time processing IMAG
             8.6% of time processing Remix
            15.3% of time processing Tubes(Helpers)
             0.0% of time writing files
    Running @   56.915% of real-time (8 threads)
[0m  [35m
 RAIJU
      UT   = 2001-06-01 23:07:45
      Time =     7.750 [min]
     dtCpl =  5.00E+00 [sec]
     Max/Min dt @ k:
        Max 2.88E+01 [sec] @ 58
        Min 1.38E-01 [sec] @ 160
     Flav : max Press/Den @ L,MLT; DPS-dst
        0: P =   0.00, D =9075.91 @  1.54 Rp,12.07 MLT; DPS:   0.00
        1: P =   0.39, D =   6.24 @  8.45 Rp,12.24 MLT; DPS:  -1.20
        2: P =   2.95, D =   0.42 @  3.93 Rp, 7.53 MLT; DPS:  -5.87
[0m [32m<Writing HDF5 DATA @ t =     7.667 [min] >[0m 
[32m<Writing RAIJU HDF5 DATA @ t =     7.750 [min] >[0m 
 [36m
 GAMERA
      Time =     7.751 [min]
        ts =     7108
        dt =  9.95E-02 [sec]
    dt/dt0 =   83.542%
    Spent     0.0% of time waiting for Voltron
      kZCs =   3459.18 /   1225.98 [MHD/TOT] (8 threads)
[0m       CPCP =   46.490  40.539 [kV, N/S]
 [34m
 VOLTRON
      UT   = 2001-06-01 23:07:45
      tilt =    0.000 [deg]
    Sym-H  =   -5.000 [nT]
    BSDst  ~   16.791 [nT]
           dSMRs  ~     2.35    0.04   -2.36   -0.03 [nT, 12/18/00/06]
   DPSDst  ~   -5.669 [nT]
   Spent    58.3% of time waiting for Gamera
             9.4% of time processing Chimp(Helpers)
             6.1% of time processing IMAG
             9.3% of time processing Remix
            16.8% of time processing Tubes(Helpers)
             0.0% of time writing files
    Running @   57.717% of real-time (8 threads)
[0m  [35m
 RAIJU
      UT   = 2001-06-01 23:07:50
      Time =     7.833 [min]
     dtCpl =  5.00E+00 [sec]
     Max/Min dt @ k:
        Max 2.92E+01 [sec] @ 58
        Min 1.38E-01 [sec] @ 160
     Flav : max Press/Den @ L,MLT; DPS-dst
        0: P =   0.00, D =9075.91 @  1.54 Rp,12.07 MLT; DPS:   0.00
        1: P =   0.38, D =   6.23 @  8.42 Rp,12.24 MLT; DPS:  -1.20
        2: P =   2.95, D =   0.42 @  3.93 Rp, 7.46 MLT; DPS:  -5.87
[0m [32m<Writing HDF5 DATA @ t =     7.751 [min] >[0m 
[32m<Writing RAIJU HDF5 DATA @ t =     7.833 [min] >[0m 
 [36m
 GAMERA
      Time =     7.834 [min]
        ts =     7158
        dt =  9.97E-02 [sec]
    dt/dt0 =   83.774%
    Spent     0.0% of time waiting for Voltron
      kZCs =   3458.81 /   1211.62 [MHD/TOT] (8 threads)
[0m       CPCP =   45.408  39.574 [kV, N/S]
 [34m
 VOLTRON
      UT   = 2001-06-01 23:07:50
      tilt =    0.000 [deg]
    Sym-H  =   -5.000 [nT]
    BSDst  ~   16.945 [nT]
           dSMRs  ~     2.24    0.06   -2.29    0.00 [nT, 12/18/00/06]
   DPSDst  ~   -5.665 [nT]
   Spent    55.4% of time waiting for Gamera
            10.0% of time processing Chimp(Helpers)
             6.6% of time processing IMAG
             9.9% of time processing Remix
            18.0% of time processing Tubes(Helpers)
             0.0% of time writing files
    Running @   58.461% of real-time (8 threads)
[0m  [35m
 RAIJU
      UT   = 2001-06-01 23:07:55
      Time =     7.917 [min]
     dtCpl =  5.00E+00 [sec]
     Max/Min dt @ k:
        Max 2.96E+01 [sec] @ 58
        Min 1.38E-01 [sec] @ 160
     Flav : max Press/Den @ L,MLT; DPS-dst
        0: P =   0.00, D =9075.91 @  1.54 Rp,12.07 MLT; DPS:   0.00
        1: P =   0.39, D =   6.26 @  8.62 Rp,13.17 MLT; DPS:  -1.19
        2: P =   2.96, D =   0.42 @  3.93 Rp, 7.46 MLT; DPS:  -5.87
[0m [32m<Writing HDF5 DATA @ t =     7.834 [min] >[0m 
[32m<Writing RAIJU HDF5 DATA @ t =     7.917 [min] >[0m 
 [36m
 GAMERA
      Time =     7.917 [min]
        ts =     7208
        dt =  9.99E-02 [sec]
    dt/dt0 =   83.911%
    Spent     0.0% of time waiting for Voltron
      kZCs =   3459.62 /   1217.92 [MHD/TOT] (8 threads)
[0m       CPCP =   44.065  38.588 [kV, N/S]
 [34m
 VOLTRON
      UT   = 2001-06-01 23:07:55
      tilt =    0.000 [deg]
    Sym-H  =   -5.000 [nT]
    BSDst  ~   17.126 [nT]
           dSMRs  ~     2.19    0.06   -2.25   -0.01 [nT, 12/18/00/06]
   DPSDst  ~   -5.662 [nT]
   Spent    52.9% of time waiting for Gamera
            10.6% of time processing Chimp(Helpers)
             7.0% of time processing IMAG
            10.3% of time processing Remix
            19.1% of time processing Tubes(Helpers)
             0.0% of time writing files
    Running @   59.190% of real-time (8 threads)
[0m  [35m
 RAIJU
      UT   = 2001-06-01 23:07:59
      Time =     8.000 [min]
     dtCpl =  5.00E+00 [sec]
     Max/Min dt @ k:
        Max 3.02E+01 [sec] @ 58
        Min 1.38E-01 [sec] @ 160
     Flav : max Press/Den @ L,MLT; DPS-dst
        0: P =   0.00, D =9075.91 @  1.54 Rp,12.07 MLT; DPS:   0.00
        1: P =   0.39, D =   6.28 @  8.54 Rp,13.16 MLT; DPS:  -1.19
        2: P =   2.96, D =   0.42 @  3.93 Rp, 7.46 MLT; DPS:  -5.87
[0m [32m<Writing HDF5 DATA @ t =     7.917 [min] >[0m 
[32m<Writing RAIJU HDF5 DATA @ t =     8.000 [min] >[0m 
 [36m
 GAMERA
      Time =     8.001 [min]
        ts =     7258
        dt =  1.00E-01 [sec]
    dt/dt0 =   84.036%
    Spent     0.0% of time waiting for Voltron
      kZCs =   3460.60 /   1222.77 [MHD/TOT] (8 threads)
[0m       CPCP =   42.674  37.659 [kV, N/S]
 [34m
 VOLTRON
      UT   = 2001-06-01 23:08:00
      tilt =    0.000 [deg]
    Sym-H  =   -5.000 [nT]
    BSDst  ~   17.329 [nT]
           dSMRs  ~     2.18    0.06   -2.23   -0.01 [nT, 12/18/00/06]
   DPSDst  ~   -5.666 [nT]
   Spent    50.8% of time waiting for Gamera
            11.0% of time processing Chimp(Helpers)
             7.3% of time processing IMAG
            10.7% of time processing Remix
            20.0% of time processing Tubes(Helpers)
             0.0% of time writing files
    Running @   59.920% of real-time (8 threads)
[0m  [35m
 RAIJU
      UT   = 2001-06-01 23:08:05
      Time =     8.083 [min]
     dtCpl =  5.00E+00 [sec]
     Max/Min dt @ k:
        Max 3.08E+01 [sec] @ 58
        Min 1.38E-01 [sec] @ 160
     Flav : max Press/Den @ L,MLT; DPS-dst
        0: P =   0.00, D =9075.91 @  1.54 Rp,12.07 MLT; DPS:   0.00
        1: P =   0.39, D =   6.30 @  8.39 Rp,13.15 MLT; DPS:  -1.18
        2: P =   2.96, D =   0.42 @  3.93 Rp, 7.46 MLT; DPS:  -5.88
[0m [32m<Writing HDF5 DATA @ t =     8.001 [min] >[0m 
[32m<Writing RAIJU HDF5 DATA @ t =     8.083 [min] >[0m 
 [36m
 GAMERA
      Time =     8.084 [min]
        ts =     7308
        dt =  1.00E-01 [sec]
    dt/dt0 =   84.123%
    Spent     0.0% of time waiting for Voltron
      kZCs =   3458.97 /   1215.49 [MHD/TOT] (8 threads)
[0m       CPCP =   41.213  36.754 [kV, N/S]
 [34m
 VOLTRON
      UT   = 2001-06-01 23:08:05
      tilt =    0.000 [deg]
    Sym-H  =   -5.000 [nT]
    BSDst  ~   17.473 [nT]
           dSMRs  ~     2.08    0.08   -2.16    0.00 [nT, 12/18/00/06]
   DPSDst  ~   -5.586 [nT]
   Spent    49.1% of time waiting for Gamera
            11.4% of time processing Chimp(Helpers)
             7.6% of time processing IMAG
            11.0% of time processing Remix
            20.8% of time processing Tubes(Helpers)
             0.0% of time writing files
    Running @   60.593% of real-time (8 threads)
[0m  [35m
 RAIJU
      UT   = 2001-06-01 23:08:10
      Time =     8.167 [min]
     dtCpl =  5.00E+00 [sec]
     Max/Min dt @ k:
        Max 3.15E+01 [sec] @ 58
        Min 1.38E-01 [sec] @ 160
     Flav : max Press/Den @ L,MLT; DPS-dst
        0: P =   0.00, D =9075.91 @  1.54 Rp,12.07 MLT; DPS:   0.00
        1: P =   0.39, D =   6.31 @  8.42 Rp,13.15 MLT; DPS:  -1.11
        2: P =   2.97, D =   0.42 @  3.93 Rp, 7.46 MLT; DPS:  -5.71
[0m [32m<Writing HDF5 DATA @ t =     8.084 [min] >[0m 
[32m<Writing RAIJU HDF5 DATA @ t =     8.167 [min] >[0m 
 [36m
 GAMERA
      Time =     8.168 [min]
        ts =     7358
        dt =  1.00E-01 [sec]
    dt/dt0 =   84.188%
    Spent     0.0% of time waiting for Voltron
      kZCs =   3460.43 /   1221.51 [MHD/TOT] (8 threads)
[0m       CPCP =   39.672  35.722 [kV, N/S]
 [34m
 VOLTRON
      UT   = 2001-06-01 23:08:10
      tilt =    0.000 [deg]
    Sym-H  =   -5.000 [nT]
    BSDst  ~   17.518 [nT]
           dSMRs  ~     1.91    0.12   -2.05    0.03 [nT, 12/18/00/06]
   DPSDst  ~   -5.536 [nT]
   Spent    47.6% of time waiting for Gamera
            11.7% of time processing Chimp(Helpers)
             7.8% of time processing IMAG
            11.3% of time processing Remix
            21.4% of time processing Tubes(Helpers)
             0.0% of time writing files
    Running @   61.257% of real-time (8 threads)
[0m  [35m
 RAIJU
      UT   = 2001-06-01 23:08:15
      Time =     8.250 [min]
     dtCpl =  5.00E+00 [sec]
     Max/Min dt @ k:
        Max 3.22E+01 [sec] @ 58
        Min 1.38E-01 [sec] @ 160
     Flav : max Press/Den @ L,MLT; DPS-dst
        0: P =   0.00, D =9075.91 @  1.54 Rp,12.07 MLT; DPS:   0.00
        1: P =   0.39, D =   6.32 @  8.36 Rp,13.14 MLT; DPS:  -1.09
        2: P =   2.97, D =   0.42 @  3.93 Rp, 7.46 MLT; DPS:  -5.67
[0m [32m<Writing HDF5 DATA @ t =     8.168 [min] >[0m 
[32m<Writing RAIJU HDF5 DATA @ t =     8.250 [min] >[0m 
 [36m
 GAMERA
      Time =     8.251 [min]
        ts =     7408
        dt =  1.00E-01 [sec]
    dt/dt0 =   84.267%
    Spent     0.0% of time waiting for Voltron
      kZCs =   3462.71 /   1213.07 [MHD/TOT] (8 threads)
[0m       CPCP =   38.055  34.629 [kV, N/S]
 [34m
 VOLTRON
      UT   = 2001-06-01 23:08:15
      tilt =    0.000 [deg]
    Sym-H  =   -5.000 [nT]
    BSDst  ~   17.517 [nT]
           dSMRs  ~     1.73    0.13   -1.94    0.07 [nT, 12/18/00/06]
   DPSDst  ~   -5.510 [nT]
   Spent    46.3% of time waiting for Gamera
            11.9% of time processing Chimp(Helpers)
             8.0% of time processing IMAG
            11.6% of time processing Remix
            22.0% of time processing Tubes(Helpers)
             0.0% of time writing files
    Running @   61.886% of real-time (8 threads)
[0m  [35m
 RAIJU
      UT   = 2001-06-01 23:08:20
      Time =     8.333 [min]
     dtCpl =  5.00E+00 [sec]
     Max/Min dt @ k:
        Max 3.27E+01 [sec] @ 57
        Min 1.38E-01 [sec] @ 160
     Flav : max Press/Den @ L,MLT; DPS-dst
        0: P =   0.00, D =9075.91 @  1.54 Rp,12.07 MLT; DPS:   0.00
        1: P =   0.39, D =   6.33 @  8.40 Rp,13.14 MLT; DPS:  -1.08
        2: P =   2.97, D =   0.42 @  3.93 Rp, 7.19 MLT; DPS:  -5.65
[0m [32m<Writing HDF5 DATA @ t =     8.251 [min] >[0m 
[32m<Writing RAIJU HDF5 DATA @ t =     8.333 [min] >[0m 
 [36m
 GAMERA
      Time =     8.335 [min]
        ts =     7458
        dt =  1.00E-01 [sec]
    dt/dt0 =   84.331%
    Spent     0.0% of time waiting for Voltron
      kZCs =   3459.13 /   1211.79 [MHD/TOT] (8 threads)
[0m       CPCP =   36.379  33.497 [kV, N/S]
 [34m
 VOLTRON
      UT   = 2001-06-01 23:08:20
      tilt =    0.000 [deg]
    Sym-H  =   -5.000 [nT]
    BSDst  ~   17.527 [nT]
           dSMRs  ~     1.60    0.13   -1.83    0.10 [nT, 12/18/00/06]
   DPSDst  ~   -5.496 [nT]
   Spent    45.2% of time waiting for Gamera
            12.1% of time processing Chimp(Helpers)
             8.2% of time processing IMAG
            11.9% of time processing Remix
            22.4% of time processing Tubes(Helpers)
             0.0% of time writing files
    Running @   62.521% of real-time (8 threads)
[0m  [35m
 RAIJU
      UT   = 2001-06-01 23:08:25
      Time =     8.417 [min]
     dtCpl =  5.00E+00 [sec]
     Max/Min dt @ k:
        Max 3.32E+01 [sec] @ 57
        Min 1.38E-01 [sec] @ 160
     Flav : max Press/Den @ L,MLT; DPS-dst
        0: P =   0.00, D =9075.91 @  1.54 Rp,12.07 MLT; DPS:   0.00
        1: P =   0.39, D =   6.32 @  8.39 Rp,13.13 MLT; DPS:  -1.08
        2: P =   2.97, D =   0.42 @  3.93 Rp, 7.20 MLT; DPS:  -5.64
[0m [32m<Writing HDF5 DATA @ t =     8.335 [min] >[0m 
[32m<Writing RAIJU HDF5 DATA @ t =     8.417 [min] >[0m 
 [36m
 GAMERA
      Time =     8.417 [min]
        ts =     7507
        dt =  1.00E-01 [sec]
    dt/dt0 =   84.385%
    Spent     0.0% of time waiting for Voltron
      kZCs =   3460.08 /   1197.90 [MHD/TOT] (8 threads)
[0m       CPCP =   34.885  32.242 [kV, N/S]
 [34m
 VOLTRON
      UT   = 2001-06-01 23:08:25
      tilt =    0.000 [deg]
    Sym-H  =   -5.000 [nT]
    BSDst  ~   17.554 [nT]
           dSMRs  ~     1.50    0.13   -1.74    0.11 [nT, 12/18/00/06]
   DPSDst  ~   -5.474 [nT]
   Spent    44.2% of time waiting for Gamera
            12.3% of time processing Chimp(Helpers)
             8.3% of time processing IMAG
            12.2% of time processing Remix
            22.9% of time processing Tubes(Helpers)
             0.0% of time writing files
    Running @   63.072% of real-time (8 threads)
[0m  [35m
 RAIJU
      UT   = 2001-06-01 23:08:30
      Time =     8.500 [min]
     dtCpl =  5.00E+00 [sec]
     Max/Min dt @ k:
        Max 3.39E+01 [sec] @ 57
        Min 1.38E-01 [sec] @ 160
     Flav : max Press/Den @ L,MLT; DPS-dst
        0: P =   0.00, D =9075.91 @  1.54 Rp,12.07 MLT; DPS:   0.00
        1: P =   0.39, D =   6.31 @  8.38 Rp,13.13 MLT; DPS:  -1.07
        2: P =   2.97, D =   0.42 @  3.93 Rp, 7.20 MLT; DPS:  -5.62
[0m [32m<Writing HDF5 DATA @ t =     8.417 [min] >[0m 
[32m<Writing RAIJU HDF5 DATA @ t =     8.500 [min] >[0m 
 [36m
 GAMERA
      Time =     8.501 [min]
        ts =     7557
        dt =  1.01E-01 [sec]
    dt/dt0 =   84.424%
    Spent     0.0% of time waiting for Voltron
      kZCs =   3462.22 /   1213.83 [MHD/TOT] (8 threads)
[0m       CPCP =   32.856  30.756 [kV, N/S]
 [34m
 VOLTRON
      UT   = 2001-06-01 23:08:30
      tilt =    0.000 [deg]
    Sym-H  =   -5.000 [nT]
    BSDst  ~   17.589 [nT]
           dSMRs  ~     1.39    0.14   -1.65    0.12 [nT, 12/18/00/06]
   DPSDst  ~   -5.467 [nT]
   Spent    43.4% of time waiting for Gamera
            12.4% of time processing Chimp(Helpers)
             8.4% of time processing IMAG
            12.4% of time processing Remix
            23.2% of time processing Tubes(Helpers)
             0.0% of time writing files
    Running @   63.650% of real-time (8 threads)
[0m  [35m
 RAIJU
      UT   = 2001-06-01 23:08:35
      Time =     8.583 [min]
     dtCpl =  5.00E+00 [sec]
     Max/Min dt @ k:
        Max 3.46E+01 [sec] @ 57
        Min 1.38E-01 [sec] @ 160
     Flav : max Press/Den @ L,MLT; DPS-dst
        0: P =   0.00, D =9075.91 @  1.54 Rp,12.07 MLT; DPS:   0.00
        1: P =   0.39, D =   6.29 @  8.39 Rp,13.12 MLT; DPS:  -1.06
        2: P =   2.97, D =   0.42 @  3.93 Rp, 7.20 MLT; DPS:  -5.62
[0m [32m<Writing HDF5 DATA @ t =     8.501 [min] >[0m 
[32m<Writing RAIJU HDF5 DATA @ t =     8.583 [min] >[0m 
 [36m
 GAMERA
      Time =     8.584 [min]
        ts =     7607
        dt =  1.01E-01 [sec]
    dt/dt0 =   84.433%
    Spent     0.0% of time waiting for Voltron
      kZCs =   3465.31 /   1213.13 [MHD/TOT] (8 threads)
[0m       CPCP =   30.759  29.628 [kV, N/S]
 [34m
 VOLTRON
      UT   = 2001-06-01 23:08:35
      tilt =    0.000 [deg]
    Sym-H  =   -5.000 [nT]
    BSDst  ~   17.663 [nT]
           dSMRs  ~     1.30    0.14   -1.56    0.12 [nT, 12/18/00/06]
   DPSDst  ~   -5.465 [nT]
   Spent    42.6% of time waiting for Gamera
            12.5% of time processing Chimp(Helpers)
             8.5% of time processing IMAG
            12.6% of time processing Remix
            23.4% of time processing Tubes(Helpers)
             0.3% of time writing files
    Running @   64.187% of real-time (8 threads)
[0m  [35m
 RAIJU
      UT   = 2001-06-01 23:08:40
      Time =     8.667 [min]
     dtCpl =  5.00E+00 [sec]
     Max/Min dt @ k:
        Max 3.56E+01 [sec] @ 57
        Min 1.38E-01 [sec] @ 160
     Flav : max Press/Den @ L,MLT; DPS-dst
        0: P =   0.00, D =9075.91 @  1.54 Rp,12.07 MLT; DPS:   0.00
        1: P =   0.38, D =   6.28 @  8.40 Rp,13.12 MLT; DPS:  -1.06
        2: P =   2.96, D =   0.42 @  3.93 Rp, 7.20 MLT; DPS:  -5.62
[0m [32m<Writing HDF5 DATA @ t =     8.584 [min] >[0m 
[32m<Writing RAIJU HDF5 DATA @ t =     8.667 [min] >[0m 
 [36m
 GAMERA
      Time =     8.668 [min]
        ts =     7657
        dt =  1.01E-01 [sec]
    dt/dt0 =   84.415%
    Spent     0.0% of time waiting for Voltron
      kZCs =   3460.27 /   1211.50 [MHD/TOT] (8 threads)
[0m       CPCP =   29.342  30.064 [kV, N/S]
 [34m
 VOLTRON
      UT   = 2001-06-01 23:08:40
      tilt =    0.000 [deg]
    Sym-H  =   -5.000 [nT]
    BSDst  ~   17.813 [nT]
           dSMRs  ~     1.25    0.13   -1.49    0.11 [nT, 12/18/00/06]
   DPSDst  ~   -5.456 [nT]
   Spent    41.7% of time waiting for Gamera
            12.4% of time processing Chimp(Helpers)
             8.5% of time processing IMAG
            12.6% of time processing Remix
            23.3% of time processing Tubes(Helpers)
             1.3% of time writing files
    Running @   64.552% of real-time (8 threads)
[0m  [35m
 RAIJU
      UT   = 2001-06-01 23:08:45
      Time =     8.750 [min]
     dtCpl =  5.00E+00 [sec]
     Max/Min dt @ k:
        Max 3.67E+01 [sec] @ 57
        Min 1.38E-01 [sec] @ 160
     Flav : max Press/Den @ L,MLT; DPS-dst
        0: P =   0.00, D =9075.91 @  1.54 Rp,12.07 MLT; DPS:   0.00
        1: P =   0.38, D =   6.26 @  8.41 Rp,13.11 MLT; DPS:  -1.05
        2: P =   2.96, D =   0.42 @  3.93 Rp, 7.13 MLT; DPS:  -5.61
[0m [32m<Writing HDF5 DATA @ t =     8.668 [min] >[0m 
[32m<Writing RAIJU HDF5 DATA @ t =     8.750 [min] >[0m 
 [36m
 GAMERA
      Time =     8.750 [min]
        ts =     7706
        dt =  1.00E-01 [sec]
    dt/dt0 =   84.406%
    Spent     0.0% of time waiting for Voltron
      kZCs =   3464.73 /   1196.63 [MHD/TOT] (8 threads)
[0m       CPCP =   28.437  30.510 [kV, N/S]
 [34m
 VOLTRON
      UT   = 2001-06-01 23:08:45
      tilt =    0.000 [deg]
    Sym-H  =   -5.000 [nT]
    BSDst  ~   18.049 [nT]
           dSMRs  ~     1.25    0.10   -1.44    0.09 [nT, 12/18/00/06]
   DPSDst  ~   -5.424 [nT]
   Spent    41.2% of time waiting for Gamera
            12.5% of time processing Chimp(Helpers)
             8.6% of time processing IMAG
            12.8% of time processing Remix
            23.6% of time processing Tubes(Helpers)
             1.1% of time writing files
    Running @   65.068% of real-time (8 threads)
[0m  [35m
 RAIJU
      UT   = 2001-06-01 23:08:50
      Time =     8.833 [min]
     dtCpl =  5.00E+00 [sec]
     Max/Min dt @ k:
        Max 3.77E+01 [sec] @ 57
        Min 1.38E-01 [sec] @ 160
     Flav : max Press/Den @ L,MLT; DPS-dst
        0: P =   0.00, D =9075.91 @  1.54 Rp,12.07 MLT; DPS:   0.00
        1: P =   0.38, D =   6.24 @  8.38 Rp,13.11 MLT; DPS:  -1.04
        2: P =   2.96, D =   0.42 @  3.93 Rp, 7.13 MLT; DPS:  -5.59
[0m [32m<Writing HDF5 DATA @ t =     8.750 [min] >[0m 
[32m<Writing RAIJU HDF5 DATA @ t =     8.833 [min] >[0m 
 [36m
 GAMERA
      Time =     8.834 [min]
        ts =     7756
        dt =  1.00E-01 [sec]
    dt/dt0 =   84.380%
    Spent     0.0% of time waiting for Voltron
      kZCs =   3465.96 /   1211.52 [MHD/TOT] (8 threads)
[0m       CPCP =   28.515  30.810 [kV, N/S]
 [34m
 VOLTRON
      UT   = 2001-06-01 23:08:50
      tilt =    0.000 [deg]
    Sym-H  =   -5.000 [nT]
    BSDst  ~   18.316 [nT]
           dSMRs  ~     1.24    0.08   -1.41    0.08 [nT, 12/18/00/06]
   DPSDst  ~   -5.422 [nT]
   Spent    40.9% of time waiting for Gamera
            12.6% of time processing Chimp(Helpers)
             8.6% of time processing IMAG
            13.0% of time processing Remix
            23.8% of time processing Tubes(Helpers)
             0.9% of time writing files
    Running @   65.586% of real-time (8 threads)
[0m  [35m
 RAIJU
      UT   = 2001-06-01 23:08:55
      Time =     8.917 [min]
     dtCpl =  5.00E+00 [sec]
     Max/Min dt @ k:
        Max 3.86E+01 [sec] @ 57
        Min 1.38E-01 [sec] @ 160
     Flav : max Press/Den @ L,MLT; DPS-dst
        0: P =   0.00, D =9075.91 @  1.54 Rp,12.07 MLT; DPS:   0.00
        1: P =   0.38, D =   6.22 @  8.41 Rp,13.11 MLT; DPS:  -1.03
        2: P =   2.96, D =   0.42 @  3.93 Rp, 7.13 MLT; DPS:  -5.59
[0m [32m<Writing HDF5 DATA @ t =     8.834 [min] >[0m 
[32m<Writing RAIJU HDF5 DATA @ t =     8.917 [min] >[0m 
 [36m
 GAMERA
      Time =     8.918 [min]
        ts =     7806
        dt =  1.00E-01 [sec]
    dt/dt0 =   84.336%
    Spent     0.0% of time waiting for Voltron
      kZCs =   3464.82 /   1211.99 [MHD/TOT] (8 threads)
[0m       CPCP =   28.690  31.017 [kV, N/S]
 [34m
 VOLTRON
      UT   = 2001-06-01 23:08:55
      tilt =    0.000 [deg]
    Sym-H  =   -5.000 [nT]
    BSDst  ~   18.553 [nT]
           dSMRs  ~     1.21    0.08   -1.37    0.08 [nT, 12/18/00/06]
   DPSDst  ~   -5.422 [nT]
   Spent    40.6% of time waiting for Gamera
            12.6% of time processing Chimp(Helpers)
             8.7% of time processing IMAG
            13.1% of time processing Remix
            24.0% of time processing Tubes(Helpers)
             0.8% of time writing files
    Running @   66.034% of real-time (8 threads)
[0m  [35m
 RAIJU
      UT   = 2001-06-01 23:08:59
      Time =     9.000 [min]
     dtCpl =  5.00E+00 [sec]
     Max/Min dt @ k:
        Max 3.94E+01 [sec] @ 57
        Min 1.38E-01 [sec] @ 160
     Flav : max Press/Den @ L,MLT; DPS-dst
        0: P =   0.00, D =9075.91 @  1.54 Rp,12.07 MLT; DPS:   0.00
        1: P =   0.37, D =   6.21 @  8.41 Rp,13.11 MLT; DPS:  -1.03
        2: P =   2.96, D =   0.42 @  3.93 Rp, 7.00 MLT; DPS:  -5.59
[0m [32m<Writing HDF5 DATA @ t =     8.918 [min] >[0m 
[32m<Writing RAIJU HDF5 DATA @ t =     9.000 [min] >[0m 
 [36m
 GAMERA
      Time =     9.001 [min]
        ts =     7856
        dt =  1.00E-01 [sec]
    dt/dt0 =   84.300%
    Spent     0.0% of time waiting for Voltron
      kZCs =   3462.22 /   1206.86 [MHD/TOT] (8 threads)
[0m       CPCP =   29.351  31.324 [kV, N/S]
 [34m
 VOLTRON
      UT   = 2001-06-01 23:09:00
      tilt =    0.000 [deg]
    Sym-H  =   -5.000 [nT]
    BSDst  ~   18.780 [nT]
           dSMRs  ~     1.16    0.06   -1.31    0.09 [nT, 12/18/00/06]
   DPSDst  ~   -5.418 [nT]
   Spent    40.3% of time waiting for Gamera
            12.7% of time processing Chimp(Helpers)
             8.7% of time processing IMAG
            13.3% of time processing Remix
            24.1% of time processing Tubes(Helpers)
             0.7% of time writing files
    Running @   66.495% of real-time (8 threads)
[0m  [35m
 RAIJU
      UT   = 2001-06-01 23:09:05
      Time =     9.083 [min]
     dtCpl =  5.00E+00 [sec]
     Max/Min dt @ k:
        Max 4.07E+01 [sec] @ 57
        Min 1.38E-01 [sec] @ 160
     Flav : max Press/Den @ L,MLT; DPS-dst
        0: P =   0.00, D =9075.91 @  1.54 Rp,12.07 MLT; DPS:   0.00
        1: P =   0.37, D =   6.19 @  8.41 Rp,13.11 MLT; DPS:  -1.02
        2: P =   2.96, D =   0.42 @  3.93 Rp, 7.00 MLT; DPS:  -5.59
[0m [32m<Writing HDF5 DATA @ t =     9.001 [min] >[0m 
[32m<Writing RAIJU HDF5 DATA @ t =     9.083 [min] >[0m 
 [36m
 GAMERA
      Time =     9.085 [min]
        ts =     7906
        dt =  1.00E-01 [sec]
    dt/dt0 =   84.282%
    Spent     0.0% of time waiting for Voltron
      kZCs =   3461.08 /   1210.96 [MHD/TOT] (8 threads)
[0m       CPCP =   30.331  31.695 [kV, N/S]
 [34m
 VOLTRON
      UT   = 2001-06-01 23:09:05
      tilt =    0.000 [deg]
    Sym-H  =   -5.000 [nT]
    BSDst  ~   18.976 [nT]
           dSMRs  ~     1.09    0.05   -1.24    0.10 [nT, 12/18/00/06]
   DPSDst  ~   -5.406 [nT]
   Spent    40.1% of time waiting for Gamera
            12.7% of time processing Chimp(Helpers)
             8.8% of time processing IMAG
            13.4% of time processing Remix
            24.2% of time processing Tubes(Helpers)
             0.6% of time writing files
    Running @   66.958% of real-time (8 threads)
[0m  [35m
 RAIJU
      UT   = 2001-06-01 23:09:10
      Time =     9.167 [min]
     dtCpl =  5.00E+00 [sec]
     Max/Min dt @ k:
        Max 4.19E+01 [sec] @ 57
        Min 1.38E-01 [sec] @ 160
     Flav : max Press/Den @ L,MLT; DPS-dst
        0: P =   0.00, D =9075.91 @  1.54 Rp,12.07 MLT; DPS:   0.00
        1: P =   0.37, D =   6.16 @  8.39 Rp,13.11 MLT; DPS:  -1.02
        2: P =   2.96, D =   0.42 @  3.97 Rp, 6.89 MLT; DPS:  -5.58
[0m [32m<Writing HDF5 DATA @ t =     9.085 [min] >[0m 
[32m<Writing RAIJU HDF5 DATA @ t =     9.167 [min] >[0m 
 [36m
 GAMERA
      Time =     9.167 [min]
        ts =     7955
        dt =  1.00E-01 [sec]
    dt/dt0 =   84.251%
    Spent     0.0% of time waiting for Voltron
      kZCs =   3464.06 /   1196.84 [MHD/TOT] (8 threads)
[0m       CPCP =   31.707  32.264 [kV, N/S]
 [34m
 VOLTRON
      UT   = 2001-06-01 23:09:10
      tilt =    0.000 [deg]
    Sym-H  =   -5.000 [nT]
    BSDst  ~   19.123 [nT]
           dSMRs  ~     1.01    0.04   -1.16    0.11 [nT, 12/18/00/06]
   DPSDst  ~   -5.408 [nT]
   Spent    39.9% of time waiting for Gamera
            12.8% of time processing Chimp(Helpers)
             8.8% of time processing IMAG
            13.5% of time processing Remix
            24.3% of time processing Tubes(Helpers)
             0.5% of time writing files
    Running @   67.391% of real-time (8 threads)
[0m  [35m
 RAIJU
      UT   = 2001-06-01 23:09:15
      Time =     9.250 [min]
     dtCpl =  5.00E+00 [sec]
     Max/Min dt @ k:
        Max 4.26E+01 [sec] @ 56
        Min 1.38E-01 [sec] @ 160
     Flav : max Press/Den @ L,MLT; DPS-dst
        0: P =   0.00, D =9075.91 @  1.54 Rp,12.07 MLT; DPS:   0.00
        1: P =   0.36, D =   6.14 @  8.39 Rp,13.10 MLT; DPS:  -1.01
        2: P =   2.96, D =   0.42 @  3.97 Rp, 6.89 MLT; DPS:  -5.58
[0m [32m<Writing HDF5 DATA @ t =     9.167 [min] >[0m 
[32m<Writing RAIJU HDF5 DATA @ t =     9.250 [min] >[0m 
 [36m
 GAMERA
      Time =     9.250 [min]
        ts =     8005
        dt =  1.00E-01 [sec]
    dt/dt0 =   84.247%
    Spent     0.0% of time waiting for Voltron
      kZCs =   3462.38 /   1211.28 [MHD/TOT] (8 threads)
[0m       CPCP =   33.006  33.603 [kV, N/S]
 [34m
 VOLTRON
      UT   = 2001-06-01 23:09:15
      tilt =    0.000 [deg]
    Sym-H  =   -5.000 [nT]
    BSDst  ~   19.257 [nT]
           dSMRs  ~     0.92    0.02   -1.07    0.12 [nT, 12/18/00/06]
   DPSDst  ~   -5.384 [nT]
   Spent    39.8% of time waiting for Gamera
            12.8% of time processing Chimp(Helpers)
             8.9% of time processing IMAG
            13.6% of time processing Remix
            24.4% of time processing Tubes(Helpers)
             0.4% of time writing files
    Running @   67.835% of real-time (8 threads)
[0m  [35m
 RAIJU
      UT   = 2001-06-01 23:09:20
      Time =     9.333 [min]
     dtCpl =  5.00E+00 [sec]
     Max/Min dt @ k:
        Max 4.40E+01 [sec] @ 56
        Min 1.38E-01 [sec] @ 160
     Flav : max Press/Den @ L,MLT; DPS-dst
        0: P =   0.00, D =9075.91 @  1.54 Rp,12.07 MLT; DPS:   0.00
        1: P =   0.30, D =   6.40 @  8.26 Rp,13.31 MLT; DPS:  -0.99
        2: P =   2.96, D =   0.42 @  3.97 Rp, 6.89 MLT; DPS:  -5.57
[0m [32m<Writing HDF5 DATA @ t =     9.250 [min] >[0m 
[32m<Writing RAIJU HDF5 DATA @ t =     9.333 [min] >[0m 
 [36m
 GAMERA
      Time =     9.334 [min]
        ts =     8055
        dt =  1.00E-01 [sec]
    dt/dt0 =   84.274%
    Spent     0.0% of time waiting for Voltron
      kZCs =   3464.17 /   1211.58 [MHD/TOT] (8 threads)
[0m       CPCP =   34.233  35.177 [kV, N/S]
 [34m
 VOLTRON
      UT   = 2001-06-01 23:09:20
      tilt =    0.000 [deg]
    Sym-H  =   -5.000 [nT]
    BSDst  ~   19.380 [nT]
           dSMRs  ~     0.84    0.01   -0.98    0.13 [nT, 12/18/00/06]
   DPSDst  ~   -5.381 [nT]
   Spent    39.7% of time waiting for Gamera
            12.8% of time processing Chimp(Helpers)
             8.9% of time processing IMAG
            13.6% of time processing Remix
            24.5% of time processing Tubes(Helpers)
             0.3% of time writing files
    Running @   68.265% of real-time (8 threads)
[0m  [35m
 RAIJU
      UT   = 2001-06-01 23:09:25
      Time =     9.417 [min]
     dtCpl =  5.00E+00 [sec]
     Max/Min dt @ k:
        Max 4.41E+01 [sec] @ 56
        Min 1.38E-01 [sec] @ 160
     Flav : max Press/Den @ L,MLT; DPS-dst
        0: P =   0.00, D =9075.91 @  1.54 Rp,12.07 MLT; DPS:   0.00
        1: P =   0.30, D =   6.37 @  8.27 Rp,13.31 MLT; DPS:  -0.99
        2: P =   2.96, D =   0.42 @  3.97 Rp, 6.89 MLT; DPS:  -5.57
[0m [32m<Writing HDF5 DATA @ t =     9.334 [min] >[0m 
[32m<Writing RAIJU HDF5 DATA @ t =     9.417 [min] >[0m 
 [36m
 GAMERA
      Time =     9.418 [min]
        ts =     8105
        dt =  1.00E-01 [sec]
    dt/dt0 =   84.284%
    Spent     0.0% of time waiting for Voltron
      kZCs =   3464.01 /   1212.33 [MHD/TOT] (8 threads)
[0m       CPCP =   35.591  36.474 [kV, N/S]
 [34m
 VOLTRON
      UT   = 2001-06-01 23:09:25
      tilt =    0.000 [deg]
    Sym-H  =   -5.000 [nT]
    BSDst  ~   19.499 [nT]
           dSMRs  ~     0.78    0.00   -0.90    0.12 [nT, 12/18/00/06]
   DPSDst  ~   -5.378 [nT]
   Spent    39.6% of time waiting for Gamera
            12.8% of time processing Chimp(Helpers)
             8.9% of time processing IMAG
            13.7% of time processing Remix
            24.5% of time processing Tubes(Helpers)
             0.3% of time writing files
    Running @   68.677% of real-time (8 threads)
[0m  [35m
 RAIJU
      UT   = 2001-06-01 23:09:30
      Time =     9.500 [min]
     dtCpl =  5.00E+00 [sec]
     Max/Min dt @ k:
        Max 4.41E+01 [sec] @ 56
        Min 1.38E-01 [sec] @ 160
     Flav : max Press/Den @ L,MLT; DPS-dst
        0: P =   0.00, D =9075.91 @  1.54 Rp,12.07 MLT; DPS:   0.00
        1: P =   0.29, D =   6.35 @  8.27 Rp,13.30 MLT; DPS:  -0.99
        2: P =   2.96, D =   0.42 @  3.97 Rp, 6.89 MLT; DPS:  -5.57
[0m [32m<Writing HDF5 DATA @ t =     9.418 [min] >[0m 
[32m<Writing RAIJU HDF5 DATA @ t =     9.500 [min] >[0m 
 [36m
 GAMERA
      Time =     9.501 [min]
        ts =     8155
        dt =  1.00E-01 [sec]
    dt/dt0 =   84.311%
    Spent     0.0% of time waiting for Voltron
      kZCs =   3459.95 /   1212.91 [MHD/TOT] (8 threads)
[0m       CPCP =   36.979  37.968 [kV, N/S]
 [34m
 VOLTRON
      UT   = 2001-06-01 23:09:30
      tilt =    0.000 [deg]
    Sym-H  =   -5.000 [nT]
    BSDst  ~   19.622 [nT]
           dSMRs  ~     0.72   -0.01   -0.83    0.12 [nT, 12/18/00/06]
   DPSDst  ~   -5.372 [nT]
   Spent    39.5% of time waiting for Gamera
            12.8% of time processing Chimp(Helpers)
             8.9% of time processing IMAG
            13.7% of time processing Remix
            24.6% of time processing Tubes(Helpers)
             0.3% of time writing files
    Running @   69.034% of real-time (8 threads)
[0m  [35m
 RAIJU
      UT   = 2001-06-01 23:09:35
      Time =     9.583 [min]
     dtCpl =  5.00E+00 [sec]
     Max/Min dt @ k:
        Max 4.35E+01 [sec] @ 56
        Min 1.38E-01 [sec] @ 160
     Flav : max Press/Den @ L,MLT; DPS-dst
        0: P =   0.00, D =9075.91 @  1.54 Rp,12.07 MLT; DPS:   0.00
        1: P =   0.29, D =   6.32 @  8.28 Rp,13.30 MLT; DPS:  -0.98
        2: P =   2.96, D =   0.42 @  3.97 Rp, 6.89 MLT; DPS:  -5.57
[0m [32m<Writing HDF5 DATA @ t =     9.501 [min] >[0m 
[32m<Writing RAIJU HDF5 DATA @ t =     9.583 [min] >[0m 
 [36m
 GAMERA
      Time =     9.585 [min]
        ts =     8205
        dt =  1.00E-01 [sec]
    dt/dt0 =   84.328%
    Spent     0.0% of time waiting for Voltron
      kZCs =   3460.76 /   1213.27 [MHD/TOT] (8 threads)
[0m       CPCP =   38.189  39.376 [kV, N/S]
 [34m
 VOLTRON
      UT   = 2001-06-01 23:09:35
      tilt =    0.000 [deg]
    Sym-H  =   -5.000 [nT]
    BSDst  ~   19.730 [nT]
           dSMRs  ~     0.65   -0.01   -0.76    0.11 [nT, 12/18/00/06]
   DPSDst  ~   -5.370 [nT]
   Spent    39.4% of time waiting for Gamera
            12.8% of time processing Chimp(Helpers)
             9.0% of time processing IMAG
            13.8% of time processing Remix
            24.6% of time processing Tubes(Helpers)
             0.3% of time writing files
    Running @   69.437% of real-time (8 threads)
[0m  [35m
 RAIJU
      UT   = 2001-06-01 23:09:40
      Time =     9.667 [min]
     dtCpl =  5.00E+00 [sec]
     Max/Min dt @ k:
        Max 4.32E+01 [sec] @ 56
        Min 1.38E-01 [sec] @ 160
     Flav : max Press/Den @ L,MLT; DPS-dst
        0: P =   0.00, D =9075.91 @  1.54 Rp,12.07 MLT; DPS:   0.00
        1: P =   0.29, D =   6.29 @  8.31 Rp,13.30 MLT; DPS:  -0.98
        2: P =   2.96, D =   0.42 @  3.97 Rp, 6.71 MLT; DPS:  -5.57
[0m [32m<Writing HDF5 DATA @ t =     9.585 [min] >[0m 
[32m<Writing RAIJU HDF5 DATA @ t =     9.667 [min] >[0m 
 [36m
 GAMERA
      Time =     9.667 [min]
        ts =     8254
        dt =  1.00E-01 [sec]
    dt/dt0 =   84.330%
    Spent     0.0% of time waiting for Voltron
      kZCs =   3463.07 /   1199.86 [MHD/TOT] (8 threads)
[0m       CPCP =   39.399  40.762 [kV, N/S]
 [34m
 VOLTRON
      UT   = 2001-06-01 23:09:40
      tilt =    0.000 [deg]
    Sym-H  =   -5.000 [nT]
    BSDst  ~   19.801 [nT]
           dSMRs  ~     0.59   -0.01   -0.69    0.11 [nT, 12/18/00/06]
   DPSDst  ~   -5.330 [nT]
   Spent    39.3% of time waiting for Gamera
            12.8% of time processing Chimp(Helpers)
             9.0% of time processing IMAG
            13.8% of time processing Remix
            24.7% of time processing Tubes(Helpers)
             0.2% of time writing files
    Running @   69.799% of real-time (8 threads)
[0m  [35m
 RAIJU
      UT   = 2001-06-01 23:09:45
      Time =     9.750 [min]
     dtCpl =  5.00E+00 [sec]
     Max/Min dt @ k:
        Max 4.19E+01 [sec] @ 7
        Min 1.38E-01 [sec] @ 160
     Flav : max Press/Den @ L,MLT; DPS-dst
        0: P =   0.00, D =9075.91 @  1.54 Rp,12.07 MLT; DPS:   0.00
        1: P =   0.29, D =   6.26 @  8.33 Rp,13.29 MLT; DPS:  -0.94
        2: P =   2.96, D =   0.42 @  3.93 Rp, 6.47 MLT; DPS:  -5.47
[0m [32m<Writing HDF5 DATA @ t =     9.667 [min] >[0m 
[32m<Writing RAIJU HDF5 DATA @ t =     9.750 [min] >[0m 
 [36m
 GAMERA
      Time =     9.751 [min]
        ts =     8304
        dt =  1.00E-01 [sec]
    dt/dt0 =   84.318%
    Spent     0.0% of time waiting for Voltron
      kZCs =   3462.71 /   1213.81 [MHD/TOT] (8 threads)
[0m       CPCP =   40.863  42.264 [kV, N/S]
 [34m
 VOLTRON
      UT   = 2001-06-01 23:09:45
      tilt =    0.000 [deg]
    Sym-H  =   -5.000 [nT]
    BSDst  ~   19.843 [nT]
           dSMRs  ~     0.52   -0.01   -0.61    0.11 [nT, 12/18/00/06]
   DPSDst  ~   -5.318 [nT]
   Spent    39.3% of time waiting for Gamera
            12.8% of time processing Chimp(Helpers)
             9.0% of time processing IMAG
            13.8% of time processing Remix
            24.7% of time processing Tubes(Helpers)
             0.2% of time writing files
    Running @   70.178% of real-time (8 threads)
[0m  [35m
 RAIJU
      UT   = 2001-06-01 23:09:50
      Time =     9.833 [min]
     dtCpl =  5.00E+00 [sec]
     Max/Min dt @ k:
        Max 4.12E+01 [sec] @ 7
        Min 1.38E-01 [sec] @ 160
     Flav : max Press/Den @ L,MLT; DPS-dst
        0: P =   0.00, D =9075.91 @  1.54 Rp,12.07 MLT; DPS:   0.00
        1: P =   0.28, D =   6.23 @  8.34 Rp,13.29 MLT; DPS:  -0.93
        2: P =   2.96, D =   0.42 @  3.93 Rp, 6.33 MLT; DPS:  -5.47
[0m [32m<Writing HDF5 DATA @ t =     9.751 [min] >[0m 
[32m<Writing RAIJU HDF5 DATA @ t =     9.833 [min] >[0m 
 [36m
 GAMERA
      Time =     9.834 [min]
        ts =     8354
        dt =  1.00E-01 [sec]
    dt/dt0 =   84.312%
    Spent     0.0% of time waiting for Voltron
      kZCs =   3462.06 /   1214.43 [MHD/TOT] (8 threads)
[0m       CPCP =   42.496  44.061 [kV, N/S]
 [34m
 VOLTRON
      UT   = 2001-06-01 23:09:50
      tilt =    0.000 [deg]
    Sym-H  =   -5.000 [nT]
    BSDst  ~   19.856 [nT]
           dSMRs  ~     0.44   -0.02   -0.53    0.11 [nT, 12/18/00/06]
   DPSDst  ~   -5.311 [nT]
   Spent    39.3% of time waiting for Gamera
            12.8% of time processing Chimp(Helpers)
             9.0% of time processing IMAG
            13.9% of time processing Remix
            24.7% of time processing Tubes(Helpers)
             0.2% of time writing files
    Running @   70.546% of real-time (8 threads)
[0m  [35m
 RAIJU
      UT   = 2001-06-01 23:09:55
      Time =     9.917 [min]
     dtCpl =  5.00E+00 [sec]
     Max/Min dt @ k:
        Max 4.06E+01 [sec] @ 7
        Min 1.38E-01 [sec] @ 160
     Flav : max Press/Den @ L,MLT; DPS-dst
        0: P =   0.00, D =9075.91 @  1.54 Rp,12.07 MLT; DPS:   0.00
        1: P =   0.28, D =   6.19 @  8.34 Rp,13.28 MLT; DPS:  -0.92
        2: P =   2.96, D =   0.42 @  3.93 Rp, 6.07 MLT; DPS:  -5.46
[0m [32m<Writing HDF5 DATA @ t =     9.834 [min] >[0m 
[32m<Writing RAIJU HDF5 DATA @ t =     9.917 [min] >[0m 
 [36m
 GAMERA
      Time =     9.918 [min]
        ts =     8404
        dt =  1.00E-01 [sec]
    dt/dt0 =   84.298%
    Spent     0.0% of time waiting for Voltron
      kZCs =   3463.36 /   1215.89 [MHD/TOT] (8 threads)
[0m       CPCP =   44.393  45.955 [kV, N/S]
 [34m
 VOLTRON
      UT   = 2001-06-01 23:09:55
      tilt =    0.000 [deg]
    Sym-H  =   -5.000 [nT]
    BSDst  ~   19.850 [nT]
           dSMRs  ~     0.35   -0.03   -0.44    0.11 [nT, 12/18/00/06]
   DPSDst  ~   -5.242 [nT]
   Spent    39.3% of time waiting for Gamera
            12.8% of time processing Chimp(Helpers)
             9.0% of time processing IMAG
            13.9% of time processing Remix
            24.7% of time processing Tubes(Helpers)
             0.1% of time writing files
    Running @   70.904% of real-time (8 threads)
[0m  [35m
 RAIJU
      UT   = 2001-06-01 23:09:59
      Time =    10.000 [min]
     dtCpl =  5.00E+00 [sec]
     Max/Min dt @ k:
        Max 4.01E+01 [sec] @ 7
        Min 1.38E-01 [sec] @ 160
     Flav : max Press/Den @ L,MLT; DPS-dst
        0: P =   0.00, D =9075.91 @  1.54 Rp,12.07 MLT; DPS:   0.00
        1: P =   0.28, D =   6.16 @  8.32 Rp,13.28 MLT; DPS:  -0.90
        2: P =   2.96, D =   0.42 @  3.93 Rp, 5.93 MLT; DPS:  -5.40
[0m [32m<Writing HDF5 DATA @ t =     9.918 [min] >[0m 
[32m<Writing RAIJU HDF5 DATA @ t =    10.000 [min] >[0m 
 [36m
 GAMERA
      Time =    10.002 [min]
        ts =     8454
        dt =  1.00E-01 [sec]
    dt/dt0 =   84.287%
    Spent     0.0% of time waiting for Voltron
      kZCs =   3462.55 /   1217.48 [MHD/TOT] (8 threads)
[0m       CPCP =   46.404  47.732 [kV, N/S]
 [34m
 VOLTRON
      UT   = 2001-06-01 23:10:00
      tilt =    0.000 [deg]
    Sym-H  =   -5.000 [nT]
    BSDst  ~   19.836 [nT]
           dSMRs  ~     0.27   -0.04   -0.35    0.11 [nT, 12/18/00/06]
   DPSDst  ~   -5.235 [nT]
   Spent    39.3% of time waiting for Gamera
            12.8% of time processing Chimp(Helpers)
             9.0% of time processing IMAG
            13.9% of time processing Remix
            24.7% of time processing Tubes(Helpers)
             0.1% of time writing files
    Running @   71.253% of real-time (8 threads)
[0m  [35m
 RAIJU
      UT   = 2001-06-01 23:10:05
      Time =    10.083 [min]
     dtCpl =  5.00E+00 [sec]
     Max/Min dt @ k:
        Max 3.97E+01 [sec] @ 7
        Min 1.38E-01 [sec] @ 160
     Flav : max Press/Den @ L,MLT; DPS-dst
        0: P =   0.00, D =9075.91 @  1.54 Rp,12.07 MLT; DPS:   0.00
        1: P =   0.28, D =   6.15 @  8.23 Rp,13.27 MLT; DPS:  -0.90
        2: P =   2.96, D =   0.42 @  3.93 Rp, 5.93 MLT; DPS:  -5.40
[0m [32m<Writing HDF5 DATA @ t =    10.002 [min] >[0m 
[32m<Writing RAIJU HDF5 DATA @ t =    10.083 [min] >[0m 
 [36m
 GAMERA
      Time =    10.083 [min]
        ts =     8503
        dt =  1.00E-01 [sec]
    dt/dt0 =   84.266%
    Spent     0.0% of time waiting for Voltron
      kZCs =   3463.57 /   1203.36 [MHD/TOT] (8 threads)
[0m       CPCP =   48.285  49.402 [kV, N/S]
 [34m
 VOLTRON
      UT   = 2001-06-01 23:10:05
      tilt =    0.000 [deg]
    Sym-H  =   -5.000 [nT]
    BSDst  ~   19.815 [nT]
           dSMRs  ~     0.19   -0.04   -0.26    0.11 [nT, 12/18/00/06]
   DPSDst  ~   -5.193 [nT]
   Spent    39.2% of time waiting for Gamera
            12.8% of time processing Chimp(Helpers)
             9.0% of time processing IMAG
            13.9% of time processing Remix
            24.8% of time processing Tubes(Helpers)
             0.1% of time writing files
    Running @   71.556% of real-time (8 threads)
[0m  [35m
 RAIJU
      UT   = 2001-06-01 23:10:10
      Time =    10.167 [min]
     dtCpl =  5.00E+00 [sec]
     Max/Min dt @ k:
        Max 4.28E+01 [sec] @ 7
        Min 1.38E-01 [sec] @ 160
     Flav : max Press/Den @ L,MLT; DPS-dst
        0: P =   0.00, D =9075.91 @  1.54 Rp,12.07 MLT; DPS:   0.00
        1: P =   0.28, D =   6.14 @  8.21 Rp,13.27 MLT; DPS:  -0.88
        2: P =   2.95, D =   0.42 @  3.93 Rp, 5.93 MLT; DPS:  -5.36
[0m [32m<Writing HDF5 DATA @ t =    10.083 [min] >[0m 
[32m<Writing RAIJU HDF5 DATA @ t =    10.167 [min] >[0m 
 [36m
 GAMERA
      Time =    10.167 [min]
        ts =     8553
        dt =  1.00E-01 [sec]
    dt/dt0 =   84.235%
    Spent     0.0% of time waiting for Voltron
      kZCs =   3464.01 /   1218.64 [MHD/TOT] (8 threads)
[0m       CPCP =   50.151  51.527 [kV, N/S]
 [34m
 VOLTRON
      UT   = 2001-06-01 23:10:10
      tilt =    0.000 [deg]
    Sym-H  =   -5.000 [nT]
    BSDst  ~   19.788 [nT]
           dSMRs  ~     0.12   -0.05   -0.17    0.10 [nT, 12/18/00/06]
   DPSDst  ~   -5.185 [nT]
   Spent    39.2% of time waiting for Gamera
            12.7% of time processing Chimp(Helpers)
             9.0% of time processing IMAG
            13.9% of time processing Remix
            24.8% of time processing Tubes(Helpers)
             0.1% of time writing files
    Running @   71.884% of real-time (8 threads)
[0m  [35m
 RAIJU
      UT   = 2001-06-01 23:10:15
      Time =    10.250 [min]
     dtCpl =  5.00E+00 [sec]
     Max/Min dt @ k:
        Max 4.25E+01 [sec] @ 7
        Min 1.38E-01 [sec] @ 160
     Flav : max Press/Den @ L,MLT; DPS-dst
        0: P =   0.00, D =9075.91 @  1.54 Rp,12.07 MLT; DPS:   0.00
        1: P =   0.28, D =   6.13 @  8.25 Rp,13.27 MLT; DPS:  -0.87
        2: P =   2.95, D =   0.42 @  3.93 Rp, 5.80 MLT; DPS:  -5.35
[0m [32m<Writing HDF5 DATA @ t =    10.167 [min] >[0m 
[32m<Writing RAIJU HDF5 DATA @ t =    10.250 [min] >[0m 
 [36m
 GAMERA
      Time =    10.251 [min]
        ts =     8603
        dt =  1.00E-01 [sec]
    dt/dt0 =   84.222%
    Spent     0.0% of time waiting for Voltron
      kZCs =   3464.34 /   1218.56 [MHD/TOT] (8 threads)
[0m       CPCP =   52.120  53.739 [kV, N/S]
 [34m
 VOLTRON
      UT   = 2001-06-01 23:10:15
      tilt =    0.000 [deg]
    Sym-H  =   -5.000 [nT]
    BSDst  ~   19.752 [nT]
           dSMRs  ~     0.05   -0.06   -0.08    0.09 [nT, 12/18/00/06]
   DPSDst  ~   -5.181 [nT]
   Spent    39.2% of time waiting for Gamera
            12.7% of time processing Chimp(Helpers)
             9.0% of time processing IMAG
            13.9% of time processing Remix
            24.8% of time processing Tubes(Helpers)
             0.1% of time writing files
    Running @   72.188% of real-time (8 threads)
[0m  [35m
 RAIJU
      UT   = 2001-06-01 23:10:20
      Time =    10.333 [min]
     dtCpl =  5.00E+00 [sec]
     Max/Min dt @ k:
        Max 4.21E+01 [sec] @ 7
        Min 1.38E-01 [sec] @ 160
     Flav : max Press/Den @ L,MLT; DPS-dst
        0: P =   0.00, D =9075.91 @  1.54 Rp,12.07 MLT; DPS:   0.00
        1: P =   0.28, D =   6.11 @  8.30 Rp,13.27 MLT; DPS:  -0.87
        2: P =   2.95, D =   0.42 @  3.93 Rp, 5.80 MLT; DPS:  -5.35
[0m [32m<Writing HDF5 DATA @ t =    10.251 [min] >[0m 
[32m<Writing RAIJU HDF5 DATA @ t =    10.333 [min] >[0m 
 [36m
 GAMERA
      Time =    10.334 [min]
        ts =     8653
        dt =  1.00E-01 [sec]
    dt/dt0 =   84.206%
    Spent     0.0% of time waiting for Voltron
      kZCs =   3463.36 /   1219.39 [MHD/TOT] (8 threads)
[0m       CPCP =   54.227  55.999 [kV, N/S]
 [34m
 VOLTRON
      UT   = 2001-06-01 23:10:20
      tilt =    0.000 [deg]
    Sym-H  =   -5.000 [nT]
    BSDst  ~   19.713 [nT]
           dSMRs  ~    -0.01   -0.08    0.00    0.09 [nT, 12/18/00/06]
   DPSDst  ~   -5.176 [nT]
   Spent    38.9% of time waiting for Gamera
            12.6% of time processing Chimp(Helpers)
             9.0% of time processing IMAG
            13.8% of time processing Remix
            24.5% of time processing Tubes(Helpers)
             1.0% of time writing files
    Running @   72.325% of real-time (8 threads)
[0m  [35m
 RAIJU
      UT   = 2001-06-01 23:10:25
      Time =    10.417 [min]
     dtCpl =  5.00E+00 [sec]
     Max/Min dt @ k:
        Max 4.21E+01 [sec] @ 7
        Min 1.38E-01 [sec] @ 160
     Flav : max Press/Den @ L,MLT; DPS-dst
        0: P =   0.00, D =9075.91 @  1.54 Rp,12.07 MLT; DPS:   0.00
        1: P =   0.27, D =   6.08 @  8.35 Rp,13.28 MLT; DPS:  -0.86
        2: P =   2.95, D =   0.42 @  3.93 Rp, 5.54 MLT; DPS:  -5.35
[0m [32m<Writing HDF5 DATA @ t =    10.334 [min] >[0m 
[32m<Writing RAIJU HDF5 DATA @ t =    10.417 [min] >[0m 
 [36m
 GAMERA
      Time =    10.418 [min]
        ts =     8703
        dt =  1.00E-01 [sec]
    dt/dt0 =   84.196%
    Spent     0.0% of time waiting for Voltron
      kZCs =   3464.82 /   1219.33 [MHD/TOT] (8 threads)
[0m       CPCP =   56.343  58.244 [kV, N/S]
 [34m
 VOLTRON
      UT   = 2001-06-01 23:10:25
      tilt =    0.000 [deg]
    Sym-H  =   -5.000 [nT]
    BSDst  ~   19.674 [nT]
           dSMRs  ~    -0.07   -0.09    0.08    0.09 [nT, 12/18/00/06]
   DPSDst  ~   -5.168 [nT]
   Spent    38.9% of time waiting for Gamera
            12.6% of time processing Chimp(Helpers)
             9.0% of time processing IMAG
            13.9% of time processing Remix
            24.6% of time processing Tubes(Helpers)
             0.9% of time writing files
    Running @   72.620% of real-time (8 threads)
[0m  [35m
 RAIJU
      UT   = 2001-06-01 23:10:30
      Time =    10.500 [min]
     dtCpl =  5.00E+00 [sec]
     Max/Min dt @ k:
        Max 4.23E+01 [sec] @ 7
        Min 1.38E-01 [sec] @ 160
     Flav : max Press/Den @ L,MLT; DPS-dst
        0: P =   0.00, D =9075.91 @  1.54 Rp,12.07 MLT; DPS:   0.00
        1: P =   0.27, D =   6.03 @  8.37 Rp,13.28 MLT; DPS:  -0.86
        2: P =   2.95, D =   0.42 @  3.93 Rp, 5.40 MLT; DPS:  -5.34
[0m [32m<Writing HDF5 DATA @ t =    10.418 [min] >[0m 
[32m<Writing RAIJU HDF5 DATA @ t =    10.500 [min] >[0m 
 [36m
 GAMERA
      Time =    10.501 [min]
        ts =     8753
        dt =  1.00E-01 [sec]
    dt/dt0 =   84.191%
    Spent     0.0% of time waiting for Voltron
      kZCs =   3460.27 /   1219.71 [MHD/TOT] (8 threads)
[0m       CPCP =   58.359  60.198 [kV, N/S]
 [34m
 VOLTRON
      UT   = 2001-06-01 23:10:30
      tilt =    0.000 [deg]
    Sym-H  =   -5.000 [nT]
    BSDst  ~   19.650 [nT]
           dSMRs  ~    -0.12   -0.11    0.15    0.08 [nT, 12/18/00/06]
   DPSDst  ~   -5.170 [nT]
   Spent    39.0% of time waiting for Gamera
            12.6% of time processing Chimp(Helpers)
             9.0% of time processing IMAG
            13.9% of time processing Remix
            24.6% of time processing Tubes(Helpers)
             0.7% of time writing files
    Running @   72.889% of real-time (8 threads)
[0m  [35m
 RAIJU
      UT   = 2001-06-01 23:10:35
      Time =    10.583 [min]
     dtCpl =  5.00E+00 [sec]
     Max/Min dt @ k:
        Max 4.21E+01 [sec] @ 7
        Min 1.38E-01 [sec] @ 160
     Flav : max Press/Den @ L,MLT; DPS-dst
        0: P =   0.00, D =9075.91 @  1.54 Rp,12.07 MLT; DPS:   0.00
        1: P =   0.26, D =   5.97 @  8.38 Rp,13.28 MLT; DPS:  -0.86
        2: P =   2.94, D =   0.42 @  3.93 Rp, 5.40 MLT; DPS:  -5.34
[0m [32m<Writing HDF5 DATA @ t =    10.501 [min] >[0m 
[32m<Writing RAIJU HDF5 DATA @ t =    10.583 [min] >[0m 
 [36m
 GAMERA
      Time =    10.585 [min]
        ts =     8803
        dt =  1.00E-01 [sec]
    dt/dt0 =   84.197%
    Spent     0.0% of time waiting for Voltron
      kZCs =   3460.92 /   1219.09 [MHD/TOT] (8 threads)
[0m       CPCP =   60.295  61.901 [kV, N/S]
 [34m
 VOLTRON
      UT   = 2001-06-01 23:10:35
      tilt =    0.000 [deg]
    Sym-H  =   -5.000 [nT]
    BSDst  ~   19.651 [nT]
           dSMRs  ~    -0.13   -0.14    0.21    0.06 [nT, 12/18/00/06]
   DPSDst  ~   -5.167 [nT]
   Spent    39.0% of time waiting for Gamera
            12.6% of time processing Chimp(Helpers)
             9.0% of time processing IMAG
            13.9% of time processing Remix
            24.6% of time processing Tubes(Helpers)
             0.6% of time writing files
    Running @   73.170% of real-time (8 threads)
[0m  [35m
 RAIJU
      UT   = 2001-06-01 23:10:40
      Time =    10.667 [min]
     dtCpl =  5.00E+00 [sec]
     Max/Min dt @ k:
        Max 4.18E+01 [sec] @ 7
        Min 1.38E-01 [sec] @ 160
     Flav : max Press/Den @ L,MLT; DPS-dst
        0: P =   0.00, D =9075.91 @  1.54 Rp,12.07 MLT; DPS:   0.00
        1: P =   0.26, D =   5.93 @  8.39 Rp,13.28 MLT; DPS:  -0.85
        2: P =   2.94, D =   0.42 @  3.93 Rp, 5.27 MLT; DPS:  -5.34
[0m [32m<Writing HDF5 DATA @ t =    10.585 [min] >[0m 
[32m<Writing RAIJU HDF5 DATA @ t =    10.667 [min] >[0m 
 [36m
 GAMERA
      Time =    10.668 [min]
        ts =     8853
        dt =  1.00E-01 [sec]
    dt/dt0 =   84.203%
    Spent     0.0% of time waiting for Voltron
      kZCs =   3461.25 /   1218.60 [MHD/TOT] (8 threads)
[0m       CPCP =   62.185  63.439 [kV, N/S]
 [34m
 VOLTRON
      UT   = 2001-06-01 23:10:40
      tilt =    0.000 [deg]
    Sym-H  =   -5.000 [nT]
    BSDst  ~   19.686 [nT]
           dSMRs  ~    -0.13   -0.16    0.25    0.04 [nT, 12/18/00/06]
   DPSDst  ~   -5.148 [nT]
   Spent    39.1% of time waiting for Gamera
            12.6% of time processing Chimp(Helpers)
             9.0% of time processing IMAG
            13.9% of time processing Remix
            24.6% of time processing Tubes(Helpers)
             0.5% of time writing files
    Running @   73.438% of real-time (8 threads)
[0m  [35m
 RAIJU
      UT   = 2001-06-01 23:10:45
      Time =    10.750 [min]
     dtCpl =  5.00E+00 [sec]
     Max/Min dt @ k:
        Max 4.20E+01 [sec] @ 7
        Min 1.38E-01 [sec] @ 160
     Flav : max Press/Den @ L,MLT; DPS-dst
        0: P =   0.00, D =9075.91 @  1.54 Rp,12.07 MLT; DPS:   0.00
        1: P =   0.26, D =   5.88 @  8.40 Rp,13.27 MLT; DPS:  -0.85
        2: P =   2.94, D =   0.42 @  3.94 Rp, 5.27 MLT; DPS:  -5.33
[0m [32m<Writing HDF5 DATA @ t =    10.668 [min] >[0m 
[32m<Writing RAIJU HDF5 DATA @ t =    10.750 [min] >[0m 
 [36m
 GAMERA
      Time =    10.750 [min]
        ts =     8902
        dt =  1.00E-01 [sec]
    dt/dt0 =   84.211%
    Spent     0.0% of time waiting for Voltron
      kZCs =   3460.75 /   1203.94 [MHD/TOT] (8 threads)
[0m       CPCP =   63.777  64.825 [kV, N/S]
 [34m
 VOLTRON
      UT   = 2001-06-01 23:10:45
      tilt =    0.000 [deg]
    Sym-H  =   -5.000 [nT]
    BSDst  ~   19.737 [nT]
           dSMRs  ~    -0.11   -0.19    0.27    0.03 [nT, 12/18/00/06]
   DPSDst  ~   -5.148 [nT]
   Spent    39.1% of time waiting for Gamera
            12.6% of time processing Chimp(Helpers)
             9.0% of time processing IMAG
            14.0% of time processing Remix
            24.7% of time processing Tubes(Helpers)
             0.4% of time writing files
    Running @   73.645% of real-time (8 threads)
[0m  [35m
 RAIJU
      UT   = 2001-06-01 23:10:50
      Time =    10.833 [min]
     dtCpl =  5.00E+00 [sec]
     Max/Min dt @ k:
        Max 4.15E+01 [sec] @ 7
        Min 1.38E-01 [sec] @ 160
     Flav : max Press/Den @ L,MLT; DPS-dst
        0: P =   0.00, D =9075.91 @  1.54 Rp,12.07 MLT; DPS:   0.00
        1: P =   0.25, D =   5.86 @  8.38 Rp,13.27 MLT; DPS:  -0.84
        2: P =   2.94, D =   0.42 @  3.94 Rp, 5.14 MLT; DPS:  -5.33
[0m [32m<Writing HDF5 DATA @ t =    10.750 [min] >[0m 
[32m<Writing RAIJU HDF5 DATA @ t =    10.833 [min] >[0m 
 [36m
 GAMERA
      Time =    10.834 [min]
        ts =     8952
        dt =  1.00E-01 [sec]
    dt/dt0 =   84.216%
    Spent     0.0% of time waiting for Voltron
      kZCs =   3461.73 /   1218.50 [MHD/TOT] (8 threads)
[0m       CPCP =   65.174  66.232 [kV, N/S]
 [34m
 VOLTRON
      UT   = 2001-06-01 23:10:50
      tilt =    0.000 [deg]
    Sym-H  =   -5.000 [nT]
    BSDst  ~   19.772 [nT]
           dSMRs  ~    -0.12   -0.21    0.30    0.03 [nT, 12/18/00/06]
   DPSDst  ~   -5.144 [nT]
   Spent    39.1% of time waiting for Gamera
            12.6% of time processing Chimp(Helpers)
             9.1% of time processing IMAG
            14.0% of time processing Remix
            24.7% of time processing Tubes(Helpers)
             0.4% of time writing files
    Running @   73.885% of real-time (8 threads)
[0m  [35m
 RAIJU
      UT   = 2001-06-01 23:10:55
      Time =    10.917 [min]
     dtCpl =  5.00E+00 [sec]
     Max/Min dt @ k:
        Max 4.09E+01 [sec] @ 6
        Min 1.38E-01 [sec] @ 160
     Flav : max Press/Den @ L,MLT; DPS-dst
        0: P =   0.00, D =9075.91 @  1.54 Rp,12.07 MLT; DPS:   0.00
        1: P =   0.25, D =   5.84 @  8.35 Rp,13.27 MLT; DPS:  -0.84
        2: P =   2.94, D =   0.42 @  3.94 Rp, 5.14 MLT; DPS:  -5.33
[0m [32m<Writing HDF5 DATA @ t =    10.834 [min] >[0m 
[32m<Writing RAIJU HDF5 DATA @ t =    10.917 [min] >[0m 
 [36m
 GAMERA
      Time =    10.917 [min]
        ts =     9002
        dt =  1.00E-01 [sec]
    dt/dt0 =   84.208%
    Spent     0.0% of time waiting for Voltron
      kZCs =   3463.36 /   1221.59 [MHD/TOT] (8 threads)
[0m       CPCP =   66.504  67.777 [kV, N/S]
 [34m
 VOLTRON
      UT   = 2001-06-01 23:10:55
      tilt =    0.000 [deg]
    Sym-H  =   -5.000 [nT]
    BSDst  ~   19.778 [nT]
           dSMRs  ~    -0.15   -0.21    0.34    0.03 [nT, 12/18/00/06]
   DPSDst  ~   -5.134 [nT]
   Spent    39.1% of time waiting for Gamera
            12.6% of time processing Chimp(Helpers)
             9.1% of time processing IMAG
            14.0% of time processing Remix
            24.7% of time processing Tubes(Helpers)
             0.3% of time writing files
    Running @   74.145% of real-time (8 threads)
[0m  [35m
 RAIJU
      UT   = 2001-06-01 23:10:59
      Time =    11.000 [min]
     dtCpl =  5.00E+00 [sec]
     Max/Min dt @ k:
        Max 4.04E+01 [sec] @ 50
        Min 1.38E-01 [sec] @ 160
     Flav : max Press/Den @ L,MLT; DPS-dst
        0: P =   0.00, D =9075.91 @  1.54 Rp,12.07 MLT; DPS:   0.00
        1: P =   0.25, D =   5.84 @  8.37 Rp,13.27 MLT; DPS:  -0.83
        2: P =   2.94, D =   0.42 @  3.94 Rp, 5.00 MLT; DPS:  -5.32
[0m [32m<Writing HDF5 DATA @ t =    10.917 [min] >[0m 
[32m<Writing RAIJU HDF5 DATA @ t =    11.000 [min] >[0m 
 [36m
 GAMERA
      Time =    11.001 [min]
        ts =     9052
        dt =  1.00E-01 [sec]
    dt/dt0 =   84.221%
    Spent     0.0% of time waiting for Voltron
      kZCs =   3462.22 /   1221.59 [MHD/TOT] (8 threads)
[0m       CPCP =   67.622  69.044 [kV, N/S]
 [34m
 VOLTRON
      UT   = 2001-06-01 23:11:00
      tilt =    0.000 [deg]
    Sym-H  =   -5.000 [nT]
    BSDst  ~   19.757 [nT]
           dSMRs  ~    -0.21   -0.22    0.40    0.03 [nT, 12/18/00/06]
   DPSDst  ~   -5.132 [nT]
   Spent    39.2% of time waiting for Gamera
            12.6% of time processing Chimp(Helpers)
             9.1% of time processing IMAG
            14.0% of time processing Remix
            24.7% of time processing Tubes(Helpers)
             0.3% of time writing files
    Running @   74.396% of real-time (8 threads)
[0m  [35m
 RAIJU
      UT   = 2001-06-01 23:11:05
      Time =    11.083 [min]
     dtCpl =  5.00E+00 [sec]
     Max/Min dt @ k:
        Max 3.98E+01 [sec] @ 52
        Min 1.38E-01 [sec] @ 160
     Flav : max Press/Den @ L,MLT; DPS-dst
        0: P =   0.00, D =9075.91 @  1.54 Rp,12.07 MLT; DPS:   0.00
        1: P =   0.25, D =   5.84 @  8.38 Rp,13.28 MLT; DPS:  -0.83
        2: P =   2.94, D =   0.42 @  3.94 Rp, 5.00 MLT; DPS:  -5.32
[0m [32m<Writing HDF5 DATA @ t =    11.001 [min] >[0m 
[32m<Writing RAIJU HDF5 DATA @ t =    11.083 [min] >[0m 
 [36m
 GAMERA
      Time =    11.084 [min]
        ts =     9102
        dt =  1.00E-01 [sec]
    dt/dt0 =   84.250%
    Spent     0.0% of time waiting for Voltron
      kZCs =   3458.97 /   1220.90 [MHD/TOT] (8 threads)
[0m       CPCP =   68.628  70.100 [kV, N/S]
 [34m
 VOLTRON
      UT   = 2001-06-01 23:11:05
      tilt =    0.000 [deg]
    Sym-H  =   -5.000 [nT]
    BSDst  ~   19.718 [nT]
           dSMRs  ~    -0.28   -0.22    0.46    0.04 [nT, 12/18/00/06]
   DPSDst  ~   -5.129 [nT]
   Spent    39.2% of time waiting for Gamera
            12.6% of time processing Chimp(Helpers)
             9.1% of time processing IMAG
            14.0% of time processing Remix
            24.7% of time processing Tubes(Helpers)
             0.2% of time writing files
    Running @   74.606% of real-time (8 threads)
[0m  [35m
 RAIJU
      UT   = 2001-06-01 23:11:10
      Time =    11.167 [min]
     dtCpl =  5.00E+00 [sec]
     Max/Min dt @ k:
        Max 3.94E+01 [sec] @ 51
        Min 1.38E-01 [sec] @ 160
     Flav : max Press/Den @ L,MLT; DPS-dst
        0: P =   0.00, D =9075.91 @  1.54 Rp,12.07 MLT; DPS:   0.00
        1: P =   0.25, D =   5.82 @  8.41 Rp,13.28 MLT; DPS:  -0.83
        2: P =   2.94, D =   0.42 @  3.94 Rp, 4.87 MLT; DPS:  -5.32
[0m [32m<Writing HDF5 DATA @ t =    11.084 [min] >[0m 
[32m<Writing RAIJU HDF5 DATA @ t =    11.167 [min] >[0m 
 [36m
 GAMERA
      Time =    11.168 [min]
        ts =     9152
        dt =  1.00E-01 [sec]
    dt/dt0 =   84.279%
    Spent     0.0% of time waiting for Voltron
      kZCs =   3463.03 /   1223.68 [MHD/TOT] (8 threads)
[0m       CPCP =   69.432  71.041 [kV, N/S]
 [34m
 VOLTRON
      UT   = 2001-06-01 23:11:10
      tilt =    0.000 [deg]
    Sym-H  =   -5.000 [nT]
    BSDst  ~   19.663 [nT]
           dSMRs  ~    -0.35   -0.22    0.53    0.04 [nT, 12/18/00/06]
   DPSDst  ~   -5.124 [nT]
   Spent    39.3% of time waiting for Gamera
            12.6% of time processing Chimp(Helpers)
             9.1% of time processing IMAG
            14.0% of time processing Remix
            24.6% of time processing Tubes(Helpers)
             0.2% of time writing files
    Running @   74.843% of real-time (8 threads)
[0m  [35m
 RAIJU
      UT   = 2001-06-01 23:11:15
      Time =    11.250 [min]
     dtCpl =  5.00E+00 [sec]
     Max/Min dt @ k:
        Max 3.77E+01 [sec] @ 7
        Min 1.38E-01 [sec] @ 160
     Flav : max Press/Den @ L,MLT; DPS-dst
        0: P =   0.00, D =9075.91 @  1.54 Rp,12.07 MLT; DPS:   0.00
        1: P =   0.23, D =   5.82 @  8.43 Rp,13.42 MLT; DPS:  -0.82
        2: P =   2.94, D =   0.42 @  3.94 Rp, 4.87 MLT; DPS:  -5.32
[0m [32m<Writing HDF5 DATA @ t =    11.168 [min] >[0m 
[32m<Writing RAIJU HDF5 DATA @ t =    11.250 [min] >[0m 
 [36m
 GAMERA
      Time =    11.250 [min]
        ts =     9201
        dt =  1.00E-01 [sec]
    dt/dt0 =   84.317%
    Spent     0.0% of time waiting for Voltron
      kZCs =   3461.41 /   1210.40 [MHD/TOT] (8 threads)
[0m       CPCP =   70.076  71.845 [kV, N/S]
 [34m
 VOLTRON
      UT   = 2001-06-01 23:11:15
      tilt =    0.000 [deg]
    Sym-H  =   -5.000 [nT]
    BSDst  ~   19.595 [nT]
           dSMRs  ~    -0.41   -0.22    0.59    0.04 [nT, 12/18/00/06]
   DPSDst  ~   -5.119 [nT]
   Spent    39.2% of time waiting for Gamera
            12.6% of time processing Chimp(Helpers)
             9.1% of time processing IMAG
            14.0% of time processing Remix
            24.7% of time processing Tubes(Helpers)
             0.2% of time writing files
    Running @   75.031% of real-time (8 threads)
[0m  [35m
 RAIJU
      UT   = 2001-06-01 23:11:20
      Time =    11.333 [min]
     dtCpl =  5.00E+00 [sec]
     Max/Min dt @ k:
        Max 3.60E+01 [sec] @ 7
        Min 1.38E-01 [sec] @ 160
     Flav : max Press/Den @ L,MLT; DPS-dst
        0: P =   0.00, D =9075.91 @  1.54 Rp,12.07 MLT; DPS:   0.00
        1: P =   0.23, D =   5.78 @  8.44 Rp,13.41 MLT; DPS:  -0.82
        2: P =   2.94, D =   0.42 @  3.94 Rp, 4.87 MLT; DPS:  -5.32
[0m [32m<Writing HDF5 DATA @ t =    11.250 [min] >[0m 
[32m<Writing RAIJU HDF5 DATA @ t =    11.333 [min] >[0m 
 [36m
 GAMERA
      Time =    11.334 [min]
        ts =     9251
        dt =  1.00E-01 [sec]
    dt/dt0 =   84.351%
    Spent     0.0% of time waiting for Voltron
      kZCs =   3462.22 /   1224.80 [MHD/TOT] (8 threads)
[0m       CPCP =   70.774  72.498 [kV, N/S]
 [34m
 VOLTRON
      UT   = 2001-06-01 23:11:20
      tilt =    0.000 [deg]
    Sym-H  =   -5.000 [nT]
    BSDst  ~   19.525 [nT]
           dSMRs  ~    -0.44   -0.22    0.63    0.03 [nT, 12/18/00/06]
   DPSDst  ~   -5.115 [nT]
   Spent    39.3% of time waiting for Gamera
            12.6% of time processing Chimp(Helpers)
             9.1% of time processing IMAG
            14.0% of time processing Remix
            24.6% of time processing Tubes(Helpers)
             0.1% of time writing files
    Running @   75.254% of real-time (8 threads)
[0m  [35m
 RAIJU
      UT   = 2001-06-01 23:11:25
      Time =    11.417 [min]
     dtCpl =  5.00E+00 [sec]
     Max/Min dt @ k:
        Max 3.45E+01 [sec] @ 8
        Min 1.38E-01 [sec] @ 160
     Flav : max Press/Den @ L,MLT; DPS-dst
        0: P =   0.00, D =9075.91 @  1.54 Rp,12.07 MLT; DPS:   0.00
        1: P =   0.22, D =   5.73 @  8.44 Rp,13.41 MLT; DPS:  -0.81
        2: P =   2.94, D =   0.42 @  3.94 Rp, 4.74 MLT; DPS:  -5.32
[0m [32m<Writing HDF5 DATA @ t =    11.334 [min] >[0m 
[32m<Writing RAIJU HDF5 DATA @ t =    11.417 [min] >[0m 
 [36m
 GAMERA
      Time =    11.417 [min]
        ts =     9301
        dt =  1.00E-01 [sec]
    dt/dt0 =   84.368%
    Spent     0.0% of time waiting for Voltron
      kZCs =   3462.71 /   1227.41 [MHD/TOT] (8 threads)
[0m       CPCP =   71.422  73.103 [kV, N/S]
 [34m
 VOLTRON
      UT   = 2001-06-01 23:11:25
      tilt =    0.000 [deg]
    Sym-H  =   -5.000 [nT]
    BSDst  ~   19.481 [nT]
           dSMRs  ~    -0.44   -0.23    0.65    0.02 [nT, 12/18/00/06]
   DPSDst  ~   -5.112 [nT]
   Spent    39.3% of time waiting for Gamera
            12.6% of time processing Chimp(Helpers)
             9.1% of time processing IMAG
            14.0% of time processing Remix
            24.6% of time processing Tubes(Helpers)
             0.1% of time writing files
    Running @   75.483% of real-time (8 threads)
[0m  [35m
 RAIJU
      UT   = 2001-06-01 23:11:30
      Time =    11.500 [min]
     dtCpl =  5.00E+00 [sec]
     Max/Min dt @ k:
        Max 3.30E+01 [sec] @ 8
        Min 1.38E-01 [sec] @ 160
     Flav : max Press/Den @ L,MLT; DPS-dst
        0: P =   0.00, D =9075.91 @  1.54 Rp,12.07 MLT; DPS:   0.00
        1: P =   0.22, D =   5.68 @  8.45 Rp,13.41 MLT; DPS:  -0.81
        2: P =   2.94, D =   0.42 @  3.94 Rp, 4.74 MLT; DPS:  -5.32
[0m [32m<Writing HDF5 DATA @ t =    11.417 [min] >[0m 
[32m<Writing RAIJU HDF5 DATA @ t =    11.500 [min] >[0m 
 [36m
 GAMERA
      Time =    11.501 [min]
        ts =     9351
        dt =  1.00E-01 [sec]
    dt/dt0 =   84.380%
    Spent     0.0% of time waiting for Voltron
      kZCs =   3461.57 /   1227.70 [MHD/TOT] (8 threads)
[0m       CPCP =   71.921  73.657 [kV, N/S]
 [34m
 VOLTRON
      UT   = 2001-06-01 23:11:30
      tilt =    0.000 [deg]
    Sym-H  =   -5.000 [nT]
    BSDst  ~   19.478 [nT]
           dSMRs  ~    -0.40   -0.25    0.65   -0.00 [nT, 12/18/00/06]
   DPSDst  ~   -5.116 [nT]
   Spent    39.4% of time waiting for Gamera
            12.6% of time processing Chimp(Helpers)
             9.1% of time processing IMAG
            14.0% of time processing Remix
            24.6% of time processing Tubes(Helpers)
             0.1% of time writing files
    Running @   75.689% of real-time (8 threads)
[0m  [35m
 RAIJU
      UT   = 2001-06-01 23:11:35
      Time =    11.583 [min]
     dtCpl =  5.00E+00 [sec]
     Max/Min dt @ k:
        Max 3.20E+01 [sec] @ 8
        Min 1.38E-01 [sec] @ 160
     Flav : max Press/Den @ L,MLT; DPS-dst
        0: P =   0.00, D =9075.91 @  1.54 Rp,12.07 MLT; DPS:   0.00
        1: P =   0.22, D =   5.64 @  8.46 Rp,13.40 MLT; DPS:  -0.81
        2: P =   2.94, D =   0.42 @  3.94 Rp, 4.74 MLT; DPS:  -5.32
[0m [32m<Writing HDF5 DATA @ t =    11.501 [min] >[0m 
[32m<Writing RAIJU HDF5 DATA @ t =    11.583 [min] >[0m 
 [36m
 GAMERA
      Time =    11.585 [min]
        ts =     9401
        dt =  1.00E-01 [sec]
    dt/dt0 =   84.388%
    Spent     0.0% of time waiting for Voltron
      kZCs =   3463.03 /   1228.70 [MHD/TOT] (8 threads)
[0m       CPCP =   72.441  74.093 [kV, N/S]
 [34m
 VOLTRON
      UT   = 2001-06-01 23:11:35
      tilt =    0.000 [deg]
    Sym-H  =   -5.000 [nT]
    BSDst  ~   19.516 [nT]
           dSMRs  ~    -0.34   -0.27    0.63   -0.02 [nT, 12/18/00/06]
   DPSDst  ~   -5.111 [nT]
   Spent    39.4% of time waiting for Gamera
            12.6% of time processing Chimp(Helpers)
             9.1% of time processing IMAG
            14.0% of time processing Remix
            24.6% of time processing Tubes(Helpers)
             0.1% of time writing files
    Running @   75.908% of real-time (8 threads)
[0m  [35m
 RAIJU
      UT   = 2001-06-01 23:11:40
      Time =    11.667 [min]
     dtCpl =  5.00E+00 [sec]
     Max/Min dt @ k:
        Max 3.12E+01 [sec] @ 8
        Min 1.38E-01 [sec] @ 160
     Flav : max Press/Den @ L,MLT; DPS-dst
        0: P =   0.00, D =9075.91 @  1.54 Rp,12.07 MLT; DPS:   0.00
        1: P =   0.21, D =   5.60 @  8.47 Rp,13.40 MLT; DPS:  -0.80
        2: P =   2.94, D =   0.42 @  3.94 Rp, 4.74 MLT; DPS:  -5.32
[0m [32m<Writing HDF5 DATA @ t =    11.585 [min] >[0m 
[32m<Writing RAIJU HDF5 DATA @ t =    11.667 [min] >[0m 
 [36m
 GAMERA
      Time =    11.667 [min]
        ts =     9450
        dt =  1.00E-01 [sec]
    dt/dt0 =   84.396%
    Spent     0.0% of time waiting for Voltron
      kZCs =   3461.08 /   1215.02 [MHD/TOT] (8 threads)
[0m       CPCP =   73.152  74.380 [kV, N/S]
 [34m
 VOLTRON
      UT   = 2001-06-01 23:11:40
      tilt =    0.000 [deg]
    Sym-H  =   -5.000 [nT]
    BSDst  ~   19.578 [nT]
           dSMRs  ~    -0.29   -0.28    0.60   -0.04 [nT, 12/18/00/06]
   DPSDst  ~   -5.111 [nT]
   Spent    39.4% of time waiting for Gamera
            12.6% of time processing Chimp(Helpers)
             9.2% of time processing IMAG
            14.0% of time processing Remix
            24.6% of time processing Tubes(Helpers)
             0.1% of time writing files
    Running @   76.069% of real-time (8 threads)
[0m  [35m
 RAIJU
      UT   = 2001-06-01 23:11:45
      Time =    11.750 [min]
     dtCpl =  5.00E+00 [sec]
     Max/Min dt @ k:
        Max 3.05E+01 [sec] @ 8
        Min 1.38E-01 [sec] @ 160
     Flav : max Press/Den @ L,MLT; DPS-dst
        0: P =   0.00, D =9075.91 @  1.54 Rp,12.07 MLT; DPS:   0.00
        1: P =   0.17, D =   0.28 @  5.04 Rp, 0.34 MLT; DPS:  -0.80
        2: P =   2.94, D =   0.42 @  3.94 Rp, 4.74 MLT; DPS:  -5.32
[0m [32m<Writing HDF5 DATA @ t =    11.667 [min] >[0m 
[32m<Writing RAIJU HDF5 DATA @ t =    11.750 [min] >[0m 
 [36m
 GAMERA
      Time =    11.751 [min]
        ts =     9500
        dt =  1.00E-01 [sec]
    dt/dt0 =   84.395%
    Spent     0.0% of time waiting for Voltron
      kZCs =   3460.27 /   1230.30 [MHD/TOT] (8 threads)
[0m       CPCP =   74.289  75.151 [kV, N/S]
 [34m
 VOLTRON
      UT   = 2001-06-01 23:11:45
      tilt =    0.000 [deg]
    Sym-H  =   -5.000 [nT]
    BSDst  ~   19.646 [nT]
           dSMRs  ~    -0.25   -0.28    0.58   -0.05 [nT, 12/18/00/06]
   DPSDst  ~   -5.115 [nT]
   Spent    39.4% of time waiting for Gamera
            12.6% of time processing Chimp(Helpers)
             9.2% of time processing IMAG
            14.0% of time processing Remix
            24.5% of time processing Tubes(Helpers)
             0.1% of time writing files
    Running @   76.280% of real-time (8 threads)
[0m  [35m
 RAIJU
      UT   = 2001-06-01 23:11:50
      Time =    11.833 [min]
     dtCpl =  5.00E+00 [sec]
     Max/Min dt @ k:
        Max 3.00E+01 [sec] @ 8
        Min 1.38E-01 [sec] @ 160
     Flav : max Press/Den @ L,MLT; DPS-dst
        0: P =   0.00, D =9075.91 @  1.54 Rp,12.07 MLT; DPS:   0.00
        1: P =   0.17, D =   0.28 @  5.04 Rp, 0.34 MLT; DPS:  -0.80
        2: P =   2.94, D =   0.42 @  3.94 Rp, 4.60 MLT; DPS:  -5.32
[0m [32m<Writing HDF5 DATA @ t =    11.751 [min] >[0m 
[32m<Writing RAIJU HDF5 DATA @ t =    11.833 [min] >[0m 
 [36m
 GAMERA
      Time =    11.834 [min]
        ts =     9550
        dt =  1.00E-01 [sec]
    dt/dt0 =   84.390%
    Spent     0.0% of time waiting for Voltron
      kZCs =   3460.60 /   1232.17 [MHD/TOT] (8 threads)
[0m       CPCP =   75.194  75.886 [kV, N/S]
 [34m
 VOLTRON
      UT   = 2001-06-01 23:11:50
      tilt =    0.000 [deg]
    Sym-H  =   -5.000 [nT]
    BSDst  ~   19.685 [nT]
           dSMRs  ~    -0.25   -0.29    0.58   -0.04 [nT, 12/18/00/06]
   DPSDst  ~   -5.110 [nT]
   Spent    39.5% of time waiting for Gamera
            12.6% of time processing Chimp(Helpers)
             9.2% of time processing IMAG
            14.0% of time processing Remix
            24.5% of time processing Tubes(Helpers)
             0.1% of time writing files
    Running @   76.487% of real-time (8 threads)
[0m  [35m
 RAIJU
      UT   = 2001-06-01 23:11:55
      Time =    11.917 [min]
     dtCpl =  5.00E+00 [sec]
     Max/Min dt @ k:
        Max 2.94E+01 [sec] @ 8
        Min 1.38E-01 [sec] @ 160
     Flav : max Press/Den @ L,MLT; DPS-dst
        0: P =   0.00, D =9075.91 @  1.54 Rp,12.07 MLT; DPS:   0.00
        1: P =   0.17, D =   0.28 @  5.04 Rp, 0.34 MLT; DPS:  -0.79
        2: P =   2.94, D =   0.42 @  3.94 Rp, 4.60 MLT; DPS:  -5.32
[0m [32m<Writing HDF5 DATA @ t =    11.834 [min] >[0m 
[32m<Writing RAIJU HDF5 DATA @ t =    11.917 [min] >[0m 
 [36m
 GAMERA
      Time =    11.918 [min]
        ts =     9600
        dt =  1.00E-01 [sec]
    dt/dt0 =   84.407%
    Spent     0.0% of time waiting for Voltron
      kZCs =   3460.27 /   1232.13 [MHD/TOT] (8 threads)
[0m       CPCP =   75.937  76.454 [kV, N/S]
 [34m
 VOLTRON
      UT   = 2001-06-01 23:11:55
      tilt =    0.000 [deg]
    Sym-H  =   -5.000 [nT]
    BSDst  ~   19.675 [nT]
           dSMRs  ~    -0.29   -0.28    0.61   -0.03 [nT, 12/18/00/06]
   DPSDst  ~   -5.104 [nT]
   Spent    39.5% of time waiting for Gamera
            12.6% of time processing Chimp(Helpers)
             9.2% of time processing IMAG
            13.9% of time processing Remix
            24.5% of time processing Tubes(Helpers)
             0.0% of time writing files
    Running @   76.679% of real-time (8 threads)
[0m  [35m
 RAIJU
      UT   = 2001-06-01 23:11:59
      Time =    12.000 [min]
     dtCpl =  5.00E+00 [sec]
     Max/Min dt @ k:
        Max 2.86E+01 [sec] @ 8
        Min 1.38E-01 [sec] @ 160
     Flav : max Press/Den @ L,MLT; DPS-dst
        0: P =   0.00, D =9075.91 @  1.54 Rp,12.07 MLT; DPS:   0.00
        1: P =   0.17, D =   0.28 @  5.04 Rp, 0.34 MLT; DPS:  -0.79
        2: P =   2.94, D =   0.42 @  3.94 Rp, 4.60 MLT; DPS:  -5.32
[0m [32m<Writing HDF5 DATA @ t =    11.918 [min] >[0m 
[32m<Writing RAIJU HDF5 DATA @ t =    12.000 [min] >[0m 
 [36m
 GAMERA
      Time =    12.000 [min]
        ts =     9649
        dt =  1.01E-01 [sec]
    dt/dt0 =   84.430%
    Spent     0.0% of time waiting for Voltron
      kZCs =   3459.09 /   1217.68 [MHD/TOT] (8 threads)
[0m       CPCP =   76.581  76.850 [kV, N/S]
 [34m
 VOLTRON
      UT   = 2001-06-01 23:12:00
      tilt =    0.000 [deg]
    Sym-H  =   -5.000 [nT]
    BSDst  ~   19.615 [nT]
           dSMRs  ~    -0.35   -0.28    0.65   -0.02 [nT, 12/18/00/06]
   DPSDst  ~   -5.101 [nT]
   Spent    39.5% of time waiting for Gamera
            12.6% of time processing Chimp(Helpers)
             9.2% of time processing IMAG
            13.9% of time processing Remix
            24.5% of time processing Tubes(Helpers)
             0.0% of time writing files
    Running @   76.842% of real-time (8 threads)
[0m  [35m
 RAIJU
      UT   = 2001-06-01 23:12:05
      Time =    12.083 [min]
     dtCpl =  5.00E+00 [sec]
     Max/Min dt @ k:
        Max 2.77E+01 [sec] @ 8
        Min 1.38E-01 [sec] @ 160
     Flav : max Press/Den @ L,MLT; DPS-dst
        0: P =   0.00, D =9075.91 @  1.54 Rp,12.07 MLT; DPS:   0.00
        1: P =   0.17, D =   0.28 @  5.04 Rp, 0.34 MLT; DPS:  -0.79
        2: P =   2.94, D =   0.42 @  3.94 Rp, 0.34 MLT; DPS:  -5.32
[0m [32m<Writing HDF5 DATA @ t =    12.000 [min] >[0m 
[32m<Writing RAIJU HDF5 DATA @ t =    12.083 [min] >[0m 
 [36m
 GAMERA
      Time =    12.084 [min]
        ts =     9699
        dt =  1.01E-01 [sec]
    dt/dt0 =   84.465%
    Spent     0.0% of time waiting for Voltron
      kZCs =   3469.55 /   1234.33 [MHD/TOT] (8 threads)
[0m       CPCP =   77.374  77.163 [kV, N/S]
 [34m
 VOLTRON
      UT   = 2001-06-01 23:12:05
      tilt =    0.000 [deg]
    Sym-H  =   -5.000 [nT]
    BSDst  ~   19.513 [nT]
           dSMRs  ~    -0.41   -0.27    0.71   -0.02 [nT, 12/18/00/06]
   DPSDst  ~   -5.080 [nT]
   Spent    39.5% of time waiting for Gamera
            12.6% of time processing Chimp(Helpers)
             9.3% of time processing IMAG
            13.9% of time processing Remix
            24.4% of time processing Tubes(Helpers)
             0.0% of time writing files
    Running @   76.835% of real-time (8 threads)
[0m  [35m
 RAIJU
      UT   = 2001-06-01 23:12:10
      Time =    12.167 [min]
     dtCpl =  5.00E+00 [sec]
     Max/Min dt @ k:
        Max 2.69E+01 [sec] @ 8
        Min 1.38E-01 [sec] @ 160
     Flav : max Press/Den @ L,MLT; DPS-dst
        0: P =   0.00, D =9075.91 @  1.54 Rp,12.07 MLT; DPS:   0.00
        1: P =   0.16, D =   0.34 @  5.39 Rp,23.80 MLT; DPS:  -0.78
        2: P =   2.94, D =   0.42 @  3.94 Rp, 0.34 MLT; DPS:  -5.30
[0m [32m<Writing HDF5 DATA @ t =    12.084 [min] >[0m 
[32m<Writing RAIJU HDF5 DATA @ t =    12.167 [min] >[0m 
 [36m
 GAMERA
      Time =    12.168 [min]
        ts =     9749
        dt =  1.01E-01 [sec]
    dt/dt0 =   84.526%
    Spent     0.0% of time waiting for Voltron
      kZCs =   3459.78 /   1233.40 [MHD/TOT] (8 threads)
[0m       CPCP =   78.253  77.477 [kV, N/S]
 [34m
 VOLTRON
      UT   = 2001-06-01 23:12:10
      tilt =    0.000 [deg]
    Sym-H  =   -5.000 [nT]
    BSDst  ~   19.389 [nT]
           dSMRs  ~    -0.45   -0.27    0.74   -0.03 [nT, 12/18/00/06]
   DPSDst  ~   -5.075 [nT]
   Spent    39.6% of time waiting for Gamera
            12.6% of time processing Chimp(Helpers)
             9.3% of time processing IMAG
            13.9% of time processing Remix
            24.4% of time processing Tubes(Helpers)
             0.0% of time writing files
    Running @   77.019% of real-time (8 threads)
[0m  [35m
 RAIJU
      UT   = 2001-06-01 23:12:15
      Time =    12.250 [min]
     dtCpl =  5.00E+00 [sec]
     Max/Min dt @ k:
        Max 2.64E+01 [sec] @ 9
        Min 1.38E-01 [sec] @ 160
     Flav : max Press/Den @ L,MLT; DPS-dst
        0: P =   0.00, D =9075.91 @  1.54 Rp,12.07 MLT; DPS:   0.00
        1: P =   0.16, D =   0.34 @  5.39 Rp,23.66 MLT; DPS:  -0.78
        2: P =   2.95, D =   0.42 @  3.94 Rp, 0.20 MLT; DPS:  -5.30
[0m [32m<Writing HDF5 DATA @ t =    12.168 [min] >[0m 
[32m<Writing RAIJU HDF5 DATA @ t =    12.250 [min] >[0m 
 [36m
 GAMERA
      Time =    12.252 [min]
        ts =     9799
        dt =  1.01E-01 [sec]
    dt/dt0 =   84.578%
    Spent     0.0% of time waiting for Voltron
      kZCs =   3462.71 /   1236.01 [MHD/TOT] (8 threads)
[0m       CPCP =   79.062  77.890 [kV, N/S]
 [34m
 VOLTRON
      UT   = 2001-06-01 23:12:15
      tilt =    0.000 [deg]
    Sym-H  =   -5.000 [nT]
    BSDst  ~   19.276 [nT]
           dSMRs  ~    -0.45   -0.27    0.75   -0.03 [nT, 12/18/00/06]
   DPSDst  ~   -5.067 [nT]
   Spent    39.6% of time waiting for Gamera
            12.6% of time processing Chimp(Helpers)
             9.2% of time processing IMAG
            13.9% of time processing Remix
            24.4% of time processing Tubes(Helpers)
             0.0% of time writing files
    Running @   77.218% of real-time (8 threads)
[0m  [35m
 RAIJU
      UT   = 2001-06-01 23:12:20
      Time =    12.333 [min]
     dtCpl =  5.00E+00 [sec]
     Max/Min dt @ k:
        Max 2.58E+01 [sec] @ 9
        Min 1.38E-01 [sec] @ 160
     Flav : max Press/Den @ L,MLT; DPS-dst
        0: P =   0.00, D =9075.91 @  1.54 Rp,12.07 MLT; DPS:   0.00
        1: P =   0.16, D =   0.34 @  5.39 Rp,23.66 MLT; DPS:  -0.77
        2: P =   2.95, D =   0.42 @  3.94 Rp, 0.20 MLT; DPS:  -5.30
[0m [32m<Writing HDF5 DATA @ t =    12.252 [min] >[0m 
[32m<Writing RAIJU HDF5 DATA @ t =    12.333 [min] >[0m 
 [36m
 GAMERA
      Time =    12.334 [min]
        ts =     9848
        dt =  1.01E-01 [sec]
    dt/dt0 =   84.570%
    Spent     0.0% of time waiting for Voltron
      kZCs =   3457.43 /   1221.36 [MHD/TOT] (8 threads)
[0m       CPCP =   79.818  78.468 [kV, N/S]
 [34m
 VOLTRON
      UT   = 2001-06-01 23:12:20
      tilt =    0.000 [deg]
    Sym-H  =   -5.000 [nT]
    BSDst  ~   19.192 [nT]
           dSMRs  ~    -0.42   -0.28    0.74   -0.04 [nT, 12/18/00/06]
   DPSDst  ~   -5.060 [nT]
   Spent    39.6% of time waiting for Gamera
            12.6% of time processing Chimp(Helpers)
             9.3% of time processing IMAG
            13.9% of time processing Remix
            24.4% of time processing Tubes(Helpers)
             0.0% of time writing files
    Running @   77.377% of real-time (8 threads)
[0m  [35m
 RAIJU
      UT   = 2001-06-01 23:12:25
      Time =    12.417 [min]
     dtCpl =  5.00E+00 [sec]
     Max/Min dt @ k:
        Max 2.53E+01 [sec] @ 9
        Min 1.38E-01 [sec] @ 160
     Flav : max Press/Den @ L,MLT; DPS-dst
        0: P =   0.00, D =9075.91 @  1.54 Rp,12.07 MLT; DPS:   0.00
        1: P =   0.16, D =   0.34 @  5.39 Rp,23.66 MLT; DPS:  -0.77
        2: P =   2.96, D =   0.42 @  3.94 Rp, 0.20 MLT; DPS:  -5.29
[0m [32m<Writing HDF5 DATA @ t =    12.334 [min] >[0m 
[32m<Writing RAIJU HDF5 DATA @ t =    12.417 [min] >[0m 
 [36m
 GAMERA
      Time =    12.418 [min]
        ts =     9898
        dt =  1.01E-01 [sec]
    dt/dt0 =   84.538%
    Spent     0.0% of time waiting for Voltron
      kZCs =   3459.13 /   1230.17 [MHD/TOT] (8 threads)
[0m       CPCP =   80.515  79.106 [kV, N/S]
 [34m
 VOLTRON
      UT   = 2001-06-01 23:12:25
      tilt =    0.000 [deg]
    Sym-H  =   -5.000 [nT]
    BSDst  ~   19.142 [nT]
           dSMRs  ~    -0.38   -0.29    0.72   -0.05 [nT, 12/18/00/06]
   DPSDst  ~   -5.056 [nT]
   Spent    39.6% of time waiting for Gamera
            12.6% of time processing Chimp(Helpers)
             9.3% of time processing IMAG
            14.0% of time processing Remix
            24.3% of time processing Tubes(Helpers)
             0.0% of time writing files
    Running @   77.539% of real-time (8 threads)
[0m  [35m
 RAIJU
      UT   = 2001-06-01 23:12:30
      Time =    12.500 [min]
     dtCpl =  5.00E+00 [sec]
     Max/Min dt @ k:
        Max 2.49E+01 [sec] @ 9
        Min 1.38E-01 [sec] @ 160
     Flav : max Press/Den @ L,MLT; DPS-dst
        0: P =   0.00, D =9075.91 @  1.54 Rp,12.07 MLT; DPS:   0.00
        1: P =   0.16, D =   0.34 @  5.39 Rp,23.66 MLT; DPS:  -0.76
        2: P =   2.96, D =   0.42 @  3.94 Rp, 0.20 MLT; DPS:  -5.29
[0m [32m<Writing HDF5 DATA @ t =    12.418 [min] >[0m 
[32m<Writing RAIJU HDF5 DATA @ t =    12.500 [min] >[0m 
 [36m
 GAMERA
      Time =    12.502 [min]
        ts =     9948
        dt =  1.01E-01 [sec]
    dt/dt0 =   84.503%
    Spent     0.0% of time waiting for Voltron
      kZCs =   3461.08 /   1237.34 [MHD/TOT] (8 threads)
[0m       CPCP =   81.143  79.734 [kV, N/S]
 [34m
 VOLTRON
      UT   = 2001-06-01 23:12:30
      tilt =    0.000 [deg]
    Sym-H  =   -5.000 [nT]
    BSDst  ~   19.125 [nT]
           dSMRs  ~    -0.33   -0.30    0.68   -0.05 [nT, 12/18/00/06]
   DPSDst  ~   -5.056 [nT]
   Spent    39.7% of time waiting for Gamera
            12.6% of time processing Chimp(Helpers)
             9.3% of time processing IMAG
            14.0% of time processing Remix
            24.3% of time processing Tubes(Helpers)
             0.0% of time writing files
    Running @   77.722% of real-time (8 threads)
[0m  [35m
 RAIJU
      UT   = 2001-06-01 23:12:35
      Time =    12.583 [min]
     dtCpl =  5.00E+00 [sec]
     Max/Min dt @ k:
        Max 2.46E+01 [sec] @ 9
        Min 1.38E-01 [sec] @ 160
     Flav : max Press/Den @ L,MLT; DPS-dst
        0: P =   0.00, D =9075.91 @  1.54 Rp,12.07 MLT; DPS:   0.00
        1: P =   0.16, D =   0.34 @  5.39 Rp,23.66 MLT; DPS:  -0.76
        2: P =   2.97, D =   0.42 @  3.94 Rp, 0.20 MLT; DPS:  -5.29
[0m [32m<Writing HDF5 DATA @ t =    12.502 [min] >[0m 
[32m<Writing RAIJU HDF5 DATA @ t =    12.583 [min] >[0m 
 [36m
 GAMERA
      Time =    12.584 [min]
        ts =     9997
        dt =  1.01E-01 [sec]
    dt/dt0 =   84.470%
    Spent     0.0% of time waiting for Voltron
      kZCs =   3459.75 /   1223.10 [MHD/TOT] (8 threads)
[0m       CPCP =   81.587  80.154 [kV, N/S]
 [34m
 VOLTRON
      UT   = 2001-06-01 23:12:35
      tilt =    0.000 [deg]
    Sym-H  =   -5.000 [nT]
    BSDst  ~   19.127 [nT]
           dSMRs  ~    -0.28   -0.31    0.65   -0.06 [nT, 12/18/00/06]
   DPSDst  ~   -5.047 [nT]
   Spent    39.6% of time waiting for Gamera
            12.6% of time processing Chimp(Helpers)
             9.3% of time processing IMAG
            14.0% of time processing Remix
            24.3% of time processing Tubes(Helpers)
             0.0% of time writing files
    Running @   77.865% of real-time (8 threads)
[0m  [35m
 RAIJU
      UT   = 2001-06-01 23:12:40
      Time =    12.667 [min]
     dtCpl =  5.00E+00 [sec]
     Max/Min dt @ k:
        Max 2.41E+01 [sec] @ 9
        Min 1.38E-01 [sec] @ 160
     Flav : max Press/Den @ L,MLT; DPS-dst
        0: P =   0.00, D =9075.91 @  1.54 Rp,12.07 MLT; DPS:   0.00
        1: P =   0.16, D =   0.34 @  5.39 Rp,23.66 MLT; DPS:  -0.76
        2: P =   2.97, D =   0.42 @  3.94 Rp, 0.20 MLT; DPS:  -5.29
[0m [32m<Writing HDF5 DATA @ t =    12.584 [min] >[0m 
[32m<Writing RAIJU HDF5 DATA @ t =    12.667 [min] >[0m 
 [36m
 GAMERA
      Time =    12.668 [min]
        ts =    10047
        dt =  1.01E-01 [sec]
    dt/dt0 =   84.429%
    Spent     0.0% of time waiting for Voltron
      kZCs =   3458.81 /   1239.38 [MHD/TOT] (8 threads)
[0m       CPCP =   81.854  80.289 [kV, N/S]
 [34m
 VOLTRON
      UT   = 2001-06-01 23:12:40
      tilt =    0.000 [deg]
    Sym-H  =   -5.000 [nT]
    BSDst  ~   19.136 [nT]
           dSMRs  ~    -0.24   -0.30    0.61   -0.07 [nT, 12/18/00/06]
   DPSDst  ~   -5.056 [nT]
   Spent    39.7% of time waiting for Gamera
            12.5% of time processing Chimp(Helpers)
             9.3% of time processing IMAG
            14.0% of time processing Remix
            24.3% of time processing Tubes(Helpers)
             0.0% of time writing files
    Running @   78.034% of real-time (8 threads)
[0m  [35m
 RAIJU
      UT   = 2001-06-01 23:12:45
      Time =    12.750 [min]
     dtCpl =  5.00E+00 [sec]
     Max/Min dt @ k:
        Max 2.36E+01 [sec] @ 9
        Min 1.38E-01 [sec] @ 160
     Flav : max Press/Den @ L,MLT; DPS-dst
        0: P =   0.00, D =9075.91 @  1.54 Rp,12.07 MLT; DPS:   0.00
        1: P =   0.16, D =   0.34 @  5.39 Rp,23.80 MLT; DPS:  -0.76
        2: P =   2.97, D =   0.42 @  3.94 Rp, 0.20 MLT; DPS:  -5.29
[0m [32m<Writing HDF5 DATA @ t =    12.668 [min] >[0m 
[32m<Writing RAIJU HDF5 DATA @ t =    12.750 [min] >[0m 
 [36m
 GAMERA
      Time =    12.751 [min]
        ts =    10097
        dt =  1.00E-01 [sec]
    dt/dt0 =   84.392%
    Spent     0.0% of time waiting for Voltron
      kZCs =   3459.78 /   1238.94 [MHD/TOT] (8 threads)
[0m       CPCP =   81.973  80.216 [kV, N/S]
 [34m
 VOLTRON
      UT   = 2001-06-01 23:12:45
      tilt =    0.000 [deg]
    Sym-H  =   -5.000 [nT]
    BSDst  ~   19.138 [nT]
           dSMRs  ~    -0.22   -0.30    0.59   -0.07 [nT, 12/18/00/06]
   DPSDst  ~   -5.052 [nT]
   Spent    39.7% of time waiting for Gamera
            12.5% of time processing Chimp(Helpers)
             9.3% of time processing IMAG
            13.9% of time processing Remix
            24.3% of time processing Tubes(Helpers)
             0.0% of time writing files
    Running @   78.183% of real-time (8 threads)
[0m  [35m
 RAIJU
      UT   = 2001-06-01 23:12:50
      Time =    12.833 [min]
     dtCpl =  5.00E+00 [sec]
     Max/Min dt @ k:
        Max 2.30E+01 [sec] @ 9
        Min 1.38E-01 [sec] @ 160
     Flav : max Press/Den @ L,MLT; DPS-dst
        0: P =   0.00, D =9075.91 @  1.54 Rp,12.07 MLT; DPS:   0.00
        1: P =   0.16, D =   0.34 @  5.39 Rp,23.80 MLT; DPS:  -0.75
        2: P =   2.98, D =   0.42 @  3.94 Rp, 0.20 MLT; DPS:  -5.29
[0m [32m<Writing HDF5 DATA @ t =    12.751 [min] >[0m 
[32m<Writing RAIJU HDF5 DATA @ t =    12.833 [min] >[0m 
 [36m
 GAMERA
      Time =    12.833 [min]
        ts =    10146
        dt =  1.00E-01 [sec]
    dt/dt0 =   84.349%
    Spent     0.0% of time waiting for Voltron
      kZCs =   3460.08 /   1224.49 [MHD/TOT] (8 threads)
[0m       CPCP =   82.043  79.974 [kV, N/S]
 [34m
 VOLTRON
      UT   = 2001-06-01 23:12:50
      tilt =    0.000 [deg]
    Sym-H  =   -5.000 [nT]
    BSDst  ~   19.120 [nT]
           dSMRs  ~    -0.22   -0.29    0.58   -0.07 [nT, 12/18/00/06]
   DPSDst  ~   -5.046 [nT]
   Spent    39.7% of time waiting for Gamera
            12.5% of time processing Chimp(Helpers)
             9.3% of time processing IMAG
            14.0% of time processing Remix
            24.3% of time processing Tubes(Helpers)
             0.0% of time writing files
    Running @   78.310% of real-time (8 threads)
[0m  [35m
 RAIJU
      UT   = 2001-06-01 23:12:55
      Time =    12.917 [min]
     dtCpl =  5.00E+00 [sec]
     Max/Min dt @ k:
        Max 2.26E+01 [sec] @ 9
        Min 1.38E-01 [sec] @ 160
     Flav : max Press/Den @ L,MLT; DPS-dst
        0: P =   0.00, D =9075.91 @  1.54 Rp,12.07 MLT; DPS:   0.00
        1: P =   0.16, D =   0.33 @  5.39 Rp,23.80 MLT; DPS:  -0.75
        2: P =   2.98, D =   0.42 @  3.94 Rp, 0.20 MLT; DPS:  -5.30
[0m [32m<Writing HDF5 DATA @ t =    12.833 [min] >[0m 
[32m<Writing RAIJU HDF5 DATA @ t =    12.917 [min] >[0m 
 [36m
 GAMERA
      Time =    12.917 [min]
        ts =    10196
        dt =  1.00E-01 [sec]
    dt/dt0 =   84.311%
    Spent     0.0% of time waiting for Voltron
      kZCs =   3458.65 /   1238.96 [MHD/TOT] (8 threads)
[0m       CPCP =   82.102  79.715 [kV, N/S]
 [34m
 VOLTRON
      UT   = 2001-06-01 23:12:55
      tilt =    0.000 [deg]
    Sym-H  =   -5.000 [nT]
    BSDst  ~   19.074 [nT]
           dSMRs  ~    -0.23   -0.29    0.59   -0.06 [nT, 12/18/00/06]
   DPSDst  ~   -5.040 [nT]
   Spent    39.7% of time waiting for Gamera
            12.5% of time processing Chimp(Helpers)
             9.3% of time processing IMAG
            13.9% of time processing Remix
            24.3% of time processing Tubes(Helpers)
             0.0% of time writing files
    Running @   78.464% of real-time (8 threads)
[0m  [35m
 RAIJU
      UT   = 2001-06-01 23:12:59
      Time =    13.000 [min]
     dtCpl =  5.00E+00 [sec]
     Max/Min dt @ k:
        Max 2.22E+01 [sec] @ 9
        Min 1.38E-01 [sec] @ 160
     Flav : max Press/Den @ L,MLT; DPS-dst
        0: P =   0.00, D =9075.91 @  1.54 Rp,12.07 MLT; DPS:   0.00
        1: P =   0.16, D =   0.33 @  5.39 Rp,23.80 MLT; DPS:  -0.75
        2: P =   2.98, D =   0.42 @  3.94 Rp, 0.20 MLT; DPS:  -5.29
[0m [32m<Writing HDF5 DATA @ t =    12.917 [min] >[0m 
[32m<Writing RAIJU HDF5 DATA @ t =    13.000 [min] >[0m 
 [36m
 GAMERA
      Time =    13.001 [min]
        ts =    10246
        dt =  1.00E-01 [sec]
    dt/dt0 =   84.286%
    Spent     0.0% of time waiting for Voltron
      kZCs =   3459.78 /   1240.25 [MHD/TOT] (8 threads)
[0m       CPCP =   81.999  79.426 [kV, N/S]
 [34m
 VOLTRON
      UT   = 2001-06-01 23:13:00
      tilt =    0.000 [deg]
    Sym-H  =   -5.000 [nT]
    BSDst  ~   18.996 [nT]
           dSMRs  ~    -0.25   -0.29    0.60   -0.05 [nT, 12/18/00/06]
   DPSDst  ~   -5.037 [nT]
   Spent    39.8% of time waiting for Gamera
            12.5% of time processing Chimp(Helpers)
             9.3% of time processing IMAG
            13.9% of time processing Remix
            24.3% of time processing Tubes(Helpers)
             0.0% of time writing files
    Running @   78.616% of real-time (8 threads)
[0m  [35m
 RAIJU
      UT   = 2001-06-01 23:13:05
      Time =    13.083 [min]
     dtCpl =  5.00E+00 [sec]
     Max/Min dt @ k:
        Max 2.20E+01 [sec] @ 9
        Min 1.38E-01 [sec] @ 160
     Flav : max Press/Den @ L,MLT; DPS-dst
        0: P =   0.00, D =9075.91 @  1.54 Rp,12.07 MLT; DPS:   0.00
        1: P =   0.16, D =   0.33 @  5.39 Rp,23.80 MLT; DPS:  -0.75
        2: P =   2.99, D =   0.42 @  3.94 Rp, 0.14 MLT; DPS:  -5.29
[0m [32m<Writing HDF5 DATA @ t =    13.001 [min] >[0m 
[32m<Writing RAIJU HDF5 DATA @ t =    13.083 [min] >[0m 
 [36m
 GAMERA
      Time =    13.084 [min]
        ts =    10296
        dt =  1.00E-01 [sec]
    dt/dt0 =   84.247%
    Spent     0.0% of time waiting for Voltron
      kZCs =   3459.78 /   1240.92 [MHD/TOT] (8 threads)
[0m       CPCP =   81.776  78.922 [kV, N/S]
 [34m
 VOLTRON
      UT   = 2001-06-01 23:13:05
      tilt =    0.000 [deg]
    Sym-H  =   -5.000 [nT]
    BSDst  ~   18.900 [nT]
           dSMRs  ~    -0.26   -0.29    0.60   -0.05 [nT, 12/18/00/06]
   DPSDst  ~   -5.035 [nT]
   Spent    39.8% of time waiting for Gamera
            12.5% of time processing Chimp(Helpers)
             9.3% of time processing IMAG
            13.9% of time processing Remix
            24.3% of time processing Tubes(Helpers)
             0.0% of time writing files
    Running @   78.764% of real-time (8 threads)
[0m  [35m
 RAIJU
      UT   = 2001-06-01 23:13:10
      Time =    13.167 [min]
     dtCpl =  5.00E+00 [sec]
     Max/Min dt @ k:
        Max 2.16E+01 [sec] @ 9
        Min 1.38E-01 [sec] @ 160
     Flav : max Press/Den @ L,MLT; DPS-dst
        0: P =   0.00, D =9075.91 @  1.54 Rp,12.07 MLT; DPS:   0.00
        1: P =   0.15, D =   0.33 @  5.39 Rp,23.80 MLT; DPS:  -0.74
        2: P =   2.99, D =   0.43 @  3.94 Rp, 0.14 MLT; DPS:  -5.29
[0m [32m<Writing HDF5 DATA @ t =    13.084 [min] >[0m 
[32m<Writing RAIJU HDF5 DATA @ t =    13.167 [min] >[0m 
 [36m
 GAMERA
      Time =    13.168 [min]
        ts =    10346
        dt =  1.00E-01 [sec]
    dt/dt0 =   84.221%
    Spent     0.0% of time waiting for Voltron
      kZCs =   3460.11 /   1241.86 [MHD/TOT] (8 threads)
[0m       CPCP =   81.558  78.493 [kV, N/S]
 [34m
 VOLTRON
      UT   = 2001-06-01 23:13:10
      tilt =    0.000 [deg]
    Sym-H  =   -5.000 [nT]
    BSDst  ~   18.802 [nT]
           dSMRs  ~    -0.27   -0.29    0.60   -0.04 [nT, 12/18/00/06]
   DPSDst  ~   -5.033 [nT]
   Spent    39.9% of time waiting for Gamera
            12.5% of time processing Chimp(Helpers)
             9.3% of time processing IMAG
            13.9% of time processing Remix
            24.2% of time processing Tubes(Helpers)
             0.0% of time writing files
    Running @   78.907% of real-time (8 threads)
[0m  [35m
 RAIJU
      UT   = 2001-06-01 23:13:15
      Time =    13.250 [min]
     dtCpl =  5.00E+00 [sec]
     Max/Min dt @ k:
        Max 2.13E+01 [sec] @ 9
        Min 1.38E-01 [sec] @ 160
     Flav : max Press/Den @ L,MLT; DPS-dst
        0: P =   0.00, D =9075.91 @  1.54 Rp,12.07 MLT; DPS:   0.00
        1: P =   0.15, D =   0.33 @  5.40 Rp,23.80 MLT; DPS:  -0.74
        2: P =   3.00, D =   0.43 @  3.94 Rp, 0.14 MLT; DPS:  -5.29
[0m [32m<Writing HDF5 DATA @ t =    13.168 [min] >[0m 
[32m<Writing RAIJU HDF5 DATA @ t =    13.250 [min] >[0m 
 [36m
 GAMERA
      Time =    13.251 [min]
        ts =    10396
        dt =  1.00E-01 [sec]
    dt/dt0 =   84.221%
    Spent     0.0% of time waiting for Voltron
      kZCs =   3459.30 /   1236.67 [MHD/TOT] (8 threads)
[0m       CPCP =   81.194  78.224 [kV, N/S]
 [34m
 VOLTRON
      UT   = 2001-06-01 23:13:15
      tilt =    0.000 [deg]
    Sym-H  =   -5.000 [nT]
    BSDst  ~   18.711 [nT]
           dSMRs  ~    -0.27   -0.29    0.58   -0.03 [nT, 12/18/00/06]
   DPSDst  ~   -5.043 [nT]
   Spent    39.9% of time waiting for Gamera
            12.4% of time processing Chimp(Helpers)
             9.3% of time processing IMAG
            14.0% of time processing Remix
            24.2% of time processing Tubes(Helpers)
             0.0% of time writing files
    Running @   79.017% of real-time (8 threads)
[0m  [35m
 RAIJU
      UT   = 2001-06-01 23:13:20
      Time =    13.333 [min]
     dtCpl =  5.00E+00 [sec]
     Max/Min dt @ k:
        Max 2.11E+01 [sec] @ 9
        Min 1.38E-01 [sec] @ 160
     Flav : max Press/Den @ L,MLT; DPS-dst
        0: P =   0.00, D =9075.91 @  1.54 Rp,12.07 MLT; DPS:   0.00
        1: P =   0.15, D =   0.33 @  5.40 Rp,23.80 MLT; DPS:  -0.74
        2: P =   3.00, D =   0.43 @  3.94 Rp, 0.14 MLT; DPS:  -5.30
[0m [32m<Writing HDF5 DATA @ t =    13.251 [min] >[0m 
[32m<Writing RAIJU HDF5 DATA @ t =    13.333 [min] >[0m 
 [36m
 GAMERA
      Time =    13.335 [min]
        ts =    10446
        dt =  1.00E-01 [sec]
    dt/dt0 =   84.233%
    Spent     0.0% of time waiting for Voltron
      kZCs =   3459.13 /   1242.57 [MHD/TOT] (8 threads)
[0m       CPCP =   80.735  77.892 [kV, N/S]
 [34m
 VOLTRON
      UT   = 2001-06-01 23:13:20
      tilt =    0.000 [deg]
    Sym-H  =   -5.000 [nT]
    BSDst  ~   18.637 [nT]
           dSMRs  ~    -0.26   -0.28    0.56   -0.03 [nT, 12/18/00/06]
   DPSDst  ~   -5.038 [nT]
   Spent    39.9% of time waiting for Gamera
            12.4% of time processing Chimp(Helpers)
             9.3% of time processing IMAG
            13.9% of time processing Remix
            24.2% of time processing Tubes(Helpers)
             0.0% of time writing files
    Running @   79.148% of real-time (8 threads)
[0m  [35m
 RAIJU
      UT   = 2001-06-01 23:13:25
      Time =    13.417 [min]
     dtCpl =  5.00E+00 [sec]
     Max/Min dt @ k:
        Max 2.09E+01 [sec] @ 9
        Min 1.38E-01 [sec] @ 160
     Flav : max Press/Den @ L,MLT; DPS-dst
        0: P =   0.00, D =9075.91 @  1.54 Rp,12.07 MLT; DPS:   0.00
        1: P =   0.15, D =   4.48 @  8.00 Rp,13.38 MLT; DPS:  -0.74
        2: P =   3.00, D =   0.43 @  3.94 Rp, 0.14 MLT; DPS:  -5.30
[0m [32m<Writing HDF5 DATA @ t =    13.335 [min] >[0m 
[32m<Writing RAIJU HDF5 DATA @ t =    13.417 [min] >[0m 
 [36m
 GAMERA
      Time =    13.417 [min]
        ts =    10495
        dt =  1.00E-01 [sec]
    dt/dt0 =   84.245%
    Spent     0.0% of time waiting for Voltron
      kZCs =   3460.75 /   1229.85 [MHD/TOT] (8 threads)
[0m       CPCP =   80.258  77.643 [kV, N/S]
 [34m
 VOLTRON
      UT   = 2001-06-01 23:13:25
      tilt =    0.000 [deg]
    Sym-H  =   -5.000 [nT]
    BSDst  ~   18.587 [nT]
           dSMRs  ~    -0.23   -0.27    0.54   -0.03 [nT, 12/18/00/06]
   DPSDst  ~   -5.033 [nT]
   Spent    39.9% of time waiting for Gamera
            12.4% of time processing Chimp(Helpers)
             9.3% of time processing IMAG
            13.9% of time processing Remix
            24.2% of time processing Tubes(Helpers)
             0.0% of time writing files
    Running @   79.243% of real-time (8 threads)
[0m  [35m
 RAIJU
      UT   = 2001-06-01 23:13:30
      Time =    13.500 [min]
     dtCpl =  5.00E+00 [sec]
     Max/Min dt @ k:
        Max 2.08E+01 [sec] @ 9
        Min 1.38E-01 [sec] @ 160
     Flav : max Press/Den @ L,MLT; DPS-dst
        0: P =   0.00, D =9075.91 @  1.54 Rp,12.07 MLT; DPS:   0.00
        1: P =   0.15, D =   4.47 @  8.00 Rp,13.39 MLT; DPS:  -0.73
        2: P =   3.00, D =   0.43 @  3.94 Rp,23.87 MLT; DPS:  -5.30
[0m [32m<Writing HDF5 DATA @ t =    13.417 [min] >[0m 
[32m<Writing RAIJU HDF5 DATA @ t =    13.500 [min] >[0m 
 [36m
 GAMERA
      Time =    13.501 [min]
        ts =    10545
        dt =  1.00E-01 [sec]
    dt/dt0 =   84.255%
    Spent     0.0% of time waiting for Voltron
      kZCs =   3456.54 /   1243.56 [MHD/TOT] (8 threads)
[0m       CPCP =   79.744  77.441 [kV, N/S]
 [34m
 VOLTRON
      UT   = 2001-06-01 23:13:30
      tilt =    0.000 [deg]
    Sym-H  =   -5.000 [nT]
    BSDst  ~   18.567 [nT]
           dSMRs  ~    -0.20   -0.27    0.50   -0.03 [nT, 12/18/00/06]
   DPSDst  ~   -4.995 [nT]
   Spent    39.9% of time waiting for Gamera
            12.4% of time processing Chimp(Helpers)
             9.3% of time processing IMAG
            13.9% of time processing Remix
            24.2% of time processing Tubes(Helpers)
             0.0% of time writing files
    Running @   79.369% of real-time (8 threads)
[0m  [35m
 RAIJU
      UT   = 2001-06-01 23:13:35
      Time =    13.583 [min]
     dtCpl =  5.00E+00 [sec]
     Max/Min dt @ k:
        Max 2.07E+01 [sec] @ 9
        Min 1.38E-01 [sec] @ 160
     Flav : max Press/Den @ L,MLT; DPS-dst
        0: P =   0.00, D =9075.91 @  1.54 Rp,12.07 MLT; DPS:   0.00
        1: P =   0.15, D =   4.46 @  8.00 Rp,13.39 MLT; DPS:  -0.72
        2: P =   3.01, D =   0.43 @  3.95 Rp,23.87 MLT; DPS:  -5.26
[0m [32m<Writing HDF5 DATA @ t =    13.501 [min] >[0m 
[32m<Writing RAIJU HDF5 DATA @ t =    13.583 [min] >[0m 
 [36m
 GAMERA
      Time =    13.584 [min]
        ts =    10595
        dt =  1.00E-01 [sec]
    dt/dt0 =   84.263%
    Spent     0.0% of time waiting for Voltron
      kZCs =   3459.30 /   1246.25 [MHD/TOT] (8 threads)
[0m       CPCP =   79.156  77.001 [kV, N/S]
 [34m
 VOLTRON
      UT   = 2001-06-01 23:13:35
      tilt =    0.000 [deg]
    Sym-H  =   -5.000 [nT]
    BSDst  ~   18.571 [nT]
           dSMRs  ~    -0.16   -0.27    0.46   -0.03 [nT, 12/18/00/06]
   DPSDst  ~   -4.988 [nT]
   Spent    40.0% of time waiting for Gamera
            12.4% of time processing Chimp(Helpers)
             9.3% of time processing IMAG
            13.9% of time processing Remix
            24.2% of time processing Tubes(Helpers)
             0.0% of time writing files
    Running @   79.503% of real-time (8 threads)
[0m  [35m
 RAIJU
      UT   = 2001-06-01 23:13:40
      Time =    13.667 [min]
     dtCpl =  5.00E+00 [sec]
     Max/Min dt @ k:
        Max 2.06E+01 [sec] @ 9
        Min 1.38E-01 [sec] @ 160
     Flav : max Press/Den @ L,MLT; DPS-dst
        0: P =   0.00, D =9075.91 @  1.54 Rp,12.07 MLT; DPS:   0.00
        1: P =   0.15, D =   4.46 @  8.00 Rp,13.39 MLT; DPS:  -0.72
        2: P =   3.01, D =   0.43 @  3.95 Rp,23.87 MLT; DPS:  -5.26
[0m [32m<Writing HDF5 DATA @ t =    13.584 [min] >[0m 
[32m<Writing RAIJU HDF5 DATA @ t =    13.667 [min] >[0m 
 [36m
 GAMERA
      Time =    13.668 [min]
        ts =    10645
        dt =  1.00E-01 [sec]
    dt/dt0 =   84.269%
    Spent     0.0% of time waiting for Voltron
      kZCs =   3461.41 /   1247.94 [MHD/TOT] (8 threads)
[0m       CPCP =   78.465  76.178 [kV, N/S]
 [34m
 VOLTRON
      UT   = 2001-06-01 23:13:40
      tilt =    0.000 [deg]
    Sym-H  =   -5.000 [nT]
    BSDst  ~   18.589 [nT]
           dSMRs  ~    -0.14   -0.27    0.43   -0.03 [nT, 12/18/00/06]
   DPSDst  ~   -4.975 [nT]
   Spent    40.0% of time waiting for Gamera
            12.4% of time processing Chimp(Helpers)
             9.3% of time processing IMAG
            13.9% of time processing Remix
            24.2% of time processing Tubes(Helpers)
             0.0% of time writing files
    Running @   79.633% of real-time (8 threads)
[0m  [35m
 RAIJU
      UT   = 2001-06-01 23:13:45
      Time =    13.750 [min]
     dtCpl =  5.00E+00 [sec]
     Max/Min dt @ k:
        Max 2.06E+01 [sec] @ 9
        Min 1.38E-01 [sec] @ 160
     Flav : max Press/Den @ L,MLT; DPS-dst
        0: P =   0.00, D =9075.91 @  1.54 Rp,12.07 MLT; DPS:   0.00
        1: P =   0.15, D =   4.45 @  8.00 Rp,13.39 MLT; DPS:  -0.71
        2: P =   3.01, D =   0.43 @  3.95 Rp,23.87 MLT; DPS:  -5.25
[0m [32m<Writing HDF5 DATA @ t =    13.668 [min] >[0m 
[32m<Writing RAIJU HDF5 DATA @ t =    13.750 [min] >[0m 
 [36m
 GAMERA
      Time =    13.751 [min]
        ts =    10695
        dt =  1.00E-01 [sec]
    dt/dt0 =   84.273%
    Spent     0.0% of time waiting for Voltron
      kZCs =   3460.27 /   1242.89 [MHD/TOT] (8 threads)
[0m       CPCP =   77.958  75.342 [kV, N/S]
 [34m
 VOLTRON
      UT   = 2001-06-01 23:13:45
      tilt =    0.000 [deg]
    Sym-H  =   -5.000 [nT]
    BSDst  ~   18.619 [nT]
           dSMRs  ~    -0.11   -0.26    0.40   -0.02 [nT, 12/18/00/06]
   DPSDst  ~   -4.973 [nT]
   Spent    40.0% of time waiting for Gamera
            12.4% of time processing Chimp(Helpers)
             9.3% of time processing IMAG
            13.9% of time processing Remix
            24.1% of time processing Tubes(Helpers)
             0.0% of time writing files
    Running @   79.749% of real-time (8 threads)
[0m  [35m
 RAIJU
      UT   = 2001-06-01 23:13:50
      Time =    13.833 [min]
     dtCpl =  5.00E+00 [sec]
     Max/Min dt @ k:
        Max 2.07E+01 [sec] @ 9
        Min 1.38E-01 [sec] @ 160
     Flav : max Press/Den @ L,MLT; DPS-dst
        0: P =   0.00, D =9075.91 @  1.54 Rp,12.07 MLT; DPS:   0.00
        1: P =   0.15, D =   4.44 @  8.00 Rp,13.39 MLT; DPS:  -0.71
        2: P =   3.01, D =   0.43 @  3.95 Rp,23.87 MLT; DPS:  -5.25
[0m [32m<Writing HDF5 DATA @ t =    13.751 [min] >[0m 
[32m<Writing RAIJU HDF5 DATA @ t =    13.833 [min] >[0m 
 [36m
 GAMERA
      Time =    13.835 [min]
        ts =    10745
        dt =  1.00E-01 [sec]
    dt/dt0 =   84.279%
    Spent     0.0% of time waiting for Voltron
      kZCs =   3460.27 /   1248.53 [MHD/TOT] (8 threads)
[0m       CPCP =   77.591  74.876 [kV, N/S]
 [34m
 VOLTRON
      UT   = 2001-06-01 23:13:50
      tilt =    0.000 [deg]
    Sym-H  =   -5.000 [nT]
    BSDst  ~   18.653 [nT]
           dSMRs  ~    -0.09   -0.26    0.36   -0.02 [nT, 12/18/00/06]
   DPSDst  ~   -4.992 [nT]
   Spent    40.1% of time waiting for Gamera
            12.4% of time processing Chimp(Helpers)
             9.3% of time processing IMAG
            13.9% of time processing Remix
            24.1% of time processing Tubes(Helpers)
             0.0% of time writing files
    Running @   79.872% of real-time (8 threads)
[0m  [35m
 RAIJU
      UT   = 2001-06-01 23:13:55
      Time =    13.917 [min]
     dtCpl =  5.00E+00 [sec]
     Max/Min dt @ k:
        Max 2.09E+01 [sec] @ 9
        Min 1.38E-01 [sec] @ 160
     Flav : max Press/Den @ L,MLT; DPS-dst
        0: P =   0.00, D =9075.91 @  1.54 Rp,12.07 MLT; DPS:   0.00
        1: P =   0.15, D =   4.43 @  7.99 Rp,13.39 MLT; DPS:  -0.71
        2: P =   3.02, D =   0.43 @  3.95 Rp,23.87 MLT; DPS:  -5.27
[0m [32m<Writing HDF5 DATA @ t =    13.835 [min] >[0m 
[32m<Writing RAIJU HDF5 DATA @ t =    13.917 [min] >[0m 
 [36m
 GAMERA
      Time =    13.917 [min]
        ts =    10794
        dt =  1.00E-01 [sec]
    dt/dt0 =   84.287%
    Spent     0.0% of time waiting for Voltron
      kZCs =   3460.08 /   1235.23 [MHD/TOT] (8 threads)
[0m       CPCP =   77.134  74.863 [kV, N/S]
 [34m
 VOLTRON
      UT   = 2001-06-01 23:13:55
      tilt =    0.000 [deg]
    Sym-H  =   -5.000 [nT]
    BSDst  ~   18.681 [nT]
           dSMRs  ~    -0.06   -0.25    0.33   -0.02 [nT, 12/18/00/06]
   DPSDst  ~   -4.985 [nT]
   Spent    40.0% of time waiting for Gamera
            12.4% of time processing Chimp(Helpers)
             9.4% of time processing IMAG
            13.9% of time processing Remix
            24.1% of time processing Tubes(Helpers)
             0.0% of time writing files
    Running @   79.963% of real-time (8 threads)
[0m  [35m
 RAIJU
      UT   = 2001-06-01 23:13:59
      Time =    14.000 [min]
     dtCpl =  5.00E+00 [sec]
     Max/Min dt @ k:
        Max 2.10E+01 [sec] @ 9
        Min 1.38E-01 [sec] @ 160
     Flav : max Press/Den @ L,MLT; DPS-dst
        0: P =   0.00, D =9075.91 @  1.54 Rp,12.07 MLT; DPS:   0.00
        1: P =   0.15, D =   4.42 @  7.99 Rp,13.39 MLT; DPS:  -0.71
        2: P =   3.02, D =   0.43 @  3.95 Rp,23.87 MLT; DPS:  -5.27
[0m [32m<Writing HDF5 DATA @ t =    13.917 [min] >[0m 
[32m<Writing RAIJU HDF5 DATA @ t =    14.000 [min] >[0m 
 [36m
 GAMERA
      Time =    14.001 [min]
        ts =    10844
        dt =  1.00E-01 [sec]
    dt/dt0 =   84.290%
    Spent     0.0% of time waiting for Voltron
      kZCs =   3458.16 /   1249.63 [MHD/TOT] (8 threads)
[0m       CPCP =   76.653  74.648 [kV, N/S]
 [34m
 VOLTRON
      UT   = 2001-06-01 23:14:00
      tilt =    0.000 [deg]
    Sym-H  =   -5.000 [nT]
    BSDst  ~   18.697 [nT]
           dSMRs  ~    -0.04   -0.25    0.30   -0.01 [nT, 12/18/00/06]
   DPSDst  ~   -4.977 [nT]
   Spent    40.1% of time waiting for Gamera
            12.3% of time processing Chimp(Helpers)
             9.4% of time processing IMAG
            13.9% of time processing Remix
            24.1% of time processing Tubes(Helpers)
             0.0% of time writing files
    Running @   80.085% of real-time (8 threads)
[0m  [35m
 RAIJU
      UT   = 2001-06-01 23:14:05
      Time =    14.083 [min]
     dtCpl =  5.00E+00 [sec]
     Max/Min dt @ k:
        Max 2.12E+01 [sec] @ 9
        Min 1.38E-01 [sec] @ 160
     Flav : max Press/Den @ L,MLT; DPS-dst
        0: P =   0.00, D =9075.91 @  1.54 Rp,12.07 MLT; DPS:   0.00
        1: P =   0.15, D =   4.41 @  7.99 Rp,13.39 MLT; DPS:  -0.71
        2: P =   3.02, D =   0.43 @  3.95 Rp,23.80 MLT; DPS:  -5.26
[0m [32m<Writing HDF5 DATA @ t =    14.001 [min] >[0m 
[32m<Writing RAIJU HDF5 DATA @ t =    14.083 [min] >[0m 
 [36m
 GAMERA
      Time =    14.084 [min]
        ts =    10894
        dt =  1.00E-01 [sec]
    dt/dt0 =   84.287%
    Spent     0.0% of time waiting for Voltron
      kZCs =   3459.78 /   1250.71 [MHD/TOT] (8 threads)
[0m       CPCP =   76.413  74.261 [kV, N/S]
 [34m
 VOLTRON
      UT   = 2001-06-01 23:14:05
      tilt =    0.000 [deg]
    Sym-H  =   -5.000 [nT]
    BSDst  ~   18.693 [nT]
           dSMRs  ~    -0.03   -0.25    0.28   -0.00 [nT, 12/18/00/06]
   DPSDst  ~   -4.977 [nT]
   Spent    40.1% of time waiting for Gamera
            12.3% of time processing Chimp(Helpers)
             9.4% of time processing IMAG
            13.8% of time processing Remix
            24.1% of time processing Tubes(Helpers)
             0.0% of time writing files
    Running @   80.204% of real-time (8 threads)
[0m  [35m
 RAIJU
      UT   = 2001-06-01 23:14:10
      Time =    14.167 [min]
     dtCpl =  5.00E+00 [sec]
     Max/Min dt @ k:
        Max 2.13E+01 [sec] @ 9
        Min 1.38E-01 [sec] @ 160
     Flav : max Press/Den @ L,MLT; DPS-dst
        0: P =   0.00, D =9075.91 @  1.54 Rp,12.07 MLT; DPS:   0.00
        1: P =   0.15, D =   4.40 @  8.00 Rp,13.39 MLT; DPS:  -0.70
        2: P =   3.02, D =   0.43 @  3.95 Rp,23.80 MLT; DPS:  -5.26
[0m [32m<Writing HDF5 DATA @ t =    14.084 [min] >[0m 
[32m<Writing RAIJU HDF5 DATA @ t =    14.167 [min] >[0m 
 [36m
 GAMERA
      Time =    14.168 [min]
        ts =    10944
        dt =  1.00E-01 [sec]
    dt/dt0 =   84.287%
    Spent     0.0% of time waiting for Voltron
      kZCs =   3459.13 /   1251.96 [MHD/TOT] (8 threads)
[0m       CPCP =   75.986  73.970 [kV, N/S]
 [34m
 VOLTRON
      UT   = 2001-06-01 23:14:10
      tilt =    0.000 [deg]
    Sym-H  =   -5.000 [nT]
    BSDst  ~   18.668 [nT]
           dSMRs  ~    -0.02   -0.24    0.26    0.00 [nT, 12/18/00/06]
   DPSDst  ~   -4.971 [nT]
   Spent    40.2% of time waiting for Gamera
            12.3% of time processing Chimp(Helpers)
             9.4% of time processing IMAG
            13.8% of time processing Remix
            24.1% of time processing Tubes(Helpers)
             0.0% of time writing files
    Running @   80.322% of real-time (8 threads)
[0m  [35m
 RAIJU
      UT   = 2001-06-01 23:14:15
      Time =    14.250 [min]
     dtCpl =  5.00E+00 [sec]
     Max/Min dt @ k:
        Max 2.16E+01 [sec] @ 9
        Min 1.38E-01 [sec] @ 160
     Flav : max Press/Den @ L,MLT; DPS-dst
        0: P =   0.00, D =9075.91 @  1.54 Rp,12.07 MLT; DPS:   0.00
        1: P =   0.15, D =   4.39 @  8.00 Rp,13.39 MLT; DPS:  -0.70
        2: P =   3.03, D =   0.43 @  3.95 Rp,23.80 MLT; DPS:  -5.26
[0m [32m<Writing HDF5 DATA @ t =    14.168 [min] >[0m 
[32m<Writing RAIJU HDF5 DATA @ t =    14.250 [min] >[0m 
 [36m
 GAMERA
      Time =    14.251 [min]
        ts =    10994
        dt =  1.00E-01 [sec]
    dt/dt0 =   84.286%
    Spent     0.0% of time waiting for Voltron
      kZCs =   3459.95 /   1251.77 [MHD/TOT] (8 threads)
[0m       CPCP =   75.491  73.189 [kV, N/S]
 [34m
 VOLTRON
      UT   = 2001-06-01 23:14:15
      tilt =    0.000 [deg]
    Sym-H  =   -5.000 [nT]
    BSDst  ~   18.627 [nT]
           dSMRs  ~    -0.02   -0.23    0.25    0.00 [nT, 12/18/00/06]
   DPSDst  ~   -4.970 [nT]
   Spent    40.2% of time waiting for Gamera
            12.3% of time processing Chimp(Helpers)
             9.4% of time processing IMAG
            13.8% of time processing Remix
            24.1% of time processing Tubes(Helpers)
             0.0% of time writing files
    Running @   80.435% of real-time (8 threads)
[0m  [35m
 RAIJU
      UT   = 2001-06-01 23:14:20
      Time =    14.333 [min]
     dtCpl =  5.00E+00 [sec]
     Max/Min dt @ k:
        Max 2.19E+01 [sec] @ 9
        Min 1.38E-01 [sec] @ 160
     Flav : max Press/Den @ L,MLT; DPS-dst
        0: P =   0.00, D =9075.91 @  1.54 Rp,12.07 MLT; DPS:   0.00
        1: P =   0.15, D =   4.38 @  8.00 Rp,13.39 MLT; DPS:  -0.70
        2: P =   3.03, D =   0.43 @  3.95 Rp,23.80 MLT; DPS:  -5.26
[0m [32m<Writing HDF5 DATA @ t =    14.251 [min] >[0m 
[32m<Writing RAIJU HDF5 DATA @ t =    14.333 [min] >[0m 
 [36m
 GAMERA
      Time =    14.333 [min]
        ts =    11043
        dt =  1.00E-01 [sec]
    dt/dt0 =   84.292%
    Spent     0.0% of time waiting for Voltron
      kZCs =   3462.40 /   1236.52 [MHD/TOT] (8 threads)
[0m       CPCP =   74.826  72.160 [kV, N/S]
 [34m
 VOLTRON
      UT   = 2001-06-01 23:14:20
      tilt =    0.000 [deg]
    Sym-H  =   -5.000 [nT]
    BSDst  ~   18.578 [nT]
           dSMRs  ~    -0.03   -0.22    0.24    0.01 [nT, 12/18/00/06]
   DPSDst  ~   -4.974 [nT]
   Spent    40.2% of time waiting for Gamera
            12.3% of time processing Chimp(Helpers)
             9.4% of time processing IMAG
            13.8% of time processing Remix
            24.1% of time processing Tubes(Helpers)
             0.0% of time writing files
    Running @   80.510% of real-time (8 threads)
[0m  [35m
 RAIJU
      UT   = 2001-06-01 23:14:25
      Time =    14.417 [min]
     dtCpl =  5.00E+00 [sec]
     Max/Min dt @ k:
        Max 2.23E+01 [sec] @ 9
        Min 1.38E-01 [sec] @ 160
     Flav : max Press/Den @ L,MLT; DPS-dst
        0: P =   0.00, D =9075.91 @  1.54 Rp,12.07 MLT; DPS:   0.00
        1: P =   0.15, D =   4.36 @  8.00 Rp,13.39 MLT; DPS:  -0.70
        2: P =   3.03, D =   0.43 @  3.95 Rp,23.67 MLT; DPS:  -5.26
[0m [32m<Writing HDF5 DATA @ t =    14.333 [min] >[0m 
[32m<Writing RAIJU HDF5 DATA @ t =    14.417 [min] >[0m 
 [36m
 GAMERA
      Time =    14.417 [min]
        ts =    11093
        dt =  1.00E-01 [sec]
    dt/dt0 =   84.305%
    Spent     0.0% of time waiting for Voltron
      kZCs =   3458.81 /   1252.09 [MHD/TOT] (8 threads)
[0m       CPCP =   74.037  71.413 [kV, N/S]
 [34m
 VOLTRON
      UT   = 2001-06-01 23:14:25
      tilt =    0.000 [deg]
    Sym-H  =   -5.000 [nT]
    BSDst  ~   18.523 [nT]
           dSMRs  ~    -0.03   -0.21    0.23    0.01 [nT, 12/18/00/06]
   DPSDst  ~   -4.970 [nT]
   Spent    40.2% of time waiting for Gamera
            12.3% of time processing Chimp(Helpers)
             9.4% of time processing IMAG
            13.8% of time processing Remix
            24.1% of time processing Tubes(Helpers)
             0.0% of time writing files
    Running @   80.619% of real-time (8 threads)
[0m  [35m
 RAIJU
      UT   = 2001-06-01 23:14:30
      Time =    14.500 [min]
     dtCpl =  5.00E+00 [sec]
     Max/Min dt @ k:
        Max 2.28E+01 [sec] @ 9
        Min 1.38E-01 [sec] @ 160
     Flav : max Press/Den @ L,MLT; DPS-dst
        0: P =   0.00, D =9075.91 @  1.54 Rp,12.07 MLT; DPS:   0.00
        1: P =   0.15, D =   4.35 @  8.00 Rp,13.39 MLT; DPS:  -0.70
        2: P =   3.03, D =   0.43 @  3.95 Rp,23.67 MLT; DPS:  -5.26
[0m [32m<Writing HDF5 DATA @ t =    14.417 [min] >[0m 
[32m<Writing RAIJU HDF5 DATA @ t =    14.500 [min] >[0m 
 [36m
 GAMERA
      Time =    14.501 [min]
        ts =    11143
        dt =  1.00E-01 [sec]
    dt/dt0 =   84.320%
    Spent     0.0% of time waiting for Voltron
      kZCs =   3458.81 /   1252.81 [MHD/TOT] (8 threads)
[0m       CPCP =   73.284  70.676 [kV, N/S]
 [34m
 VOLTRON
      UT   = 2001-06-01 23:14:30
      tilt =    0.000 [deg]
    Sym-H  =   -5.000 [nT]
    BSDst  ~   18.471 [nT]
           dSMRs  ~    -0.02   -0.20    0.21    0.02 [nT, 12/18/00/06]
   DPSDst  ~   -4.971 [nT]
   Spent    40.2% of time waiting for Gamera
            12.3% of time processing Chimp(Helpers)
             9.4% of time processing IMAG
            13.8% of time processing Remix
            24.1% of time processing Tubes(Helpers)
             0.0% of time writing files
    Running @   80.726% of real-time (8 threads)
[0m  [35m
 RAIJU
      UT   = 2001-06-01 23:14:35
      Time =    14.583 [min]
     dtCpl =  5.00E+00 [sec]
     Max/Min dt @ k:
        Max 2.34E+01 [sec] @ 9
        Min 1.38E-01 [sec] @ 160
     Flav : max Press/Den @ L,MLT; DPS-dst
        0: P =   0.00, D =9075.91 @  1.54 Rp,12.07 MLT; DPS:   0.00
        1: P =   0.15, D =   4.34 @  8.01 Rp,13.39 MLT; DPS:  -0.69
        2: P =   3.03, D =   0.43 @  3.95 Rp,23.60 MLT; DPS:  -5.26
[0m [32m<Writing HDF5 DATA @ t =    14.501 [min] >[0m 
[32m<Writing RAIJU HDF5 DATA @ t =    14.583 [min] >[0m 
 [36m
 GAMERA
      Time =    14.584 [min]
        ts =    11193
        dt =  1.00E-01 [sec]
    dt/dt0 =   84.332%
    Spent     0.0% of time waiting for Voltron
      kZCs =   3460.92 /   1253.77 [MHD/TOT] (8 threads)
[0m       CPCP =   72.438  70.096 [kV, N/S]
 [34m
 VOLTRON
      UT   = 2001-06-01 23:14:35
      tilt =    0.000 [deg]
    Sym-H  =   -5.000 [nT]
    BSDst  ~   18.427 [nT]
           dSMRs  ~    -0.01   -0.20    0.19    0.02 [nT, 12/18/00/06]
   DPSDst  ~   -4.967 [nT]
   Spent    40.3% of time waiting for Gamera
            12.3% of time processing Chimp(Helpers)
             9.4% of time processing IMAG
            13.8% of time processing Remix
            24.0% of time processing Tubes(Helpers)
             0.0% of time writing files
    Running @   80.833% of real-time (8 threads)
[0m  [35m
 RAIJU
      UT   = 2001-06-01 23:14:40
      Time =    14.667 [min]
     dtCpl =  5.00E+00 [sec]
     Max/Min dt @ k:
        Max 2.43E+01 [sec] @ 9
        Min 1.38E-01 [sec] @ 160
     Flav : max Press/Den @ L,MLT; DPS-dst
        0: P =   0.00, D =9075.91 @  1.54 Rp,12.07 MLT; DPS:   0.00
        1: P =   0.15, D =   4.32 @  8.01 Rp,13.39 MLT; DPS:  -0.69
        2: P =   3.04, D =   0.43 @  3.95 Rp,23.60 MLT; DPS:  -5.26
[0m [32m<Writing HDF5 DATA @ t =    14.584 [min] >[0m 
[32m<Writing RAIJU HDF5 DATA @ t =    14.667 [min] >[0m 
 [36m
 GAMERA
      Time =    14.668 [min]
        ts =    11243
        dt =  1.00E-01 [sec]
    dt/dt0 =   84.341%
    Spent     0.0% of time waiting for Voltron
      kZCs =   3459.62 /   1254.39 [MHD/TOT] (8 threads)
[0m       CPCP =   71.887  70.126 [kV, N/S]
 [34m
 VOLTRON
      UT   = 2001-06-01 23:14:40
      tilt =    0.000 [deg]
    Sym-H  =   -5.000 [nT]
    BSDst  ~   18.392 [nT]
           dSMRs  ~     0.01   -0.19    0.16    0.02 [nT, 12/18/00/06]
   DPSDst  ~   -4.967 [nT]
   Spent    40.3% of time waiting for Gamera
            12.3% of time processing Chimp(Helpers)
             9.4% of time processing IMAG
            13.8% of time processing Remix
            24.0% of time processing Tubes(Helpers)
             0.0% of time writing files
    Running @   80.931% of real-time (8 threads)
[0m  [35m
 RAIJU
      UT   = 2001-06-01 23:14:45
      Time =    14.750 [min]
     dtCpl =  5.00E+00 [sec]
     Max/Min dt @ k:
        Max 2.50E+01 [sec] @ 9
        Min 1.38E-01 [sec] @ 160
     Flav : max Press/Den @ L,MLT; DPS-dst
        0: P =   0.00, D =9075.91 @  1.54 Rp,12.07 MLT; DPS:   0.00
        1: P =   0.14, D =   4.31 @  8.01 Rp,13.39 MLT; DPS:  -0.69
        2: P =   3.04, D =   0.43 @  3.95 Rp,23.60 MLT; DPS:  -5.26
[0m [32m<Writing HDF5 DATA @ t =    14.668 [min] >[0m 
[32m<Writing RAIJU HDF5 DATA @ t =    14.750 [min] >[0m 
 [36m
 GAMERA
      Time =    14.752 [min]
        ts =    11293
        dt =  1.00E-01 [sec]
    dt/dt0 =   84.349%
    Spent     0.0% of time waiting for Voltron
      kZCs =   3461.41 /   1254.60 [MHD/TOT] (8 threads)
[0m       CPCP =   71.338  70.252 [kV, N/S]
 [34m
 VOLTRON
      UT   = 2001-06-01 23:14:45
      tilt =    0.000 [deg]
    Sym-H  =   -5.000 [nT]
    BSDst  ~   18.370 [nT]
           dSMRs  ~     0.03   -0.19    0.14    0.03 [nT, 12/18/00/06]
   DPSDst  ~   -4.963 [nT]
   Spent    40.3% of time waiting for Gamera
            12.3% of time processing Chimp(Helpers)
             9.4% of time processing IMAG
            13.7% of time processing Remix
            24.0% of time processing Tubes(Helpers)
             0.0% of time writing files
    Running @   81.034% of real-time (8 threads)
[0m  [35m
 RAIJU
      UT   = 2001-06-01 23:14:50
      Time =    14.833 [min]
     dtCpl =  5.00E+00 [sec]
     Max/Min dt @ k:
        Max 2.57E+01 [sec] @ 9
        Min 1.38E-01 [sec] @ 160
     Flav : max Press/Den @ L,MLT; DPS-dst
        0: P =   0.00, D =9075.91 @  1.54 Rp,12.07 MLT; DPS:   0.00
        1: P =   0.14, D =   4.30 @  8.01 Rp,13.39 MLT; DPS:  -0.69
        2: P =   3.04, D =   0.43 @  3.95 Rp,23.60 MLT; DPS:  -5.26
[0m [32m<Writing HDF5 DATA @ t =    14.752 [min] >[0m 
[32m<Writing RAIJU HDF5 DATA @ t =    14.833 [min] >[0m 
 [36m
 GAMERA
      Time =    14.834 [min]
        ts =    11342
        dt =  1.00E-01 [sec]
    dt/dt0 =   84.355%
    Spent     0.0% of time waiting for Voltron
      kZCs =   3458.43 /   1240.08 [MHD/TOT] (8 threads)
[0m       CPCP =   70.879  70.321 [kV, N/S]
 [34m
 VOLTRON
      UT   = 2001-06-01 23:14:50
      tilt =    0.000 [deg]
    Sym-H  =   -5.000 [nT]
    BSDst  ~   18.358 [nT]
           dSMRs  ~     0.04   -0.19    0.12    0.03 [nT, 12/18/00/06]
   DPSDst  ~   -4.963 [nT]
   Spent    40.3% of time waiting for Gamera
            12.3% of time processing Chimp(Helpers)
             9.4% of time processing IMAG
            13.7% of time processing Remix
            24.0% of time processing Tubes(Helpers)
             0.0% of time writing files
    Running @   81.100% of real-time (8 threads)
[0m  [35m
 RAIJU
      UT   = 2001-06-01 23:14:55
      Time =    14.917 [min]
     dtCpl =  5.00E+00 [sec]
     Max/Min dt @ k:
        Max 2.65E+01 [sec] @ 9
        Min 1.38E-01 [sec] @ 160
     Flav : max Press/Den @ L,MLT; DPS-dst
        0: P =   0.00, D =9075.91 @  1.54 Rp,12.07 MLT; DPS:   0.00
        1: P =   0.14, D =   4.29 @  8.01 Rp,13.39 MLT; DPS:  -0.69
        2: P =   3.04, D =   0.43 @  3.95 Rp,23.60 MLT; DPS:  -5.26
[0m [32m<Writing HDF5 DATA @ t =    14.834 [min] >[0m 
[32m<Writing RAIJU HDF5 DATA @ t =    14.917 [min] >[0m 
 [36m
 GAMERA
      Time =    14.917 [min]
        ts =    11392
        dt =  1.00E-01 [sec]
    dt/dt0 =   84.362%
    Spent     0.0% of time waiting for Voltron
      kZCs =   3459.95 /   1255.41 [MHD/TOT] (8 threads)
[0m       CPCP =   70.790  70.204 [kV, N/S]
 [34m
 VOLTRON
      UT   = 2001-06-01 23:14:55
      tilt =    0.000 [deg]
    Sym-H  =   -5.000 [nT]
    BSDst  ~   18.354 [nT]
           dSMRs  ~     0.05   -0.19    0.11    0.04 [nT, 12/18/00/06]
   DPSDst  ~   -4.960 [nT]
   Spent    40.3% of time waiting for Gamera
            12.3% of time processing Chimp(Helpers)
             9.4% of time processing IMAG
            13.7% of time processing Remix
            24.0% of time processing Tubes(Helpers)
             0.0% of time writing files
    Running @   81.198% of real-time (8 threads)
[0m  [35m
 RAIJU
      UT   = 2001-06-01 23:14:59
      Time =    15.000 [min]
     dtCpl =  5.00E+00 [sec]
     Max/Min dt @ k:
        Max 2.70E+01 [sec] @ 8
        Min 1.38E-01 [sec] @ 160
     Flav : max Press/Den @ L,MLT; DPS-dst
        0: P =   0.00, D =9075.91 @  1.54 Rp,12.07 MLT; DPS:   0.00
        1: P =   0.14, D =   4.28 @  8.01 Rp,13.39 MLT; DPS:  -0.68
        2: P =   3.04, D =   0.43 @  3.95 Rp,23.60 MLT; DPS:  -5.26
[0m [32m<Writing HDF5 DATA @ t =    14.917 [min] >[0m 
[32m<Writing RAIJU HDF5 DATA @ t =    15.000 [min] >[0m 
 [36m
 GAMERA
      Time =    15.001 [min]
        ts =    11442
        dt =  1.00E-01 [sec]
    dt/dt0 =   84.372%
    Spent     0.0% of time waiting for Voltron
      kZCs =   3460.60 /   1255.29 [MHD/TOT] (8 threads)
[0m       CPCP =   70.907  70.090 [kV, N/S]
 [34m
 VOLTRON
      UT   = 2001-06-01 23:15:00
      tilt =    0.000 [deg]
    Sym-H  =   -5.000 [nT]
    BSDst  ~   18.352 [nT]
           dSMRs  ~     0.05   -0.18    0.09    0.04 [nT, 12/18/00/06]
   DPSDst  ~   -4.964 [nT]
   Spent    40.4% of time waiting for Gamera
            12.3% of time processing Chimp(Helpers)
             9.4% of time processing IMAG
            13.7% of time processing Remix
            24.0% of time processing Tubes(Helpers)
             0.0% of time writing files
    Running @   81.292% of real-time (8 threads)
[0m  [35m
 RAIJU
      UT   = 2001-06-01 23:15:05
      Time =    15.083 [min]
     dtCpl =  5.00E+00 [sec]
     Max/Min dt @ k:
        Max 2.77E+01 [sec] @ 8
        Min 1.38E-01 [sec] @ 160
     Flav : max Press/Den @ L,MLT; DPS-dst
        0: P =   0.00, D =9075.91 @  1.54 Rp,12.07 MLT; DPS:   0.00
        1: P =   0.14, D =   4.27 @  8.01 Rp,13.39 MLT; DPS:  -0.68
        2: P =   3.04, D =   0.43 @  3.95 Rp,23.33 MLT; DPS:  -5.26
[0m [32m<Writing HDF5 DATA @ t =    15.001 [min] >[0m 
[32m<Writing RAIJU HDF5 DATA @ t =    15.083 [min] >[0m 
 [36m
 GAMERA
      Time =    15.085 [min]
        ts =    11492
        dt =  1.00E-01 [sec]
    dt/dt0 =   84.385%
    Spent     0.0% of time waiting for Voltron
      kZCs =   3458.32 /   1255.54 [MHD/TOT] (8 threads)
[0m       CPCP =   70.909  70.095 [kV, N/S]
 [34m
 VOLTRON
      UT   = 2001-06-01 23:15:05
      tilt =    0.000 [deg]
    Sym-H  =   -5.000 [nT]
    BSDst  ~   18.353 [nT]
           dSMRs  ~     0.05   -0.18    0.08    0.05 [nT, 12/18/00/06]
   DPSDst  ~   -4.963 [nT]
   Spent    40.4% of time waiting for Gamera
            12.3% of time processing Chimp(Helpers)
             9.4% of time processing IMAG
            13.7% of time processing Remix
            23.9% of time processing Tubes(Helpers)
             0.0% of time writing files
    Running @   81.377% of real-time (8 threads)
[0m  [35m
 RAIJU
      UT   = 2001-06-01 23:15:10
      Time =    15.167 [min]
     dtCpl =  5.00E+00 [sec]
     Max/Min dt @ k:
        Max 2.84E+01 [sec] @ 8
        Min 1.38E-01 [sec] @ 160
     Flav : max Press/Den @ L,MLT; DPS-dst
        0: P =   0.00, D =9075.91 @  1.54 Rp,12.07 MLT; DPS:   0.00
        1: P =   0.14, D =   4.26 @  8.01 Rp,13.39 MLT; DPS:  -0.68
        2: P =   3.04, D =   0.43 @  3.95 Rp,23.33 MLT; DPS:  -5.26
[0m [32m<Writing HDF5 DATA @ t =    15.085 [min] >[0m 
[32m<Writing RAIJU HDF5 DATA @ t =    15.167 [min] >[0m 
 [36m
 GAMERA
      Time =    15.167 [min]
        ts =    11541
        dt =  1.00E-01 [sec]
    dt/dt0 =   84.397%
    Spent     0.0% of time waiting for Voltron
      kZCs =   3458.59 /   1241.13 [MHD/TOT] (8 threads)
[0m       CPCP =   70.943  70.144 [kV, N/S]
 [34m
 VOLTRON
      UT   = 2001-06-01 23:15:10
      tilt =    0.000 [deg]
    Sym-H  =   -5.000 [nT]
    BSDst  ~   18.355 [nT]
           dSMRs  ~     0.06   -0.18    0.06    0.05 [nT, 12/18/00/06]
   DPSDst  ~   -4.960 [nT]
   Spent    40.3% of time waiting for Gamera
            12.3% of time processing Chimp(Helpers)
             9.5% of time processing IMAG
            13.7% of time processing Remix
            24.0% of time processing Tubes(Helpers)
             0.0% of time writing files
    Running @   81.433% of real-time (8 threads)
[0m  [35m
 RAIJU
      UT   = 2001-06-01 23:15:15
      Time =    15.250 [min]
     dtCpl =  5.00E+00 [sec]
     Max/Min dt @ k:
        Max 2.91E+01 [sec] @ 8
        Min 1.38E-01 [sec] @ 160
     Flav : max Press/Den @ L,MLT; DPS-dst
        0: P =   0.00, D =9075.91 @  1.54 Rp,12.07 MLT; DPS:   0.00
        1: P =   0.14, D =   4.25 @  8.01 Rp,13.39 MLT; DPS:  -0.68
        2: P =   3.05, D =   0.43 @  3.95 Rp,23.33 MLT; DPS:  -5.26
[0m [32m<Writing HDF5 DATA @ t =    15.167 [min] >[0m 
[32m<Writing RAIJU HDF5 DATA @ t =    15.250 [min] >[0m 
 [36m
 GAMERA
      Time =    15.251 [min]
        ts =    11591
        dt =  1.00E-01 [sec]
    dt/dt0 =   84.410%
    Spent     0.0% of time waiting for Voltron
      kZCs =   3454.92 /   1255.39 [MHD/TOT] (8 threads)
[0m       CPCP =   71.013  70.178 [kV, N/S]
 [34m
 VOLTRON
      UT   = 2001-06-01 23:15:15
      tilt =    0.000 [deg]
    Sym-H  =   -5.000 [nT]
    BSDst  ~   18.356 [nT]
           dSMRs  ~     0.07   -0.18    0.06    0.05 [nT, 12/18/00/06]
   DPSDst  ~   -4.957 [nT]
   Spent    40.3% of time waiting for Gamera
            12.2% of time processing Chimp(Helpers)
             9.5% of time processing IMAG
            13.7% of time processing Remix
            23.9% of time processing Tubes(Helpers)
             0.1% of time writing files
    Running @   81.481% of real-time (8 threads)
[0m  [35m
 RAIJU
      UT   = 2001-06-01 23:15:20
      Time =    15.333 [min]
     dtCpl =  5.00E+00 [sec]
     Max/Min dt @ k:
        Max 2.99E+01 [sec] @ 8
        Min 1.38E-01 [sec] @ 160
     Flav : max Press/Den @ L,MLT; DPS-dst
        0: P =   0.00, D =9075.91 @  1.54 Rp,12.07 MLT; DPS:   0.00
        1: P =   0.14, D =   4.24 @  8.01 Rp,13.39 MLT; DPS:  -0.68
        2: P =   3.05, D =   0.43 @  3.95 Rp,23.33 MLT; DPS:  -5.26
[0m [32m<Writing HDF5 DATA @ t =    15.251 [min] >[0m 
[32m<Writing RAIJU HDF5 DATA @ t =    15.333 [min] >[0m 
 [36m
 GAMERA
      Time =    15.334 [min]
        ts =    11641
        dt =  1.01E-01 [sec]
    dt/dt0 =   84.416%
    Spent     0.0% of time waiting for Voltron
      kZCs =   3459.62 /   1256.48 [MHD/TOT] (8 threads)
[0m       CPCP =   71.023  70.235 [kV, N/S]
 [34m
 VOLTRON
      UT   = 2001-06-01 23:15:20
      tilt =    0.000 [deg]
    Sym-H  =   -5.000 [nT]
    BSDst  ~   18.352 [nT]
           dSMRs  ~     0.08   -0.18    0.04    0.06 [nT, 12/18/00/06]
   DPSDst  ~   -4.956 [nT]
   Spent    40.4% of time waiting for Gamera
            12.2% of time processing Chimp(Helpers)
             9.5% of time processing IMAG
            13.7% of time processing Remix
            23.9% of time processing Tubes(Helpers)
             0.1% of time writing files
    Running @   81.535% of real-time (8 threads)
[0m  [35m
 RAIJU
      UT   = 2001-06-01 23:15:25
      Time =    15.417 [min]
     dtCpl =  5.00E+00 [sec]
     Max/Min dt @ k:
        Max 3.09E+01 [sec] @ 8
        Min 1.38E-01 [sec] @ 160
     Flav : max Press/Den @ L,MLT; DPS-dst
        0: P =   0.00, D =9075.91 @  1.54 Rp,12.07 MLT; DPS:   0.00
        1: P =   0.14, D =   4.23 @  8.01 Rp,13.40 MLT; DPS:  -0.67
        2: P =   3.05, D =   0.43 @  3.95 Rp,23.33 MLT; DPS:  -5.26
[0m [32m<Writing HDF5 DATA @ t =    15.334 [min] >[0m 
[32m<Writing RAIJU HDF5 DATA @ t =    15.417 [min] >[0m 
 [36m
 GAMERA
      Time =    15.418 [min]
        ts =    11691
        dt =  1.01E-01 [sec]
    dt/dt0 =   84.419%
    Spent     0.0% of time waiting for Voltron
      kZCs =   3457.84 /   1257.13 [MHD/TOT] (8 threads)
[0m       CPCP =   71.032  70.343 [kV, N/S]
 [34m
 VOLTRON
      UT   = 2001-06-01 23:15:25
      tilt =    0.000 [deg]
    Sym-H  =   -5.000 [nT]
    BSDst  ~   18.345 [nT]
           dSMRs  ~     0.10   -0.18    0.03    0.05 [nT, 12/18/00/06]
   DPSDst  ~   -4.954 [nT]
   Spent    40.4% of time waiting for Gamera
            12.2% of time processing Chimp(Helpers)
             9.5% of time processing IMAG
            13.7% of time processing Remix
            23.9% of time processing Tubes(Helpers)
             0.1% of time writing files
    Running @   81.535% of real-time (8 threads)
[0m  [35m
 RAIJU
      UT   = 2001-06-01 23:15:30
      Time =    15.500 [min]
     dtCpl =  5.00E+00 [sec]
     Max/Min dt @ k:
        Max 3.19E+01 [sec] @ 8
        Min 1.38E-01 [sec] @ 160
     Flav : max Press/Den @ L,MLT; DPS-dst
        0: P =   0.00, D =9075.91 @  1.54 Rp,12.07 MLT; DPS:   0.00
        1: P =   0.14, D =   4.22 @  8.00 Rp,13.40 MLT; DPS:  -0.67
        2: P =   3.05, D =   0.43 @  3.95 Rp,23.33 MLT; DPS:  -5.26
[0m [32m<Writing HDF5 DATA @ t =    15.418 [min] >[0m 
[32m<Writing RAIJU HDF5 DATA @ t =    15.500 [min] >[0m 
 [36m
 GAMERA
      Time =    15.500 [min]
        ts =    11740
        dt =  1.01E-01 [sec]
    dt/dt0 =   84.426%
    Spent     0.0% of time waiting for Voltron
      kZCs =   3460.58 /   1242.26 [MHD/TOT] (8 threads)
[0m       CPCP =   71.053  70.488 [kV, N/S]
 [34m
 VOLTRON
      UT   = 2001-06-01 23:15:30
      tilt =    0.000 [deg]
    Sym-H  =   -5.000 [nT]
    BSDst  ~   18.345 [nT]
           dSMRs  ~     0.12   -0.17    0.00    0.05 [nT, 12/18/00/06]
   DPSDst  ~   -4.952 [nT]
   Spent    40.4% of time waiting for Gamera
            12.2% of time processing Chimp(Helpers)
             9.5% of time processing IMAG
            13.8% of time processing Remix
            23.9% of time processing Tubes(Helpers)
             0.1% of time writing files
    Running @   81.591% of real-time (8 threads)
[0m  [35m
 RAIJU
      UT   = 2001-06-01 23:15:35
      Time =    15.583 [min]
     dtCpl =  5.00E+00 [sec]
     Max/Min dt @ k:
        Max 3.29E+01 [sec] @ 8
        Min 1.38E-01 [sec] @ 160
     Flav : max Press/Den @ L,MLT; DPS-dst
        0: P =   0.00, D =9075.91 @  1.54 Rp,12.07 MLT; DPS:   0.00
        1: P =   0.14, D =   4.21 @  8.00 Rp,13.40 MLT; DPS:  -0.67
        2: P =   3.05, D =   0.43 @  3.95 Rp,23.33 MLT; DPS:  -5.26
[0m [32m<Writing HDF5 DATA @ t =    15.500 [min] >[0m 
[32m<Writing RAIJU HDF5 DATA @ t =    15.583 [min] >[0m 
 [36m
 GAMERA
      Time =    15.584 [min]
        ts =    11790
        dt =  1.01E-01 [sec]
    dt/dt0 =   84.434%
    Spent     0.0% of time waiting for Voltron
      kZCs =   3458.32 /   1257.73 [MHD/TOT] (8 threads)
[0m       CPCP =   71.051  70.450 [kV, N/S]
 [34m
 VOLTRON
      UT   = 2001-06-01 23:15:35
      tilt =    0.000 [deg]
    Sym-H  =   -5.000 [nT]
    BSDst  ~   18.345 [nT]
           dSMRs  ~     0.14   -0.17   -0.02    0.05 [nT, 12/18/00/06]
   DPSDst  ~   -4.952 [nT]
   Spent    40.4% of time waiting for Gamera
            12.2% of time processing Chimp(Helpers)
             9.5% of time processing IMAG
            13.8% of time processing Remix
            23.9% of time processing Tubes(Helpers)
             0.1% of time writing files
    Running @   81.679% of real-time (8 threads)
[0m  [35m
 RAIJU
      UT   = 2001-06-01 23:15:40
      Time =    15.667 [min]
     dtCpl =  5.00E+00 [sec]
     Max/Min dt @ k:
        Max 3.45E+01 [sec] @ 8
        Min 1.38E-01 [sec] @ 160
     Flav : max Press/Den @ L,MLT; DPS-dst
        0: P =   0.00, D =9075.91 @  1.54 Rp,12.07 MLT; DPS:   0.00
        1: P =   0.14, D =   4.20 @  8.00 Rp,13.40 MLT; DPS:  -0.67
        2: P =   3.05, D =   0.43 @  3.95 Rp,23.33 MLT; DPS:  -5.26
[0m [32m<Writing HDF5 DATA @ t =    15.584 [min] >[0m 
[32m<Writing RAIJU HDF5 DATA @ t =    15.667 [min] >[0m 
 [36m
 GAMERA
      Time =    15.668 [min]
        ts =    11840
        dt =  1.01E-01 [sec]
    dt/dt0 =   84.458%
    Spent     0.0% of time waiting for Voltron
      kZCs =   3455.08 /   1254.62 [MHD/TOT] (8 threads)
[0m       CPCP =   71.061  70.355 [kV, N/S]
 [34m
 VOLTRON
      UT   = 2001-06-01 23:15:40
      tilt =    0.000 [deg]
    Sym-H  =   -5.000 [nT]
    BSDst  ~   18.349 [nT]
           dSMRs  ~     0.15   -0.17   -0.04    0.05 [nT, 12/18/00/06]
   DPSDst  ~   -4.949 [nT]
   Spent    40.4% of time waiting for Gamera
            12.2% of time processing Chimp(Helpers)
             9.5% of time processing IMAG
            13.8% of time processing Remix
            23.8% of time processing Tubes(Helpers)
             0.1% of time writing files
    Running @   81.748% of real-time (8 threads)
[0m  [35m
 RAIJU
      UT   = 2001-06-01 23:15:45
      Time =    15.750 [min]
     dtCpl =  5.00E+00 [sec]
     Max/Min dt @ k:
        Max 3.59E+01 [sec] @ 7
        Min 1.38E-01 [sec] @ 160
     Flav : max Press/Den @ L,MLT; DPS-dst
        0: P =   0.00, D =9075.91 @  1.54 Rp,12.07 MLT; DPS:   0.00
        1: P =   0.14, D =   4.19 @  8.00 Rp,13.40 MLT; DPS:  -0.67
        2: P =   3.05, D =   0.43 @  3.95 Rp,23.33 MLT; DPS:  -5.25
[0m [32m<Writing HDF5 DATA @ t =    15.668 [min] >[0m 
[32m<Writing RAIJU HDF5 DATA @ t =    15.750 [min] >[0m 
 [36m
 GAMERA
      Time =    15.752 [min]
        ts =    11890
        dt =  1.01E-01 [sec]
    dt/dt0 =   84.490%
    Spent     0.0% of time waiting for Voltron
      kZCs =   3458.00 /   1258.91 [MHD/TOT] (8 threads)
[0m       CPCP =   71.063  70.439 [kV, N/S]
 [34m
 VOLTRON
      UT   = 2001-06-01 23:15:45
      tilt =    0.000 [deg]
    Sym-H  =   -5.000 [nT]
    BSDst  ~   18.350 [nT]
           dSMRs  ~     0.17   -0.17   -0.06    0.06 [nT, 12/18/00/06]
   DPSDst  ~   -4.947 [nT]
   Spent    40.5% of time waiting for Gamera
            12.2% of time processing Chimp(Helpers)
             9.5% of time processing IMAG
            13.8% of time processing Remix
            23.8% of time processing Tubes(Helpers)
             0.0% of time writing files
    Running @   81.766% of real-time (8 threads)
[0m  [35m
 RAIJU
      UT   = 2001-06-01 23:15:50
      Time =    15.833 [min]
     dtCpl =  5.00E+00 [sec]
     Max/Min dt @ k:
        Max 3.68E+01 [sec] @ 7
        Min 1.38E-01 [sec] @ 160
     Flav : max Press/Den @ L,MLT; DPS-dst
        0: P =   0.00, D =9075.91 @  1.54 Rp,12.07 MLT; DPS:   0.00
        1: P =   0.14, D =   4.19 @  8.00 Rp,13.40 MLT; DPS:  -0.66
        2: P =   3.05, D =   0.43 @  3.95 Rp,23.27 MLT; DPS:  -5.25
[0m [32m<Writing HDF5 DATA @ t =    15.752 [min] >[0m 
[32m<Writing RAIJU HDF5 DATA @ t =    15.833 [min] >[0m 
 [36m
 GAMERA
      Time =    15.834 [min]
        ts =    11939
        dt =  1.01E-01 [sec]
    dt/dt0 =   84.512%
    Spent     0.0% of time waiting for Voltron
      kZCs =   3458.10 /   1244.55 [MHD/TOT] (8 threads)
[0m       CPCP =   71.080  70.564 [kV, N/S]
 [34m
 VOLTRON
      UT   = 2001-06-01 23:15:50
      tilt =    0.000 [deg]
    Sym-H  =   -5.000 [nT]
    BSDst  ~   18.357 [nT]
           dSMRs  ~     0.18   -0.17   -0.08    0.07 [nT, 12/18/00/06]
   DPSDst  ~   -4.921 [nT]
   Spent    40.4% of time waiting for Gamera
            12.2% of time processing Chimp(Helpers)
             9.5% of time processing IMAG
            13.8% of time processing Remix
            23.8% of time processing Tubes(Helpers)
             0.0% of time writing files
    Running @   81.765% of real-time (8 threads)
[0m  [35m
 RAIJU
      UT   = 2001-06-01 23:15:55
      Time =    15.917 [min]
     dtCpl =  5.00E+00 [sec]
     Max/Min dt @ k:
        Max 3.91E+01 [sec] @ 7
        Min 1.38E-01 [sec] @ 160
     Flav : max Press/Den @ L,MLT; DPS-dst
        0: P =   0.00, D =9075.91 @  1.54 Rp,12.07 MLT; DPS:   0.00
        1: P =   0.14, D =   4.18 @  8.00 Rp,13.40 MLT; DPS:  -0.66
        2: P =   3.06, D =   0.43 @  3.95 Rp,23.27 MLT; DPS:  -5.23
[0m [32m<Writing HDF5 DATA @ t =    15.834 [min] >[0m 
[32m<Writing RAIJU HDF5 DATA @ t =    15.917 [min] >[0m 
 [36m
 GAMERA
      Time =    15.918 [min]
        ts =    11989
        dt =  1.01E-01 [sec]
    dt/dt0 =   84.518%
    Spent     0.0% of time waiting for Voltron
      kZCs =   3458.00 /   1259.75 [MHD/TOT] (8 threads)
[0m       CPCP =   71.101  70.640 [kV, N/S]
 [34m
 VOLTRON
      UT   = 2001-06-01 23:15:55
      tilt =    0.000 [deg]
    Sym-H  =   -5.000 [nT]
    BSDst  ~   18.367 [nT]
           dSMRs  ~     0.19   -0.17   -0.09    0.07 [nT, 12/18/00/06]
   DPSDst  ~   -4.921 [nT]
   Spent    40.5% of time waiting for Gamera
            12.2% of time processing Chimp(Helpers)
             9.5% of time processing IMAG
            13.8% of time processing Remix
            23.8% of time processing Tubes(Helpers)
             0.0% of time writing files
    Running @   81.856% of real-time (8 threads)
[0m  [35m
 RAIJU
      UT   = 2001-06-01 23:15:59
      Time =    16.000 [min]
     dtCpl =  5.00E+00 [sec]
     Max/Min dt @ k:
        Max 4.11E+01 [sec] @ 7
        Min 1.38E-01 [sec] @ 160
     Flav : max Press/Den @ L,MLT; DPS-dst
        0: P =   0.00, D =9075.91 @  1.54 Rp,12.07 MLT; DPS:   0.00
        1: P =   0.14, D =   4.18 @  7.99 Rp,13.40 MLT; DPS:  -0.65
        2: P =   3.06, D =   0.43 @  3.95 Rp,23.27 MLT; DPS:  -5.23
[0m [32m<Writing HDF5 DATA @ t =    15.918 [min] >[0m 
[32m<Writing RAIJU HDF5 DATA @ t =    16.000 [min] >[0m 
 [36m
 GAMERA
      Time =    16.001 [min]
        ts =    12039
        dt =  1.01E-01 [sec]
    dt/dt0 =   84.514%
    Spent     0.0% of time waiting for Voltron
      kZCs =   3460.11 /   1260.76 [MHD/TOT] (8 threads)
[0m       CPCP =   71.198  70.522 [kV, N/S]
 [34m
 VOLTRON
      UT   = 2001-06-01 23:16:00
      tilt =    0.000 [deg]
    Sym-H  =   -5.000 [nT]
    BSDst  ~   18.377 [nT]
           dSMRs  ~     0.20   -0.18   -0.10    0.07 [nT, 12/18/00/06]
   DPSDst  ~   -4.916 [nT]
   Spent    40.5% of time waiting for Gamera
            12.2% of time processing Chimp(Helpers)
             9.5% of time processing IMAG
            13.8% of time processing Remix
            23.8% of time processing Tubes(Helpers)
             0.0% of time writing files
    Running @   81.946% of real-time (8 threads)
[0m  [35m
 RAIJU
      UT   = 2001-06-01 23:16:05
      Time =    16.083 [min]
     dtCpl =  5.00E+00 [sec]
     Max/Min dt @ k:
        Max 4.00E+01 [sec] @ 7
        Min 1.38E-01 [sec] @ 160
     Flav : max Press/Den @ L,MLT; DPS-dst
        0: P =   0.00, D =9075.91 @  1.54 Rp,12.07 MLT; DPS:   0.00
        1: P =   0.14, D =   4.17 @  7.99 Rp,13.40 MLT; DPS:  -0.65
        2: P =   3.06, D =   0.43 @  3.95 Rp,23.27 MLT; DPS:  -5.23
[0m [32m<Writing HDF5 DATA @ t =    16.001 [min] >[0m 
[32m<Writing RAIJU HDF5 DATA @ t =    16.083 [min] >[0m 
 [36m
 GAMERA
      Time =    16.084 [min]
        ts =    12088
        dt =  1.01E-01 [sec]
    dt/dt0 =   84.511%
    Spent     0.0% of time waiting for Voltron
      kZCs =   3416.72 /   1231.88 [MHD/TOT] (8 threads)
[0m       CPCP =   71.141  70.497 [kV, N/S]
 [34m
 VOLTRON
      UT   = 2001-06-01 23:16:05
      tilt =    0.000 [deg]
    Sym-H  =   -5.000 [nT]
    BSDst  ~   18.377 [nT]
           dSMRs  ~     0.21   -0.18   -0.11    0.07 [nT, 12/18/00/06]
   DPSDst  ~   -4.920 [nT]
   Spent    40.4% of time waiting for Gamera
            12.1% of time processing Chimp(Helpers)
             9.5% of time processing IMAG
            13.9% of time processing Remix
            23.7% of time processing Tubes(Helpers)
             0.1% of time writing files
    Running @   81.903% of real-time (8 threads)
[0m  [35m
 RAIJU
      UT   = 2001-06-01 23:16:10
      Time =    16.167 [min]
     dtCpl =  5.00E+00 [sec]
     Max/Min dt @ k:
        Max 3.93E+01 [sec] @ 7
        Min 1.38E-01 [sec] @ 160
     Flav : max Press/Den @ L,MLT; DPS-dst
        0: P =   0.00, D =9075.91 @  1.54 Rp,12.07 MLT; DPS:   0.00
        1: P =   0.14, D =   4.17 @  7.99 Rp,13.40 MLT; DPS:  -0.65
        2: P =   3.06, D =   0.43 @  3.95 Rp,23.27 MLT; DPS:  -5.24
[0m [32m<Writing HDF5 DATA @ t =    16.084 [min] >[0m 
[32m<Writing RAIJU HDF5 DATA @ t =    16.167 [min] >[0m 
 [36m
 GAMERA
      Time =    16.167 [min]
        ts =    12138
        dt =  1.01E-01 [sec]
    dt/dt0 =   84.514%
    Spent     0.0% of time waiting for Voltron
      kZCs =   3450.88 /   1251.43 [MHD/TOT] (8 threads)
[0m       CPCP =   71.025  70.547 [kV, N/S]
 [34m
 VOLTRON
      UT   = 2001-06-01 23:16:10
      tilt =    0.000 [deg]
    Sym-H  =   -5.000 [nT]
    BSDst  ~   18.383 [nT]
           dSMRs  ~     0.23   -0.17   -0.13    0.07 [nT, 12/18/00/06]
   DPSDst  ~   -4.918 [nT]
   Spent    40.5% of time waiting for Gamera
            12.1% of time processing Chimp(Helpers)
             9.5% of time processing IMAG
            13.9% of time processing Remix
            23.7% of time processing Tubes(Helpers)
             0.1% of time writing files
    Running @   81.947% of real-time (8 threads)
[0m  [35m
 RAIJU
      UT   = 2001-06-01 23:16:15
      Time =    16.250 [min]
     dtCpl =  5.00E+00 [sec]
     Max/Min dt @ k:
        Max 4.02E+01 [sec] @ 7
        Min 1.38E-01 [sec] @ 160
     Flav : max Press/Den @ L,MLT; DPS-dst
        0: P =   0.00, D =9075.91 @  1.54 Rp,12.07 MLT; DPS:   0.00
        1: P =   0.14, D =   4.16 @  7.99 Rp,13.40 MLT; DPS:  -0.65
        2: P =   3.06, D =   0.43 @  3.95 Rp,23.27 MLT; DPS:  -5.24
[0m [32m<Writing HDF5 DATA @ t =    16.167 [min] >[0m 
[32m<Writing RAIJU HDF5 DATA @ t =    16.250 [min] >[0m 
 [36m
 GAMERA
      Time =    16.251 [min]
        ts =    12188
        dt =  1.01E-01 [sec]
    dt/dt0 =   84.521%
    Spent     0.0% of time waiting for Voltron
      kZCs =   3452.49 /   1251.45 [MHD/TOT] (8 threads)
[0m       CPCP =   71.029  70.628 [kV, N/S]
 [34m
 VOLTRON
      UT   = 2001-06-01 23:16:15
      tilt =    0.000 [deg]
    Sym-H  =   -5.000 [nT]
    BSDst  ~   18.389 [nT]
           dSMRs  ~     0.24   -0.17   -0.14    0.07 [nT, 12/18/00/06]
   DPSDst  ~   -4.912 [nT]
   Spent    40.5% of time waiting for Gamera
            12.1% of time processing Chimp(Helpers)
             9.5% of time processing IMAG
            13.9% of time processing Remix
            23.6% of time processing Tubes(Helpers)
             0.1% of time writing files
    Running @   82.008% of real-time (8 threads)
[0m  [35m
 RAIJU
      UT   = 2001-06-01 23:16:20
      Time =    16.333 [min]
     dtCpl =  5.00E+00 [sec]
     Max/Min dt @ k:
        Max 4.09E+01 [sec] @ 53
        Min 1.38E-01 [sec] @ 160
     Flav : max Press/Den @ L,MLT; DPS-dst
        0: P =   0.00, D =9075.91 @  1.54 Rp,12.07 MLT; DPS:   0.00
        1: P =   0.14, D =   4.16 @  7.98 Rp,13.40 MLT; DPS:  -0.65
        2: P =   3.06, D =   0.43 @  3.95 Rp,23.27 MLT; DPS:  -5.23
[0m [32m<Writing HDF5 DATA @ t =    16.251 [min] >[0m 
[32m<Writing RAIJU HDF5 DATA @ t =    16.333 [min] >[0m 
 [36m
 GAMERA
      Time =    16.334 [min]
        ts =    12237
        dt =  1.01E-01 [sec]
    dt/dt0 =   84.530%
    Spent     0.0% of time waiting for Voltron
      kZCs =   3451.49 /   1237.60 [MHD/TOT] (8 threads)
[0m       CPCP =   70.992  70.733 [kV, N/S]
 [34m
 VOLTRON
      UT   = 2001-06-01 23:16:20
      tilt =    0.000 [deg]
    Sym-H  =   -5.000 [nT]
    BSDst  ~   18.398 [nT]
           dSMRs  ~     0.24   -0.17   -0.15    0.08 [nT, 12/18/00/06]
   DPSDst  ~   -4.910 [nT]
   Spent    40.4% of time waiting for Gamera
            12.1% of time processing Chimp(Helpers)
             9.5% of time processing IMAG
            14.0% of time processing Remix
            23.6% of time processing Tubes(Helpers)
             0.1% of time writing files
    Running @   82.036% of real-time (8 threads)
[0m  [35m
 RAIJU
      UT   = 2001-06-01 23:16:25
      Time =    16.417 [min]
     dtCpl =  5.00E+00 [sec]
     Max/Min dt @ k:
        Max 4.10E+01 [sec] @ 57
        Min 1.38E-01 [sec] @ 160
     Flav : max Press/Den @ L,MLT; DPS-dst
        0: P =   0.00, D =9075.91 @  1.54 Rp,12.07 MLT; DPS:   0.00
        1: P =   0.14, D =   4.15 @  7.98 Rp,13.40 MLT; DPS:  -0.64
        2: P =   3.07, D =   0.43 @  3.95 Rp,23.13 MLT; DPS:  -5.23
[0m [32m<Writing HDF5 DATA @ t =    16.334 [min] >[0m 
[32m<Writing RAIJU HDF5 DATA @ t =    16.417 [min] >[0m 
 [36m
 GAMERA
      Time =    16.417 [min]
        ts =    12287
        dt =  1.01E-01 [sec]
    dt/dt0 =   84.549%
    Spent     0.0% of time waiting for Voltron
      kZCs =   3452.17 /   1253.09 [MHD/TOT] (8 threads)
[0m       CPCP =   70.844  70.813 [kV, N/S]
 [34m
 VOLTRON
      UT   = 2001-06-01 23:16:25
      tilt =    0.000 [deg]
    Sym-H  =   -5.000 [nT]
    BSDst  ~   18.410 [nT]
           dSMRs  ~     0.24   -0.17   -0.15    0.08 [nT, 12/18/00/06]
   DPSDst  ~   -4.908 [nT]
   Spent    40.4% of time waiting for Gamera
            12.1% of time processing Chimp(Helpers)
             9.5% of time processing IMAG
            14.0% of time processing Remix
            23.6% of time processing Tubes(Helpers)
             0.1% of time writing files
    Running @   82.083% of real-time (8 threads)
[0m  [35m
 RAIJU
      UT   = 2001-06-01 23:16:30
      Time =    16.500 [min]
     dtCpl =  5.00E+00 [sec]
     Max/Min dt @ k:
        Max 4.09E+01 [sec] @ 57
        Min 1.38E-01 [sec] @ 160
     Flav : max Press/Den @ L,MLT; DPS-dst
        0: P =   0.00, D =9075.91 @  1.54 Rp,12.07 MLT; DPS:   0.00
        1: P =   0.14, D =   4.14 @  7.98 Rp,13.40 MLT; DPS:  -0.64
        2: P =   3.07, D =   0.43 @  3.95 Rp,23.13 MLT; DPS:  -5.23
[0m [32m<Writing HDF5 DATA @ t =    16.417 [min] >[0m 
[32m<Writing RAIJU HDF5 DATA @ t =    16.500 [min] >[0m 
 [36m
 GAMERA
      Time =    16.501 [min]
        ts =    12337
        dt =  1.01E-01 [sec]
    dt/dt0 =   84.576%
    Spent     0.0% of time waiting for Voltron
      kZCs =   3451.20 /   1253.11 [MHD/TOT] (8 threads)
[0m       CPCP =   70.689  70.871 [kV, N/S]
 [34m
 VOLTRON
      UT   = 2001-06-01 23:16:30
      tilt =    0.000 [deg]
    Sym-H  =   -5.000 [nT]
    BSDst  ~   18.415 [nT]
           dSMRs  ~     0.25   -0.17   -0.16    0.08 [nT, 12/18/00/06]
   DPSDst  ~   -4.904 [nT]
   Spent    40.5% of time waiting for Gamera
            12.1% of time processing Chimp(Helpers)
             9.5% of time processing IMAG
            14.1% of time processing Remix
            23.6% of time processing Tubes(Helpers)
             0.0% of time writing files
    Running @   82.143% of real-time (8 threads)
[0m  [35m
 RAIJU
      UT   = 2001-06-01 23:16:35
      Time =    16.583 [min]
     dtCpl =  5.00E+00 [sec]
     Max/Min dt @ k:
        Max 4.10E+01 [sec] @ 57
        Min 1.38E-01 [sec] @ 160
     Flav : max Press/Den @ L,MLT; DPS-dst
        0: P =   0.00, D =9075.91 @  1.54 Rp,12.07 MLT; DPS:   0.00
        1: P =   0.14, D =   4.14 @  7.98 Rp,13.40 MLT; DPS:  -0.64
        2: P =   3.07, D =   0.43 @  3.95 Rp,23.07 MLT; DPS:  -5.23
[0m [32m<Writing HDF5 DATA @ t =    16.501 [min] >[0m 
[32m<Writing RAIJU HDF5 DATA @ t =    16.583 [min] >[0m 
 [36m
 GAMERA
      Time =    16.584 [min]
        ts =    12386
        dt =  1.01E-01 [sec]
    dt/dt0 =   84.587%
    Spent     0.0% of time waiting for Voltron
      kZCs =   3451.16 /   1240.70 [MHD/TOT] (8 threads)
[0m       CPCP =   70.540  70.845 [kV, N/S]
 [34m
 VOLTRON
      UT   = 2001-06-01 23:16:35
      tilt =    0.000 [deg]
    Sym-H  =   -5.000 [nT]
    BSDst  ~   18.411 [nT]
           dSMRs  ~     0.25   -0.17   -0.16    0.08 [nT, 12/18/00/06]
   DPSDst  ~   -4.901 [nT]
   Spent    40.4% of time waiting for Gamera
            12.1% of time processing Chimp(Helpers)
             9.5% of time processing IMAG
            14.1% of time processing Remix
            23.6% of time processing Tubes(Helpers)
             0.0% of time writing files
    Running @   82.165% of real-time (8 threads)
[0m  [35m
 RAIJU
      UT   = 2001-06-01 23:16:40
      Time =    16.667 [min]
     dtCpl =  5.00E+00 [sec]
     Max/Min dt @ k:
        Max 4.09E+01 [sec] @ 57
        Min 1.38E-01 [sec] @ 160
     Flav : max Press/Den @ L,MLT; DPS-dst
        0: P =   0.00, D =9075.91 @  1.54 Rp,12.07 MLT; DPS:   0.00
        1: P =   0.14, D =   4.13 @  7.98 Rp,13.40 MLT; DPS:  -0.64
        2: P =   3.07, D =   0.43 @  3.95 Rp,23.07 MLT; DPS:  -5.23
[0m [32m<Writing HDF5 DATA @ t =    16.584 [min] >[0m 
[32m<Writing RAIJU HDF5 DATA @ t =    16.667 [min] >[0m 
 [36m
 GAMERA
      Time =    16.667 [min]
        ts =    12436
        dt =  1.01E-01 [sec]
    dt/dt0 =   84.596%
    Spent     0.0% of time waiting for Voltron
      kZCs =   3451.36 /   1255.89 [MHD/TOT] (8 threads)
[0m       CPCP =   70.380  70.743 [kV, N/S]
 [34m
 VOLTRON
      UT   = 2001-06-01 23:16:40
      tilt =    0.000 [deg]
    Sym-H  =   -5.000 [nT]
    BSDst  ~   18.397 [nT]
           dSMRs  ~     0.25   -0.17   -0.17    0.08 [nT, 12/18/00/06]
   DPSDst  ~   -4.899 [nT]
   Spent    40.5% of time waiting for Gamera
            12.1% of time processing Chimp(Helpers)
             9.5% of time processing IMAG
            14.1% of time processing Remix
            23.5% of time processing Tubes(Helpers)
             0.0% of time writing files
    Running @   82.214% of real-time (8 threads)
[0m  [35m
 RAIJU
      UT   = 2001-06-01 23:16:45
      Time =    16.750 [min]
     dtCpl =  5.00E+00 [sec]
     Max/Min dt @ k:
        Max 4.08E+01 [sec] @ 57
        Min 1.38E-01 [sec] @ 160
     Flav : max Press/Den @ L,MLT; DPS-dst
        0: P =   0.00, D =9075.91 @  1.54 Rp,12.07 MLT; DPS:   0.00
        1: P =   0.14, D =   4.12 @  7.97 Rp,13.40 MLT; DPS:  -0.64
        2: P =   3.07, D =   0.43 @  3.95 Rp,23.07 MLT; DPS:  -5.22
[0m [32m<Writing HDF5 DATA @ t =    16.667 [min] >[0m 
[32m<Writing RAIJU HDF5 DATA @ t =    16.750 [min] >[0m 
 [36m
 GAMERA
      Time =    16.751 [min]
        ts =    12486
        dt =  1.01E-01 [sec]
    dt/dt0 =   84.600%
    Spent     0.0% of time waiting for Voltron
      kZCs =   3451.85 /   1255.93 [MHD/TOT] (8 threads)
[0m       CPCP =   70.299  70.678 [kV, N/S]
 [34m
 VOLTRON
      UT   = 2001-06-01 23:16:45
      tilt =    0.000 [deg]
    Sym-H  =   -5.000 [nT]
    BSDst  ~   18.375 [nT]
           dSMRs  ~     0.26   -0.17   -0.18    0.09 [nT, 12/18/00/06]
   DPSDst  ~   -4.895 [nT]
   Spent    40.5% of time waiting for Gamera
            12.1% of time processing Chimp(Helpers)
             9.5% of time processing IMAG
            14.1% of time processing Remix
            23.5% of time processing Tubes(Helpers)
             0.0% of time writing files
    Running @   82.278% of real-time (8 threads)
[0m  [35m
 RAIJU
      UT   = 2001-06-01 23:16:50
      Time =    16.833 [min]
     dtCpl =  5.00E+00 [sec]
     Max/Min dt @ k:
        Max 4.08E+01 [sec] @ 57
        Min 1.38E-01 [sec] @ 160
     Flav : max Press/Den @ L,MLT; DPS-dst
        0: P =   0.00, D =9075.91 @  1.54 Rp,12.07 MLT; DPS:   0.00
        1: P =   0.14, D =   4.12 @  7.97 Rp,13.40 MLT; DPS:  -0.63
        2: P =   3.07, D =   0.43 @  3.95 Rp,23.07 MLT; DPS:  -5.22
[0m [32m<Writing HDF5 DATA @ t =    16.751 [min] >[0m 
[32m<Writing RAIJU HDF5 DATA @ t =    16.833 [min] >[0m 
 [36m
 GAMERA
      Time =    16.834 [min]
        ts =    12535
        dt =  1.01E-01 [sec]
    dt/dt0 =   84.612%
    Spent     0.0% of time waiting for Voltron
      kZCs =   3453.14 /   1241.43 [MHD/TOT] (8 threads)
[0m       CPCP =   70.351  70.689 [kV, N/S]
 [34m
 VOLTRON
      UT   = 2001-06-01 23:16:50
      tilt =    0.000 [deg]
    Sym-H  =   -5.000 [nT]
    BSDst  ~   18.352 [nT]
           dSMRs  ~     0.27   -0.17   -0.19    0.09 [nT, 12/18/00/06]
   DPSDst  ~   -4.896 [nT]
   Spent    40.5% of time waiting for Gamera
            12.1% of time processing Chimp(Helpers)
             9.5% of time processing IMAG
            14.2% of time processing Remix
            23.5% of time processing Tubes(Helpers)
             0.0% of time writing files
    Running @   82.297% of real-time (8 threads)
[0m  [35m
 RAIJU
      UT   = 2001-06-01 23:16:55
      Time =    16.917 [min]
     dtCpl =  5.00E+00 [sec]
     Max/Min dt @ k:
        Max 4.07E+01 [sec] @ 57
        Min 1.38E-01 [sec] @ 160
     Flav : max Press/Den @ L,MLT; DPS-dst
        0: P =   0.00, D =9075.91 @  1.54 Rp,12.07 MLT; DPS:   0.00
        1: P =   0.14, D =   4.11 @  7.97 Rp,13.40 MLT; DPS:  -0.63
        2: P =   3.07, D =   0.43 @  3.95 Rp,23.27 MLT; DPS:  -5.22
[0m [32m<Writing HDF5 DATA @ t =    16.834 [min] >[0m 
[32m<Writing RAIJU HDF5 DATA @ t =    16.917 [min] >[0m 
 [36m
 GAMERA
      Time =    16.918 [min]
        ts =    12585
        dt =  1.01E-01 [sec]
    dt/dt0 =   84.624%
    Spent     0.0% of time waiting for Voltron
      kZCs =   3451.36 /   1255.89 [MHD/TOT] (8 threads)
[0m       CPCP =   70.334  70.724 [kV, N/S]
 [34m
 VOLTRON
      UT   = 2001-06-01 23:16:55
      tilt =    0.000 [deg]
    Sym-H  =   -5.000 [nT]
    BSDst  ~   18.330 [nT]
           dSMRs  ~     0.27   -0.17   -0.20    0.09 [nT, 12/18/00/06]
   DPSDst  ~   -4.893 [nT]
   Spent    40.5% of time waiting for Gamera
            12.1% of time processing Chimp(Helpers)
             9.5% of time processing IMAG
            14.2% of time processing Remix
            23.5% of time processing Tubes(Helpers)
             0.0% of time writing files
    Running @   82.328% of real-time (8 threads)
[0m  [35m
 RAIJU
      UT   = 2001-06-01 23:16:59
      Time =    17.000 [min]
     dtCpl =  5.00E+00 [sec]
     Max/Min dt @ k:
        Max 4.07E+01 [sec] @ 57
        Min 1.38E-01 [sec] @ 160
     Flav : max Press/Den @ L,MLT; DPS-dst
        0: P =   0.00, D =9075.91 @  1.54 Rp,12.07 MLT; DPS:   0.00
        1: P =   0.14, D =   4.10 @  7.97 Rp,13.40 MLT; DPS:  -0.63
        2: P =   3.07, D =   0.43 @  3.95 Rp,23.33 MLT; DPS:  -5.22
[0m [32m<Writing HDF5 DATA @ t =    16.918 [min] >[0m 
[32m<Writing RAIJU HDF5 DATA @ t =    17.000 [min] >[0m 
 [36m
 GAMERA
      Time =    17.002 [min]
        ts =    12635
        dt =  1.01E-01 [sec]
    dt/dt0 =   84.634%
    Spent     0.0% of time waiting for Voltron
      kZCs =   3451.85 /   1258.26 [MHD/TOT] (8 threads)
[0m       CPCP =   70.305  70.715 [kV, N/S]
 [34m
 VOLTRON
      UT   = 2001-06-01 23:17:00
      tilt =    0.000 [deg]
    Sym-H  =   -5.000 [nT]
    BSDst  ~   18.305 [nT]
           dSMRs  ~     0.28   -0.17   -0.20    0.10 [nT, 12/18/00/06]
   DPSDst  ~   -4.890 [nT]
   Spent    40.6% of time waiting for Gamera
            12.0% of time processing Chimp(Helpers)
             9.5% of time processing IMAG
            14.2% of time processing Remix
            23.4% of time processing Tubes(Helpers)
             0.0% of time writing files
    Running @   82.396% of real-time (8 threads)
[0m  [35m
 RAIJU
      UT   = 2001-06-01 23:17:05
      Time =    17.083 [min]
     dtCpl =  5.00E+00 [sec]
     Max/Min dt @ k:
        Max 4.06E+01 [sec] @ 57
        Min 1.38E-01 [sec] @ 160
     Flav : max Press/Den @ L,MLT; DPS-dst
        0: P =   0.00, D =9075.91 @  1.54 Rp,12.07 MLT; DPS:   0.00
        1: P =   0.14, D =   4.09 @  7.97 Rp,13.40 MLT; DPS:  -0.63
        2: P =   3.07, D =   0.43 @  3.95 Rp,23.33 MLT; DPS:  -5.22
[0m [32m<Writing HDF5 DATA @ t =    17.002 [min] >[0m 
[32m<Writing RAIJU HDF5 DATA @ t =    17.083 [min] >[0m 
 [36m
 GAMERA
      Time =    17.084 [min]
        ts =    12684
        dt =  1.01E-01 [sec]
    dt/dt0 =   84.653%
    Spent     0.0% of time waiting for Voltron
      kZCs =   3453.14 /   1242.81 [MHD/TOT] (8 threads)
[0m       CPCP =   70.318  70.694 [kV, N/S]
 [34m
 VOLTRON
      UT   = 2001-06-01 23:17:05
      tilt =    0.000 [deg]
    Sym-H  =   -5.000 [nT]
    BSDst  ~   18.284 [nT]
           dSMRs  ~     0.28   -0.17   -0.21    0.10 [nT, 12/18/00/06]
   DPSDst  ~   -4.882 [nT]
   Spent    40.4% of time waiting for Gamera
            12.0% of time processing Chimp(Helpers)
             9.5% of time processing IMAG
            14.2% of time processing Remix
            23.4% of time processing Tubes(Helpers)
             0.2% of time writing files
    Running @   82.348% of real-time (8 threads)
[0m  [35m
 RAIJU
      UT   = 2001-06-01 23:17:10
      Time =    17.167 [min]
     dtCpl =  5.00E+00 [sec]
     Max/Min dt @ k:
        Max 4.06E+01 [sec] @ 57
        Min 1.38E-01 [sec] @ 160
     Flav : max Press/Den @ L,MLT; DPS-dst
        0: P =   0.00, D =9075.91 @  1.54 Rp,12.07 MLT; DPS:   0.00
        1: P =   0.14, D =   4.08 @  7.97 Rp,13.40 MLT; DPS:  -0.62
        2: P =   3.07, D =   0.43 @  3.95 Rp,23.33 MLT; DPS:  -5.21
[0m [32m<Writing HDF5 DATA @ t =    17.084 [min] >[0m 
[32m<Writing RAIJU HDF5 DATA @ t =    17.167 [min] >[0m 
 [36m
 GAMERA
      Time =    17.168 [min]
        ts =    12734
        dt =  1.01E-01 [sec]
    dt/dt0 =   84.673%
    Spent     0.0% of time waiting for Voltron
      kZCs =   3452.01 /   1258.44 [MHD/TOT] (8 threads)
[0m       CPCP =   70.353  70.689 [kV, N/S]
 [34m
 VOLTRON
      UT   = 2001-06-01 23:17:10
      tilt =    0.000 [deg]
    Sym-H  =   -5.000 [nT]
    BSDst  ~   18.265 [nT]
           dSMRs  ~     0.29   -0.17   -0.22    0.11 [nT, 12/18/00/06]
   DPSDst  ~   -4.885 [nT]
   Spent    40.5% of time waiting for Gamera
            12.0% of time processing Chimp(Helpers)
             9.5% of time processing IMAG
            14.2% of time processing Remix
            23.4% of time processing Tubes(Helpers)
             0.2% of time writing files
    Running @   82.414% of real-time (8 threads)
[0m  [35m
 RAIJU
      UT   = 2001-06-01 23:17:15
      Time =    17.250 [min]
     dtCpl =  5.00E+00 [sec]
     Max/Min dt @ k:
        Max 4.06E+01 [sec] @ 57
        Min 1.38E-01 [sec] @ 160
     Flav : max Press/Den @ L,MLT; DPS-dst
        0: P =   0.00, D =9075.91 @  1.54 Rp,12.07 MLT; DPS:   0.00
        1: P =   0.14, D =   4.07 @  7.97 Rp,13.40 MLT; DPS:  -0.62
        2: P =   3.07, D =   0.43 @  3.95 Rp,23.33 MLT; DPS:  -5.22
[0m [32m<Writing HDF5 DATA @ t =    17.168 [min] >[0m 
[32m<Writing RAIJU HDF5 DATA @ t =    17.250 [min] >[0m 
 [36m
 GAMERA
      Time =    17.250 [min]
        ts =    12783
        dt =  1.01E-01 [sec]
    dt/dt0 =   84.685%
    Spent     0.0% of time waiting for Voltron
      kZCs =   3450.83 /   1244.03 [MHD/TOT] (8 threads)
[0m       CPCP =   70.442  70.736 [kV, N/S]
 [34m
 VOLTRON
      UT   = 2001-06-01 23:17:15
      tilt =    0.000 [deg]
    Sym-H  =   -5.000 [nT]
    BSDst  ~   18.248 [nT]
           dSMRs  ~     0.29   -0.17   -0.23    0.11 [nT, 12/18/00/06]
   DPSDst  ~   -4.882 [nT]
   Spent    40.5% of time waiting for Gamera
            12.0% of time processing Chimp(Helpers)
             9.5% of time processing IMAG
            14.2% of time processing Remix
            23.4% of time processing Tubes(Helpers)
             0.1% of time writing files
    Running @   82.447% of real-time (8 threads)
[0m  [35m
 RAIJU
      UT   = 2001-06-01 23:17:20
      Time =    17.333 [min]
     dtCpl =  5.00E+00 [sec]
     Max/Min dt @ k:
        Max 4.05E+01 [sec] @ 57
        Min 1.38E-01 [sec] @ 160
     Flav : max Press/Den @ L,MLT; DPS-dst
        0: P =   0.00, D =9075.91 @  1.54 Rp,12.07 MLT; DPS:   0.00
        1: P =   0.13, D =   4.06 @  7.97 Rp,13.40 MLT; DPS:  -0.62
        2: P =   3.08, D =   0.43 @  3.95 Rp,23.33 MLT; DPS:  -5.22
[0m [32m<Writing HDF5 DATA @ t =    17.250 [min] >[0m 
[32m<Writing RAIJU HDF5 DATA @ t =    17.333 [min] >[0m 
 [36m
 GAMERA
      Time =    17.334 [min]
        ts =    12833
        dt =  1.01E-01 [sec]
    dt/dt0 =   84.698%
    Spent     0.0% of time waiting for Voltron
      kZCs =   3451.52 /   1260.01 [MHD/TOT] (8 threads)
[0m       CPCP =   70.561  70.822 [kV, N/S]
 [34m
 VOLTRON
      UT   = 2001-06-01 23:17:20
      tilt =    0.000 [deg]
    Sym-H  =   -5.000 [nT]
    BSDst  ~   18.234 [nT]
           dSMRs  ~     0.30   -0.17   -0.24    0.11 [nT, 12/18/00/06]
   DPSDst  ~   -4.877 [nT]
   Spent    40.5% of time waiting for Gamera
            12.0% of time processing Chimp(Helpers)
             9.5% of time processing IMAG
            14.2% of time processing Remix
            23.4% of time processing Tubes(Helpers)
             0.1% of time writing files
    Running @   82.482% of real-time (8 threads)
[0m  [35m
 RAIJU
      UT   = 2001-06-01 23:17:25
      Time =    17.417 [min]
     dtCpl =  5.00E+00 [sec]
     Max/Min dt @ k:
        Max 4.02E+01 [sec] @ 57
        Min 1.38E-01 [sec] @ 160
     Flav : max Press/Den @ L,MLT; DPS-dst
        0: P =   0.00, D =9075.91 @  1.54 Rp,12.07 MLT; DPS:   0.00
        1: P =   0.13, D =   4.05 @  7.97 Rp,13.40 MLT; DPS:  -0.62
        2: P =   3.08, D =   0.43 @  3.95 Rp,23.27 MLT; DPS:  -5.21
[0m [32m<Writing HDF5 DATA @ t =    17.334 [min] >[0m 
[32m<Writing RAIJU HDF5 DATA @ t =    17.417 [min] >[0m 
 [36m
 GAMERA
      Time =    17.418 [min]
        ts =    12883
        dt =  1.01E-01 [sec]
    dt/dt0 =   84.710%
    Spent     0.0% of time waiting for Voltron
      kZCs =   3451.52 /   1259.04 [MHD/TOT] (8 threads)
[0m       CPCP =   70.714  70.903 [kV, N/S]
 [34m
 VOLTRON
      UT   = 2001-06-01 23:17:25
      tilt =    0.000 [deg]
    Sym-H  =   -5.000 [nT]
    BSDst  ~   18.223 [nT]
           dSMRs  ~     0.30   -0.17   -0.25    0.12 [nT, 12/18/00/06]
   DPSDst  ~   -4.874 [nT]
   Spent    40.6% of time waiting for Gamera
            12.0% of time processing Chimp(Helpers)
             9.5% of time processing IMAG
            14.2% of time processing Remix
            23.3% of time processing Tubes(Helpers)
             0.1% of time writing files
    Running @   82.535% of real-time (8 threads)
[0m  [35m
 RAIJU
      UT   = 2001-06-01 23:17:30
      Time =    17.500 [min]
     dtCpl =  5.00E+00 [sec]
     Max/Min dt @ k:
        Max 3.99E+01 [sec] @ 57
        Min 1.38E-01 [sec] @ 160
     Flav : max Press/Den @ L,MLT; DPS-dst
        0: P =   0.00, D =9075.91 @  1.54 Rp,12.07 MLT; DPS:   0.00
        1: P =   0.13, D =   4.05 @  7.96 Rp,13.40 MLT; DPS:  -0.62
        2: P =   3.08, D =   0.43 @  3.95 Rp,23.27 MLT; DPS:  -5.21
[0m [32m<Writing HDF5 DATA @ t =    17.418 [min] >[0m 
[32m<Writing RAIJU HDF5 DATA @ t =    17.500 [min] >[0m 
 [36m
 GAMERA
      Time =    17.501 [min]
        ts =    12932
        dt =  1.01E-01 [sec]
    dt/dt0 =   84.721%
    Spent     0.0% of time waiting for Voltron
      kZCs =   3450.83 /   1244.87 [MHD/TOT] (8 threads)
[0m       CPCP =   70.873  70.942 [kV, N/S]
 [34m
 VOLTRON
      UT   = 2001-06-01 23:17:30
      tilt =    0.000 [deg]
    Sym-H  =   -5.000 [nT]
    BSDst  ~   18.215 [nT]
           dSMRs  ~     0.30   -0.17   -0.26    0.12 [nT, 12/18/00/06]
   DPSDst  ~   -4.872 [nT]
   Spent    40.5% of time waiting for Gamera
            12.0% of time processing Chimp(Helpers)
             9.5% of time processing IMAG
            14.2% of time processing Remix
            23.3% of time processing Tubes(Helpers)
             0.1% of time writing files
    Running @   82.568% of real-time (8 threads)
[0m  [35m
 RAIJU
      UT   = 2001-06-01 23:17:35
      Time =    17.583 [min]
     dtCpl =  5.00E+00 [sec]
     Max/Min dt @ k:
        Max 3.95E+01 [sec] @ 57
        Min 1.38E-01 [sec] @ 160
     Flav : max Press/Den @ L,MLT; DPS-dst
        0: P =   0.00, D =9075.91 @  1.54 Rp,12.07 MLT; DPS:   0.00
        1: P =   0.13, D =   4.04 @  7.96 Rp,13.40 MLT; DPS:  -0.62
        2: P =   3.08, D =   0.43 @  3.95 Rp,23.27 MLT; DPS:  -5.21
[0m [32m<Writing HDF5 DATA @ t =    17.501 [min] >[0m 
[32m<Writing RAIJU HDF5 DATA @ t =    17.583 [min] >[0m 
 [36m
 GAMERA
      Time =    17.585 [min]
        ts =    12982
        dt =  1.01E-01 [sec]
    dt/dt0 =   84.737%
    Spent     0.0% of time waiting for Voltron
      kZCs =   3450.72 /   1259.73 [MHD/TOT] (8 threads)
[0m       CPCP =   71.020  70.908 [kV, N/S]
 [34m
 VOLTRON
      UT   = 2001-06-01 23:17:35
      tilt =    0.000 [deg]
    Sym-H  =   -5.000 [nT]
    BSDst  ~   18.205 [nT]
           dSMRs  ~     0.31   -0.17   -0.26    0.13 [nT, 12/18/00/06]
   DPSDst  ~   -4.869 [nT]
   Spent    40.6% of time waiting for Gamera
            12.0% of time processing Chimp(Helpers)
             9.5% of time processing IMAG
            14.2% of time processing Remix
            23.3% of time processing Tubes(Helpers)
             0.1% of time writing files
    Running @   82.613% of real-time (8 threads)
[0m  [35m
 RAIJU
      UT   = 2001-06-01 23:17:40
      Time =    17.667 [min]
     dtCpl =  5.00E+00 [sec]
     Max/Min dt @ k:
        Max 3.93E+01 [sec] @ 57
        Min 1.38E-01 [sec] @ 160
     Flav : max Press/Den @ L,MLT; DPS-dst
        0: P =   0.00, D =9075.91 @  1.54 Rp,12.07 MLT; DPS:   0.00
        1: P =   0.13, D =   4.03 @  7.96 Rp,13.40 MLT; DPS:  -0.61
        2: P =   3.08, D =   0.43 @  3.95 Rp,23.27 MLT; DPS:  -5.21
[0m [32m<Writing HDF5 DATA @ t =    17.585 [min] >[0m 
[32m<Writing RAIJU HDF5 DATA @ t =    17.667 [min] >[0m 
 [36m
 GAMERA
      Time =    17.667 [min]
        ts =    13031
        dt =  1.01E-01 [sec]
    dt/dt0 =   84.747%
    Spent     0.0% of time waiting for Voltron
      kZCs =   3452.31 /   1246.11 [MHD/TOT] (8 threads)
[0m       CPCP =   71.139  70.875 [kV, N/S]
 [34m
 VOLTRON
      UT   = 2001-06-01 23:17:40
      tilt =    0.000 [deg]
    Sym-H  =   -5.000 [nT]
    BSDst  ~   18.189 [nT]
           dSMRs  ~     0.31   -0.17   -0.27    0.13 [nT, 12/18/00/06]
   DPSDst  ~   -4.870 [nT]
   Spent    40.6% of time waiting for Gamera
            12.0% of time processing Chimp(Helpers)
             9.6% of time processing IMAG
            14.2% of time processing Remix
            23.3% of time processing Tubes(Helpers)
             0.1% of time writing files
    Running @   82.405% of real-time (8 threads)
[0m  [35m
 RAIJU
      UT   = 2001-06-01 23:17:45
      Time =    17.750 [min]
     dtCpl =  5.00E+00 [sec]
     Max/Min dt @ k:
        Max 3.91E+01 [sec] @ 57
        Min 1.38E-01 [sec] @ 160
     Flav : max Press/Den @ L,MLT; DPS-dst
        0: P =   0.00, D =9075.91 @  1.54 Rp,12.07 MLT; DPS:   0.00
        1: P =   0.13, D =   4.02 @  7.96 Rp,13.40 MLT; DPS:  -0.61
        2: P =   3.08, D =   0.43 @  3.95 Rp,23.27 MLT; DPS:  -5.21
[0m [32m<Writing HDF5 DATA @ t =    17.667 [min] >[0m 
[32m<Writing RAIJU HDF5 DATA @ t =    17.750 [min] >[0m 
 [36m
 GAMERA
      Time =    17.751 [min]
        ts =    13081
        dt =  1.01E-01 [sec]
    dt/dt0 =   84.759%
    Spent     0.0% of time waiting for Voltron
      kZCs =   3449.10 /   1261.56 [MHD/TOT] (8 threads)
[0m       CPCP =   71.227  70.846 [kV, N/S]
 [34m
 VOLTRON
      UT   = 2001-06-01 23:17:45
      tilt =    0.000 [deg]
    Sym-H  =   -5.000 [nT]
    BSDst  ~   18.164 [nT]
           dSMRs  ~     0.32   -0.17   -0.28    0.13 [nT, 12/18/00/06]
   DPSDst  ~   -4.870 [nT]
   Spent    40.6% of time waiting for Gamera
            12.0% of time processing Chimp(Helpers)
             9.6% of time processing IMAG
            14.2% of time processing Remix
            23.3% of time processing Tubes(Helpers)
             0.1% of time writing files
    Running @   82.464% of real-time (8 threads)
[0m  [35m
 RAIJU
      UT   = 2001-06-01 23:17:50
      Time =    17.833 [min]
     dtCpl =  5.00E+00 [sec]
     Max/Min dt @ k:
        Max 3.89E+01 [sec] @ 57
        Min 1.38E-01 [sec] @ 160
     Flav : max Press/Den @ L,MLT; DPS-dst
        0: P =   0.00, D =9075.91 @  1.54 Rp,12.07 MLT; DPS:   0.00
        1: P =   0.13, D =   4.01 @  7.96 Rp,13.40 MLT; DPS:  -0.61
        2: P =   3.08, D =   0.43 @  3.95 Rp,23.13 MLT; DPS:  -5.21
[0m [32m<Writing HDF5 DATA @ t =    17.751 [min] >[0m 
[32m<Writing RAIJU HDF5 DATA @ t =    17.833 [min] >[0m 
 [36m
 GAMERA
      Time =    17.834 [min]
        ts =    13130
        dt =  1.01E-01 [sec]
    dt/dt0 =   84.770%
    Spent     0.0% of time waiting for Voltron
      kZCs =   3450.33 /   1246.91 [MHD/TOT] (8 threads)
[0m       CPCP =   71.275  70.813 [kV, N/S]
 [34m
 VOLTRON
      UT   = 2001-06-01 23:17:50
      tilt =    0.000 [deg]
    Sym-H  =   -5.000 [nT]
    BSDst  ~   18.137 [nT]
           dSMRs  ~     0.33   -0.17   -0.29    0.13 [nT, 12/18/00/06]
   DPSDst  ~   -4.868 [nT]
   Spent    40.6% of time waiting for Gamera
            12.0% of time processing Chimp(Helpers)
             9.6% of time processing IMAG
            14.2% of time processing Remix
            23.3% of time processing Tubes(Helpers)
             0.0% of time writing files
    Running @   82.507% of real-time (8 threads)
[0m  [35m
 RAIJU
      UT   = 2001-06-01 23:17:55
      Time =    17.917 [min]
     dtCpl =  5.00E+00 [sec]
     Max/Min dt @ k:
        Max 3.88E+01 [sec] @ 57
        Min 1.38E-01 [sec] @ 160
     Flav : max Press/Den @ L,MLT; DPS-dst
        0: P =   0.00, D =9075.91 @  1.54 Rp,12.07 MLT; DPS:   0.00
        1: P =   0.13, D =   4.00 @  7.96 Rp,13.40 MLT; DPS:  -0.61
        2: P =   3.08, D =   0.43 @  3.95 Rp,23.13 MLT; DPS:  -5.21
[0m [32m<Writing HDF5 DATA @ t =    17.834 [min] >[0m 
[32m<Writing RAIJU HDF5 DATA @ t =    17.917 [min] >[0m 
 [36m
 GAMERA
      Time =    17.918 [min]
        ts =    13180
        dt =  1.01E-01 [sec]
    dt/dt0 =   84.782%
    Spent     0.0% of time waiting for Voltron
      kZCs =   3450.88 /   1262.92 [MHD/TOT] (8 threads)
[0m       CPCP =   71.307  70.781 [kV, N/S]
 [34m
 VOLTRON
      UT   = 2001-06-01 23:17:55
      tilt =    0.000 [deg]
    Sym-H  =   -5.000 [nT]
    BSDst  ~   18.114 [nT]
           dSMRs  ~     0.33   -0.17   -0.30    0.14 [nT, 12/18/00/06]
   DPSDst  ~   -4.865 [nT]
   Spent    40.6% of time waiting for Gamera
            12.0% of time processing Chimp(Helpers)
             9.6% of time processing IMAG
            14.2% of time processing Remix
            23.3% of time processing Tubes(Helpers)
             0.0% of time writing files
    Running @   82.554% of real-time (8 threads)
[0m  [35m
 RAIJU
      UT   = 2001-06-01 23:17:59
      Time =    18.000 [min]
     dtCpl =  5.00E+00 [sec]
     Max/Min dt @ k:
        Max 3.86E+01 [sec] @ 57
        Min 1.38E-01 [sec] @ 160
     Flav : max Press/Den @ L,MLT; DPS-dst
        0: P =   0.00, D =9075.91 @  1.54 Rp,12.07 MLT; DPS:   0.00
        1: P =   0.13, D =   3.99 @  7.96 Rp,13.40 MLT; DPS:  -0.61
        2: P =   3.08, D =   0.43 @  3.95 Rp,23.13 MLT; DPS:  -5.21
[0m [32m<Writing HDF5 DATA @ t =    17.918 [min] >[0m 
[32m<Writing RAIJU HDF5 DATA @ t =    18.000 [min] >[0m 
 [36m
 GAMERA
      Time =    18.000 [min]
        ts =    13229
        dt =  1.01E-01 [sec]
    dt/dt0 =   84.796%
    Spent     0.0% of time waiting for Voltron
      kZCs =   3450.99 /   1247.97 [MHD/TOT] (8 threads)
[0m       CPCP =   71.329  70.749 [kV, N/S]
 [34m
 VOLTRON
      UT   = 2001-06-01 23:18:00
      tilt =    0.000 [deg]
    Sym-H  =   -5.000 [nT]
    BSDst  ~   18.091 [nT]
           dSMRs  ~     0.34   -0.17   -0.31    0.14 [nT, 12/18/00/06]
   DPSDst  ~   -4.857 [nT]
   Spent    40.6% of time waiting for Gamera
            12.0% of time processing Chimp(Helpers)
             9.6% of time processing IMAG
            14.2% of time processing Remix
            23.3% of time processing Tubes(Helpers)
             0.0% of time writing files
    Running @   82.596% of real-time (8 threads)
[0m  [35m
 RAIJU
      UT   = 2001-06-01 23:18:05
      Time =    18.083 [min]
     dtCpl =  5.00E+00 [sec]
     Max/Min dt @ k:
        Max 3.85E+01 [sec] @ 57
        Min 1.38E-01 [sec] @ 160
     Flav : max Press/Den @ L,MLT; DPS-dst
        0: P =   0.00, D =9075.91 @  1.54 Rp,12.07 MLT; DPS:   0.00
        1: P =   0.13, D =   3.98 @  7.96 Rp,13.40 MLT; DPS:  -0.60
        2: P =   3.08, D =   0.43 @  3.95 Rp,23.07 MLT; DPS:  -5.20
[0m [32m<Writing HDF5 DATA @ t =    18.000 [min] >[0m 
[32m<Writing RAIJU HDF5 DATA @ t =    18.083 [min] >[0m 
 [36m
 GAMERA
      Time =    18.084 [min]
        ts =    13279
        dt =  1.01E-01 [sec]
    dt/dt0 =   84.809%
    Spent     0.0% of time waiting for Voltron
      kZCs =   3451.36 /   1262.62 [MHD/TOT] (8 threads)
[0m       CPCP =   71.375  70.705 [kV, N/S]
 [34m
 VOLTRON
      UT   = 2001-06-01 23:18:05
      tilt =    0.000 [deg]
    Sym-H  =   -5.000 [nT]
    BSDst  ~   18.070 [nT]
           dSMRs  ~     0.35   -0.17   -0.32    0.14 [nT, 12/18/00/06]
   DPSDst  ~   -4.853 [nT]
   Spent    40.7% of time waiting for Gamera
            12.0% of time processing Chimp(Helpers)
             9.6% of time processing IMAG
            14.2% of time processing Remix
            23.3% of time processing Tubes(Helpers)
             0.0% of time writing files
    Running @   82.669% of real-time (8 threads)
[0m  [35m
 RAIJU
      UT   = 2001-06-01 23:18:10
      Time =    18.167 [min]
     dtCpl =  5.00E+00 [sec]
     Max/Min dt @ k:
        Max 3.84E+01 [sec] @ 57
        Min 1.38E-01 [sec] @ 160
     Flav : max Press/Den @ L,MLT; DPS-dst
        0: P =   0.00, D =9075.91 @  1.54 Rp,12.07 MLT; DPS:   0.00
        1: P =   0.13, D =   3.97 @  7.96 Rp,13.40 MLT; DPS:  -0.60
        2: P =   3.08, D =   0.43 @  3.95 Rp,23.07 MLT; DPS:  -5.20
[0m [32m<Writing HDF5 DATA @ t =    18.084 [min] >[0m 
[32m<Writing RAIJU HDF5 DATA @ t =    18.167 [min] >[0m 
 [36m
 GAMERA
      Time =    18.167 [min]
        ts =    13328
        dt =  1.01E-01 [sec]
    dt/dt0 =   84.821%
    Spent     0.0% of time waiting for Voltron
      kZCs =   3450.33 /   1247.17 [MHD/TOT] (8 threads)
[0m       CPCP =   71.428  70.682 [kV, N/S]
 [34m
 VOLTRON
      UT   = 2001-06-01 23:18:10
      tilt =    0.000 [deg]
    Sym-H  =   -5.000 [nT]
    BSDst  ~   18.051 [nT]
           dSMRs  ~     0.37   -0.17   -0.34    0.14 [nT, 12/18/00/06]
   DPSDst  ~   -4.851 [nT]
   Spent    40.6% of time waiting for Gamera
            12.0% of time processing Chimp(Helpers)
             9.6% of time processing IMAG
            14.2% of time processing Remix
            23.3% of time processing Tubes(Helpers)
             0.0% of time writing files
    Running @   82.707% of real-time (8 threads)
[0m  [35m
 RAIJU
      UT   = 2001-06-01 23:18:15
      Time =    18.250 [min]
     dtCpl =  5.00E+00 [sec]
     Max/Min dt @ k:
        Max 3.82E+01 [sec] @ 57
        Min 1.38E-01 [sec] @ 160
     Flav : max Press/Den @ L,MLT; DPS-dst
        0: P =   0.00, D =9075.91 @  1.54 Rp,12.07 MLT; DPS:   0.00
        1: P =   0.13, D =   4.23 @  7.96 Rp,13.53 MLT; DPS:  -0.60
        2: P =   3.08, D =   0.43 @  3.95 Rp,23.07 MLT; DPS:  -5.20
[0m [32m<Writing HDF5 DATA @ t =    18.167 [min] >[0m 
[32m<Writing RAIJU HDF5 DATA @ t =    18.250 [min] >[0m 
 [36m
 GAMERA
      Time =    18.251 [min]
        ts =    13378
        dt =  1.01E-01 [sec]
    dt/dt0 =   84.833%
    Spent     0.0% of time waiting for Voltron
      kZCs =   3453.46 /   1263.57 [MHD/TOT] (8 threads)
[0m       CPCP =   71.444  70.682 [kV, N/S]
 [34m
 VOLTRON
      UT   = 2001-06-01 23:18:15
      tilt =    0.000 [deg]
    Sym-H  =   -5.000 [nT]
    BSDst  ~   18.036 [nT]
           dSMRs  ~     0.38   -0.17   -0.36    0.14 [nT, 12/18/00/06]
   DPSDst  ~   -4.844 [nT]
   Spent    40.7% of time waiting for Gamera
            12.0% of time processing Chimp(Helpers)
             9.6% of time processing IMAG
            14.2% of time processing Remix
            23.2% of time processing Tubes(Helpers)
             0.0% of time writing files
    Running @   82.780% of real-time (8 threads)
[0m  [35m
 RAIJU
      UT   = 2001-06-01 23:18:20
      Time =    18.333 [min]
     dtCpl =  5.00E+00 [sec]
     Max/Min dt @ k:
        Max 3.81E+01 [sec] @ 57
        Min 1.38E-01 [sec] @ 160
     Flav : max Press/Den @ L,MLT; DPS-dst
        0: P =   0.00, D =9075.91 @  1.54 Rp,12.07 MLT; DPS:   0.00
        1: P =   0.13, D =   4.22 @  7.96 Rp,13.53 MLT; DPS:  -0.60
        2: P =   3.08, D =   0.43 @  3.95 Rp,23.07 MLT; DPS:  -5.20
[0m [32m<Writing HDF5 DATA @ t =    18.251 [min] >[0m 
[32m<Writing RAIJU HDF5 DATA @ t =    18.333 [min] >[0m 
 [36m
 GAMERA
      Time =    18.333 [min]
        ts =    13427
        dt =  1.01E-01 [sec]
    dt/dt0 =   84.845%
    Spent     0.0% of time waiting for Voltron
      kZCs =   3450.83 /   1248.98 [MHD/TOT] (8 threads)
[0m       CPCP =   71.442  70.697 [kV, N/S]
 [34m
 VOLTRON
      UT   = 2001-06-01 23:18:20
      tilt =    0.000 [deg]
    Sym-H  =   -5.000 [nT]
    BSDst  ~   18.024 [nT]
           dSMRs  ~     0.39   -0.16   -0.37    0.14 [nT, 12/18/00/06]
   DPSDst  ~   -4.840 [nT]
   Spent    40.6% of time waiting for Gamera
            12.0% of time processing Chimp(Helpers)
             9.6% of time processing IMAG
            14.2% of time processing Remix
            23.2% of time processing Tubes(Helpers)
             0.0% of time writing files
    Running @   82.817% of real-time (8 threads)
[0m  [35m
 RAIJU
      UT   = 2001-06-01 23:18:25
      Time =    18.417 [min]
     dtCpl =  5.00E+00 [sec]
     Max/Min dt @ k:
        Max 3.79E+01 [sec] @ 57
        Min 1.38E-01 [sec] @ 160
     Flav : max Press/Den @ L,MLT; DPS-dst
        0: P =   0.00, D =9075.91 @  1.54 Rp,12.07 MLT; DPS:   0.00
        1: P =   0.13, D =   4.21 @  7.96 Rp,13.53 MLT; DPS:  -0.60
        2: P =   3.08, D =   0.43 @  3.95 Rp,22.80 MLT; DPS:  -5.20
[0m [32m<Writing HDF5 DATA @ t =    18.333 [min] >[0m 
[32m<Writing RAIJU HDF5 DATA @ t =    18.417 [min] >[0m 
 [36m
 GAMERA
      Time =    18.418 [min]
        ts =    13477
        dt =  1.01E-01 [sec]
    dt/dt0 =   84.856%
    Spent     0.0% of time waiting for Voltron
      kZCs =   3454.27 /   1263.94 [MHD/TOT] (8 threads)
[0m       CPCP =   71.434  70.740 [kV, N/S]
 [34m
 VOLTRON
      UT   = 2001-06-01 23:18:25
      tilt =    0.000 [deg]
    Sym-H  =   -5.000 [nT]
    BSDst  ~   18.011 [nT]
           dSMRs  ~     0.40   -0.16   -0.38    0.14 [nT, 12/18/00/06]
   DPSDst  ~   -4.838 [nT]
   Spent    40.7% of time waiting for Gamera
            12.0% of time processing Chimp(Helpers)
             9.6% of time processing IMAG
            14.2% of time processing Remix
            23.2% of time processing Tubes(Helpers)
             0.0% of time writing files
    Running @   82.783% of real-time (8 threads)
[0m  [35m
 RAIJU
      UT   = 2001-06-01 23:18:30
      Time =    18.500 [min]
     dtCpl =  5.00E+00 [sec]
     Max/Min dt @ k:
        Max 3.78E+01 [sec] @ 57
        Min 1.38E-01 [sec] @ 160
     Flav : max Press/Den @ L,MLT; DPS-dst
        0: P =   0.00, D =9075.91 @  1.54 Rp,12.07 MLT; DPS:   0.00
        1: P =   0.13, D =   4.20 @  7.96 Rp,13.53 MLT; DPS:  -0.59
        2: P =   3.08, D =   0.43 @  3.95 Rp,22.07 MLT; DPS:  -5.19
[0m [32m<Writing HDF5 DATA @ t =    18.418 [min] >[0m 
[32m<Writing RAIJU HDF5 DATA @ t =    18.500 [min] >[0m 
 [36m
 GAMERA
      Time =    18.500 [min]
        ts =    13526
        dt =  1.01E-01 [sec]
    dt/dt0 =   84.867%
    Spent     0.0% of time waiting for Voltron
      kZCs =   3451.49 /   1248.66 [MHD/TOT] (8 threads)
[0m       CPCP =   71.400  70.794 [kV, N/S]
 [34m
 VOLTRON
      UT   = 2001-06-01 23:18:30
      tilt =    0.000 [deg]
    Sym-H  =   -5.000 [nT]
    BSDst  ~   17.996 [nT]
           dSMRs  ~     0.41   -0.16   -0.39    0.14 [nT, 12/18/00/06]
   DPSDst  ~   -4.835 [nT]
   Spent    40.7% of time waiting for Gamera
            12.0% of time processing Chimp(Helpers)
             9.6% of time processing IMAG
            14.2% of time processing Remix
            23.2% of time processing Tubes(Helpers)
             0.0% of time writing files
    Running @   82.821% of real-time (8 threads)
[0m  [35m
 RAIJU
      UT   = 2001-06-01 23:18:35
      Time =    18.583 [min]
     dtCpl =  5.00E+00 [sec]
     Max/Min dt @ k:
        Max 3.77E+01 [sec] @ 57
        Min 1.38E-01 [sec] @ 160
     Flav : max Press/Den @ L,MLT; DPS-dst
        0: P =   0.00, D =9075.91 @  1.54 Rp,12.07 MLT; DPS:   0.00
        1: P =   0.13, D =   4.19 @  7.96 Rp,13.53 MLT; DPS:  -0.59
        2: P =   3.09, D =   0.43 @  3.95 Rp,22.07 MLT; DPS:  -5.19
[0m [32m<Writing HDF5 DATA @ t =    18.500 [min] >[0m 
[32m<Writing RAIJU HDF5 DATA @ t =    18.583 [min] >[0m 
 [36m
 GAMERA
      Time =    18.584 [min]
        ts =    13576
        dt =  1.01E-01 [sec]
    dt/dt0 =   84.881%
    Spent     0.0% of time waiting for Voltron
      kZCs =   3450.72 /   1264.24 [MHD/TOT] (8 threads)
[0m       CPCP =   71.403  70.834 [kV, N/S]
 [34m
 VOLTRON
      UT   = 2001-06-01 23:18:35
      tilt =    0.000 [deg]
    Sym-H  =   -5.000 [nT]
    BSDst  ~   17.976 [nT]
           dSMRs  ~     0.41   -0.16   -0.40    0.15 [nT, 12/18/00/06]
   DPSDst  ~   -4.832 [nT]
   Spent    40.7% of time waiting for Gamera
            12.0% of time processing Chimp(Helpers)
             9.6% of time processing IMAG
            14.2% of time processing Remix
            23.2% of time processing Tubes(Helpers)
             0.0% of time writing files
    Running @   82.886% of real-time (8 threads)
[0m  [35m
 RAIJU
      UT   = 2001-06-01 23:18:40
      Time =    18.667 [min]
     dtCpl =  5.00E+00 [sec]
     Max/Min dt @ k:
        Max 3.76E+01 [sec] @ 57
        Min 1.38E-01 [sec] @ 160
     Flav : max Press/Den @ L,MLT; DPS-dst
        0: P =   0.00, D =9075.91 @  1.54 Rp,12.07 MLT; DPS:   0.00
        1: P =   0.13, D =   4.18 @  7.96 Rp,13.53 MLT; DPS:  -0.59
        2: P =   3.09, D =   0.43 @  3.95 Rp,22.07 MLT; DPS:  -5.19
[0m [32m<Writing HDF5 DATA @ t =    18.584 [min] >[0m 
[32m<Writing RAIJU HDF5 DATA @ t =    18.667 [min] >[0m 
 [36m
 GAMERA
      Time =    18.667 [min]
        ts =    13625
        dt =  1.01E-01 [sec]
    dt/dt0 =   84.897%
    Spent     0.0% of time waiting for Voltron
      kZCs =   3450.50 /   1249.37 [MHD/TOT] (8 threads)
[0m       CPCP =   71.417  70.867 [kV, N/S]
 [34m
 VOLTRON
      UT   = 2001-06-01 23:18:40
      tilt =    0.000 [deg]
    Sym-H  =   -5.000 [nT]
    BSDst  ~   17.951 [nT]
           dSMRs  ~     0.42   -0.15   -0.41    0.15 [nT, 12/18/00/06]
   DPSDst  ~   -4.830 [nT]
   Spent    40.7% of time waiting for Gamera
            12.0% of time processing Chimp(Helpers)
             9.6% of time processing IMAG
            14.2% of time processing Remix
            23.2% of time processing Tubes(Helpers)
             0.0% of time writing files
    Running @   82.924% of real-time (8 threads)
[0m  [35m
 RAIJU
      UT   = 2001-06-01 23:18:45
      Time =    18.750 [min]
     dtCpl =  5.00E+00 [sec]
     Max/Min dt @ k:
        Max 3.74E+01 [sec] @ 57
        Min 1.38E-01 [sec] @ 160
     Flav : max Press/Den @ L,MLT; DPS-dst
        0: P =   0.00, D =9075.91 @  1.54 Rp,12.07 MLT; DPS:   0.00
        1: P =   0.13, D =   4.17 @  7.96 Rp,13.53 MLT; DPS:  -0.59
        2: P =   3.09, D =   0.43 @  3.95 Rp,22.00 MLT; DPS:  -5.19
[0m [32m<Writing HDF5 DATA @ t =    18.667 [min] >[0m 
[32m<Writing RAIJU HDF5 DATA @ t =    18.750 [min] >[0m 
 [36m
 GAMERA
      Time =    18.751 [min]
        ts =    13675
        dt =  1.01E-01 [sec]
    dt/dt0 =   84.914%
    Spent     0.0% of time waiting for Voltron
      kZCs =   3447.81 /   1264.98 [MHD/TOT] (8 threads)
[0m       CPCP =   71.447  70.874 [kV, N/S]
 [34m
 VOLTRON
      UT   = 2001-06-01 23:18:45
      tilt =    0.000 [deg]
    Sym-H  =   -5.000 [nT]
    BSDst  ~   17.926 [nT]
           dSMRs  ~     0.43   -0.15   -0.42    0.15 [nT, 12/18/00/06]
   DPSDst  ~   -4.830 [nT]
   Spent    40.7% of time waiting for Gamera
            12.0% of time processing Chimp(Helpers)
             9.6% of time processing IMAG
            14.2% of time processing Remix
            23.2% of time processing Tubes(Helpers)
             0.0% of time writing files
    Running @   82.962% of real-time (8 threads)
[0m  [35m
 RAIJU
      UT   = 2001-06-01 23:18:50
      Time =    18.833 [min]
     dtCpl =  5.00E+00 [sec]
     Max/Min dt @ k:
        Max 3.73E+01 [sec] @ 57
        Min 1.38E-01 [sec] @ 160
     Flav : max Press/Den @ L,MLT; DPS-dst
        0: P =   0.00, D =9075.91 @  1.54 Rp,12.07 MLT; DPS:   0.00
        1: P =   0.13, D =   4.17 @  7.96 Rp,13.53 MLT; DPS:  -0.59
        2: P =   3.09, D =   0.43 @  3.95 Rp,22.00 MLT; DPS:  -5.19
[0m [32m<Writing HDF5 DATA @ t =    18.751 [min] >[0m 
[32m<Writing RAIJU HDF5 DATA @ t =    18.833 [min] >[0m 
 [36m
 GAMERA
      Time =    18.834 [min]
        ts =    13724
        dt =  1.01E-01 [sec]
    dt/dt0 =   84.928%
    Spent     0.0% of time waiting for Voltron
      kZCs =   3448.69 /   1250.69 [MHD/TOT] (8 threads)
[0m       CPCP =   71.481  70.881 [kV, N/S]
 [34m
 VOLTRON
      UT   = 2001-06-01 23:18:50
      tilt =    0.000 [deg]
    Sym-H  =   -5.000 [nT]
    BSDst  ~   17.903 [nT]
           dSMRs  ~     0.43   -0.15   -0.43    0.15 [nT, 12/18/00/06]
   DPSDst  ~   -4.823 [nT]
   Spent    40.7% of time waiting for Gamera
            12.0% of time processing Chimp(Helpers)
             9.6% of time processing IMAG
            14.2% of time processing Remix
            23.2% of time processing Tubes(Helpers)
             0.0% of time writing files
    Running @   82.968% of real-time (8 threads)
[0m  [35m
 RAIJU
      UT   = 2001-06-01 23:18:55
      Time =    18.917 [min]
     dtCpl =  5.00E+00 [sec]
     Max/Min dt @ k:
        Max 3.72E+01 [sec] @ 57
        Min 1.38E-01 [sec] @ 160
     Flav : max Press/Den @ L,MLT; DPS-dst
        0: P =   0.00, D =9075.91 @  1.54 Rp,12.07 MLT; DPS:   0.00
        1: P =   0.13, D =   4.16 @  7.96 Rp,13.53 MLT; DPS:  -0.59
        2: P =   3.09, D =   0.43 @  3.95 Rp,22.00 MLT; DPS:  -5.19
[0m [32m<Writing HDF5 DATA @ t =    18.834 [min] >[0m 
[32m<Writing RAIJU HDF5 DATA @ t =    18.917 [min] >[0m 
 [36m
 GAMERA
      Time =    18.918 [min]
        ts =    13774
        dt =  1.01E-01 [sec]
    dt/dt0 =   84.942%
    Spent     0.0% of time waiting for Voltron
      kZCs =   3452.98 /   1266.33 [MHD/TOT] (8 threads)
[0m       CPCP =   71.563  70.900 [kV, N/S]
 [34m
 VOLTRON
      UT   = 2001-06-01 23:18:55
      tilt =    0.000 [deg]
    Sym-H  =   -5.000 [nT]
    BSDst  ~   17.882 [nT]
           dSMRs  ~     0.44   -0.15   -0.44    0.16 [nT, 12/18/00/06]
   DPSDst  ~   -4.821 [nT]
   Spent    40.8% of time waiting for Gamera
            12.0% of time processing Chimp(Helpers)
             9.6% of time processing IMAG
            14.2% of time processing Remix
            23.2% of time processing Tubes(Helpers)
             0.0% of time writing files
    Running @   83.025% of real-time (8 threads)
[0m  [35m
 RAIJU
      UT   = 2001-06-01 23:18:59
      Time =    19.000 [min]
     dtCpl =  5.00E+00 [sec]
     Max/Min dt @ k:
        Max 3.71E+01 [sec] @ 57
        Min 1.38E-01 [sec] @ 160
     Flav : max Press/Den @ L,MLT; DPS-dst
        0: P =   0.00, D =9075.91 @  1.54 Rp,12.07 MLT; DPS:   0.00
        1: P =   0.13, D =   4.15 @  7.96 Rp,13.53 MLT; DPS:  -0.58
        2: P =   3.09, D =   0.43 @  3.95 Rp,22.00 MLT; DPS:  -5.19
[0m [32m<Writing HDF5 DATA @ t =    18.918 [min] >[0m 
[32m<Writing RAIJU HDF5 DATA @ t =    19.000 [min] >[0m 
 [36m
 GAMERA
      Time =    19.001 [min]
        ts =    13823
        dt =  1.01E-01 [sec]
    dt/dt0 =   84.955%
    Spent     0.0% of time waiting for Voltron
      kZCs =   3450.50 /   1251.88 [MHD/TOT] (8 threads)
[0m       CPCP =   71.688  70.991 [kV, N/S]
 [34m
 VOLTRON
      UT   = 2001-06-01 23:19:00
      tilt =    0.000 [deg]
    Sym-H  =   -5.000 [nT]
    BSDst  ~   17.864 [nT]
           dSMRs  ~     0.45   -0.16   -0.45    0.16 [nT, 12/18/00/06]
   DPSDst  ~   -4.818 [nT]
   Spent    40.7% of time waiting for Gamera
            12.0% of time processing Chimp(Helpers)
             9.6% of time processing IMAG
            14.2% of time processing Remix
            23.2% of time processing Tubes(Helpers)
             0.0% of time writing files
    Running @   83.065% of real-time (8 threads)
[0m  [35m
 RAIJU
      UT   = 2001-06-01 23:19:05
      Time =    19.083 [min]
     dtCpl =  5.00E+00 [sec]
     Max/Min dt @ k:
        Max 3.69E+01 [sec] @ 57
        Min 1.38E-01 [sec] @ 160
     Flav : max Press/Den @ L,MLT; DPS-dst
        0: P =   0.00, D =9075.91 @  1.54 Rp,12.07 MLT; DPS:   0.00
        1: P =   0.13, D =   4.14 @  7.96 Rp,13.53 MLT; DPS:  -0.58
        2: P =   3.09, D =   0.43 @  3.95 Rp,22.00 MLT; DPS:  -5.18
[0m [32m<Writing HDF5 DATA @ t =    19.001 [min] >[0m 
[32m<Writing RAIJU HDF5 DATA @ t =    19.083 [min] >[0m 
 [36m
 GAMERA
      Time =    19.085 [min]
        ts =    13873
        dt =  1.01E-01 [sec]
    dt/dt0 =   84.964%
    Spent     0.0% of time waiting for Voltron
      kZCs =   3451.20 /   1266.22 [MHD/TOT] (8 threads)
[0m       CPCP =   71.847  71.054 [kV, N/S]
 [34m
 VOLTRON
      UT   = 2001-06-01 23:19:05
      tilt =    0.000 [deg]
    Sym-H  =   -5.000 [nT]
    BSDst  ~   17.846 [nT]
           dSMRs  ~     0.46   -0.16   -0.46    0.16 [nT, 12/18/00/06]
   DPSDst  ~   -4.816 [nT]
   Spent    40.8% of time waiting for Gamera
            12.0% of time processing Chimp(Helpers)
             9.6% of time processing IMAG
            14.1% of time processing Remix
            23.2% of time processing Tubes(Helpers)
             0.0% of time writing files
    Running @   83.129% of real-time (8 threads)
[0m  [35m
 RAIJU
      UT   = 2001-06-01 23:19:10
      Time =    19.167 [min]
     dtCpl =  5.00E+00 [sec]
     Max/Min dt @ k:
        Max 3.67E+01 [sec] @ 57
        Min 1.38E-01 [sec] @ 160
     Flav : max Press/Den @ L,MLT; DPS-dst
        0: P =   0.00, D =9075.91 @  1.54 Rp,12.07 MLT; DPS:   0.00
        1: P =   0.13, D =   4.13 @  7.96 Rp,13.54 MLT; DPS:  -0.58
        2: P =   3.09, D =   0.43 @  3.95 Rp,22.00 MLT; DPS:  -5.18
[0m [32m<Writing HDF5 DATA @ t =    19.085 [min] >[0m 
[32m<Writing RAIJU HDF5 DATA @ t =    19.167 [min] >[0m 
 [36m
 GAMERA
      Time =    19.167 [min]
        ts =    13922
        dt =  1.01E-01 [sec]
    dt/dt0 =   84.971%
    Spent     0.0% of time waiting for Voltron
      kZCs =   3449.35 /   1251.73 [MHD/TOT] (8 threads)
[0m       CPCP =   72.013  71.111 [kV, N/S]
 [34m
 VOLTRON
      UT   = 2001-06-01 23:19:10
      tilt =    0.000 [deg]
    Sym-H  =   -5.000 [nT]
    BSDst  ~   17.830 [nT]
           dSMRs  ~     0.47   -0.15   -0.48    0.16 [nT, 12/18/00/06]
   DPSDst  ~   -4.809 [nT]
   Spent    40.8% of time waiting for Gamera
            12.0% of time processing Chimp(Helpers)
             9.6% of time processing IMAG
            14.1% of time processing Remix
            23.2% of time processing Tubes(Helpers)
             0.0% of time writing files
    Running @   83.166% of real-time (8 threads)
[0m  [35m
 RAIJU
      UT   = 2001-06-01 23:19:15
      Time =    19.250 [min]
     dtCpl =  5.00E+00 [sec]
     Max/Min dt @ k:
        Max 3.65E+01 [sec] @ 57
        Min 1.38E-01 [sec] @ 160
     Flav : max Press/Den @ L,MLT; DPS-dst
        0: P =   0.00, D =9075.91 @  1.54 Rp,12.07 MLT; DPS:   0.00
        1: P =   0.13, D =   4.12 @  7.96 Rp,13.54 MLT; DPS:  -0.58
        2: P =   3.09, D =   0.43 @  3.95 Rp,22.00 MLT; DPS:  -5.18
[0m [32m<Writing HDF5 DATA @ t =    19.167 [min] >[0m 
[32m<Writing RAIJU HDF5 DATA @ t =    19.250 [min] >[0m 
 [36m
 GAMERA
      Time =    19.250 [min]
        ts =    13971
        dt =  1.01E-01 [sec]
    dt/dt0 =   84.978%
    Spent     0.0% of time waiting for Voltron
      kZCs =   3449.18 /   1250.77 [MHD/TOT] (8 threads)
[0m       CPCP =   72.185  71.223 [kV, N/S]
 [34m
 VOLTRON
      UT   = 2001-06-01 23:19:15
      tilt =    0.000 [deg]
    Sym-H  =   -5.000 [nT]
    BSDst  ~   17.816 [nT]
           dSMRs  ~     0.48   -0.15   -0.49    0.16 [nT, 12/18/00/06]
   DPSDst  ~   -4.800 [nT]
   Spent    40.7% of time waiting for Gamera
            12.0% of time processing Chimp(Helpers)
             9.6% of time processing IMAG
            14.1% of time processing Remix
            23.2% of time processing Tubes(Helpers)
             0.0% of time writing files
    Running @   83.120% of real-time (8 threads)
[0m  [35m
 RAIJU
      UT   = 2001-06-01 23:19:20
      Time =    19.333 [min]
     dtCpl =  5.00E+00 [sec]
     Max/Min dt @ k:
        Max 3.63E+01 [sec] @ 57
        Min 1.38E-01 [sec] @ 160
     Flav : max Press/Den @ L,MLT; DPS-dst
        0: P =   0.00, D =9075.91 @  1.54 Rp,12.07 MLT; DPS:   0.00
        1: P =   0.13, D =   4.10 @  7.96 Rp,13.54 MLT; DPS:  -0.57
        2: P =   3.09, D =   0.43 @  3.95 Rp,22.00 MLT; DPS:  -5.17
[0m [32m<Writing HDF5 DATA @ t =    19.250 [min] >[0m 
[32m<Writing RAIJU HDF5 DATA @ t =    19.333 [min] >[0m 
 [36m
 GAMERA
      Time =    19.334 [min]
        ts =    14021
        dt =  1.01E-01 [sec]
    dt/dt0 =   84.983%
    Spent     0.0% of time waiting for Voltron
      kZCs =   3450.23 /   1267.41 [MHD/TOT] (8 threads)
[0m       CPCP =   72.358  71.320 [kV, N/S]
 [34m
 VOLTRON
      UT   = 2001-06-01 23:19:20
      tilt =    0.000 [deg]
    Sym-H  =   -5.000 [nT]
    BSDst  ~   17.801 [nT]
           dSMRs  ~     0.50   -0.15   -0.51    0.16 [nT, 12/18/00/06]
   DPSDst  ~   -4.798 [nT]
   Spent    40.8% of time waiting for Gamera
            12.0% of time processing Chimp(Helpers)
             9.6% of time processing IMAG
            14.1% of time processing Remix
            23.2% of time processing Tubes(Helpers)
             0.0% of time writing files
    Running @   83.193% of real-time (8 threads)
[0m  [35m
 RAIJU
      UT   = 2001-06-01 23:19:25
      Time =    19.417 [min]
     dtCpl =  5.00E+00 [sec]
     Max/Min dt @ k:
        Max 3.62E+01 [sec] @ 57
        Min 1.38E-01 [sec] @ 160
     Flav : max Press/Den @ L,MLT; DPS-dst
        0: P =   0.00, D =9075.91 @  1.54 Rp,12.07 MLT; DPS:   0.00
        1: P =   0.12, D =   4.09 @  7.96 Rp,13.54 MLT; DPS:  -0.57
        2: P =   3.09, D =   0.43 @  3.95 Rp,21.74 MLT; DPS:  -5.17
[0m [32m<Writing HDF5 DATA @ t =    19.334 [min] >[0m 
[32m<Writing RAIJU HDF5 DATA @ t =    19.417 [min] >[0m 
 [36m
 GAMERA
      Time =    19.417 [min]
        ts =    14070
        dt =  1.01E-01 [sec]
    dt/dt0 =   84.973%
    Spent     0.0% of time waiting for Voltron
      kZCs =   3451.82 /   1252.99 [MHD/TOT] (8 threads)
[0m       CPCP =   72.504  71.331 [kV, N/S]
 [34m
 VOLTRON
      UT   = 2001-06-01 23:19:25
      tilt =    0.000 [deg]
    Sym-H  =   -5.000 [nT]
    BSDst  ~   17.787 [nT]
           dSMRs  ~     0.51   -0.15   -0.52    0.16 [nT, 12/18/00/06]
   DPSDst  ~   -4.787 [nT]
   Spent    40.4% of time waiting for Gamera
            11.9% of time processing Chimp(Helpers)
             9.5% of time processing IMAG
            14.0% of time processing Remix
            23.0% of time processing Tubes(Helpers)
             0.9% of time writing files
    Running @   83.034% of real-time (8 threads)
[0m  [35m
 RAIJU
      UT   = 2001-06-01 23:19:30
      Time =    19.500 [min]
     dtCpl =  5.00E+00 [sec]
     Max/Min dt @ k:
        Max 3.61E+01 [sec] @ 57
        Min 1.38E-01 [sec] @ 160
     Flav : max Press/Den @ L,MLT; DPS-dst
        0: P =   0.00, D =9075.91 @  1.54 Rp,12.07 MLT; DPS:   0.00
        1: P =   0.12, D =   4.08 @  7.96 Rp,13.54 MLT; DPS:  -0.57
        2: P =   3.09, D =   0.43 @  3.95 Rp,21.74 MLT; DPS:  -5.16
[0m [32m<Writing HDF5 DATA @ t =    19.417 [min] >[0m 
[32m<Writing RAIJU HDF5 DATA @ t =    19.500 [min] >[0m 
 [36m
 GAMERA
      Time =    19.501 [min]
        ts =    14120
        dt =  1.01E-01 [sec]
    dt/dt0 =   84.953%
    Spent     0.0% of time waiting for Voltron
      kZCs =   3453.46 /   1268.35 [MHD/TOT] (8 threads)
[0m       CPCP =   72.581  71.314 [kV, N/S]
 [34m
 VOLTRON
      UT   = 2001-06-01 23:19:30
      tilt =    0.000 [deg]
    Sym-H  =   -5.000 [nT]
    BSDst  ~   17.773 [nT]
           dSMRs  ~     0.52   -0.15   -0.54    0.16 [nT, 12/18/00/06]
   DPSDst  ~   -4.787 [nT]
   Spent    40.5% of time waiting for Gamera
            11.9% of time processing Chimp(Helpers)
             9.6% of time processing IMAG
            14.0% of time processing Remix
            23.0% of time processing Tubes(Helpers)
             0.8% of time writing files
    Running @   83.099% of real-time (8 threads)
[0m  [35m
 RAIJU
      UT   = 2001-06-01 23:19:35
      Time =    19.583 [min]
     dtCpl =  5.00E+00 [sec]
     Max/Min dt @ k:
        Max 3.60E+01 [sec] @ 57
        Min 1.38E-01 [sec] @ 160
     Flav : max Press/Den @ L,MLT; DPS-dst
        0: P =   0.00, D =9075.91 @  1.54 Rp,12.07 MLT; DPS:   0.00
        1: P =   0.12, D =   4.07 @  7.96 Rp,13.54 MLT; DPS:  -0.57
        2: P =   3.09, D =   0.43 @  3.95 Rp,21.74 MLT; DPS:  -5.16
[0m [32m<Writing HDF5 DATA @ t =    19.501 [min] >[0m 
[32m<Writing RAIJU HDF5 DATA @ t =    19.583 [min] >[0m 
 [36m
 GAMERA
      Time =    19.584 [min]
        ts =    14169
        dt =  1.01E-01 [sec]
    dt/dt0 =   84.930%
    Spent     0.0% of time waiting for Voltron
      kZCs =   3450.00 /   1252.77 [MHD/TOT] (8 threads)
[0m       CPCP =   72.648  71.284 [kV, N/S]
 [34m
 VOLTRON
      UT   = 2001-06-01 23:19:35
      tilt =    0.000 [deg]
    Sym-H  =   -5.000 [nT]
    BSDst  ~   17.759 [nT]
           dSMRs  ~     0.54   -0.15   -0.55    0.16 [nT, 12/18/00/06]
   DPSDst  ~   -4.788 [nT]
   Spent    40.5% of time waiting for Gamera
            12.0% of time processing Chimp(Helpers)
             9.6% of time processing IMAG
            14.0% of time processing Remix
            23.1% of time processing Tubes(Helpers)
             0.7% of time writing files
    Running @   83.137% of real-time (8 threads)
[0m  [35m
 RAIJU
      UT   = 2001-06-01 23:19:40
      Time =    19.667 [min]
     dtCpl =  5.00E+00 [sec]
     Max/Min dt @ k:
        Max 3.59E+01 [sec] @ 57
        Min 1.38E-01 [sec] @ 160
     Flav : max Press/Den @ L,MLT; DPS-dst
        0: P =   0.00, D =9075.91 @  1.54 Rp,12.07 MLT; DPS:   0.00
        1: P =   0.10, D =   3.01 @  7.86 Rp,12.33 MLT; DPS:  -0.57
        2: P =   3.09, D =   0.43 @  3.95 Rp,21.74 MLT; DPS:  -5.17
[0m [32m<Writing HDF5 DATA @ t =    19.584 [min] >[0m 
[32m<Writing RAIJU HDF5 DATA @ t =    19.667 [min] >[0m 
 [36m
 GAMERA
      Time =    19.668 [min]
        ts =    14219
        dt =  1.01E-01 [sec]
    dt/dt0 =   84.911%
    Spent     0.0% of time waiting for Voltron
      kZCs =   3450.39 /   1267.02 [MHD/TOT] (8 threads)
[0m       CPCP =   72.712  71.260 [kV, N/S]
 [34m
 VOLTRON
      UT   = 2001-06-01 23:19:40
      tilt =    0.000 [deg]
    Sym-H  =   -5.000 [nT]
    BSDst  ~   17.743 [nT]
           dSMRs  ~     0.55   -0.15   -0.57    0.16 [nT, 12/18/00/06]
   DPSDst  ~   -4.786 [nT]
   Spent    40.6% of time waiting for Gamera
            12.0% of time processing Chimp(Helpers)
             9.6% of time processing IMAG
            14.0% of time processing Remix
            23.1% of time processing Tubes(Helpers)
             0.6% of time writing files
    Running @   83.175% of real-time (8 threads)
[0m  [35m
 RAIJU
      UT   = 2001-06-01 23:19:45
      Time =    19.750 [min]
     dtCpl =  5.00E+00 [sec]
     Max/Min dt @ k:
        Max 3.58E+01 [sec] @ 57
        Min 1.38E-01 [sec] @ 160
     Flav : max Press/Den @ L,MLT; DPS-dst
        0: P =   0.00, D =9075.91 @  1.54 Rp,12.07 MLT; DPS:   0.00
        1: P =   0.10, D =   3.00 @  7.86 Rp,12.33 MLT; DPS:  -0.56
        2: P =   3.09, D =   0.43 @  3.95 Rp,21.74 MLT; DPS:  -5.16
[0m [32m<Writing HDF5 DATA @ t =    19.668 [min] >[0m 
[32m<Writing RAIJU HDF5 DATA @ t =    19.750 [min] >[0m 
 [36m
 GAMERA
      Time =    19.751 [min]
        ts =    14268
        dt =  1.01E-01 [sec]
    dt/dt0 =   84.907%
    Spent     0.0% of time waiting for Voltron
      kZCs =   3451.98 /   1253.25 [MHD/TOT] (8 threads)
[0m       CPCP =   72.761  71.244 [kV, N/S]
 [34m
 VOLTRON
      UT   = 2001-06-01 23:19:45
      tilt =    0.000 [deg]
    Sym-H  =   -5.000 [nT]
    BSDst  ~   17.723 [nT]
           dSMRs  ~     0.56   -0.14   -0.58    0.16 [nT, 12/18/00/06]
   DPSDst  ~   -4.783 [nT]
   Spent    40.6% of time waiting for Gamera
            12.0% of time processing Chimp(Helpers)
             9.6% of time processing IMAG
            14.0% of time processing Remix
            23.1% of time processing Tubes(Helpers)
             0.5% of time writing files
    Running @   83.194% of real-time (8 threads)
[0m  [35m
 RAIJU
      UT   = 2001-06-01 23:19:50
      Time =    19.833 [min]
     dtCpl =  5.00E+00 [sec]
     Max/Min dt @ k:
        Max 3.57E+01 [sec] @ 57
        Min 1.38E-01 [sec] @ 160
     Flav : max Press/Den @ L,MLT; DPS-dst
        0: P =   0.00, D =9075.91 @  1.54 Rp,12.07 MLT; DPS:   0.00
        1: P =   0.10, D =   2.99 @  7.86 Rp,12.33 MLT; DPS:  -0.56
        2: P =   3.09, D =   0.43 @  3.95 Rp,21.74 MLT; DPS:  -5.16
[0m [32m<Writing HDF5 DATA @ t =    19.751 [min] >[0m 
[32m<Writing RAIJU HDF5 DATA @ t =    19.833 [min] >[0m 
 [36m
 GAMERA
      Time =    19.835 [min]
        ts =    14318
        dt =  1.01E-01 [sec]
    dt/dt0 =   84.913%
    Spent     0.0% of time waiting for Voltron
      kZCs =   3448.62 /   1269.14 [MHD/TOT] (8 threads)
[0m       CPCP =   72.775  71.203 [kV, N/S]
 [34m
 VOLTRON
      UT   = 2001-06-01 23:19:50
      tilt =    0.000 [deg]
    Sym-H  =   -5.000 [nT]
    BSDst  ~   17.702 [nT]
           dSMRs  ~     0.57   -0.14   -0.59    0.16 [nT, 12/18/00/06]
   DPSDst  ~   -4.784 [nT]
   Spent    40.7% of time waiting for Gamera
            12.0% of time processing Chimp(Helpers)
             9.6% of time processing IMAG
            14.0% of time processing Remix
            23.1% of time processing Tubes(Helpers)
             0.4% of time writing files
    Running @   83.239% of real-time (8 threads)
[0m  [35m
 RAIJU
      UT   = 2001-06-01 23:19:55
      Time =    19.917 [min]
     dtCpl =  5.00E+00 [sec]
     Max/Min dt @ k:
        Max 3.56E+01 [sec] @ 57
        Min 1.38E-01 [sec] @ 160
     Flav : max Press/Den @ L,MLT; DPS-dst
        0: P =   0.00, D =9075.91 @  1.54 Rp,12.07 MLT; DPS:   0.00
        1: P =   0.10, D =   2.98 @  7.86 Rp,12.33 MLT; DPS:  -0.56
        2: P =   3.09, D =   0.43 @  3.95 Rp,21.67 MLT; DPS:  -5.16
[0m [32m<Writing HDF5 DATA @ t =    19.835 [min] >[0m 
[32m<Writing RAIJU HDF5 DATA @ t =    19.917 [min] >[0m 
 [36m
 GAMERA
      Time =    19.918 [min]
        ts =    14367
        dt =  1.01E-01 [sec]
    dt/dt0 =   84.919%
    Spent     0.0% of time waiting for Voltron
      kZCs =   3451.82 /   1255.64 [MHD/TOT] (8 threads)
[0m       CPCP =   72.765  71.139 [kV, N/S]
 [34m
 VOLTRON
      UT   = 2001-06-01 23:19:55
      tilt =    0.000 [deg]
    Sym-H  =   -5.000 [nT]
    BSDst  ~   17.681 [nT]
           dSMRs  ~     0.58   -0.14   -0.61    0.17 [nT, 12/18/00/06]
   DPSDst  ~   -4.780 [nT]
   Spent    40.7% of time waiting for Gamera
            12.0% of time processing Chimp(Helpers)
             9.6% of time processing IMAG
            14.0% of time processing Remix
            23.1% of time processing Tubes(Helpers)
             0.3% of time writing files
    Running @   83.236% of real-time (8 threads)
[0m  [35m
 RAIJU
      UT   = 2001-06-01 23:19:59
      Time =    20.000 [min]
     dtCpl =  5.00E+00 [sec]
     Max/Min dt @ k:
        Max 3.56E+01 [sec] @ 57
        Min 1.38E-01 [sec] @ 160
     Flav : max Press/Den @ L,MLT; DPS-dst
        0: P =   0.00, D =9075.91 @  1.54 Rp,12.07 MLT; DPS:   0.00
        1: P =   0.10, D =   2.98 @  7.86 Rp,12.33 MLT; DPS:  -0.56
        2: P =   3.09, D =   0.43 @  3.95 Rp,21.67 MLT; DPS:  -5.16
[0m [32m<Writing HDF5 DATA @ t =    19.918 [min] >[0m 
[32m<Writing RAIJU HDF5 DATA @ t =    20.000 [min] >[0m 
 [36m
 GAMERA
      Time =    20.000 [min]
        ts =    14416
        dt =  1.01E-01 [sec]
    dt/dt0 =   84.927%
    Spent     0.0% of time waiting for Voltron
      kZCs =   3452.48 /   1256.67 [MHD/TOT] (8 threads)
[0m       CPCP =   72.719  71.089 [kV, N/S]
 [34m
 VOLTRON
      UT   = 2001-06-01 23:20:00
      tilt =    0.000 [deg]
    Sym-H  =   -5.000 [nT]
    BSDst  ~   17.660 [nT]
           dSMRs  ~     0.59   -0.14   -0.62    0.17 [nT, 12/18/00/06]
   DPSDst  ~   -4.780 [nT]
   Spent    40.7% of time waiting for Gamera
            12.0% of time processing Chimp(Helpers)
             9.6% of time processing IMAG
            14.0% of time processing Remix
            23.1% of time processing Tubes(Helpers)
             0.3% of time writing files
    Running @   83.262% of real-time (8 threads)
[0m  [35m
 RAIJU
      UT   = 2001-06-01 23:20:05
      Time =    20.083 [min]
     dtCpl =  5.00E+00 [sec]
     Max/Min dt @ k:
        Max 3.56E+01 [sec] @ 57
        Min 1.38E-01 [sec] @ 160
     Flav : max Press/Den @ L,MLT; DPS-dst
        0: P =   0.00, D =9075.91 @  1.54 Rp,12.07 MLT; DPS:   0.00
        1: P =   0.10, D =   2.97 @  7.85 Rp,12.33 MLT; DPS:  -0.56
        2: P =   3.09, D =   0.43 @  3.95 Rp,21.67 MLT; DPS:  -5.16
[0m [32m<Writing HDF5 DATA @ t =    20.000 [min] >[0m 
[32m<Writing RAIJU HDF5 DATA @ t =    20.083 [min] >[0m 
 [36m
 GAMERA
      Time =    20.084 [min]
        ts =    14466
        dt =  1.01E-01 [sec]
    dt/dt0 =   84.933%
    Spent     0.0% of time waiting for Voltron
      kZCs =   3452.49 /   1272.31 [MHD/TOT] (8 threads)
[0m       CPCP =   72.680  71.063 [kV, N/S]
 [34m
 VOLTRON
      UT   = 2001-06-01 23:20:05
      tilt =    0.000 [deg]
    Sym-H  =   -5.000 [nT]
    BSDst  ~   17.641 [nT]
           dSMRs  ~     0.60   -0.14   -0.63    0.17 [nT, 12/18/00/06]
   DPSDst  ~   -4.793 [nT]
   Spent    40.8% of time waiting for Gamera
            12.0% of time processing Chimp(Helpers)
             9.6% of time processing IMAG
            14.0% of time processing Remix
            23.1% of time processing Tubes(Helpers)
             0.2% of time writing files
    Running @   83.336% of real-time (8 threads)
[0m  [35m
 RAIJU
      UT   = 2001-06-01 23:20:10
      Time =    20.167 [min]
     dtCpl =  5.00E+00 [sec]
     Max/Min dt @ k:
        Max 3.56E+01 [sec] @ 57
        Min 1.38E-01 [sec] @ 160
     Flav : max Press/Den @ L,MLT; DPS-dst
        0: P =   0.00, D =9075.91 @  1.54 Rp,12.07 MLT; DPS:   0.00
        1: P =   0.10, D =   2.96 @  7.86 Rp,12.33 MLT; DPS:  -0.56
        2: P =   3.09, D =   0.43 @  3.95 Rp,21.67 MLT; DPS:  -5.17
[0m [32m<Writing HDF5 DATA @ t =    20.084 [min] >[0m 
[32m<Writing RAIJU HDF5 DATA @ t =    20.167 [min] >[0m 
 [36m
 GAMERA
      Time =    20.167 [min]
        ts =    14515
        dt =  1.01E-01 [sec]
    dt/dt0 =   84.939%
    Spent     0.0% of time waiting for Voltron
      kZCs =   3451.16 /   1257.11 [MHD/TOT] (8 threads)
[0m       CPCP =   72.640  71.026 [kV, N/S]
 [34m
 VOLTRON
      UT   = 2001-06-01 23:20:10
      tilt =    0.000 [deg]
    Sym-H  =   -5.000 [nT]
    BSDst  ~   17.626 [nT]
           dSMRs  ~     0.61   -0.14   -0.64    0.17 [nT, 12/18/00/06]
   DPSDst  ~   -4.793 [nT]
   Spent    40.8% of time waiting for Gamera
            12.0% of time processing Chimp(Helpers)
             9.7% of time processing IMAG
            14.0% of time processing Remix
            23.1% of time processing Tubes(Helpers)
             0.2% of time writing files
    Running @   83.330% of real-time (8 threads)
[0m  [35m
 RAIJU
      UT   = 2001-06-01 23:20:15
      Time =    20.250 [min]
     dtCpl =  5.00E+00 [sec]
     Max/Min dt @ k:
        Max 3.56E+01 [sec] @ 57
        Min 1.38E-01 [sec] @ 160
     Flav : max Press/Den @ L,MLT; DPS-dst
        0: P =   0.00, D =9075.91 @  1.54 Rp,12.07 MLT; DPS:   0.00
        1: P =   0.10, D =   2.95 @  7.85 Rp,12.33 MLT; DPS:  -0.56
        2: P =   3.09, D =   0.43 @  3.95 Rp,21.67 MLT; DPS:  -5.17
[0m [32m<Writing HDF5 DATA @ t =    20.167 [min] >[0m 
[32m<Writing RAIJU HDF5 DATA @ t =    20.250 [min] >[0m 
 [36m
 GAMERA
      Time =    20.251 [min]
        ts =    14565
        dt =  1.01E-01 [sec]
    dt/dt0 =   84.946%
    Spent     0.0% of time waiting for Voltron
      kZCs =   3450.07 /   1272.27 [MHD/TOT] (8 threads)
[0m       CPCP =   72.585  70.956 [kV, N/S]
 [34m
 VOLTRON
      UT   = 2001-06-01 23:20:15
      tilt =    0.000 [deg]
    Sym-H  =   -5.000 [nT]
    BSDst  ~   17.613 [nT]
           dSMRs  ~     0.62   -0.14   -0.65    0.17 [nT, 12/18/00/06]
   DPSDst  ~   -4.792 [nT]
   Spent    40.8% of time waiting for Gamera
            12.0% of time processing Chimp(Helpers)
             9.6% of time processing IMAG
            14.0% of time processing Remix
            23.0% of time processing Tubes(Helpers)
             0.3% of time writing files
    Running @   83.382% of real-time (8 threads)
[0m  [35m
 RAIJU
      UT   = 2001-06-01 23:20:20
      Time =    20.333 [min]
     dtCpl =  5.00E+00 [sec]
     Max/Min dt @ k:
        Max 3.57E+01 [sec] @ 57
        Min 1.38E-01 [sec] @ 160
     Flav : max Press/Den @ L,MLT; DPS-dst
        0: P =   0.00, D =9075.91 @  1.54 Rp,12.07 MLT; DPS:   0.00
        1: P =   0.10, D =   2.94 @  7.85 Rp,12.33 MLT; DPS:  -0.56
        2: P =   3.09, D =   0.43 @  3.95 Rp,21.67 MLT; DPS:  -5.17
[0m [32m<Writing HDF5 DATA @ t =    20.251 [min] >[0m 
[32m<Writing RAIJU HDF5 DATA @ t =    20.333 [min] >[0m 
 [36m
 GAMERA
      Time =    20.334 [min]
        ts =    14614
        dt =  1.01E-01 [sec]
    dt/dt0 =   84.954%
    Spent     0.0% of time waiting for Voltron
      kZCs =   3450.66 /   1258.77 [MHD/TOT] (8 threads)
[0m       CPCP =   72.567  70.872 [kV, N/S]
 [34m
 VOLTRON
      UT   = 2001-06-01 23:20:20
      tilt =    0.000 [deg]
    Sym-H  =   -5.000 [nT]
    BSDst  ~   17.602 [nT]
           dSMRs  ~     0.64   -0.14   -0.67    0.17 [nT, 12/18/00/06]
   DPSDst  ~   -4.788 [nT]
   Spent    40.8% of time waiting for Gamera
            12.0% of time processing Chimp(Helpers)
             9.6% of time processing IMAG
            14.0% of time processing Remix
            23.1% of time processing Tubes(Helpers)
             0.2% of time writing files
    Running @   83.407% of real-time (8 threads)
[0m  [35m
 RAIJU
      UT   = 2001-06-01 23:20:25
      Time =    20.417 [min]
     dtCpl =  5.00E+00 [sec]
     Max/Min dt @ k:
        Max 3.58E+01 [sec] @ 57
        Min 1.38E-01 [sec] @ 160
     Flav : max Press/Den @ L,MLT; DPS-dst
        0: P =   0.00, D =9075.91 @  1.54 Rp,12.07 MLT; DPS:   0.00
        1: P =   0.10, D =   2.94 @  7.85 Rp,12.33 MLT; DPS:  -0.55
        2: P =   3.09, D =   0.43 @  3.95 Rp,21.67 MLT; DPS:  -5.17
[0m [32m<Writing HDF5 DATA @ t =    20.334 [min] >[0m 
[32m<Writing RAIJU HDF5 DATA @ t =    20.417 [min] >[0m 
 [36m
 GAMERA
      Time =    20.418 [min]
        ts =    14664
        dt =  1.01E-01 [sec]
    dt/dt0 =   84.961%
    Spent     0.0% of time waiting for Voltron
      kZCs =   3448.78 /   1273.06 [MHD/TOT] (8 threads)
[0m       CPCP =   72.555  70.809 [kV, N/S]
 [34m
 VOLTRON
      UT   = 2001-06-01 23:20:25
      tilt =    0.000 [deg]
    Sym-H  =   -5.000 [nT]
    BSDst  ~   17.592 [nT]
           dSMRs  ~     0.65   -0.13   -0.69    0.17 [nT, 12/18/00/06]
   DPSDst  ~   -4.786 [nT]
   Spent    40.9% of time waiting for Gamera
            12.0% of time processing Chimp(Helpers)
             9.7% of time processing IMAG
            14.0% of time processing Remix
            23.0% of time processing Tubes(Helpers)
             0.2% of time writing files
    Running @   83.446% of real-time (8 threads)
[0m  [35m
 RAIJU
      UT   = 2001-06-01 23:20:30
      Time =    20.500 [min]
     dtCpl =  5.00E+00 [sec]
     Max/Min dt @ k:
        Max 3.60E+01 [sec] @ 57
        Min 1.38E-01 [sec] @ 160
     Flav : max Press/Den @ L,MLT; DPS-dst
        0: P =   0.00, D =9075.91 @  1.54 Rp,12.07 MLT; DPS:   0.00
        1: P =   0.10, D =   2.93 @  7.85 Rp,12.33 MLT; DPS:  -0.55
        2: P =   3.09, D =   0.43 @  3.95 Rp,21.54 MLT; DPS:  -5.17
[0m [32m<Writing HDF5 DATA @ t =    20.418 [min] >[0m 
[32m<Writing RAIJU HDF5 DATA @ t =    20.500 [min] >[0m 
 [36m
 GAMERA
      Time =    20.501 [min]
        ts =    14713
        dt =  1.01E-01 [sec]
    dt/dt0 =   84.970%
    Spent     0.0% of time waiting for Voltron
      kZCs =   3450.33 /   1259.30 [MHD/TOT] (8 threads)
[0m       CPCP =   72.524  70.763 [kV, N/S]
 [34m
 VOLTRON
      UT   = 2001-06-01 23:20:30
      tilt =    0.000 [deg]
    Sym-H  =   -5.000 [nT]
    BSDst  ~   17.582 [nT]
           dSMRs  ~     0.66   -0.13   -0.70    0.17 [nT, 12/18/00/06]
   DPSDst  ~   -4.768 [nT]
   Spent    40.9% of time waiting for Gamera
            12.0% of time processing Chimp(Helpers)
             9.7% of time processing IMAG
            14.0% of time processing Remix
            23.0% of time processing Tubes(Helpers)
             0.2% of time writing files
    Running @   83.479% of real-time (8 threads)
[0m  [35m
 RAIJU
      UT   = 2001-06-01 23:20:35
      Time =    20.583 [min]
     dtCpl =  5.00E+00 [sec]
     Max/Min dt @ k:
        Max 3.61E+01 [sec] @ 57
        Min 1.38E-01 [sec] @ 160
     Flav : max Press/Den @ L,MLT; DPS-dst
        0: P =   0.00, D =9075.91 @  1.54 Rp,12.07 MLT; DPS:   0.00
        1: P =   0.10, D =   2.92 @  7.85 Rp,12.33 MLT; DPS:  -0.55
        2: P =   3.09, D =   0.43 @  3.95 Rp,21.54 MLT; DPS:  -5.15
[0m [32m<Writing HDF5 DATA @ t =    20.501 [min] >[0m 
[32m<Writing RAIJU HDF5 DATA @ t =    20.583 [min] >[0m 
 [36m
 GAMERA
      Time =    20.583 [min]
        ts =    14762
        dt =  1.01E-01 [sec]
    dt/dt0 =   84.980%
    Spent     0.0% of time waiting for Voltron
      kZCs =   3453.30 /   1259.76 [MHD/TOT] (8 threads)
[0m       CPCP =   72.469  70.686 [kV, N/S]
 [34m
 VOLTRON
      UT   = 2001-06-01 23:20:35
      tilt =    0.000 [deg]
    Sym-H  =   -5.000 [nT]
    BSDst  ~   17.571 [nT]
           dSMRs  ~     0.67   -0.13   -0.71    0.17 [nT, 12/18/00/06]
   DPSDst  ~   -4.767 [nT]
   Spent    40.9% of time waiting for Gamera
            12.0% of time processing Chimp(Helpers)
             9.7% of time processing IMAG
            14.0% of time processing Remix
            23.0% of time processing Tubes(Helpers)
             0.2% of time writing files
    Running @   83.512% of real-time (8 threads)
[0m  [35m
 RAIJU
      UT   = 2001-06-01 23:20:40
      Time =    20.667 [min]
     dtCpl =  5.00E+00 [sec]
     Max/Min dt @ k:
        Max 3.60E+01 [sec] @ 57
        Min 1.38E-01 [sec] @ 160
     Flav : max Press/Den @ L,MLT; DPS-dst
        0: P =   0.00, D =9075.91 @  1.54 Rp,12.07 MLT; DPS:   0.00
        1: P =   0.10, D =   2.91 @  7.85 Rp,12.33 MLT; DPS:  -0.55
        2: P =   3.09, D =   0.43 @  3.95 Rp,21.54 MLT; DPS:  -5.15
[0m [32m<Writing HDF5 DATA @ t =    20.583 [min] >[0m 
[32m<Writing RAIJU HDF5 DATA @ t =    20.667 [min] >[0m 
 [36m
 GAMERA
      Time =    20.668 [min]
        ts =    14812
        dt =  1.01E-01 [sec]
    dt/dt0 =   84.989%
    Spent     0.0% of time waiting for Voltron
      kZCs =   3449.42 /   1276.76 [MHD/TOT] (8 threads)
[0m       CPCP =   72.366  70.575 [kV, N/S]
 [34m
 VOLTRON
      UT   = 2001-06-01 23:20:40
      tilt =    0.000 [deg]
    Sym-H  =   -5.000 [nT]
    BSDst  ~   17.556 [nT]
           dSMRs  ~     0.68   -0.13   -0.72    0.17 [nT, 12/18/00/06]
   DPSDst  ~   -4.759 [nT]
   Spent    41.0% of time waiting for Gamera
            12.0% of time processing Chimp(Helpers)
             9.7% of time processing IMAG
            14.0% of time processing Remix
            23.0% of time processing Tubes(Helpers)
             0.1% of time writing files
    Running @   83.584% of real-time (8 threads)
[0m  [35m
 RAIJU
      UT   = 2001-06-01 23:20:45
      Time =    20.750 [min]
     dtCpl =  5.00E+00 [sec]
     Max/Min dt @ k:
        Max 3.60E+01 [sec] @ 57
        Min 1.38E-01 [sec] @ 160
     Flav : max Press/Den @ L,MLT; DPS-dst
        0: P =   0.00, D =9075.91 @  1.54 Rp,12.07 MLT; DPS:   0.00
        1: P =   0.10, D =   2.90 @  7.85 Rp,12.33 MLT; DPS:  -0.54
        2: P =   3.09, D =   0.43 @  3.95 Rp,21.54 MLT; DPS:  -5.14
[0m [32m<Writing HDF5 DATA @ t =    20.668 [min] >[0m 
[32m<Writing RAIJU HDF5 DATA @ t =    20.750 [min] >[0m 
 [36m
 GAMERA
      Time =    20.750 [min]
        ts =    14861
        dt =  1.01E-01 [sec]
    dt/dt0 =   84.995%
    Spent     0.0% of time waiting for Voltron
      kZCs =   3451.49 /   1261.87 [MHD/TOT] (8 threads)
[0m       CPCP =   72.205  70.444 [kV, N/S]
 [34m
 VOLTRON
      UT   = 2001-06-01 23:20:45
      tilt =    0.000 [deg]
    Sym-H  =   -5.000 [nT]
    BSDst  ~   17.538 [nT]
           dSMRs  ~     0.68   -0.13   -0.72    0.17 [nT, 12/18/00/06]
   DPSDst  ~   -4.755 [nT]
   Spent    40.9% of time waiting for Gamera
            12.0% of time processing Chimp(Helpers)
             9.7% of time processing IMAG
            14.0% of time processing Remix
            23.0% of time processing Tubes(Helpers)
             0.1% of time writing files
    Running @   83.599% of real-time (8 threads)
[0m  [35m
 RAIJU
      UT   = 2001-06-01 23:20:50
      Time =    20.833 [min]
     dtCpl =  5.00E+00 [sec]
     Max/Min dt @ k:
        Max 3.61E+01 [sec] @ 57
        Min 1.38E-01 [sec] @ 160
     Flav : max Press/Den @ L,MLT; DPS-dst
        0: P =   0.00, D =9075.91 @  1.54 Rp,12.07 MLT; DPS:   0.00
        1: P =   0.10, D =   2.89 @  7.85 Rp,12.33 MLT; DPS:  -0.54
        2: P =   3.09, D =   0.43 @  3.95 Rp,21.54 MLT; DPS:  -5.14
[0m [32m<Writing HDF5 DATA @ t =    20.750 [min] >[0m 
[32m<Writing RAIJU HDF5 DATA @ t =    20.833 [min] >[0m 
 [36m
 GAMERA
      Time =    20.835 [min]
        ts =    14911
        dt =  1.01E-01 [sec]
    dt/dt0 =   85.004%
    Spent     0.0% of time waiting for Voltron
      kZCs =   3452.82 /   1278.05 [MHD/TOT] (8 threads)
[0m       CPCP =   72.028  70.322 [kV, N/S]
 [34m
 VOLTRON
      UT   = 2001-06-01 23:20:50
      tilt =    0.000 [deg]
    Sym-H  =   -5.000 [nT]
    BSDst  ~   17.518 [nT]
           dSMRs  ~     0.69   -0.13   -0.73    0.17 [nT, 12/18/00/06]
   DPSDst  ~   -4.744 [nT]
   Spent    41.0% of time waiting for Gamera
            12.0% of time processing Chimp(Helpers)
             9.7% of time processing IMAG
            14.0% of time processing Remix
            23.0% of time processing Tubes(Helpers)
             0.1% of time writing files
    Running @   83.664% of real-time (8 threads)
[0m  [35m
 RAIJU
      UT   = 2001-06-01 23:20:55
      Time =    20.917 [min]
     dtCpl =  5.00E+00 [sec]
     Max/Min dt @ k:
        Max 3.61E+01 [sec] @ 57
        Min 1.38E-01 [sec] @ 160
     Flav : max Press/Den @ L,MLT; DPS-dst
        0: P =   0.00, D =9075.91 @  1.54 Rp,12.07 MLT; DPS:   0.00
        1: P =   0.10, D =   2.89 @  7.85 Rp,12.34 MLT; DPS:  -0.54
        2: P =   3.09, D =   0.43 @  3.95 Rp,21.54 MLT; DPS:  -5.13
[0m [32m<Writing HDF5 DATA @ t =    20.835 [min] >[0m 
[32m<Writing RAIJU HDF5 DATA @ t =    20.917 [min] >[0m 
 [36m
 GAMERA
      Time =    20.917 [min]
        ts =    14960
        dt =  1.01E-01 [sec]
    dt/dt0 =   85.016%
    Spent     0.0% of time waiting for Voltron
      kZCs =   3452.15 /   1257.68 [MHD/TOT] (8 threads)
[0m       CPCP =   71.884  70.192 [kV, N/S]
 [34m
 VOLTRON
      UT   = 2001-06-01 23:20:55
      tilt =    0.000 [deg]
    Sym-H  =   -5.000 [nT]
    BSDst  ~   17.499 [nT]
           dSMRs  ~     0.69   -0.13   -0.74    0.17 [nT, 12/18/00/06]
   DPSDst  ~   -4.744 [nT]
   Spent    41.0% of time waiting for Gamera
            12.0% of time processing Chimp(Helpers)
             9.7% of time processing IMAG
            14.0% of time processing Remix
            23.0% of time processing Tubes(Helpers)
             0.1% of time writing files
    Running @   83.666% of real-time (8 threads)
[0m  [35m
 RAIJU
      UT   = 2001-06-01 23:20:59
      Time =    21.000 [min]
     dtCpl =  5.00E+00 [sec]
     Max/Min dt @ k:
        Max 3.61E+01 [sec] @ 57
        Min 1.38E-01 [sec] @ 160
     Flav : max Press/Den @ L,MLT; DPS-dst
        0: P =   0.00, D =9075.91 @  1.54 Rp,12.07 MLT; DPS:   0.00
        1: P =   0.10, D =   2.88 @  7.85 Rp,12.34 MLT; DPS:  -0.54
        2: P =   3.09, D =   0.43 @  3.95 Rp,21.54 MLT; DPS:  -5.13
[0m [32m<Writing HDF5 DATA @ t =    20.917 [min] >[0m 
[32m<Writing RAIJU HDF5 DATA @ t =    21.000 [min] >[0m 
 [36m
 GAMERA
      Time =    21.000 [min]
        ts =    15009
        dt =  1.01E-01 [sec]
    dt/dt0 =   85.030%
    Spent     0.0% of time waiting for Voltron
      kZCs =   3449.18 /   1261.69 [MHD/TOT] (8 threads)
[0m       CPCP =   71.786  70.015 [kV, N/S]
 [34m
 VOLTRON
      UT   = 2001-06-01 23:21:00
      tilt =    0.000 [deg]
    Sym-H  =   -5.000 [nT]
    BSDst  ~   17.482 [nT]
           dSMRs  ~     0.70   -0.13   -0.74    0.17 [nT, 12/18/00/06]
   DPSDst  ~   -4.744 [nT]
   Spent    41.0% of time waiting for Gamera
            12.0% of time processing Chimp(Helpers)
             9.7% of time processing IMAG
            14.0% of time processing Remix
            23.0% of time processing Tubes(Helpers)
             0.1% of time writing files
    Running @   83.677% of real-time (8 threads)
[0m  [35m
 RAIJU
      UT   = 2001-06-01 23:21:05
      Time =    21.083 [min]
     dtCpl =  5.00E+00 [sec]
     Max/Min dt @ k:
        Max 3.61E+01 [sec] @ 57
        Min 1.38E-01 [sec] @ 160
     Flav : max Press/Den @ L,MLT; DPS-dst
        0: P =   0.00, D =9075.91 @  1.54 Rp,12.07 MLT; DPS:   0.00
        1: P =   0.10, D =   2.87 @  7.85 Rp,12.34 MLT; DPS:  -0.54
        2: P =   3.09, D =   0.43 @  3.95 Rp,21.54 MLT; DPS:  -5.14
[0m [32m<Writing HDF5 DATA @ t =    21.000 [min] >[0m 
[32m<Writing RAIJU HDF5 DATA @ t =    21.083 [min] >[0m 
 [36m
 GAMERA
      Time =    21.084 [min]
        ts =    15059
        dt =  1.01E-01 [sec]
    dt/dt0 =   85.046%
    Spent     0.0% of time waiting for Voltron
      kZCs =   3449.10 /   1276.50 [MHD/TOT] (8 threads)
[0m       CPCP =   71.714  69.828 [kV, N/S]
 [34m
 VOLTRON
      UT   = 2001-06-01 23:21:05
      tilt =    0.000 [deg]
    Sym-H  =   -5.000 [nT]
    BSDst  ~   17.468 [nT]
           dSMRs  ~     0.71   -0.13   -0.76    0.17 [nT, 12/18/00/06]
   DPSDst  ~   -4.749 [nT]
   Spent    41.0% of time waiting for Gamera
            12.0% of time processing Chimp(Helpers)
             9.7% of time processing IMAG
            14.0% of time processing Remix
            22.9% of time processing Tubes(Helpers)
             0.1% of time writing files
    Running @   83.742% of real-time (8 threads)
[0m  [35m
 RAIJU
      UT   = 2001-06-01 23:21:10
      Time =    21.167 [min]
     dtCpl =  5.00E+00 [sec]
     Max/Min dt @ k:
        Max 3.61E+01 [sec] @ 57
        Min 1.38E-01 [sec] @ 160
     Flav : max Press/Den @ L,MLT; DPS-dst
        0: P =   0.00, D =9075.91 @  1.54 Rp,12.07 MLT; DPS:   0.00
        1: P =   0.10, D =   2.86 @  7.85 Rp,12.34 MLT; DPS:  -0.54
        2: P =   3.09, D =   0.43 @  3.95 Rp,21.54 MLT; DPS:  -5.14
[0m [32m<Writing HDF5 DATA @ t =    21.084 [min] >[0m 
[32m<Writing RAIJU HDF5 DATA @ t =    21.167 [min] >[0m 
 [36m
 GAMERA
      Time =    21.167 [min]
        ts =    15108
        dt =  1.01E-01 [sec]
    dt/dt0 =   85.063%
    Spent     0.0% of time waiting for Voltron
      kZCs =   3451.98 /   1262.51 [MHD/TOT] (8 threads)
[0m       CPCP =   71.683  69.658 [kV, N/S]
 [34m
 VOLTRON
      UT   = 2001-06-01 23:21:10
      tilt =    0.000 [deg]
    Sym-H  =   -5.000 [nT]
    BSDst  ~   17.458 [nT]
           dSMRs  ~     0.72   -0.13   -0.77    0.17 [nT, 12/18/00/06]
   DPSDst  ~   -4.748 [nT]
   Spent    41.0% of time waiting for Gamera
            12.0% of time processing Chimp(Helpers)
             9.7% of time processing IMAG
            14.0% of time processing Remix
            22.9% of time processing Tubes(Helpers)
             0.1% of time writing files
    Running @   83.784% of real-time (8 threads)
[0m  [35m
 RAIJU
      UT   = 2001-06-01 23:21:15
      Time =    21.250 [min]
     dtCpl =  5.00E+00 [sec]
     Max/Min dt @ k:
        Max 3.61E+01 [sec] @ 57
        Min 1.38E-01 [sec] @ 160
     Flav : max Press/Den @ L,MLT; DPS-dst
        0: P =   0.00, D =9075.91 @  1.54 Rp,12.07 MLT; DPS:   0.00
        1: P =   0.10, D =   2.85 @  7.85 Rp,12.34 MLT; DPS:  -0.53
        2: P =   3.09, D =   0.43 @  3.95 Rp,21.54 MLT; DPS:  -5.14
[0m [32m<Writing HDF5 DATA @ t =    21.167 [min] >[0m 
[32m<Writing RAIJU HDF5 DATA @ t =    21.250 [min] >[0m 
 [36m
 GAMERA
      Time =    21.251 [min]
        ts =    15158
        dt =  1.01E-01 [sec]
    dt/dt0 =   85.080%
    Spent     0.0% of time waiting for Voltron
      kZCs =   3451.52 /   1276.94 [MHD/TOT] (8 threads)
[0m       CPCP =   71.673  69.483 [kV, N/S]
 [34m
 VOLTRON
      UT   = 2001-06-01 23:21:15
      tilt =    0.000 [deg]
    Sym-H  =   -5.000 [nT]
    BSDst  ~   17.452 [nT]
           dSMRs  ~     0.73   -0.13   -0.78    0.17 [nT, 12/18/00/06]
   DPSDst  ~   -4.745 [nT]
   Spent    41.1% of time waiting for Gamera
            12.0% of time processing Chimp(Helpers)
             9.7% of time processing IMAG
            14.0% of time processing Remix
            22.9% of time processing Tubes(Helpers)
             0.0% of time writing files
    Running @   83.839% of real-time (8 threads)
[0m  [35m
 RAIJU
      UT   = 2001-06-01 23:21:20
      Time =    21.333 [min]
     dtCpl =  5.00E+00 [sec]
     Max/Min dt @ k:
        Max 3.61E+01 [sec] @ 57
        Min 1.38E-01 [sec] @ 160
     Flav : max Press/Den @ L,MLT; DPS-dst
        0: P =   0.00, D =9075.91 @  1.54 Rp,12.07 MLT; DPS:   0.00
        1: P =   0.10, D =   2.85 @  7.84 Rp,12.34 MLT; DPS:  -0.53
        2: P =   3.09, D =   0.43 @  3.95 Rp,21.54 MLT; DPS:  -5.14
[0m [32m<Writing HDF5 DATA @ t =    21.251 [min] >[0m 
[32m<Writing RAIJU HDF5 DATA @ t =    21.333 [min] >[0m 
 [36m
 GAMERA
      Time =    21.334 [min]
        ts =    15207
        dt =  1.01E-01 [sec]
    dt/dt0 =   85.095%
    Spent     0.0% of time waiting for Voltron
      kZCs =   3452.97 /   1263.68 [MHD/TOT] (8 threads)
[0m       CPCP =   71.652  69.348 [kV, N/S]
 [34m
 VOLTRON
      UT   = 2001-06-01 23:21:20
      tilt =    0.000 [deg]
    Sym-H  =   -5.000 [nT]
    BSDst  ~   17.450 [nT]
           dSMRs  ~     0.74   -0.13   -0.78    0.17 [nT, 12/18/00/06]
   DPSDst  ~   -4.748 [nT]
   Spent    41.1% of time waiting for Gamera
            12.0% of time processing Chimp(Helpers)
             9.7% of time processing IMAG
            14.0% of time processing Remix
            22.9% of time processing Tubes(Helpers)
             0.0% of time writing files
    Running @   83.879% of real-time (8 threads)
[0m  [35m
 RAIJU
      UT   = 2001-06-01 23:21:25
      Time =    21.417 [min]
     dtCpl =  5.00E+00 [sec]
     Max/Min dt @ k:
        Max 3.62E+01 [sec] @ 57
        Min 1.38E-01 [sec] @ 160
     Flav : max Press/Den @ L,MLT; DPS-dst
        0: P =   0.00, D =9075.91 @  1.54 Rp,12.07 MLT; DPS:   0.00
        1: P =   0.10, D =   2.84 @  7.84 Rp,12.34 MLT; DPS:  -0.53
        2: P =   3.09, D =   0.43 @  3.99 Rp,21.43 MLT; DPS:  -5.14
[0m [32m<Writing HDF5 DATA @ t =    21.334 [min] >[0m 
[32m<Writing RAIJU HDF5 DATA @ t =    21.417 [min] >[0m 
 [36m
 GAMERA
      Time =    21.417 [min]
        ts =    15256
        dt =  1.01E-01 [sec]
    dt/dt0 =   85.109%
    Spent     0.0% of time waiting for Voltron
      kZCs =   3450.50 /   1263.77 [MHD/TOT] (8 threads)
[0m       CPCP =   71.645  69.251 [kV, N/S]
 [34m
 VOLTRON
      UT   = 2001-06-01 23:21:25
      tilt =    0.000 [deg]
    Sym-H  =   -5.000 [nT]
    BSDst  ~   17.450 [nT]
           dSMRs  ~     0.75   -0.13   -0.79    0.17 [nT, 12/18/00/06]
   DPSDst  ~   -4.737 [nT]
   Spent    41.0% of time waiting for Gamera
            12.0% of time processing Chimp(Helpers)
             9.8% of time processing IMAG
            14.0% of time processing Remix
            22.9% of time processing Tubes(Helpers)
             0.0% of time writing files
    Running @   83.918% of real-time (8 threads)
[0m  [35m
 RAIJU
      UT   = 2001-06-01 23:21:30
      Time =    21.500 [min]
     dtCpl =  5.00E+00 [sec]
     Max/Min dt @ k:
        Max 3.62E+01 [sec] @ 57
        Min 1.38E-01 [sec] @ 160
     Flav : max Press/Den @ L,MLT; DPS-dst
        0: P =   0.00, D =9075.91 @  1.54 Rp,12.07 MLT; DPS:   0.00
        1: P =   0.10, D =   2.83 @  7.84 Rp,12.34 MLT; DPS:  -0.53
        2: P =   3.09, D =   0.43 @  3.95 Rp,21.40 MLT; DPS:  -5.13
[0m [32m<Writing HDF5 DATA @ t =    21.417 [min] >[0m 
[32m<Writing RAIJU HDF5 DATA @ t =    21.500 [min] >[0m 
 [36m
 GAMERA
      Time =    21.501 [min]
        ts =    15306
        dt =  1.01E-01 [sec]
    dt/dt0 =   85.122%
    Spent     0.0% of time waiting for Voltron
      kZCs =   3449.75 /   1279.31 [MHD/TOT] (8 threads)
[0m       CPCP =   71.622  69.164 [kV, N/S]
 [34m
 VOLTRON
      UT   = 2001-06-01 23:21:30
      tilt =    0.000 [deg]
    Sym-H  =   -5.000 [nT]
    BSDst  ~   17.456 [nT]
           dSMRs  ~     0.75   -0.13   -0.80    0.17 [nT, 12/18/00/06]
   DPSDst  ~   -4.733 [nT]
   Spent    41.1% of time waiting for Gamera
            12.0% of time processing Chimp(Helpers)
             9.7% of time processing IMAG
            13.9% of time processing Remix
            22.9% of time processing Tubes(Helpers)
             0.0% of time writing files
    Running @   83.952% of real-time (8 threads)
[0m  [35m
 RAIJU
      UT   = 2001-06-01 23:21:35
      Time =    21.583 [min]
     dtCpl =  5.00E+00 [sec]
     Max/Min dt @ k:
        Max 3.61E+01 [sec] @ 57
        Min 1.38E-01 [sec] @ 160
     Flav : max Press/Den @ L,MLT; DPS-dst
        0: P =   0.00, D =9075.91 @  1.54 Rp,12.07 MLT; DPS:   0.00
        1: P =   0.10, D =   0.24 @  6.76 Rp,20.24 MLT; DPS:  -0.53
        2: P =   3.09, D =   0.43 @  3.95 Rp,21.40 MLT; DPS:  -5.13
[0m [32m<Writing HDF5 DATA @ t =    21.501 [min] >[0m 
[32m<Writing RAIJU HDF5 DATA @ t =    21.583 [min] >[0m 
 [36m
 GAMERA
      Time =    21.584 [min]
        ts =    15355
        dt =  1.01E-01 [sec]
    dt/dt0 =   85.132%
    Spent     0.0% of time waiting for Voltron
      kZCs =   3451.32 /   1260.86 [MHD/TOT] (8 threads)
[0m       CPCP =   71.577  69.111 [kV, N/S]
 [34m
 VOLTRON
      UT   = 2001-06-01 23:21:35
      tilt =    0.000 [deg]
    Sym-H  =   -5.000 [nT]
    BSDst  ~   17.463 [nT]
           dSMRs  ~     0.76   -0.13   -0.80    0.18 [nT, 12/18/00/06]
   DPSDst  ~   -4.731 [nT]
   Spent    41.1% of time waiting for Gamera
            12.0% of time processing Chimp(Helpers)
             9.7% of time processing IMAG
            14.0% of time processing Remix
            22.9% of time processing Tubes(Helpers)
             0.0% of time writing files
    Running @   83.981% of real-time (8 threads)
[0m  [35m
 RAIJU
      UT   = 2001-06-01 23:21:40
      Time =    21.667 [min]
     dtCpl =  5.00E+00 [sec]
     Max/Min dt @ k:
        Max 3.61E+01 [sec] @ 57
        Min 1.38E-01 [sec] @ 160
     Flav : max Press/Den @ L,MLT; DPS-dst
        0: P =   0.00, D =9075.91 @  1.54 Rp,12.07 MLT; DPS:   0.00
        1: P =   0.10, D =   0.24 @  6.76 Rp,20.24 MLT; DPS:  -0.53
        2: P =   3.09, D =   0.43 @  3.95 Rp,21.40 MLT; DPS:  -5.13
[0m [32m<Writing HDF5 DATA @ t =    21.584 [min] >[0m 
[32m<Writing RAIJU HDF5 DATA @ t =    21.667 [min] >[0m 
 [36m
 GAMERA
      Time =    21.667 [min]
        ts =    15404
        dt =  1.01E-01 [sec]
    dt/dt0 =   85.142%
    Spent     0.0% of time waiting for Voltron
      kZCs =   3451.16 /   1266.45 [MHD/TOT] (8 threads)
[0m       CPCP =   71.570  69.079 [kV, N/S]
 [34m
 VOLTRON
      UT   = 2001-06-01 23:21:40
      tilt =    0.000 [deg]
    Sym-H  =   -5.000 [nT]
    BSDst  ~   17.471 [nT]
           dSMRs  ~     0.76   -0.13   -0.81    0.18 [nT, 12/18/00/06]
   DPSDst  ~   -4.752 [nT]
   Spent    41.1% of time waiting for Gamera
            12.0% of time processing Chimp(Helpers)
             9.8% of time processing IMAG
            14.0% of time processing Remix
            22.9% of time processing Tubes(Helpers)
             0.0% of time writing files
    Running @   84.027% of real-time (8 threads)
[0m  [35m
 RAIJU
      UT   = 2001-06-01 23:21:45
      Time =    21.750 [min]
     dtCpl =  5.00E+00 [sec]
     Max/Min dt @ k:
        Max 3.61E+01 [sec] @ 57
        Min 1.38E-01 [sec] @ 160
     Flav : max Press/Den @ L,MLT; DPS-dst
        0: P =   0.00, D =9075.91 @  1.54 Rp,12.07 MLT; DPS:   0.00
        1: P =   0.10, D =   0.24 @  6.76 Rp,20.24 MLT; DPS:  -0.53
        2: P =   3.09, D =   0.43 @  3.95 Rp,21.40 MLT; DPS:  -5.14
[0m [32m<Writing HDF5 DATA @ t =    21.667 [min] >[0m 
[32m<Writing RAIJU HDF5 DATA @ t =    21.750 [min] >[0m 
 [36m
 GAMERA
      Time =    21.751 [min]
        ts =    15454
        dt =  1.01E-01 [sec]
    dt/dt0 =   85.150%
    Spent     0.0% of time waiting for Voltron
      kZCs =   3453.79 /   1282.29 [MHD/TOT] (8 threads)
[0m       CPCP =   71.584  69.078 [kV, N/S]
 [34m
 VOLTRON
      UT   = 2001-06-01 23:21:45
      tilt =    0.000 [deg]
    Sym-H  =   -5.000 [nT]
    BSDst  ~   17.477 [nT]
           dSMRs  ~     0.76   -0.13   -0.82    0.18 [nT, 12/18/00/06]
   DPSDst  ~   -4.750 [nT]
   Spent    41.1% of time waiting for Gamera
            12.0% of time processing Chimp(Helpers)
             9.8% of time processing IMAG
            14.0% of time processing Remix
            22.8% of time processing Tubes(Helpers)
             0.0% of time writing files
    Running @   84.074% of real-time (8 threads)
[0m  [35m
 RAIJU
      UT   = 2001-06-01 23:21:50
      Time =    21.833 [min]
     dtCpl =  5.00E+00 [sec]
     Max/Min dt @ k:
        Max 3.60E+01 [sec] @ 57
        Min 1.38E-01 [sec] @ 160
     Flav : max Press/Den @ L,MLT; DPS-dst
        0: P =   0.00, D =9075.91 @  1.54 Rp,12.07 MLT; DPS:   0.00
        1: P =   0.10, D =   0.24 @  6.76 Rp,20.24 MLT; DPS:  -0.53
        2: P =   3.09, D =   0.43 @  3.95 Rp,21.40 MLT; DPS:  -5.14
[0m [32m<Writing HDF5 DATA @ t =    21.751 [min] >[0m 
[32m<Writing RAIJU HDF5 DATA @ t =    21.833 [min] >[0m 
 [36m
 GAMERA
      Time =    21.834 [min]
        ts =    15503
        dt =  1.01E-01 [sec]
    dt/dt0 =   85.156%
    Spent     0.0% of time waiting for Voltron
      kZCs =   3451.65 /   1267.14 [MHD/TOT] (8 threads)
[0m       CPCP =   71.578  69.090 [kV, N/S]
 [34m
 VOLTRON
      UT   = 2001-06-01 23:21:50
      tilt =    0.000 [deg]
    Sym-H  =   -5.000 [nT]
    BSDst  ~   17.481 [nT]
           dSMRs  ~     0.76   -0.13   -0.82    0.18 [nT, 12/18/00/06]
   DPSDst  ~   -4.749 [nT]
   Spent    41.1% of time waiting for Gamera
            12.0% of time processing Chimp(Helpers)
             9.8% of time processing IMAG
            13.9% of time processing Remix
            22.8% of time processing Tubes(Helpers)
             0.0% of time writing files
    Running @   84.065% of real-time (8 threads)
[0m  [35m
 RAIJU
      UT   = 2001-06-01 23:21:55
      Time =    21.917 [min]
     dtCpl =  5.00E+00 [sec]
     Max/Min dt @ k:
        Max 3.60E+01 [sec] @ 57
        Min 1.38E-01 [sec] @ 160
     Flav : max Press/Den @ L,MLT; DPS-dst
        0: P =   0.00, D =9075.91 @  1.54 Rp,12.07 MLT; DPS:   0.00
        1: P =   0.10, D =   0.24 @  6.76 Rp,20.24 MLT; DPS:  -0.53
        2: P =   3.09, D =   0.43 @  3.95 Rp,21.40 MLT; DPS:  -5.14
[0m [32m<Writing HDF5 DATA @ t =    21.834 [min] >[0m 
[32m<Writing RAIJU HDF5 DATA @ t =    21.917 [min] >[0m 
 [36m
 GAMERA
      Time =    21.917 [min]
        ts =    15552
        dt =  1.01E-01 [sec]
    dt/dt0 =   85.163%
    Spent     0.0% of time waiting for Voltron
      kZCs =   3450.99 /   1266.74 [MHD/TOT] (8 threads)
[0m       CPCP =   71.562  69.106 [kV, N/S]
 [34m
 VOLTRON
      UT   = 2001-06-01 23:21:55
      tilt =    0.000 [deg]
    Sym-H  =   -5.000 [nT]
    BSDst  ~   17.483 [nT]
           dSMRs  ~     0.77   -0.13   -0.82    0.18 [nT, 12/18/00/06]
   DPSDst  ~   -4.734 [nT]
   Spent    41.1% of time waiting for Gamera
            12.0% of time processing Chimp(Helpers)
             9.8% of time processing IMAG
            13.9% of time processing Remix
            22.8% of time processing Tubes(Helpers)
             0.0% of time writing files
    Running @   84.107% of real-time (8 threads)
[0m  [35m
 RAIJU
      UT   = 2001-06-01 23:21:59
      Time =    22.000 [min]
     dtCpl =  5.00E+00 [sec]
     Max/Min dt @ k:
        Max 3.60E+01 [sec] @ 57
        Min 1.38E-01 [sec] @ 160
     Flav : max Press/Den @ L,MLT; DPS-dst
        0: P =   0.00, D =9075.91 @  1.54 Rp,12.07 MLT; DPS:   0.00
        1: P =   0.10, D =   0.24 @  6.76 Rp,20.24 MLT; DPS:  -0.52
        2: P =   3.09, D =   0.43 @  3.95 Rp,21.40 MLT; DPS:  -5.13
[0m [32m<Writing HDF5 DATA @ t =    21.917 [min] >[0m 
[32m<Writing RAIJU HDF5 DATA @ t =    22.000 [min] >[0m 
 [36m
 GAMERA
      Time =    22.002 [min]
        ts =    15602
        dt =  1.01E-01 [sec]
    dt/dt0 =   85.168%
    Spent     0.0% of time waiting for Voltron
      kZCs =   3450.39 /   1283.19 [MHD/TOT] (8 threads)
[0m       CPCP =   71.514  69.167 [kV, N/S]
 [34m
 VOLTRON
      UT   = 2001-06-01 23:22:00
      tilt =    0.000 [deg]
    Sym-H  =   -5.000 [nT]
    BSDst  ~   17.483 [nT]
           dSMRs  ~     0.77   -0.13   -0.82    0.18 [nT, 12/18/00/06]
   DPSDst  ~   -4.733 [nT]
   Spent    41.2% of time waiting for Gamera
            12.0% of time processing Chimp(Helpers)
             9.8% of time processing IMAG
            13.9% of time processing Remix
            22.8% of time processing Tubes(Helpers)
             0.0% of time writing files
    Running @   84.185% of real-time (8 threads)
[0m  [35m
 RAIJU
      UT   = 2001-06-01 23:22:05
      Time =    22.083 [min]
     dtCpl =  5.00E+00 [sec]
     Max/Min dt @ k:
        Max 3.60E+01 [sec] @ 57
        Min 1.38E-01 [sec] @ 160
     Flav : max Press/Den @ L,MLT; DPS-dst
        0: P =   0.00, D =9075.91 @  1.54 Rp,12.07 MLT; DPS:   0.00
        1: P =   0.10, D =   0.24 @  6.76 Rp,20.24 MLT; DPS:  -0.52
        2: P =   3.09, D =   0.43 @  3.95 Rp,21.40 MLT; DPS:  -5.13
[0m [32m<Writing HDF5 DATA @ t =    22.002 [min] >[0m 
[32m<Writing RAIJU HDF5 DATA @ t =    22.083 [min] >[0m 
 [36m
 GAMERA
      Time =    22.084 [min]
        ts =    15651
        dt =  1.01E-01 [sec]
    dt/dt0 =   85.174%
    Spent     0.0% of time waiting for Voltron
      kZCs =   3452.48 /   1268.98 [MHD/TOT] (8 threads)
[0m       CPCP =   71.422  69.172 [kV, N/S]
 [34m
 VOLTRON
      UT   = 2001-06-01 23:22:05
      tilt =    0.000 [deg]
    Sym-H  =   -5.000 [nT]
    BSDst  ~   17.480 [nT]
           dSMRs  ~     0.77   -0.13   -0.82    0.18 [nT, 12/18/00/06]
   DPSDst  ~   -4.728 [nT]
   Spent    41.2% of time waiting for Gamera
            12.0% of time processing Chimp(Helpers)
             9.8% of time processing IMAG
            13.9% of time processing Remix
            22.8% of time processing Tubes(Helpers)
             0.0% of time writing files
    Running @   84.222% of real-time (8 threads)
[0m  [35m
 RAIJU
      UT   = 2001-06-01 23:22:10
      Time =    22.167 [min]
     dtCpl =  5.00E+00 [sec]
     Max/Min dt @ k:
        Max 3.59E+01 [sec] @ 57
        Min 1.38E-01 [sec] @ 160
     Flav : max Press/Den @ L,MLT; DPS-dst
        0: P =   0.00, D =9075.91 @  1.54 Rp,12.07 MLT; DPS:   0.00
        1: P =   0.10, D =   0.24 @  6.76 Rp,20.24 MLT; DPS:  -0.52
        2: P =   3.09, D =   0.43 @  3.95 Rp,21.40 MLT; DPS:  -5.13
[0m [32m<Writing HDF5 DATA @ t =    22.084 [min] >[0m 
[32m<Writing RAIJU HDF5 DATA @ t =    22.167 [min] >[0m 
 [36m
 GAMERA
      Time =    22.167 [min]
        ts =    15700
        dt =  1.01E-01 [sec]
    dt/dt0 =   85.179%
    Spent     0.0% of time waiting for Voltron
      kZCs =   3451.16 /   1270.23 [MHD/TOT] (8 threads)
[0m       CPCP =   71.368  69.197 [kV, N/S]
 [34m
 VOLTRON
      UT   = 2001-06-01 23:22:10
      tilt =    0.000 [deg]
    Sym-H  =   -5.000 [nT]
    BSDst  ~   17.476 [nT]
           dSMRs  ~     0.77   -0.13   -0.82    0.18 [nT, 12/18/00/06]
   DPSDst  ~   -4.721 [nT]
   Spent    41.2% of time waiting for Gamera
            12.0% of time processing Chimp(Helpers)
             9.8% of time processing IMAG
            13.9% of time processing Remix
            22.8% of time processing Tubes(Helpers)
             0.0% of time writing files
    Running @   84.269% of real-time (8 threads)
[0m  [35m
 RAIJU
      UT   = 2001-06-01 23:22:15
      Time =    22.250 [min]
     dtCpl =  5.00E+00 [sec]
     Max/Min dt @ k:
        Max 3.59E+01 [sec] @ 57
        Min 1.38E-01 [sec] @ 160
     Flav : max Press/Den @ L,MLT; DPS-dst
        0: P =   0.00, D =9075.91 @  1.54 Rp,12.07 MLT; DPS:   0.00
        1: P =   0.10, D =   0.24 @  6.76 Rp,20.24 MLT; DPS:  -0.52
        2: P =   3.09, D =   0.43 @  3.95 Rp,21.27 MLT; DPS:  -5.12
[0m [32m<Writing HDF5 DATA @ t =    22.167 [min] >[0m 
[32m<Writing RAIJU HDF5 DATA @ t =    22.250 [min] >[0m 
 [36m
 GAMERA
      Time =    22.252 [min]
        ts =    15750
        dt =  1.01E-01 [sec]
    dt/dt0 =   85.182%
    Spent     0.0% of time waiting for Voltron
      kZCs =   3450.55 /   1284.91 [MHD/TOT] (8 threads)
[0m       CPCP =   71.391  69.224 [kV, N/S]
 [34m
 VOLTRON
      UT   = 2001-06-01 23:22:15
      tilt =    0.000 [deg]
    Sym-H  =   -5.000 [nT]
    BSDst  ~   17.471 [nT]
           dSMRs  ~     0.77   -0.13   -0.82    0.18 [nT, 12/18/00/06]
   DPSDst  ~   -4.720 [nT]
   Spent    41.3% of time waiting for Gamera
            12.0% of time processing Chimp(Helpers)
             9.8% of time processing IMAG
            13.9% of time processing Remix
            22.8% of time processing Tubes(Helpers)
             0.0% of time writing files
    Running @   84.325% of real-time (8 threads)
[0m  [35m
 RAIJU
      UT   = 2001-06-01 23:22:20
      Time =    22.333 [min]
     dtCpl =  5.00E+00 [sec]
     Max/Min dt @ k:
        Max 3.59E+01 [sec] @ 57
        Min 1.38E-01 [sec] @ 160
     Flav : max Press/Den @ L,MLT; DPS-dst
        0: P =   0.00, D =9075.91 @  1.54 Rp,12.07 MLT; DPS:   0.00
        1: P =   0.10, D =   0.24 @  6.77 Rp,20.24 MLT; DPS:  -0.52
        2: P =   3.09, D =   0.43 @  3.95 Rp,21.27 MLT; DPS:  -5.12
[0m [32m<Writing HDF5 DATA @ t =    22.252 [min] >[0m 
[32m<Writing RAIJU HDF5 DATA @ t =    22.333 [min] >[0m 
 [36m
 GAMERA
      Time =    22.335 [min]
        ts =    15799
        dt =  1.01E-01 [sec]
    dt/dt0 =   85.182%
    Spent     0.0% of time waiting for Voltron
      kZCs =   3451.65 /   1269.23 [MHD/TOT] (8 threads)
[0m       CPCP =   71.450  69.241 [kV, N/S]
 [34m
 VOLTRON
      UT   = 2001-06-01 23:22:20
      tilt =    0.000 [deg]
    Sym-H  =   -5.000 [nT]
    BSDst  ~   17.465 [nT]
           dSMRs  ~     0.77   -0.13   -0.82    0.18 [nT, 12/18/00/06]
   DPSDst  ~   -4.718 [nT]
   Spent    41.2% of time waiting for Gamera
            12.0% of time processing Chimp(Helpers)
             9.8% of time processing IMAG
            13.9% of time processing Remix
            22.8% of time processing Tubes(Helpers)
             0.0% of time writing files
    Running @   84.335% of real-time (8 threads)
[0m  [35m
 RAIJU
      UT   = 2001-06-01 23:22:25
      Time =    22.417 [min]
     dtCpl =  5.00E+00 [sec]
     Max/Min dt @ k:
        Max 3.59E+01 [sec] @ 57
        Min 1.38E-01 [sec] @ 160
     Flav : max Press/Den @ L,MLT; DPS-dst
        0: P =   0.00, D =9075.91 @  1.54 Rp,12.07 MLT; DPS:   0.00
        1: P =   0.10, D =   0.24 @  6.77 Rp,20.24 MLT; DPS:  -0.51
        2: P =   3.09, D =   0.43 @  3.95 Rp,21.27 MLT; DPS:  -5.12
[0m [32m<Writing HDF5 DATA @ t =    22.335 [min] >[0m 
[32m<Writing RAIJU HDF5 DATA @ t =    22.417 [min] >[0m 
 [36m
 GAMERA
      Time =    22.417 [min]
        ts =    15848
        dt =  1.01E-01 [sec]
    dt/dt0 =   85.181%
    Spent     0.0% of time waiting for Voltron
      kZCs =   3449.35 /   1270.28 [MHD/TOT] (8 threads)
[0m       CPCP =   71.584  69.274 [kV, N/S]
 [34m
 VOLTRON
      UT   = 2001-06-01 23:22:25
      tilt =    0.000 [deg]
    Sym-H  =   -5.000 [nT]
    BSDst  ~   17.458 [nT]
           dSMRs  ~     0.77   -0.13   -0.82    0.18 [nT, 12/18/00/06]
   DPSDst  ~   -4.712 [nT]
   Spent    41.2% of time waiting for Gamera
            12.1% of time processing Chimp(Helpers)
             9.8% of time processing IMAG
            13.9% of time processing Remix
            22.8% of time processing Tubes(Helpers)
             0.0% of time writing files
    Running @   84.369% of real-time (8 threads)
[0m  [35m
 RAIJU
      UT   = 2001-06-01 23:22:30
      Time =    22.500 [min]
     dtCpl =  5.00E+00 [sec]
     Max/Min dt @ k:
        Max 3.59E+01 [sec] @ 57
        Min 1.38E-01 [sec] @ 160
     Flav : max Press/Den @ L,MLT; DPS-dst
        0: P =   0.00, D =9075.91 @  1.54 Rp,12.07 MLT; DPS:   0.00
        1: P =   0.10, D =   0.24 @  6.77 Rp,20.24 MLT; DPS:  -0.51
        2: P =   3.09, D =   0.43 @  3.95 Rp,21.27 MLT; DPS:  -5.12
[0m [32m<Writing HDF5 DATA @ t =    22.417 [min] >[0m 
[32m<Writing RAIJU HDF5 DATA @ t =    22.500 [min] >[0m 
 [36m
 GAMERA
      Time =    22.500 [min]
        ts =    15897
        dt =  1.01E-01 [sec]
    dt/dt0 =   85.177%
    Spent     0.0% of time waiting for Voltron
      kZCs =   3451.32 /   1141.70 [MHD/TOT] (8 threads)
[0m       CPCP =   71.719  69.327 [kV, N/S]
 [34m
 VOLTRON
      UT   = 2001-06-01 23:22:30
      tilt =    0.000 [deg]
    Sym-H  =   -5.000 [nT]
    BSDst  ~   17.448 [nT]
           dSMRs  ~     0.77   -0.13   -0.82    0.17 [nT, 12/18/00/06]
   DPSDst  ~   -4.718 [nT]
   Spent    40.6% of time waiting for Gamera
            11.9% of time processing Chimp(Helpers)
            10.2% of time processing IMAG
            13.6% of time processing Remix
            23.1% of time processing Tubes(Helpers)
             0.1% of time writing files
    Running @   84.116% of real-time (8 threads)
[0m  [35m
 RAIJU
      UT   = 2001-06-01 23:22:35
      Time =    22.583 [min]
     dtCpl =  5.00E+00 [sec]
     Max/Min dt @ k:
        Max 3.58E+01 [sec] @ 57
        Min 1.38E-01 [sec] @ 160
     Flav : max Press/Den @ L,MLT; DPS-dst
        0: P =   0.00, D =9075.91 @  1.54 Rp,12.07 MLT; DPS:   0.00
        1: P =   0.10, D =   0.24 @  6.77 Rp,20.24 MLT; DPS:  -0.51
        2: P =   3.09, D =   0.43 @  3.95 Rp,21.27 MLT; DPS:  -5.12
[0m [32m<Writing HDF5 DATA @ t =    22.500 [min] >[0m 
[32m<Writing RAIJU HDF5 DATA @ t =    22.583 [min] >[0m 
 [36m
 GAMERA
      Time =    22.585 [min]
        ts =    15947
        dt =  1.01E-01 [sec]
    dt/dt0 =   85.171%
    Spent     0.0% of time waiting for Voltron
      kZCs =   3330.68 /   1251.30 [MHD/TOT] (8 threads)
[0m       CPCP =   71.840  69.373 [kV, N/S]
 [34m
 VOLTRON
      UT   = 2001-06-01 23:22:35
      tilt =    0.000 [deg]
    Sym-H  =   -5.000 [nT]
    BSDst  ~   17.435 [nT]
           dSMRs  ~     0.77   -0.13   -0.82    0.17 [nT, 12/18/00/06]
   DPSDst  ~   -4.717 [nT]
   Spent    40.8% of time waiting for Gamera
            11.9% of time processing Chimp(Helpers)
            10.0% of time processing IMAG
            13.8% of time processing Remix
            22.9% of time processing Tubes(Helpers)
             0.1% of time writing files
    Running @   84.109% of real-time (8 threads)
[0m  [35m
 RAIJU
      UT   = 2001-06-01 23:22:40
      Time =    22.667 [min]
     dtCpl =  5.00E+00 [sec]
     Max/Min dt @ k:
        Max 3.58E+01 [sec] @ 57
        Min 1.38E-01 [sec] @ 160
     Flav : max Press/Den @ L,MLT; DPS-dst
        0: P =   0.00, D =9075.91 @  1.54 Rp,12.07 MLT; DPS:   0.00
        1: P =   0.10, D =   0.24 @  6.77 Rp,20.24 MLT; DPS:  -0.51
        2: P =   3.09, D =   0.43 @  3.95 Rp,21.27 MLT; DPS:  -5.12
[0m [32m<Writing HDF5 DATA @ t =    22.585 [min] >[0m 
[32m<Writing RAIJU HDF5 DATA @ t =    22.667 [min] >[0m 
 [36m
 GAMERA
      Time =    22.667 [min]
        ts =    15996
        dt =  1.01E-01 [sec]
    dt/dt0 =   85.164%
    Spent     0.0% of time waiting for Voltron
      kZCs =   3415.43 /   1277.42 [MHD/TOT] (8 threads)
[0m       CPCP =   71.951  69.380 [kV, N/S]
 [34m
 VOLTRON
      UT   = 2001-06-01 23:22:40
      tilt =    0.000 [deg]
    Sym-H  =   -5.000 [nT]
    BSDst  ~   17.423 [nT]
           dSMRs  ~     0.77   -0.13   -0.82    0.18 [nT, 12/18/00/06]
   DPSDst  ~   -4.694 [nT]
   Spent    40.9% of time waiting for Gamera
            11.9% of time processing Chimp(Helpers)
            10.0% of time processing IMAG
            13.7% of time processing Remix
            22.9% of time processing Tubes(Helpers)
             0.0% of time writing files
    Running @   84.168% of real-time (8 threads)
[0m  [35m
 RAIJU
      UT   = 2001-06-01 23:22:45
      Time =    22.750 [min]
     dtCpl =  5.00E+00 [sec]
     Max/Min dt @ k:
        Max 3.57E+01 [sec] @ 57
        Min 1.38E-01 [sec] @ 160
     Flav : max Press/Den @ L,MLT; DPS-dst
        0: P =   0.00, D =9075.91 @  1.54 Rp,12.07 MLT; DPS:   0.00
        1: P =   0.10, D =   0.24 @  6.77 Rp,20.24 MLT; DPS:  -0.50
        2: P =   3.09, D =   0.43 @  3.95 Rp,21.14 MLT; DPS:  -5.11
[0m [32m<Writing HDF5 DATA @ t =    22.667 [min] >[0m 
[32m<Writing RAIJU HDF5 DATA @ t =    22.750 [min] >[0m 
 [36m
 GAMERA
      Time =    22.750 [min]
        ts =    16045
        dt =  1.01E-01 [sec]
    dt/dt0 =   85.156%
    Spent     0.0% of time waiting for Voltron
      kZCs =   3414.46 /   1278.14 [MHD/TOT] (8 threads)
[0m       CPCP =   72.073  69.304 [kV, N/S]
 [34m
 VOLTRON
      UT   = 2001-06-01 23:22:45
      tilt =    0.000 [deg]
    Sym-H  =   -5.000 [nT]
    BSDst  ~   17.411 [nT]
           dSMRs  ~     0.77   -0.13   -0.82    0.18 [nT, 12/18/00/06]
   DPSDst  ~   -4.693 [nT]
   Spent    41.0% of time waiting for Gamera
            11.9% of time processing Chimp(Helpers)
            10.0% of time processing IMAG
            13.7% of time processing Remix
            22.9% of time processing Tubes(Helpers)
             0.0% of time writing files
    Running @   84.238% of real-time (8 threads)
[0m  [35m
 RAIJU
      UT   = 2001-06-01 23:22:50
      Time =    22.833 [min]
     dtCpl =  5.00E+00 [sec]
     Max/Min dt @ k:
        Max 3.57E+01 [sec] @ 57
        Min 1.38E-01 [sec] @ 160
     Flav : max Press/Den @ L,MLT; DPS-dst
        0: P =   0.00, D =9075.91 @  1.54 Rp,12.07 MLT; DPS:   0.00
        1: P =   0.10, D =   0.24 @  6.77 Rp,20.24 MLT; DPS:  -0.50
        2: P =   3.09, D =   0.43 @  3.95 Rp,21.14 MLT; DPS:  -5.11
[0m [32m<Writing HDF5 DATA @ t =    22.750 [min] >[0m 
[32m<Writing RAIJU HDF5 DATA @ t =    22.833 [min] >[0m 
 [36m
 GAMERA
      Time =    22.835 [min]
        ts =    16095
        dt =  1.01E-01 [sec]
    dt/dt0 =   85.146%
    Spent     0.0% of time waiting for Voltron
      kZCs =   3414.44 /   1287.87 [MHD/TOT] (8 threads)
[0m       CPCP =   72.197  69.201 [kV, N/S]
 [34m
 VOLTRON
      UT   = 2001-06-01 23:22:50
      tilt =    0.000 [deg]
    Sym-H  =   -5.000 [nT]
    BSDst  ~   17.402 [nT]
           dSMRs  ~     0.77   -0.13   -0.82    0.18 [nT, 12/18/00/06]
   DPSDst  ~   -4.707 [nT]
   Spent    41.2% of time waiting for Gamera
            11.9% of time processing Chimp(Helpers)
             9.9% of time processing IMAG
            13.7% of time processing Remix
            22.8% of time processing Tubes(Helpers)
             0.1% of time writing files
    Running @   84.312% of real-time (8 threads)
[0m  [35m
 RAIJU
      UT   = 2001-06-01 23:22:55
      Time =    22.917 [min]
     dtCpl =  5.00E+00 [sec]
     Max/Min dt @ k:
        Max 3.56E+01 [sec] @ 57
        Min 1.38E-01 [sec] @ 160
     Flav : max Press/Den @ L,MLT; DPS-dst
        0: P =   0.00, D =9075.91 @  1.54 Rp,12.07 MLT; DPS:   0.00
        1: P =   0.10, D =   0.24 @  6.77 Rp,20.24 MLT; DPS:  -0.51
        2: P =   3.09, D =   0.43 @  3.95 Rp,21.14 MLT; DPS:  -5.12
[0m [32m<Writing HDF5 DATA @ t =    22.835 [min] >[0m 
[32m<Writing RAIJU HDF5 DATA @ t =    22.917 [min] >[0m 
 [36m
 GAMERA
      Time =    22.918 [min]
        ts =    16144
        dt =  1.01E-01 [sec]
    dt/dt0 =   85.136%
    Spent     0.0% of time waiting for Voltron
      kZCs =   3414.14 /   1278.78 [MHD/TOT] (8 threads)
[0m       CPCP =   72.250  69.213 [kV, N/S]
 [34m
 VOLTRON
      UT   = 2001-06-01 23:22:55
      tilt =    0.000 [deg]
    Sym-H  =   -5.000 [nT]
    BSDst  ~   17.393 [nT]
           dSMRs  ~     0.77   -0.13   -0.82    0.18 [nT, 12/18/00/06]
   DPSDst  ~   -4.739 [nT]
   Spent    41.3% of time waiting for Gamera
            11.9% of time processing Chimp(Helpers)
             9.9% of time processing IMAG
            13.6% of time processing Remix
            22.8% of time processing Tubes(Helpers)
             0.1% of time writing files
    Running @   84.373% of real-time (8 threads)
[0m  [35m
 RAIJU
      UT   = 2001-06-01 23:22:59
      Time =    23.000 [min]
     dtCpl =  5.00E+00 [sec]
     Max/Min dt @ k:
        Max 3.56E+01 [sec] @ 57
        Min 1.38E-01 [sec] @ 160
     Flav : max Press/Den @ L,MLT; DPS-dst
        0: P =   0.00, D =9075.91 @  1.54 Rp,12.07 MLT; DPS:   0.00
        1: P =   0.10, D =   0.24 @  6.77 Rp,20.24 MLT; DPS:  -0.51
        2: P =   3.09, D =   0.43 @  3.95 Rp,21.14 MLT; DPS:  -5.14
[0m [32m<Writing HDF5 DATA @ t =    22.918 [min] >[0m 
[32m<Writing RAIJU HDF5 DATA @ t =    23.000 [min] >[0m 
 [36m
 GAMERA
      Time =    23.000 [min]
        ts =    16193
        dt =  1.01E-01 [sec]
    dt/dt0 =   85.124%
    Spent     0.0% of time waiting for Voltron
      kZCs =   3414.30 /   1278.71 [MHD/TOT] (8 threads)
[0m       CPCP =   72.333  69.254 [kV, N/S]
 [34m
 VOLTRON
      UT   = 2001-06-01 23:23:00
      tilt =    0.000 [deg]
    Sym-H  =   -5.000 [nT]
    BSDst  ~   17.385 [nT]
           dSMRs  ~     0.77   -0.14   -0.82    0.18 [nT, 12/18/00/06]
   DPSDst  ~   -4.737 [nT]
   Spent    41.3% of time waiting for Gamera
            12.0% of time processing Chimp(Helpers)
             9.9% of time processing IMAG
            13.6% of time processing Remix
            22.8% of time processing Tubes(Helpers)
             0.1% of time writing files
    Running @   84.438% of real-time (8 threads)
[0m  [35m
 RAIJU
      UT   = 2001-06-01 23:23:05
      Time =    23.083 [min]
     dtCpl =  5.00E+00 [sec]
     Max/Min dt @ k:
        Max 3.55E+01 [sec] @ 57
        Min 1.38E-01 [sec] @ 160
     Flav : max Press/Den @ L,MLT; DPS-dst
        0: P =   0.00, D =9075.91 @  1.54 Rp,12.07 MLT; DPS:   0.00
        1: P =   0.10, D =   0.24 @  6.77 Rp,20.24 MLT; DPS:  -0.51
        2: P =   3.09, D =   0.43 @  3.95 Rp,21.14 MLT; DPS:  -5.14
[0m [32m<Writing HDF5 DATA @ t =    23.000 [min] >[0m 
[32m<Writing RAIJU HDF5 DATA @ t =    23.083 [min] >[0m 
 [36m
 GAMERA
      Time =    23.085 [min]
        ts =    16243
        dt =  1.01E-01 [sec]
    dt/dt0 =   85.113%
    Spent     0.0% of time waiting for Voltron
      kZCs =   3415.39 /   1295.43 [MHD/TOT] (8 threads)
[0m       CPCP =   72.371  69.291 [kV, N/S]
 [34m
 VOLTRON
      UT   = 2001-06-01 23:23:05
      tilt =    0.000 [deg]
    Sym-H  =   -5.000 [nT]
    BSDst  ~   17.374 [nT]
           dSMRs  ~     0.78   -0.14   -0.82    0.18 [nT, 12/18/00/06]
   DPSDst  ~   -4.703 [nT]
   Spent    41.5% of time waiting for Gamera
            12.0% of time processing Chimp(Helpers)
             9.9% of time processing IMAG
            13.5% of time processing Remix
            22.7% of time processing Tubes(Helpers)
             0.1% of time writing files
    Running @   84.525% of real-time (8 threads)
[0m  [35m
 RAIJU
      UT   = 2001-06-01 23:23:10
      Time =    23.167 [min]
     dtCpl =  5.00E+00 [sec]
     Max/Min dt @ k:
        Max 3.55E+01 [sec] @ 57
        Min 1.38E-01 [sec] @ 160
     Flav : max Press/Den @ L,MLT; DPS-dst
        0: P =   0.00, D =9075.91 @  1.54 Rp,12.07 MLT; DPS:   0.00
        1: P =   0.10, D =   0.24 @  6.77 Rp,20.24 MLT; DPS:  -0.50
        2: P =   3.09, D =   0.43 @  3.95 Rp,21.00 MLT; DPS:  -5.12
[0m [32m<Writing HDF5 DATA @ t =    23.085 [min] >[0m 
[32m<Writing RAIJU HDF5 DATA @ t =    23.167 [min] >[0m 
 [36m
 GAMERA
      Time =    23.168 [min]
        ts =    16292
        dt =  1.01E-01 [sec]
    dt/dt0 =   85.101%
    Spent     0.0% of time waiting for Voltron
      kZCs =   3415.59 /   1280.66 [MHD/TOT] (8 threads)
[0m       CPCP =   72.346  69.329 [kV, N/S]
 [34m
 VOLTRON
      UT   = 2001-06-01 23:23:10
      tilt =    0.000 [deg]
    Sym-H  =   -5.000 [nT]
    BSDst  ~   17.363 [nT]
           dSMRs  ~     0.78   -0.14   -0.82    0.19 [nT, 12/18/00/06]
   DPSDst  ~   -4.701 [nT]
   Spent    41.5% of time waiting for Gamera
            12.0% of time processing Chimp(Helpers)
             9.9% of time processing IMAG
            13.5% of time processing Remix
            22.7% of time processing Tubes(Helpers)
             0.0% of time writing files
    Running @   84.535% of real-time (8 threads)
[0m  [35m
 RAIJU
      UT   = 2001-06-01 23:23:15
      Time =    23.250 [min]
     dtCpl =  5.00E+00 [sec]
     Max/Min dt @ k:
        Max 3.54E+01 [sec] @ 57
        Min 1.38E-01 [sec] @ 160
     Flav : max Press/Den @ L,MLT; DPS-dst
        0: P =   0.00, D =9075.91 @  1.54 Rp,12.07 MLT; DPS:   0.00
        1: P =   0.10, D =   0.24 @  6.77 Rp,20.24 MLT; DPS:  -0.50
        2: P =   3.09, D =   0.43 @  3.95 Rp,21.00 MLT; DPS:  -5.11
[0m [32m<Writing HDF5 DATA @ t =    23.168 [min] >[0m 
[32m<Writing RAIJU HDF5 DATA @ t =    23.250 [min] >[0m 
 [36m
 GAMERA
      Time =    23.250 [min]
        ts =    16341
        dt =  1.01E-01 [sec]
    dt/dt0 =   85.091%
    Spent     0.0% of time waiting for Voltron
      kZCs =   3414.95 /   1281.36 [MHD/TOT] (8 threads)
[0m       CPCP =   72.379  69.360 [kV, N/S]
 [34m
 VOLTRON
      UT   = 2001-06-01 23:23:15
      tilt =    0.000 [deg]
    Sym-H  =   -5.000 [nT]
    BSDst  ~   17.356 [nT]
           dSMRs  ~     0.78   -0.14   -0.83    0.18 [nT, 12/18/00/06]
   DPSDst  ~   -4.697 [nT]
   Spent    41.6% of time waiting for Gamera
            12.0% of time processing Chimp(Helpers)
             9.9% of time processing IMAG
            13.4% of time processing Remix
            22.7% of time processing Tubes(Helpers)
             0.0% of time writing files
    Running @   84.592% of real-time (8 threads)
[0m  [35m
 RAIJU
      UT   = 2001-06-01 23:23:20
      Time =    23.333 [min]
     dtCpl =  5.00E+00 [sec]
     Max/Min dt @ k:
        Max 3.53E+01 [sec] @ 57
        Min 1.38E-01 [sec] @ 160
     Flav : max Press/Den @ L,MLT; DPS-dst
        0: P =   0.00, D =9075.91 @  1.54 Rp,12.07 MLT; DPS:   0.00
        1: P =   0.10, D =   0.24 @  6.77 Rp,20.24 MLT; DPS:  -0.50
        2: P =   3.09, D =   0.43 @  3.95 Rp,21.14 MLT; DPS:  -5.11
[0m [32m<Writing HDF5 DATA @ t =    23.250 [min] >[0m 
[32m<Writing RAIJU HDF5 DATA @ t =    23.333 [min] >[0m 
 [36m
 GAMERA
      Time =    23.335 [min]
        ts =    16391
        dt =  1.01E-01 [sec]
    dt/dt0 =   85.081%
    Spent     0.0% of time waiting for Voltron
      kZCs =   3414.60 /   1296.93 [MHD/TOT] (8 threads)
[0m       CPCP =   72.451  69.405 [kV, N/S]
 [34m
 VOLTRON
      UT   = 2001-06-01 23:23:20
      tilt =    0.000 [deg]
    Sym-H  =   -5.000 [nT]
    BSDst  ~   17.348 [nT]
           dSMRs  ~     0.79   -0.14   -0.83    0.18 [nT, 12/18/00/06]
   DPSDst  ~   -4.686 [nT]
   Spent    41.7% of time waiting for Gamera
            12.0% of time processing Chimp(Helpers)
             9.8% of time processing IMAG
            13.4% of time processing Remix
            22.7% of time processing Tubes(Helpers)
             0.0% of time writing files
    Running @   84.688% of real-time (8 threads)
[0m  [35m
 RAIJU
      UT   = 2001-06-01 23:23:25
      Time =    23.417 [min]
     dtCpl =  5.00E+00 [sec]
     Max/Min dt @ k:
        Max 3.52E+01 [sec] @ 57
        Min 1.38E-01 [sec] @ 160
     Flav : max Press/Den @ L,MLT; DPS-dst
        0: P =   0.00, D =9075.91 @  1.54 Rp,12.07 MLT; DPS:   0.00
        1: P =   0.10, D =   0.24 @  6.77 Rp,20.24 MLT; DPS:  -0.50
        2: P =   3.09, D =   0.43 @  3.95 Rp,21.14 MLT; DPS:  -5.10
[0m [32m<Writing HDF5 DATA @ t =    23.335 [min] >[0m 
[32m<Writing RAIJU HDF5 DATA @ t =    23.417 [min] >[0m 
 [36m
 GAMERA
      Time =    23.417 [min]
        ts =    16440
        dt =  1.01E-01 [sec]
    dt/dt0 =   85.071%
    Spent     0.0% of time waiting for Voltron
      kZCs =   3413.98 /   1276.65 [MHD/TOT] (8 threads)
[0m       CPCP =   72.511  69.471 [kV, N/S]
 [34m
 VOLTRON
      UT   = 2001-06-01 23:23:25
      tilt =    0.000 [deg]
    Sym-H  =   -5.000 [nT]
    BSDst  ~   17.344 [nT]
           dSMRs  ~     0.79   -0.13   -0.84    0.18 [nT, 12/18/00/06]
   DPSDst  ~   -4.675 [nT]
   Spent    41.7% of time waiting for Gamera
            12.0% of time processing Chimp(Helpers)
             9.8% of time processing IMAG
            13.4% of time processing Remix
            22.7% of time processing Tubes(Helpers)
             0.0% of time writing files
    Running @   84.727% of real-time (8 threads)
[0m  [35m
 RAIJU
      UT   = 2001-06-01 23:23:30
      Time =    23.500 [min]
     dtCpl =  5.00E+00 [sec]
     Max/Min dt @ k:
        Max 3.51E+01 [sec] @ 57
        Min 1.38E-01 [sec] @ 160
     Flav : max Press/Den @ L,MLT; DPS-dst
        0: P =   0.00, D =9075.91 @  1.54 Rp,12.07 MLT; DPS:   0.00
        1: P =   0.10, D =   0.24 @  6.77 Rp,20.24 MLT; DPS:  -0.49
        2: P =   3.09, D =   0.43 @  3.95 Rp,21.14 MLT; DPS:  -5.09
[0m [32m<Writing HDF5 DATA @ t =    23.417 [min] >[0m 
[32m<Writing RAIJU HDF5 DATA @ t =    23.500 [min] >[0m 
 [36m
 GAMERA
      Time =    23.500 [min]
        ts =    16489
        dt =  1.01E-01 [sec]
    dt/dt0 =   85.062%
    Spent     0.0% of time waiting for Voltron
      kZCs =   3416.56 /   1277.10 [MHD/TOT] (8 threads)
[0m       CPCP =   72.636  69.516 [kV, N/S]
 [34m
 VOLTRON
      UT   = 2001-06-01 23:23:30
      tilt =    0.000 [deg]
    Sym-H  =   -5.000 [nT]
    BSDst  ~   17.341 [nT]
           dSMRs  ~     0.80   -0.13   -0.84    0.17 [nT, 12/18/00/06]
   DPSDst  ~   -4.672 [nT]
   Spent    41.7% of time waiting for Gamera
            12.0% of time processing Chimp(Helpers)
             9.8% of time processing IMAG
            13.5% of time processing Remix
            22.7% of time processing Tubes(Helpers)
             0.0% of time writing files
    Running @   84.745% of real-time (8 threads)
[0m  [35m
 RAIJU
      UT   = 2001-06-01 23:23:35
      Time =    23.583 [min]
     dtCpl =  5.00E+00 [sec]
     Max/Min dt @ k:
        Max 3.50E+01 [sec] @ 57
        Min 1.38E-01 [sec] @ 160
     Flav : max Press/Den @ L,MLT; DPS-dst
        0: P =   0.00, D =9075.91 @  1.54 Rp,12.07 MLT; DPS:   0.00
        1: P =   0.10, D =   0.24 @  6.77 Rp,20.24 MLT; DPS:  -0.49
        2: P =   3.09, D =   0.43 @  3.95 Rp,21.27 MLT; DPS:  -5.09
[0m [32m<Writing HDF5 DATA @ t =    23.500 [min] >[0m 
[32m<Writing RAIJU HDF5 DATA @ t =    23.583 [min] >[0m 
 [36m
 GAMERA
      Time =    23.585 [min]
        ts =    16539
        dt =  1.01E-01 [sec]
    dt/dt0 =   85.053%
    Spent     0.0% of time waiting for Voltron
      kZCs =   3415.39 /   1295.88 [MHD/TOT] (8 threads)
[0m       CPCP =   72.796  69.540 [kV, N/S]
 [34m
 VOLTRON
      UT   = 2001-06-01 23:23:35
      tilt =    0.000 [deg]
    Sym-H  =   -5.000 [nT]
    BSDst  ~   17.335 [nT]
           dSMRs  ~     0.80   -0.13   -0.85    0.17 [nT, 12/18/00/06]
   DPSDst  ~   -4.701 [nT]
   Spent    41.8% of time waiting for Gamera
            12.0% of time processing Chimp(Helpers)
             9.8% of time processing IMAG
            13.4% of time processing Remix
            22.6% of time processing Tubes(Helpers)
             0.0% of time writing files
    Running @   84.802% of real-time (8 threads)
[0m  [35m
 RAIJU
      UT   = 2001-06-01 23:23:40
      Time =    23.667 [min]
     dtCpl =  5.00E+00 [sec]
     Max/Min dt @ k:
        Max 3.48E+01 [sec] @ 57
        Min 1.38E-01 [sec] @ 160
     Flav : max Press/Den @ L,MLT; DPS-dst
        0: P =   0.00, D =9075.91 @  1.54 Rp,12.07 MLT; DPS:   0.00
        1: P =   0.10, D =   0.24 @  6.77 Rp,20.24 MLT; DPS:  -0.50
        2: P =   3.09, D =   0.43 @  3.95 Rp,21.27 MLT; DPS:  -5.12
[0m [32m<Writing HDF5 DATA @ t =    23.585 [min] >[0m 
[32m<Writing RAIJU HDF5 DATA @ t =    23.667 [min] >[0m 
 [36m
 GAMERA
      Time =    23.667 [min]
        ts =    16588
        dt =  1.01E-01 [sec]
    dt/dt0 =   85.046%
    Spent     0.0% of time waiting for Voltron
      kZCs =   3415.11 /   1283.23 [MHD/TOT] (8 threads)
[0m       CPCP =   72.938  69.542 [kV, N/S]
 [34m
 VOLTRON
      UT   = 2001-06-01 23:23:40
      tilt =    0.000 [deg]
    Sym-H  =   -5.000 [nT]
    BSDst  ~   17.326 [nT]
           dSMRs  ~     0.81   -0.13   -0.85    0.17 [nT, 12/18/00/06]
   DPSDst  ~   -4.696 [nT]
   Spent    41.5% of time waiting for Gamera
            11.9% of time processing Chimp(Helpers)
             9.8% of time processing IMAG
            13.3% of time processing Remix
            22.5% of time processing Tubes(Helpers)
             0.7% of time writing files
    Running @   84.727% of real-time (8 threads)
[0m  [35m
 RAIJU
      UT   = 2001-06-01 23:23:45
      Time =    23.750 [min]
     dtCpl =  5.00E+00 [sec]
     Max/Min dt @ k:
        Max 3.47E+01 [sec] @ 57
        Min 1.38E-01 [sec] @ 160
     Flav : max Press/Den @ L,MLT; DPS-dst
        0: P =   0.00, D =9075.91 @  1.54 Rp,12.07 MLT; DPS:   0.00
        1: P =   0.10, D =   0.24 @  6.77 Rp,20.24 MLT; DPS:  -0.50
        2: P =   3.09, D =   0.43 @  3.95 Rp,21.27 MLT; DPS:  -5.11
[0m [32m<Writing HDF5 DATA @ t =    23.667 [min] >[0m 
[32m<Writing RAIJU HDF5 DATA @ t =    23.750 [min] >[0m 
 [36m
 GAMERA
      Time =    23.752 [min]
        ts =    16638
        dt =  1.01E-01 [sec]
    dt/dt0 =   85.037%
    Spent     0.0% of time waiting for Voltron
      kZCs =   3413.81 /   1297.55 [MHD/TOT] (8 threads)
[0m       CPCP =   73.071  69.520 [kV, N/S]
 [34m
 VOLTRON
      UT   = 2001-06-01 23:23:45
      tilt =    0.000 [deg]
    Sym-H  =   -5.000 [nT]
    BSDst  ~   17.318 [nT]
           dSMRs  ~     0.82   -0.13   -0.85    0.16 [nT, 12/18/00/06]
   DPSDst  ~   -4.693 [nT]
   Spent    41.6% of time waiting for Gamera
            11.9% of time processing Chimp(Helpers)
             9.8% of time processing IMAG
            13.3% of time processing Remix
            22.5% of time processing Tubes(Helpers)
             0.6% of time writing files
    Running @   84.820% of real-time (8 threads)
[0m  [35m
 RAIJU
      UT   = 2001-06-01 23:23:50
      Time =    23.833 [min]
     dtCpl =  5.00E+00 [sec]
     Max/Min dt @ k:
        Max 3.45E+01 [sec] @ 57
        Min 1.38E-01 [sec] @ 160
     Flav : max Press/Den @ L,MLT; DPS-dst
        0: P =   0.00, D =9075.91 @  1.54 Rp,12.07 MLT; DPS:   0.00
        1: P =   0.10, D =   0.24 @  6.77 Rp,20.24 MLT; DPS:  -0.49
        2: P =   3.09, D =   0.43 @  3.95 Rp,21.27 MLT; DPS:  -5.11
[0m [32m<Writing HDF5 DATA @ t =    23.752 [min] >[0m 
[32m<Writing RAIJU HDF5 DATA @ t =    23.833 [min] >[0m 
 [36m
 GAMERA
      Time =    23.834 [min]
        ts =    16687
        dt =  1.01E-01 [sec]
    dt/dt0 =   85.029%
    Spent     0.0% of time waiting for Voltron
      kZCs =   3413.33 /   1282.18 [MHD/TOT] (8 threads)
[0m       CPCP =   73.168  69.502 [kV, N/S]
 [34m
 VOLTRON
      UT   = 2001-06-01 23:23:50
      tilt =    0.000 [deg]
    Sym-H  =   -5.000 [nT]
    BSDst  ~   17.310 [nT]
           dSMRs  ~     0.82   -0.13   -0.86    0.16 [nT, 12/18/00/06]
   DPSDst  ~   -4.691 [nT]
   Spent    41.7% of time waiting for Gamera
            12.0% of time processing Chimp(Helpers)
             9.8% of time processing IMAG
            13.3% of time processing Remix
            22.5% of time processing Tubes(Helpers)
             0.5% of time writing files
    Running @   84.855% of real-time (8 threads)
[0m  [35m
 RAIJU
      UT   = 2001-06-01 23:23:55
      Time =    23.917 [min]
     dtCpl =  5.00E+00 [sec]
     Max/Min dt @ k:
        Max 3.44E+01 [sec] @ 57
        Min 1.38E-01 [sec] @ 160
     Flav : max Press/Den @ L,MLT; DPS-dst
        0: P =   0.00, D =9075.91 @  1.54 Rp,12.07 MLT; DPS:   0.00
        1: P =   0.10, D =   0.24 @  6.77 Rp,20.24 MLT; DPS:  -0.49
        2: P =   3.09, D =   0.43 @  3.95 Rp,21.27 MLT; DPS:  -5.11
[0m [32m<Writing HDF5 DATA @ t =    23.834 [min] >[0m 
[32m<Writing RAIJU HDF5 DATA @ t =    23.917 [min] >[0m 
 [36m
 GAMERA
      Time =    23.917 [min]
        ts =    16736
        dt =  1.01E-01 [sec]
    dt/dt0 =   85.021%
    Spent     0.0% of time waiting for Voltron
      kZCs =   3414.79 /   1283.50 [MHD/TOT] (8 threads)
[0m       CPCP =   73.252  69.476 [kV, N/S]
 [34m
 VOLTRON
      UT   = 2001-06-01 23:23:55
      tilt =    0.000 [deg]
    Sym-H  =   -5.000 [nT]
    BSDst  ~   17.301 [nT]
           dSMRs  ~     0.82   -0.13   -0.86    0.17 [nT, 12/18/00/06]
   DPSDst  ~   -4.688 [nT]
   Spent    41.7% of time waiting for Gamera
            12.0% of time processing Chimp(Helpers)
             9.8% of time processing IMAG
            13.2% of time processing Remix
            22.5% of time processing Tubes(Helpers)
             0.5% of time writing files
    Running @   84.911% of real-time (8 threads)
[0m  [35m
 RAIJU
      UT   = 2001-06-01 23:23:59
      Time =    24.000 [min]
     dtCpl =  5.00E+00 [sec]
     Max/Min dt @ k:
        Max 3.43E+01 [sec] @ 57
        Min 1.38E-01 [sec] @ 160
     Flav : max Press/Den @ L,MLT; DPS-dst
        0: P =   0.00, D =9075.91 @  1.54 Rp,12.07 MLT; DPS:   0.00
        1: P =   0.10, D =   0.24 @  6.77 Rp,20.24 MLT; DPS:  -0.49
        2: P =   3.09, D =   0.43 @  3.95 Rp,21.27 MLT; DPS:  -5.11
[0m [32m<Writing HDF5 DATA @ t =    23.917 [min] >[0m 
[32m<Writing RAIJU HDF5 DATA @ t =    24.000 [min] >[0m 
 [36m
 GAMERA
      Time =    24.001 [min]
        ts =    16786
        dt =  1.01E-01 [sec]
    dt/dt0 =   85.011%
    Spent     0.0% of time waiting for Voltron
      kZCs =   3414.91 /   1298.49 [MHD/TOT] (8 threads)
[0m       CPCP =   73.300  69.432 [kV, N/S]
 [34m
 VOLTRON
      UT   = 2001-06-01 23:24:00
      tilt =    0.000 [deg]
    Sym-H  =   -5.000 [nT]
    BSDst  ~   17.293 [nT]
           dSMRs  ~     0.83   -0.13   -0.87    0.17 [nT, 12/18/00/06]
   DPSDst  ~   -4.687 [nT]
   Spent    41.8% of time waiting for Gamera
            12.0% of time processing Chimp(Helpers)
             9.8% of time processing IMAG
            13.2% of time processing Remix
            22.5% of time processing Tubes(Helpers)
             0.4% of time writing files
    Running @   84.935% of real-time (8 threads)
[0m  [35m
 RAIJU
      UT   = 2001-06-01 23:24:05
      Time =    24.083 [min]
     dtCpl =  5.00E+00 [sec]
     Max/Min dt @ k:
        Max 3.41E+01 [sec] @ 57
        Min 1.38E-01 [sec] @ 160
     Flav : max Press/Den @ L,MLT; DPS-dst
        0: P =   0.00, D =9075.91 @  1.54 Rp,12.07 MLT; DPS:   0.00
        1: P =   0.10, D =   0.24 @  6.77 Rp,20.24 MLT; DPS:  -0.49
        2: P =   3.09, D =   0.43 @  3.95 Rp,21.14 MLT; DPS:  -5.11
[0m [32m<Writing HDF5 DATA @ t =    24.001 [min] >[0m 
[32m<Writing RAIJU HDF5 DATA @ t =    24.083 [min] >[0m 
 [36m
 GAMERA
      Time =    24.084 [min]
        ts =    16835
        dt =  1.01E-01 [sec]
    dt/dt0 =   85.003%
    Spent     0.0% of time waiting for Voltron
      kZCs =   3413.66 /   1283.39 [MHD/TOT] (8 threads)
[0m       CPCP =   73.299  69.372 [kV, N/S]
 [34m
 VOLTRON
      UT   = 2001-06-01 23:24:05
      tilt =    0.000 [deg]
    Sym-H  =   -5.000 [nT]
    BSDst  ~   17.285 [nT]
           dSMRs  ~     0.84   -0.13   -0.88    0.17 [nT, 12/18/00/06]
   DPSDst  ~   -4.685 [nT]
   Spent    41.8% of time waiting for Gamera
            12.0% of time processing Chimp(Helpers)
             9.8% of time processing IMAG
            13.2% of time processing Remix
            22.6% of time processing Tubes(Helpers)
             0.3% of time writing files
    Running @   84.984% of real-time (8 threads)
[0m  [35m
 RAIJU
      UT   = 2001-06-01 23:24:10
      Time =    24.167 [min]
     dtCpl =  5.00E+00 [sec]
     Max/Min dt @ k:
        Max 3.40E+01 [sec] @ 57
        Min 1.38E-01 [sec] @ 160
     Flav : max Press/Den @ L,MLT; DPS-dst
        0: P =   0.00, D =9075.91 @  1.54 Rp,12.07 MLT; DPS:   0.00
        1: P =   0.10, D =   0.25 @  6.77 Rp,20.24 MLT; DPS:  -0.49
        2: P =   3.09, D =   0.43 @  3.95 Rp,21.14 MLT; DPS:  -5.10
[0m [32m<Writing HDF5 DATA @ t =    24.084 [min] >[0m 
[32m<Writing RAIJU HDF5 DATA @ t =    24.167 [min] >[0m 
 [36m
 GAMERA
      Time =    24.168 [min]
        ts =    16885
        dt =  1.01E-01 [sec]
    dt/dt0 =   84.995%
    Spent     0.0% of time waiting for Voltron
      kZCs =   3417.45 /   1300.46 [MHD/TOT] (8 threads)
[0m       CPCP =   73.304  69.306 [kV, N/S]
 [34m
 VOLTRON
      UT   = 2001-06-01 23:24:10
      tilt =    0.000 [deg]
    Sym-H  =   -5.000 [nT]
    BSDst  ~   17.278 [nT]
           dSMRs  ~     0.84   -0.13   -0.89    0.17 [nT, 12/18/00/06]
   DPSDst  ~   -4.681 [nT]
   Spent    41.9% of time waiting for Gamera
            12.0% of time processing Chimp(Helpers)
             9.8% of time processing IMAG
            13.2% of time processing Remix
            22.6% of time processing Tubes(Helpers)
             0.3% of time writing files
    Running @   85.059% of real-time (8 threads)
[0m  [35m
 RAIJU
      UT   = 2001-06-01 23:24:15
      Time =    24.250 [min]
     dtCpl =  5.00E+00 [sec]
     Max/Min dt @ k:
        Max 3.39E+01 [sec] @ 57
        Min 1.38E-01 [sec] @ 160
     Flav : max Press/Den @ L,MLT; DPS-dst
        0: P =   0.00, D =9075.91 @  1.54 Rp,12.07 MLT; DPS:   0.00
        1: P =   0.10, D =   0.25 @  6.77 Rp,20.24 MLT; DPS:  -0.49
        2: P =   3.09, D =   0.43 @  3.95 Rp,21.14 MLT; DPS:  -5.10
[0m [32m<Writing HDF5 DATA @ t =    24.168 [min] >[0m 
[32m<Writing RAIJU HDF5 DATA @ t =    24.250 [min] >[0m 
 [36m
 GAMERA
      Time =    24.251 [min]
        ts =    16934
        dt =  1.01E-01 [sec]
    dt/dt0 =   84.986%
    Spent     0.0% of time waiting for Voltron
      kZCs =   3411.56 /   1284.78 [MHD/TOT] (8 threads)
[0m       CPCP =   73.316  69.237 [kV, N/S]
 [34m
 VOLTRON
      UT   = 2001-06-01 23:24:15
      tilt =    0.000 [deg]
    Sym-H  =   -5.000 [nT]
    BSDst  ~   17.270 [nT]
           dSMRs  ~     0.85   -0.13   -0.90    0.17 [nT, 12/18/00/06]
   DPSDst  ~   -4.676 [nT]
   Spent    41.9% of time waiting for Gamera
            12.0% of time processing Chimp(Helpers)
             9.8% of time processing IMAG
            13.2% of time processing Remix
            22.6% of time processing Tubes(Helpers)
             0.2% of time writing files
    Running @   85.103% of real-time (8 threads)
[0m  [35m
 RAIJU
      UT   = 2001-06-01 23:24:20
      Time =    24.333 [min]
     dtCpl =  5.00E+00 [sec]
     Max/Min dt @ k:
        Max 3.38E+01 [sec] @ 57
        Min 1.38E-01 [sec] @ 160
     Flav : max Press/Den @ L,MLT; DPS-dst
        0: P =   0.00, D =9075.91 @  1.54 Rp,12.07 MLT; DPS:   0.00
        1: P =   0.10, D =   0.25 @  6.77 Rp,20.24 MLT; DPS:  -0.48
        2: P =   3.09, D =   0.43 @  3.95 Rp,21.14 MLT; DPS:  -5.10
[0m [32m<Writing HDF5 DATA @ t =    24.251 [min] >[0m 
[32m<Writing RAIJU HDF5 DATA @ t =    24.333 [min] >[0m 
 [36m
 GAMERA
      Time =    24.334 [min]
        ts =    16983
        dt =  1.01E-01 [sec]
    dt/dt0 =   84.978%
    Spent     0.0% of time waiting for Voltron
      kZCs =   3415.75 /   1287.00 [MHD/TOT] (8 threads)
[0m       CPCP =   73.297  69.155 [kV, N/S]
 [34m
 VOLTRON
      UT   = 2001-06-01 23:24:20
      tilt =    0.000 [deg]
    Sym-H  =   -5.000 [nT]
    BSDst  ~   17.261 [nT]
           dSMRs  ~     0.86   -0.13   -0.91    0.17 [nT, 12/18/00/06]
   DPSDst  ~   -4.675 [nT]
   Spent    42.0% of time waiting for Gamera
            12.0% of time processing Chimp(Helpers)
             9.8% of time processing IMAG
            13.2% of time processing Remix
            22.6% of time processing Tubes(Helpers)
             0.2% of time writing files
    Running @   85.157% of real-time (8 threads)
[0m  [35m
 RAIJU
      UT   = 2001-06-01 23:24:25
      Time =    24.417 [min]
     dtCpl =  5.00E+00 [sec]
     Max/Min dt @ k:
        Max 3.37E+01 [sec] @ 57
        Min 1.38E-01 [sec] @ 160
     Flav : max Press/Den @ L,MLT; DPS-dst
        0: P =   0.00, D =9075.91 @  1.54 Rp,12.07 MLT; DPS:   0.00
        1: P =   0.10, D =   0.25 @  6.77 Rp,20.24 MLT; DPS:  -0.48
        2: P =   3.09, D =   0.43 @  3.95 Rp,21.14 MLT; DPS:  -5.10
[0m [32m<Writing HDF5 DATA @ t =    24.334 [min] >[0m 
[32m<Writing RAIJU HDF5 DATA @ t =    24.417 [min] >[0m 
 [36m
 GAMERA
      Time =    24.418 [min]
        ts =    17033
        dt =  1.01E-01 [sec]
    dt/dt0 =   84.970%
    Spent     0.0% of time waiting for Voltron
      kZCs =   3416.34 /   1302.02 [MHD/TOT] (8 threads)
[0m       CPCP =   73.267  69.053 [kV, N/S]
 [34m
 VOLTRON
      UT   = 2001-06-01 23:24:25
      tilt =    0.000 [deg]
    Sym-H  =   -5.000 [nT]
    BSDst  ~   17.249 [nT]
           dSMRs  ~     0.86   -0.12   -0.91    0.17 [nT, 12/18/00/06]
   DPSDst  ~   -4.668 [nT]
   Spent    42.0% of time waiting for Gamera
            12.0% of time processing Chimp(Helpers)
             9.8% of time processing IMAG
            13.1% of time processing Remix
            22.6% of time processing Tubes(Helpers)
             0.2% of time writing files
    Running @   85.240% of real-time (8 threads)
[0m  [35m
 RAIJU
      UT   = 2001-06-01 23:24:30
      Time =    24.500 [min]
     dtCpl =  5.00E+00 [sec]
     Max/Min dt @ k:
        Max 3.36E+01 [sec] @ 57
        Min 1.38E-01 [sec] @ 160
     Flav : max Press/Den @ L,MLT; DPS-dst
        0: P =   0.00, D =9075.91 @  1.54 Rp,12.07 MLT; DPS:   0.00
        1: P =   0.10, D =   0.25 @  6.77 Rp,20.24 MLT; DPS:  -0.48
        2: P =   3.08, D =   0.43 @  3.95 Rp,21.14 MLT; DPS:  -5.09
[0m [32m<Writing HDF5 DATA @ t =    24.418 [min] >[0m 
[32m<Writing RAIJU HDF5 DATA @ t =    24.500 [min] >[0m 
 [36m
 GAMERA
      Time =    24.500 [min]
        ts =    17082
        dt =  1.01E-01 [sec]
    dt/dt0 =   84.962%
    Spent     0.0% of time waiting for Voltron
      kZCs =   3414.79 /   1287.32 [MHD/TOT] (8 threads)
[0m       CPCP =   73.223  68.999 [kV, N/S]
 [34m
 VOLTRON
      UT   = 2001-06-01 23:24:30
      tilt =    0.000 [deg]
    Sym-H  =   -5.000 [nT]
    BSDst  ~   17.234 [nT]
           dSMRs  ~     0.87   -0.12   -0.92    0.17 [nT, 12/18/00/06]
   DPSDst  ~   -4.667 [nT]
   Spent    42.0% of time waiting for Gamera
            12.0% of time processing Chimp(Helpers)
             9.8% of time processing IMAG
            13.1% of time processing Remix
            22.6% of time processing Tubes(Helpers)
             0.1% of time writing files
    Running @   85.252% of real-time (8 threads)
[0m  [35m
 RAIJU
      UT   = 2001-06-01 23:24:35
      Time =    24.583 [min]
     dtCpl =  5.00E+00 [sec]
     Max/Min dt @ k:
        Max 3.35E+01 [sec] @ 57
        Min 1.38E-01 [sec] @ 160
     Flav : max Press/Den @ L,MLT; DPS-dst
        0: P =   0.00, D =9075.91 @  1.54 Rp,12.07 MLT; DPS:   0.00
        1: P =   0.10, D =   0.25 @  6.77 Rp,20.24 MLT; DPS:  -0.48
        2: P =   3.08, D =   0.43 @  3.95 Rp,21.00 MLT; DPS:  -5.09
[0m [32m<Writing HDF5 DATA @ t =    24.500 [min] >[0m 
[32m<Writing RAIJU HDF5 DATA @ t =    24.583 [min] >[0m 
 [36m
 GAMERA
      Time =    24.585 [min]
        ts =    17132
        dt =  1.01E-01 [sec]
    dt/dt0 =   84.952%
    Spent     0.0% of time waiting for Voltron
      kZCs =   3412.39 /   1302.09 [MHD/TOT] (8 threads)
[0m       CPCP =   73.161  68.991 [kV, N/S]
 [34m
 VOLTRON
      UT   = 2001-06-01 23:24:35
      tilt =    0.000 [deg]
    Sym-H  =   -5.000 [nT]
    BSDst  ~   17.215 [nT]
           dSMRs  ~     0.87   -0.12   -0.92    0.17 [nT, 12/18/00/06]
   DPSDst  ~   -4.666 [nT]
   Spent    42.1% of time waiting for Gamera
            12.0% of time processing Chimp(Helpers)
             9.8% of time processing IMAG
            13.1% of time processing Remix
            22.6% of time processing Tubes(Helpers)
             0.1% of time writing files
    Running @   85.286% of real-time (8 threads)
[0m  [35m
 RAIJU
      UT   = 2001-06-01 23:24:40
      Time =    24.667 [min]
     dtCpl =  5.00E+00 [sec]
     Max/Min dt @ k:
        Max 3.34E+01 [sec] @ 57
        Min 1.38E-01 [sec] @ 160
     Flav : max Press/Den @ L,MLT; DPS-dst
        0: P =   0.00, D =9075.91 @  1.54 Rp,12.07 MLT; DPS:   0.00
        1: P =   0.10, D =   0.25 @  6.77 Rp,20.24 MLT; DPS:  -0.48
        2: P =   3.08, D =   0.43 @  3.95 Rp,21.00 MLT; DPS:  -5.09
[0m [32m<Writing HDF5 DATA @ t =    24.585 [min] >[0m 
[32m<Writing RAIJU HDF5 DATA @ t =    24.667 [min] >[0m 
 [36m
 GAMERA
      Time =    24.667 [min]
        ts =    17181
        dt =  1.01E-01 [sec]
    dt/dt0 =   84.941%
    Spent     0.0% of time waiting for Voltron
      kZCs =   3414.14 /   1287.41 [MHD/TOT] (8 threads)
[0m       CPCP =   73.121  68.989 [kV, N/S]
 [34m
 VOLTRON
      UT   = 2001-06-01 23:24:40
      tilt =    0.000 [deg]
    Sym-H  =   -5.000 [nT]
    BSDst  ~   17.195 [nT]
           dSMRs  ~     0.88   -0.12   -0.93    0.17 [nT, 12/18/00/06]
   DPSDst  ~   -4.663 [nT]
   Spent    42.1% of time waiting for Gamera
            12.1% of time processing Chimp(Helpers)
             9.8% of time processing IMAG
            13.1% of time processing Remix
            22.6% of time processing Tubes(Helpers)
             0.1% of time writing files
    Running @   85.302% of real-time (8 threads)
[0m  [35m
 RAIJU
      UT   = 2001-06-01 23:24:45
      Time =    24.750 [min]
     dtCpl =  5.00E+00 [sec]
     Max/Min dt @ k:
        Max 3.33E+01 [sec] @ 57
        Min 1.38E-01 [sec] @ 160
     Flav : max Press/Den @ L,MLT; DPS-dst
        0: P =   0.00, D =9075.91 @  1.54 Rp,12.07 MLT; DPS:   0.00
        1: P =   0.10, D =   0.25 @  6.77 Rp,20.24 MLT; DPS:  -0.48
        2: P =   3.08, D =   0.43 @  3.95 Rp,20.87 MLT; DPS:  -5.09
[0m [32m<Writing HDF5 DATA @ t =    24.667 [min] >[0m 
[32m<Writing RAIJU HDF5 DATA @ t =    24.750 [min] >[0m 
 [36m
 GAMERA
      Time =    24.752 [min]
        ts =    17231
        dt =  1.01E-01 [sec]
    dt/dt0 =   84.929%
    Spent     0.0% of time waiting for Voltron
      kZCs =   3414.28 /   1302.52 [MHD/TOT] (8 threads)
[0m       CPCP =   73.125  68.969 [kV, N/S]
 [34m
 VOLTRON
      UT   = 2001-06-01 23:24:45
      tilt =    0.000 [deg]
    Sym-H  =   -5.000 [nT]
    BSDst  ~   17.175 [nT]
           dSMRs  ~     0.88   -0.12   -0.93    0.17 [nT, 12/18/00/06]
   DPSDst  ~   -4.658 [nT]
   Spent    42.2% of time waiting for Gamera
            12.0% of time processing Chimp(Helpers)
             9.8% of time processing IMAG
            13.1% of time processing Remix
            22.6% of time processing Tubes(Helpers)
             0.1% of time writing files
    Running @   85.382% of real-time (8 threads)
[0m  [35m
 RAIJU
      UT   = 2001-06-01 23:24:50
      Time =    24.833 [min]
     dtCpl =  5.00E+00 [sec]
     Max/Min dt @ k:
        Max 3.32E+01 [sec] @ 57
        Min 1.38E-01 [sec] @ 160
     Flav : max Press/Den @ L,MLT; DPS-dst
        0: P =   0.00, D =9075.91 @  1.54 Rp,12.07 MLT; DPS:   0.00
        1: P =   0.10, D =   0.25 @  6.77 Rp,20.24 MLT; DPS:  -0.48
        2: P =   3.08, D =   0.43 @  3.95 Rp,20.60 MLT; DPS:  -5.08
[0m [32m<Writing HDF5 DATA @ t =    24.752 [min] >[0m 
[32m<Writing RAIJU HDF5 DATA @ t =    24.833 [min] >[0m 
 [36m
 GAMERA
      Time =    24.834 [min]
        ts =    17280
        dt =  1.01E-01 [sec]
    dt/dt0 =   84.916%
    Spent     0.0% of time waiting for Voltron
      kZCs =   3416.56 /   1288.97 [MHD/TOT] (8 threads)
[0m       CPCP =   73.133  68.924 [kV, N/S]
 [34m
 VOLTRON
      UT   = 2001-06-01 23:24:50
      tilt =    0.000 [deg]
    Sym-H  =   -5.000 [nT]
    BSDst  ~   17.155 [nT]
           dSMRs  ~     0.88   -0.12   -0.93    0.17 [nT, 12/18/00/06]
   DPSDst  ~   -4.657 [nT]
   Spent    42.2% of time waiting for Gamera
            12.1% of time processing Chimp(Helpers)
             9.8% of time processing IMAG
            13.1% of time processing Remix
            22.6% of time processing Tubes(Helpers)
             0.1% of time writing files
    Running @   85.426% of real-time (8 threads)
[0m  [35m
 RAIJU
      UT   = 2001-06-01 23:24:55
      Time =    24.917 [min]
     dtCpl =  5.00E+00 [sec]
     Max/Min dt @ k:
        Max 3.31E+01 [sec] @ 57
        Min 1.38E-01 [sec] @ 160
     Flav : max Press/Den @ L,MLT; DPS-dst
        0: P =   0.00, D =9075.91 @  1.54 Rp,12.07 MLT; DPS:   0.00
        1: P =   0.10, D =   0.25 @  6.77 Rp,20.24 MLT; DPS:  -0.47
        2: P =   3.08, D =   0.43 @  3.95 Rp,20.60 MLT; DPS:  -5.08
[0m [32m<Writing HDF5 DATA @ t =    24.834 [min] >[0m 
[32m<Writing RAIJU HDF5 DATA @ t =    24.917 [min] >[0m 
 [36m
 GAMERA
      Time =    24.917 [min]
        ts =    17329
        dt =  1.01E-01 [sec]
    dt/dt0 =   84.902%
    Spent     0.0% of time waiting for Voltron
      kZCs =   3412.04 /   1287.66 [MHD/TOT] (8 threads)
[0m       CPCP =   73.142  68.901 [kV, N/S]
 [34m
 VOLTRON
      UT   = 2001-06-01 23:24:55
      tilt =    0.000 [deg]
    Sym-H  =   -5.000 [nT]
    BSDst  ~   17.137 [nT]
           dSMRs  ~     0.88   -0.12   -0.93    0.17 [nT, 12/18/00/06]
   DPSDst  ~   -4.653 [nT]
   Spent    42.2% of time waiting for Gamera
            12.1% of time processing Chimp(Helpers)
             9.8% of time processing IMAG
            13.1% of time processing Remix
            22.6% of time processing Tubes(Helpers)
             0.1% of time writing files
    Running @   85.468% of real-time (8 threads)
[0m  [35m
 RAIJU
      UT   = 2001-06-01 23:24:59
      Time =    25.000 [min]
     dtCpl =  5.00E+00 [sec]
     Max/Min dt @ k:
        Max 3.31E+01 [sec] @ 57
        Min 1.38E-01 [sec] @ 160
     Flav : max Press/Den @ L,MLT; DPS-dst
        0: P =   0.00, D =9075.91 @  1.54 Rp,12.07 MLT; DPS:   0.00
        1: P =   0.10, D =   0.25 @  6.77 Rp,20.24 MLT; DPS:  -0.47
        2: P =   3.08, D =   0.43 @  3.95 Rp,20.60 MLT; DPS:  -5.08
[0m [32m<Writing HDF5 DATA @ t =    24.917 [min] >[0m 
[32m<Writing RAIJU HDF5 DATA @ t =    25.000 [min] >[0m 
 [36m
 GAMERA
      Time =    25.001 [min]
        ts =    17379
        dt =  1.01E-01 [sec]
    dt/dt0 =   84.889%
    Spent     0.0% of time waiting for Voltron
      kZCs =   3413.18 /   1298.21 [MHD/TOT] (8 threads)
[0m       CPCP =   73.164  68.907 [kV, N/S]
 [34m
 VOLTRON
      UT   = 2001-06-01 23:25:00
      tilt =    0.000 [deg]
    Sym-H  =   -5.000 [nT]
    BSDst  ~   17.120 [nT]
           dSMRs  ~     0.88   -0.11   -0.93    0.16 [nT, 12/18/00/06]
   DPSDst  ~   -4.652 [nT]
   Spent    42.2% of time waiting for Gamera
            12.0% of time processing Chimp(Helpers)
             9.8% of time processing IMAG
            13.1% of time processing Remix
            22.5% of time processing Tubes(Helpers)
             0.1% of time writing files
    Running @   85.531% of real-time (8 threads)
[0m  [35m
 RAIJU
      UT   = 2001-06-01 23:25:05
      Time =    25.083 [min]
     dtCpl =  5.00E+00 [sec]
     Max/Min dt @ k:
        Max 3.30E+01 [sec] @ 57
        Min 1.38E-01 [sec] @ 160
     Flav : max Press/Den @ L,MLT; DPS-dst
        0: P =   0.00, D =9075.91 @  1.54 Rp,12.07 MLT; DPS:   0.00
        1: P =   0.10, D =   0.25 @  6.78 Rp,20.24 MLT; DPS:  -0.47
        2: P =   3.08, D =   0.43 @  3.95 Rp,20.60 MLT; DPS:  -5.08
[0m [32m<Writing HDF5 DATA @ t =    25.001 [min] >[0m 
[32m<Writing RAIJU HDF5 DATA @ t =    25.083 [min] >[0m 
 [36m
 GAMERA
      Time =    25.084 [min]
        ts =    17428
        dt =  1.01E-01 [sec]
    dt/dt0 =   84.878%
    Spent     0.0% of time waiting for Voltron
      kZCs =   3412.04 /   1288.72 [MHD/TOT] (8 threads)
[0m       CPCP =   73.186  68.909 [kV, N/S]
 [34m
 VOLTRON
      UT   = 2001-06-01 23:25:05
      tilt =    0.000 [deg]
    Sym-H  =   -5.000 [nT]
    BSDst  ~   17.103 [nT]
           dSMRs  ~     0.89   -0.11   -0.94    0.16 [nT, 12/18/00/06]
   DPSDst  ~   -4.644 [nT]
   Spent    42.2% of time waiting for Gamera
            12.1% of time processing Chimp(Helpers)
             9.8% of time processing IMAG
            13.1% of time processing Remix
            22.5% of time processing Tubes(Helpers)
             0.0% of time writing files
    Running @   85.560% of real-time (8 threads)
[0m  [35m
 RAIJU
      UT   = 2001-06-01 23:25:10
      Time =    25.167 [min]
     dtCpl =  5.00E+00 [sec]
     Max/Min dt @ k:
        Max 3.29E+01 [sec] @ 57
        Min 1.38E-01 [sec] @ 160
     Flav : max Press/Den @ L,MLT; DPS-dst
        0: P =   0.00, D =9075.91 @  1.54 Rp,12.07 MLT; DPS:   0.00
        1: P =   0.10, D =   0.25 @  6.78 Rp,20.24 MLT; DPS:  -0.47
        2: P =   3.08, D =   0.43 @  3.95 Rp,20.60 MLT; DPS:  -5.08
[0m [32m<Writing HDF5 DATA @ t =    25.084 [min] >[0m 
[32m<Writing RAIJU HDF5 DATA @ t =    25.167 [min] >[0m 
 [36m
 GAMERA
      Time =    25.168 [min]
        ts =    17478
        dt =  1.01E-01 [sec]
    dt/dt0 =   84.866%
    Spent     0.0% of time waiting for Voltron
      kZCs =   3414.44 /   1298.67 [MHD/TOT] (8 threads)
[0m       CPCP =   73.220  68.899 [kV, N/S]
 [34m
 VOLTRON
      UT   = 2001-06-01 23:25:10
      tilt =    0.000 [deg]
    Sym-H  =   -5.000 [nT]
    BSDst  ~   17.087 [nT]
           dSMRs  ~     0.89   -0.11   -0.94    0.16 [nT, 12/18/00/06]
   DPSDst  ~   -4.643 [nT]
   Spent    42.2% of time waiting for Gamera
            12.0% of time processing Chimp(Helpers)
             9.8% of time processing IMAG
            13.1% of time processing Remix
            22.5% of time processing Tubes(Helpers)
             0.0% of time writing files
    Running @   85.615% of real-time (8 threads)
[0m  [35m
 RAIJU
      UT   = 2001-06-01 23:25:15
      Time =    25.250 [min]
     dtCpl =  5.00E+00 [sec]
     Max/Min dt @ k:
        Max 3.28E+01 [sec] @ 57
        Min 1.38E-01 [sec] @ 160
     Flav : max Press/Den @ L,MLT; DPS-dst
        0: P =   0.00, D =9075.91 @  1.54 Rp,12.07 MLT; DPS:   0.00
        1: P =   0.10, D =   0.25 @  6.78 Rp,20.24 MLT; DPS:  -0.47
        2: P =   3.08, D =   0.43 @  3.95 Rp,20.47 MLT; DPS:  -5.08
[0m [32m<Writing HDF5 DATA @ t =    25.168 [min] >[0m 
[32m<Writing RAIJU HDF5 DATA @ t =    25.250 [min] >[0m 
 [36m
 GAMERA
      Time =    25.250 [min]
        ts =    17527
        dt =  1.01E-01 [sec]
    dt/dt0 =   84.855%
    Spent     0.0% of time waiting for Voltron
      kZCs =   3414.95 /   1289.13 [MHD/TOT] (8 threads)
[0m       CPCP =   73.254  68.894 [kV, N/S]
 [34m
 VOLTRON
      UT   = 2001-06-01 23:25:15
      tilt =    0.000 [deg]
    Sym-H  =   -5.000 [nT]
    BSDst  ~   17.071 [nT]
           dSMRs  ~     0.89   -0.11   -0.94    0.16 [nT, 12/18/00/06]
   DPSDst  ~   -4.639 [nT]
   Spent    42.2% of time waiting for Gamera
            12.1% of time processing Chimp(Helpers)
             9.8% of time processing IMAG
            13.1% of time processing Remix
            22.5% of time processing Tubes(Helpers)
             0.0% of time writing files
    Running @   85.650% of real-time (8 threads)
[0m  [35m
 RAIJU
      UT   = 2001-06-01 23:25:20
      Time =    25.333 [min]
     dtCpl =  5.00E+00 [sec]
     Max/Min dt @ k:
        Max 3.27E+01 [sec] @ 57
        Min 1.38E-01 [sec] @ 160
     Flav : max Press/Den @ L,MLT; DPS-dst
        0: P =   0.00, D =9075.91 @  1.54 Rp,12.07 MLT; DPS:   0.00
        1: P =   0.10, D =   0.25 @  6.78 Rp,20.25 MLT; DPS:  -0.47
        2: P =   3.08, D =   0.43 @  3.95 Rp,20.47 MLT; DPS:  -5.07
[0m [32m<Writing HDF5 DATA @ t =    25.250 [min] >[0m 
[32m<Writing RAIJU HDF5 DATA @ t =    25.333 [min] >[0m 
 [36m
 GAMERA
      Time =    25.334 [min]
        ts =    17577
        dt =  1.01E-01 [sec]
    dt/dt0 =   84.844%
    Spent     0.0% of time waiting for Voltron
      kZCs =   3414.12 /   1299.54 [MHD/TOT] (8 threads)
[0m       CPCP =   73.273  68.911 [kV, N/S]
 [34m
 VOLTRON
      UT   = 2001-06-01 23:25:20
      tilt =    0.000 [deg]
    Sym-H  =   -5.000 [nT]
    BSDst  ~   17.055 [nT]
           dSMRs  ~     0.90   -0.11   -0.94    0.15 [nT, 12/18/00/06]
   DPSDst  ~   -4.636 [nT]
   Spent    42.2% of time waiting for Gamera
            12.0% of time processing Chimp(Helpers)
             9.8% of time processing IMAG
            13.2% of time processing Remix
            22.5% of time processing Tubes(Helpers)
             0.0% of time writing files
    Running @   85.702% of real-time (8 threads)
[0m  [35m
 RAIJU
      UT   = 2001-06-01 23:25:25
      Time =    25.417 [min]
     dtCpl =  5.00E+00 [sec]
     Max/Min dt @ k:
        Max 3.26E+01 [sec] @ 57
        Min 1.38E-01 [sec] @ 160
     Flav : max Press/Den @ L,MLT; DPS-dst
        0: P =   0.00, D =9075.91 @  1.54 Rp,12.07 MLT; DPS:   0.00
        1: P =   0.10, D =   0.25 @  6.78 Rp,20.25 MLT; DPS:  -0.46
        2: P =   3.08, D =   0.43 @  3.95 Rp,20.47 MLT; DPS:  -5.07
[0m [32m<Writing HDF5 DATA @ t =    25.334 [min] >[0m 
[32m<Writing RAIJU HDF5 DATA @ t =    25.417 [min] >[0m 
 [36m
 GAMERA
      Time =    25.417 [min]
        ts =    17626
        dt =  1.01E-01 [sec]
    dt/dt0 =   84.832%
    Spent     0.0% of time waiting for Voltron
      kZCs =   3415.75 /   1289.53 [MHD/TOT] (8 threads)
[0m       CPCP =   73.247  68.939 [kV, N/S]
 [34m
 VOLTRON
      UT   = 2001-06-01 23:25:25
      tilt =    0.000 [deg]
    Sym-H  =   -5.000 [nT]
    BSDst  ~   17.037 [nT]
           dSMRs  ~     0.90   -0.11   -0.95    0.15 [nT, 12/18/00/06]
   DPSDst  ~   -4.634 [nT]
   Spent    42.2% of time waiting for Gamera
            12.1% of time processing Chimp(Helpers)
             9.8% of time processing IMAG
            13.1% of time processing Remix
            22.5% of time processing Tubes(Helpers)
             0.0% of time writing files
    Running @   85.734% of real-time (8 threads)
[0m  [35m
 RAIJU
      UT   = 2001-06-01 23:25:30
      Time =    25.500 [min]
     dtCpl =  5.00E+00 [sec]
     Max/Min dt @ k:
        Max 3.26E+01 [sec] @ 57
        Min 1.38E-01 [sec] @ 160
     Flav : max Press/Den @ L,MLT; DPS-dst
        0: P =   0.00, D =9075.91 @  1.54 Rp,12.07 MLT; DPS:   0.00
        1: P =   0.10, D =   0.25 @  6.78 Rp,20.25 MLT; DPS:  -0.46
        2: P =   3.08, D =   0.43 @  3.95 Rp,20.47 MLT; DPS:  -5.07
[0m [32m<Writing HDF5 DATA @ t =    25.417 [min] >[0m 
[32m<Writing RAIJU HDF5 DATA @ t =    25.500 [min] >[0m 
 [36m
 GAMERA
      Time =    25.501 [min]
        ts =    17676
        dt =  1.01E-01 [sec]
    dt/dt0 =   84.818%
    Spent     0.0% of time waiting for Voltron
      kZCs =   3414.12 /   1305.34 [MHD/TOT] (8 threads)
[0m       CPCP =   73.214  68.968 [kV, N/S]
 [34m
 VOLTRON
      UT   = 2001-06-01 23:25:30
      tilt =    0.000 [deg]
    Sym-H  =   -5.000 [nT]
    BSDst  ~   17.018 [nT]
           dSMRs  ~     0.91   -0.11   -0.95    0.15 [nT, 12/18/00/06]
   DPSDst  ~   -4.630 [nT]
   Spent    42.3% of time waiting for Gamera
            12.1% of time processing Chimp(Helpers)
             9.8% of time processing IMAG
            13.1% of time processing Remix
            22.5% of time processing Tubes(Helpers)
             0.0% of time writing files
    Running @   85.802% of real-time (8 threads)
[0m  [35m
 RAIJU
      UT   = 2001-06-01 23:25:35
      Time =    25.583 [min]
     dtCpl =  5.00E+00 [sec]
     Max/Min dt @ k:
        Max 3.25E+01 [sec] @ 57
        Min 1.38E-01 [sec] @ 160
     Flav : max Press/Den @ L,MLT; DPS-dst
        0: P =   0.00, D =9075.91 @  1.54 Rp,12.07 MLT; DPS:   0.00
        1: P =   0.10, D =   0.25 @  6.78 Rp,20.25 MLT; DPS:  -0.46
        2: P =   3.08, D =   0.43 @  3.95 Rp,20.47 MLT; DPS:  -5.07
[0m [32m<Writing HDF5 DATA @ t =    25.501 [min] >[0m 
[32m<Writing RAIJU HDF5 DATA @ t =    25.583 [min] >[0m 
 [36m
 GAMERA
      Time =    25.584 [min]
        ts =    17725
        dt =  1.01E-01 [sec]
    dt/dt0 =   84.804%
    Spent     0.0% of time waiting for Voltron
      kZCs =   3413.98 /   1290.93 [MHD/TOT] (8 threads)
[0m       CPCP =   73.183  69.008 [kV, N/S]
 [34m
 VOLTRON
      UT   = 2001-06-01 23:25:35
      tilt =    0.000 [deg]
    Sym-H  =   -5.000 [nT]
    BSDst  ~   16.999 [nT]
           dSMRs  ~     0.91   -0.11   -0.95    0.15 [nT, 12/18/00/06]
   DPSDst  ~   -4.626 [nT]
   Spent    42.3% of time waiting for Gamera
            12.1% of time processing Chimp(Helpers)
             9.8% of time processing IMAG
            13.1% of time processing Remix
            22.5% of time processing Tubes(Helpers)
             0.0% of time writing files
    Running @   85.822% of real-time (8 threads)
[0m  [35m
 RAIJU
      UT   = 2001-06-01 23:25:40
      Time =    25.667 [min]
     dtCpl =  5.00E+00 [sec]
     Max/Min dt @ k:
        Max 3.24E+01 [sec] @ 58
        Min 1.38E-01 [sec] @ 160
     Flav : max Press/Den @ L,MLT; DPS-dst
        0: P =   0.00, D =9075.91 @  1.54 Rp,12.07 MLT; DPS:   0.00
        1: P =   0.10, D =   0.25 @  6.78 Rp,20.25 MLT; DPS:  -0.46
        2: P =   3.08, D =   0.43 @  3.95 Rp,20.47 MLT; DPS:  -5.06
[0m [32m<Writing HDF5 DATA @ t =    25.584 [min] >[0m 
[32m<Writing RAIJU HDF5 DATA @ t =    25.667 [min] >[0m 
 [36m
 GAMERA
      Time =    25.668 [min]
        ts =    17775
        dt =  1.01E-01 [sec]
    dt/dt0 =   84.788%
    Spent     0.0% of time waiting for Voltron
      kZCs =   3415.71 /   1299.84 [MHD/TOT] (8 threads)
[0m       CPCP =   73.163  69.051 [kV, N/S]
 [34m
 VOLTRON
      UT   = 2001-06-01 23:25:40
      tilt =    0.000 [deg]
    Sym-H  =   -5.000 [nT]
    BSDst  ~   16.979 [nT]
           dSMRs  ~     0.92   -0.10   -0.96    0.15 [nT, 12/18/00/06]
   DPSDst  ~   -4.623 [nT]
   Spent    42.3% of time waiting for Gamera
            12.1% of time processing Chimp(Helpers)
             9.8% of time processing IMAG
            13.1% of time processing Remix
            22.4% of time processing Tubes(Helpers)
             0.0% of time writing files
    Running @   85.874% of real-time (8 threads)
[0m  [35m
 RAIJU
      UT   = 2001-06-01 23:25:45
      Time =    25.750 [min]
     dtCpl =  5.00E+00 [sec]
     Max/Min dt @ k:
        Max 3.23E+01 [sec] @ 58
        Min 1.38E-01 [sec] @ 160
     Flav : max Press/Den @ L,MLT; DPS-dst
        0: P =   0.00, D =9075.91 @  1.54 Rp,12.07 MLT; DPS:   0.00
        1: P =   0.10, D =   0.25 @  6.79 Rp,20.25 MLT; DPS:  -0.46
        2: P =   3.08, D =   0.43 @  3.95 Rp,20.47 MLT; DPS:  -5.06
[0m [32m<Writing HDF5 DATA @ t =    25.668 [min] >[0m 
[32m<Writing RAIJU HDF5 DATA @ t =    25.750 [min] >[0m 
 [36m
 GAMERA
      Time =    25.750 [min]
        ts =    17824
        dt =  1.01E-01 [sec]
    dt/dt0 =   84.773%
    Spent     0.0% of time waiting for Voltron
      kZCs =   3414.46 /   1285.28 [MHD/TOT] (8 threads)
[0m       CPCP =   73.160  69.082 [kV, N/S]
 [34m
 VOLTRON
      UT   = 2001-06-01 23:25:45
      tilt =    0.000 [deg]
    Sym-H  =   -5.000 [nT]
    BSDst  ~   16.962 [nT]
           dSMRs  ~     0.92   -0.10   -0.96    0.14 [nT, 12/18/00/06]
   DPSDst  ~   -4.619 [nT]
   Spent    42.3% of time waiting for Gamera
            12.1% of time processing Chimp(Helpers)
             9.8% of time processing IMAG
            13.2% of time processing Remix
            22.4% of time processing Tubes(Helpers)
             0.0% of time writing files
    Running @   85.882% of real-time (8 threads)
[0m  [35m
 RAIJU
      UT   = 2001-06-01 23:25:50
      Time =    25.833 [min]
     dtCpl =  5.00E+00 [sec]
     Max/Min dt @ k:
        Max 3.23E+01 [sec] @ 58
        Min 1.38E-01 [sec] @ 160
     Flav : max Press/Den @ L,MLT; DPS-dst
        0: P =   0.00, D =9075.91 @  1.54 Rp,12.07 MLT; DPS:   0.00
        1: P =   0.10, D =   0.25 @  6.79 Rp,20.25 MLT; DPS:  -0.46
        2: P =   3.08, D =   0.43 @  3.95 Rp,20.34 MLT; DPS:  -5.06
[0m [32m<Writing HDF5 DATA @ t =    25.750 [min] >[0m 
[32m<Writing RAIJU HDF5 DATA @ t =    25.833 [min] >[0m 
 [36m
 GAMERA
      Time =    25.834 [min]
        ts =    17874
        dt =  1.01E-01 [sec]
    dt/dt0 =   84.758%
    Spent     0.0% of time waiting for Voltron
      kZCs =   3412.54 /   1301.14 [MHD/TOT] (8 threads)
[0m       CPCP =   73.166  69.094 [kV, N/S]
 [34m
 VOLTRON
      UT   = 2001-06-01 23:25:50
      tilt =    0.000 [deg]
    Sym-H  =   -5.000 [nT]
    BSDst  ~   16.943 [nT]
           dSMRs  ~     0.93   -0.10   -0.96    0.14 [nT, 12/18/00/06]
   DPSDst  ~   -4.618 [nT]
   Spent    42.3% of time waiting for Gamera
            12.0% of time processing Chimp(Helpers)
             9.8% of time processing IMAG
            13.2% of time processing Remix
            22.4% of time processing Tubes(Helpers)
             0.0% of time writing files
    Running @   85.921% of real-time (8 threads)
[0m  [35m
 RAIJU
      UT   = 2001-06-01 23:25:55
      Time =    25.917 [min]
     dtCpl =  5.00E+00 [sec]
     Max/Min dt @ k:
        Max 3.22E+01 [sec] @ 58
        Min 1.38E-01 [sec] @ 160
     Flav : max Press/Den @ L,MLT; DPS-dst
        0: P =   0.00, D =9075.91 @  1.54 Rp,12.07 MLT; DPS:   0.00
        1: P =   0.10, D =   0.25 @  6.79 Rp,20.25 MLT; DPS:  -0.46
        2: P =   3.08, D =   0.43 @  3.95 Rp,20.34 MLT; DPS:  -5.06
[0m [32m<Writing HDF5 DATA @ t =    25.834 [min] >[0m 
[32m<Writing RAIJU HDF5 DATA @ t =    25.917 [min] >[0m 
 [36m
 GAMERA
      Time =    25.918 [min]
        ts =    17924
        dt =  1.01E-01 [sec]
    dt/dt0 =   84.743%
    Spent     0.0% of time waiting for Voltron
      kZCs =   3413.18 /   1307.72 [MHD/TOT] (8 threads)
[0m       CPCP =   73.179  69.085 [kV, N/S]
 [34m
 VOLTRON
      UT   = 2001-06-01 23:25:55
      tilt =    0.000 [deg]
    Sym-H  =   -5.000 [nT]
    BSDst  ~   16.927 [nT]
           dSMRs  ~     0.93   -0.10   -0.96    0.14 [nT, 12/18/00/06]
   DPSDst  ~   -4.615 [nT]
   Spent    42.4% of time waiting for Gamera
            12.0% of time processing Chimp(Helpers)
             9.8% of time processing IMAG
            13.1% of time processing Remix
            22.4% of time processing Tubes(Helpers)
             0.0% of time writing files
    Running @   85.985% of real-time (8 threads)
[0m  [35m
 RAIJU
      UT   = 2001-06-01 23:25:59
      Time =    26.000 [min]
     dtCpl =  5.00E+00 [sec]
     Max/Min dt @ k:
        Max 3.22E+01 [sec] @ 58
        Min 1.38E-01 [sec] @ 160
     Flav : max Press/Den @ L,MLT; DPS-dst
        0: P =   0.00, D =9075.91 @  1.54 Rp,12.07 MLT; DPS:   0.00
        1: P =   0.10, D =   0.25 @  6.79 Rp,20.25 MLT; DPS:  -0.45
        2: P =   3.08, D =   0.43 @  3.95 Rp,20.34 MLT; DPS:  -5.05
[0m [32m<Writing HDF5 DATA @ t =    25.918 [min] >[0m 
[32m<Writing RAIJU HDF5 DATA @ t =    26.000 [min] >[0m 
 [36m
 GAMERA
      Time =    26.001 [min]
        ts =    17973
        dt =  1.01E-01 [sec]
    dt/dt0 =   84.728%
    Spent     0.0% of time waiting for Voltron
      kZCs =   3414.95 /   1292.18 [MHD/TOT] (8 threads)
[0m       CPCP =   73.214  69.043 [kV, N/S]
 [34m
 VOLTRON
      UT   = 2001-06-01 23:26:00
      tilt =    0.000 [deg]
    Sym-H  =   -5.000 [nT]
    BSDst  ~   16.911 [nT]
           dSMRs  ~     0.93   -0.10   -0.96    0.13 [nT, 12/18/00/06]
   DPSDst  ~   -4.614 [nT]
   Spent    42.3% of time waiting for Gamera
            12.1% of time processing Chimp(Helpers)
             9.9% of time processing IMAG
            13.1% of time processing Remix
            22.4% of time processing Tubes(Helpers)
             0.0% of time writing files
    Running @   86.002% of real-time (8 threads)
[0m  [35m
 RAIJU
      UT   = 2001-06-01 23:26:05
      Time =    26.083 [min]
     dtCpl =  5.00E+00 [sec]
     Max/Min dt @ k:
        Max 3.21E+01 [sec] @ 58
        Min 1.38E-01 [sec] @ 160
     Flav : max Press/Den @ L,MLT; DPS-dst
        0: P =   0.00, D =9075.91 @  1.54 Rp,12.07 MLT; DPS:   0.00
        1: P =   0.10, D =   0.25 @  6.79 Rp,20.25 MLT; DPS:  -0.45
        2: P =   3.08, D =   0.43 @  3.95 Rp,20.34 MLT; DPS:  -5.05
[0m [32m<Writing HDF5 DATA @ t =    26.001 [min] >[0m 
[32m<Writing RAIJU HDF5 DATA @ t =    26.083 [min] >[0m 
 [36m
 GAMERA
      Time =    26.085 [min]
        ts =    18023
        dt =  1.01E-01 [sec]
    dt/dt0 =   84.711%
    Spent     0.0% of time waiting for Voltron
      kZCs =   3415.39 /   1309.44 [MHD/TOT] (8 threads)
[0m       CPCP =   73.254  68.994 [kV, N/S]
 [34m
 VOLTRON
      UT   = 2001-06-01 23:26:05
      tilt =    0.000 [deg]
    Sym-H  =   -5.000 [nT]
    BSDst  ~   16.895 [nT]
           dSMRs  ~     0.94   -0.10   -0.96    0.13 [nT, 12/18/00/06]
   DPSDst  ~   -4.611 [nT]
   Spent    42.4% of time waiting for Gamera
            12.1% of time processing Chimp(Helpers)
             9.8% of time processing IMAG
            13.1% of time processing Remix
            22.4% of time processing Tubes(Helpers)
             0.0% of time writing files
    Running @   86.067% of real-time (8 threads)
[0m  [35m
 RAIJU
      UT   = 2001-06-01 23:26:10
      Time =    26.167 [min]
     dtCpl =  5.00E+00 [sec]
     Max/Min dt @ k:
        Max 3.20E+01 [sec] @ 58
        Min 1.38E-01 [sec] @ 160
     Flav : max Press/Den @ L,MLT; DPS-dst
        0: P =   0.00, D =9075.91 @  1.54 Rp,12.07 MLT; DPS:   0.00
        1: P =   0.10, D =   0.25 @  6.79 Rp,20.25 MLT; DPS:  -0.45
        2: P =   3.08, D =   0.43 @  3.95 Rp,20.34 MLT; DPS:  -5.05
[0m [32m<Writing HDF5 DATA @ t =    26.085 [min] >[0m 
[32m<Writing RAIJU HDF5 DATA @ t =    26.167 [min] >[0m 
 [36m
 GAMERA
      Time =    26.167 [min]
        ts =    18072
        dt =  1.01E-01 [sec]
    dt/dt0 =   84.693%
    Spent     0.0% of time waiting for Voltron
      kZCs =   3414.95 /   1293.43 [MHD/TOT] (8 threads)
[0m       CPCP =   73.279  68.985 [kV, N/S]
 [34m
 VOLTRON
      UT   = 2001-06-01 23:26:10
      tilt =    0.000 [deg]
    Sym-H  =   -5.000 [nT]
    BSDst  ~   16.881 [nT]
           dSMRs  ~     0.94   -0.11   -0.97    0.13 [nT, 12/18/00/06]
   DPSDst  ~   -4.608 [nT]
   Spent    42.4% of time waiting for Gamera
            12.1% of time processing Chimp(Helpers)
             9.9% of time processing IMAG
            13.1% of time processing Remix
            22.4% of time processing Tubes(Helpers)
             0.0% of time writing files
    Running @   85.919% of real-time (8 threads)
[0m  [35m
 RAIJU
      UT   = 2001-06-01 23:26:15
      Time =    26.250 [min]
     dtCpl =  5.00E+00 [sec]
     Max/Min dt @ k:
        Max 3.19E+01 [sec] @ 58
        Min 1.38E-01 [sec] @ 160
     Flav : max Press/Den @ L,MLT; DPS-dst
        0: P =   0.00, D =9075.91 @  1.54 Rp,12.07 MLT; DPS:   0.00
        1: P =   0.09, D =   0.26 @  6.79 Rp,20.25 MLT; DPS:  -0.45
        2: P =   3.08, D =   0.42 @  3.95 Rp,20.20 MLT; DPS:  -5.05
[0m [32m<Writing HDF5 DATA @ t =    26.167 [min] >[0m 
[32m<Writing RAIJU HDF5 DATA @ t =    26.250 [min] >[0m 
 [36m
 GAMERA
      Time =    26.251 [min]
        ts =    18122
        dt =  1.01E-01 [sec]
    dt/dt0 =   84.675%
    Spent     0.0% of time waiting for Voltron
      kZCs =   3411.12 /   1308.84 [MHD/TOT] (8 threads)
[0m       CPCP =   73.307  68.990 [kV, N/S]
 [34m
 VOLTRON
      UT   = 2001-06-01 23:26:15
      tilt =    0.000 [deg]
    Sym-H  =   -5.000 [nT]
    BSDst  ~   16.868 [nT]
           dSMRs  ~     0.95   -0.11   -0.97    0.13 [nT, 12/18/00/06]
   DPSDst  ~   -4.604 [nT]
   Spent    42.4% of time waiting for Gamera
            12.1% of time processing Chimp(Helpers)
             9.8% of time processing IMAG
            13.0% of time processing Remix
            22.4% of time processing Tubes(Helpers)
             0.0% of time writing files
    Running @   85.983% of real-time (8 threads)
[0m  [35m
 RAIJU
      UT   = 2001-06-01 23:26:20
      Time =    26.333 [min]
     dtCpl =  5.00E+00 [sec]
     Max/Min dt @ k:
        Max 3.18E+01 [sec] @ 58
        Min 1.38E-01 [sec] @ 160
     Flav : max Press/Den @ L,MLT; DPS-dst
        0: P =   0.00, D =9075.91 @  1.54 Rp,12.07 MLT; DPS:   0.00
        1: P =   0.09, D =   0.26 @  6.79 Rp,20.25 MLT; DPS:  -0.45
        2: P =   3.08, D =   0.43 @  3.96 Rp,23.34 MLT; DPS:  -5.05
[0m [32m<Writing HDF5 DATA @ t =    26.251 [min] >[0m 
[32m<Writing RAIJU HDF5 DATA @ t =    26.333 [min] >[0m 
 [36m
 GAMERA
      Time =    26.333 [min]
        ts =    18171
        dt =  1.01E-01 [sec]
    dt/dt0 =   84.660%
    Spent     0.0% of time waiting for Voltron
      kZCs =   3414.95 /   1294.75 [MHD/TOT] (8 threads)
[0m       CPCP =   73.330  69.011 [kV, N/S]
 [34m
 VOLTRON
      UT   = 2001-06-01 23:26:20
      tilt =    0.000 [deg]
    Sym-H  =   -5.000 [nT]
    BSDst  ~   16.857 [nT]
           dSMRs  ~     0.95   -0.11   -0.97    0.13 [nT, 12/18/00/06]
   DPSDst  ~   -4.603 [nT]
   Spent    42.4% of time waiting for Gamera
            12.1% of time processing Chimp(Helpers)
             9.9% of time processing IMAG
            13.0% of time processing Remix
            22.4% of time processing Tubes(Helpers)
             0.0% of time writing files
    Running @   85.823% of real-time (8 threads)
[0m  [35m
 RAIJU
      UT   = 2001-06-01 23:26:25
      Time =    26.417 [min]
     dtCpl =  5.00E+00 [sec]
     Max/Min dt @ k:
        Max 3.17E+01 [sec] @ 58
        Min 1.38E-01 [sec] @ 160
     Flav : max Press/Den @ L,MLT; DPS-dst
        0: P =   0.00, D =9075.91 @  1.54 Rp,12.07 MLT; DPS:   0.00
        1: P =   0.09, D =   0.26 @  6.79 Rp,20.25 MLT; DPS:  -0.45
        2: P =   3.08, D =   0.43 @  3.96 Rp,23.34 MLT; DPS:  -5.05
[0m [32m<Writing HDF5 DATA @ t =    26.333 [min] >[0m 
[32m<Writing RAIJU HDF5 DATA @ t =    26.417 [min] >[0m 
 [36m
 GAMERA
      Time =    26.417 [min]
        ts =    18221
        dt =  1.01E-01 [sec]
    dt/dt0 =   84.647%
    Spent     0.0% of time waiting for Voltron
      kZCs =   3414.60 /   1309.79 [MHD/TOT] (8 threads)
[0m       CPCP =   73.360  69.043 [kV, N/S]
 [34m
 VOLTRON
      UT   = 2001-06-01 23:26:25
      tilt =    0.000 [deg]
    Sym-H  =   -5.000 [nT]
    BSDst  ~   16.845 [nT]
           dSMRs  ~     0.95   -0.11   -0.97    0.13 [nT, 12/18/00/06]
   DPSDst  ~   -4.602 [nT]
   Spent    42.5% of time waiting for Gamera
            12.1% of time processing Chimp(Helpers)
             9.9% of time processing IMAG
            13.0% of time processing Remix
            22.4% of time processing Tubes(Helpers)
             0.0% of time writing files
    Running @   85.887% of real-time (8 threads)
[0m  [35m
 RAIJU
      UT   = 2001-06-01 23:26:30
      Time =    26.500 [min]
     dtCpl =  5.00E+00 [sec]
     Max/Min dt @ k:
        Max 3.16E+01 [sec] @ 58
        Min 1.38E-01 [sec] @ 160
     Flav : max Press/Den @ L,MLT; DPS-dst
        0: P =   0.00, D =9075.91 @  1.54 Rp,12.07 MLT; DPS:   0.00
        1: P =   0.09, D =   0.26 @  6.79 Rp,20.25 MLT; DPS:  -0.45
        2: P =   3.08, D =   0.43 @  3.96 Rp,23.34 MLT; DPS:  -5.05
[0m [32m<Writing HDF5 DATA @ t =    26.417 [min] >[0m 
[32m<Writing RAIJU HDF5 DATA @ t =    26.500 [min] >[0m 
 [36m
 GAMERA
      Time =    26.501 [min]
        ts =    18271
        dt =  1.01E-01 [sec]
    dt/dt0 =   84.635%
    Spent     0.0% of time waiting for Voltron
      kZCs =   3413.02 /   1309.23 [MHD/TOT] (8 threads)
[0m       CPCP =   73.390  69.087 [kV, N/S]
 [34m
 VOLTRON
      UT   = 2001-06-01 23:26:30
      tilt =    0.000 [deg]
    Sym-H  =   -5.000 [nT]
    BSDst  ~   16.832 [nT]
           dSMRs  ~     0.95   -0.11   -0.97    0.13 [nT, 12/18/00/06]
   DPSDst  ~   -4.598 [nT]
   Spent    42.5% of time waiting for Gamera
            12.1% of time processing Chimp(Helpers)
             9.9% of time processing IMAG
            13.0% of time processing Remix
            22.4% of time processing Tubes(Helpers)
             0.0% of time writing files
    Running @   85.944% of real-time (8 threads)
[0m  [35m
 RAIJU
      UT   = 2001-06-01 23:26:35
      Time =    26.583 [min]
     dtCpl =  5.00E+00 [sec]
     Max/Min dt @ k:
        Max 3.16E+01 [sec] @ 58
        Min 1.38E-01 [sec] @ 160
     Flav : max Press/Den @ L,MLT; DPS-dst
        0: P =   0.00, D =9075.91 @  1.54 Rp,12.07 MLT; DPS:   0.00
        1: P =   0.09, D =   0.26 @  6.79 Rp,20.25 MLT; DPS:  -0.45
        2: P =   3.08, D =   0.43 @  3.96 Rp,23.34 MLT; DPS:  -5.04
[0m [32m<Writing HDF5 DATA @ t =    26.501 [min] >[0m 
[32m<Writing RAIJU HDF5 DATA @ t =    26.583 [min] >[0m 
 [36m
 GAMERA
      Time =    26.584 [min]
        ts =    18320
        dt =  1.01E-01 [sec]
    dt/dt0 =   84.622%
    Spent     0.0% of time waiting for Voltron
      kZCs =   3412.85 /   1295.12 [MHD/TOT] (8 threads)
[0m       CPCP =   73.400  69.124 [kV, N/S]
 [34m
 VOLTRON
      UT   = 2001-06-01 23:26:35
      tilt =    0.000 [deg]
    Sym-H  =   -5.000 [nT]
    BSDst  ~   16.818 [nT]
           dSMRs  ~     0.95   -0.11   -0.97    0.12 [nT, 12/18/00/06]
   DPSDst  ~   -4.593 [nT]
   Spent    42.5% of time waiting for Gamera
            12.1% of time processing Chimp(Helpers)
             9.9% of time processing IMAG
            13.0% of time processing Remix
            22.4% of time processing Tubes(Helpers)
             0.0% of time writing files
    Running @   85.962% of real-time (8 threads)
[0m  [35m
 RAIJU
      UT   = 2001-06-01 23:26:40
      Time =    26.667 [min]
     dtCpl =  5.00E+00 [sec]
     Max/Min dt @ k:
        Max 3.15E+01 [sec] @ 58
        Min 1.38E-01 [sec] @ 160
     Flav : max Press/Den @ L,MLT; DPS-dst
        0: P =   0.00, D =9075.91 @  1.54 Rp,12.07 MLT; DPS:   0.00
        1: P =   0.09, D =   0.26 @  6.79 Rp,20.25 MLT; DPS:  -0.44
        2: P =   3.08, D =   0.43 @  3.96 Rp,23.34 MLT; DPS:  -5.04
[0m [32m<Writing HDF5 DATA @ t =    26.584 [min] >[0m 
[32m<Writing RAIJU HDF5 DATA @ t =    26.667 [min] >[0m 
 [36m
 GAMERA
      Time =    26.668 [min]
        ts =    18370
        dt =  1.01E-01 [sec]
    dt/dt0 =   84.610%
    Spent     0.0% of time waiting for Voltron
      kZCs =   3413.02 /   1310.07 [MHD/TOT] (8 threads)
[0m       CPCP =   73.395  69.152 [kV, N/S]
 [34m
 VOLTRON
      UT   = 2001-06-01 23:26:40
      tilt =    0.000 [deg]
    Sym-H  =   -5.000 [nT]
    BSDst  ~   16.805 [nT]
           dSMRs  ~     0.95   -0.11   -0.97    0.12 [nT, 12/18/00/06]
   DPSDst  ~   -4.592 [nT]
   Spent    42.5% of time waiting for Gamera
            12.1% of time processing Chimp(Helpers)
             9.9% of time processing IMAG
            12.9% of time processing Remix
            22.4% of time processing Tubes(Helpers)
             0.0% of time writing files
    Running @   85.976% of real-time (8 threads)
[0m  [35m
 RAIJU
      UT   = 2001-06-01 23:26:45
      Time =    26.750 [min]
     dtCpl =  5.00E+00 [sec]
     Max/Min dt @ k:
        Max 3.15E+01 [sec] @ 58
        Min 1.38E-01 [sec] @ 160
     Flav : max Press/Den @ L,MLT; DPS-dst
        0: P =   0.00, D =9075.91 @  1.54 Rp,12.07 MLT; DPS:   0.00
        1: P =   0.09, D =   0.26 @  6.79 Rp,20.25 MLT; DPS:  -0.44
        2: P =   3.08, D =   0.43 @  3.96 Rp,23.34 MLT; DPS:  -5.04
[0m [32m<Writing HDF5 DATA @ t =    26.668 [min] >[0m 
[32m<Writing RAIJU HDF5 DATA @ t =    26.750 [min] >[0m 
 [36m
 GAMERA
      Time =    26.752 [min]
        ts =    18420
        dt =  1.01E-01 [sec]
    dt/dt0 =   84.602%
    Spent     0.0% of time waiting for Voltron
      kZCs =   3416.81 /   1310.91 [MHD/TOT] (8 threads)
[0m       CPCP =   73.394  69.185 [kV, N/S]
 [34m
 VOLTRON
      UT   = 2001-06-01 23:26:45
      tilt =    0.000 [deg]
    Sym-H  =   -5.000 [nT]
    BSDst  ~   16.794 [nT]
           dSMRs  ~     0.96   -0.11   -0.97    0.12 [nT, 12/18/00/06]
   DPSDst  ~   -4.590 [nT]
   Spent    42.6% of time waiting for Gamera
            12.1% of time processing Chimp(Helpers)
             9.9% of time processing IMAG
            12.9% of time processing Remix
            22.3% of time processing Tubes(Helpers)
             0.0% of time writing files
    Running @   86.016% of real-time (8 threads)
[0m  [35m
 RAIJU
      UT   = 2001-06-01 23:26:50
      Time =    26.833 [min]
     dtCpl =  5.00E+00 [sec]
     Max/Min dt @ k:
        Max 3.14E+01 [sec] @ 58
        Min 1.38E-01 [sec] @ 160
     Flav : max Press/Den @ L,MLT; DPS-dst
        0: P =   0.00, D =9075.91 @  1.54 Rp,12.07 MLT; DPS:   0.00
        1: P =   0.09, D =   0.26 @  6.80 Rp,20.25 MLT; DPS:  -0.44
        2: P =   3.08, D =   0.43 @  3.96 Rp,23.60 MLT; DPS:  -5.04
[0m [32m<Writing HDF5 DATA @ t =    26.752 [min] >[0m 
[32m<Writing RAIJU HDF5 DATA @ t =    26.833 [min] >[0m 
 [36m
 GAMERA
      Time =    26.834 [min]
        ts =    18469
        dt =  1.01E-01 [sec]
    dt/dt0 =   84.595%
    Spent     0.0% of time waiting for Voltron
      kZCs =   3415.92 /   1289.43 [MHD/TOT] (8 threads)
[0m       CPCP =   73.394  69.225 [kV, N/S]
 [34m
 VOLTRON
      UT   = 2001-06-01 23:26:50
      tilt =    0.000 [deg]
    Sym-H  =   -5.000 [nT]
    BSDst  ~   16.786 [nT]
           dSMRs  ~     0.96   -0.11   -0.97    0.12 [nT, 12/18/00/06]
   DPSDst  ~   -4.587 [nT]
   Spent    42.5% of time waiting for Gamera
            12.1% of time processing Chimp(Helpers)
             9.9% of time processing IMAG
            13.0% of time processing Remix
            22.3% of time processing Tubes(Helpers)
             0.0% of time writing files
    Running @   86.031% of real-time (8 threads)
[0m  [35m
 RAIJU
      UT   = 2001-06-01 23:26:55
      Time =    26.917 [min]
     dtCpl =  5.00E+00 [sec]
     Max/Min dt @ k:
        Max 3.14E+01 [sec] @ 58
        Min 1.38E-01 [sec] @ 160
     Flav : max Press/Den @ L,MLT; DPS-dst
        0: P =   0.00, D =9075.91 @  1.54 Rp,12.07 MLT; DPS:   0.00
        1: P =   0.09, D =   0.26 @  6.80 Rp,20.25 MLT; DPS:  -0.44
        2: P =   3.08, D =   0.43 @  3.96 Rp,23.60 MLT; DPS:  -5.04
[0m [32m<Writing HDF5 DATA @ t =    26.834 [min] >[0m 
[32m<Writing RAIJU HDF5 DATA @ t =    26.917 [min] >[0m 
 [36m
 GAMERA
      Time =    26.918 [min]
        ts =    18519
        dt =  1.01E-01 [sec]
    dt/dt0 =   84.591%
    Spent     0.0% of time waiting for Voltron
      kZCs =   3411.60 /   1309.18 [MHD/TOT] (8 threads)
[0m       CPCP =   73.379  69.263 [kV, N/S]
 [34m
 VOLTRON
      UT   = 2001-06-01 23:26:55
      tilt =    0.000 [deg]
    Sym-H  =   -5.000 [nT]
    BSDst  ~   16.777 [nT]
           dSMRs  ~     0.97   -0.11   -0.97    0.11 [nT, 12/18/00/06]
   DPSDst  ~   -4.585 [nT]
   Spent    42.6% of time waiting for Gamera
            12.1% of time processing Chimp(Helpers)
             9.9% of time processing IMAG
            13.0% of time processing Remix
            22.3% of time processing Tubes(Helpers)
             0.0% of time writing files
    Running @   86.081% of real-time (8 threads)
[0m  [35m
 RAIJU
      UT   = 2001-06-01 23:26:59
      Time =    27.000 [min]
     dtCpl =  5.00E+00 [sec]
     Max/Min dt @ k:
        Max 3.14E+01 [sec] @ 58
        Min 1.38E-01 [sec] @ 160
     Flav : max Press/Den @ L,MLT; DPS-dst
        0: P =   0.00, D =9075.91 @  1.54 Rp,12.07 MLT; DPS:   0.00
        1: P =   0.09, D =   0.26 @  6.80 Rp,20.25 MLT; DPS:  -0.44
        2: P =   3.08, D =   0.43 @  3.96 Rp,23.60 MLT; DPS:  -5.03
[0m [32m<Writing HDF5 DATA @ t =    26.918 [min] >[0m 
[32m<Writing RAIJU HDF5 DATA @ t =    27.000 [min] >[0m 
 [36m
 GAMERA
      Time =    27.000 [min]
        ts =    18568
        dt =  1.01E-01 [sec]
    dt/dt0 =   84.587%
    Spent     0.0% of time waiting for Voltron
      kZCs =   3412.20 /   1288.58 [MHD/TOT] (8 threads)
[0m       CPCP =   73.365  69.306 [kV, N/S]
 [34m
 VOLTRON
      UT   = 2001-06-01 23:27:00
      tilt =    0.000 [deg]
    Sym-H  =   -5.000 [nT]
    BSDst  ~   16.766 [nT]
           dSMRs  ~     0.97   -0.11   -0.97    0.11 [nT, 12/18/00/06]
   DPSDst  ~   -4.580 [nT]
   Spent    42.5% of time waiting for Gamera
            12.1% of time processing Chimp(Helpers)
             9.9% of time processing IMAG
            13.0% of time processing Remix
            22.3% of time processing Tubes(Helpers)
             0.0% of time writing files
    Running @   86.078% of real-time (8 threads)
[0m  [35m
 RAIJU
      UT   = 2001-06-01 23:27:05
      Time =    27.083 [min]
     dtCpl =  5.00E+00 [sec]
     Max/Min dt @ k:
        Max 3.13E+01 [sec] @ 58
        Min 1.38E-01 [sec] @ 160
     Flav : max Press/Den @ L,MLT; DPS-dst
        0: P =   0.00, D =9075.91 @  1.54 Rp,12.07 MLT; DPS:   0.00
        1: P =   0.09, D =   0.26 @  6.80 Rp,20.25 MLT; DPS:  -0.44
        2: P =   3.08, D =   0.43 @  3.96 Rp,23.60 MLT; DPS:  -5.03
[0m [32m<Writing HDF5 DATA @ t =    27.000 [min] >[0m 
[32m<Writing RAIJU HDF5 DATA @ t =    27.083 [min] >[0m 
 [36m
 GAMERA
      Time =    27.084 [min]
        ts =    18618
        dt =  1.01E-01 [sec]
    dt/dt0 =   84.582%
    Spent     0.0% of time waiting for Voltron
      kZCs =   3410.18 /   1309.44 [MHD/TOT] (8 threads)
[0m       CPCP =   73.354  69.352 [kV, N/S]
 [34m
 VOLTRON
      UT   = 2001-06-01 23:27:05
      tilt =    0.000 [deg]
    Sym-H  =   -5.000 [nT]
    BSDst  ~   16.753 [nT]
           dSMRs  ~     0.98   -0.11   -0.98    0.11 [nT, 12/18/00/06]
   DPSDst  ~   -4.578 [nT]
   Spent    42.5% of time waiting for Gamera
            12.0% of time processing Chimp(Helpers)
             9.9% of time processing IMAG
            13.0% of time processing Remix
            22.3% of time processing Tubes(Helpers)
             0.0% of time writing files
    Running @   86.125% of real-time (8 threads)
[0m  [35m
 RAIJU
      UT   = 2001-06-01 23:27:10
      Time =    27.167 [min]
     dtCpl =  5.00E+00 [sec]
     Max/Min dt @ k:
        Max 3.13E+01 [sec] @ 58
        Min 1.38E-01 [sec] @ 160
     Flav : max Press/Den @ L,MLT; DPS-dst
        0: P =   0.00, D =9075.91 @  1.54 Rp,12.07 MLT; DPS:   0.00
        1: P =   0.09, D =   0.26 @  6.80 Rp,20.25 MLT; DPS:  -0.44
        2: P =   3.08, D =   0.43 @  3.96 Rp,23.60 MLT; DPS:  -5.03
[0m [32m<Writing HDF5 DATA @ t =    27.084 [min] >[0m 
[32m<Writing RAIJU HDF5 DATA @ t =    27.167 [min] >[0m 
 [36m
 GAMERA
      Time =    27.168 [min]
        ts =    18668
        dt =  1.01E-01 [sec]
    dt/dt0 =   84.576%
    Spent     0.0% of time waiting for Voltron
      kZCs =   3411.12 /   1310.49 [MHD/TOT] (8 threads)
[0m       CPCP =   73.339  69.343 [kV, N/S]
 [34m
 VOLTRON
      UT   = 2001-06-01 23:27:10
      tilt =    0.000 [deg]
    Sym-H  =   -5.000 [nT]
    BSDst  ~   16.738 [nT]
           dSMRs  ~     0.98   -0.11   -0.98    0.11 [nT, 12/18/00/06]
   DPSDst  ~   -4.575 [nT]
   Spent    42.6% of time waiting for Gamera
            12.0% of time processing Chimp(Helpers)
             9.9% of time processing IMAG
            13.0% of time processing Remix
            22.3% of time processing Tubes(Helpers)
             0.0% of time writing files
    Running @   86.164% of real-time (8 threads)
[0m  [35m
 RAIJU
      UT   = 2001-06-01 23:27:15
      Time =    27.250 [min]
     dtCpl =  5.00E+00 [sec]
     Max/Min dt @ k:
        Max 3.13E+01 [sec] @ 58
        Min 1.38E-01 [sec] @ 160
     Flav : max Press/Den @ L,MLT; DPS-dst
        0: P =   0.00, D =9075.91 @  1.54 Rp,12.07 MLT; DPS:   0.00
        1: P =   0.09, D =   0.26 @  6.80 Rp,20.25 MLT; DPS:  -0.43
        2: P =   3.08, D =   0.43 @  3.96 Rp,23.60 MLT; DPS:  -5.02
[0m [32m<Writing HDF5 DATA @ t =    27.168 [min] >[0m 
[32m<Writing RAIJU HDF5 DATA @ t =    27.250 [min] >[0m 
 [36m
 GAMERA
      Time =    27.250 [min]
        ts =    18717
        dt =  1.01E-01 [sec]
    dt/dt0 =   84.567%
    Spent     0.0% of time waiting for Voltron
      kZCs =   3413.49 /   1295.54 [MHD/TOT] (8 threads)
[0m       CPCP =   73.333  69.303 [kV, N/S]
 [34m
 VOLTRON
      UT   = 2001-06-01 23:27:15
      tilt =    0.000 [deg]
    Sym-H  =   -5.000 [nT]
    BSDst  ~   16.723 [nT]
           dSMRs  ~     0.98   -0.11   -0.98    0.11 [nT, 12/18/00/06]
   DPSDst  ~   -4.572 [nT]
   Spent    42.5% of time waiting for Gamera
            12.1% of time processing Chimp(Helpers)
             9.9% of time processing IMAG
            13.0% of time processing Remix
            22.3% of time processing Tubes(Helpers)
             0.0% of time writing files
    Running @   86.186% of real-time (8 threads)
[0m  [35m
 RAIJU
      UT   = 2001-06-01 23:27:20
      Time =    27.333 [min]
     dtCpl =  5.00E+00 [sec]
     Max/Min dt @ k:
        Max 3.12E+01 [sec] @ 58
        Min 1.38E-01 [sec] @ 160
     Flav : max Press/Den @ L,MLT; DPS-dst
        0: P =   0.00, D =9075.91 @  1.54 Rp,12.07 MLT; DPS:   0.00
        1: P =   0.09, D =   0.26 @  6.80 Rp,20.25 MLT; DPS:  -0.43
        2: P =   3.08, D =   0.43 @  3.96 Rp,23.60 MLT; DPS:  -5.02
[0m [32m<Writing HDF5 DATA @ t =    27.250 [min] >[0m 
[32m<Writing RAIJU HDF5 DATA @ t =    27.333 [min] >[0m 
 [36m
 GAMERA
      Time =    27.334 [min]
        ts =    18767
        dt =  1.01E-01 [sec]
    dt/dt0 =   84.557%
    Spent     0.0% of time waiting for Voltron
      kZCs =   3412.70 /   1309.04 [MHD/TOT] (8 threads)
[0m       CPCP =   73.317  69.275 [kV, N/S]
 [34m
 VOLTRON
      UT   = 2001-06-01 23:27:20
      tilt =    0.000 [deg]
    Sym-H  =   -5.000 [nT]
    BSDst  ~   16.708 [nT]
           dSMRs  ~     0.99   -0.11   -0.98    0.10 [nT, 12/18/00/06]
   DPSDst  ~   -4.568 [nT]
   Spent    42.6% of time waiting for Gamera
            12.1% of time processing Chimp(Helpers)
             9.9% of time processing IMAG
            12.9% of time processing Remix
            22.3% of time processing Tubes(Helpers)
             0.0% of time writing files
    Running @   86.239% of real-time (8 threads)
[0m  [35m
 RAIJU
      UT   = 2001-06-01 23:27:25
      Time =    27.417 [min]
     dtCpl =  5.00E+00 [sec]
     Max/Min dt @ k:
        Max 3.12E+01 [sec] @ 58
        Min 1.38E-01 [sec] @ 160
     Flav : max Press/Den @ L,MLT; DPS-dst
        0: P =   0.00, D =9075.91 @  1.54 Rp,12.07 MLT; DPS:   0.00
        1: P =   0.09, D =   0.27 @  6.80 Rp,20.25 MLT; DPS:  -0.43
        2: P =   3.08, D =   0.43 @  3.96 Rp,23.60 MLT; DPS:  -5.02
[0m [32m<Writing HDF5 DATA @ t =    27.334 [min] >[0m 
[32m<Writing RAIJU HDF5 DATA @ t =    27.417 [min] >[0m 
 [36m
 GAMERA
      Time =    27.418 [min]
        ts =    18817
        dt =  1.01E-01 [sec]
    dt/dt0 =   84.547%
    Spent     0.0% of time waiting for Voltron
      kZCs =   3410.18 /   1309.65 [MHD/TOT] (8 threads)
[0m       CPCP =   73.275  69.245 [kV, N/S]
 [34m
 VOLTRON
      UT   = 2001-06-01 23:27:25
      tilt =    0.000 [deg]
    Sym-H  =   -5.000 [nT]
    BSDst  ~   16.696 [nT]
           dSMRs  ~     0.99   -0.11   -0.98    0.10 [nT, 12/18/00/06]
   DPSDst  ~   -4.565 [nT]
   Spent    42.6% of time waiting for Gamera
            12.1% of time processing Chimp(Helpers)
             9.9% of time processing IMAG
            12.9% of time processing Remix
            22.3% of time processing Tubes(Helpers)
             0.0% of time writing files
    Running @   86.279% of real-time (8 threads)
[0m  [35m
 RAIJU
      UT   = 2001-06-01 23:27:30
      Time =    27.500 [min]
     dtCpl =  5.00E+00 [sec]
     Max/Min dt @ k:
        Max 3.12E+01 [sec] @ 58
        Min 1.38E-01 [sec] @ 160
     Flav : max Press/Den @ L,MLT; DPS-dst
        0: P =   0.00, D =9075.91 @  1.54 Rp,12.07 MLT; DPS:   0.00
        1: P =   0.09, D =   0.27 @  6.80 Rp,20.25 MLT; DPS:  -0.43
        2: P =   3.08, D =   0.43 @  3.96 Rp,23.34 MLT; DPS:  -5.02
[0m [32m<Writing HDF5 DATA @ t =    27.418 [min] >[0m 
[32m<Writing RAIJU HDF5 DATA @ t =    27.500 [min] >[0m 
 [36m
 GAMERA
      Time =    27.500 [min]
        ts =    18866
        dt =  1.01E-01 [sec]
    dt/dt0 =   84.535%
    Spent     0.0% of time waiting for Voltron
      kZCs =   3411.40 /   1296.63 [MHD/TOT] (8 threads)
[0m       CPCP =   73.243  69.198 [kV, N/S]
 [34m
 VOLTRON
      UT   = 2001-06-01 23:27:30
      tilt =    0.000 [deg]
    Sym-H  =   -5.000 [nT]
    BSDst  ~   16.685 [nT]
           dSMRs  ~     0.99   -0.10   -0.99    0.10 [nT, 12/18/00/06]
   DPSDst  ~   -4.563 [nT]
   Spent    42.6% of time waiting for Gamera
            12.1% of time processing Chimp(Helpers)
             9.9% of time processing IMAG
            12.9% of time processing Remix
            22.3% of time processing Tubes(Helpers)
             0.0% of time writing files
    Running @   86.275% of real-time (8 threads)
[0m  [35m
 RAIJU
      UT   = 2001-06-01 23:27:35
      Time =    27.583 [min]
     dtCpl =  5.00E+00 [sec]
     Max/Min dt @ k:
        Max 3.12E+01 [sec] @ 58
        Min 1.38E-01 [sec] @ 160
     Flav : max Press/Den @ L,MLT; DPS-dst
        0: P =   0.00, D =9075.91 @  1.54 Rp,12.07 MLT; DPS:   0.00
        1: P =   0.09, D =   0.27 @  6.80 Rp,20.25 MLT; DPS:  -0.43
        2: P =   3.08, D =   0.43 @  3.96 Rp,23.34 MLT; DPS:  -5.02
[0m [32m<Writing HDF5 DATA @ t =    27.500 [min] >[0m 
[32m<Writing RAIJU HDF5 DATA @ t =    27.583 [min] >[0m 
 [36m
 GAMERA
      Time =    27.584 [min]
        ts =    18916
        dt =  1.01E-01 [sec]
    dt/dt0 =   84.523%
    Spent     0.0% of time waiting for Voltron
      kZCs =   3411.44 /   1317.32 [MHD/TOT] (8 threads)
[0m       CPCP =   73.192  69.153 [kV, N/S]
 [34m
 VOLTRON
      UT   = 2001-06-01 23:27:35
      tilt =    0.000 [deg]
    Sym-H  =   -5.000 [nT]
    BSDst  ~   16.675 [nT]
           dSMRs  ~     1.00   -0.10   -0.99    0.09 [nT, 12/18/00/06]
   DPSDst  ~   -4.564 [nT]
   Spent    42.7% of time waiting for Gamera
            12.1% of time processing Chimp(Helpers)
             9.9% of time processing IMAG
            12.8% of time processing Remix
            22.3% of time processing Tubes(Helpers)
             0.0% of time writing files
    Running @   86.342% of real-time (8 threads)
[0m  [35m
 RAIJU
      UT   = 2001-06-01 23:27:40
      Time =    27.667 [min]
     dtCpl =  5.00E+00 [sec]
     Max/Min dt @ k:
        Max 3.12E+01 [sec] @ 58
        Min 1.38E-01 [sec] @ 160
     Flav : max Press/Den @ L,MLT; DPS-dst
        0: P =   0.00, D =9075.91 @  1.54 Rp,12.07 MLT; DPS:   0.00
        1: P =   0.09, D =   0.27 @  6.80 Rp,20.25 MLT; DPS:  -0.43
        2: P =   3.08, D =   0.43 @  3.96 Rp,23.34 MLT; DPS:  -5.02
[0m [32m<Writing HDF5 DATA @ t =    27.584 [min] >[0m 
[32m<Writing RAIJU HDF5 DATA @ t =    27.667 [min] >[0m 
 [36m
 GAMERA
      Time =    27.668 [min]
        ts =    18966
        dt =  1.01E-01 [sec]
    dt/dt0 =   84.510%
    Spent     0.0% of time waiting for Voltron
      kZCs =   3412.86 /   1312.80 [MHD/TOT] (8 threads)
[0m       CPCP =   73.148  69.140 [kV, N/S]
 [34m
 VOLTRON
      UT   = 2001-06-01 23:27:40
      tilt =    0.000 [deg]
    Sym-H  =   -5.000 [nT]
    BSDst  ~   16.666 [nT]
           dSMRs  ~     1.01   -0.10   -1.00    0.09 [nT, 12/18/00/06]
   DPSDst  ~   -4.564 [nT]
   Spent    42.7% of time waiting for Gamera
            12.1% of time processing Chimp(Helpers)
             9.9% of time processing IMAG
            12.8% of time processing Remix
            22.3% of time processing Tubes(Helpers)
             0.0% of time writing files
    Running @   86.394% of real-time (8 threads)
[0m  [35m
 RAIJU
      UT   = 2001-06-01 23:27:45
      Time =    27.750 [min]
     dtCpl =  5.00E+00 [sec]
     Max/Min dt @ k:
        Max 3.12E+01 [sec] @ 58
        Min 1.38E-01 [sec] @ 160
     Flav : max Press/Den @ L,MLT; DPS-dst
        0: P =   0.00, D =9075.91 @  1.54 Rp,12.07 MLT; DPS:   0.00
        1: P =   0.09, D =   0.27 @  6.80 Rp,20.25 MLT; DPS:  -0.43
        2: P =   3.08, D =   0.43 @  3.96 Rp,23.34 MLT; DPS:  -5.02
[0m [32m<Writing HDF5 DATA @ t =    27.668 [min] >[0m 
[32m<Writing RAIJU HDF5 DATA @ t =    27.750 [min] >[0m 
 [36m
 GAMERA
      Time =    27.752 [min]
        ts =    19016
        dt =  1.01E-01 [sec]
    dt/dt0 =   84.497%
    Spent     0.0% of time waiting for Voltron
      kZCs =   3412.39 /   1310.51 [MHD/TOT] (8 threads)
[0m       CPCP =   73.138  69.125 [kV, N/S]
 [34m
 VOLTRON
      UT   = 2001-06-01 23:27:45
      tilt =    0.000 [deg]
    Sym-H  =   -5.000 [nT]
    BSDst  ~   16.654 [nT]
           dSMRs  ~     1.01   -0.10   -1.00    0.08 [nT, 12/18/00/06]
   DPSDst  ~   -4.560 [nT]
   Spent    42.7% of time waiting for Gamera
            12.1% of time processing Chimp(Helpers)
             9.9% of time processing IMAG
            12.8% of time processing Remix
            22.3% of time processing Tubes(Helpers)
             0.0% of time writing files
    Running @   86.437% of real-time (8 threads)
[0m  [35m
 RAIJU
      UT   = 2001-06-01 23:27:50
      Time =    27.833 [min]
     dtCpl =  5.00E+00 [sec]
     Max/Min dt @ k:
        Max 3.12E+01 [sec] @ 58
        Min 1.38E-01 [sec] @ 160
     Flav : max Press/Den @ L,MLT; DPS-dst
        0: P =   0.00, D =9075.91 @  1.54 Rp,12.07 MLT; DPS:   0.00
        1: P =   0.09, D =   0.27 @  6.80 Rp,20.25 MLT; DPS:  -0.43
        2: P =   3.08, D =   0.43 @  3.96 Rp,23.34 MLT; DPS:  -5.01
[0m [32m<Writing HDF5 DATA @ t =    27.752 [min] >[0m 
[32m<Writing RAIJU HDF5 DATA @ t =    27.833 [min] >[0m 
 [36m
 GAMERA
      Time =    27.834 [min]
        ts =    19065
        dt =  1.01E-01 [sec]
    dt/dt0 =   84.485%
    Spent     0.0% of time waiting for Voltron
      kZCs =   3412.69 /   1294.42 [MHD/TOT] (8 threads)
[0m       CPCP =   73.136  69.100 [kV, N/S]
 [34m
 VOLTRON
      UT   = 2001-06-01 23:27:50
      tilt =    0.000 [deg]
    Sym-H  =   -5.000 [nT]
    BSDst  ~   16.639 [nT]
           dSMRs  ~     1.02   -0.10   -1.00    0.08 [nT, 12/18/00/06]
   DPSDst  ~   -4.559 [nT]
   Spent    42.7% of time waiting for Gamera
            12.1% of time processing Chimp(Helpers)
             9.9% of time processing IMAG
            12.9% of time processing Remix
            22.3% of time processing Tubes(Helpers)
             0.0% of time writing files
    Running @   86.434% of real-time (8 threads)
[0m  [35m
 RAIJU
      UT   = 2001-06-01 23:27:55
      Time =    27.917 [min]
     dtCpl =  5.00E+00 [sec]
     Max/Min dt @ k:
        Max 3.12E+01 [sec] @ 58
        Min 1.38E-01 [sec] @ 160
     Flav : max Press/Den @ L,MLT; DPS-dst
        0: P =   0.00, D =9075.91 @  1.54 Rp,12.07 MLT; DPS:   0.00
        1: P =   0.09, D =   0.27 @  6.80 Rp,20.25 MLT; DPS:  -0.42
        2: P =   3.08, D =   0.43 @  3.96 Rp,23.27 MLT; DPS:  -5.01
[0m [32m<Writing HDF5 DATA @ t =    27.834 [min] >[0m 
[32m<Writing RAIJU HDF5 DATA @ t =    27.917 [min] >[0m 
 [36m
 GAMERA
      Time =    27.918 [min]
        ts =    19115
        dt =  1.01E-01 [sec]
    dt/dt0 =   84.473%
    Spent     0.0% of time waiting for Voltron
      kZCs =   3413.18 /   1309.88 [MHD/TOT] (8 threads)
[0m       CPCP =   73.127  69.080 [kV, N/S]
 [34m
 VOLTRON
      UT   = 2001-06-01 23:27:55
      tilt =    0.000 [deg]
    Sym-H  =   -5.000 [nT]
    BSDst  ~   16.621 [nT]
           dSMRs  ~     1.02   -0.09   -1.00    0.08 [nT, 12/18/00/06]
   DPSDst  ~   -4.557 [nT]
   Spent    42.7% of time waiting for Gamera
            12.1% of time processing Chimp(Helpers)
             9.9% of time processing IMAG
            12.9% of time processing Remix
            22.3% of time processing Tubes(Helpers)
             0.0% of time writing files
    Running @   86.465% of real-time (8 threads)
[0m  [35m
 RAIJU
      UT   = 2001-06-01 23:27:59
      Time =    28.000 [min]
     dtCpl =  5.00E+00 [sec]
     Max/Min dt @ k:
        Max 3.12E+01 [sec] @ 58
        Min 1.38E-01 [sec] @ 160
     Flav : max Press/Den @ L,MLT; DPS-dst
        0: P =   0.00, D =9075.91 @  1.54 Rp,12.07 MLT; DPS:   0.00
        1: P =   0.09, D =   0.27 @  6.80 Rp,20.25 MLT; DPS:  -0.42
        2: P =   3.08, D =   0.43 @  3.96 Rp,23.27 MLT; DPS:  -5.01
[0m [32m<Writing HDF5 DATA @ t =    27.918 [min] >[0m 
[32m<Writing RAIJU HDF5 DATA @ t =    28.000 [min] >[0m 
 [36m
 GAMERA
      Time =    28.001 [min]
        ts =    19165
        dt =  1.01E-01 [sec]
    dt/dt0 =   84.461%
    Spent     0.0% of time waiting for Voltron
      kZCs =   3412.07 /   1309.67 [MHD/TOT] (8 threads)
[0m       CPCP =   73.099  69.039 [kV, N/S]
 [34m
 VOLTRON
      UT   = 2001-06-01 23:28:00
      tilt =    0.000 [deg]
    Sym-H  =   -5.000 [nT]
    BSDst  ~   16.603 [nT]
           dSMRs  ~     1.02   -0.09   -1.01    0.08 [nT, 12/18/00/06]
   DPSDst  ~   -4.553 [nT]
   Spent    42.7% of time waiting for Gamera
            12.1% of time processing Chimp(Helpers)
             9.9% of time processing IMAG
            12.9% of time processing Remix
            22.2% of time processing Tubes(Helpers)
             0.0% of time writing files
    Running @   86.502% of real-time (8 threads)
[0m  [35m
 RAIJU
      UT   = 2001-06-01 23:28:05
      Time =    28.083 [min]
     dtCpl =  5.00E+00 [sec]
     Max/Min dt @ k:
        Max 3.12E+01 [sec] @ 58
        Min 1.38E-01 [sec] @ 160
     Flav : max Press/Den @ L,MLT; DPS-dst
        0: P =   0.00, D =9075.91 @  1.54 Rp,12.07 MLT; DPS:   0.00
        1: P =   0.09, D =   0.27 @  6.81 Rp,20.25 MLT; DPS:  -0.42
        2: P =   3.08, D =   0.43 @  3.96 Rp,23.27 MLT; DPS:  -5.01
[0m [32m<Writing HDF5 DATA @ t =    28.001 [min] >[0m 
[32m<Writing RAIJU HDF5 DATA @ t =    28.083 [min] >[0m 
 [36m
 GAMERA
      Time =    28.084 [min]
        ts =    19214
        dt =  1.01E-01 [sec]
    dt/dt0 =   84.450%
    Spent     0.0% of time waiting for Voltron
      kZCs =   3410.27 /   1295.56 [MHD/TOT] (8 threads)
[0m       CPCP =   73.062  68.987 [kV, N/S]
 [34m
 VOLTRON
      UT   = 2001-06-01 23:28:05
      tilt =    0.000 [deg]
    Sym-H  =   -5.000 [nT]
    BSDst  ~   16.586 [nT]
           dSMRs  ~     1.03   -0.09   -1.01    0.07 [nT, 12/18/00/06]
   DPSDst  ~   -4.548 [nT]
   Spent    42.6% of time waiting for Gamera
            12.1% of time processing Chimp(Helpers)
             9.9% of time processing IMAG
            12.9% of time processing Remix
            22.3% of time processing Tubes(Helpers)
             0.0% of time writing files
    Running @   86.509% of real-time (8 threads)
[0m  [35m
 RAIJU
      UT   = 2001-06-01 23:28:10
      Time =    28.167 [min]
     dtCpl =  5.00E+00 [sec]
     Max/Min dt @ k:
        Max 3.12E+01 [sec] @ 58
        Min 1.38E-01 [sec] @ 160
     Flav : max Press/Den @ L,MLT; DPS-dst
        0: P =   0.00, D =9075.91 @  1.54 Rp,12.07 MLT; DPS:   0.00
        1: P =   0.09, D =   0.27 @  6.81 Rp,20.25 MLT; DPS:  -0.42
        2: P =   3.08, D =   0.43 @  3.96 Rp,23.27 MLT; DPS:  -5.00
[0m [32m<Writing HDF5 DATA @ t =    28.084 [min] >[0m 
[32m<Writing RAIJU HDF5 DATA @ t =    28.167 [min] >[0m 
 [36m
 GAMERA
      Time =    28.167 [min]
        ts =    19264
        dt =  1.01E-01 [sec]
    dt/dt0 =   84.437%
    Spent     0.0% of time waiting for Voltron
      kZCs =   3410.81 /   1310.79 [MHD/TOT] (8 threads)
[0m       CPCP =   73.023  68.947 [kV, N/S]
 [34m
 VOLTRON
      UT   = 2001-06-01 23:28:10
      tilt =    0.000 [deg]
    Sym-H  =   -5.000 [nT]
    BSDst  ~   16.569 [nT]
           dSMRs  ~     1.03   -0.09   -1.01    0.07 [nT, 12/18/00/06]
   DPSDst  ~   -4.547 [nT]
   Spent    42.7% of time waiting for Gamera
            12.1% of time processing Chimp(Helpers)
             9.9% of time processing IMAG
            12.9% of time processing Remix
            22.2% of time processing Tubes(Helpers)
             0.0% of time writing files
    Running @   86.548% of real-time (8 threads)
[0m  [35m
 RAIJU
      UT   = 2001-06-01 23:28:15
      Time =    28.250 [min]
     dtCpl =  5.00E+00 [sec]
     Max/Min dt @ k:
        Max 3.12E+01 [sec] @ 58
        Min 1.38E-01 [sec] @ 160
     Flav : max Press/Den @ L,MLT; DPS-dst
        0: P =   0.00, D =9075.91 @  1.54 Rp,12.07 MLT; DPS:   0.00
        1: P =   0.09, D =   0.27 @  6.81 Rp,20.25 MLT; DPS:  -0.42
        2: P =   3.08, D =   0.43 @  3.96 Rp,23.27 MLT; DPS:  -5.00
[0m [32m<Writing HDF5 DATA @ t =    28.167 [min] >[0m 
[32m<Writing RAIJU HDF5 DATA @ t =    28.250 [min] >[0m 
 [36m
 GAMERA
      Time =    28.251 [min]
        ts =    19314
        dt =  1.01E-01 [sec]
    dt/dt0 =   84.424%
    Spent     0.0% of time waiting for Voltron
      kZCs =   3413.33 /   1305.24 [MHD/TOT] (8 threads)
[0m       CPCP =   72.988  68.902 [kV, N/S]
 [34m
 VOLTRON
      UT   = 2001-06-01 23:28:15
      tilt =    0.000 [deg]
    Sym-H  =   -5.000 [nT]
    BSDst  ~   16.555 [nT]
           dSMRs  ~     1.04   -0.09   -1.02    0.07 [nT, 12/18/00/06]
   DPSDst  ~   -4.545 [nT]
   Spent    42.7% of time waiting for Gamera
            12.1% of time processing Chimp(Helpers)
             9.9% of time processing IMAG
            12.9% of time processing Remix
            22.2% of time processing Tubes(Helpers)
             0.0% of time writing files
    Running @   86.572% of real-time (8 threads)
[0m  [35m
 RAIJU
      UT   = 2001-06-01 23:28:20
      Time =    28.333 [min]
     dtCpl =  5.00E+00 [sec]
     Max/Min dt @ k:
        Max 3.12E+01 [sec] @ 58
        Min 1.38E-01 [sec] @ 160
     Flav : max Press/Den @ L,MLT; DPS-dst
        0: P =   0.00, D =9075.91 @  1.54 Rp,12.07 MLT; DPS:   0.00
        1: P =   0.09, D =   0.28 @  6.81 Rp,20.25 MLT; DPS:  -0.42
        2: P =   3.08, D =   0.43 @  3.96 Rp,23.27 MLT; DPS:  -5.00
[0m [32m<Writing HDF5 DATA @ t =    28.251 [min] >[0m 
[32m<Writing RAIJU HDF5 DATA @ t =    28.333 [min] >[0m 
 [36m
 GAMERA
      Time =    28.335 [min]
        ts =    19364
        dt =  1.00E-01 [sec]
    dt/dt0 =   84.411%
    Spent     0.0% of time waiting for Voltron
      kZCs =   3412.54 /   1310.02 [MHD/TOT] (8 threads)
[0m       CPCP =   72.948  68.846 [kV, N/S]
 [34m
 VOLTRON
      UT   = 2001-06-01 23:28:20
      tilt =    0.000 [deg]
    Sym-H  =   -5.000 [nT]
    BSDst  ~   16.542 [nT]
           dSMRs  ~     1.04   -0.09   -1.02    0.07 [nT, 12/18/00/06]
   DPSDst  ~   -4.542 [nT]
   Spent    42.7% of time waiting for Gamera
            12.1% of time processing Chimp(Helpers)
             9.9% of time processing IMAG
            12.9% of time processing Remix
            22.2% of time processing Tubes(Helpers)
             0.0% of time writing files
    Running @   86.608% of real-time (8 threads)
[0m  [35m
 RAIJU
      UT   = 2001-06-01 23:28:25
      Time =    28.417 [min]
     dtCpl =  5.00E+00 [sec]
     Max/Min dt @ k:
        Max 3.12E+01 [sec] @ 58
        Min 1.38E-01 [sec] @ 160
     Flav : max Press/Den @ L,MLT; DPS-dst
        0: P =   0.00, D =9075.91 @  1.54 Rp,12.07 MLT; DPS:   0.00
        1: P =   0.09, D =   0.28 @  6.81 Rp,20.25 MLT; DPS:  -0.42
        2: P =   3.08, D =   0.43 @  3.96 Rp,23.27 MLT; DPS:  -5.00
[0m [32m<Writing HDF5 DATA @ t =    28.335 [min] >[0m 
[32m<Writing RAIJU HDF5 DATA @ t =    28.417 [min] >[0m 
 [36m
 GAMERA
      Time =    28.417 [min]
        ts =    19413
        dt =  1.00E-01 [sec]
    dt/dt0 =   84.397%
    Spent     0.0% of time waiting for Voltron
      kZCs =   3410.27 /   1295.86 [MHD/TOT] (8 threads)
[0m       CPCP =   72.920  68.779 [kV, N/S]
 [34m
 VOLTRON
      UT   = 2001-06-01 23:28:25
      tilt =    0.000 [deg]
    Sym-H  =   -5.000 [nT]
    BSDst  ~   16.530 [nT]
           dSMRs  ~     1.05   -0.09   -1.02    0.07 [nT, 12/18/00/06]
   DPSDst  ~   -4.539 [nT]
   Spent    42.6% of time waiting for Gamera
            12.1% of time processing Chimp(Helpers)
             9.9% of time processing IMAG
            12.9% of time processing Remix
            22.2% of time processing Tubes(Helpers)
             0.0% of time writing files
    Running @   86.611% of real-time (8 threads)
[0m  [35m
 RAIJU
      UT   = 2001-06-01 23:28:30
      Time =    28.500 [min]
     dtCpl =  5.00E+00 [sec]
     Max/Min dt @ k:
        Max 3.12E+01 [sec] @ 58
        Min 1.38E-01 [sec] @ 160
     Flav : max Press/Den @ L,MLT; DPS-dst
        0: P =   0.00, D =9075.91 @  1.54 Rp,12.07 MLT; DPS:   0.00
        1: P =   0.09, D =   0.28 @  6.81 Rp,20.25 MLT; DPS:  -0.41
        2: P =   3.08, D =   0.43 @  3.96 Rp,23.14 MLT; DPS:  -5.00
[0m [32m<Writing HDF5 DATA @ t =    28.417 [min] >[0m 
[32m<Writing RAIJU HDF5 DATA @ t =    28.500 [min] >[0m 
 [36m
 GAMERA
      Time =    28.501 [min]
        ts =    19463
        dt =  1.00E-01 [sec]
    dt/dt0 =   84.381%
    Spent     0.0% of time waiting for Voltron
      kZCs =   3409.39 /   1310.21 [MHD/TOT] (8 threads)
[0m       CPCP =   72.909  68.692 [kV, N/S]
 [34m
 VOLTRON
      UT   = 2001-06-01 23:28:30
      tilt =    0.000 [deg]
    Sym-H  =   -5.000 [nT]
    BSDst  ~   16.518 [nT]
           dSMRs  ~     1.05   -0.09   -1.03    0.06 [nT, 12/18/00/06]
   DPSDst  ~   -4.541 [nT]
   Spent    42.7% of time waiting for Gamera
            12.1% of time processing Chimp(Helpers)
             9.9% of time processing IMAG
            12.9% of time processing Remix
            22.2% of time processing Tubes(Helpers)
             0.0% of time writing files
    Running @   86.644% of real-time (8 threads)
[0m  [35m
 RAIJU
      UT   = 2001-06-01 23:28:35
      Time =    28.583 [min]
     dtCpl =  5.00E+00 [sec]
     Max/Min dt @ k:
        Max 3.12E+01 [sec] @ 58
        Min 1.38E-01 [sec] @ 160
     Flav : max Press/Den @ L,MLT; DPS-dst
        0: P =   0.00, D =9075.91 @  1.54 Rp,12.07 MLT; DPS:   0.00
        1: P =   0.09, D =   0.28 @  6.81 Rp,20.24 MLT; DPS:  -0.41
        2: P =   3.08, D =   0.43 @  3.96 Rp,23.14 MLT; DPS:  -5.00
[0m [32m<Writing HDF5 DATA @ t =    28.501 [min] >[0m 
[32m<Writing RAIJU HDF5 DATA @ t =    28.583 [min] >[0m 
 [36m
 GAMERA
      Time =    28.584 [min]
        ts =    19513
        dt =  1.00E-01 [sec]
    dt/dt0 =   84.361%
    Spent     0.0% of time waiting for Voltron
      kZCs =   3412.86 /   1311.47 [MHD/TOT] (8 threads)
[0m       CPCP =   72.909  68.603 [kV, N/S]
 [34m
 VOLTRON
      UT   = 2001-06-01 23:28:35
      tilt =    0.000 [deg]
    Sym-H  =   -5.000 [nT]
    BSDst  ~   16.507 [nT]
           dSMRs  ~     1.05   -0.08   -1.03    0.06 [nT, 12/18/00/06]
   DPSDst  ~   -4.540 [nT]
   Spent    42.7% of time waiting for Gamera
            12.1% of time processing Chimp(Helpers)
             9.9% of time processing IMAG
            12.9% of time processing Remix
            22.2% of time processing Tubes(Helpers)
             0.0% of time writing files
    Running @   86.678% of real-time (8 threads)
[0m  [35m
 RAIJU
      UT   = 2001-06-01 23:28:40
      Time =    28.667 [min]
     dtCpl =  5.00E+00 [sec]
     Max/Min dt @ k:
        Max 3.12E+01 [sec] @ 58
        Min 1.38E-01 [sec] @ 160
     Flav : max Press/Den @ L,MLT; DPS-dst
        0: P =   0.00, D =9075.91 @  1.54 Rp,12.07 MLT; DPS:   0.00
        1: P =   0.09, D =   0.28 @  6.81 Rp,20.24 MLT; DPS:  -0.41
        2: P =   3.08, D =   0.43 @  3.96 Rp,23.14 MLT; DPS:  -5.00
[0m [32m<Writing HDF5 DATA @ t =    28.584 [min] >[0m 
[32m<Writing RAIJU HDF5 DATA @ t =    28.667 [min] >[0m 
 [36m
 GAMERA
      Time =    28.668 [min]
        ts =    19563
        dt =  1.00E-01 [sec]
    dt/dt0 =   84.341%
    Spent     0.0% of time waiting for Voltron
      kZCs =   3409.39 /   1311.68 [MHD/TOT] (8 threads)
[0m       CPCP =   72.908  68.521 [kV, N/S]
 [34m
 VOLTRON
      UT   = 2001-06-01 23:28:40
      tilt =    0.000 [deg]
    Sym-H  =   -5.000 [nT]
    BSDst  ~   16.496 [nT]
           dSMRs  ~     1.06   -0.08   -1.03    0.06 [nT, 12/18/00/06]
   DPSDst  ~   -4.539 [nT]
   Spent    42.7% of time waiting for Gamera
            12.1% of time processing Chimp(Helpers)
             9.9% of time processing IMAG
            12.9% of time processing Remix
            22.2% of time processing Tubes(Helpers)
             0.0% of time writing files
    Running @   86.712% of real-time (8 threads)
[0m  [35m
 RAIJU
      UT   = 2001-06-01 23:28:45
      Time =    28.750 [min]
     dtCpl =  5.00E+00 [sec]
     Max/Min dt @ k:
        Max 3.12E+01 [sec] @ 58
        Min 1.38E-01 [sec] @ 160
     Flav : max Press/Den @ L,MLT; DPS-dst
        0: P =   0.00, D =9075.91 @  1.54 Rp,12.07 MLT; DPS:   0.00
        1: P =   0.09, D =   0.28 @  6.81 Rp,20.24 MLT; DPS:  -0.41
        2: P =   3.08, D =   0.43 @  3.96 Rp,23.14 MLT; DPS:  -5.00
[0m [32m<Writing HDF5 DATA @ t =    28.668 [min] >[0m 
[32m<Writing RAIJU HDF5 DATA @ t =    28.750 [min] >[0m 
 [36m
 GAMERA
      Time =    28.750 [min]
        ts =    19612
        dt =  1.00E-01 [sec]
    dt/dt0 =   84.321%
    Spent     0.0% of time waiting for Voltron
      kZCs =   3412.20 /   1296.70 [MHD/TOT] (8 threads)
[0m       CPCP =   72.897  68.453 [kV, N/S]
 [34m
 VOLTRON
      UT   = 2001-06-01 23:28:45
      tilt =    0.000 [deg]
    Sym-H  =   -5.000 [nT]
    BSDst  ~   16.487 [nT]
           dSMRs  ~     1.06   -0.08   -1.04    0.06 [nT, 12/18/00/06]
   DPSDst  ~   -4.527 [nT]
   Spent    42.7% of time waiting for Gamera
            12.1% of time processing Chimp(Helpers)
             9.9% of time processing IMAG
            12.9% of time processing Remix
            22.2% of time processing Tubes(Helpers)
             0.0% of time writing files
    Running @   86.711% of real-time (8 threads)
[0m  [35m
 RAIJU
      UT   = 2001-06-01 23:28:50
      Time =    28.833 [min]
     dtCpl =  5.00E+00 [sec]
     Max/Min dt @ k:
        Max 3.12E+01 [sec] @ 58
        Min 1.38E-01 [sec] @ 160
     Flav : max Press/Den @ L,MLT; DPS-dst
        0: P =   0.00, D =9075.91 @  1.54 Rp,12.07 MLT; DPS:   0.00
        1: P =   0.09, D =   0.28 @  6.81 Rp,20.24 MLT; DPS:  -0.41
        2: P =   3.08, D =   0.43 @  3.96 Rp,23.34 MLT; DPS:  -4.99
[0m [32m<Writing HDF5 DATA @ t =    28.750 [min] >[0m 
[32m<Writing RAIJU HDF5 DATA @ t =    28.833 [min] >[0m 
 [36m
 GAMERA
      Time =    28.834 [min]
        ts =    19662
        dt =  1.00E-01 [sec]
    dt/dt0 =   84.300%
    Spent     0.0% of time waiting for Voltron
      kZCs =   3410.33 /   1311.26 [MHD/TOT] (8 threads)
[0m       CPCP =   72.901  68.409 [kV, N/S]
 [34m
 VOLTRON
      UT   = 2001-06-01 23:28:50
      tilt =    0.000 [deg]
    Sym-H  =   -5.000 [nT]
    BSDst  ~   16.478 [nT]
           dSMRs  ~     1.06   -0.08   -1.04    0.06 [nT, 12/18/00/06]
   DPSDst  ~   -4.521 [nT]
   Spent    42.7% of time waiting for Gamera
            12.1% of time processing Chimp(Helpers)
             9.9% of time processing IMAG
            12.9% of time processing Remix
            22.2% of time processing Tubes(Helpers)
             0.0% of time writing files
    Running @   86.724% of real-time (8 threads)
[0m  [35m
 RAIJU
      UT   = 2001-06-01 23:28:55
      Time =    28.917 [min]
     dtCpl =  5.00E+00 [sec]
     Max/Min dt @ k:
        Max 3.13E+01 [sec] @ 58
        Min 1.38E-01 [sec] @ 160
     Flav : max Press/Den @ L,MLT; DPS-dst
        0: P =   0.00, D =9075.91 @  1.54 Rp,12.07 MLT; DPS:   0.00
        1: P =   0.09, D =   0.28 @  6.81 Rp,20.24 MLT; DPS:  -0.41
        2: P =   3.09, D =   0.43 @  3.96 Rp,23.34 MLT; DPS:  -4.98
[0m [32m<Writing HDF5 DATA @ t =    28.834 [min] >[0m 
[32m<Writing RAIJU HDF5 DATA @ t =    28.917 [min] >[0m 
 [36m
 GAMERA
      Time =    28.917 [min]
        ts =    19712
        dt =  1.00E-01 [sec]
    dt/dt0 =   84.277%
    Spent     0.0% of time waiting for Voltron
      kZCs =   3413.65 /   1312.26 [MHD/TOT] (8 threads)
[0m       CPCP =   72.939  68.382 [kV, N/S]
 [34m
 VOLTRON
      UT   = 2001-06-01 23:28:55
      tilt =    0.000 [deg]
    Sym-H  =   -5.000 [nT]
    BSDst  ~   16.468 [nT]
           dSMRs  ~     1.07   -0.08   -1.04    0.06 [nT, 12/18/00/06]
   DPSDst  ~   -4.515 [nT]
   Spent    42.7% of time waiting for Gamera
            12.1% of time processing Chimp(Helpers)
             9.9% of time processing IMAG
            12.9% of time processing Remix
            22.2% of time processing Tubes(Helpers)
             0.0% of time writing files
    Running @   86.755% of real-time (8 threads)
[0m  [35m
 RAIJU
      UT   = 2001-06-01 23:28:59
      Time =    29.000 [min]
     dtCpl =  5.00E+00 [sec]
     Max/Min dt @ k:
        Max 3.13E+01 [sec] @ 58
        Min 1.38E-01 [sec] @ 160
     Flav : max Press/Den @ L,MLT; DPS-dst
        0: P =   0.00, D =9075.91 @  1.54 Rp,12.07 MLT; DPS:   0.00
        1: P =   0.09, D =   0.29 @  6.81 Rp,20.24 MLT; DPS:  -0.40
        2: P =   3.09, D =   0.43 @  3.96 Rp,23.34 MLT; DPS:  -4.98
[0m [32m<Writing HDF5 DATA @ t =    28.917 [min] >[0m 
[32m<Writing RAIJU HDF5 DATA @ t =    29.000 [min] >[0m 
 [36m
 GAMERA
      Time =    29.001 [min]
        ts =    19762
        dt =  1.00E-01 [sec]
    dt/dt0 =   84.253%
    Spent     0.0% of time waiting for Voltron
      kZCs =   3413.02 /   1306.96 [MHD/TOT] (8 threads)
[0m       CPCP =   72.978  68.381 [kV, N/S]
 [34m
 VOLTRON
      UT   = 2001-06-01 23:29:00
      tilt =    0.000 [deg]
    Sym-H  =   -5.000 [nT]
    BSDst  ~   16.457 [nT]
           dSMRs  ~     1.07   -0.08   -1.04    0.05 [nT, 12/18/00/06]
   DPSDst  ~   -4.511 [nT]
   Spent    42.7% of time waiting for Gamera
            12.1% of time processing Chimp(Helpers)
             9.9% of time processing IMAG
            12.9% of time processing Remix
            22.2% of time processing Tubes(Helpers)
             0.0% of time writing files
    Running @   86.771% of real-time (8 threads)
[0m  [35m
 RAIJU
      UT   = 2001-06-01 23:29:05
      Time =    29.083 [min]
     dtCpl =  5.00E+00 [sec]
     Max/Min dt @ k:
        Max 3.13E+01 [sec] @ 58
        Min 1.38E-01 [sec] @ 160
     Flav : max Press/Den @ L,MLT; DPS-dst
        0: P =   0.00, D =9075.91 @  1.54 Rp,12.07 MLT; DPS:   0.00
        1: P =   0.09, D =   0.29 @  6.81 Rp,20.24 MLT; DPS:  -0.40
        2: P =   3.09, D =   0.43 @  3.96 Rp,23.34 MLT; DPS:  -4.97
[0m [32m<Writing HDF5 DATA @ t =    29.001 [min] >[0m 
[32m<Writing RAIJU HDF5 DATA @ t =    29.083 [min] >[0m 
 [36m
 GAMERA
      Time =    29.085 [min]
        ts =    19812
        dt =  1.00E-01 [sec]
    dt/dt0 =   84.228%
    Spent     0.0% of time waiting for Voltron
      kZCs =   3412.39 /   1313.05 [MHD/TOT] (8 threads)
[0m       CPCP =   73.010  68.400 [kV, N/S]
 [34m
 VOLTRON
      UT   = 2001-06-01 23:29:05
      tilt =    0.000 [deg]
    Sym-H  =   -5.000 [nT]
    BSDst  ~   16.446 [nT]
           dSMRs  ~     1.08   -0.08   -1.05    0.05 [nT, 12/18/00/06]
   DPSDst  ~   -4.503 [nT]
   Spent    42.8% of time waiting for Gamera
            12.1% of time processing Chimp(Helpers)
             9.9% of time processing IMAG
            12.9% of time processing Remix
            22.2% of time processing Tubes(Helpers)
             0.0% of time writing files
    Running @   86.763% of real-time (8 threads)
[0m  [35m
 RAIJU
      UT   = 2001-06-01 23:29:10
      Time =    29.167 [min]
     dtCpl =  5.00E+00 [sec]
     Max/Min dt @ k:
        Max 3.13E+01 [sec] @ 58
        Min 1.38E-01 [sec] @ 160
     Flav : max Press/Den @ L,MLT; DPS-dst
        0: P =   0.00, D =9075.91 @  1.54 Rp,12.07 MLT; DPS:   0.00
        1: P =   0.09, D =   0.29 @  6.81 Rp,20.24 MLT; DPS:  -0.40
        2: P =   3.09, D =   0.43 @  3.96 Rp,23.34 MLT; DPS:  -4.96
[0m [32m<Writing HDF5 DATA @ t =    29.085 [min] >[0m 
[32m<Writing RAIJU HDF5 DATA @ t =    29.167 [min] >[0m 
 [36m
 GAMERA
      Time =    29.168 [min]
        ts =    19862
        dt =  1.00E-01 [sec]
    dt/dt0 =   84.201%
    Spent     0.0% of time waiting for Voltron
      kZCs =   3412.23 /   1314.11 [MHD/TOT] (8 threads)
[0m       CPCP =   73.023  68.421 [kV, N/S]
 [34m
 VOLTRON
      UT   = 2001-06-01 23:29:10
      tilt =    0.000 [deg]
    Sym-H  =   -5.000 [nT]
    BSDst  ~   16.436 [nT]
           dSMRs  ~     1.08   -0.08   -1.05    0.05 [nT, 12/18/00/06]
   DPSDst  ~   -4.504 [nT]
   Spent    42.8% of time waiting for Gamera
            12.1% of time processing Chimp(Helpers)
             9.9% of time processing IMAG
            12.9% of time processing Remix
            22.2% of time processing Tubes(Helpers)
             0.0% of time writing files
    Running @   86.793% of real-time (8 threads)
[0m  [35m
 RAIJU
      UT   = 2001-06-01 23:29:15
      Time =    29.250 [min]
     dtCpl =  5.00E+00 [sec]
     Max/Min dt @ k:
        Max 3.14E+01 [sec] @ 58
        Min 1.38E-01 [sec] @ 160
     Flav : max Press/Den @ L,MLT; DPS-dst
        0: P =   0.00, D =9075.91 @  1.54 Rp,12.07 MLT; DPS:   0.00
        1: P =   0.09, D =   0.29 @  6.82 Rp,20.24 MLT; DPS:  -0.40
        2: P =   3.09, D =   0.43 @  3.96 Rp,23.34 MLT; DPS:  -4.96
[0m [32m<Writing HDF5 DATA @ t =    29.168 [min] >[0m 
[32m<Writing RAIJU HDF5 DATA @ t =    29.250 [min] >[0m 
 [36m
 GAMERA
      Time =    29.252 [min]
        ts =    19912
        dt =  1.00E-01 [sec]
    dt/dt0 =   84.174%
    Spent     0.0% of time waiting for Voltron
      kZCs =   3412.54 /   1314.27 [MHD/TOT] (8 threads)
[0m       CPCP =   73.044  68.458 [kV, N/S]
 [34m
 VOLTRON
      UT   = 2001-06-01 23:29:15
      tilt =    0.000 [deg]
    Sym-H  =   -5.000 [nT]
    BSDst  ~   16.427 [nT]
           dSMRs  ~     1.08   -0.08   -1.05    0.05 [nT, 12/18/00/06]
   DPSDst  ~   -4.503 [nT]
   Spent    42.8% of time waiting for Gamera
            12.1% of time processing Chimp(Helpers)
             9.9% of time processing IMAG
            12.8% of time processing Remix
            22.2% of time processing Tubes(Helpers)
             0.0% of time writing files
    Running @   86.822% of real-time (8 threads)
[0m  [35m
 RAIJU
      UT   = 2001-06-01 23:29:20
      Time =    29.333 [min]
     dtCpl =  5.00E+00 [sec]
     Max/Min dt @ k:
        Max 3.15E+01 [sec] @ 58
        Min 1.38E-01 [sec] @ 160
     Flav : max Press/Den @ L,MLT; DPS-dst
        0: P =   0.00, D =9075.91 @  1.54 Rp,12.07 MLT; DPS:   0.00
        1: P =   0.09, D =   0.29 @  6.82 Rp,20.24 MLT; DPS:  -0.40
        2: P =   3.09, D =   0.43 @  3.96 Rp,23.34 MLT; DPS:  -4.96
[0m [32m<Writing HDF5 DATA @ t =    29.252 [min] >[0m 
[32m<Writing RAIJU HDF5 DATA @ t =    29.333 [min] >[0m 
 [36m
 GAMERA
      Time =    29.333 [min]
        ts =    19961
        dt =  1.00E-01 [sec]
    dt/dt0 =   84.147%
    Spent     0.0% of time waiting for Voltron
      kZCs =   3413.01 /   1300.11 [MHD/TOT] (8 threads)
[0m       CPCP =   73.096  68.497 [kV, N/S]
 [34m
 VOLTRON
      UT   = 2001-06-01 23:29:20
      tilt =    0.000 [deg]
    Sym-H  =   -5.000 [nT]
    BSDst  ~   16.421 [nT]
           dSMRs  ~     1.08   -0.08   -1.05    0.05 [nT, 12/18/00/06]
   DPSDst  ~   -4.496 [nT]
   Spent    42.8% of time waiting for Gamera
            12.1% of time processing Chimp(Helpers)
             9.9% of time processing IMAG
            12.8% of time processing Remix
            22.2% of time processing Tubes(Helpers)
             0.0% of time writing files
    Running @   86.816% of real-time (8 threads)
[0m  [35m
 RAIJU
      UT   = 2001-06-01 23:29:25
      Time =    29.417 [min]
     dtCpl =  5.00E+00 [sec]
     Max/Min dt @ k:
        Max 3.15E+01 [sec] @ 52
        Min 1.38E-01 [sec] @ 160
     Flav : max Press/Den @ L,MLT; DPS-dst
        0: P =   0.00, D =9075.91 @  1.54 Rp,12.07 MLT; DPS:   0.00
        1: P =   0.09, D =   0.29 @  6.82 Rp,20.24 MLT; DPS:  -0.39
        2: P =   3.09, D =   0.43 @  3.96 Rp,23.27 MLT; DPS:  -4.96
[0m [32m<Writing HDF5 DATA @ t =    29.333 [min] >[0m 
[32m<Writing RAIJU HDF5 DATA @ t =    29.417 [min] >[0m 
 [36m
 GAMERA
      Time =    29.417 [min]
        ts =    20011
        dt =  1.00E-01 [sec]
    dt/dt0 =   84.121%
    Spent     0.0% of time waiting for Voltron
      kZCs =   3412.54 /   1310.63 [MHD/TOT] (8 threads)
[0m       CPCP =   73.149  68.528 [kV, N/S]
 [34m
 VOLTRON
      UT   = 2001-06-01 23:29:25
      tilt =    0.000 [deg]
    Sym-H  =   -5.000 [nT]
    BSDst  ~   16.416 [nT]
           dSMRs  ~     1.09   -0.08   -1.05    0.05 [nT, 12/18/00/06]
   DPSDst  ~   -4.496 [nT]
   Spent    42.8% of time waiting for Gamera
            12.1% of time processing Chimp(Helpers)
             9.9% of time processing IMAG
            12.8% of time processing Remix
            22.2% of time processing Tubes(Helpers)
             0.0% of time writing files
    Running @   86.813% of real-time (8 threads)
[0m  [35m
 RAIJU
      UT   = 2001-06-01 23:29:30
      Time =    29.500 [min]
     dtCpl =  5.00E+00 [sec]
     Max/Min dt @ k:
        Max 3.16E+01 [sec] @ 57
        Min 1.38E-01 [sec] @ 160
     Flav : max Press/Den @ L,MLT; DPS-dst
        0: P =   0.00, D =9075.91 @  1.54 Rp,12.07 MLT; DPS:   0.00
        1: P =   0.09, D =   0.29 @  6.82 Rp,20.24 MLT; DPS:  -0.39
        2: P =   3.09, D =   0.43 @  3.96 Rp,23.27 MLT; DPS:  -4.96
[0m [32m<Writing HDF5 DATA @ t =    29.417 [min] >[0m 
[32m<Writing RAIJU HDF5 DATA @ t =    29.500 [min] >[0m 
 [36m
 GAMERA
      Time =    29.500 [min]
        ts =    20061
        dt =  1.00E-01 [sec]
    dt/dt0 =   84.096%
    Spent     0.0% of time waiting for Voltron
      kZCs =   3412.54 /   1317.98 [MHD/TOT] (8 threads)
[0m       CPCP =   73.170  68.555 [kV, N/S]
 [34m
 VOLTRON
      UT   = 2001-06-01 23:29:30
      tilt =    0.000 [deg]
    Sym-H  =   -5.000 [nT]
    BSDst  ~   16.411 [nT]
           dSMRs  ~     1.09   -0.08   -1.06    0.05 [nT, 12/18/00/06]
   DPSDst  ~   -4.495 [nT]
   Spent    42.8% of time waiting for Gamera
            12.1% of time processing Chimp(Helpers)
             9.9% of time processing IMAG
            12.8% of time processing Remix
            22.2% of time processing Tubes(Helpers)
             0.0% of time writing files
    Running @   86.845% of real-time (8 threads)
[0m  [35m
 RAIJU
      UT   = 2001-06-01 23:29:35
      Time =    29.583 [min]
     dtCpl =  5.00E+00 [sec]
     Max/Min dt @ k:
        Max 3.16E+01 [sec] @ 58
        Min 1.38E-01 [sec] @ 160
     Flav : max Press/Den @ L,MLT; DPS-dst
        0: P =   0.00, D =9075.91 @  1.54 Rp,12.07 MLT; DPS:   0.00
        1: P =   0.09, D =   0.30 @  6.82 Rp,20.24 MLT; DPS:  -0.39
        2: P =   3.09, D =   0.43 @  3.96 Rp,23.27 MLT; DPS:  -4.96
[0m [32m<Writing HDF5 DATA @ t =    29.500 [min] >[0m 
[32m<Writing RAIJU HDF5 DATA @ t =    29.583 [min] >[0m 
 [36m
 GAMERA
      Time =    29.584 [min]
        ts =    20111
        dt =  1.00E-01 [sec]
    dt/dt0 =   84.072%
    Spent     0.0% of time waiting for Voltron
      kZCs =   3411.75 /   1318.83 [MHD/TOT] (8 threads)
[0m       CPCP =   73.196  68.587 [kV, N/S]
 [34m
 VOLTRON
      UT   = 2001-06-01 23:29:35
      tilt =    0.000 [deg]
    Sym-H  =   -5.000 [nT]
    BSDst  ~   16.406 [nT]
           dSMRs  ~     1.09   -0.08   -1.06    0.05 [nT, 12/18/00/06]
   DPSDst  ~   -4.494 [nT]
   Spent    42.9% of time waiting for Gamera
            12.1% of time processing Chimp(Helpers)
             9.9% of time processing IMAG
            12.7% of time processing Remix
            22.2% of time processing Tubes(Helpers)
             0.0% of time writing files
    Running @   86.878% of real-time (8 threads)
[0m  [35m
 RAIJU
      UT   = 2001-06-01 23:29:40
      Time =    29.667 [min]
     dtCpl =  5.00E+00 [sec]
     Max/Min dt @ k:
        Max 3.16E+01 [sec] @ 58
        Min 1.38E-01 [sec] @ 160
     Flav : max Press/Den @ L,MLT; DPS-dst
        0: P =   0.00, D =9075.91 @  1.54 Rp,12.07 MLT; DPS:   0.00
        1: P =   0.09, D =   0.30 @  6.82 Rp,20.24 MLT; DPS:  -0.39
        2: P =   3.09, D =   0.43 @  3.96 Rp,23.27 MLT; DPS:  -4.95
[0m [32m<Writing HDF5 DATA @ t =    29.584 [min] >[0m 
[32m<Writing RAIJU HDF5 DATA @ t =    29.667 [min] >[0m 
 [36m
 GAMERA
      Time =    29.667 [min]
        ts =    20161
        dt =  1.00E-01 [sec]
    dt/dt0 =   84.048%
    Spent     0.0% of time waiting for Voltron
      kZCs =   3410.65 /   1317.63 [MHD/TOT] (8 threads)
[0m       CPCP =   73.243  68.621 [kV, N/S]
 [34m
 VOLTRON
      UT   = 2001-06-01 23:29:40
      tilt =    0.000 [deg]
    Sym-H  =   -5.000 [nT]
    BSDst  ~   16.398 [nT]
           dSMRs  ~     1.10   -0.09   -1.06    0.05 [nT, 12/18/00/06]
   DPSDst  ~   -4.490 [nT]
   Spent    42.9% of time waiting for Gamera
            12.1% of time processing Chimp(Helpers)
             9.9% of time processing IMAG
            12.7% of time processing Remix
            22.2% of time processing Tubes(Helpers)
             0.0% of time writing files
    Running @   86.909% of real-time (8 threads)
[0m  [35m
 RAIJU
      UT   = 2001-06-01 23:29:45
      Time =    29.750 [min]
     dtCpl =  5.00E+00 [sec]
     Max/Min dt @ k:
        Max 3.16E+01 [sec] @ 58
        Min 1.38E-01 [sec] @ 160
     Flav : max Press/Den @ L,MLT; DPS-dst
        0: P =   0.00, D =9075.91 @  1.54 Rp,12.07 MLT; DPS:   0.00
        1: P =   0.09, D =   0.30 @  6.82 Rp,20.24 MLT; DPS:  -0.39
        2: P =   3.09, D =   0.43 @  3.96 Rp,23.27 MLT; DPS:  -4.95
[0m [32m<Writing HDF5 DATA @ t =    29.667 [min] >[0m 
[32m<Writing RAIJU HDF5 DATA @ t =    29.750 [min] >[0m 
 [36m
 GAMERA
      Time =    29.751 [min]
        ts =    20211
        dt =  1.00E-01 [sec]
    dt/dt0 =   84.025%
    Spent     0.0% of time waiting for Voltron
      kZCs =   3411.75 /   1318.27 [MHD/TOT] (8 threads)
[0m       CPCP =   73.304  68.663 [kV, N/S]
 [34m
 VOLTRON
      UT   = 2001-06-01 23:29:45
      tilt =    0.000 [deg]
    Sym-H  =   -5.000 [nT]
    BSDst  ~   16.389 [nT]
           dSMRs  ~     1.10   -0.09   -1.06    0.05 [nT, 12/18/00/06]
   DPSDst  ~   -4.485 [nT]
   Spent    42.9% of time waiting for Gamera
            12.1% of time processing Chimp(Helpers)
             9.9% of time processing IMAG
            12.7% of time processing Remix
            22.2% of time processing Tubes(Helpers)
             0.0% of time writing files
    Running @   86.931% of real-time (8 threads)
[0m  [35m
 RAIJU
      UT   = 2001-06-01 23:29:50
      Time =    29.833 [min]
     dtCpl =  5.00E+00 [sec]
     Max/Min dt @ k:
        Max 3.16E+01 [sec] @ 58
        Min 1.38E-01 [sec] @ 160
     Flav : max Press/Den @ L,MLT; DPS-dst
        0: P =   0.00, D =9075.91 @  1.54 Rp,12.07 MLT; DPS:   0.00
        1: P =   0.09, D =   0.30 @  6.82 Rp,20.24 MLT; DPS:  -0.39
        2: P =   3.09, D =   0.43 @  3.96 Rp,23.27 MLT; DPS:  -4.95
[0m [32m<Writing HDF5 DATA @ t =    29.751 [min] >[0m 
[32m<Writing RAIJU HDF5 DATA @ t =    29.833 [min] >[0m 
 [36m
 GAMERA
      Time =    29.834 [min]
        ts =    20261
        dt =  1.00E-01 [sec]
    dt/dt0 =   84.002%
    Spent     0.0% of time waiting for Voltron
      kZCs =   3412.07 /   1318.31 [MHD/TOT] (8 threads)
[0m       CPCP =   73.375  68.700 [kV, N/S]
 [34m
 VOLTRON
      UT   = 2001-06-01 23:29:50
      tilt =    0.000 [deg]
    Sym-H  =   -5.000 [nT]
    BSDst  ~   16.378 [nT]
           dSMRs  ~     1.10   -0.09   -1.06    0.05 [nT, 12/18/00/06]
   DPSDst  ~   -4.482 [nT]
   Spent    43.0% of time waiting for Gamera
            12.1% of time processing Chimp(Helpers)
             9.9% of time processing IMAG
            12.6% of time processing Remix
            22.2% of time processing Tubes(Helpers)
             0.0% of time writing files
    Running @   86.958% of real-time (8 threads)
[0m  [35m
 RAIJU
      UT   = 2001-06-01 23:29:55
      Time =    29.917 [min]
     dtCpl =  5.00E+00 [sec]
     Max/Min dt @ k:
        Max 3.16E+01 [sec] @ 8
        Min 1.38E-01 [sec] @ 160
     Flav : max Press/Den @ L,MLT; DPS-dst
        0: P =   0.00, D =9075.91 @  1.54 Rp,12.07 MLT; DPS:   0.00
        1: P =   0.09, D =   0.30 @  6.82 Rp,20.24 MLT; DPS:  -0.39
        2: P =   3.09, D =   0.43 @  3.96 Rp,23.27 MLT; DPS:  -4.94
[0m [32m<Writing HDF5 DATA @ t =    29.834 [min] >[0m 
[32m<Writing RAIJU HDF5 DATA @ t =    29.917 [min] >[0m 
 [36m
 GAMERA
      Time =    29.917 [min]
        ts =    20311
        dt =  1.00E-01 [sec]
    dt/dt0 =   83.976%
    Spent     0.0% of time waiting for Voltron
      kZCs =   3412.39 /   1318.53 [MHD/TOT] (8 threads)
[0m       CPCP =   73.466  68.743 [kV, N/S]
 [34m
 VOLTRON
      UT   = 2001-06-01 23:29:55
      tilt =    0.000 [deg]
    Sym-H  =   -5.000 [nT]
    BSDst  ~   16.367 [nT]
           dSMRs  ~     1.10   -0.09   -1.06    0.05 [nT, 12/18/00/06]
   DPSDst  ~   -4.481 [nT]
   Spent    43.0% of time waiting for Gamera
            12.1% of time processing Chimp(Helpers)
             9.9% of time processing IMAG
            12.6% of time processing Remix
            22.2% of time processing Tubes(Helpers)
             0.0% of time writing files
    Running @   86.974% of real-time (8 threads)
[0m  [35m
 RAIJU
      UT   = 2001-06-01 23:29:59
      Time =    30.000 [min]
     dtCpl =  5.00E+00 [sec]
     Max/Min dt @ k:
        Max 3.16E+01 [sec] @ 7
        Min 1.38E-01 [sec] @ 160
     Flav : max Press/Den @ L,MLT; DPS-dst
        0: P =   0.00, D =9075.91 @  1.54 Rp,12.07 MLT; DPS:   0.00
        1: P =   0.09, D =   0.31 @  6.82 Rp,20.24 MLT; DPS:  -0.38
        2: P =   3.09, D =   0.43 @  3.96 Rp,23.27 MLT; DPS:  -4.94
[0m [32m<Writing HDF5 DATA @ t =    29.917 [min] >[0m 
[32m<Writing RAIJU HDF5 DATA @ t =    30.000 [min] >[0m 
 [36m
 GAMERA
      Time =    30.001 [min]
        ts =    20361
        dt =  9.99E-02 [sec]
    dt/dt0 =   83.949%
    Spent     0.0% of time waiting for Voltron
      kZCs =   3411.91 /   1318.62 [MHD/TOT] (8 threads)
[0m       CPCP =   73.575  68.789 [kV, N/S]
 [34m
 VOLTRON
      UT   = 2001-06-01 23:30:00
      tilt =    0.000 [deg]
    Sym-H  =   -5.000 [nT]
    BSDst  ~   16.357 [nT]
           dSMRs  ~     1.10   -0.09   -1.07    0.05 [nT, 12/18/00/06]
   DPSDst  ~   -4.481 [nT]
   Spent    43.0% of time waiting for Gamera
            12.1% of time processing Chimp(Helpers)
             9.9% of time processing IMAG
            12.6% of time processing Remix
            22.2% of time processing Tubes(Helpers)
             0.0% of time writing files
    Running @   86.990% of real-time (8 threads)
[0m  [35m
 RAIJU
      UT   = 2001-06-01 23:30:05
      Time =    30.083 [min]
     dtCpl =  5.00E+00 [sec]
     Max/Min dt @ k:
        Max 3.16E+01 [sec] @ 47
        Min 1.38E-01 [sec] @ 160
     Flav : max Press/Den @ L,MLT; DPS-dst
        0: P =   0.00, D =9075.91 @  1.54 Rp,12.07 MLT; DPS:   0.00
        1: P =   0.09, D =   0.31 @  6.81 Rp,20.24 MLT; DPS:  -0.38
        2: P =   3.09, D =   0.43 @  3.96 Rp,23.27 MLT; DPS:  -4.94
[0m [32m<Writing HDF5 DATA @ t =    30.001 [min] >[0m 
[32m<Writing RAIJU HDF5 DATA @ t =    30.083 [min] >[0m 
 Fin
