OMP: Warning #182: OMP_STACKSIZE: ignored because KMP_STACKSIZE has been defined
 Voltron Reading input deck from 
 tinyCase_sami3_moments_dsB_lmlt_recommended_long1800_exclude_lmax_dens005.xml
  KAIJU/VOLTRON/threading/NumTh           :             8[34m     (XML)[0m 
  KAIJU/GAMERA/debug/writeGhosts          :             F[32m (DEFAULT)[0m 
  KAIJU/GAMERA/debug/writeMagFlux         :             F[32m (DEFAULT)[0m 
  KAIJU/GAMERA/threading/NumTh            :             8[34m     (XML)[0m 
 KAIJU/GAMERA running threaded ...
    # Threads =            8
    # Cores   =            8
 Checking stacksize, if the code crashes here fix your stack ...
  KAIJU/GAMERA/physics/doMHD              :             T[34m     (XML)[0m 
  KAIJU/GAMERA/physics/do25D              :             F[32m (DEFAULT)[0m 
  KAIJU/GAMERA/physics/doResistive        :             F[32m (DEFAULT)[0m 
  KAIJU/GAMERA/sim/pdmb                   :   1.00000E+00[34m     (XML)[0m 
  KAIJU/GAMERA/floors/dFloor              :   1.00000E-04[34m     (XML)[0m 
  KAIJU/GAMERA/floors/pFloor              :   1.00000E-06[34m     (XML)[0m 
  KAIJU/GAMERA/sim/CFL                    :   3.00000E-01[32m (DEFAULT)[0m 
 CFL # =   0.300000000000000     
  KAIJU/GAMERA/sim/Vd0                    :   5.00000E-01[32m (DEFAULT)[0m 
  KAIJU/GAMERA/physics/gamma              :   1.66667E+00[32m (DEFAULT)[0m 
  KAIJU/GAMERA/physics/doHogs             :             T[32m (DEFAULT)[0m 
  KAIJU/GAMERA/physics/cHogH              :   2.50000E-01[32m (DEFAULT)[0m 
  KAIJU/GAMERA/physics/cHogM              :   2.50000E-01[32m (DEFAULT)[0m 
  KAIJU/GAMERA/sim/doAB3                  :             F[32m (DEFAULT)[0m 
  KAIJU/GAMERA/time/tFin                  :   1.00000E+00[32m (DEFAULT)[0m 
  KAIJU/GAMERA/time/fixedTimestep         :  -1.00000E+00[32m (DEFAULT)[0m 
  KAIJU/GAMERA/timestep/limDT0            :   1.00000E-03[32m (DEFAULT)[0m 
  KAIJU/GAMERA/timestep/doCPR             :             T[34m     (XML)[0m 
  KAIJU/GAMERA/timestep/limCPR            :   2.50000E-01[34m     (XML)[0m 
 Please update the XML to use output/dtCon for console output
 Instead of the no longer used output/tsOut
  KAIJU/GAMERA/output/dtCon               :   5.00000E+00[32m (DEFAULT)[0m 
  KAIJU/GAMERA/output/dtOut               :   1.00000E+01[32m (DEFAULT)[0m 
  KAIJU/GAMERA/restart/dtRes              :   1.00000E+02[32m (DEFAULT)[0m 
  KAIJU/GAMERA/output/doTimer             :             F[32m (DEFAULT)[0m 
  KAIJU/GAMERA/output/doFat               :             F[32m (DEFAULT)[0m 
  KAIJU/GAMERA/output/doSlim              :             F[32m (DEFAULT)[0m 
  KAIJU/GAMERA/output/slimTimers          :             T[32m (DEFAULT)[0m 
  KAIJU/GAMERA/output/DivB                :             T[32m (DEFAULT)[0m 
  KAIJU/GAMERA/output/doFatIO             :             F[32m (DEFAULT)[0m 
  KAIJU/GAMERA/output/doHighPrecOut       :             F[32m (DEFAULT)[0m 
  KAIJU/GAMERA/restart/doRes              :             F[34m     (XML)[0m 
  KAIJU/GAMERA/physics/doBoris            :             T[34m     (XML)[0m 
  KAIJU/GAMERA/physics/Ca                 :   1.00000E+01[34m     (XML)[0m 
  KAIJU/GAMERA/multifluid/doMF            :             F[32m (DEFAULT)[0m 
  KAIJU/GAMERA/source/doSource            :             T[34m     (XML)[0m 
  KAIJU/GAMERA/source/nvSrc               :            10[32m (DEFAULT)[0m 
  KAIJU/GAMERA/sim/runid                  :  sami3_moment[34m     (XML)[0m 
  KAIJU/GAMERA/sim/rmeth                  :           7UP[34m     (XML)[0m 
 Using 7UP Reconstruction
  KAIJU/GAMERA/sim/lfmlim                 :             T[32m (DEFAULT)[0m 
  KAIJU/GAMERA/ring/rngrec                :           PPM[32m (DEFAULT)[0m 
  KAIJU/GAMERA/random/seed                :         31337[32m (DEFAULT)[0m 
  KAIJU/GAMERA/sim/doH5g                  :             T[34m     (XML)[0m 
  KAIJU/GAMERA/sim/H5Grid                 :       lfmD.h5[34m     (XML)[0m 
 Reading grid from file: lfmD.h5
  KAIJU/GAMERA/ring/doRing                :             T[34m     (XML)[0m 
  KAIJU/GAMERA/ring/gid                   :           lfm[34m     (XML)[0m 
  KAIJU/GAMERA/ringknobs/doMassRA         :             F[32m (DEFAULT)[0m 
  KAIJU/GAMERA/ringknobs/doClean          :             T[32m (DEFAULT)[0m 
  KAIJU/GAMERA/ringknobs/doFastClean      :             T[32m (DEFAULT)[0m 
  KAIJU/GAMERA/ringknobs/doShift          :             F[32m (DEFAULT)[0m 
  KAIJU/GAMERA/ringknobs/NMag             :             1[32m (DEFAULT)[0m 
  KAIJU/GAMERA/ringknobs/doVClean         :             T[34m     (XML)[0m 
  KAIJU/GAMERA/ringknobs/NVel             :             0[32m (DEFAULT)[0m 
  KAIJU/GAMERA/ring/doAggressive          :             F[34m     (XML)[0m 
  KAIJU/GAMERA/ring/Nr                    :             4[32m (DEFAULT)[0m 
  KAIJU/GAMERA/ring/Nc1                   :             8[32m (DEFAULT)[0m 
  KAIJU/GAMERA/ring/Nc2                   :            16[32m (DEFAULT)[0m 
  KAIJU/GAMERA/ring/Nc3                   :            32[32m (DEFAULT)[0m 
  KAIJU/GAMERA/ring/Nc4                   :            32[32m (DEFAULT)[0m 
  KAIJU/GAMERA/sim/doH5ic                 :             F[32m (DEFAULT)[0m 
  KAIJU/GAMERA/sim/icType                 :          user[34m     (XML)[0m 
  KAIJU/GAMERA/prob/Rho0                  :   2.00000E-01[32m (DEFAULT)[0m 
  KAIJU/GAMERA/prob/P0                    :   1.00000E-03[32m (DEFAULT)[0m 
  KAIJU/GAMERA/prob/doPP0                 :             F[32m (DEFAULT)[0m 
  KAIJU/GAMERA/prob/writeBC               :             T[32m (DEFAULT)[0m 
  /Kaiju/Gamera/prob/planet               :         Earth[32m (DEFAULT)[0m 
  /Kaiju/Gamera/prob/M0                   :   2.96174E-01[32m (DEFAULT)[0m 
  /Kaiju/Gamera/prob/period               :   8.64000E+04[32m (DEFAULT)[0m 
  /Kaiju/Gamera/prob/doCorot              :             T[32m (DEFAULT)[0m 
  KAIJU/GAMERA/floors/dFloor              :   1.00000E-04[34m     (XML)[0m 
  KAIJU/GAMERA/floors/pFloor              :   1.00000E-06[34m     (XML)[0m 
  KAIJU/GAMERA/timestep/doCPR             :             T[34m     (XML)[0m 
  KAIJU/GAMERA/timestep/limCPR            :   2.50000E-01[34m     (XML)[0m 
  KAIJU/GAMERA/chill/doGAMChill           :             F[32m (DEFAULT)[0m 
  KAIJU/GAMERA/chill/doLFMChill           :             F[32m (DEFAULT)[0m 
 ---------------
 Magnetosphere normalization
 T0   [s]    =    63.7810000000000     
 x0   [m]    =    6378100.00000000     
 v0   [m/s]  =    100000.000000000     
 P0   [nPa]  =   1.660539066600000E-002
 B0   [nT]   =    4.56803560959387     
 g    [m/s2] =    9.80700000000000     
 psi0 [kV]   =    87.6183892504483     
 ---------------
 doGrav      =  T
  KAIJU/GAMERA/source/doIngest            :             T[32m (DEFAULT)[0m 
  KAIJU/GAMERA/source/doIngestCold        :             T[32m (DEFAULT)[0m 
  KAIJU/GAMERA/source/coldDMax            :  -1.00000E+00[32m (DEFAULT)[0m 
  KAIJU/GAMERA/source/coldPMax            :  -1.00000E+00[32m (DEFAULT)[0m 
  /Kaiju/voltron/imag/doInit              :             T[34m     (XML)[0m 
  KAIJU/GAMERA/wind/tsfile                :     bcwind.h5[34m     (XML)[0m 
  KAIJU/GAMERA/source0/dz                 :   5.00000E+00[32m (DEFAULT)[0m 
  KAIJU/GAMERA/source0/dt0                :   3.00000E+02[32m (DEFAULT)[0m 
  KAIJU/GAMERA/prob/xMax                  :   2.00000E+01[32m (DEFAULT)[0m 
  KAIJU/GAMERA/prob/yMax                  :   7.50000E+01[32m (DEFAULT)[0m 
  KAIJU/GAMERA/prob/xMin                  :  -2.25000E+02[32m (DEFAULT)[0m 
  KAIJU/GAMERA/prob/sIn                   :   9.60000E-01[32m (DEFAULT)[0m 
  KAIJU/GAMERA/background/rCut            :   1.60000E+01[32m (DEFAULT)[0m 
  KAIJU/GAMERA/background/lCut            :   8.00000E+00[32m (DEFAULT)[0m 
  KAIJU/GAMERA/background/dcScl           :   4.00000E+00[32m (DEFAULT)[0m 
  /Kaiju/voltron/coupling/dt              :   5.00000E+00[32m (DEFAULT)[0m 
  KAIJU/GAMERA/ibc/doIonPush              :             T[32m (DEFAULT)[0m 
  KAIJU/GAMERA/ibc/nIonP                  :             1[32m (DEFAULT)[0m 
  KAIJU/GAMERA/wind/tsfile                :     bcwind.h5[34m     (XML)[0m 
 ---------------
 Solar wind data
 Reading wind data from bcwind.h5
 Assuming input units: t,D,V,T,B = [s],[#/cm3],[m/s],[K],[nT]
 SW Coefficients (Bx0,ByC,BzC) =    0.000   0.000   0.000
 Min solar wind Alfvenic Mach number =    7.587
 Finished reading solar wind data
 ---------------
  /Kaiju/voltron/spinup/doSeq             :             F[32m (DEFAULT)[0m 
[32m<Writing HDF5 DATA @ t =  0.00E+00 [sec] >[0m 
 [36m
 GAMERA
      Time =  0.00E+00 [sec]
        ts =        0
        dt =  1.19E-01 [sec]
    Spent     0.0% of time waiting for Voltron
[0m  Please update the XML to use output/dtCon for console output
 Instead of the no longer used output/tsOut
  KAIJU/GAMERA/output/dtCon               :   5.00000E+00[32m (DEFAULT)[0m 
  KAIJU/GAMERA/output/dtOut               :   1.00000E+01[32m (DEFAULT)[0m 
  KAIJU/GAMERA/restart/dtRes              :   1.00000E+02[32m (DEFAULT)[0m 
  KAIJU/GAMERA/output/doTimer             :             F[32m (DEFAULT)[0m 
  KAIJU/GAMERA/output/doFat               :             F[32m (DEFAULT)[0m 
  KAIJU/GAMERA/output/doSlim              :             F[32m (DEFAULT)[0m 
  KAIJU/GAMERA/output/slimTimers          :             T[32m (DEFAULT)[0m 
  KAIJU/GAMERA/output/DivB                :             T[32m (DEFAULT)[0m 
  KAIJU/GAMERA/output/doFatIO             :             F[32m (DEFAULT)[0m 
  /Kaiju/Gamera/prob/planet               :         Earth[32m (DEFAULT)[0m 
  /Kaiju/Gamera/prob/M0                   :   2.96174E-01[32m (DEFAULT)[0m 
  /Kaiju/Gamera/prob/period               :   8.64000E+04[32m (DEFAULT)[0m 
  /Kaiju/Gamera/prob/doCorot              :             T[32m (DEFAULT)[0m 
 -------------
 Planet params
 Name             : EARTH
 Planet Radius [m]:    6378100.00000000     
 Iono Radius   [m]:    6500000.00000000     
 Gravity    [m/s2]:    9.80700000000000     
 Use gravity      :  T
 Mag. Moment   [G]:   0.296173700000000     
 Corot Pot.   [kV]:    87.6183892504483     
 -------------
  /Kaiju/Gamera/prob/doGeoCorot           :             F[32m (DEFAULT)[0m 
 Going into geospace mode ...
  /Kaiju/Gamera/wind/tsfile               :     bcwind.h5[34m     (XML)[0m 
  KAIJU/VOLTRON/time/tFin                 :   1.80000E+03[34m     (XML)[0m 
 Please update the XML to use output/dtCon for console output
 Instead of the no longer used output/tsOut
  KAIJU/VOLTRON/output/dtCon              :   5.00000E+00[32m (DEFAULT)[0m 
  KAIJU/VOLTRON/output/dtOut              :   5.00000E+00[34m     (XML)[0m 
  KAIJU/VOLTRON/restart/dtRes             :   1.08000E+04[34m     (XML)[0m 
  KAIJU/VOLTRON/output/doTimer            :             F[32m (DEFAULT)[0m 
  KAIJU/VOLTRON/output/doFat              :             F[32m (DEFAULT)[0m 
  KAIJU/VOLTRON/output/doSlim             :             F[32m (DEFAULT)[0m 
  KAIJU/VOLTRON/output/slimTimers         :             T[32m (DEFAULT)[0m 
  KAIJU/VOLTRON/coupling/dtCouple         :   5.00000E+00[34m     (XML)[0m 
  KAIJU/VOLTRON/coupling/rTrc             :   4.00000E+01[32m (DEFAULT)[0m 
 Ending a simulation too close to a coupling interval can cause synchronization 
 issues
 Increasing the ending time by a fraction of a second to create a buffer
  KAIJU/VOLTRON/coupling/doDeep           :             T[32m (DEFAULT)[0m 
  KAIJU/VOLTRON/coupling/doGCM            :             F[32m (DEFAULT)[0m 
  KAIJU/VOLTRON/coupling/dtAvgB0          :   9.00000E+02[32m (DEFAULT)[0m 
  /Kaiju/gamera/restart/doRes             :             F[34m     (XML)[0m 
  KAIJU/VOLTRON/spinup/doSpin             :             T[34m     (XML)[0m 
  KAIJU/VOLTRON/spinup/tSpin              :   5.00000E+00[34m     (XML)[0m 
  KAIJU/VOLTRON/spinup/tIO                :   0.00000E+00[32m (DEFAULT)[0m 
  KAIJU/VOLTRON/coupling/tCouple          :  -5.00000E+00[32m (DEFAULT)[0m 
  KAIJU/VOLTRON/grid/Nt                   :            90[32m (DEFAULT)[0m 
  KAIJU/VOLTRON/grid/Np                   :           180[32m (DEFAULT)[0m 
  KAIJU/VOLTRON/grid/Ng                   :             4[32m (DEFAULT)[0m 
  KAIJU/VOLTRON/grid/gType                :        UNISPH[32m (DEFAULT)[0m 
  KAIJU/VOLTRON/coupling/doQkSquish       :             T[34m     (XML)[0m 
  KAIJU/VOLTRON/coupling/qkSquishStride   :             2[34m     (XML)[0m 
  KAIJU/VOLTRON/ebsquish/epsSquish        :   5.00000E-02[32m (DEFAULT)[0m 
  KAIJU/VOLTRON/coupling/imType           :         RAIJU[34m     (XML)[0m 
  /Kaiju/voltron/imag/doInit              :             T[34m     (XML)[0m 
 raijuInitModel is starting
  KAIJU/RAIJU/driver/isSA                 :             F[32m (DEFAULT)[0m 
  /Kaiju/Gamera/sim/runid                 :  sami3_moment[34m     (XML)[0m 
  KAIJU/RAIJU/time/T0                     :   0.00000E+00[32m (DEFAULT)[0m 
  KAIJU/RAIJU/time/tFin                   :   6.00000E+01[32m (DEFAULT)[0m 
  KAIJU/RAIJU/time/dt                     :   1.00000E+00[32m (DEFAULT)[0m 
  KAIJU/RAIJU/config/fname                :  raijuconfig.[34m     (XML)[0m 
  /Kaiju/Gamera/wind/tsFile               :     bcwind.h5[34m     (XML)[0m 
  KAIJU/RAIJU/mpi/isMPI                   :             F[32m (DEFAULT)[0m 
  /Kaiju/Gamera/restart/doRes             :             F[34m     (XML)[0m 
  KAIJU/RAIJU/plasmasphere/doPsphere      :             T[34m     (XML)[0m 
  KAIJU/RAIJU/plasmasphere/doEvol         :             T[32m (DEFAULT)[0m 
  KAIJU/RAIJU/plasmasphere/evolRad        :   2.25000E+00[32m (DEFAULT)[0m 
  KAIJU/RAIJU/plasmasphere/initKp         :   3.00000E+00[32m (DEFAULT)[0m 
  KAIJU/RAIJU/prob/doExcessMap            :             T[32m (DEFAULT)[0m 
  KAIJU/RAIJU/prob/nSpc                   :             3[32m (DEFAULT)[0m 
  KAIJU/RAIJU/domain/bndLim               :             3[32m (DEFAULT)[0m 
  KAIJU/RAIJU/domain/tail_buffer          :   1.50000E+01[34m     (XML)[0m 
  KAIJU/RAIJU/domain/sun_buffer           :   1.50000E+01[34m     (XML)[0m 
  KAIJU/RAIJU/domain/tail_active          :   1.20000E+01[34m     (XML)[0m 
  KAIJU/RAIJU/domain/sun_active           :   1.20000E+01[34m     (XML)[0m 
  KAIJU/RAIJU/domain/activeRad            :   3.00000E+00[32m (DEFAULT)[0m 
  KAIJU/RAIJU/sim/doSmoothGrads           :             T[32m (DEFAULT)[0m 
  KAIJU/RAIJU/sim/useVelLRs               :             T[32m (DEFAULT)[0m 
  KAIJU/RAIJU/sim/maxIter                 :          1000[32m (DEFAULT)[0m 
  KAIJU/RAIJU/sim/maxOrder                :             7[32m (DEFAULT)[0m 
  KAIJU/RAIJU/sim/pdmb                    :   7.50000E-01[34m     (XML)[0m 
  KAIJU/RAIJU/sim/cfl                     :   3.00000E-01[32m (DEFAULT)[0m 
 CFL # =   0.300000000000000     
  KAIJU/RAIJU/prob/tiote                  :   4.00000E+00[32m (DEFAULT)[0m 
  KAIJU/RAIJU/moments/useStateTioteForInge:             F[32m (DEFAULT)[0m 
  KAIJU/RAIJU/activeShell/doAS            :             F[32m (DEFAULT)[0m 
  KAIJU/RAIJU/activeShell/worthyFrac      :   1.00000E-03[32m (DEFAULT)[0m 
  KAIJU/RAIJU/prob/doCorot                :             F[32m (DEFAULT)[0m 
  KAIJU/RAIJU/lambdas/dynamicRanges       :             F[32m (DEFAULT)[0m 
  KAIJU/RAIJU/moments/DP2EtaMap           :       MAXWELL[32m (DEFAULT)[0m 
  KAIJU/RAIJU/losses/doLosses             :             T[34m     (XML)[0m 
  KAIJU/RAIJU/losses/doCC                 :             T[34m     (XML)[0m 
  KAIJU/RAIJU/losses/doCX                 :             T[34m     (XML)[0m 
  KAIJU/RAIJU/losses/doEWM                :             T[32m (DEFAULT)[0m 
  KAIJU/RAIJU/losses/ewmType              :            SS[32m (DEFAULT)[0m 
  KAIJU/RAIJU/output/loudConsole          :             T[34m     (XML)[0m 
  KAIJU/RAIJU/output/writeGhosts          :             F[34m     (XML)[0m 
  KAIJU/RAIJU/output/doLossExtras         :             F[34m     (XML)[0m 
  KAIJU/RAIJU/output/doDebug              :             F[34m     (XML)[0m 
  KAIJU/RAIJU/hax/rcmEtaPush              :             F[32m (DEFAULT)[0m 
  KAIJU/RAIJU/domain/vaFrac_soft          :   6.00000E-01[32m (DEFAULT)[0m 
  KAIJU/RAIJU/domain/vaFrac_hard          :   4.00000E-01[32m (DEFAULT)[0m 
  KAIJU/RAIJU/domain/bmin_soft            :   5.00000E+00[32m (DEFAULT)[0m 
  KAIJU/RAIJU/domain/bmin_hard            :   2.00000E+00[32m (DEFAULT)[0m 
  KAIJU/RAIJU/cpl/nBounce                 :   3.00000E+00[32m (DEFAULT)[0m 
  KAIJU/RAIJU/cpl/nFluidsIn               :             1[34m     (XML)[0m 
  KAIJU/RAIJU/fluidIn1/imhd               :             0[34m     (XML)[0m 
  KAIJU/RAIJU/fluidIn1/flav               :             2[34m     (XML)[0m 
  KAIJU/RAIJU/fluidIn1/excessToPsph       :             T[34m     (XML)[0m 
  /Kaiju/Gamera/prob/planet               :         Earth[32m (DEFAULT)[0m 
  /Kaiju/Gamera/prob/M0                   :   2.96174E-01[32m (DEFAULT)[0m 
  /Kaiju/Gamera/prob/period               :   8.64000E+04[32m (DEFAULT)[0m 
  Calculated corotation potential [kV]:    87.6183892504483     
  /Kaiju/Gamera/prob/doCorot              :             T[32m (DEFAULT)[0m 
  KAIJU/RAIJU/grid/Nbnd                   :             4[32m (DEFAULT)[0m 
  KAIJU/RAIJU/grid/gType                  :        SHGRID[34m     (XML)[0m 
  KAIJU/RAIJU/grid/ThetaL                 :   1.50000E+01[34m     (XML)[0m 
 RAIJU theta range =    15.0000000000000        49.1066053508691     
  KAIJU/RAIJU/grid/Ng                     :             4[32m (DEFAULT)[0m 
  KAIJU/RAIJU/hax/doConstB                :             F[32m (DEFAULT)[0m 
  KAIJU/RAIJU/config/ignoreMismatch       :             F[32m (DEFAULT)[0m 
 Found spc group Species/0
  Flav:                    0
  N:                       1
  # nuc_p:                 1
  # nuc_n:                 0
  q:                       1
  spcType:                 2
  Fudge:          0.000000000000000E+000
  kStart:                  1
  kEnd:                    1
 Found spc group Species/1
  Flav:                    1
  N:                      39
  # nuc_p:                 0
  # nuc_n:                 0
  q:                      -1
  spcType:                 1
  Fudge:          0.333333333333333     
  kStart:                  2
  kEnd:                   40
 Found spc group Species/2
  Flav:                    2
  N:                     120
  # nuc_p:                 1
  # nuc_n:                 0
  q:                       1
  spcType:                 2
  Fudge:          0.000000000000000E+000
  kStart:                 41
  kEnd:                  160
           0 T
           1 F
           2 T
 ---------------
 Creating time series for Kp
 Reading data from bcwind.h5
 Finished reading data for Kp
 ---------------
  KAIJU/RAIJU/prob/IC                     :           DIP[32m (DEFAULT)[0m 
 Initializing a dipole field with XML-determined electrostatic potential and eta
  distribution
  KAIJU/RAIJU/prob/espotPreset            :         TOFFO[32m (DEFAULT)[0m 
  KAIJU/RAIJU/prob/cpcp                   :   5.00000E+01[32m (DEFAULT)[0m 
  KAIJU/RAIJU/prob/etaPreset              :          RING[32m (DEFAULT)[0m 
  KAIJU/RAIJU/prob/D                      :   1.00000E+01[32m (DEFAULT)[0m 
  KAIJU/RAIJU/prob/T                      :   3.00000E+01[32m (DEFAULT)[0m 
  KAIJU/RAIJU/prob/tiote                  :   4.00000E+00[32m (DEFAULT)[0m 
  KAIJU/RAIJU/prob/L                      :   4.00000E+00[32m (DEFAULT)[0m 
  KAIJU/RAIJU/prob/dL                     :   6.25000E-01[32m (DEFAULT)[0m 
 RAIJU initializing plasmasphere with Kp =   3.00000000000000     
  /Kaiju/RAIJU/losses/ssMult              :   1.00000E+00[32m (DEFAULT)[0m 
 Please update the XML to use output/dtCon for console output
 Instead of the no longer used output/tsOut
  KAIJU/VOLTRON/output/dtCon              :   5.00000E+00[32m (DEFAULT)[0m 
  KAIJU/VOLTRON/output/dtOut              :   5.00000E+00[34m     (XML)[0m 
  KAIJU/VOLTRON/restart/dtRes             :   1.08000E+04[34m     (XML)[0m 
  KAIJU/VOLTRON/output/doTimer            :             F[32m (DEFAULT)[0m 
  KAIJU/VOLTRON/output/doFat              :             F[32m (DEFAULT)[0m 
  KAIJU/VOLTRON/output/doSlim             :             F[32m (DEFAULT)[0m 
  KAIJU/VOLTRON/output/slimTimers         :             T[32m (DEFAULT)[0m 
  KAIJU/RAIJU/cpl/startupTscl             :   7.20000E+03[34m     (XML)[0m 
  KAIJU/RAIJU/cpl/tsclSm_dL               :   1.00000E+00[32m (DEFAULT)[0m 
  KAIJU/RAIJU/cpl/tsclSm_dMLT             :   1.00000E+00[32m (DEFAULT)[0m 
  KAIJU/RAIJU/sami3Moments/doIngest       :             T[34m     (XML)[0m 
  KAIJU/RAIJU/sami3Moments/file           :  /home/jiaoy_[34m     (XML)[0m 
  KAIJU/RAIJU/sami3Moments/group          :  /RaiCplMomen[34m     (XML)[0m 
  KAIJU/RAIJU/sami3Moments/alphaPavg      :   0.00000E+00[34m     (XML)[0m 
  KAIJU/RAIJU/sami3Moments/alphaDavg      :   5.00000E-02[34m     (XML)[0m 
  KAIJU/RAIJU/sami3Moments/alphaPstd      :   0.00000E+00[34m     (XML)[0m 
  KAIJU/RAIJU/sami3Moments/alphaDstd      :   0.00000E+00[34m     (XML)[0m 
  KAIJU/RAIJU/sami3Moments/alphaTiote     :   0.00000E+00[34m     (XML)[0m 
  KAIJU/RAIJU/sami3Moments/densityFloor   :   0.00000E+00[32m (DEFAULT)[0m 
  KAIJU/RAIJU/sami3Moments/pressureFloor  :   0.00000E+00[32m (DEFAULT)[0m 
  KAIJU/RAIJU/sami3Moments/tioteMin       :   0.00000E+00[32m (DEFAULT)[0m 
  KAIJU/RAIJU/sami3Moments/tioteMax       :   1.00000E+30[32m (DEFAULT)[0m 
  KAIJU/RAIJU/sami3Moments/abortOnNonfinit:             T[32m (DEFAULT)[0m 
  KAIJU/RAIJU/coldStarter/doCX            :             T[32m (DEFAULT)[0m 
  KAIJU/RAIJU/coldStarter/doUpdate        :             F[32m (DEFAULT)[0m 
  KAIJU/RAIJU/coldStarter/evalCadence     :   3.00000E+02[32m (DEFAULT)[0m 
  KAIJU/RAIJU/coldStarter/tEnd            :   7.20000E+03[32m (DEFAULT)[0m 
  KAIJU/RAIJU/grid/ThetaL                 :   1.50000E+01[34m     (XML)[0m 
 RAIJU theta range =    15.0000000000000        49.1066053508691     
  KAIJU/RAIJU/grid/Ng                     :             4[32m (DEFAULT)[0m 
 SAMI3 moments ingest enabled: 
 /home/jiaoy_group/jiaoy/data/MAGE1.25/kaiju_sami3_voltron_moments_20260523/anal
 ysis/sami3_voltron_raiju_diag_stubpayload_nfluid1_ds_over_B_voltron_tubeshell_l
 _mlt_lon0_bin_bvol_overlap_exclude_lmax_20260526.h5 group=/RaiCplMomentsOnly
 SAMI3 moments alpha Pavg/Davg/Pstd/Dstd/tiote:  0.000000000000000E+000
  5.000000000000000E-002  0.000000000000000E+000  0.000000000000000E+000
  0.000000000000000E+000
 SAMI3 moments floors density/pressure and tiote min/max:
  0.000000000000000E+000  0.000000000000000E+000  0.000000000000000E+000
  1.000000000000000E+030
 SAMI3 moments abortOnNonfinite: T
 RAIJU outputting to 
 sami3_moments_dsB_lmlt_recommended_long1800_exclude_lmax_dens005.raiju.h5
  KAIJU/VOLTRON/coupling/doDynDT          :             F[32m (DEFAULT)[0m 
 Voltron outputting to 
 sami3_moments_dsB_lmlt_recommended_long1800_exclude_lmax_dens005.volt.h5
  KAIJU/REMIX/conductance/euv_model_type  :         LOMPE[32m (DEFAULT)[0m 
  KAIJU/REMIX/conductance/et_model_type   :          NONE[32m (DEFAULT)[0m 
  KAIJU/REMIX/conductance/sigma_model_type:         KAE23[32m (DEFAULT)[0m 
  KAIJU/REMIX/precipitation/aurora_model_t:        LINMRG[34m     (XML)[0m 
  KAIJU/REMIX/precipitation/alpha         :   2.00000E-01[34m     (XML)[0m 
  KAIJU/REMIX/precipitation/beta          :   4.00000E-01[34m     (XML)[0m 
  KAIJU/REMIX/precipitation/R             :   8.00000E-02[32m (DEFAULT)[0m 
  KAIJU/REMIX/precipitation/doAuroralSmoot:             F[34m     (XML)[0m 
  KAIJU/REMIX/conductance/F107            :   1.20000E+02[32m (DEFAULT)[0m 
  KAIJU/REMIX/conductance/pedmin          :   2.00000E+00[32m (DEFAULT)[0m 
  KAIJU/REMIX/conductance/hallmin         :   1.00000E+00[32m (DEFAULT)[0m 
  KAIJU/REMIX/conductance/sigma_ratio     :   6.00000E+00[32m (DEFAULT)[0m 
  KAIJU/REMIX/conductance/ped0            :   1.00000E+01[32m (DEFAULT)[0m 
  KAIJU/REMIX/conductance/const_sigma     :             F[32m (DEFAULT)[0m 
  KAIJU/REMIX/conductance/doRamp          :             F[34m     (XML)[0m 
  KAIJU/REMIX/conductance/doChill         :             F[32m (DEFAULT)[0m 
  KAIJU/REMIX/conductance/doStarlight     :             T[34m     (XML)[0m 
  KAIJU/REMIX/conductance/doMR            :             F[32m (DEFAULT)[0m 
  KAIJU/REMIX/conductance/apply_cap       :             T[32m (DEFAULT)[0m 
  KAIJU/REMIX/precipitation/gamma         :   1.66667E+00[32m (DEFAULT)[0m 
  KAIJU/REMIX/conductance/doEMA           :             T[32m (DEFAULT)[0m 
  KAIJU/REMIX/conductance/doET            :             F[32m (DEFAULT)[0m 
  KAIJU/REMIX/conductance/doSWF107        :             T[32m (DEFAULT)[0m 
  KAIJU/REMIX/solver/maxitr               :           400[32m (DEFAULT)[0m 
  KAIJU/REMIX/solver/mr                   :            30[32m (DEFAULT)[0m 
  KAIJU/REMIX/solver/tol_abs              :   1.00000E-06[32m (DEFAULT)[0m 
  KAIJU/REMIX/solver/tol_rel              :   1.00000E-06[32m (DEFAULT)[0m 
  KAIJU/REMIX/solver/llbc_value           :   0.00000E+00[32m (DEFAULT)[0m 
  KAIJU/REMIX/grid/Np                     :           360[32m (DEFAULT)[0m 
  KAIJU/REMIX/grid/Nt                     :            45[32m (DEFAULT)[0m 
  KAIJU/REMIX/grid/LowLatBoundary         :   4.50000E+01[32m (DEFAULT)[0m 
  KAIJU/REMIX/grid/init_from_file         :             F[32m (DEFAULT)[0m 
  KAIJU/REMIX/output/dtOut                :   1.00000E+00[32m (DEFAULT)[0m 
  /Kaiju/gamera/restart/nRes              :             2[34m     (XML)[0m 
  KAIJU/REMIX/debug/mklmsglvl             :             0[32m (DEFAULT)[0m 
 [31m
 [0m 
 WARNING for ShellGrid with name: REMIX
 No radius provided, assuming Earth's ionosphere according to kdefs:
   1.01911227481538       Rp
  KAIJU/REMIX/conductance/euv_model_type  :         LOMPE[32m (DEFAULT)[0m 
  KAIJU/REMIX/conductance/et_model_type   :          NONE[32m (DEFAULT)[0m 
  KAIJU/REMIX/conductance/sigma_model_type:         KAE23[32m (DEFAULT)[0m 
  KAIJU/REMIX/precipitation/aurora_model_t:        LINMRG[34m     (XML)[0m 
  KAIJU/REMIX/precipitation/alpha         :   2.00000E-01[34m     (XML)[0m 
  KAIJU/REMIX/precipitation/beta          :   4.00000E-01[34m     (XML)[0m 
  KAIJU/REMIX/precipitation/R             :   8.00000E-02[32m (DEFAULT)[0m 
  KAIJU/REMIX/precipitation/doAuroralSmoot:             F[34m     (XML)[0m 
  KAIJU/REMIX/conductance/F107            :   1.20000E+02[32m (DEFAULT)[0m 
  KAIJU/REMIX/conductance/pedmin          :   2.00000E+00[32m (DEFAULT)[0m 
  KAIJU/REMIX/conductance/hallmin         :   1.00000E+00[32m (DEFAULT)[0m 
  KAIJU/REMIX/conductance/sigma_ratio     :   6.00000E+00[32m (DEFAULT)[0m 
  KAIJU/REMIX/conductance/ped0            :   1.00000E+01[32m (DEFAULT)[0m 
  KAIJU/REMIX/conductance/const_sigma     :             F[32m (DEFAULT)[0m 
  KAIJU/REMIX/conductance/doRamp          :             F[34m     (XML)[0m 
  KAIJU/REMIX/conductance/doChill         :             F[32m (DEFAULT)[0m 
  KAIJU/REMIX/conductance/doStarlight     :             T[34m     (XML)[0m 
  KAIJU/REMIX/conductance/doMR            :             F[32m (DEFAULT)[0m 
  KAIJU/REMIX/conductance/apply_cap       :             T[32m (DEFAULT)[0m 
  KAIJU/REMIX/precipitation/gamma         :   1.66667E+00[32m (DEFAULT)[0m 
  KAIJU/REMIX/conductance/doEMA           :             T[32m (DEFAULT)[0m 
  KAIJU/REMIX/conductance/doET            :             F[32m (DEFAULT)[0m 
  KAIJU/REMIX/conductance/doSWF107        :             T[32m (DEFAULT)[0m 
  KAIJU/REMIX/solver/maxitr               :           400[32m (DEFAULT)[0m 
  KAIJU/REMIX/solver/mr                   :            30[32m (DEFAULT)[0m 
  KAIJU/REMIX/solver/tol_abs              :   1.00000E-06[32m (DEFAULT)[0m 
  KAIJU/REMIX/solver/tol_rel              :   1.00000E-06[32m (DEFAULT)[0m 
  KAIJU/REMIX/solver/llbc_value           :   0.00000E+00[32m (DEFAULT)[0m 
  KAIJU/REMIX/grid/Np                     :           360[32m (DEFAULT)[0m 
  KAIJU/REMIX/grid/Nt                     :            45[32m (DEFAULT)[0m 
  KAIJU/REMIX/grid/LowLatBoundary         :   4.50000E+01[32m (DEFAULT)[0m 
  KAIJU/REMIX/grid/init_from_file         :             F[32m (DEFAULT)[0m 
  KAIJU/REMIX/output/dtOut                :   1.00000E+00[32m (DEFAULT)[0m 
  /Kaiju/gamera/restart/nRes              :             2[34m     (XML)[0m 
  KAIJU/REMIX/debug/mklmsglvl             :             0[32m (DEFAULT)[0m 
 [31m
 [0m 
 WARNING for ShellGrid with name: REMIX
 No radius provided, assuming Earth's ionosphere according to kdefs:
   1.01911227481538       Rp
 Using F10.7 =    100.000000000000     
 Using MJD0  =    52061.9583333333     
[32m<Writing HDF5 DATA @ t = -5.00E+00 [sec] >[0m 
 Overwriting group 
 sami3_moments_dsB_lmlt_recommended_long1800_exclude_lmax_dens005.gam.h5/Step#0
  KAIJU/CHIMP/domain/rClosed              :   2.25000E+00[32m (DEFAULT)[0m 
 ------------
 CHIMP Units
 inTScl =    2997.92458000000     
 inBScl =    17.0931245918848     
 inVScl =   3.335640951981520E-004
 ------------
  KAIJU/CHIMP/interp/wgt                  :           TSC[32m (DEFAULT)[0m 
  KAIJU/CHIMP/tracer/epsds                :   5.00000E-02[34m     (XML)[0m 
  KAIJU/CHIMP/tracer/doDip                :             F[32m (DEFAULT)[0m 
  KAIJU/CHIMP/streamline/steptype         :          MAGE[32m (DEFAULT)[0m 
  KAIJU/CHIMP/streamline/bMin_C           :   1.00000E-12[32m (DEFAULT)[0m 
<Grid size = (48,48,64)>
  KAIJU/CHIMP/fields/grType               :           LFM[34m     (XML)[0m 
 <Grid type = LFM>
 Doing grid calculations ...
 Finished grid calculations
 Initializing LFM locator
  KAIJU/CHIMP/domain/rmin                 :   1.01911E+00[32m (DEFAULT)[0m 
  KAIJU/CHIMP/domain/rmax                 :   2.69493E+01[32m (DEFAULT)[0m 
  KAIJU/CHIMP/domain/dtype                :          MAGE[34m     (XML)[0m 
 Using MAGE inDomain
  KAIJU/CHIMP/domain/xSun                 :   2.00000E+01[32m (DEFAULT)[0m 
  KAIJU/CHIMP/domain/xTail                :  -5.00000E+01[32m (DEFAULT)[0m 
  KAIJU/CHIMP/domain/yzMax                :   4.00000E+01[32m (DEFAULT)[0m 
  KAIJU/CHIMP/domain/gtype                :           LFM[32m (DEFAULT)[0m 
 Using spherical inGap
  KAIJU/CHIMP/domain/rgap                 :   2.81609E+00[32m (DEFAULT)[0m 
 MAXTUBESIZE =         5000
 [32m
 ---------------
 Kaiju configuration
Git branch = HEAD
Git hash   = 9e19bfc
Compiler   = Intel(R) Fortran Intel(R) 64 Compiler Classic for applications running on Intel(R) 64, Version 2021.10.0 Build 20230609_000000
Run starting on: Tue May 26 02:45:25 2026
 ---------------
[0m  [36m
 GAMERA
      Time = -5.00E+00 [sec]
        ts =        0
        dt =  1.19E-01 [sec]
    dt/dt0 =  100.000%
    Spent     0.0% of time waiting for Voltron
[0m       CPCP =    0.052   0.052 [kV, N/S]
 [34m
 VOLTRON
      UT   = 2001-06-01 22:59:55
      tilt =    0.000 [deg]
    Sym-H  =   -5.000 [nT]
    BSDst  ~    7.607 [nT]
           dSMRs  ~     0.24   -0.08   -0.08   -0.08 [nT, 12/18/00/06]
   Spent     0.0% of time waiting for Gamera
             0.0% of time processing Chimp(Helpers)
             0.0% of time processing IMAG
             0.0% of time processing Remix
             0.0% of time processing Tubes(Helpers)
             0.0% of time writing files
[0m [32m<Writing HDF5 DATA @ t = -5.00E+00 [sec] >[0m 
 Overwriting group 
 sami3_moments_dsB_lmlt_recommended_long1800_exclude_lmax_dens005.gam.h5/Step#0
[32m<Writing RAIJU HDF5 DATA @ t =  0.00E+00 [sec] >[0m 
 SAMI3 moments ingest applied after RAIJU realtime pack: 
 /home/jiaoy_group/jiaoy/data/MAGE1.25/kaiju_sami3_voltron_moments_20260523/anal
 ysis/sami3_voltron_raiju_diag_stubpayload_nfluid1_ds_over_B_voltron_tubeshell_l
 _mlt_lon0_bin_bvol_overlap_exclude_lmax_20260526.h5 group=/RaiCplMomentsOnly
 SAMI3 moments Pavg(0) min/max:  0.000000000000000E+000  4.578137400972702E-003
 SAMI3 moments Davg(0) min/max:  0.000000000000000E+000   870.244726562500     
 SAMI3 moments tiote min/max:   1.00000000000000        4.00000000000000     
 SAMI3 moments valid mask counts Pavg/Davg/Pstd/Dstd/tiote:        8100
        8100        8100        8100        8100
 RAIJU Cold starting...
  Real Dst             :   -5.00
  Model Dst            :    7.70
  Target DPS-Dst       :  -12.70
  Hot proton pre-loss  :  -28.73
            post-loss  :  -20.08
         post-rescale  :  -12.70
  Hot electron DPS-Dst :   -5.06
 RAIJU initializing plasmasphere with Kp =   3.00000000000000     
 [36m
 GAMERA
      Time =  1.17E-01 [sec]
        ts =       43
        dt =  1.19E-01 [sec]
    dt/dt0 =   99.907%
    Spent     0.0% of time waiting for Voltron
[0m       CPCP =    2.423   2.423 [kV, N/S]
 [34m
 VOLTRON
      UT   = 2001-06-01 23:00:00
      tilt =    0.000 [deg]
    Sym-H  =   -5.000 [nT]
    BSDst  ~    7.671 [nT]
           dSMRs  ~     0.25   -0.08   -0.09   -0.08 [nT, 12/18/00/06]
   DPSDst  ~   -5.799 [nT]
   Spent     3.7% of time waiting for Gamera
             1.8% of time processing Chimp(Helpers)
             5.3% of time processing IMAG
             1.9% of time processing Remix
             3.1% of time processing Tubes(Helpers)
             0.0% of time writing files
    Running @    2.024% of real-time (8 threads)
[0m  [35m
 RAIJU
      UT   = 2001-06-01 23:00:05
      Time =  5.00E+00 [sec]
     dtCpl =  5.00E+00 [sec]
     Max/Min dt @ k:
        Max    2.554 [min] @ 53
        Min 1.38E-01 [sec] @ 160
     Flav : max Press/Den @ L,MLT; DPS-dst
        0: P =   0.00, D =9075.91 @  1.54 Rp,12.07 MLT; DPS:   0.00
        1: P =   1.03, D =   0.40 @  4.00 Rp,15.69 MLT; DPS:  -2.01
        2: P =   2.67, D =   0.26 @  4.00 Rp,15.51 MLT; DPS:  -5.12
[0m [32m<Writing HDF5 DATA @ t =  1.17E-01 [sec] >[0m 
 Overwriting group 
 sami3_moments_dsB_lmlt_recommended_long1800_exclude_lmax_dens005.gamCpl.h5/
 Step#1
[32m<Writing RAIJU HDF5 DATA @ t =  5.00E+00 [sec] >[0m 
[32m<Writing HDF5 RESTART @ t =  1.17E-01 [sec] >[0m 
[32m<Writing RAIJU HDF5 RESTART @ t =  5.00E+00 [sec] >[0m 
 [36m
 GAMERA
      Time =  5.01E+00 [sec]
        ts =       83
        dt =  1.25E-01 [sec]
    dt/dt0 =  104.655%
    Spent     0.0% of time waiting for Voltron
      kZCs =   3567.34 /   1017.64 [MHD/TOT] (8 threads)
[0m       CPCP =    3.076   3.076 [kV, N/S]
 [34m
 VOLTRON
      UT   = 2001-06-01 23:00:05
      tilt =    0.000 [deg]
    Sym-H  =   -5.000 [nT]
    BSDst  ~    7.695 [nT]
           dSMRs  ~     0.26   -0.08   -0.09   -0.08 [nT, 12/18/00/06]
   DPSDst  ~   -5.678 [nT]
   Spent     8.0% of time waiting for Gamera
             4.1% of time processing Chimp(Helpers)
             6.0% of time processing IMAG
             3.7% of time processing Remix
             6.9% of time processing Tubes(Helpers)
             0.0% of time writing files
    Running @    4.496% of real-time (8 threads)
[0m  [35m
 RAIJU
      UT   = 2001-06-01 23:00:10
      Time =  1.00E+01 [sec]
     dtCpl =  5.00E+00 [sec]
     Max/Min dt @ k:
        Max    2.701 [min] @ 53
        Min 1.38E-01 [sec] @ 160
     Flav : max Press/Den @ L,MLT; DPS-dst
        0: P =   0.00, D =9075.91 @  1.54 Rp,12.07 MLT; DPS:   0.00
        1: P =   1.00, D =   0.41 @  4.16 Rp,16.22 MLT; DPS:  -1.98
        2: P =   2.67, D =   0.26 @  3.96 Rp,15.47 MLT; DPS:  -5.13
[0m [32m<Writing HDF5 DATA @ t =  5.01E+00 [sec] >[0m 
[32m<Writing RAIJU HDF5 DATA @ t =  1.00E+01 [sec] >[0m 
 [36m
 GAMERA
      Time =  1.00E+01 [sec]
        ts =      123
        dt =  1.27E-01 [sec]
    dt/dt0 =  106.441%
    Spent     0.0% of time waiting for Voltron
      kZCs =   3566.91 /   1006.94 [MHD/TOT] (8 threads)
[0m       CPCP =    3.299   3.301 [kV, N/S]
 [34m
 VOLTRON
      UT   = 2001-06-01 23:00:10
      tilt =    0.000 [deg]
    Sym-H  =   -5.000 [nT]
    BSDst  ~    7.718 [nT]
           dSMRs  ~     0.28   -0.11   -0.07   -0.11 [nT, 12/18/00/06]
   DPSDst  ~   -5.657 [nT]
   Spent    11.6% of time waiting for Gamera
             6.0% of time processing Chimp(Helpers)
             6.5% of time processing IMAG
             5.5% of time processing Remix
            10.1% of time processing Tubes(Helpers)
             0.0% of time writing files
    Running @    7.093% of real-time (8 threads)
[0m  [35m
 RAIJU
      UT   = 2001-06-01 23:00:15
      Time =  1.50E+01 [sec]
     dtCpl =  5.00E+00 [sec]
     Max/Min dt @ k:
        Max    2.654 [min] @ 53
        Min 1.38E-01 [sec] @ 160
     Flav : max Press/Den @ L,MLT; DPS-dst
        0: P =   0.00, D =9075.91 @  1.54 Rp,12.07 MLT; DPS:   0.00
        1: P =   0.98, D =   0.40 @  4.16 Rp,16.22 MLT; DPS:  -1.95
        2: P =   2.68, D =   0.26 @  3.96 Rp,15.46 MLT; DPS:  -5.12
[0m [32m<Writing HDF5 DATA @ t =  1.00E+01 [sec] >[0m 
[32m<Writing RAIJU HDF5 DATA @ t =  1.50E+01 [sec] >[0m 
 [36m
 GAMERA
      Time =  1.50E+01 [sec]
        ts =      162
        dt =  1.28E-01 [sec]
    dt/dt0 =  107.155%
    Spent     0.0% of time waiting for Voltron
      kZCs =   3567.26 /    976.73 [MHD/TOT] (8 threads)
[0m       CPCP =    3.271   3.272 [kV, N/S]
 [34m
 VOLTRON
      UT   = 2001-06-01 23:00:15
      tilt =    0.000 [deg]
    Sym-H  =   -5.000 [nT]
    BSDst  ~    7.701 [nT]
           dSMRs  ~     0.28   -0.11   -0.05   -0.12 [nT, 12/18/00/06]
   DPSDst  ~   -5.636 [nT]
   Spent    14.6% of time waiting for Gamera
             7.5% of time processing Chimp(Helpers)
             6.9% of time processing IMAG
             7.1% of time processing Remix
            12.8% of time processing Tubes(Helpers)
             0.0% of time writing files
    Running @    9.576% of real-time (8 threads)
[0m  [35m
 RAIJU
      UT   = 2001-06-01 23:00:20
      Time =  2.00E+01 [sec]
     dtCpl =  5.00E+00 [sec]
     Max/Min dt @ k:
        Max    2.503 [min] @ 53
        Min 1.38E-01 [sec] @ 160
     Flav : max Press/Den @ L,MLT; DPS-dst
        0: P =   0.00, D =9075.91 @  1.54 Rp,12.07 MLT; DPS:   0.00
        1: P =   0.95, D =   0.39 @  4.21 Rp,16.26 MLT; DPS:  -1.93
        2: P =   2.67, D =   0.26 @  3.96 Rp,15.46 MLT; DPS:  -5.13
[0m [32m<Writing HDF5 DATA @ t =  1.50E+01 [sec] >[0m 
[32m<Writing RAIJU HDF5 DATA @ t =  2.00E+01 [sec] >[0m 
 [36m
 GAMERA
      Time =  2.01E+01 [sec]
        ts =      202
        dt =  1.28E-01 [sec]
    dt/dt0 =  107.571%
    Spent     0.0% of time waiting for Voltron
      kZCs =   3567.56 /    985.77 [MHD/TOT] (8 threads)
[0m       CPCP =    3.136   3.138 [kV, N/S]
 [34m
 VOLTRON
      UT   = 2001-06-01 23:00:20
      tilt =    0.000 [deg]
    Sym-H  =   -5.000 [nT]
    BSDst  ~    7.792 [nT]
           dSMRs  ~     0.27   -0.12   -0.03   -0.13 [nT, 12/18/00/06]
   DPSDst  ~   -5.619 [nT]
   Spent    17.1% of time waiting for Gamera
             8.8% of time processing Chimp(Helpers)
             7.2% of time processing IMAG
             8.7% of time processing Remix
            14.9% of time processing Tubes(Helpers)
             0.0% of time writing files
    Running @   11.991% of real-time (8 threads)
[0m  [35m
 RAIJU
      UT   = 2001-06-01 23:00:25
      Time =  2.50E+01 [sec]
     dtCpl =  5.00E+00 [sec]
     Max/Min dt @ k:
        Max    2.541 [min] @ 53
        Min 1.38E-01 [sec] @ 160
     Flav : max Press/Den @ L,MLT; DPS-dst
        0: P =   0.00, D =9075.91 @  1.54 Rp,12.07 MLT; DPS:   0.00
        1: P =   0.93, D =   0.38 @  4.21 Rp,16.26 MLT; DPS:  -1.90
        2: P =   2.67, D =   0.26 @  3.96 Rp,15.47 MLT; DPS:  -5.13
[0m [32m<Writing HDF5 DATA @ t =  2.01E+01 [sec] >[0m 
[32m<Writing RAIJU HDF5 DATA @ t =  2.50E+01 [sec] >[0m 
 [36m
 GAMERA
      Time =  2.51E+01 [sec]
        ts =      241
        dt =  1.28E-01 [sec]
    dt/dt0 =  107.834%
    Spent     0.0% of time waiting for Voltron
      kZCs =   3567.71 /    965.67 [MHD/TOT] (8 threads)
[0m       CPCP =    2.985   2.987 [kV, N/S]
 [34m
 VOLTRON
      UT   = 2001-06-01 23:00:25
      tilt =    0.000 [deg]
    Sym-H  =   -5.000 [nT]
    BSDst  ~    7.814 [nT]
           dSMRs  ~     0.26   -0.10   -0.06   -0.10 [nT, 12/18/00/06]
   DPSDst  ~   -5.626 [nT]
   Spent    19.1% of time waiting for Gamera
             9.9% of time processing Chimp(Helpers)
             7.5% of time processing IMAG
            10.1% of time processing Remix
            16.8% of time processing Tubes(Helpers)
             0.0% of time writing files
    Running @   14.306% of real-time (8 threads)
[0m  [35m
 RAIJU
      UT   = 2001-06-01 23:00:30
      Time =  3.00E+01 [sec]
     dtCpl =  5.00E+00 [sec]
     Max/Min dt @ k:
        Max    2.428 [min] @ 53
        Min 1.38E-01 [sec] @ 160
     Flav : max Press/Den @ L,MLT; DPS-dst
        0: P =   0.00, D =9075.91 @  1.54 Rp,12.07 MLT; DPS:   0.00
        1: P =   0.90, D =   0.38 @  4.21 Rp,16.27 MLT; DPS:  -1.88
        2: P =   2.66, D =   0.26 @  3.96 Rp,15.47 MLT; DPS:  -5.13
[0m [32m<Writing HDF5 DATA @ t =  2.51E+01 [sec] >[0m 
[32m<Writing RAIJU HDF5 DATA @ t =  3.00E+01 [sec] >[0m 
 [36m
 GAMERA
      Time =  3.01E+01 [sec]
        ts =      280
        dt =  1.29E-01 [sec]
    dt/dt0 =  108.025%
    Spent     0.0% of time waiting for Voltron
      kZCs =   3567.93 /    973.47 [MHD/TOT] (8 threads)
[0m       CPCP =    2.907   2.911 [kV, N/S]
 [34m
 VOLTRON
      UT   = 2001-06-01 23:00:30
      tilt =    0.000 [deg]
    Sym-H  =   -5.000 [nT]
    BSDst  ~    7.695 [nT]
           dSMRs  ~     0.25   -0.11   -0.03   -0.11 [nT, 12/18/00/06]
   DPSDst  ~   -5.597 [nT]
   Spent    20.8% of time waiting for Gamera
            10.9% of time processing Chimp(Helpers)
             7.7% of time processing IMAG
            11.2% of time processing Remix
            18.3% of time processing Tubes(Helpers)
             0.0% of time writing files
    Running @   16.569% of real-time (8 threads)
[0m  [35m
 RAIJU
      UT   = 2001-06-01 23:00:35
      Time =  3.50E+01 [sec]
     dtCpl =  5.00E+00 [sec]
     Max/Min dt @ k:
        Max    2.365 [min] @ 53
        Min 1.38E-01 [sec] @ 160
     Flav : max Press/Den @ L,MLT; DPS-dst
        0: P =   0.00, D =9075.91 @  1.54 Rp,12.07 MLT; DPS:   0.00
        1: P =   0.88, D =   0.37 @  4.21 Rp, 9.13 MLT; DPS:  -1.86
        2: P =   2.66, D =   0.26 @  3.96 Rp,15.47 MLT; DPS:  -5.14
[0m [32m<Writing HDF5 DATA @ t =  3.01E+01 [sec] >[0m 
[32m<Writing RAIJU HDF5 DATA @ t =  3.50E+01 [sec] >[0m 
 [36m
 GAMERA
      Time =  3.50E+01 [sec]
        ts =      318
        dt =  1.29E-01 [sec]
    dt/dt0 =  108.147%
    Spent     0.0% of time waiting for Voltron
      kZCs =   3567.41 /    955.27 [MHD/TOT] (8 threads)
[0m       CPCP =    2.822   2.829 [kV, N/S]
 [34m
 VOLTRON
      UT   = 2001-06-01 23:00:35
      tilt =    0.000 [deg]
    Sym-H  =   -5.000 [nT]
    BSDst  ~    7.514 [nT]
           dSMRs  ~     0.28   -0.12   -0.04   -0.12 [nT, 12/18/00/06]
   DPSDst  ~   -5.551 [nT]
   Spent    22.2% of time waiting for Gamera
            11.7% of time processing Chimp(Helpers)
             7.9% of time processing IMAG
            12.2% of time processing Remix
            19.6% of time processing Tubes(Helpers)
             0.0% of time writing files
    Running @   18.713% of real-time (8 threads)
[0m  [35m
 RAIJU
      UT   = 2001-06-01 23:00:40
      Time =  4.00E+01 [sec]
     dtCpl =  5.00E+00 [sec]
     Max/Min dt @ k:
        Max    2.217 [min] @ 54
        Min 1.38E-01 [sec] @ 160
     Flav : max Press/Den @ L,MLT; DPS-dst
        0: P =   0.00, D =9075.91 @  1.54 Rp,12.07 MLT; DPS:   0.00
        1: P =   0.86, D =   0.36 @  4.21 Rp, 9.13 MLT; DPS:  -1.83
        2: P =   2.66, D =   0.26 @  3.96 Rp,15.47 MLT; DPS:  -5.13
[0m [32m<Writing HDF5 DATA @ t =  3.50E+01 [sec] >[0m 
[32m<Writing RAIJU HDF5 DATA @ t =  4.00E+01 [sec] >[0m 
 [36m
 GAMERA
      Time =  4.00E+01 [sec]
        ts =      357
        dt =  1.29E-01 [sec]
    dt/dt0 =  108.236%
    Spent     0.0% of time waiting for Voltron
      kZCs =   3568.81 /    977.82 [MHD/TOT] (8 threads)
[0m       CPCP =    2.764   2.764 [kV, N/S]
 [34m
 VOLTRON
      UT   = 2001-06-01 23:00:40
      tilt =    0.000 [deg]
    Sym-H  =   -5.000 [nT]
    BSDst  ~    7.370 [nT]
           dSMRs  ~     0.31   -0.13   -0.05   -0.12 [nT, 12/18/00/06]
   DPSDst  ~   -5.550 [nT]
   Spent    23.5% of time waiting for Gamera
            12.3% of time processing Chimp(Helpers)
             8.1% of time processing IMAG
            13.0% of time processing Remix
            20.7% of time processing Tubes(Helpers)
             0.0% of time writing files
    Running @   20.842% of real-time (8 threads)
[0m  [35m
 RAIJU
      UT   = 2001-06-01 23:00:45
      Time =  4.50E+01 [sec]
     dtCpl =  5.00E+00 [sec]
     Max/Min dt @ k:
        Max    2.146 [min] @ 54
        Min 1.38E-01 [sec] @ 160
     Flav : max Press/Den @ L,MLT; DPS-dst
        0: P =   0.00, D =9075.91 @  1.54 Rp,12.07 MLT; DPS:   0.00
        1: P =   0.84, D =   0.36 @  4.21 Rp,15.00 MLT; DPS:  -1.81
        2: P =   2.66, D =   0.26 @  3.96 Rp,15.47 MLT; DPS:  -5.14
[0m [32m<Writing HDF5 DATA @ t =  4.00E+01 [sec] >[0m 
[32m<Writing RAIJU HDF5 DATA @ t =  4.50E+01 [sec] >[0m 
 [36m
 GAMERA
      Time =  4.51E+01 [sec]
        ts =      396
        dt =  1.29E-01 [sec]
    dt/dt0 =  108.035%
    Spent     0.0% of time waiting for Voltron
      kZCs =   3569.70 /    979.92 [MHD/TOT] (8 threads)
[0m       CPCP =    2.875   2.863 [kV, N/S]
 [34m
 VOLTRON
      UT   = 2001-06-01 23:00:45
      tilt =    0.000 [deg]
    Sym-H  =   -5.000 [nT]
    BSDst  ~    7.266 [nT]
           dSMRs  ~     0.30   -0.13   -0.04   -0.13 [nT, 12/18/00/06]
   DPSDst  ~   -5.547 [nT]
   Spent    24.6% of time waiting for Gamera
            12.9% of time processing Chimp(Helpers)
             8.2% of time processing IMAG
            13.6% of time processing Remix
            21.7% of time processing Tubes(Helpers)
             0.0% of time writing files
    Running @   22.898% of real-time (8 threads)
[0m  [35m
 RAIJU
      UT   = 2001-06-01 23:00:50
      Time =  5.00E+01 [sec]
     dtCpl =  5.00E+00 [sec]
     Max/Min dt @ k:
        Max    1.872 [min] @ 54
        Min 1.38E-01 [sec] @ 160
     Flav : max Press/Den @ L,MLT; DPS-dst
        0: P =   0.00, D =9075.91 @  1.54 Rp,12.07 MLT; DPS:   0.00
        1: P =   0.81, D =   0.35 @  4.21 Rp, 2.20 MLT; DPS:  -1.79
        2: P =   2.65, D =   0.26 @  3.96 Rp,15.47 MLT; DPS:  -5.16
[0m [32m<Writing HDF5 DATA @ t =  4.51E+01 [sec] >[0m 
[32m<Writing RAIJU HDF5 DATA @ t =  5.00E+01 [sec] >[0m 
 [36m
 GAMERA
      Time =  5.00E+01 [sec]
        ts =      435
        dt =  1.26E-01 [sec]
    dt/dt0 =  105.505%
    Spent     0.0% of time waiting for Voltron
      kZCs =   3569.03 /    980.58 [MHD/TOT] (8 threads)
[0m       CPCP =    2.977   2.960 [kV, N/S]
 [34m
 VOLTRON
      UT   = 2001-06-01 23:00:50
      tilt =    0.000 [deg]
    Sym-H  =   -5.000 [nT]
    BSDst  ~    7.108 [nT]
           dSMRs  ~     0.27   -0.13   -0.02   -0.13 [nT, 12/18/00/06]
   DPSDst  ~   -5.536 [nT]
   Spent    25.5% of time waiting for Gamera
            13.4% of time processing Chimp(Helpers)
             8.3% of time processing IMAG
            14.2% of time processing Remix
            22.4% of time processing Tubes(Helpers)
             0.0% of time writing files
    Running @   24.856% of real-time (8 threads)
[0m  [35m
 RAIJU
      UT   = 2001-06-01 23:00:55
      Time =  5.50E+01 [sec]
     dtCpl =  5.00E+00 [sec]
     Max/Min dt @ k:
        Max    1.752 [min] @ 54
        Min 1.38E-01 [sec] @ 160
     Flav : max Press/Den @ L,MLT; DPS-dst
        0: P =   0.00, D =9075.91 @  1.54 Rp,12.07 MLT; DPS:   0.00
        1: P =   0.79, D =   0.34 @  4.21 Rp,21.80 MLT; DPS:  -1.78
        2: P =   2.65, D =   0.25 @  3.96 Rp,15.47 MLT; DPS:  -5.17
[0m [32m<Writing HDF5 DATA @ t =  5.00E+01 [sec] >[0m 
[32m<Writing RAIJU HDF5 DATA @ t =  5.50E+01 [sec] >[0m 
 [36m
 GAMERA
      Time =  5.51E+01 [sec]
        ts =      476
        dt =  1.22E-01 [sec]
    dt/dt0 =  102.851%
    Spent     0.0% of time waiting for Voltron
      kZCs =   3570.79 /   1017.45 [MHD/TOT] (8 threads)
[0m       CPCP =    3.277   3.254 [kV, N/S]
 [34m
 VOLTRON
      UT   = 2001-06-01 23:00:55
      tilt =    0.000 [deg]
    Sym-H  =   -5.000 [nT]
    BSDst  ~    6.895 [nT]
           dSMRs  ~     0.26   -0.13   -0.00   -0.13 [nT, 12/18/00/06]
   DPSDst  ~   -5.533 [nT]
   Spent    26.5% of time waiting for Gamera
            13.8% of time processing Chimp(Helpers)
             8.4% of time processing IMAG
            14.6% of time processing Remix
            23.0% of time processing Tubes(Helpers)
             0.0% of time writing files
    Running @   26.800% of real-time (8 threads)
[0m  [35m
 RAIJU
      UT   = 2001-06-01 23:00:59
      Time =  6.00E+01 [sec]
     dtCpl =  5.00E+00 [sec]
     Max/Min dt @ k:
        Max    1.727 [min] @ 54
        Min 1.38E-01 [sec] @ 160
     Flav : max Press/Den @ L,MLT; DPS-dst
        0: P =   0.00, D =9075.91 @  1.54 Rp,12.07 MLT; DPS:   0.00
        1: P =   0.77, D =   0.34 @  4.21 Rp, 2.20 MLT; DPS:  -1.76
        2: P =   2.64, D =   0.25 @  3.96 Rp,15.47 MLT; DPS:  -5.19
[0m [32m<Writing HDF5 DATA @ t =  5.51E+01 [sec] >[0m 
[32m<Writing RAIJU HDF5 DATA @ t =  6.00E+01 [sec] >[0m 
 [36m
 GAMERA
      Time =     1.002 [min]
        ts =      517
        dt =  1.21E-01 [sec]
    dt/dt0 =  101.361%
    Spent     0.0% of time waiting for Voltron
      kZCs =   3573.74 /   1021.84 [MHD/TOT] (8 threads)
[0m       CPCP =    3.331   3.309 [kV, N/S]
 [34m
 VOLTRON
      UT   = 2001-06-01 23:01:00
      tilt =    0.000 [deg]
    Sym-H  =   -5.000 [nT]
    BSDst  ~    6.664 [nT]
           dSMRs  ~     0.25   -0.14    0.01   -0.13 [nT, 12/18/00/06]
   DPSDst  ~   -5.528 [nT]
   Spent    27.4% of time waiting for Gamera
            14.1% of time processing Chimp(Helpers)
             8.5% of time processing IMAG
            15.0% of time processing Remix
            23.5% of time processing Tubes(Helpers)
             0.0% of time writing files
    Running @   28.630% of real-time (8 threads)
[0m  [35m
 RAIJU
      UT   = 2001-06-01 23:01:05
      Time =     1.083 [min]
     dtCpl =  5.00E+00 [sec]
     Max/Min dt @ k:
        Max    1.663 [min] @ 54
        Min 1.38E-01 [sec] @ 160
     Flav : max Press/Den @ L,MLT; DPS-dst
        0: P =   0.00, D =9075.91 @  1.54 Rp,12.07 MLT; DPS:   0.00
        1: P =   0.75, D =   0.33 @  4.21 Rp,23.00 MLT; DPS:  -1.75
        2: P =   2.64, D =   0.25 @  3.96 Rp,15.47 MLT; DPS:  -5.20
[0m [32m<Writing HDF5 DATA @ t =     1.002 [min] >[0m 
[32m<Writing RAIJU HDF5 DATA @ t =     1.083 [min] >[0m 
 [36m
 GAMERA
      Time =     1.084 [min]
        ts =      558
        dt =  1.21E-01 [sec]
    dt/dt0 =  101.495%
    Spent     0.0% of time waiting for Voltron
      kZCs =   3572.26 /   1025.62 [MHD/TOT] (8 threads)
[0m       CPCP =    3.519   3.486 [kV, N/S]
 [34m
 VOLTRON
      UT   = 2001-06-01 23:01:05
      tilt =    0.000 [deg]
    Sym-H  =   -5.000 [nT]
    BSDst  ~    6.465 [nT]
           dSMRs  ~     0.25   -0.14    0.03   -0.14 [nT, 12/18/00/06]
   DPSDst  ~   -5.514 [nT]
   Spent    28.1% of time waiting for Gamera
            14.4% of time processing Chimp(Helpers)
             8.6% of time processing IMAG
            15.3% of time processing Remix
            23.9% of time processing Tubes(Helpers)
             0.0% of time writing files
    Running @   30.384% of real-time (8 threads)
[0m  [35m
 RAIJU
      UT   = 2001-06-01 23:01:10
      Time =     1.167 [min]
     dtCpl =  5.00E+00 [sec]
     Max/Min dt @ k:
        Max    1.711 [min] @ 54
        Min 1.38E-01 [sec] @ 160
     Flav : max Press/Den @ L,MLT; DPS-dst
        0: P =   0.00, D =9075.91 @  1.54 Rp,12.07 MLT; DPS:   0.00
        1: P =   0.74, D =   0.32 @  4.21 Rp,23.00 MLT; DPS:  -1.73
        2: P =   2.64, D =   0.25 @  3.97 Rp, 0.20 MLT; DPS:  -5.21
[0m [32m<Writing HDF5 DATA @ t =     1.084 [min] >[0m 
[32m<Writing RAIJU HDF5 DATA @ t =     1.167 [min] >[0m 
 [36m
 GAMERA
      Time =     1.167 [min]
        ts =      599
        dt =  1.22E-01 [sec]
    dt/dt0 =  102.196%
    Spent     0.0% of time waiting for Voltron
      kZCs =   3573.11 /   1030.26 [MHD/TOT] (8 threads)
[0m       CPCP =    3.739   3.673 [kV, N/S]
 [34m
 VOLTRON
      UT   = 2001-06-01 23:01:10
      tilt =    0.000 [deg]
    Sym-H  =   -5.000 [nT]
    BSDst  ~    6.294 [nT]
           dSMRs  ~     0.25   -0.13    0.02   -0.13 [nT, 12/18/00/06]
   DPSDst  ~   -5.507 [nT]
   Spent    28.7% of time waiting for Gamera
            14.6% of time processing Chimp(Helpers)
             8.6% of time processing IMAG
            15.5% of time processing Remix
            24.2% of time processing Tubes(Helpers)
             0.0% of time writing files
    Running @   32.122% of real-time (8 threads)
[0m  [35m
 RAIJU
      UT   = 2001-06-01 23:01:15
      Time =     1.250 [min]
     dtCpl =  5.00E+00 [sec]
     Max/Min dt @ k:
        Max    1.744 [min] @ 54
        Min 1.38E-01 [sec] @ 160
     Flav : max Press/Den @ L,MLT; DPS-dst
        0: P =   0.00, D =9075.91 @  1.54 Rp,12.07 MLT; DPS:   0.00
        1: P =   0.72, D =   0.32 @  4.21 Rp, 1.00 MLT; DPS:  -1.72
        2: P =   2.64, D =   0.25 @  3.97 Rp, 0.20 MLT; DPS:  -5.23
[0m [32m<Writing HDF5 DATA @ t =     1.167 [min] >[0m 
[32m<Writing RAIJU HDF5 DATA @ t =     1.250 [min] >[0m 
 [36m
 GAMERA
      Time =     1.252 [min]
        ts =      641
        dt =  1.21E-01 [sec]
    dt/dt0 =  101.569%
    Spent     0.0% of time waiting for Voltron
      kZCs =   3572.42 /   1051.84 [MHD/TOT] (8 threads)
[0m       CPCP =    3.815   3.725 [kV, N/S]
 [34m
 VOLTRON
      UT   = 2001-06-01 23:01:15
      tilt =    0.000 [deg]
    Sym-H  =   -5.000 [nT]
    BSDst  ~    6.153 [nT]
           dSMRs  ~     0.26   -0.13   -0.00   -0.13 [nT, 12/18/00/06]
   DPSDst  ~   -5.508 [nT]
   Spent    29.4% of time waiting for Gamera
            14.8% of time processing Chimp(Helpers)
             8.7% of time processing IMAG
            15.6% of time processing Remix
            24.4% of time processing Tubes(Helpers)
             0.0% of time writing files
    Running @   33.856% of real-time (8 threads)
[0m  [35m
 RAIJU
      UT   = 2001-06-01 23:01:20
      Time =     1.333 [min]
     dtCpl =  5.00E+00 [sec]
     Max/Min dt @ k:
        Max    1.748 [min] @ 54
        Min 1.38E-01 [sec] @ 160
     Flav : max Press/Den @ L,MLT; DPS-dst
        0: P =   0.00, D =9075.91 @  1.54 Rp,12.07 MLT; DPS:   0.00
        1: P =   0.70, D =   0.31 @  4.21 Rp,21.00 MLT; DPS:  -1.71
        2: P =   2.63, D =   0.25 @  3.97 Rp, 0.20 MLT; DPS:  -5.24
[0m [32m<Writing HDF5 DATA @ t =     1.252 [min] >[0m 
[32m<Writing RAIJU HDF5 DATA @ t =     1.333 [min] >[0m 
 [36m
 GAMERA
      Time =     1.334 [min]
        ts =      682
        dt =  1.21E-01 [sec]
    dt/dt0 =  101.461%
    Spent     0.0% of time waiting for Voltron
      kZCs =   3572.47 /   1034.71 [MHD/TOT] (8 threads)
[0m       CPCP =    3.943   3.839 [kV, N/S]
 [34m
 VOLTRON
      UT   = 2001-06-01 23:01:20
      tilt =    0.000 [deg]
    Sym-H  =   -5.000 [nT]
    BSDst  ~    6.047 [nT]
           dSMRs  ~     0.26   -0.13    0.01   -0.13 [nT, 12/18/00/06]
   DPSDst  ~   -5.508 [nT]
   Spent    29.8% of time waiting for Gamera
            15.0% of time processing Chimp(Helpers)
             8.8% of time processing IMAG
            15.7% of time processing Remix
            24.7% of time processing Tubes(Helpers)
             0.0% of time writing files
    Running @   35.480% of real-time (8 threads)
[0m  [35m
 RAIJU
      UT   = 2001-06-01 23:01:25
      Time =     1.417 [min]
     dtCpl =  5.00E+00 [sec]
     Max/Min dt @ k:
        Max    1.689 [min] @ 54
        Min 1.38E-01 [sec] @ 160
     Flav : max Press/Den @ L,MLT; DPS-dst
        0: P =   0.00, D =9075.91 @  1.54 Rp,12.07 MLT; DPS:   0.00
        1: P =   0.69, D =   0.31 @  4.22 Rp,11.93 MLT; DPS:  -1.70
        2: P =   2.66, D =   0.25 @  3.97 Rp,12.20 MLT; DPS:  -5.26
[0m [32m<Writing HDF5 DATA @ t =     1.334 [min] >[0m 
[32m<Writing RAIJU HDF5 DATA @ t =     1.417 [min] >[0m 
 [36m
 GAMERA
      Time =     1.417 [min]
        ts =      723
        dt =  1.20E-01 [sec]
    dt/dt0 =  101.056%
    Spent     0.0% of time waiting for Voltron
      kZCs =   3574.80 /   1035.91 [MHD/TOT] (8 threads)
[0m       CPCP =    4.062   4.026 [kV, N/S]
 [34m
 VOLTRON
      UT   = 2001-06-01 23:01:25
      tilt =    0.000 [deg]
    Sym-H  =   -5.000 [nT]
    BSDst  ~    5.896 [nT]
           dSMRs  ~     0.17   -0.10    0.04   -0.11 [nT, 12/18/00/06]
   DPSDst  ~   -5.510 [nT]
   Spent    30.2% of time waiting for Gamera
            15.1% of time processing Chimp(Helpers)
             8.8% of time processing IMAG
            15.8% of time processing Remix
            24.9% of time processing Tubes(Helpers)
             0.0% of time writing files
    Running @   37.045% of real-time (8 threads)
[0m  [35m
 RAIJU
      UT   = 2001-06-01 23:01:30
      Time =     1.500 [min]
     dtCpl =  5.00E+00 [sec]
     Max/Min dt @ k:
        Max    1.628 [min] @ 54
        Min 1.38E-01 [sec] @ 160
     Flav : max Press/Den @ L,MLT; DPS-dst
        0: P =   0.00, D =9075.91 @  1.54 Rp,12.07 MLT; DPS:   0.00
        1: P =   0.70, D =   0.31 @  4.20 Rp,11.80 MLT; DPS:  -1.68
        2: P =   2.73, D =   0.28 @  4.20 Rp,12.47 MLT; DPS:  -5.27
[0m [32m<Writing HDF5 DATA @ t =     1.417 [min] >[0m 
[32m<Writing RAIJU HDF5 DATA @ t =     1.500 [min] >[0m 
 [36m
 GAMERA
      Time =     1.500 [min]
        ts =      765
        dt =  1.17E-01 [sec]
    dt/dt0 =   98.278%
    Spent     0.0% of time waiting for Voltron
      kZCs =   3571.39 /   1053.85 [MHD/TOT] (8 threads)
[0m       CPCP =    4.249   4.280 [kV, N/S]
 [34m
 VOLTRON
      UT   = 2001-06-01 23:01:30
      tilt =    0.000 [deg]
    Sym-H  =   -5.000 [nT]
    BSDst  ~    6.238 [nT]
           dSMRs  ~     0.67   -0.23   -0.21   -0.23 [nT, 12/18/00/06]
   DPSDst  ~   -5.510 [nT]
   Spent    30.6% of time waiting for Gamera
            15.2% of time processing Chimp(Helpers)
             8.8% of time processing IMAG
            15.8% of time processing Remix
            25.0% of time processing Tubes(Helpers)
             0.0% of time writing files
    Running @   38.579% of real-time (8 threads)
[0m  [35m
 RAIJU
      UT   = 2001-06-01 23:01:35
      Time =     1.583 [min]
     dtCpl =  5.00E+00 [sec]
     Max/Min dt @ k:
        Max    1.546 [min] @ 54
        Min 1.38E-01 [sec] @ 160
     Flav : max Press/Den @ L,MLT; DPS-dst
        0: P =   0.00, D =9075.91 @  1.54 Rp,12.07 MLT; DPS:   0.00
        1: P =   0.69, D =   0.31 @  4.18 Rp,11.53 MLT; DPS:  -1.67
        2: P =   2.79, D =   0.28 @  4.18 Rp,12.47 MLT; DPS:  -5.29
[0m [32m<Writing HDF5 DATA @ t =     1.500 [min] >[0m 
[32m<Writing RAIJU HDF5 DATA @ t =     1.583 [min] >[0m 
 [36m
 GAMERA
      Time =     1.584 [min]
        ts =      809
        dt =  1.11E-01 [sec]
    dt/dt0 =   93.119%
    Spent     0.0% of time waiting for Voltron
      kZCs =   3573.51 /   1093.26 [MHD/TOT] (8 threads)
[0m       CPCP =    4.545   4.446 [kV, N/S]
 [34m
 VOLTRON
      UT   = 2001-06-01 23:01:35
      tilt =    0.000 [deg]
    Sym-H  =   -5.000 [nT]
    BSDst  ~    7.845 [nT]
           dSMRs  ~     2.18   -0.57   -1.05   -0.56 [nT, 12/18/00/06]
   DPSDst  ~   -5.500 [nT]
   Spent    31.2% of time waiting for Gamera
            15.3% of time processing Chimp(Helpers)
             8.9% of time processing IMAG
            15.8% of time processing Remix
            25.1% of time processing Tubes(Helpers)
             0.0% of time writing files
    Running @   40.035% of real-time (8 threads)
[0m  [35m
 RAIJU
      UT   = 2001-06-01 23:01:40
      Time =     1.667 [min]
     dtCpl =  5.00E+00 [sec]
     Max/Min dt @ k:
        Max    1.445 [min] @ 54
        Min 1.38E-01 [sec] @ 160
     Flav : max Press/Den @ L,MLT; DPS-dst
        0: P =   0.00, D =9075.91 @  1.54 Rp,12.07 MLT; DPS:   0.00
        1: P =   0.68, D =   0.30 @  4.18 Rp,11.39 MLT; DPS:  -1.66
        2: P =   2.79, D =   0.28 @  4.18 Rp,12.47 MLT; DPS:  -5.30
[0m [32m<Writing HDF5 DATA @ t =     1.584 [min] >[0m 
[32m<Writing RAIJU HDF5 DATA @ t =     1.667 [min] >[0m 
 [36m
 GAMERA
      Time =     1.667 [min]
        ts =      855
        dt =  1.06E-01 [sec]
    dt/dt0 =   88.922%
    Spent     0.0% of time waiting for Voltron
      kZCs =   3573.56 /   1114.63 [MHD/TOT] (8 threads)
[0m       CPCP =    6.941   7.012 [kV, N/S]
 [34m
 VOLTRON
      UT   = 2001-06-01 23:01:40
      tilt =    0.000 [deg]
    Sym-H  =   -5.000 [nT]
    BSDst  ~    9.692 [nT]
           dSMRs  ~     3.20   -0.69   -1.81   -0.70 [nT, 12/18/00/06]
   DPSDst  ~   -5.482 [nT]
   Spent    31.7% of time waiting for Gamera
            15.3% of time processing Chimp(Helpers)
             8.8% of time processing IMAG
            15.8% of time processing Remix
            25.1% of time processing Tubes(Helpers)
             0.0% of time writing files
    Running @   41.363% of real-time (8 threads)
[0m  [35m
 RAIJU
      UT   = 2001-06-01 23:01:45
      Time =     1.750 [min]
     dtCpl =  5.00E+00 [sec]
     Max/Min dt @ k:
        Max    1.351 [min] @ 55
        Min 1.38E-01 [sec] @ 160
     Flav : max Press/Den @ L,MLT; DPS-dst
        0: P =   0.00, D =9075.91 @  1.54 Rp,12.07 MLT; DPS:   0.00
        1: P =   0.66, D =   0.29 @  4.18 Rp,11.40 MLT; DPS:  -1.64
        2: P =   2.78, D =   0.28 @  4.18 Rp,10.32 MLT; DPS:  -5.29
[0m [32m<Writing HDF5 DATA @ t =     1.667 [min] >[0m 
[32m<Writing RAIJU HDF5 DATA @ t =     1.750 [min] >[0m 
 [36m
 GAMERA
      Time =     1.750 [min]
        ts =      903
        dt =  1.02E-01 [sec]
    dt/dt0 =   85.893%
    Spent     0.0% of time waiting for Voltron
      kZCs =   3571.08 /   1146.64 [MHD/TOT] (8 threads)
[0m       CPCP =   12.293  12.329 [kV, N/S]
 [34m
 VOLTRON
      UT   = 2001-06-01 23:01:45
      tilt =    0.000 [deg]
    Sym-H  =   -5.000 [nT]
    BSDst  ~   10.702 [nT]
           dSMRs  ~     3.11   -0.52   -2.03   -0.55 [nT, 12/18/00/06]
   DPSDst  ~   -5.461 [nT]
   Spent    32.4% of time waiting for Gamera
            15.3% of time processing Chimp(Helpers)
             8.8% of time processing IMAG
            15.8% of time processing Remix
            25.0% of time processing Tubes(Helpers)
             0.0% of time writing files
    Running @   42.608% of real-time (8 threads)
[0m  [35m
 RAIJU
      UT   = 2001-06-01 23:01:50
      Time =     1.833 [min]
     dtCpl =  5.00E+00 [sec]
     Max/Min dt @ k:
        Max    1.261 [min] @ 55
        Min 1.38E-01 [sec] @ 160
     Flav : max Press/Den @ L,MLT; DPS-dst
        0: P =   0.00, D =9075.91 @  1.54 Rp,12.07 MLT; DPS:   0.00
        1: P =   0.64, D =   0.29 @  4.18 Rp,11.40 MLT; DPS:  -1.62
        2: P =   2.78, D =   0.28 @  4.18 Rp,10.33 MLT; DPS:  -5.28
[0m [32m<Writing HDF5 DATA @ t =     1.750 [min] >[0m 
[32m<Writing RAIJU HDF5 DATA @ t =     1.833 [min] >[0m 
 [36m
 GAMERA
      Time =     1.834 [min]
        ts =      953
        dt =  9.85E-02 [sec]
    dt/dt0 =   82.763%
    Spent     0.0% of time waiting for Voltron
      kZCs =   3570.36 /   1173.77 [MHD/TOT] (8 threads)
[0m       CPCP =   18.033  18.154 [kV, N/S]
 [34m
 VOLTRON
      UT   = 2001-06-01 23:01:50
      tilt =    0.000 [deg]
    Sym-H  =   -5.000 [nT]
    BSDst  ~   10.916 [nT]
           dSMRs  ~     2.53   -0.31   -1.89   -0.34 [nT, 12/18/00/06]
   DPSDst  ~   -5.465 [nT]
   Spent    33.1% of time waiting for Gamera
            15.2% of time processing Chimp(Helpers)
             8.8% of time processing IMAG
            15.8% of time processing Remix
            24.8% of time processing Tubes(Helpers)
             0.0% of time writing files
    Running @   43.776% of real-time (8 threads)
[0m  [35m
 RAIJU
      UT   = 2001-06-01 23:01:55
      Time =     1.917 [min]
     dtCpl =  5.00E+00 [sec]
     Max/Min dt @ k:
        Max 5.89E+01 [sec] @ 55
        Min 1.38E-01 [sec] @ 160
     Flav : max Press/Den @ L,MLT; DPS-dst
        0: P =   0.00, D =9075.91 @  1.54 Rp,12.07 MLT; DPS:   0.00
        1: P =   0.62, D =   0.28 @  4.19 Rp,11.40 MLT; DPS:  -1.60
        2: P =   2.77, D =   0.28 @  4.18 Rp,10.33 MLT; DPS:  -5.28
[0m [32m<Writing HDF5 DATA @ t =     1.834 [min] >[0m 
[32m<Writing RAIJU HDF5 DATA @ t =     1.917 [min] >[0m 
 [36m
 GAMERA
      Time =     1.918 [min]
        ts =     1005
        dt =  9.60E-02 [sec]
    dt/dt0 =   80.599%
    Spent     0.0% of time waiting for Voltron
      kZCs =   3572.53 /   1203.19 [MHD/TOT] (8 threads)
[0m       CPCP =   24.788  24.943 [kV, N/S]
 [34m
 VOLTRON
      UT   = 2001-06-01 23:01:55
      tilt =    0.000 [deg]
    Sym-H  =   -5.000 [nT]
    BSDst  ~   10.576 [nT]
           dSMRs  ~     1.89   -0.15   -1.57   -0.17 [nT, 12/18/00/06]
   DPSDst  ~   -5.466 [nT]
   Spent    33.8% of time waiting for Gamera
            15.1% of time processing Chimp(Helpers)
             8.7% of time processing IMAG
            15.7% of time processing Remix
            24.7% of time processing Tubes(Helpers)
             0.0% of time writing files
    Running @   44.903% of real-time (8 threads)
[0m  [35m
 RAIJU
      UT   = 2001-06-01 23:01:59
      Time =     2.000 [min]
     dtCpl =  5.00E+00 [sec]
     Max/Min dt @ k:
        Max 4.39E+01 [sec] @ 56
        Min 1.38E-01 [sec] @ 160
     Flav : max Press/Den @ L,MLT; DPS-dst
        0: P =   0.00, D =9075.91 @  1.54 Rp,12.07 MLT; DPS:   0.00
        1: P =   0.60, D =   0.27 @  4.19 Rp,10.19 MLT; DPS:  -1.58
        2: P =   2.75, D =   0.28 @  4.19 Rp,10.19 MLT; DPS:  -5.27
[0m [32m<Writing HDF5 DATA @ t =     1.918 [min] >[0m 
[32m<Writing RAIJU HDF5 DATA @ t =     2.000 [min] >[0m 
 [36m
 GAMERA
      Time =     2.001 [min]
        ts =     1058
        dt =  9.26E-02 [sec]
    dt/dt0 =   77.767%
    Spent     0.0% of time waiting for Voltron
      kZCs =   3570.85 /   1219.18 [MHD/TOT] (8 threads)
[0m       CPCP =   29.069  29.339 [kV, N/S]
 [34m
 VOLTRON
      UT   = 2001-06-01 23:02:00
      tilt =    0.000 [deg]
    Sym-H  =   -5.000 [nT]
    BSDst  ~    9.985 [nT]
           dSMRs  ~     1.45   -0.09   -1.23   -0.12 [nT, 12/18/00/06]
   DPSDst  ~   -5.425 [nT]
   Spent    34.4% of time waiting for Gamera
            15.0% of time processing Chimp(Helpers)
             8.7% of time processing IMAG
            15.6% of time processing Remix
            24.5% of time processing Tubes(Helpers)
             0.0% of time writing files
    Running @   45.904% of real-time (8 threads)
[0m  [35m
 RAIJU
      UT   = 2001-06-01 23:02:05
      Time =     2.083 [min]
     dtCpl =  5.00E+00 [sec]
     Max/Min dt @ k:
        Max 3.54E+01 [sec] @ 57
        Min 1.38E-01 [sec] @ 160
     Flav : max Press/Den @ L,MLT; DPS-dst
        0: P =   0.00, D =9075.91 @  1.54 Rp,12.07 MLT; DPS:   0.00
        1: P =   0.58, D =   0.27 @  4.19 Rp,15.48 MLT; DPS:  -1.56
        2: P =   2.73, D =   0.27 @  4.19 Rp, 8.52 MLT; DPS:  -5.26
[0m [32m<Writing HDF5 DATA @ t =     2.001 [min] >[0m 
[32m<Writing RAIJU HDF5 DATA @ t =     2.083 [min] >[0m 
 [36m
 GAMERA
      Time =     2.084 [min]
        ts =     1112
        dt =  9.10E-02 [sec]
    dt/dt0 =   76.472%
    Spent     0.0% of time waiting for Voltron
      kZCs =   3573.25 /   1230.45 [MHD/TOT] (8 threads)
[0m       CPCP =   31.853  32.148 [kV, N/S]
 [34m
 VOLTRON
      UT   = 2001-06-01 23:02:05
      tilt =    0.000 [deg]
    Sym-H  =   -5.000 [nT]
    BSDst  ~    9.320 [nT]
           dSMRs  ~     1.18   -0.10   -0.94   -0.14 [nT, 12/18/00/06]
   DPSDst  ~   -5.390 [nT]
   Spent    35.1% of time waiting for Gamera
            14.9% of time processing Chimp(Helpers)
             8.6% of time processing IMAG
            15.6% of time processing Remix
            24.3% of time processing Tubes(Helpers)
             0.0% of time writing files
    Running @   46.857% of real-time (8 threads)
[0m  [35m
 RAIJU
      UT   = 2001-06-01 23:02:10
      Time =     2.167 [min]
     dtCpl =  5.00E+00 [sec]
     Max/Min dt @ k:
        Max 3.38E+01 [sec] @ 57
        Min 1.38E-01 [sec] @ 160
     Flav : max Press/Den @ L,MLT; DPS-dst
        0: P =   0.00, D =9075.91 @  1.54 Rp,12.07 MLT; DPS:   0.00
        1: P =   0.57, D =   0.26 @  4.19 Rp, 8.73 MLT; DPS:  -1.54
        2: P =   2.71, D =   0.27 @  4.19 Rp, 8.52 MLT; DPS:  -5.24
[0m [32m<Writing HDF5 DATA @ t =     2.084 [min] >[0m 
[32m<Writing RAIJU HDF5 DATA @ t =     2.167 [min] >[0m 
 [36m
 GAMERA
      Time =     2.167 [min]
        ts =     1167
        dt =  9.01E-02 [sec]
    dt/dt0 =   75.648%
    Spent     0.0% of time waiting for Voltron
      kZCs =   3573.35 /   1242.89 [MHD/TOT] (8 threads)
[0m       CPCP =   34.436  34.734 [kV, N/S]
 [34m
 VOLTRON
      UT   = 2001-06-01 23:02:10
      tilt =    0.000 [deg]
    Sym-H  =   -5.000 [nT]
    BSDst  ~    8.647 [nT]
           dSMRs  ~     1.05   -0.12   -0.76   -0.17 [nT, 12/18/00/06]
   DPSDst  ~   -5.366 [nT]
   Spent    35.6% of time waiting for Gamera
            14.8% of time processing Chimp(Helpers)
             8.6% of time processing IMAG
            15.5% of time processing Remix
            24.1% of time processing Tubes(Helpers)
             0.0% of time writing files
    Running @   47.768% of real-time (8 threads)
[0m  [35m
 RAIJU
      UT   = 2001-06-01 23:02:15
      Time =     2.250 [min]
     dtCpl =  5.00E+00 [sec]
     Max/Min dt @ k:
        Max 3.51E+01 [sec] @ 57
        Min 1.38E-01 [sec] @ 160
     Flav : max Press/Den @ L,MLT; DPS-dst
        0: P =   0.00, D =9075.91 @  1.54 Rp,12.07 MLT; DPS:   0.00
        1: P =   0.55, D =   0.26 @  4.20 Rp, 8.73 MLT; DPS:  -1.52
        2: P =   2.70, D =   0.25 @  3.91 Rp, 8.31 MLT; DPS:  -5.23
[0m [32m<Writing HDF5 DATA @ t =     2.167 [min] >[0m 
[32m<Writing RAIJU HDF5 DATA @ t =     2.250 [min] >[0m 
 [36m
 GAMERA
      Time =     2.251 [min]
        ts =     1223
        dt =  9.00E-02 [sec]
    dt/dt0 =   75.585%
    Spent     0.0% of time waiting for Voltron
      kZCs =   3571.75 /   1258.64 [MHD/TOT] (8 threads)
[0m       CPCP =   35.212  35.493 [kV, N/S]
 [34m
 VOLTRON
      UT   = 2001-06-01 23:02:15
      tilt =    0.000 [deg]
    Sym-H  =   -5.000 [nT]
    BSDst  ~    8.021 [nT]
           dSMRs  ~     0.99   -0.12   -0.67   -0.20 [nT, 12/18/00/06]
   DPSDst  ~   -5.341 [nT]
   Spent    36.2% of time waiting for Gamera
            14.7% of time processing Chimp(Helpers)
             8.5% of time processing IMAG
            15.4% of time processing Remix
            24.0% of time processing Tubes(Helpers)
             0.0% of time writing files
    Running @   48.673% of real-time (8 threads)
[0m  [35m
 RAIJU
      UT   = 2001-06-01 23:02:20
      Time =     2.333 [min]
     dtCpl =  5.00E+00 [sec]
     Max/Min dt @ k:
        Max 3.53E+01 [sec] @ 57
        Min 1.38E-01 [sec] @ 160
     Flav : max Press/Den @ L,MLT; DPS-dst
        0: P =   0.00, D =9075.91 @  1.54 Rp,12.07 MLT; DPS:   0.00
        1: P =   0.53, D =   0.29 @  4.47 Rp, 8.59 MLT; DPS:  -1.50
        2: P =   2.69, D =   0.25 @  3.96 Rp, 9.93 MLT; DPS:  -5.21
[0m [32m<Writing HDF5 DATA @ t =     2.251 [min] >[0m 
[32m<Writing RAIJU HDF5 DATA @ t =     2.333 [min] >[0m 
 [36m
 GAMERA
      Time =     2.335 [min]
        ts =     1279
        dt =  8.95E-02 [sec]
    dt/dt0 =   75.145%
    Spent     0.0% of time waiting for Voltron
      kZCs =   3571.75 /   1260.96 [MHD/TOT] (8 threads)
[0m       CPCP =   34.997  35.133 [kV, N/S]
 [34m
 VOLTRON
      UT   = 2001-06-01 23:02:20
      tilt =    0.000 [deg]
    Sym-H  =   -5.000 [nT]
    BSDst  ~    7.515 [nT]
           dSMRs  ~     0.96   -0.12   -0.63   -0.20 [nT, 12/18/00/06]
   DPSDst  ~   -5.331 [nT]
   Spent    36.7% of time waiting for Gamera
            14.7% of time processing Chimp(Helpers)
             8.5% of time processing IMAG
            15.3% of time processing Remix
            23.8% of time processing Tubes(Helpers)
             0.0% of time writing files
    Running @   49.561% of real-time (8 threads)
[0m  [35m
 RAIJU
      UT   = 2001-06-01 23:02:25
      Time =     2.417 [min]
     dtCpl =  5.00E+00 [sec]
     Max/Min dt @ k:
        Max 3.32E+01 [sec] @ 57
        Min 1.38E-01 [sec] @ 160
     Flav : max Press/Den @ L,MLT; DPS-dst
        0: P =   0.00, D =9075.91 @  1.54 Rp,12.07 MLT; DPS:   0.00
        1: P =   0.52, D =   0.28 @  4.48 Rp, 8.59 MLT; DPS:  -1.49
        2: P =   2.68, D =   0.25 @  3.96 Rp, 9.93 MLT; DPS:  -5.20
[0m [32m<Writing HDF5 DATA @ t =     2.335 [min] >[0m 
[32m<Writing RAIJU HDF5 DATA @ t =     2.417 [min] >[0m 
 [36m
 GAMERA
      Time =     2.417 [min]
        ts =     1335
        dt =  8.52E-02 [sec]
    dt/dt0 =   71.528%
    Spent     0.0% of time waiting for Voltron
      kZCs =   3572.22 /   1261.60 [MHD/TOT] (8 threads)
[0m       CPCP =   33.751  33.839 [kV, N/S]
 [34m
 VOLTRON
      UT   = 2001-06-01 23:02:25
      tilt =    0.000 [deg]
    Sym-H  =   -5.000 [nT]
    BSDst  ~    7.118 [nT]
           dSMRs  ~     0.95   -0.12   -0.61   -0.21 [nT, 12/18/00/06]
   DPSDst  ~   -5.336 [nT]
   Spent    37.1% of time waiting for Gamera
            14.6% of time processing Chimp(Helpers)
             8.4% of time processing IMAG
            15.2% of time processing Remix
            23.7% of time processing Tubes(Helpers)
             0.0% of time writing files
    Running @   50.330% of real-time (8 threads)
[0m  [35m
 RAIJU
      UT   = 2001-06-01 23:02:30
      Time =     2.500 [min]
     dtCpl =  5.00E+00 [sec]
     Max/Min dt @ k:
        Max 3.21E+01 [sec] @ 58
        Min 1.38E-01 [sec] @ 160
     Flav : max Press/Den @ L,MLT; DPS-dst
        0: P =   0.00, D =9075.91 @  1.54 Rp,12.07 MLT; DPS:   0.00
        1: P =   0.51, D =   0.28 @  4.48 Rp, 8.73 MLT; DPS:  -1.47
        2: P =   2.68, D =   0.25 @  3.96 Rp, 9.93 MLT; DPS:  -5.20
[0m [32m<Writing HDF5 DATA @ t =     2.417 [min] >[0m 
[32m<Writing RAIJU HDF5 DATA @ t =     2.500 [min] >[0m 
 [36m
 GAMERA
      Time =     2.501 [min]
        ts =     1397
        dt =  7.71E-02 [sec]
    dt/dt0 =   64.742%
    Spent     0.0% of time waiting for Voltron
      kZCs =   3574.13 /   1340.06 [MHD/TOT] (8 threads)
[0m       CPCP =   33.977  33.903 [kV, N/S]
 [34m
 VOLTRON
      UT   = 2001-06-01 23:02:30
      tilt =    0.000 [deg]
    Sym-H  =   -5.000 [nT]
    BSDst  ~    6.775 [nT]
           dSMRs  ~     0.94   -0.12   -0.61   -0.21 [nT, 12/18/00/06]
   DPSDst  ~   -5.319 [nT]
   Spent    37.9% of time waiting for Gamera
            14.4% of time processing Chimp(Helpers)
             8.4% of time processing IMAG
            15.1% of time processing Remix
            23.5% of time processing Tubes(Helpers)
             0.0% of time writing files
    Running @   51.063% of real-time (8 threads)
[0m  [35m
 RAIJU
      UT   = 2001-06-01 23:02:35
      Time =     2.583 [min]
     dtCpl =  5.00E+00 [sec]
     Max/Min dt @ k:
        Max 3.15E+01 [sec] @ 58
        Min 1.38E-01 [sec] @ 160
     Flav : max Press/Den @ L,MLT; DPS-dst
        0: P =   0.00, D =9075.91 @  1.54 Rp,12.07 MLT; DPS:   0.00
        1: P =   0.50, D =   0.27 @  4.48 Rp, 8.73 MLT; DPS:  -1.46
        2: P =   2.67, D =   0.25 @  3.96 Rp, 9.80 MLT; DPS:  -5.19
[0m [32m<Writing HDF5 DATA @ t =     2.501 [min] >[0m 
[32m<Writing RAIJU HDF5 DATA @ t =     2.583 [min] >[0m 
 [36m
 GAMERA
      Time =     2.584 [min]
        ts =     1463
        dt =  7.64E-02 [sec]
    dt/dt0 =   64.174%
    Spent     0.0% of time waiting for Voltron
      kZCs =   3572.33 /   1390.04 [MHD/TOT] (8 threads)
[0m       CPCP =   33.783  33.640 [kV, N/S]
 [34m
 VOLTRON
      UT   = 2001-06-01 23:02:35
      tilt =    0.000 [deg]
    Sym-H  =   -5.000 [nT]
    BSDst  ~    6.508 [nT]
           dSMRs  ~     0.93   -0.11   -0.61   -0.21 [nT, 12/18/00/06]
   DPSDst  ~   -5.260 [nT]
   Spent    38.7% of time waiting for Gamera
            14.3% of time processing Chimp(Helpers)
             8.3% of time processing IMAG
            14.9% of time processing Remix
            23.2% of time processing Tubes(Helpers)
             0.0% of time writing files
    Running @   51.690% of real-time (8 threads)
[0m  [35m
 RAIJU
      UT   = 2001-06-01 23:02:40
      Time =     2.667 [min]
     dtCpl =  5.00E+00 [sec]
     Max/Min dt @ k:
        Max 3.14E+01 [sec] @ 58
        Min 1.38E-01 [sec] @ 160
     Flav : max Press/Den @ L,MLT; DPS-dst
        0: P =   0.00, D =9075.91 @  1.54 Rp,12.07 MLT; DPS:   0.00
        1: P =   0.49, D =   0.27 @  4.48 Rp, 8.73 MLT; DPS:  -1.43
        2: P =   2.67, D =   0.25 @  3.96 Rp, 9.80 MLT; DPS:  -5.16
[0m [32m<Writing HDF5 DATA @ t =     2.584 [min] >[0m 
[32m<Writing RAIJU HDF5 DATA @ t =     2.667 [min] >[0m 
 [36m
 GAMERA
      Time =     2.668 [min]
        ts =     1528
        dt =  7.85E-02 [sec]
    dt/dt0 =   65.931%
    Spent     0.0% of time waiting for Voltron
      kZCs =   3572.36 /   1376.87 [MHD/TOT] (8 threads)
[0m       CPCP =   33.057  33.126 [kV, N/S]
 [34m
 VOLTRON
      UT   = 2001-06-01 23:02:40
      tilt =    0.000 [deg]
    Sym-H  =   -5.000 [nT]
    BSDst  ~    6.278 [nT]
           dSMRs  ~     0.90   -0.10   -0.61   -0.19 [nT, 12/18/00/06]
   DPSDst  ~   -5.230 [nT]
   Spent    39.4% of time waiting for Gamera
            14.1% of time processing Chimp(Helpers)
             8.2% of time processing IMAG
            14.7% of time processing Remix
            23.0% of time processing Tubes(Helpers)
             0.0% of time writing files
    Running @   52.328% of real-time (8 threads)
[0m  [35m
 RAIJU
      UT   = 2001-06-01 23:02:45
      Time =     2.750 [min]
     dtCpl =  5.00E+00 [sec]
     Max/Min dt @ k:
        Max 3.18E+01 [sec] @ 58
        Min 1.38E-01 [sec] @ 160
     Flav : max Press/Den @ L,MLT; DPS-dst
        0: P =   0.00, D =9075.91 @  1.54 Rp,12.07 MLT; DPS:   0.00
        1: P =   0.48, D =   0.26 @  4.48 Rp, 8.73 MLT; DPS:  -1.42
        2: P =   2.66, D =   0.25 @  3.96 Rp, 9.80 MLT; DPS:  -5.15
[0m [32m<Writing HDF5 DATA @ t =     2.668 [min] >[0m 
[32m<Writing RAIJU HDF5 DATA @ t =     2.750 [min] >[0m 
 [36m
 GAMERA
      Time =     2.750 [min]
        ts =     1590
        dt =  8.06E-02 [sec]
    dt/dt0 =   67.722%
    Spent     0.0% of time waiting for Voltron
      kZCs =   3572.60 /   1341.63 [MHD/TOT] (8 threads)
[0m       CPCP =   31.658  31.865 [kV, N/S]
 [34m
 VOLTRON
      UT   = 2001-06-01 23:02:45
      tilt =    0.000 [deg]
    Sym-H  =   -5.000 [nT]
    BSDst  ~    6.080 [nT]
           dSMRs  ~     0.85   -0.09   -0.58   -0.18 [nT, 12/18/00/06]
   DPSDst  ~   -5.211 [nT]
   Spent    39.8% of time waiting for Gamera
            14.0% of time processing Chimp(Helpers)
             8.2% of time processing IMAG
            14.6% of time processing Remix
            22.8% of time processing Tubes(Helpers)
             0.0% of time writing files
    Running @   52.945% of real-time (8 threads)
[0m  [35m
 RAIJU
      UT   = 2001-06-01 23:02:50
      Time =     2.833 [min]
     dtCpl =  5.00E+00 [sec]
     Max/Min dt @ k:
        Max 3.26E+01 [sec] @ 57
        Min 1.38E-01 [sec] @ 160
     Flav : max Press/Den @ L,MLT; DPS-dst
        0: P =   0.00, D =9075.91 @  1.54 Rp,12.07 MLT; DPS:   0.00
        1: P =   0.47, D =   0.26 @  4.48 Rp, 8.73 MLT; DPS:  -1.40
        2: P =   2.66, D =   0.25 @  3.96 Rp, 8.20 MLT; DPS:  -5.14
[0m [32m<Writing HDF5 DATA @ t =     2.750 [min] >[0m 
[32m<Writing RAIJU HDF5 DATA @ t =     2.833 [min] >[0m 
 [36m
 GAMERA
      Time =     2.834 [min]
        ts =     1652
        dt =  8.18E-02 [sec]
    dt/dt0 =   68.723%
    Spent     0.0% of time waiting for Voltron
      kZCs =   3575.53 /   1346.23 [MHD/TOT] (8 threads)
[0m       CPCP =   29.910  30.241 [kV, N/S]
 [34m
 VOLTRON
      UT   = 2001-06-01 23:02:50
      tilt =    0.000 [deg]
    Sym-H  =   -5.000 [nT]
    BSDst  ~    5.911 [nT]
           dSMRs  ~     0.77   -0.08   -0.52   -0.16 [nT, 12/18/00/06]
   DPSDst  ~   -5.200 [nT]
   Spent    40.1% of time waiting for Gamera
            14.0% of time processing Chimp(Helpers)
             8.1% of time processing IMAG
            14.5% of time processing Remix
            22.8% of time processing Tubes(Helpers)
             0.0% of time writing files
    Running @   53.529% of real-time (8 threads)
[0m  [35m
 RAIJU
      UT   = 2001-06-01 23:02:55
      Time =     2.917 [min]
     dtCpl =  5.00E+00 [sec]
     Max/Min dt @ k:
        Max 3.34E+01 [sec] @ 57
        Min 1.38E-01 [sec] @ 160
     Flav : max Press/Den @ L,MLT; DPS-dst
        0: P =   0.00, D =9075.91 @  1.54 Rp,12.07 MLT; DPS:   0.00
        1: P =   0.46, D =   0.26 @  4.49 Rp, 8.73 MLT; DPS:  -1.39
        2: P =   2.65, D =   0.25 @  3.96 Rp, 8.07 MLT; DPS:  -5.14
[0m [32m<Writing HDF5 DATA @ t =     2.834 [min] >[0m 
[32m<Writing RAIJU HDF5 DATA @ t =     2.917 [min] >[0m 
 [36m
 GAMERA
      Time =     2.918 [min]
        ts =     1713
        dt =  8.16E-02 [sec]
    dt/dt0 =   68.510%
    Spent     0.0% of time waiting for Voltron
      kZCs =   3575.19 /   1335.33 [MHD/TOT] (8 threads)
[0m       CPCP =   28.386  28.511 [kV, N/S]
 [34m
 VOLTRON
      UT   = 2001-06-01 23:02:55
      tilt =    0.000 [deg]
    Sym-H  =   -5.000 [nT]
    BSDst  ~    5.785 [nT]
           dSMRs  ~     0.70   -0.07   -0.49   -0.14 [nT, 12/18/00/06]
   DPSDst  ~   -5.228 [nT]
   Spent    40.4% of time waiting for Gamera
            13.9% of time processing Chimp(Helpers)
             8.1% of time processing IMAG
            14.4% of time processing Remix
            22.7% of time processing Tubes(Helpers)
             0.0% of time writing files
    Running @   54.176% of real-time (8 threads)
[0m  [35m
 RAIJU
      UT   = 2001-06-01 23:02:59
      Time =     3.000 [min]
     dtCpl =  5.00E+00 [sec]
     Max/Min dt @ k:
        Max 3.62E+01 [sec] @ 57
        Min 1.38E-01 [sec] @ 160
     Flav : max Press/Den @ L,MLT; DPS-dst
        0: P =   0.00, D =9075.91 @  1.54 Rp,12.07 MLT; DPS:   0.00
        1: P =   0.45, D =   0.25 @  4.49 Rp, 8.73 MLT; DPS:  -1.39
        2: P =   2.65, D =   0.25 @  3.96 Rp, 8.07 MLT; DPS:  -5.16
[0m [32m<Writing HDF5 DATA @ t =     2.918 [min] >[0m 
[32m<Writing RAIJU HDF5 DATA @ t =     3.000 [min] >[0m 
 [36m
 GAMERA
      Time =     3.000 [min]
        ts =     1774
        dt =  8.01E-02 [sec]
    dt/dt0 =   67.239%
    Spent     0.0% of time waiting for Voltron
      kZCs =   3572.49 /   1336.25 [MHD/TOT] (8 threads)
[0m       CPCP =   26.656  26.682 [kV, N/S]
 [34m
 VOLTRON
      UT   = 2001-06-01 23:03:00
      tilt =    0.000 [deg]
    Sym-H  =   -5.000 [nT]
    BSDst  ~    5.694 [nT]
           dSMRs  ~     0.65   -0.06   -0.47   -0.12 [nT, 12/18/00/06]
   DPSDst  ~   -5.218 [nT]
   Spent    40.6% of time waiting for Gamera
            13.9% of time processing Chimp(Helpers)
             8.1% of time processing IMAG
            14.3% of time processing Remix
            22.7% of time processing Tubes(Helpers)
             0.0% of time writing files
    Running @   54.773% of real-time (8 threads)
[0m  [35m
 RAIJU
      UT   = 2001-06-01 23:03:05
      Time =     3.083 [min]
     dtCpl =  5.00E+00 [sec]
     Max/Min dt @ k:
        Max 3.74E+01 [sec] @ 57
        Min 1.38E-01 [sec] @ 160
     Flav : max Press/Den @ L,MLT; DPS-dst
        0: P =   0.00, D =9075.91 @  1.54 Rp,12.07 MLT; DPS:   0.00
        1: P =   0.44, D =   0.25 @  4.49 Rp, 8.73 MLT; DPS:  -1.38
        2: P =   2.65, D =   0.25 @  3.96 Rp, 8.07 MLT; DPS:  -5.16
[0m [32m<Writing HDF5 DATA @ t =     3.000 [min] >[0m 
[32m<Writing RAIJU HDF5 DATA @ t =     3.083 [min] >[0m 
 [36m
 GAMERA
      Time =     3.084 [min]
        ts =     1837
        dt =  7.92E-02 [sec]
    dt/dt0 =   66.500%
    Spent     0.0% of time waiting for Voltron
      kZCs =   3572.70 /   1363.17 [MHD/TOT] (8 threads)
[0m       CPCP =   24.864  25.212 [kV, N/S]
 [34m
 VOLTRON
      UT   = 2001-06-01 23:03:05
      tilt =    0.000 [deg]
    Sym-H  =   -5.000 [nT]
    BSDst  ~    5.643 [nT]
           dSMRs  ~     0.62   -0.06   -0.45   -0.11 [nT, 12/18/00/06]
   DPSDst  ~   -5.211 [nT]
   Spent    40.9% of time waiting for Gamera
            13.8% of time processing Chimp(Helpers)
             8.1% of time processing IMAG
            14.2% of time processing Remix
            22.6% of time processing Tubes(Helpers)
             0.0% of time writing files
    Running @   55.340% of real-time (8 threads)
[0m  [35m
 RAIJU
      UT   = 2001-06-01 23:03:10
      Time =     3.167 [min]
     dtCpl =  5.00E+00 [sec]
     Max/Min dt @ k:
        Max 3.93E+01 [sec] @ 57
        Min 1.38E-01 [sec] @ 160
     Flav : max Press/Den @ L,MLT; DPS-dst
        0: P =   0.00, D =9075.91 @  1.54 Rp,12.07 MLT; DPS:   0.00
        1: P =   0.43, D =   0.25 @  4.49 Rp, 8.73 MLT; DPS:  -1.37
        2: P =   2.65, D =   0.25 @  3.96 Rp, 8.07 MLT; DPS:  -5.16
[0m [32m<Writing HDF5 DATA @ t =     3.084 [min] >[0m 
[32m<Writing RAIJU HDF5 DATA @ t =     3.167 [min] >[0m 
 [36m
 GAMERA
      Time =     3.167 [min]
        ts =     1899
        dt =  8.36E-02 [sec]
    dt/dt0 =   70.180%
    Spent     0.0% of time waiting for Voltron
      kZCs =   3575.11 /   1356.06 [MHD/TOT] (8 threads)
[0m       CPCP =   23.537  23.921 [kV, N/S]
 [34m
 VOLTRON
      UT   = 2001-06-01 23:03:10
      tilt =    0.000 [deg]
    Sym-H  =   -5.000 [nT]
    BSDst  ~    5.621 [nT]
           dSMRs  ~     0.61   -0.06   -0.45   -0.10 [nT, 12/18/00/06]
   DPSDst  ~   -5.206 [nT]
   Spent    41.1% of time waiting for Gamera
            13.8% of time processing Chimp(Helpers)
             8.1% of time processing IMAG
            14.0% of time processing Remix
            22.6% of time processing Tubes(Helpers)
             0.0% of time writing files
    Running @   55.932% of real-time (8 threads)
[0m  [35m
 RAIJU
      UT   = 2001-06-01 23:03:15
      Time =     3.250 [min]
     dtCpl =  5.00E+00 [sec]
     Max/Min dt @ k:
        Max 4.11E+01 [sec] @ 57
        Min 1.38E-01 [sec] @ 160
     Flav : max Press/Den @ L,MLT; DPS-dst
        0: P =   0.00, D =9075.91 @  1.54 Rp,12.07 MLT; DPS:   0.00
        1: P =   0.43, D =   0.24 @  4.49 Rp, 8.73 MLT; DPS:  -1.36
        2: P =   2.64, D =   0.25 @  3.97 Rp, 8.07 MLT; DPS:  -5.17
[0m [32m<Writing HDF5 DATA @ t =     3.167 [min] >[0m 
[32m<Writing RAIJU HDF5 DATA @ t =     3.250 [min] >[0m 
 [36m
 GAMERA
      Time =     3.251 [min]
        ts =     1957
        dt =  8.64E-02 [sec]
    dt/dt0 =   72.576%
    Spent     0.0% of time waiting for Voltron
      kZCs =   3575.29 /   1301.84 [MHD/TOT] (8 threads)
[0m       CPCP =   22.225  22.762 [kV, N/S]
 [34m
 VOLTRON
      UT   = 2001-06-01 23:03:15
      tilt =    0.000 [deg]
    Sym-H  =   -5.000 [nT]
    BSDst  ~    5.625 [nT]
           dSMRs  ~     0.61   -0.06   -0.46   -0.09 [nT, 12/18/00/06]
   DPSDst  ~   -5.203 [nT]
   Spent    41.1% of time waiting for Gamera
            13.9% of time processing Chimp(Helpers)
             8.1% of time processing IMAG
            14.0% of time processing Remix
            22.6% of time processing Tubes(Helpers)
             0.0% of time writing files
    Running @   56.555% of real-time (8 threads)
[0m  [35m
 RAIJU
      UT   = 2001-06-01 23:03:20
      Time =     3.333 [min]
     dtCpl =  5.00E+00 [sec]
     Max/Min dt @ k:
        Max 4.27E+01 [sec] @ 56
        Min 1.38E-01 [sec] @ 160
     Flav : max Press/Den @ L,MLT; DPS-dst
        0: P =   0.00, D =9075.91 @  1.54 Rp,12.07 MLT; DPS:   0.00
        1: P =   0.42, D =   0.24 @  4.49 Rp, 8.73 MLT; DPS:  -1.35
        2: P =   2.65, D =   0.25 @  3.96 Rp, 8.07 MLT; DPS:  -5.17
[0m [32m<Writing HDF5 DATA @ t =     3.251 [min] >[0m 
[32m<Writing RAIJU HDF5 DATA @ t =     3.333 [min] >[0m 
 [36m
 GAMERA
      Time =     3.334 [min]
        ts =     2017
        dt =  8.09E-02 [sec]
    dt/dt0 =   67.953%
    Spent     0.0% of time waiting for Voltron
      kZCs =   3574.69 /   1331.61 [MHD/TOT] (8 threads)
[0m       CPCP =   20.948  21.657 [kV, N/S]
 [34m
 VOLTRON
      UT   = 2001-06-01 23:03:20
      tilt =    0.000 [deg]
    Sym-H  =   -5.000 [nT]
    BSDst  ~    5.674 [nT]
           dSMRs  ~     0.61   -0.05   -0.47   -0.08 [nT, 12/18/00/06]
   DPSDst  ~   -5.201 [nT]
   Spent    41.2% of time waiting for Gamera
            13.9% of time processing Chimp(Helpers)
             8.1% of time processing IMAG
            13.9% of time processing Remix
            22.7% of time processing Tubes(Helpers)
             0.0% of time writing files
    Running @   57.132% of real-time (8 threads)
[0m  [35m
 RAIJU
      UT   = 2001-06-01 23:03:25
      Time =     3.417 [min]
     dtCpl =  5.00E+00 [sec]
     Max/Min dt @ k:
        Max 4.48E+01 [sec] @ 56
        Min 1.38E-01 [sec] @ 160
     Flav : max Press/Den @ L,MLT; DPS-dst
        0: P =   0.00, D =9075.91 @  1.54 Rp,12.07 MLT; DPS:   0.00
        1: P =   0.41, D =   0.24 @  4.49 Rp, 8.73 MLT; DPS:  -1.34
        2: P =   2.65, D =   0.25 @  3.96 Rp, 8.07 MLT; DPS:  -5.18
[0m [32m<Writing HDF5 DATA @ t =     3.334 [min] >[0m 
[32m<Writing RAIJU HDF5 DATA @ t =     3.417 [min] >[0m 
 [36m
 GAMERA
      Time =     3.417 [min]
        ts =     2081
        dt =  7.61E-02 [sec]
    dt/dt0 =   63.895%
    Spent     0.0% of time waiting for Voltron
      kZCs =   3573.20 /   1380.09 [MHD/TOT] (8 threads)
[0m       CPCP =   19.921  20.790 [kV, N/S]
 [34m
 VOLTRON
      UT   = 2001-06-01 23:03:25
      tilt =    0.000 [deg]
    Sym-H  =   -5.000 [nT]
    BSDst  ~    5.750 [nT]
           dSMRs  ~     0.61   -0.04   -0.49   -0.07 [nT, 12/18/00/06]
   DPSDst  ~   -5.203 [nT]
   Spent    41.5% of time waiting for Gamera
            13.8% of time processing Chimp(Helpers)
             8.1% of time processing IMAG
            13.8% of time processing Remix
            22.6% of time processing Tubes(Helpers)
             0.0% of time writing files
    Running @   57.620% of real-time (8 threads)
[0m  [35m
 RAIJU
      UT   = 2001-06-01 23:03:30
      Time =     3.500 [min]
     dtCpl =  5.00E+00 [sec]
     Max/Min dt @ k:
        Max 4.68E+01 [sec] @ 56
        Min 1.38E-01 [sec] @ 160
     Flav : max Press/Den @ L,MLT; DPS-dst
        0: P =   0.00, D =9075.91 @  1.54 Rp,12.07 MLT; DPS:   0.00
        1: P =   0.41, D =   0.23 @  4.49 Rp, 8.73 MLT; DPS:  -1.34
        2: P =   2.65, D =   0.25 @  3.96 Rp, 8.07 MLT; DPS:  -5.19
[0m [32m<Writing HDF5 DATA @ t =     3.417 [min] >[0m 
[32m<Writing RAIJU HDF5 DATA @ t =     3.500 [min] >[0m 
 [36m
 GAMERA
      Time =     3.500 [min]
        ts =     2149
        dt =  7.16E-02 [sec]
    dt/dt0 =   60.107%
    Spent     0.0% of time waiting for Voltron
      kZCs =   3575.97 /   1429.08 [MHD/TOT] (8 threads)
[0m       CPCP =   19.154  20.200 [kV, N/S]
 [34m
 VOLTRON
      UT   = 2001-06-01 23:03:30
      tilt =    0.000 [deg]
    Sym-H  =   -5.000 [nT]
    BSDst  ~    5.787 [nT]
           dSMRs  ~     0.58   -0.02   -0.51   -0.05 [nT, 12/18/00/06]
   DPSDst  ~   -5.216 [nT]
   Spent    42.0% of time waiting for Gamera
            13.7% of time processing Chimp(Helpers)
             8.0% of time processing IMAG
            13.6% of time processing Remix
            22.4% of time processing Tubes(Helpers)
             0.0% of time writing files
    Running @   58.028% of real-time (8 threads)
[0m  [35m
 RAIJU
      UT   = 2001-06-01 23:03:35
      Time =     3.583 [min]
     dtCpl =  5.00E+00 [sec]
     Max/Min dt @ k:
        Max 4.83E+01 [sec] @ 56
        Min 1.38E-01 [sec] @ 160
     Flav : max Press/Den @ L,MLT; DPS-dst
        0: P =   0.00, D =9075.91 @  1.54 Rp,12.07 MLT; DPS:   0.00
        1: P =   0.40, D =   0.23 @  4.49 Rp, 8.73 MLT; DPS:  -1.33
        2: P =   2.65, D =   0.25 @  3.96 Rp, 8.07 MLT; DPS:  -5.22
[0m [32m<Writing HDF5 DATA @ t =     3.500 [min] >[0m 
[32m<Writing RAIJU HDF5 DATA @ t =     3.583 [min] >[0m 
 [36m
 GAMERA
      Time =     3.584 [min]
        ts =     2224
        dt =  6.20E-02 [sec]
    dt/dt0 =   52.098%
    Spent     0.0% of time waiting for Voltron
      kZCs =   3576.25 /   1510.45 [MHD/TOT] (8 threads)
[0m       CPCP =   18.629  19.899 [kV, N/S]
 [34m
 VOLTRON
      UT   = 2001-06-01 23:03:35
      tilt =    0.000 [deg]
    Sym-H  =   -5.000 [nT]
    BSDst  ~    5.767 [nT]
           dSMRs  ~     0.54    0.00   -0.52   -0.03 [nT, 12/18/00/06]
   DPSDst  ~   -5.224 [nT]
   Spent    42.8% of time waiting for Gamera
            13.5% of time processing Chimp(Helpers)
             7.9% of time processing IMAG
            13.4% of time processing Remix
            22.1% of time processing Tubes(Helpers)
             0.0% of time writing files
    Running @   58.308% of real-time (8 threads)
[0m  [35m
 RAIJU
      UT   = 2001-06-01 23:03:40
      Time =     3.667 [min]
     dtCpl =  5.00E+00 [sec]
     Max/Min dt @ k:
        Max 5.00E+01 [sec] @ 56
        Min 1.38E-01 [sec] @ 160
     Flav : max Press/Den @ L,MLT; DPS-dst
        0: P =   0.00, D =9075.91 @  1.54 Rp,12.07 MLT; DPS:   0.00
        1: P =   0.40, D =   0.23 @  4.48 Rp,10.33 MLT; DPS:  -1.33
        2: P =   2.67, D =   0.25 @  3.97 Rp,11.93 MLT; DPS:  -5.23
[0m [32m<Writing HDF5 DATA @ t =     3.584 [min] >[0m 
[32m<Writing RAIJU HDF5 DATA @ t =     3.667 [min] >[0m 
 [36m
 GAMERA
      Time =     3.667 [min]
        ts =     2312
        dt =  5.27E-02 [sec]
    dt/dt0 =   44.228%
    Spent     0.0% of time waiting for Voltron
      kZCs =   3574.10 /   1636.50 [MHD/TOT] (8 threads)
[0m       CPCP =   18.273  19.778 [kV, N/S]
 [34m
 VOLTRON
      UT   = 2001-06-01 23:03:40
      tilt =    0.000 [deg]
    Sym-H  =   -5.000 [nT]
    BSDst  ~    5.925 [nT]
           dSMRs  ~     0.71   -0.03   -0.61   -0.07 [nT, 12/18/00/06]
   DPSDst  ~   -5.245 [nT]
   Spent    44.0% of time waiting for Gamera
            13.2% of time processing Chimp(Helpers)
             7.8% of time processing IMAG
            13.0% of time processing Remix
            21.7% of time processing Tubes(Helpers)
             0.0% of time writing files
    Running @   58.421% of real-time (8 threads)
[0m  [35m
 RAIJU
      UT   = 2001-06-01 23:03:45
      Time =     3.750 [min]
     dtCpl =  5.00E+00 [sec]
     Max/Min dt @ k:
        Max 5.12E+01 [sec] @ 56
        Min 1.38E-01 [sec] @ 160
     Flav : max Press/Den @ L,MLT; DPS-dst
        0: P =   0.00, D =9075.91 @  1.54 Rp,12.07 MLT; DPS:   0.00
        1: P =   0.39, D =   0.23 @  4.48 Rp,11.80 MLT; DPS:  -1.33
        2: P =   2.69, D =   0.26 @  3.96 Rp,11.93 MLT; DPS:  -5.26
[0m [32m<Writing HDF5 DATA @ t =     3.667 [min] >[0m 
[32m<Writing RAIJU HDF5 DATA @ t =     3.750 [min] >[0m 
 [36m
 GAMERA
      Time =     3.750 [min]
        ts =     2411
        dt =  4.88E-02 [sec]
    dt/dt0 =   41.021%
    Spent     0.0% of time waiting for Voltron
      kZCs =   3575.79 /   1729.82 [MHD/TOT] (8 threads)
[0m       CPCP =   18.292  19.856 [kV, N/S]
 [34m
 VOLTRON
      UT   = 2001-06-01 23:03:45
      tilt =    0.000 [deg]
    Sym-H  =   -5.000 [nT]
    BSDst  ~    6.603 [nT]
           dSMRs  ~     1.34   -0.18   -0.95   -0.21 [nT, 12/18/00/06]
   DPSDst  ~   -5.256 [nT]
   Spent    45.6% of time waiting for Gamera
            12.9% of time processing Chimp(Helpers)
             7.5% of time processing IMAG
            12.7% of time processing Remix
            21.1% of time processing Tubes(Helpers)
             0.0% of time writing files
    Running @   58.418% of real-time (8 threads)
[0m  [35m
 RAIJU
      UT   = 2001-06-01 23:03:50
      Time =     3.833 [min]
     dtCpl =  5.00E+00 [sec]
     Max/Min dt @ k:
        Max 5.24E+01 [sec] @ 56
        Min 1.38E-01 [sec] @ 160
     Flav : max Press/Den @ L,MLT; DPS-dst
        0: P =   0.00, D =9075.91 @  1.54 Rp,12.07 MLT; DPS:   0.00
        1: P =   0.39, D =   0.23 @  4.47 Rp,10.33 MLT; DPS:  -1.33
        2: P =   2.70, D =   0.26 @  3.96 Rp,11.93 MLT; DPS:  -5.28
[0m [32m<Writing HDF5 DATA @ t =     3.750 [min] >[0m 
[32m<Writing RAIJU HDF5 DATA @ t =     3.833 [min] >[0m 
 [36m
 GAMERA
      Time =     3.834 [min]
        ts =     2517
        dt =  4.50E-02 [sec]
    dt/dt0 =   37.812%
    Spent     0.0% of time waiting for Voltron
      kZCs =   3575.84 /   1781.21 [MHD/TOT] (8 threads)
[0m       CPCP =   18.759  20.459 [kV, N/S]
 [34m
 VOLTRON
      UT   = 2001-06-01 23:03:50
      tilt =    0.000 [deg]
    Sym-H  =   -5.000 [nT]
    BSDst  ~    7.502 [nT]
           dSMRs  ~     1.90   -0.28   -1.32   -0.31 [nT, 12/18/00/06]
   DPSDst  ~   -5.265 [nT]
   Spent    47.1% of time waiting for Gamera
            12.5% of time processing Chimp(Helpers)
             7.3% of time processing IMAG
            12.3% of time processing Remix
            20.5% of time processing Tubes(Helpers)
             0.0% of time writing files
    Running @   58.352% of real-time (8 threads)
[0m  [35m
 RAIJU
      UT   = 2001-06-01 23:03:55
      Time =     3.917 [min]
     dtCpl =  5.00E+00 [sec]
     Max/Min dt @ k:
        Max 5.37E+01 [sec] @ 56
        Min 1.38E-01 [sec] @ 160
     Flav : max Press/Den @ L,MLT; DPS-dst
        0: P =   0.00, D =9075.91 @  1.54 Rp,12.07 MLT; DPS:   0.00
        1: P =   0.38, D =   0.22 @  4.46 Rp,10.06 MLT; DPS:  -1.32
        2: P =   2.71, D =   0.26 @  3.95 Rp, 9.66 MLT; DPS:  -5.30
[0m [32m<Writing HDF5 DATA @ t =     3.834 [min] >[0m 
[32m<Writing RAIJU HDF5 DATA @ t =     3.917 [min] >[0m 
 [36m
 GAMERA
      Time =     3.917 [min]
        ts =     2639
        dt =  3.70E-02 [sec]
    dt/dt0 =   31.069%
    Spent     0.0% of time waiting for Voltron
      kZCs =   3575.61 /   1890.88 [MHD/TOT] (8 threads)
[0m       CPCP =   19.719  21.498 [kV, N/S]
 [34m
 VOLTRON
      UT   = 2001-06-01 23:03:55
      tilt =    0.000 [deg]
    Sym-H  =   -5.000 [nT]
    BSDst  ~    8.103 [nT]
           dSMRs  ~     2.04   -0.25   -1.48   -0.30 [nT, 12/18/00/06]
   DPSDst  ~   -5.271 [nT]
   Spent    49.0% of time waiting for Gamera
            12.1% of time processing Chimp(Helpers)
             7.1% of time processing IMAG
            11.9% of time processing Remix
            19.8% of time processing Tubes(Helpers)
             0.0% of time writing files
    Running @   58.147% of real-time (8 threads)
[0m  [35m
 RAIJU
      UT   = 2001-06-01 23:03:59
      Time =     4.000 [min]
     dtCpl =  5.00E+00 [sec]
     Max/Min dt @ k:
        Max 5.51E+01 [sec] @ 56
        Min 1.38E-01 [sec] @ 160
     Flav : max Press/Den @ L,MLT; DPS-dst
        0: P =   0.00, D =9075.91 @  1.54 Rp,12.07 MLT; DPS:   0.00
        1: P =   0.38, D =   0.22 @  4.42 Rp, 8.83 MLT; DPS:  -1.32
        2: P =   2.72, D =   0.26 @  3.95 Rp, 9.53 MLT; DPS:  -5.31
[0m [32m<Writing HDF5 DATA @ t =     3.917 [min] >[0m 
[32m<Writing RAIJU HDF5 DATA @ t =     4.000 [min] >[0m 
 [36m
 GAMERA
      Time =     4.000 [min]
        ts =     2795
        dt =  3.00E-02 [sec]
    dt/dt0 =   25.215%
    Spent     0.0% of time waiting for Voltron
      kZCs =   3574.80 /   2073.49 [MHD/TOT] (8 threads)
[0m       CPCP =   21.118  22.850 [kV, N/S]
 [34m
 VOLTRON
      UT   = 2001-06-01 23:04:00
      tilt =    0.000 [deg]
    Sym-H  =   -5.000 [nT]
    BSDst  ~    8.349 [nT]
           dSMRs  ~     1.91   -0.19   -1.48   -0.24 [nT, 12/18/00/06]
   DPSDst  ~   -5.279 [nT]
   Spent    51.4% of time waiting for Gamera
            11.5% of time processing Chimp(Helpers)
             6.7% of time processing IMAG
            11.3% of time processing Remix
            18.8% of time processing Tubes(Helpers)
             0.0% of time writing files
    Running @   57.697% of real-time (8 threads)
[0m  [35m
 RAIJU
      UT   = 2001-06-01 23:04:05
      Time =     4.083 [min]
     dtCpl =  5.00E+00 [sec]
     Max/Min dt @ k:
        Max 5.59E+01 [sec] @ 56
        Min 1.38E-01 [sec] @ 160
     Flav : max Press/Den @ L,MLT; DPS-dst
        0: P =   0.00, D =9075.91 @  1.54 Rp,12.07 MLT; DPS:   0.00
        1: P =   0.38, D =   0.22 @  4.46 Rp, 8.86 MLT; DPS:  -1.31
        2: P =   2.73, D =   0.26 @  3.95 Rp, 9.53 MLT; DPS:  -5.33
[0m [32m<Writing HDF5 DATA @ t =     4.000 [min] >[0m 
[32m<Writing RAIJU HDF5 DATA @ t =     4.083 [min] >[0m 
 [36m
 GAMERA
      Time =     4.083 [min]
        ts =     2961
        dt =  3.01E-02 [sec]
    dt/dt0 =   25.285%
    Spent     0.0% of time waiting for Voltron
      kZCs =   3576.05 /   2112.06 [MHD/TOT] (8 threads)
[0m       CPCP =   23.070  24.442 [kV, N/S]
 [34m
 VOLTRON
      UT   = 2001-06-01 23:04:05
      tilt =    0.000 [deg]
    Sym-H  =   -5.000 [nT]
    BSDst  ~    8.380 [nT]
           dSMRs  ~     1.72   -0.14   -1.42   -0.16 [nT, 12/18/00/06]
   DPSDst  ~   -5.289 [nT]
   Spent    53.7% of time waiting for Gamera
            10.9% of time processing Chimp(Helpers)
             6.4% of time processing IMAG
            10.8% of time processing Remix
            17.9% of time processing Tubes(Helpers)
             0.0% of time writing files
    Running @   57.203% of real-time (8 threads)
[0m  [35m
 RAIJU
      UT   = 2001-06-01 23:04:10
      Time =     4.167 [min]
     dtCpl =  5.00E+00 [sec]
     Max/Min dt @ k:
        Max 5.39E+01 [sec] @ 56
        Min 1.38E-01 [sec] @ 160
     Flav : max Press/Den @ L,MLT; DPS-dst
        0: P =   0.00, D =9075.91 @  1.54 Rp,12.07 MLT; DPS:   0.00
        1: P =   0.37, D =   0.22 @  4.46 Rp, 8.86 MLT; DPS:  -1.31
        2: P =   2.73, D =   0.26 @  3.95 Rp, 9.39 MLT; DPS:  -5.34
[0m [32m<Writing HDF5 DATA @ t =     4.083 [min] >[0m 
[32m<Writing RAIJU HDF5 DATA @ t =     4.167 [min] >[0m 
 [36m
 GAMERA
      Time =     4.167 [min]
        ts =     3128
        dt =  3.02E-02 [sec]
    dt/dt0 =   25.360%
    Spent     0.0% of time waiting for Voltron
      kZCs =   3574.51 /   2114.64 [MHD/TOT] (8 threads)
[0m       CPCP =   25.295  26.419 [kV, N/S]
 [34m
 VOLTRON
      UT   = 2001-06-01 23:04:10
      tilt =    0.000 [deg]
    Sym-H  =   -5.000 [nT]
    BSDst  ~    8.303 [nT]
           dSMRs  ~     1.60   -0.13   -1.35   -0.12 [nT, 12/18/00/06]
   DPSDst  ~   -5.300 [nT]
   Spent    55.6% of time waiting for Gamera
            10.4% of time processing Chimp(Helpers)
             6.1% of time processing IMAG
            10.4% of time processing Remix
            17.2% of time processing Tubes(Helpers)
             0.0% of time writing files
    Running @   56.724% of real-time (8 threads)
[0m  [35m
 RAIJU
      UT   = 2001-06-01 23:04:15
      Time =     4.250 [min]
     dtCpl =  5.00E+00 [sec]
     Max/Min dt @ k:
        Max 5.15E+01 [sec] @ 56
        Min 1.38E-01 [sec] @ 160
     Flav : max Press/Den @ L,MLT; DPS-dst
        0: P =   0.00, D =9075.91 @  1.54 Rp,12.07 MLT; DPS:   0.00
        1: P =   0.36, D =   0.21 @  4.46 Rp, 8.72 MLT; DPS:  -1.31
        2: P =   2.72, D =   0.26 @  3.95 Rp, 9.39 MLT; DPS:  -5.36
[0m [32m<Writing HDF5 DATA @ t =     4.167 [min] >[0m 
[32m<Writing RAIJU HDF5 DATA @ t =     4.250 [min] >[0m 
 [36m
 GAMERA
      Time =     4.250 [min]
        ts =     3294
        dt =  3.04E-02 [sec]
    dt/dt0 =   25.536%
    Spent     0.0% of time waiting for Voltron
      kZCs =   3576.36 /   2112.26 [MHD/TOT] (8 threads)
[0m       CPCP =   27.560  28.637 [kV, N/S]
 [34m
 VOLTRON
      UT   = 2001-06-01 23:04:15
      tilt =    0.000 [deg]
    Sym-H  =   -5.000 [nT]
    BSDst  ~    8.189 [nT]
           dSMRs  ~     1.56   -0.13   -1.30   -0.13 [nT, 12/18/00/06]
   DPSDst  ~   -5.308 [nT]
   Spent    57.3% of time waiting for Gamera
            10.1% of time processing Chimp(Helpers)
             5.9% of time processing IMAG
            10.1% of time processing Remix
            16.5% of time processing Tubes(Helpers)
             0.0% of time writing files
    Running @   56.266% of real-time (8 threads)
[0m  [35m
 RAIJU
      UT   = 2001-06-01 23:04:20
      Time =     4.333 [min]
     dtCpl =  5.00E+00 [sec]
     Max/Min dt @ k:
        Max 5.00E+01 [sec] @ 56
        Min 1.38E-01 [sec] @ 160
     Flav : max Press/Den @ L,MLT; DPS-dst
        0: P =   0.00, D =9075.91 @  1.54 Rp,12.07 MLT; DPS:   0.00
        1: P =   0.36, D =   0.21 @  4.47 Rp, 8.86 MLT; DPS:  -1.31
        2: P =   2.72, D =   0.26 @  3.95 Rp, 9.39 MLT; DPS:  -5.37
[0m [32m<Writing HDF5 DATA @ t =     4.250 [min] >[0m 
[32m<Writing RAIJU HDF5 DATA @ t =     4.333 [min] >[0m 
 [36m
 GAMERA
      Time =     4.334 [min]
        ts =     3458
        dt =  3.23E-02 [sec]
    dt/dt0 =   27.122%
    Spent     0.0% of time waiting for Voltron
      kZCs =   3575.33 /   2109.86 [MHD/TOT] (8 threads)
[0m       CPCP =   29.810  30.850 [kV, N/S]
 [34m
 VOLTRON
      UT   = 2001-06-01 23:04:20
      tilt =    0.000 [deg]
    Sym-H  =   -5.000 [nT]
    BSDst  ~    8.080 [nT]
           dSMRs  ~     1.57   -0.14   -1.28   -0.15 [nT, 12/18/00/06]
   DPSDst  ~   -5.316 [nT]
   Spent    58.6% of time waiting for Gamera
             9.7% of time processing Chimp(Helpers)
             5.7% of time processing IMAG
             9.8% of time processing Remix
            16.0% of time processing Tubes(Helpers)
             0.0% of time writing files
    Running @   55.842% of real-time (8 threads)
[0m  [35m
 RAIJU
      UT   = 2001-06-01 23:04:25
      Time =     4.417 [min]
     dtCpl =  5.00E+00 [sec]
     Max/Min dt @ k:
        Max 4.79E+01 [sec] @ 56
        Min 1.38E-01 [sec] @ 160
     Flav : max Press/Den @ L,MLT; DPS-dst
        0: P =   0.00, D =9075.91 @  1.54 Rp,12.07 MLT; DPS:   0.00
        1: P =   0.35, D =   0.21 @  4.47 Rp, 8.86 MLT; DPS:  -1.30
        2: P =   2.72, D =   0.26 @  3.95 Rp, 9.40 MLT; DPS:  -5.39
[0m [32m<Writing HDF5 DATA @ t =     4.334 [min] >[0m 
[32m<Writing RAIJU HDF5 DATA @ t =     4.417 [min] >[0m 
 [36m
 GAMERA
      Time =     4.417 [min]
        ts =     3587
        dt =  4.53E-02 [sec]
    dt/dt0 =   38.024%
    Spent     0.0% of time waiting for Voltron
      kZCs =   3574.93 /   1930.05 [MHD/TOT] (8 threads)
[0m       CPCP =   31.923  33.088 [kV, N/S]
 [34m
 VOLTRON
      UT   = 2001-06-01 23:04:25
      tilt =    0.000 [deg]
    Sym-H  =   -5.000 [nT]
    BSDst  ~    8.020 [nT]
           dSMRs  ~     1.62   -0.14   -1.30   -0.18 [nT, 12/18/00/06]
   DPSDst  ~   -5.323 [nT]
   Spent    58.9% of time waiting for Gamera
             9.6% of time processing Chimp(Helpers)
             5.7% of time processing IMAG
             9.7% of time processing Remix
            15.9% of time processing Tubes(Helpers)
             0.0% of time writing files
    Running @   55.653% of real-time (8 threads)
[0m  [35m
 RAIJU
      UT   = 2001-06-01 23:04:30
      Time =     4.500 [min]
     dtCpl =  5.00E+00 [sec]
     Max/Min dt @ k:
        Max 4.75E+01 [sec] @ 56
        Min 1.38E-01 [sec] @ 160
     Flav : max Press/Den @ L,MLT; DPS-dst
        0: P =   0.00, D =9075.91 @  1.54 Rp,12.07 MLT; DPS:   0.00
        1: P =   0.35, D =   0.21 @  4.47 Rp, 8.86 MLT; DPS:  -1.30
        2: P =   2.73, D =   0.26 @  3.95 Rp, 9.40 MLT; DPS:  -5.40
[0m [32m<Writing HDF5 DATA @ t =     4.417 [min] >[0m 
[32m<Writing RAIJU HDF5 DATA @ t =     4.500 [min] >[0m 
 [36m
 GAMERA
      Time =     4.501 [min]
        ts =     3689
        dt =  5.36E-02 [sec]
    dt/dt0 =   44.978%
    Spent     0.0% of time waiting for Voltron
      kZCs =   3574.44 /   1752.81 [MHD/TOT] (8 threads)
[0m       CPCP =   34.054  35.082 [kV, N/S]
 [34m
 VOLTRON
      UT   = 2001-06-01 23:04:30
      tilt =    0.000 [deg]
    Sym-H  =   -5.000 [nT]
    BSDst  ~    8.031 [nT]
           dSMRs  ~     1.70   -0.15   -1.34   -0.20 [nT, 12/18/00/06]
   DPSDst  ~   -5.329 [nT]
   Spent    58.2% of time waiting for Gamera
             9.8% of time processing Chimp(Helpers)
             5.8% of time processing IMAG
             9.9% of time processing Remix
            16.2% of time processing Tubes(Helpers)
             0.0% of time writing files
    Running @   55.728% of real-time (8 threads)
[0m  [35m
 RAIJU
      UT   = 2001-06-01 23:04:35
      Time =     4.583 [min]
     dtCpl =  5.00E+00 [sec]
     Max/Min dt @ k:
        Max 4.30E+01 [sec] @ 56
        Min 1.38E-01 [sec] @ 160
     Flav : max Press/Den @ L,MLT; DPS-dst
        0: P =   0.00, D =9075.91 @  1.54 Rp,12.07 MLT; DPS:   0.00
        1: P =   0.34, D =   0.24 @  4.76 Rp, 9.92 MLT; DPS:  -1.30
        2: P =   2.73, D =   0.26 @  3.95 Rp, 9.40 MLT; DPS:  -5.42
[0m [32m<Writing HDF5 DATA @ t =     4.501 [min] >[0m 
[32m<Writing RAIJU HDF5 DATA @ t =     4.583 [min] >[0m 
 [36m
 GAMERA
      Time =     4.584 [min]
        ts =     3777
        dt =  6.01E-02 [sec]
    dt/dt0 =   50.446%
    Spent     0.0% of time waiting for Voltron
      kZCs =   3573.90 /   1631.46 [MHD/TOT] (8 threads)
[0m       CPCP =   36.057  37.030 [kV, N/S]
 [34m
 VOLTRON
      UT   = 2001-06-01 23:04:35
      tilt =    0.000 [deg]
    Sym-H  =   -5.000 [nT]
    BSDst  ~    8.124 [nT]
           dSMRs  ~     1.80   -0.16   -1.41   -0.22 [nT, 12/18/00/06]
   DPSDst  ~   -5.334 [nT]
   Spent    57.1% of time waiting for Gamera
            10.0% of time processing Chimp(Helpers)
             5.9% of time processing IMAG
            10.1% of time processing Remix
            16.6% of time processing Tubes(Helpers)
             0.0% of time writing files
    Running @   55.932% of real-time (8 threads)
[0m  [35m
 RAIJU
      UT   = 2001-06-01 23:04:40
      Time =     4.667 [min]
     dtCpl =  5.00E+00 [sec]
     Max/Min dt @ k:
        Max 3.99E+01 [sec] @ 57
        Min 1.38E-01 [sec] @ 160
     Flav : max Press/Den @ L,MLT; DPS-dst
        0: P =   0.00, D =9075.91 @  1.54 Rp,12.07 MLT; DPS:   0.00
        1: P =   0.34, D =   0.24 @  4.76 Rp, 9.92 MLT; DPS:  -1.29
        2: P =   2.74, D =   0.26 @  3.95 Rp, 9.40 MLT; DPS:  -5.43
[0m [32m<Writing HDF5 DATA @ t =     4.584 [min] >[0m 
[32m<Writing RAIJU HDF5 DATA @ t =     4.667 [min] >[0m 
 [36m
 GAMERA
      Time =     4.668 [min]
        ts =     3856
        dt =  6.71E-02 [sec]
    dt/dt0 =   56.383%
    Spent     0.0% of time waiting for Voltron
      kZCs =   3571.35 /   1545.15 [MHD/TOT] (8 threads)
[0m       CPCP =   37.954  38.890 [kV, N/S]
 [34m
 VOLTRON
      UT   = 2001-06-01 23:04:40
      tilt =    0.000 [deg]
    Sym-H  =   -5.000 [nT]
    BSDst  ~    8.318 [nT]
           dSMRs  ~     1.94   -0.17   -1.52   -0.25 [nT, 12/18/00/06]
   DPSDst  ~   -5.339 [nT]
   Spent    55.8% of time waiting for Gamera
            10.3% of time processing Chimp(Helpers)
             6.1% of time processing IMAG
            10.4% of time processing Remix
            17.1% of time processing Tubes(Helpers)
             0.0% of time writing files
    Running @   56.186% of real-time (8 threads)
[0m  [35m
 RAIJU
      UT   = 2001-06-01 23:04:45
      Time =     4.750 [min]
     dtCpl =  5.00E+00 [sec]
     Max/Min dt @ k:
        Max 3.79E+01 [sec] @ 57
        Min 1.38E-01 [sec] @ 160
     Flav : max Press/Den @ L,MLT; DPS-dst
        0: P =   0.00, D =9075.91 @  1.54 Rp,12.07 MLT; DPS:   0.00
        1: P =   0.34, D =   0.23 @  4.75 Rp, 9.93 MLT; DPS:  -1.29
        2: P =   2.75, D =   0.26 @  3.95 Rp, 9.26 MLT; DPS:  -5.44
[0m [32m<Writing HDF5 DATA @ t =     4.668 [min] >[0m 
[32m<Writing RAIJU HDF5 DATA @ t =     4.750 [min] >[0m 
 [36m
 GAMERA
      Time =     4.750 [min]
        ts =     3928
        dt =  7.06E-02 [sec]
    dt/dt0 =   59.268%
    Spent     0.0% of time waiting for Voltron
      kZCs =   3575.17 /   1471.96 [MHD/TOT] (8 threads)
[0m       CPCP =   39.883  40.570 [kV, N/S]
 [34m
 VOLTRON
      UT   = 2001-06-01 23:04:45
      tilt =    0.000 [deg]
    Sym-H  =   -5.000 [nT]
    BSDst  ~    8.536 [nT]
           dSMRs  ~     2.04   -0.18   -1.61   -0.26 [nT, 12/18/00/06]
   DPSDst  ~   -5.345 [nT]
   Spent    54.3% of time waiting for Gamera
            10.7% of time processing Chimp(Helpers)
             6.3% of time processing IMAG
            10.8% of time processing Remix
            17.7% of time processing Tubes(Helpers)
             0.0% of time writing files
    Running @   56.549% of real-time (8 threads)
[0m  [35m
 RAIJU
      UT   = 2001-06-01 23:04:50
      Time =     4.833 [min]
     dtCpl =  5.00E+00 [sec]
     Max/Min dt @ k:
        Max 3.66E+01 [sec] @ 57
        Min 1.38E-01 [sec] @ 160
     Flav : max Press/Den @ L,MLT; DPS-dst
        0: P =   0.00, D =9075.91 @  1.54 Rp,12.07 MLT; DPS:   0.00
        1: P =   0.33, D =   0.23 @  4.75 Rp, 9.93 MLT; DPS:  -1.29
        2: P =   2.76, D =   0.26 @  3.95 Rp, 9.26 MLT; DPS:  -5.45
[0m [32m<Writing HDF5 DATA @ t =     4.750 [min] >[0m 
[32m<Writing RAIJU HDF5 DATA @ t =     4.833 [min] >[0m 
 [36m
 GAMERA
      Time =     4.834 [min]
        ts =     4015
        dt =  5.03E-02 [sec]
    dt/dt0 =   42.245%
    Spent     0.0% of time waiting for Voltron
      kZCs =   3574.44 /   1626.95 [MHD/TOT] (8 threads)
[0m       CPCP =   41.986  42.257 [kV, N/S]
 [34m
 VOLTRON
      UT   = 2001-06-01 23:04:50
      tilt =    0.000 [deg]
    Sym-H  =   -5.000 [nT]
    BSDst  ~    8.738 [nT]
           dSMRs  ~     2.10   -0.18   -1.68   -0.25 [nT, 12/18/00/06]
   DPSDst  ~   -5.349 [nT]
   Spent    53.8% of time waiting for Gamera
            10.8% of time processing Chimp(Helpers)
             6.4% of time processing IMAG
            10.9% of time processing Remix
            17.9% of time processing Tubes(Helpers)
             0.0% of time writing files
    Running @   56.682% of real-time (8 threads)
[0m  [35m
 RAIJU
      UT   = 2001-06-01 23:04:55
      Time =     4.917 [min]
     dtCpl =  5.00E+00 [sec]
     Max/Min dt @ k:
        Max 3.53E+01 [sec] @ 57
        Min 1.38E-01 [sec] @ 160
     Flav : max Press/Den @ L,MLT; DPS-dst
        0: P =   0.00, D =9075.91 @  1.54 Rp,12.07 MLT; DPS:   0.00
        1: P =   0.33, D =   0.23 @  4.75 Rp, 9.93 MLT; DPS:  -1.28
        2: P =   2.76, D =   0.26 @  3.95 Rp, 9.26 MLT; DPS:  -5.46
[0m [32m<Writing HDF5 DATA @ t =     4.834 [min] >[0m 
[32m<Writing RAIJU HDF5 DATA @ t =     4.917 [min] >[0m 
 [36m
 GAMERA
      Time =     4.917 [min]
        ts =     4129
        dt =  3.62E-02 [sec]
    dt/dt0 =   30.417%
    Spent     0.0% of time waiting for Voltron
      kZCs =   3573.63 /   1839.07 [MHD/TOT] (8 threads)
[0m       CPCP =   44.172  44.216 [kV, N/S]
 [34m
 VOLTRON
      UT   = 2001-06-01 23:04:55
      tilt =    0.000 [deg]
    Sym-H  =   -5.000 [nT]
    BSDst  ~    8.911 [nT]
           dSMRs  ~     2.15   -0.18   -1.73   -0.24 [nT, 12/18/00/06]
   DPSDst  ~   -5.354 [nT]
   Spent    54.3% of time waiting for Gamera
            10.7% of time processing Chimp(Helpers)
             6.3% of time processing IMAG
            10.8% of time processing Remix
            17.7% of time processing Tubes(Helpers)
             0.0% of time writing files
    Running @   56.585% of real-time (8 threads)
[0m  [35m
 RAIJU
      UT   = 2001-06-01 23:04:59
      Time =     5.000 [min]
     dtCpl =  5.00E+00 [sec]
     Max/Min dt @ k:
        Max 3.41E+01 [sec] @ 57
        Min 1.38E-01 [sec] @ 160
     Flav : max Press/Den @ L,MLT; DPS-dst
        0: P =   0.00, D =9075.91 @  1.54 Rp,12.07 MLT; DPS:   0.00
        1: P =   0.33, D =   0.23 @  4.75 Rp,10.19 MLT; DPS:  -1.28
        2: P =   2.77, D =   0.26 @  3.95 Rp, 9.26 MLT; DPS:  -5.47
[0m [32m<Writing HDF5 DATA @ t =     4.917 [min] >[0m 
[32m<Writing RAIJU HDF5 DATA @ t =     5.000 [min] >[0m 
 [36m
 GAMERA
      Time =     5.000 [min]
        ts =     4287
        dt =  3.54E-02 [sec]
    dt/dt0 =   29.698%
    Spent     0.0% of time waiting for Voltron
      kZCs =   3575.84 /   2085.62 [MHD/TOT] (8 threads)
[0m       CPCP =   46.475  46.459 [kV, N/S]
 [34m
 VOLTRON
      UT   = 2001-06-01 23:05:00
      tilt =    0.000 [deg]
    Sym-H  =   -5.000 [nT]
    BSDst  ~    9.085 [nT]
           dSMRs  ~     2.21   -0.16   -1.80   -0.25 [nT, 12/18/00/06]
   DPSDst  ~   -5.359 [nT]
   Spent    56.0% of time waiting for Gamera
            10.3% of time processing Chimp(Helpers)
             6.1% of time processing IMAG
            10.4% of time processing Remix
            17.1% of time processing Tubes(Helpers)
             0.0% of time writing files
    Running @   56.180% of real-time (8 threads)
[0m  [35m
 RAIJU
      UT   = 2001-06-01 23:05:05
      Time =     5.083 [min]
     dtCpl =  5.00E+00 [sec]
     Max/Min dt @ k:
        Max 3.31E+01 [sec] @ 57
        Min 1.38E-01 [sec] @ 160
     Flav : max Press/Den @ L,MLT; DPS-dst
        0: P =   0.00, D =9075.91 @  1.54 Rp,12.07 MLT; DPS:   0.00
        1: P =   0.32, D =   0.23 @  4.74 Rp,10.19 MLT; DPS:  -1.27
        2: P =   2.78, D =   0.26 @  3.95 Rp, 9.26 MLT; DPS:  -5.48
[0m [32m<Writing HDF5 DATA @ t =     5.000 [min] >[0m 
[32m<Writing RAIJU HDF5 DATA @ t =     5.083 [min] >[0m 
 [36m
 GAMERA
      Time =     5.084 [min]
        ts =     4417
        dt =  4.44E-02 [sec]
    dt/dt0 =   37.275%
    Spent     0.0% of time waiting for Voltron
      kZCs =   3574.82 /   1939.41 [MHD/TOT] (8 threads)
[0m       CPCP =   48.846  48.435 [kV, N/S]
 [34m
 VOLTRON
      UT   = 2001-06-01 23:05:05
      tilt =    0.000 [deg]
    Sym-H  =   -5.000 [nT]
    BSDst  ~    9.275 [nT]
           dSMRs  ~     2.31   -0.15   -1.88   -0.28 [nT, 12/18/00/06]
   DPSDst  ~   -5.372 [nT]
   Spent    56.7% of time waiting for Gamera
            10.1% of time processing Chimp(Helpers)
             6.0% of time processing IMAG
            10.2% of time processing Remix
            16.8% of time processing Tubes(Helpers)
             0.0% of time writing files
    Running @   55.990% of real-time (8 threads)
[0m  [35m
 RAIJU
      UT   = 2001-06-01 23:05:10
      Time =     5.167 [min]
     dtCpl =  5.00E+00 [sec]
     Max/Min dt @ k:
        Max 3.20E+01 [sec] @ 58
        Min 1.38E-01 [sec] @ 160
     Flav : max Press/Den @ L,MLT; DPS-dst
        0: P =   0.00, D =9075.91 @  1.54 Rp,12.07 MLT; DPS:   0.00
        1: P =   0.32, D =   0.23 @  4.74 Rp, 9.92 MLT; DPS:  -1.27
        2: P =   2.78, D =   0.26 @  3.95 Rp, 9.26 MLT; DPS:  -5.50
[0m [32m<Writing HDF5 DATA @ t =     5.084 [min] >[0m 
[32m<Writing RAIJU HDF5 DATA @ t =     5.167 [min] >[0m 
 [36m
 GAMERA
      Time =     5.168 [min]
        ts =     4495
        dt =  6.52E-02 [sec]
    dt/dt0 =   54.762%
    Spent     0.0% of time waiting for Voltron
      kZCs =   3576.69 /   1536.99 [MHD/TOT] (8 threads)
[0m       CPCP =   51.297  49.995 [kV, N/S]
 [34m
 VOLTRON
      UT   = 2001-06-01 23:05:10
      tilt =    0.000 [deg]
    Sym-H  =   -5.000 [nT]
    BSDst  ~    9.454 [nT]
           dSMRs  ~     2.38   -0.16   -1.92   -0.30 [nT, 12/18/00/06]
   DPSDst  ~   -5.383 [nT]
   Spent    55.4% of time waiting for Gamera
            10.4% of time processing Chimp(Helpers)
             6.2% of time processing IMAG
            10.6% of time processing Remix
            17.3% of time processing Tubes(Helpers)
             0.0% of time writing files
    Running @   56.312% of real-time (8 threads)
[0m  [35m
 RAIJU
      UT   = 2001-06-01 23:05:15
      Time =     5.250 [min]
     dtCpl =  5.00E+00 [sec]
     Max/Min dt @ k:
        Max 3.09E+01 [sec] @ 58
        Min 1.38E-01 [sec] @ 160
     Flav : max Press/Den @ L,MLT; DPS-dst
        0: P =   0.00, D =9075.91 @  1.54 Rp,12.07 MLT; DPS:   0.00
        1: P =   0.32, D =   0.22 @  4.74 Rp, 9.92 MLT; DPS:  -1.27
        2: P =   2.79, D =   0.26 @  3.94 Rp, 9.26 MLT; DPS:  -5.51
[0m [32m<Writing HDF5 DATA @ t =     5.168 [min] >[0m 
[32m<Writing RAIJU HDF5 DATA @ t =     5.250 [min] >[0m 
 [36m
 GAMERA
      Time =     5.250 [min]
        ts =     4574
        dt =  6.13E-02 [sec]
    dt/dt0 =   51.446%
    Spent     0.0% of time waiting for Voltron
      kZCs =   3575.40 /   1545.62 [MHD/TOT] (8 threads)
[0m       CPCP =   53.232  51.748 [kV, N/S]
 [34m
 VOLTRON
      UT   = 2001-06-01 23:05:15
      tilt =    0.000 [deg]
    Sym-H  =   -5.000 [nT]
    BSDst  ~    9.619 [nT]
           dSMRs  ~     2.39   -0.16   -1.94   -0.30 [nT, 12/18/00/06]
   DPSDst  ~   -5.391 [nT]
   Spent    54.3% of time waiting for Gamera
            10.6% of time processing Chimp(Helpers)
             6.4% of time processing IMAG
            10.8% of time processing Remix
            17.7% of time processing Tubes(Helpers)
             0.0% of time writing files
    Running @   56.590% of real-time (8 threads)
[0m  [35m
 RAIJU
      UT   = 2001-06-01 23:05:20
      Time =     5.333 [min]
     dtCpl =  5.00E+00 [sec]
     Max/Min dt @ k:
        Max 3.01E+01 [sec] @ 58
        Min 1.38E-01 [sec] @ 160
     Flav : max Press/Den @ L,MLT; DPS-dst
        0: P =   0.00, D =9075.91 @  1.54 Rp,12.07 MLT; DPS:   0.00
        1: P =   0.32, D =   0.22 @  4.74 Rp, 9.93 MLT; DPS:  -1.26
        2: P =   2.79, D =   0.26 @  3.94 Rp, 9.13 MLT; DPS:  -5.52
[0m [32m<Writing HDF5 DATA @ t =     5.250 [min] >[0m 
[32m<Writing RAIJU HDF5 DATA @ t =     5.333 [min] >[0m 
 [36m
 GAMERA
      Time =     5.333 [min]
        ts =     4659
        dt =  5.36E-02 [sec]
    dt/dt0 =   45.039%
    Spent     0.0% of time waiting for Voltron
      kZCs =   3576.37 /   1606.60 [MHD/TOT] (8 threads)
[0m       CPCP =   55.408  53.690 [kV, N/S]
 [34m
 VOLTRON
      UT   = 2001-06-01 23:05:20
      tilt =    0.000 [deg]
    Sym-H  =   -5.000 [nT]
    BSDst  ~    9.727 [nT]
           dSMRs  ~     2.36   -0.13   -1.95   -0.28 [nT, 12/18/00/06]
   DPSDst  ~   -5.399 [nT]
   Spent    53.7% of time waiting for Gamera
            10.8% of time processing Chimp(Helpers)
             6.5% of time processing IMAG
            11.0% of time processing Remix
            18.0% of time processing Tubes(Helpers)
             0.0% of time writing files
    Running @   56.810% of real-time (8 threads)
[0m  [35m
 RAIJU
      UT   = 2001-06-01 23:05:25
      Time =     5.417 [min]
     dtCpl =  5.00E+00 [sec]
     Max/Min dt @ k:
        Max 2.92E+01 [sec] @ 58
        Min 1.38E-01 [sec] @ 160
     Flav : max Press/Den @ L,MLT; DPS-dst
        0: P =   0.00, D =9075.91 @  1.54 Rp,12.07 MLT; DPS:   0.00
        1: P =   0.31, D =   0.22 @  4.74 Rp, 9.93 MLT; DPS:  -1.26
        2: P =   2.80, D =   0.26 @  3.94 Rp, 9.13 MLT; DPS:  -5.53
[0m [32m<Writing HDF5 DATA @ t =     5.333 [min] >[0m 
[32m<Writing RAIJU HDF5 DATA @ t =     5.417 [min] >[0m 
 [36m
 GAMERA
      Time =     5.417 [min]
        ts =     4767
        dt =  3.97E-02 [sec]
    dt/dt0 =   33.343%
    Spent     0.0% of time waiting for Voltron
      kZCs =   3575.73 /   1796.24 [MHD/TOT] (8 threads)
[0m       CPCP =   57.674  55.732 [kV, N/S]
 [34m
 VOLTRON
      UT   = 2001-06-01 23:05:25
      tilt =    0.000 [deg]
    Sym-H  =   -5.000 [nT]
    BSDst  ~    9.853 [nT]
           dSMRs  ~     2.37   -0.11   -1.99   -0.26 [nT, 12/18/00/06]
   DPSDst  ~   -5.406 [nT]
   Spent    54.0% of time waiting for Gamera
            10.7% of time processing Chimp(Helpers)
             6.4% of time processing IMAG
            10.9% of time processing Remix
            17.8% of time processing Tubes(Helpers)
             0.0% of time writing files
    Running @   56.784% of real-time (8 threads)
[0m  [35m
 RAIJU
      UT   = 2001-06-01 23:05:30
      Time =     5.500 [min]
     dtCpl =  5.00E+00 [sec]
     Max/Min dt @ k:
        Max 2.87E+01 [sec] @ 58
        Min 1.38E-01 [sec] @ 160
     Flav : max Press/Den @ L,MLT; DPS-dst
        0: P =   0.00, D =9075.91 @  1.54 Rp,12.07 MLT; DPS:   0.00
        1: P =   0.31, D =   0.22 @  4.74 Rp, 9.93 MLT; DPS:  -1.26
        2: P =   2.80, D =   0.26 @  3.94 Rp, 9.13 MLT; DPS:  -5.54
[0m [32m<Writing HDF5 DATA @ t =     5.417 [min] >[0m 
[32m<Writing RAIJU HDF5 DATA @ t =     5.500 [min] >[0m 
 [36m
 GAMERA
      Time =     5.500 [min]
        ts =     4901
        dt =  3.38E-02 [sec]
    dt/dt0 =   28.348%
    Spent     0.0% of time waiting for Voltron
      kZCs =   3575.40 /   1964.32 [MHD/TOT] (8 threads)
[0m       CPCP =   59.690  57.675 [kV, N/S]
 [34m
 VOLTRON
      UT   = 2001-06-01 23:05:30
      tilt =    0.000 [deg]
    Sym-H  =   -5.000 [nT]
    BSDst  ~   10.016 [nT]
           dSMRs  ~     2.40   -0.11   -2.05   -0.25 [nT, 12/18/00/06]
   DPSDst  ~   -5.413 [nT]
   Spent    55.2% of time waiting for Gamera
            10.4% of time processing Chimp(Helpers)
             6.2% of time processing IMAG
            10.6% of time processing Remix
            17.4% of time processing Tubes(Helpers)
             0.0% of time writing files
    Running @   56.518% of real-time (8 threads)
[0m  [35m
 RAIJU
      UT   = 2001-06-01 23:05:35
      Time =     5.583 [min]
     dtCpl =  5.00E+00 [sec]
     Max/Min dt @ k:
        Max 2.81E+01 [sec] @ 58
        Min 1.38E-01 [sec] @ 160
     Flav : max Press/Den @ L,MLT; DPS-dst
        0: P =   0.00, D =9075.91 @  1.54 Rp,12.07 MLT; DPS:   0.00
        1: P =   0.31, D =   0.22 @  4.74 Rp, 9.79 MLT; DPS:  -1.26
        2: P =   2.81, D =   0.26 @  3.94 Rp, 9.13 MLT; DPS:  -5.56
[0m [32m<Writing HDF5 DATA @ t =     5.500 [min] >[0m 
[32m<Writing RAIJU HDF5 DATA @ t =     5.583 [min] >[0m 
 [36m
 GAMERA
      Time =     5.583 [min]
        ts =     5063
        dt =  3.00E-02 [sec]
    dt/dt0 =   25.186%
    Spent     0.0% of time waiting for Voltron
      kZCs =   3573.94 /   2103.55 [MHD/TOT] (8 threads)
[0m       CPCP =   61.546  59.247 [kV, N/S]
 [34m
 VOLTRON
      UT   = 2001-06-01 23:05:35
      tilt =    0.000 [deg]
    Sym-H  =   -5.000 [nT]
    BSDst  ~   10.179 [nT]
           dSMRs  ~     2.43   -0.11   -2.10   -0.23 [nT, 12/18/00/06]
   DPSDst  ~   -5.420 [nT]
   Spent    56.8% of time waiting for Gamera
            10.0% of time processing Chimp(Helpers)
             6.0% of time processing IMAG
            10.2% of time processing Remix
            16.8% of time processing Tubes(Helpers)
             0.0% of time writing files
    Running @   56.097% of real-time (8 threads)
[0m  [35m
 RAIJU
      UT   = 2001-06-01 23:05:40
      Time =     5.667 [min]
     dtCpl =  5.00E+00 [sec]
     Max/Min dt @ k:
        Max 2.76E+01 [sec] @ 58
        Min 1.38E-01 [sec] @ 160
     Flav : max Press/Den @ L,MLT; DPS-dst
        0: P =   0.00, D =9075.91 @  1.54 Rp,12.07 MLT; DPS:   0.00
        1: P =   0.30, D =   0.22 @  4.73 Rp, 9.79 MLT; DPS:  -1.25
        2: P =   2.82, D =   0.26 @  3.94 Rp, 8.99 MLT; DPS:  -5.57
[0m [32m<Writing HDF5 DATA @ t =     5.583 [min] >[0m 
[32m<Writing RAIJU HDF5 DATA @ t =     5.667 [min] >[0m 
 [36m
 GAMERA
      Time =     5.667 [min]
        ts =     5182
        dt =  4.33E-02 [sec]
    dt/dt0 =   36.390%
    Spent     0.0% of time waiting for Voltron
      kZCs =   3573.49 /   1873.85 [MHD/TOT] (8 threads)
[0m       CPCP =   63.178  60.581 [kV, N/S]
 [34m
 VOLTRON
      UT   = 2001-06-01 23:05:40
      tilt =    0.000 [deg]
    Sym-H  =   -5.000 [nT]
    BSDst  ~   10.340 [nT]
           dSMRs  ~     2.42   -0.07   -2.12   -0.22 [nT, 12/18/00/06]
   DPSDst  ~   -5.424 [nT]
   Spent    57.1% of time waiting for Gamera
             9.9% of time processing Chimp(Helpers)
             6.0% of time processing IMAG
            10.2% of time processing Remix
            16.7% of time processing Tubes(Helpers)
             0.0% of time writing files
    Running @   55.985% of real-time (8 threads)
[0m  [35m
 RAIJU
      UT   = 2001-06-01 23:05:45
      Time =     5.750 [min]
     dtCpl =  5.00E+00 [sec]
     Max/Min dt @ k:
        Max 2.69E+01 [sec] @ 58
        Min 1.38E-01 [sec] @ 160
     Flav : max Press/Den @ L,MLT; DPS-dst
        0: P =   0.00, D =9075.91 @  1.54 Rp,12.07 MLT; DPS:   0.00
        1: P =   0.30, D =   0.21 @  4.73 Rp, 9.79 MLT; DPS:  -1.25
        2: P =   2.82, D =   0.26 @  3.94 Rp, 8.99 MLT; DPS:  -5.58
[0m [32m<Writing HDF5 DATA @ t =     5.667 [min] >[0m 
[32m<Writing RAIJU HDF5 DATA @ t =     5.750 [min] >[0m 
 [36m
 GAMERA
      Time =     5.750 [min]
        ts =     5296
        dt =  4.31E-02 [sec]
    dt/dt0 =   36.236%
    Spent     0.0% of time waiting for Voltron
      kZCs =   3574.39 /   1841.26 [MHD/TOT] (8 threads)
[0m       CPCP =   64.323  61.703 [kV, N/S]
 [34m
 VOLTRON
      UT   = 2001-06-01 23:05:45
      tilt =    0.000 [deg]
    Sym-H  =   -5.000 [nT]
    BSDst  ~   10.510 [nT]
           dSMRs  ~     2.40   -0.04   -2.15   -0.21 [nT, 12/18/00/06]
   DPSDst  ~   -5.433 [nT]
   Spent    57.2% of time waiting for Gamera
             9.9% of time processing Chimp(Helpers)
             6.0% of time processing IMAG
            10.1% of time processing Remix
            16.7% of time processing Tubes(Helpers)
             0.0% of time writing files
    Running @   55.928% of real-time (8 threads)
[0m  [35m
 RAIJU
      UT   = 2001-06-01 23:05:50
      Time =     5.833 [min]
     dtCpl =  5.00E+00 [sec]
     Max/Min dt @ k:
        Max 2.63E+01 [sec] @ 58
        Min 1.38E-01 [sec] @ 160
     Flav : max Press/Den @ L,MLT; DPS-dst
        0: P =   0.00, D =9075.91 @  1.54 Rp,12.07 MLT; DPS:   0.00
        1: P =   0.30, D =   0.21 @  4.73 Rp, 9.66 MLT; DPS:  -1.25
        2: P =   2.83, D =   0.26 @  3.94 Rp, 8.86 MLT; DPS:  -5.59
[0m [32m<Writing HDF5 DATA @ t =     5.750 [min] >[0m 
[32m<Writing RAIJU HDF5 DATA @ t =     5.833 [min] >[0m 
 [36m
 GAMERA
      Time =     5.834 [min]
        ts =     5402
        dt =  5.92E-02 [sec]
    dt/dt0 =   49.690%
    Spent     0.0% of time waiting for Voltron
      kZCs =   3574.85 /   1784.83 [MHD/TOT] (8 threads)
[0m       CPCP =   64.879  62.502 [kV, N/S]
 [34m
 VOLTRON
      UT   = 2001-06-01 23:05:50
      tilt =    0.000 [deg]
    Sym-H  =   -5.000 [nT]
    BSDst  ~   10.655 [nT]
           dSMRs  ~     2.38   -0.02   -2.18   -0.18 [nT, 12/18/00/06]
   DPSDst  ~   -5.442 [nT]
   Spent    56.9% of time waiting for Gamera
             9.9% of time processing Chimp(Helpers)
             6.0% of time processing IMAG
            10.2% of time processing Remix
            16.8% of time processing Tubes(Helpers)
             0.0% of time writing files
    Running @   55.943% of real-time (8 threads)
[0m  [35m
 RAIJU
      UT   = 2001-06-01 23:05:55
      Time =     5.917 [min]
     dtCpl =  5.00E+00 [sec]
     Max/Min dt @ k:
        Max 2.59E+01 [sec] @ 58
        Min 1.38E-01 [sec] @ 160
     Flav : max Press/Den @ L,MLT; DPS-dst
        0: P =   0.00, D =9075.91 @  1.54 Rp,12.07 MLT; DPS:   0.00
        1: P =   0.29, D =   0.21 @  4.73 Rp, 9.52 MLT; DPS:  -1.24
        2: P =   2.83, D =   0.26 @  3.94 Rp, 8.33 MLT; DPS:  -5.60
[0m [32m<Writing HDF5 DATA @ t =     5.834 [min] >[0m 
[32m<Writing RAIJU HDF5 DATA @ t =     5.917 [min] >[0m 
 [36m
 GAMERA
      Time =     5.917 [min]
        ts =     5479
        dt =  6.76E-02 [sec]
    dt/dt0 =   56.744%
    Spent     0.0% of time waiting for Voltron
      kZCs =   3576.10 /   1533.68 [MHD/TOT] (8 threads)
[0m       CPCP =   64.733  62.792 [kV, N/S]
 [34m
 VOLTRON
      UT   = 2001-06-01 23:05:55
      tilt =    0.000 [deg]
    Sym-H  =   -5.000 [nT]
    BSDst  ~   10.775 [nT]
           dSMRs  ~     2.35    0.00   -2.20   -0.15 [nT, 12/18/00/06]
   DPSDst  ~   -5.454 [nT]
   Spent    55.6% of time waiting for Gamera
            10.2% of time processing Chimp(Helpers)
             6.2% of time processing IMAG
            10.5% of time processing Remix
            17.3% of time processing Tubes(Helpers)
             0.0% of time writing files
    Running @   56.264% of real-time (8 threads)
[0m  [35m
 RAIJU
      UT   = 2001-06-01 23:05:59
      Time =     6.000 [min]
     dtCpl =  5.00E+00 [sec]
     Max/Min dt @ k:
        Max 2.56E+01 [sec] @ 59
        Min 1.38E-01 [sec] @ 160
     Flav : max Press/Den @ L,MLT; DPS-dst
        0: P =   0.00, D =9075.91 @  1.54 Rp,12.07 MLT; DPS:   0.00
        1: P =   0.29, D =   0.21 @  4.73 Rp, 9.52 MLT; DPS:  -1.24
        2: P =   2.84, D =   0.26 @  3.94 Rp, 8.19 MLT; DPS:  -5.62
[0m [32m<Writing HDF5 DATA @ t =     5.917 [min] >[0m 
[32m<Writing RAIJU HDF5 DATA @ t =     6.000 [min] >[0m 
 [36m
 GAMERA
      Time =     6.001 [min]
        ts =     5561
        dt =  5.69E-02 [sec]
    dt/dt0 =   47.772%
    Spent     0.0% of time waiting for Voltron
      kZCs =   3577.02 /   1582.85 [MHD/TOT] (8 threads)
[0m       CPCP =   64.013  62.576 [kV, N/S]
 [34m
 VOLTRON
      UT   = 2001-06-01 23:06:00
      tilt =    0.000 [deg]
    Sym-H  =   -5.000 [nT]
    BSDst  ~   10.893 [nT]
           dSMRs  ~     2.29    0.03   -2.20   -0.12 [nT, 12/18/00/06]
   DPSDst  ~   -5.464 [nT]
   Spent    54.6% of time waiting for Gamera
            10.5% of time processing Chimp(Helpers)
             6.4% of time processing IMAG
            10.7% of time processing Remix
            17.7% of time processing Tubes(Helpers)
             0.0% of time writing files
    Running @   56.551% of real-time (8 threads)
[0m  [35m
 RAIJU
      UT   = 2001-06-01 23:06:05
      Time =     6.083 [min]
     dtCpl =  5.00E+00 [sec]
     Max/Min dt @ k:
        Max 2.55E+01 [sec] @ 59
        Min 1.38E-01 [sec] @ 160
     Flav : max Press/Den @ L,MLT; DPS-dst
        0: P =   0.00, D =9075.91 @  1.54 Rp,12.07 MLT; DPS:   0.00
        1: P =   0.29, D =   0.21 @  4.74 Rp, 8.25 MLT; DPS:  -1.24
        2: P =   2.84, D =   0.26 @  3.94 Rp, 8.19 MLT; DPS:  -5.63
[0m [32m<Writing HDF5 DATA @ t =     6.001 [min] >[0m 
[32m<Writing RAIJU HDF5 DATA @ t =     6.083 [min] >[0m 
 [36m
 GAMERA
      Time =     6.084 [min]
        ts =     5647
        dt =  5.99E-02 [sec]
    dt/dt0 =   50.337%
    Spent     0.0% of time waiting for Voltron
      kZCs =   3576.91 /   1623.24 [MHD/TOT] (8 threads)
[0m       CPCP =   62.409  61.513 [kV, N/S]
 [34m
 VOLTRON
      UT   = 2001-06-01 23:06:05
      tilt =    0.000 [deg]
    Sym-H  =   -5.000 [nT]
    BSDst  ~   11.016 [nT]
           dSMRs  ~     2.22    0.05   -2.18   -0.10 [nT, 12/18/00/06]
   DPSDst  ~   -5.473 [nT]
   Spent    54.0% of time waiting for Gamera
            10.6% of time processing Chimp(Helpers)
             6.5% of time processing IMAG
            10.8% of time processing Remix
            17.9% of time processing Tubes(Helpers)
             0.0% of time writing files
    Running @   56.766% of real-time (8 threads)
[0m  [35m
 RAIJU
      UT   = 2001-06-01 23:06:10
      Time =     6.167 [min]
     dtCpl =  5.00E+00 [sec]
     Max/Min dt @ k:
        Max 2.57E+01 [sec] @ 58
        Min 1.38E-01 [sec] @ 160
     Flav : max Press/Den @ L,MLT; DPS-dst
        0: P =   0.00, D =9075.91 @  1.54 Rp,12.07 MLT; DPS:   0.00
        1: P =   0.29, D =   5.34 @  9.10 Rp,12.23 MLT; DPS:  -1.24
        2: P =   2.85, D =   0.26 @  3.94 Rp, 8.06 MLT; DPS:  -5.64
[0m [32m<Writing HDF5 DATA @ t =     6.084 [min] >[0m 
[32m<Writing RAIJU HDF5 DATA @ t =     6.167 [min] >[0m 
 [36m
 GAMERA
      Time =     6.167 [min]
        ts =     5731
        dt =  5.22E-02 [sec]
    dt/dt0 =   43.866%
    Spent     0.0% of time waiting for Voltron
      kZCs =   3576.76 /   1604.71 [MHD/TOT] (8 threads)
[0m       CPCP =   60.330  59.936 [kV, N/S]
 [34m
 VOLTRON
      UT   = 2001-06-01 23:06:10
      tilt =    0.000 [deg]
    Sym-H  =   -5.000 [nT]
    BSDst  ~   11.155 [nT]
           dSMRs  ~     2.22    0.03   -2.18   -0.08 [nT, 12/18/00/06]
   DPSDst  ~   -5.482 [nT]
   Spent    53.4% of time waiting for Gamera
            10.7% of time processing Chimp(Helpers)
             6.6% of time processing IMAG
            10.9% of time processing Remix
            18.2% of time processing Tubes(Helpers)
             0.0% of time writing files
    Running @   56.849% of real-time (8 threads)
[0m  [35m
 RAIJU
      UT   = 2001-06-01 23:06:15
      Time =     6.250 [min]
     dtCpl =  5.00E+00 [sec]
     Max/Min dt @ k:
        Max 2.62E+01 [sec] @ 58
        Min 1.38E-01 [sec] @ 160
     Flav : max Press/Den @ L,MLT; DPS-dst
        0: P =   0.00, D =9075.91 @  1.54 Rp,12.07 MLT; DPS:   0.00
        1: P =   0.30, D =   5.42 @  8.99 Rp,12.23 MLT; DPS:  -1.24
        2: P =   2.85, D =   0.26 @  3.94 Rp, 7.99 MLT; DPS:  -5.65
[0m [32m<Writing HDF5 DATA @ t =     6.167 [min] >[0m 
[32m<Writing RAIJU HDF5 DATA @ t =     6.250 [min] >[0m 
 [36m
 GAMERA
      Time =     6.250 [min]
        ts =     5866
        dt =  3.08E-02 [sec]
    dt/dt0 =   25.892%
    Spent     0.0% of time waiting for Voltron
      kZCs =   3555.38 /   1966.92 [MHD/TOT] (8 threads)
[0m       CPCP =   60.620  59.792 [kV, N/S]
 [34m
 VOLTRON
      UT   = 2001-06-01 23:06:15
      tilt =    0.000 [deg]
    Sym-H  =   -5.000 [nT]
    BSDst  ~   11.354 [nT]
           dSMRs  ~     2.24    0.05   -2.19   -0.10 [nT, 12/18/00/06]
   DPSDst  ~   -5.495 [nT]
   Spent    54.7% of time waiting for Gamera
            10.4% of time processing Chimp(Helpers)
             6.4% of time processing IMAG
            10.6% of time processing Remix
            17.7% of time processing Tubes(Helpers)
             0.0% of time writing files
    Running @   56.536% of real-time (8 threads)
[0m  [35m
 RAIJU
      UT   = 2001-06-01 23:06:20
      Time =     6.333 [min]
     dtCpl =  5.00E+00 [sec]
     Max/Min dt @ k:
        Max 2.67E+01 [sec] @ 58
        Min 1.38E-01 [sec] @ 160
     Flav : max Press/Den @ L,MLT; DPS-dst
        0: P =   0.00, D =9075.91 @  1.54 Rp,12.07 MLT; DPS:   0.00
        1: P =   0.31, D =   5.50 @  8.95 Rp,12.23 MLT; DPS:  -1.24
        2: P =   2.85, D =   0.26 @  3.94 Rp, 7.99 MLT; DPS:  -5.67
[0m [32m<Writing HDF5 DATA @ t =     6.250 [min] >[0m 
[32m<Writing RAIJU HDF5 DATA @ t =     6.333 [min] >[0m 
 [36m
 GAMERA
      Time =     6.333 [min]
        ts =     6022
        dt =  3.59E-02 [sec]
    dt/dt0 =   30.191%
    Spent     0.0% of time waiting for Voltron
      kZCs =   3575.64 /   2087.23 [MHD/TOT] (8 threads)
[0m       CPCP =   61.171  58.499 [kV, N/S]
 [34m
 VOLTRON
      UT   = 2001-06-01 23:06:20
      tilt =    0.000 [deg]
    Sym-H  =   -5.000 [nT]
    BSDst  ~   11.593 [nT]
           dSMRs  ~     2.21    0.09   -2.19   -0.10 [nT, 12/18/00/06]
   DPSDst  ~   -5.511 [nT]
   Spent    56.3% of time waiting for Gamera
            10.0% of time processing Chimp(Helpers)
             6.2% of time processing IMAG
            10.2% of time processing Remix
            17.0% of time processing Tubes(Helpers)
             0.0% of time writing files
    Running @   56.158% of real-time (8 threads)
[0m  [35m
 RAIJU
      UT   = 2001-06-01 23:06:25
      Time =     6.417 [min]
     dtCpl =  5.00E+00 [sec]
     Max/Min dt @ k:
        Max 2.72E+01 [sec] @ 58
        Min 1.38E-01 [sec] @ 160
     Flav : max Press/Den @ L,MLT; DPS-dst
        0: P =   0.00, D =9075.91 @  1.54 Rp,12.07 MLT; DPS:   0.00
        1: P =   0.31, D =   5.57 @  9.03 Rp,12.07 MLT; DPS:  -1.23
        2: P =   2.86, D =   0.26 @  3.94 Rp, 7.99 MLT; DPS:  -5.69
[0m [32m<Writing HDF5 DATA @ t =     6.333 [min] >[0m 
[32m<Writing RAIJU HDF5 DATA @ t =     6.417 [min] >[0m 
 [36m
 GAMERA
      Time =     6.417 [min]
        ts =     6134
        dt =  4.32E-02 [sec]
    dt/dt0 =   36.272%
    Spent     0.0% of time waiting for Voltron
      kZCs =   3577.71 /   1838.32 [MHD/TOT] (8 threads)
[0m       CPCP =   61.767  57.369 [kV, N/S]
 [34m
 VOLTRON
      UT   = 2001-06-01 23:06:25
      tilt =    0.000 [deg]
    Sym-H  =   -5.000 [nT]
    BSDst  ~   11.902 [nT]
           dSMRs  ~     2.18    0.10   -2.18   -0.10 [nT, 12/18/00/06]
   DPSDst  ~   -5.521 [nT]
   Spent    56.5% of time waiting for Gamera
            10.0% of time processing Chimp(Helpers)
             6.2% of time processing IMAG
            10.2% of time processing Remix
            17.0% of time processing Tubes(Helpers)
             0.0% of time writing files
    Running @   56.118% of real-time (8 threads)
[0m  [35m
 RAIJU
      UT   = 2001-06-01 23:06:30
      Time =     6.500 [min]
     dtCpl =  5.00E+00 [sec]
     Max/Min dt @ k:
        Max 2.63E+01 [sec] @ 58
        Min 1.38E-01 [sec] @ 160
     Flav : max Press/Den @ L,MLT; DPS-dst
        0: P =   0.00, D =9075.91 @  1.54 Rp,12.07 MLT; DPS:   0.00
        1: P =   0.32, D =   5.64 @  8.78 Rp,12.07 MLT; DPS:  -1.23
        2: P =   2.86, D =   0.26 @  3.94 Rp, 7.73 MLT; DPS:  -5.70
[0m [32m<Writing HDF5 DATA @ t =     6.417 [min] >[0m 
[32m<Writing RAIJU HDF5 DATA @ t =     6.500 [min] >[0m 
 [36m
 GAMERA
      Time =     6.501 [min]
        ts =     6241
        dt =  4.95E-02 [sec]
    dt/dt0 =   41.558%
    Spent     0.0% of time waiting for Voltron
      kZCs =   3577.24 /   1805.45 [MHD/TOT] (8 threads)
[0m       CPCP =   60.992  56.045 [kV, N/S]
 [34m
 VOLTRON
      UT   = 2001-06-01 23:06:30
      tilt =    0.000 [deg]
    Sym-H  =   -5.000 [nT]
    BSDst  ~   12.270 [nT]
           dSMRs  ~     2.16    0.06   -2.17   -0.06 [nT, 12/18/00/06]
   DPSDst  ~   -5.531 [nT]
   Spent    56.5% of time waiting for Gamera
             9.9% of time processing Chimp(Helpers)
             6.2% of time processing IMAG
            10.2% of time processing Remix
            17.0% of time processing Tubes(Helpers)
             0.0% of time writing files
    Running @   56.141% of real-time (8 threads)
[0m  [35m
 RAIJU
      UT   = 2001-06-01 23:06:35
      Time =     6.583 [min]
     dtCpl =  5.00E+00 [sec]
     Max/Min dt @ k:
        Max 2.65E+01 [sec] @ 58
        Min 1.38E-01 [sec] @ 160
     Flav : max Press/Den @ L,MLT; DPS-dst
        0: P =   0.00, D =9075.91 @  1.54 Rp,12.07 MLT; DPS:   0.00
        1: P =   0.32, D =   5.71 @  8.73 Rp,12.23 MLT; DPS:  -1.23
        2: P =   2.87, D =   0.27 @  3.94 Rp, 7.73 MLT; DPS:  -5.71
[0m [32m<Writing HDF5 DATA @ t =     6.501 [min] >[0m 
[32m<Writing RAIJU HDF5 DATA @ t =     6.583 [min] >[0m 
 [36m
 GAMERA
      Time =     6.583 [min]
        ts =     6344
        dt =  4.62E-02 [sec]
    dt/dt0 =   38.822%
    Spent     0.0% of time waiting for Voltron
      kZCs =   3578.19 /   1779.14 [MHD/TOT] (8 threads)
[0m       CPCP =   60.642  55.222 [kV, N/S]
 [34m
 VOLTRON
      UT   = 2001-06-01 23:06:35
      tilt =    0.000 [deg]
    Sym-H  =   -5.000 [nT]
    BSDst  ~   12.588 [nT]
           dSMRs  ~     2.13    0.06   -2.14   -0.05 [nT, 12/18/00/06]
   DPSDst  ~   -5.530 [nT]
   Spent    56.4% of time waiting for Gamera
            10.0% of time processing Chimp(Helpers)
             6.2% of time processing IMAG
            10.2% of time processing Remix
            17.1% of time processing Tubes(Helpers)
             0.0% of time writing files
    Running @   56.172% of real-time (8 threads)
[0m  [35m
 RAIJU
      UT   = 2001-06-01 23:06:40
      Time =     6.667 [min]
     dtCpl =  5.00E+00 [sec]
     Max/Min dt @ k:
        Max 2.72E+01 [sec] @ 58
        Min 1.38E-01 [sec] @ 160
     Flav : max Press/Den @ L,MLT; DPS-dst
        0: P =   0.00, D =9075.91 @  1.54 Rp,12.07 MLT; DPS:   0.00
        1: P =   0.33, D =   5.77 @  8.66 Rp,12.07 MLT; DPS:  -1.23
        2: P =   2.88, D =   0.27 @  3.94 Rp, 7.73 MLT; DPS:  -5.71
[0m [32m<Writing HDF5 DATA @ t =     6.583 [min] >[0m 
[32m<Writing RAIJU HDF5 DATA @ t =     6.667 [min] >[0m 
 [36m
 GAMERA
      Time =     6.667 [min]
        ts =     6458
        dt =  4.22E-02 [sec]
    dt/dt0 =   35.404%
    Spent     0.0% of time waiting for Voltron
      kZCs =   3579.87 /   1860.42 [MHD/TOT] (8 threads)
[0m       CPCP =   60.398  54.502 [kV, N/S]
 [34m
 VOLTRON
      UT   = 2001-06-01 23:06:40
      tilt =    0.000 [deg]
    Sym-H  =   -5.000 [nT]
    BSDst  ~   12.871 [nT]
           dSMRs  ~     2.10    0.10   -2.14   -0.06 [nT, 12/18/00/06]
   DPSDst  ~   -5.542 [nT]
   Spent    56.6% of time waiting for Gamera
             9.9% of time processing Chimp(Helpers)
             6.2% of time processing IMAG
            10.2% of time processing Remix
            17.0% of time processing Tubes(Helpers)
             0.0% of time writing files
    Running @   56.124% of real-time (8 threads)
[0m  [35m
 RAIJU
      UT   = 2001-06-01 23:06:45
      Time =     6.750 [min]
     dtCpl =  5.00E+00 [sec]
     Max/Min dt @ k:
        Max 2.78E+01 [sec] @ 58
        Min 1.38E-01 [sec] @ 160
     Flav : max Press/Den @ L,MLT; DPS-dst
        0: P =   0.00, D =9075.91 @  1.54 Rp,12.07 MLT; DPS:   0.00
        1: P =   0.34, D =   5.85 @  8.61 Rp,12.07 MLT; DPS:  -1.22
        2: P =   2.88, D =   0.27 @  3.94 Rp, 7.73 MLT; DPS:  -5.72
[0m [32m<Writing HDF5 DATA @ t =     6.667 [min] >[0m 
[32m<Writing RAIJU HDF5 DATA @ t =     6.750 [min] >[0m 
 [36m
 GAMERA
      Time =     6.750 [min]
        ts =     6560
        dt =  5.05E-02 [sec]
    dt/dt0 =   42.449%
    Spent     0.0% of time waiting for Voltron
      kZCs =   3579.37 /   1778.62 [MHD/TOT] (8 threads)
[0m       CPCP =   59.521  53.260 [kV, N/S]
 [34m
 VOLTRON
      UT   = 2001-06-01 23:06:45
      tilt =    0.000 [deg]
    Sym-H  =   -5.000 [nT]
    BSDst  ~   13.113 [nT]
           dSMRs  ~     2.08    0.12   -2.15   -0.05 [nT, 12/18/00/06]
   DPSDst  ~   -5.552 [nT]
   Spent    56.5% of time waiting for Gamera
             9.9% of time processing Chimp(Helpers)
             6.2% of time processing IMAG
            10.2% of time processing Remix
            17.0% of time processing Tubes(Helpers)
             0.0% of time writing files
    Running @   56.171% of real-time (8 threads)
[0m  [35m
 RAIJU
      UT   = 2001-06-01 23:06:50
      Time =     6.833 [min]
     dtCpl =  5.00E+00 [sec]
     Max/Min dt @ k:
        Max 2.73E+01 [sec] @ 58
        Min 1.38E-01 [sec] @ 160
     Flav : max Press/Den @ L,MLT; DPS-dst
        0: P =   0.00, D =9075.91 @  1.54 Rp,12.07 MLT; DPS:   0.00
        1: P =   0.34, D =   5.94 @  8.52 Rp,12.23 MLT; DPS:  -1.22
        2: P =   2.89, D =   0.27 @  3.94 Rp, 7.73 MLT; DPS:  -5.74
[0m [32m<Writing HDF5 DATA @ t =     6.750 [min] >[0m 
[32m<Writing RAIJU HDF5 DATA @ t =     6.833 [min] >[0m 
 [36m
 GAMERA
      Time =     6.833 [min]
        ts =     6651
        dt =  5.68E-02 [sec]
    dt/dt0 =   47.700%
    Spent     0.0% of time waiting for Voltron
      kZCs =   3579.89 /   1690.48 [MHD/TOT] (8 threads)
[0m       CPCP =   59.114  52.416 [kV, N/S]
 [34m
 VOLTRON
      UT   = 2001-06-01 23:06:50
      tilt =    0.000 [deg]
    Sym-H  =   -5.000 [nT]
    BSDst  ~   13.347 [nT]
           dSMRs  ~     2.06    0.12   -2.14   -0.04 [nT, 12/18/00/06]
   DPSDst  ~   -5.564 [nT]
   Spent    55.9% of time waiting for Gamera
            10.0% of time processing Chimp(Helpers)
             6.3% of time processing IMAG
            10.3% of time processing Remix
            17.3% of time processing Tubes(Helpers)
             0.0% of time writing files
    Running @   56.364% of real-time (8 threads)
[0m  [35m
 RAIJU
      UT   = 2001-06-01 23:06:55
      Time =     6.917 [min]
     dtCpl =  5.00E+00 [sec]
     Max/Min dt @ k:
        Max 2.71E+01 [sec] @ 58
        Min 1.38E-01 [sec] @ 160
     Flav : max Press/Den @ L,MLT; DPS-dst
        0: P =   0.00, D =9075.91 @  1.54 Rp,12.07 MLT; DPS:   0.00
        1: P =   0.35, D =   6.02 @  8.38 Rp,12.23 MLT; DPS:  -1.22
        2: P =   2.89, D =   0.27 @  3.94 Rp, 7.66 MLT; DPS:  -5.75
[0m [32m<Writing HDF5 DATA @ t =     6.833 [min] >[0m 
[32m<Writing RAIJU HDF5 DATA @ t =     6.917 [min] >[0m 
 [36m
 GAMERA
      Time =     6.917 [min]
        ts =     6741
        dt =  5.40E-02 [sec]
    dt/dt0 =   45.387%
    Spent     0.0% of time waiting for Voltron
      kZCs =   3577.87 /   1684.21 [MHD/TOT] (8 threads)
[0m       CPCP =   59.009  51.627 [kV, N/S]
 [34m
 VOLTRON
      UT   = 2001-06-01 23:06:55
      tilt =    0.000 [deg]
    Sym-H  =   -5.000 [nT]
    BSDst  ~   13.592 [nT]
           dSMRs  ~     2.04    0.11   -2.13   -0.03 [nT, 12/18/00/06]
   DPSDst  ~   -5.579 [nT]
   Spent    55.4% of time waiting for Gamera
            10.1% of time processing Chimp(Helpers)
             6.4% of time processing IMAG
            10.4% of time processing Remix
            17.5% of time processing Tubes(Helpers)
             0.0% of time writing files
    Running @   56.573% of real-time (8 threads)
[0m  [35m
 RAIJU
      UT   = 2001-06-01 23:06:59
      Time =     7.000 [min]
     dtCpl =  5.00E+00 [sec]
     Max/Min dt @ k:
        Max 2.66E+01 [sec] @ 58
        Min 1.38E-01 [sec] @ 160
     Flav : max Press/Den @ L,MLT; DPS-dst
        0: P =   0.00, D =9075.91 @  1.54 Rp,12.07 MLT; DPS:   0.00
        1: P =   0.36, D =   6.08 @  8.49 Rp,12.23 MLT; DPS:  -1.22
        2: P =   2.89, D =   0.27 @  3.94 Rp, 7.66 MLT; DPS:  -5.77
[0m [32m<Writing HDF5 DATA @ t =     6.917 [min] >[0m 
[32m<Writing RAIJU HDF5 DATA @ t =     7.000 [min] >[0m 
 [36m
 GAMERA
      Time =     7.001 [min]
        ts =     6841
        dt =  4.56E-02 [sec]
    dt/dt0 =   38.320%
    Spent     0.0% of time waiting for Voltron
      kZCs =   3578.59 /   1772.18 [MHD/TOT] (8 threads)
[0m       CPCP =   58.708  50.346 [kV, N/S]
 [34m
 VOLTRON
      UT   = 2001-06-01 23:07:00
      tilt =    0.000 [deg]
    Sym-H  =   -5.000 [nT]
    BSDst  ~   13.843 [nT]
           dSMRs  ~     2.07    0.11   -2.16   -0.02 [nT, 12/18/00/06]
   DPSDst  ~   -5.597 [nT]
   Spent    55.4% of time waiting for Gamera
            10.1% of time processing Chimp(Helpers)
             6.4% of time processing IMAG
            10.4% of time processing Remix
            17.5% of time processing Tubes(Helpers)
             0.0% of time writing files
    Running @   56.680% of real-time (8 threads)
[0m  [35m
 RAIJU
      UT   = 2001-06-01 23:07:05
      Time =     7.083 [min]
     dtCpl =  5.00E+00 [sec]
     Max/Min dt @ k:
        Max 2.67E+01 [sec] @ 58
        Min 1.38E-01 [sec] @ 160
     Flav : max Press/Den @ L,MLT; DPS-dst
        0: P =   0.00, D =9075.91 @  1.54 Rp,12.07 MLT; DPS:   0.00
        1: P =   0.36, D =   6.15 @  8.69 Rp,12.24 MLT; DPS:  -1.22
        2: P =   2.90, D =   0.27 @  3.94 Rp, 7.66 MLT; DPS:  -5.79
[0m [32m<Writing HDF5 DATA @ t =     7.001 [min] >[0m 
[32m<Writing RAIJU HDF5 DATA @ t =     7.083 [min] >[0m 
 [36m
 GAMERA
      Time =     7.084 [min]
        ts =     6971
        dt =  3.08E-02 [sec]
    dt/dt0 =   25.904%
    Spent     0.0% of time waiting for Voltron
      kZCs =   3580.97 /   1979.66 [MHD/TOT] (8 threads)
[0m       CPCP =   57.727  48.769 [kV, N/S]
 [34m
 VOLTRON
      UT   = 2001-06-01 23:07:05
      tilt =    0.000 [deg]
    Sym-H  =   -5.000 [nT]
    BSDst  ~   14.063 [nT]
           dSMRs  ~     2.09    0.10   -2.18   -0.01 [nT, 12/18/00/06]
   DPSDst  ~   -5.615 [nT]
   Spent    56.4% of time waiting for Gamera
             9.8% of time processing Chimp(Helpers)
             6.3% of time processing IMAG
            10.1% of time processing Remix
            17.2% of time processing Tubes(Helpers)
             0.0% of time writing files
    Running @   56.469% of real-time (8 threads)
[0m  [35m
 RAIJU
      UT   = 2001-06-01 23:07:10
      Time =     7.167 [min]
     dtCpl =  5.00E+00 [sec]
     Max/Min dt @ k:
        Max 2.68E+01 [sec] @ 58
        Min 1.38E-01 [sec] @ 160
     Flav : max Press/Den @ L,MLT; DPS-dst
        0: P =   0.00, D =9075.91 @  1.54 Rp,12.07 MLT; DPS:   0.00
        1: P =   0.37, D =   6.21 @  8.70 Rp,12.24 MLT; DPS:  -1.22
        2: P =   2.90, D =   0.27 @  3.94 Rp, 7.66 MLT; DPS:  -5.81
[0m [32m<Writing HDF5 DATA @ t =     7.084 [min] >[0m 
[32m<Writing RAIJU HDF5 DATA @ t =     7.167 [min] >[0m 
 [36m
 GAMERA
      Time =     7.167 [min]
        ts =     7137
        dt =  3.12E-02 [sec]
    dt/dt0 =   26.241%
    Spent     0.0% of time waiting for Voltron
      kZCs =   3579.76 /   2152.96 [MHD/TOT] (8 threads)
[0m       CPCP =   56.553  47.375 [kV, N/S]
 [34m
 VOLTRON
      UT   = 2001-06-01 23:07:10
      tilt =    0.000 [deg]
    Sym-H  =   -5.000 [nT]
    BSDst  ~   14.286 [nT]
           dSMRs  ~     2.09    0.09   -2.18    0.00 [nT, 12/18/00/06]
   DPSDst  ~   -5.606 [nT]
   Spent    58.1% of time waiting for Gamera
             9.4% of time processing Chimp(Helpers)
             6.1% of time processing IMAG
             9.7% of time processing Remix
            16.5% of time processing Tubes(Helpers)
             0.0% of time writing files
    Running @   56.045% of real-time (8 threads)
[0m  [35m
 RAIJU
      UT   = 2001-06-01 23:07:15
      Time =     7.250 [min]
     dtCpl =  5.00E+00 [sec]
     Max/Min dt @ k:
        Max 2.70E+01 [sec] @ 58
        Min 1.38E-01 [sec] @ 160
     Flav : max Press/Den @ L,MLT; DPS-dst
        0: P =   0.00, D =9075.91 @  1.54 Rp,12.07 MLT; DPS:   0.00
        1: P =   0.38, D =   6.27 @  8.37 Rp,12.24 MLT; DPS:  -1.21
        2: P =   2.91, D =   0.27 @  3.94 Rp, 7.66 MLT; DPS:  -5.79
[0m [32m<Writing HDF5 DATA @ t =     7.167 [min] >[0m 
[32m<Writing RAIJU HDF5 DATA @ t =     7.250 [min] >[0m 
 [36m
 GAMERA
      Time =     7.250 [min]
        ts =     7304
        dt =  2.94E-02 [sec]
    dt/dt0 =   24.666%
    Spent     0.0% of time waiting for Voltron
      kZCs =   3579.29 /   2155.53 [MHD/TOT] (8 threads)
[0m       CPCP =   55.580  46.298 [kV, N/S]
 [34m
 VOLTRON
      UT   = 2001-06-01 23:07:15
      tilt =    0.000 [deg]
    Sym-H  =   -5.000 [nT]
    BSDst  ~   14.591 [nT]
           dSMRs  ~     2.15    0.07   -2.21   -0.00 [nT, 12/18/00/06]
   DPSDst  ~   -5.614 [nT]
   Spent    59.6% of time waiting for Gamera
             9.1% of time processing Chimp(Helpers)
             5.9% of time processing IMAG
             9.4% of time processing Remix
            15.9% of time processing Tubes(Helpers)
             0.0% of time writing files
    Running @   55.550% of real-time (8 threads)
[0m  [35m
 RAIJU
      UT   = 2001-06-01 23:07:20
      Time =     7.333 [min]
     dtCpl =  5.00E+00 [sec]
     Max/Min dt @ k:
        Max 2.73E+01 [sec] @ 58
        Min 1.38E-01 [sec] @ 160
     Flav : max Press/Den @ L,MLT; DPS-dst
        0: P =   0.00, D =9075.91 @  1.54 Rp,12.07 MLT; DPS:   0.00
        1: P =   0.38, D =   6.32 @  8.38 Rp,12.24 MLT; DPS:  -1.21
        2: P =   2.91, D =   0.27 @  3.94 Rp, 7.66 MLT; DPS:  -5.80
[0m [32m<Writing HDF5 DATA @ t =     7.250 [min] >[0m 
[32m<Writing RAIJU HDF5 DATA @ t =     7.333 [min] >[0m 
 [36m
 GAMERA
      Time =     7.334 [min]
        ts =     7472
        dt =  3.07E-02 [sec]
    dt/dt0 =   25.808%
    Spent     0.0% of time waiting for Voltron
      kZCs =   3580.53 /   2162.53 [MHD/TOT] (8 threads)
[0m       CPCP =   54.448  45.160 [kV, N/S]
 [34m
 VOLTRON
      UT   = 2001-06-01 23:07:20
      tilt =    0.000 [deg]
    Sym-H  =   -5.000 [nT]
    BSDst  ~   14.942 [nT]
           dSMRs  ~     2.22    0.05   -2.25   -0.02 [nT, 12/18/00/06]
   DPSDst  ~   -5.620 [nT]
   Spent    60.9% of time waiting for Gamera
             8.8% of time processing Chimp(Helpers)
             5.7% of time processing IMAG
             9.0% of time processing Remix
            15.4% of time processing Tubes(Helpers)
             0.0% of time writing files
    Running @   55.145% of real-time (8 threads)
[0m  [35m
 RAIJU
      UT   = 2001-06-01 23:07:25
      Time =     7.417 [min]
     dtCpl =  5.00E+00 [sec]
     Max/Min dt @ k:
        Max 2.76E+01 [sec] @ 58
        Min 1.38E-01 [sec] @ 160
     Flav : max Press/Den @ L,MLT; DPS-dst
        0: P =   0.00, D =9075.91 @  1.54 Rp,12.07 MLT; DPS:   0.00
        1: P =   0.38, D =   6.35 @  8.33 Rp,12.24 MLT; DPS:  -1.21
        2: P =   2.92, D =   0.27 @  3.94 Rp, 7.66 MLT; DPS:  -5.82
[0m [32m<Writing HDF5 DATA @ t =     7.334 [min] >[0m 
[32m<Writing RAIJU HDF5 DATA @ t =     7.417 [min] >[0m 
 [36m
 GAMERA
      Time =     7.417 [min]
        ts =     7639
        dt =  2.96E-02 [sec]
    dt/dt0 =   24.864%
    Spent     0.0% of time waiting for Voltron
      kZCs =   3579.60 /   2158.23 [MHD/TOT] (8 threads)
[0m       CPCP =   53.020  43.844 [kV, N/S]
 [34m
 VOLTRON
      UT   = 2001-06-01 23:07:25
      tilt =    0.000 [deg]
    Sym-H  =   -5.000 [nT]
    BSDst  ~   15.280 [nT]
           dSMRs  ~     2.26    0.03   -2.27   -0.02 [nT, 12/18/00/06]
   DPSDst  ~   -5.631 [nT]
   Spent    61.9% of time waiting for Gamera
             8.5% of time processing Chimp(Helpers)
             5.6% of time processing IMAG
             8.7% of time processing Remix
            15.0% of time processing Tubes(Helpers)
             0.0% of time writing files
    Running @   54.752% of real-time (8 threads)
[0m  [35m
 RAIJU
      UT   = 2001-06-01 23:07:30
      Time =     7.500 [min]
     dtCpl =  5.00E+00 [sec]
     Max/Min dt @ k:
        Max 2.81E+01 [sec] @ 58
        Min 1.38E-01 [sec] @ 160
     Flav : max Press/Den @ L,MLT; DPS-dst
        0: P =   0.00, D =9075.91 @  1.54 Rp,12.07 MLT; DPS:   0.00
        1: P =   0.39, D =   6.38 @  8.36 Rp,12.24 MLT; DPS:  -1.21
        2: P =   2.93, D =   0.27 @  3.94 Rp, 7.53 MLT; DPS:  -5.83
[0m [32m<Writing HDF5 DATA @ t =     7.417 [min] >[0m 
[32m<Writing RAIJU HDF5 DATA @ t =     7.500 [min] >[0m 
 [36m
 GAMERA
      Time =     7.500 [min]
        ts =     7807
        dt =  3.04E-02 [sec]
    dt/dt0 =   25.506%
    Spent     0.0% of time waiting for Voltron
      kZCs =   3579.70 /   2162.72 [MHD/TOT] (8 threads)
[0m       CPCP =   51.770  42.781 [kV, N/S]
 [34m
 VOLTRON
      UT   = 2001-06-01 23:07:30
      tilt =    0.000 [deg]
    Sym-H  =   -5.000 [nT]
    BSDst  ~   15.671 [nT]
           dSMRs  ~     2.34    0.02   -2.34   -0.02 [nT, 12/18/00/06]
   DPSDst  ~   -5.638 [nT]
   Spent    62.9% of time waiting for Gamera
             8.3% of time processing Chimp(Helpers)
             5.5% of time processing IMAG
             8.5% of time processing Remix
            14.7% of time processing Tubes(Helpers)
             0.0% of time writing files
    Running @   54.375% of real-time (8 threads)
[0m  [35m
 RAIJU
      UT   = 2001-06-01 23:07:35
      Time =     7.583 [min]
     dtCpl =  5.00E+00 [sec]
     Max/Min dt @ k:
        Max 2.85E+01 [sec] @ 58
        Min 1.38E-01 [sec] @ 160
     Flav : max Press/Den @ L,MLT; DPS-dst
        0: P =   0.00, D =9075.91 @  1.54 Rp,12.07 MLT; DPS:   0.00
        1: P =   0.39, D =   6.39 @  8.37 Rp,12.24 MLT; DPS:  -1.20
        2: P =   2.93, D =   0.27 @  3.94 Rp, 7.53 MLT; DPS:  -5.84
[0m [32m<Writing HDF5 DATA @ t =     7.500 [min] >[0m 
[32m<Writing RAIJU HDF5 DATA @ t =     7.583 [min] >[0m 
 [36m
 GAMERA
      Time =     7.583 [min]
        ts =     7975
        dt =  2.93E-02 [sec]
    dt/dt0 =   24.646%
    Spent     0.0% of time waiting for Voltron
      kZCs =   3581.36 /   2163.11 [MHD/TOT] (8 threads)
[0m       CPCP =   50.085  41.858 [kV, N/S]
 [34m
 VOLTRON
      UT   = 2001-06-01 23:07:35
      tilt =    0.000 [deg]
    Sym-H  =   -5.000 [nT]
    BSDst  ~   16.143 [nT]
           dSMRs  ~     2.44    0.02   -2.42   -0.04 [nT, 12/18/00/06]
   DPSDst  ~   -5.657 [nT]
   Spent    63.7% of time waiting for Gamera
             8.1% of time processing Chimp(Helpers)
             5.4% of time processing IMAG
             8.3% of time processing Remix
            14.4% of time processing Tubes(Helpers)
             0.0% of time writing files
    Running @   54.006% of real-time (8 threads)
[0m  [35m
 RAIJU
      UT   = 2001-06-01 23:07:40
      Time =     7.667 [min]
     dtCpl =  5.00E+00 [sec]
     Max/Min dt @ k:
        Max 2.87E+01 [sec] @ 58
        Min 1.38E-01 [sec] @ 160
     Flav : max Press/Den @ L,MLT; DPS-dst
        0: P =   0.00, D =9075.91 @  1.54 Rp,12.07 MLT; DPS:   0.00
        1: P =   0.39, D =   6.40 @  8.42 Rp,12.24 MLT; DPS:  -1.20
        2: P =   2.94, D =   0.27 @  3.93 Rp, 7.66 MLT; DPS:  -5.86
[0m [32m<Writing HDF5 DATA @ t =     7.583 [min] >[0m 
[32m<Writing RAIJU HDF5 DATA @ t =     7.667 [min] >[0m 
 [36m
 GAMERA
      Time =     7.667 [min]
        ts =     8044
        dt =  8.71E-02 [sec]
    dt/dt0 =   73.177%
    Spent     0.0% of time waiting for Voltron
      kZCs =   3579.91 /   1492.10 [MHD/TOT] (8 threads)
[0m       CPCP =   48.477  41.092 [kV, N/S]
 [34m
 VOLTRON
      UT   = 2001-06-01 23:07:40
      tilt =    0.000 [deg]
    Sym-H  =   -5.000 [nT]
    BSDst  ~   16.544 [nT]
           dSMRs  ~     2.45    0.02   -2.41   -0.05 [nT, 12/18/00/06]
   DPSDst  ~   -5.663 [nT]
   Spent    61.0% of time waiting for Gamera
             8.7% of time processing Chimp(Helpers)
             5.8% of time processing IMAG
             8.8% of time processing Remix
            15.5% of time processing Tubes(Helpers)
             0.0% of time writing files
    Running @   54.617% of real-time (8 threads)
[0m  [35m
 RAIJU
      UT   = 2001-06-01 23:07:45
      Time =     7.750 [min]
     dtCpl =  5.00E+00 [sec]
     Max/Min dt @ k:
        Max 2.89E+01 [sec] @ 58
        Min 1.38E-01 [sec] @ 160
     Flav : max Press/Den @ L,MLT; DPS-dst
        0: P =   0.00, D =9075.91 @  1.54 Rp,12.07 MLT; DPS:   0.00
        1: P =   0.39, D =   6.39 @  8.44 Rp,12.24 MLT; DPS:  -1.20
        2: P =   2.95, D =   0.27 @  3.93 Rp, 7.53 MLT; DPS:  -5.86
[0m [32m<Writing HDF5 DATA @ t =     7.667 [min] >[0m 
[32m<Writing RAIJU HDF5 DATA @ t =     7.750 [min] >[0m 
 [36m
 GAMERA
      Time =     7.750 [min]
        ts =     8101
        dt =  8.70E-02 [sec]
    dt/dt0 =   73.110%
    Spent     0.0% of time waiting for Voltron
      kZCs =   3582.23 /   1338.50 [MHD/TOT] (8 threads)
[0m       CPCP =   46.912  40.368 [kV, N/S]
 [34m
 VOLTRON
      UT   = 2001-06-01 23:07:45
      tilt =    0.000 [deg]
    Sym-H  =   -5.000 [nT]
    BSDst  ~   16.791 [nT]
           dSMRs  ~     2.35    0.04   -2.36   -0.04 [nT, 12/18/00/06]
   DPSDst  ~   -5.666 [nT]
   Spent    58.1% of time waiting for Gamera
             9.4% of time processing Chimp(Helpers)
             6.2% of time processing IMAG
             9.4% of time processing Remix
            16.8% of time processing Tubes(Helpers)
             0.0% of time writing files
    Running @   55.377% of real-time (8 threads)
[0m  [35m
 RAIJU
      UT   = 2001-06-01 23:07:50
      Time =     7.833 [min]
     dtCpl =  5.00E+00 [sec]
     Max/Min dt @ k:
        Max 2.92E+01 [sec] @ 58
        Min 1.38E-01 [sec] @ 160
     Flav : max Press/Den @ L,MLT; DPS-dst
        0: P =   0.00, D =9075.91 @  1.54 Rp,12.07 MLT; DPS:   0.00
        1: P =   0.38, D =   6.38 @  8.42 Rp,12.24 MLT; DPS:  -1.20
        2: P =   2.95, D =   0.27 @  3.93 Rp, 7.53 MLT; DPS:  -5.87
[0m [32m<Writing HDF5 DATA @ t =     7.750 [min] >[0m 
[32m<Writing RAIJU HDF5 DATA @ t =     7.833 [min] >[0m 
 [36m
 GAMERA
      Time =     7.834 [min]
        ts =     8159
        dt =  8.69E-02 [sec]
    dt/dt0 =   72.995%
    Spent     0.0% of time waiting for Voltron
      kZCs =   3582.33 /   1355.17 [MHD/TOT] (8 threads)
[0m       CPCP =   45.292  39.627 [kV, N/S]
 [34m
 VOLTRON
      UT   = 2001-06-01 23:07:50
      tilt =    0.000 [deg]
    Sym-H  =   -5.000 [nT]
    BSDst  ~   16.933 [nT]
           dSMRs  ~     2.23    0.06   -2.28   -0.01 [nT, 12/18/00/06]
   DPSDst  ~   -5.663 [nT]
   Spent    55.7% of time waiting for Gamera
             9.9% of time processing Chimp(Helpers)
             6.6% of time processing IMAG
             9.9% of time processing Remix
            17.8% of time processing Tubes(Helpers)
             0.0% of time writing files
    Running @   56.135% of real-time (8 threads)
[0m  [35m
 RAIJU
      UT   = 2001-06-01 23:07:55
      Time =     7.917 [min]
     dtCpl =  5.00E+00 [sec]
     Max/Min dt @ k:
        Max 2.96E+01 [sec] @ 58
        Min 1.38E-01 [sec] @ 160
     Flav : max Press/Den @ L,MLT; DPS-dst
        0: P =   0.00, D =9075.91 @  1.54 Rp,12.07 MLT; DPS:   0.00
        1: P =   0.39, D =   6.44 @  8.63 Rp,13.17 MLT; DPS:  -1.19
        2: P =   2.95, D =   0.27 @  3.93 Rp, 7.46 MLT; DPS:  -5.87
[0m [32m<Writing HDF5 DATA @ t =     7.834 [min] >[0m 
[32m<Writing RAIJU HDF5 DATA @ t =     7.917 [min] >[0m 
 [36m
 GAMERA
      Time =     7.917 [min]
        ts =     8216
        dt =  8.67E-02 [sec]
    dt/dt0 =   72.854%
    Spent     0.0% of time waiting for Voltron
      kZCs =   3583.00 /   1347.69 [MHD/TOT] (8 threads)
[0m       CPCP =   43.937  38.735 [kV, N/S]
 [34m
 VOLTRON
      UT   = 2001-06-01 23:07:55
      tilt =    0.000 [deg]
    Sym-H  =   -5.000 [nT]
    BSDst  ~   17.104 [nT]
           dSMRs  ~     2.18    0.07   -2.24   -0.01 [nT, 12/18/00/06]
   DPSDst  ~   -5.659 [nT]
   Spent    53.6% of time waiting for Gamera
            10.3% of time processing Chimp(Helpers)
             7.0% of time processing IMAG
            10.2% of time processing Remix
            18.7% of time processing Tubes(Helpers)
             0.0% of time writing files
    Running @   56.844% of real-time (8 threads)
[0m  [35m
 RAIJU
      UT   = 2001-06-01 23:07:59
      Time =     8.000 [min]
     dtCpl =  5.00E+00 [sec]
     Max/Min dt @ k:
        Max 3.01E+01 [sec] @ 58
        Min 1.38E-01 [sec] @ 160
     Flav : max Press/Den @ L,MLT; DPS-dst
        0: P =   0.00, D =9075.91 @  1.54 Rp,12.07 MLT; DPS:   0.00
        1: P =   0.39, D =   6.45 @  8.54 Rp,13.17 MLT; DPS:  -1.19
        2: P =   2.96, D =   0.27 @  3.93 Rp, 7.46 MLT; DPS:  -5.87
[0m [32m<Writing HDF5 DATA @ t =     7.917 [min] >[0m 
[32m<Writing RAIJU HDF5 DATA @ t =     8.000 [min] >[0m 
 [36m
 GAMERA
      Time =     8.000 [min]
        ts =     8274
        dt =  8.66E-02 [sec]
    dt/dt0 =   72.766%
    Spent     0.0% of time waiting for Voltron
      kZCs =   3582.48 /   1360.08 [MHD/TOT] (8 threads)
[0m       CPCP =   42.606  37.811 [kV, N/S]
 [34m
 VOLTRON
      UT   = 2001-06-01 23:08:00
      tilt =    0.000 [deg]
    Sym-H  =   -5.000 [nT]
    BSDst  ~   17.306 [nT]
           dSMRs  ~     2.17    0.07   -2.22   -0.01 [nT, 12/18/00/06]
   DPSDst  ~   -5.663 [nT]
   Spent    51.9% of time waiting for Gamera
            10.7% of time processing Chimp(Helpers)
             7.2% of time processing IMAG
            10.5% of time processing Remix
            19.5% of time processing Tubes(Helpers)
             0.0% of time writing files
    Running @   57.561% of real-time (8 threads)
[0m  [35m
 RAIJU
      UT   = 2001-06-01 23:08:05
      Time =     8.083 [min]
     dtCpl =  5.00E+00 [sec]
     Max/Min dt @ k:
        Max 3.09E+01 [sec] @ 58
        Min 1.38E-01 [sec] @ 160
     Flav : max Press/Den @ L,MLT; DPS-dst
        0: P =   0.00, D =9075.91 @  1.54 Rp,12.07 MLT; DPS:   0.00
        1: P =   0.39, D =   6.46 @  8.39 Rp,13.15 MLT; DPS:  -1.18
        2: P =   2.96, D =   0.27 @  3.93 Rp, 7.46 MLT; DPS:  -5.88
[0m [32m<Writing HDF5 DATA @ t =     8.000 [min] >[0m 
[32m<Writing RAIJU HDF5 DATA @ t =     8.083 [min] >[0m 
 [36m
 GAMERA
      Time =     8.084 [min]
        ts =     8332
        dt =  8.66E-02 [sec]
    dt/dt0 =   72.704%
    Spent     0.0% of time waiting for Voltron
      kZCs =   3584.28 /   1358.29 [MHD/TOT] (8 threads)
[0m       CPCP =   41.129  36.817 [kV, N/S]
 [34m
 VOLTRON
      UT   = 2001-06-01 23:08:05
      tilt =    0.000 [deg]
    Sym-H  =   -5.000 [nT]
    BSDst  ~   17.450 [nT]
           dSMRs  ~     2.08    0.09   -2.17    0.00 [nT, 12/18/00/06]
   DPSDst  ~   -5.583 [nT]
   Spent    50.4% of time waiting for Gamera
            11.0% of time processing Chimp(Helpers)
             7.5% of time processing IMAG
            10.8% of time processing Remix
            20.1% of time processing Tubes(Helpers)
             0.0% of time writing files
    Running @   58.007% of real-time (8 threads)
[0m  [35m
 RAIJU
      UT   = 2001-06-01 23:08:10
      Time =     8.167 [min]
     dtCpl =  5.00E+00 [sec]
     Max/Min dt @ k:
        Max 3.16E+01 [sec] @ 58
        Min 1.38E-01 [sec] @ 160
     Flav : max Press/Den @ L,MLT; DPS-dst
        0: P =   0.00, D =9075.91 @  1.54 Rp,12.07 MLT; DPS:   0.00
        1: P =   0.39, D =   6.48 @  8.42 Rp,13.15 MLT; DPS:  -1.11
        2: P =   2.96, D =   0.27 @  3.93 Rp, 7.46 MLT; DPS:  -5.71
[0m [32m<Writing HDF5 DATA @ t =     8.084 [min] >[0m 
[32m<Writing RAIJU HDF5 DATA @ t =     8.167 [min] >[0m 
 [36m
 GAMERA
      Time =     8.168 [min]
        ts =     8390
        dt =  8.65E-02 [sec]
    dt/dt0 =   72.639%
    Spent     0.0% of time waiting for Voltron
      kZCs =   3583.68 /   1367.10 [MHD/TOT] (8 threads)
[0m       CPCP =   39.643  35.808 [kV, N/S]
 [34m
 VOLTRON
      UT   = 2001-06-01 23:08:10
      tilt =    0.000 [deg]
    Sym-H  =   -5.000 [nT]
    BSDst  ~   17.510 [nT]
           dSMRs  ~     1.91    0.11   -2.06    0.04 [nT, 12/18/00/06]
   DPSDst  ~   -5.533 [nT]
   Spent    49.2% of time waiting for Gamera
            11.2% of time processing Chimp(Helpers)
             7.7% of time processing IMAG
            11.0% of time processing Remix
            20.7% of time processing Tubes(Helpers)
             0.0% of time writing files
    Running @   58.682% of real-time (8 threads)
[0m  [35m
 RAIJU
      UT   = 2001-06-01 23:08:15
      Time =     8.250 [min]
     dtCpl =  5.00E+00 [sec]
     Max/Min dt @ k:
        Max 3.23E+01 [sec] @ 58
        Min 1.38E-01 [sec] @ 160
     Flav : max Press/Den @ L,MLT; DPS-dst
        0: P =   0.00, D =9075.91 @  1.54 Rp,12.07 MLT; DPS:   0.00
        1: P =   0.39, D =   6.49 @  8.36 Rp,13.14 MLT; DPS:  -1.09
        2: P =   2.97, D =   0.27 @  3.93 Rp, 7.46 MLT; DPS:  -5.67
[0m [32m<Writing HDF5 DATA @ t =     8.168 [min] >[0m 
[32m<Writing RAIJU HDF5 DATA @ t =     8.250 [min] >[0m 
 [36m
 GAMERA
      Time =     8.251 [min]
        ts =     8448
        dt =  8.64E-02 [sec]
    dt/dt0 =   72.589%
    Spent     0.0% of time waiting for Voltron
      kZCs =   3582.48 /   1354.93 [MHD/TOT] (8 threads)
[0m       CPCP =   37.988  34.790 [kV, N/S]
 [34m
 VOLTRON
      UT   = 2001-06-01 23:08:15
      tilt =    0.000 [deg]
    Sym-H  =   -5.000 [nT]
    BSDst  ~   17.509 [nT]
           dSMRs  ~     1.74    0.13   -1.94    0.07 [nT, 12/18/00/06]
   DPSDst  ~   -5.507 [nT]
   Spent    48.1% of time waiting for Gamera
            11.4% of time processing Chimp(Helpers)
             7.8% of time processing IMAG
            11.3% of time processing Remix
            21.1% of time processing Tubes(Helpers)
             0.0% of time writing files
    Running @   59.323% of real-time (8 threads)
[0m  [35m
 RAIJU
      UT   = 2001-06-01 23:08:20
      Time =     8.333 [min]
     dtCpl =  5.00E+00 [sec]
     Max/Min dt @ k:
        Max 3.27E+01 [sec] @ 57
        Min 1.38E-01 [sec] @ 160
     Flav : max Press/Den @ L,MLT; DPS-dst
        0: P =   0.00, D =9075.91 @  1.54 Rp,12.07 MLT; DPS:   0.00
        1: P =   0.39, D =   6.49 @  8.40 Rp,13.14 MLT; DPS:  -1.08
        2: P =   2.97, D =   0.27 @  3.93 Rp, 7.46 MLT; DPS:  -5.64
[0m [32m<Writing HDF5 DATA @ t =     8.251 [min] >[0m 
[32m<Writing RAIJU HDF5 DATA @ t =     8.333 [min] >[0m 
 [36m
 GAMERA
      Time =     8.333 [min]
        ts =     8505
        dt =  8.64E-02 [sec]
    dt/dt0 =   72.540%
    Spent     0.0% of time waiting for Voltron
      kZCs =   3585.29 /   1339.61 [MHD/TOT] (8 threads)
[0m       CPCP =   36.379  33.523 [kV, N/S]
 [34m
 VOLTRON
      UT   = 2001-06-01 23:08:20
      tilt =    0.000 [deg]
    Sym-H  =   -5.000 [nT]
    BSDst  ~   17.515 [nT]
           dSMRs  ~     1.61    0.13   -1.83    0.09 [nT, 12/18/00/06]
   DPSDst  ~   -5.493 [nT]
   Spent    47.2% of time waiting for Gamera
            11.6% of time processing Chimp(Helpers)
             8.0% of time processing IMAG
            11.6% of time processing Remix
            21.5% of time processing Tubes(Helpers)
             0.0% of time writing files
    Running @   59.888% of real-time (8 threads)
[0m  [35m
 RAIJU
      UT   = 2001-06-01 23:08:25
      Time =     8.417 [min]
     dtCpl =  5.00E+00 [sec]
     Max/Min dt @ k:
        Max 3.31E+01 [sec] @ 57
        Min 1.38E-01 [sec] @ 160
     Flav : max Press/Den @ L,MLT; DPS-dst
        0: P =   0.00, D =9075.91 @  1.54 Rp,12.07 MLT; DPS:   0.00
        1: P =   0.39, D =   6.49 @  8.39 Rp,13.13 MLT; DPS:  -1.08
        2: P =   2.97, D =   0.27 @  3.93 Rp, 7.20 MLT; DPS:  -5.63
[0m [32m<Writing HDF5 DATA @ t =     8.333 [min] >[0m 
[32m<Writing RAIJU HDF5 DATA @ t =     8.417 [min] >[0m 
 [36m
 GAMERA
      Time =     8.417 [min]
        ts =     8563
        dt =  8.63E-02 [sec]
    dt/dt0 =   72.516%
    Spent     0.0% of time waiting for Voltron
      kZCs =   3586.53 /   1353.64 [MHD/TOT] (8 threads)
[0m       CPCP =   34.904  32.219 [kV, N/S]
 [34m
 VOLTRON
      UT   = 2001-06-01 23:08:25
      tilt =    0.000 [deg]
    Sym-H  =   -5.000 [nT]
    BSDst  ~   17.543 [nT]
           dSMRs  ~     1.50    0.13   -1.73    0.11 [nT, 12/18/00/06]
   DPSDst  ~   -5.487 [nT]
   Spent    46.4% of time waiting for Gamera
            11.7% of time processing Chimp(Helpers)
             8.1% of time processing IMAG
            11.8% of time processing Remix
            21.8% of time processing Tubes(Helpers)
             0.0% of time writing files
    Running @   60.347% of real-time (8 threads)
[0m  [35m
 RAIJU
      UT   = 2001-06-01 23:08:30
      Time =     8.500 [min]
     dtCpl =  5.00E+00 [sec]
     Max/Min dt @ k:
        Max 3.39E+01 [sec] @ 57
        Min 1.38E-01 [sec] @ 160
     Flav : max Press/Den @ L,MLT; DPS-dst
        0: P =   0.00, D =9075.91 @  1.54 Rp,12.07 MLT; DPS:   0.00
        1: P =   0.39, D =   6.47 @  8.38 Rp,13.13 MLT; DPS:  -1.07
        2: P =   2.97, D =   0.27 @  3.93 Rp, 7.20 MLT; DPS:  -5.63
[0m [32m<Writing HDF5 DATA @ t =     8.417 [min] >[0m 
[32m<Writing RAIJU HDF5 DATA @ t =     8.500 [min] >[0m 
 [36m
 GAMERA
      Time =     8.500 [min]
        ts =     8621
        dt =  8.63E-02 [sec]
    dt/dt0 =   72.473%
    Spent     0.0% of time waiting for Voltron
      kZCs =   3582.03 /   1351.33 [MHD/TOT] (8 threads)
[0m       CPCP =   32.865  30.758 [kV, N/S]
 [34m
 VOLTRON
      UT   = 2001-06-01 23:08:30
      tilt =    0.000 [deg]
    Sym-H  =   -5.000 [nT]
    BSDst  ~   17.578 [nT]
           dSMRs  ~     1.39    0.13   -1.65    0.12 [nT, 12/18/00/06]
   DPSDst  ~   -5.464 [nT]
   Spent    45.8% of time waiting for Gamera
            11.8% of time processing Chimp(Helpers)
             8.2% of time processing IMAG
            12.0% of time processing Remix
            22.1% of time processing Tubes(Helpers)
             0.0% of time writing files
    Running @   60.740% of real-time (8 threads)
[0m  [35m
 RAIJU
      UT   = 2001-06-01 23:08:35
      Time =     8.583 [min]
     dtCpl =  5.00E+00 [sec]
     Max/Min dt @ k:
        Max 3.47E+01 [sec] @ 57
        Min 1.38E-01 [sec] @ 160
     Flav : max Press/Den @ L,MLT; DPS-dst
        0: P =   0.00, D =9075.91 @  1.54 Rp,12.07 MLT; DPS:   0.00
        1: P =   0.38, D =   6.46 @  8.37 Rp,13.12 MLT; DPS:  -1.06
        2: P =   2.96, D =   0.27 @  3.93 Rp, 7.20 MLT; DPS:  -5.61
[0m [32m<Writing HDF5 DATA @ t =     8.500 [min] >[0m 
[32m<Writing RAIJU HDF5 DATA @ t =     8.583 [min] >[0m 
 [36m
 GAMERA
      Time =     8.584 [min]
        ts =     8679
        dt =  8.62E-02 [sec]
    dt/dt0 =   72.415%
    Spent     0.0% of time waiting for Voltron
      kZCs =   3582.93 /   1353.90 [MHD/TOT] (8 threads)
[0m       CPCP =   30.779  29.689 [kV, N/S]
 [34m
 VOLTRON
      UT   = 2001-06-01 23:08:35
      tilt =    0.000 [deg]
    Sym-H  =   -5.000 [nT]
    BSDst  ~   17.656 [nT]
           dSMRs  ~     1.30    0.13   -1.56    0.12 [nT, 12/18/00/06]
   DPSDst  ~   -5.456 [nT]
   Spent    45.2% of time waiting for Gamera
            11.8% of time processing Chimp(Helpers)
             8.3% of time processing IMAG
            12.2% of time processing Remix
            22.3% of time processing Tubes(Helpers)
             0.0% of time writing files
    Running @   61.302% of real-time (8 threads)
[0m  [35m
 RAIJU
      UT   = 2001-06-01 23:08:40
      Time =     8.667 [min]
     dtCpl =  5.00E+00 [sec]
     Max/Min dt @ k:
        Max 3.57E+01 [sec] @ 57
        Min 1.38E-01 [sec] @ 160
     Flav : max Press/Den @ L,MLT; DPS-dst
        0: P =   0.00, D =9075.91 @  1.54 Rp,12.07 MLT; DPS:   0.00
        1: P =   0.38, D =   6.44 @  8.40 Rp,13.12 MLT; DPS:  -1.06
        2: P =   2.96, D =   0.27 @  3.93 Rp, 7.20 MLT; DPS:  -5.61
[0m [32m<Writing HDF5 DATA @ t =     8.584 [min] >[0m 
[32m<Writing RAIJU HDF5 DATA @ t =     8.667 [min] >[0m 
 [36m
 GAMERA
      Time =     8.667 [min]
        ts =     8737
        dt =  8.61E-02 [sec]
    dt/dt0 =   72.355%
    Spent     0.0% of time waiting for Voltron
      kZCs =   3585.78 /   1351.72 [MHD/TOT] (8 threads)
[0m       CPCP =   29.299  30.151 [kV, N/S]
 [34m
 VOLTRON
      UT   = 2001-06-01 23:08:40
      tilt =    0.000 [deg]
    Sym-H  =   -5.000 [nT]
    BSDst  ~   17.814 [nT]
           dSMRs  ~     1.26    0.12   -1.48    0.11 [nT, 12/18/00/06]
   DPSDst  ~   -5.453 [nT]
   Spent    44.7% of time waiting for Gamera
            11.9% of time processing Chimp(Helpers)
             8.3% of time processing IMAG
            12.3% of time processing Remix
            22.5% of time processing Tubes(Helpers)
             0.0% of time writing files
    Running @   61.841% of real-time (8 threads)
[0m  [35m
 RAIJU
      UT   = 2001-06-01 23:08:45
      Time =     8.750 [min]
     dtCpl =  5.00E+00 [sec]
     Max/Min dt @ k:
        Max 3.68E+01 [sec] @ 57
        Min 1.38E-01 [sec] @ 160
     Flav : max Press/Den @ L,MLT; DPS-dst
        0: P =   0.00, D =9075.91 @  1.54 Rp,12.07 MLT; DPS:   0.00
        1: P =   0.38, D =   6.42 @  8.41 Rp,13.11 MLT; DPS:  -1.05
        2: P =   2.96, D =   0.27 @  3.93 Rp, 7.20 MLT; DPS:  -5.61
[0m [32m<Writing HDF5 DATA @ t =     8.667 [min] >[0m 
[32m<Writing RAIJU HDF5 DATA @ t =     8.750 [min] >[0m 
 [36m
 GAMERA
      Time =     8.750 [min]
        ts =     8795
        dt =  8.61E-02 [sec]
    dt/dt0 =   72.294%
    Spent     0.0% of time waiting for Voltron
      kZCs =   3583.83 /   1348.63 [MHD/TOT] (8 threads)
[0m       CPCP =   28.436  30.650 [kV, N/S]
 [34m
 VOLTRON
      UT   = 2001-06-01 23:08:45
      tilt =    0.000 [deg]
    Sym-H  =   -5.000 [nT]
    BSDst  ~   18.052 [nT]
           dSMRs  ~     1.25    0.09   -1.43    0.09 [nT, 12/18/00/06]
   DPSDst  ~   -5.423 [nT]
   Spent    44.3% of time waiting for Gamera
            12.0% of time processing Chimp(Helpers)
             8.4% of time processing IMAG
            12.5% of time processing Remix
            22.6% of time processing Tubes(Helpers)
             0.0% of time writing files
    Running @   62.354% of real-time (8 threads)
[0m  [35m
 RAIJU
      UT   = 2001-06-01 23:08:50
      Time =     8.833 [min]
     dtCpl =  5.00E+00 [sec]
     Max/Min dt @ k:
        Max 3.80E+01 [sec] @ 57
        Min 1.38E-01 [sec] @ 160
     Flav : max Press/Den @ L,MLT; DPS-dst
        0: P =   0.00, D =9075.91 @  1.54 Rp,12.07 MLT; DPS:   0.00
        1: P =   0.38, D =   6.40 @  8.39 Rp,13.11 MLT; DPS:  -1.04
        2: P =   2.96, D =   0.27 @  3.93 Rp, 7.13 MLT; DPS:  -5.59
[0m [32m<Writing HDF5 DATA @ t =     8.750 [min] >[0m 
[32m<Writing RAIJU HDF5 DATA @ t =     8.833 [min] >[0m 
 [36m
 GAMERA
      Time =     8.833 [min]
        ts =     8853
        dt =  8.60E-02 [sec]
    dt/dt0 =   72.231%
    Spent     0.0% of time waiting for Voltron
      kZCs =   3586.08 /   1351.63 [MHD/TOT] (8 threads)
[0m       CPCP =   28.502  30.939 [kV, N/S]
 [34m
 VOLTRON
      UT   = 2001-06-01 23:08:50
      tilt =    0.000 [deg]
    Sym-H  =   -5.000 [nT]
    BSDst  ~   18.318 [nT]
           dSMRs  ~     1.25    0.07   -1.40    0.08 [nT, 12/18/00/06]
   DPSDst  ~   -5.419 [nT]
   Spent    44.0% of time waiting for Gamera
            12.0% of time processing Chimp(Helpers)
             8.4% of time processing IMAG
            12.6% of time processing Remix
            22.8% of time processing Tubes(Helpers)
             0.0% of time writing files
    Running @   62.849% of real-time (8 threads)
[0m  [35m
 RAIJU
      UT   = 2001-06-01 23:08:55
      Time =     8.917 [min]
     dtCpl =  5.00E+00 [sec]
     Max/Min dt @ k:
        Max 3.89E+01 [sec] @ 57
        Min 1.38E-01 [sec] @ 160
     Flav : max Press/Den @ L,MLT; DPS-dst
        0: P =   0.00, D =9075.91 @  1.54 Rp,12.07 MLT; DPS:   0.00
        1: P =   0.38, D =   6.38 @  8.39 Rp,13.11 MLT; DPS:  -1.03
        2: P =   2.96, D =   0.27 @  3.93 Rp, 7.13 MLT; DPS:  -5.59
[0m [32m<Writing HDF5 DATA @ t =     8.833 [min] >[0m 
[32m<Writing RAIJU HDF5 DATA @ t =     8.917 [min] >[0m 
 [36m
 GAMERA
      Time =     8.918 [min]
        ts =     8912
        dt =  8.59E-02 [sec]
    dt/dt0 =   72.165%
    Spent     0.0% of time waiting for Voltron
      kZCs =   3583.60 /   1364.97 [MHD/TOT] (8 threads)
[0m       CPCP =   28.637  31.106 [kV, N/S]
 [34m
 VOLTRON
      UT   = 2001-06-01 23:08:55
      tilt =    0.000 [deg]
    Sym-H  =   -5.000 [nT]
    BSDst  ~   18.559 [nT]
           dSMRs  ~     1.22    0.07   -1.37    0.08 [nT, 12/18/00/06]
   DPSDst  ~   -5.420 [nT]
   Spent    43.8% of time waiting for Gamera
            12.0% of time processing Chimp(Helpers)
             8.5% of time processing IMAG
            12.7% of time processing Remix
            22.8% of time processing Tubes(Helpers)
             0.0% of time writing files
    Running @   63.355% of real-time (8 threads)
[0m  [35m
 RAIJU
      UT   = 2001-06-01 23:08:59
      Time =     9.000 [min]
     dtCpl =  5.00E+00 [sec]
     Max/Min dt @ k:
        Max 3.99E+01 [sec] @ 57
        Min 1.38E-01 [sec] @ 160
     Flav : max Press/Den @ L,MLT; DPS-dst
        0: P =   0.00, D =9075.91 @  1.54 Rp,12.07 MLT; DPS:   0.00
        1: P =   0.37, D =   6.36 @  8.41 Rp,13.11 MLT; DPS:  -1.03
        2: P =   2.96, D =   0.27 @  3.93 Rp, 7.00 MLT; DPS:  -5.59
[0m [32m<Writing HDF5 DATA @ t =     8.918 [min] >[0m 
[32m<Writing RAIJU HDF5 DATA @ t =     9.000 [min] >[0m 
 [36m
 GAMERA
      Time =     9.001 [min]
        ts =     8970
        dt =  8.58E-02 [sec]
    dt/dt0 =   72.101%
    Spent     0.0% of time waiting for Voltron
      kZCs =   3584.58 /   1348.97 [MHD/TOT] (8 threads)
[0m       CPCP =   29.343  31.307 [kV, N/S]
 [34m
 VOLTRON
      UT   = 2001-06-01 23:09:00
      tilt =    0.000 [deg]
    Sym-H  =   -5.000 [nT]
    BSDst  ~   18.782 [nT]
           dSMRs  ~     1.16    0.06   -1.31    0.09 [nT, 12/18/00/06]
   DPSDst  ~   -5.416 [nT]
   Spent    43.5% of time waiting for Gamera
            12.0% of time processing Chimp(Helpers)
             8.5% of time processing IMAG
            12.8% of time processing Remix
            22.9% of time processing Tubes(Helpers)
             0.0% of time writing files
    Running @   63.802% of real-time (8 threads)
[0m  [35m
 RAIJU
      UT   = 2001-06-01 23:09:05
      Time =     9.083 [min]
     dtCpl =  5.00E+00 [sec]
     Max/Min dt @ k:
        Max 4.12E+01 [sec] @ 57
        Min 1.38E-01 [sec] @ 160
     Flav : max Press/Den @ L,MLT; DPS-dst
        0: P =   0.00, D =9075.91 @  1.54 Rp,12.07 MLT; DPS:   0.00
        1: P =   0.37, D =   6.34 @  8.41 Rp,13.11 MLT; DPS:  -1.02
        2: P =   2.96, D =   0.27 @  3.93 Rp, 7.00 MLT; DPS:  -5.59
[0m [32m<Writing HDF5 DATA @ t =     9.001 [min] >[0m 
[32m<Writing RAIJU HDF5 DATA @ t =     9.083 [min] >[0m 
 [36m
 GAMERA
      Time =     9.084 [min]
        ts =     9028
        dt =  8.58E-02 [sec]
    dt/dt0 =   72.057%
    Spent     0.0% of time waiting for Voltron
      kZCs =   3584.43 /   1348.69 [MHD/TOT] (8 threads)
[0m       CPCP =   30.299  31.648 [kV, N/S]
 [34m
 VOLTRON
      UT   = 2001-06-01 23:09:05
      tilt =    0.000 [deg]
    Sym-H  =   -5.000 [nT]
    BSDst  ~   18.974 [nT]
           dSMRs  ~     1.09    0.05   -1.24    0.10 [nT, 12/18/00/06]
   DPSDst  ~   -5.408 [nT]
   Spent    43.3% of time waiting for Gamera
            12.0% of time processing Chimp(Helpers)
             8.5% of time processing IMAG
            12.9% of time processing Remix
            23.0% of time processing Tubes(Helpers)
             0.0% of time writing files
    Running @   64.244% of real-time (8 threads)
[0m  [35m
 RAIJU
      UT   = 2001-06-01 23:09:10
      Time =     9.167 [min]
     dtCpl =  5.00E+00 [sec]
     Max/Min dt @ k:
        Max 4.22E+01 [sec] @ 56
        Min 1.38E-01 [sec] @ 160
     Flav : max Press/Den @ L,MLT; DPS-dst
        0: P =   0.00, D =9075.91 @  1.54 Rp,12.07 MLT; DPS:   0.00
        1: P =   0.37, D =   6.31 @  8.39 Rp,13.11 MLT; DPS:  -1.02
        2: P =   2.96, D =   0.27 @  3.97 Rp, 6.89 MLT; DPS:  -5.58
[0m [32m<Writing HDF5 DATA @ t =     9.084 [min] >[0m 
[32m<Writing RAIJU HDF5 DATA @ t =     9.167 [min] >[0m 
 [36m
 GAMERA
      Time =     9.167 [min]
        ts =     9086
        dt =  8.57E-02 [sec]
    dt/dt0 =   72.004%
    Spent     0.0% of time waiting for Voltron
      kZCs =   3583.98 /   1350.95 [MHD/TOT] (8 threads)
[0m       CPCP =   31.689  32.235 [kV, N/S]
 [34m
 VOLTRON
      UT   = 2001-06-01 23:09:10
      tilt =    0.000 [deg]
    Sym-H  =   -5.000 [nT]
    BSDst  ~   19.124 [nT]
           dSMRs  ~     1.01    0.04   -1.15    0.11 [nT, 12/18/00/06]
   DPSDst  ~   -5.407 [nT]
   Spent    43.1% of time waiting for Gamera
            12.1% of time processing Chimp(Helpers)
             8.5% of time processing IMAG
            13.0% of time processing Remix
            23.1% of time processing Tubes(Helpers)
             0.0% of time writing files
    Running @   64.634% of real-time (8 threads)
[0m  [35m
 RAIJU
      UT   = 2001-06-01 23:09:15
      Time =     9.250 [min]
     dtCpl =  5.00E+00 [sec]
     Max/Min dt @ k:
        Max 4.32E+01 [sec] @ 56
        Min 1.38E-01 [sec] @ 160
     Flav : max Press/Den @ L,MLT; DPS-dst
        0: P =   0.00, D =9075.91 @  1.54 Rp,12.07 MLT; DPS:   0.00
        1: P =   0.36, D =   6.28 @  8.39 Rp,13.10 MLT; DPS:  -1.01
        2: P =   2.96, D =   0.27 @  3.97 Rp, 6.89 MLT; DPS:  -5.58
[0m [32m<Writing HDF5 DATA @ t =     9.167 [min] >[0m 
[32m<Writing RAIJU HDF5 DATA @ t =     9.250 [min] >[0m 
 [36m
 GAMERA
      Time =     9.251 [min]
        ts =     9145
        dt =  8.57E-02 [sec]
    dt/dt0 =   71.964%
    Spent     0.0% of time waiting for Voltron
      kZCs =   3585.37 /   1364.39 [MHD/TOT] (8 threads)
[0m       CPCP =   33.001  33.597 [kV, N/S]
 [34m
 VOLTRON
      UT   = 2001-06-01 23:09:15
      tilt =    0.000 [deg]
    Sym-H  =   -5.000 [nT]
    BSDst  ~   19.259 [nT]
           dSMRs  ~     0.93    0.02   -1.06    0.12 [nT, 12/18/00/06]
   DPSDst  ~   -5.383 [nT]
   Spent    43.0% of time waiting for Gamera
            12.0% of time processing Chimp(Helpers)
             8.6% of time processing IMAG
            13.1% of time processing Remix
            23.1% of time processing Tubes(Helpers)
             0.0% of time writing files
    Running @   65.076% of real-time (8 threads)
[0m  [35m
 RAIJU
      UT   = 2001-06-01 23:09:20
      Time =     9.333 [min]
     dtCpl =  5.00E+00 [sec]
     Max/Min dt @ k:
        Max 4.41E+01 [sec] @ 56
        Min 1.38E-01 [sec] @ 160
     Flav : max Press/Den @ L,MLT; DPS-dst
        0: P =   0.00, D =9075.91 @  1.54 Rp,12.07 MLT; DPS:   0.00
        1: P =   0.30, D =   6.43 @  8.26 Rp,13.31 MLT; DPS:  -0.99
        2: P =   2.96, D =   0.27 @  3.97 Rp, 6.89 MLT; DPS:  -5.57
[0m [32m<Writing HDF5 DATA @ t =     9.251 [min] >[0m 
[32m<Writing RAIJU HDF5 DATA @ t =     9.333 [min] >[0m 
 [36m
 GAMERA
      Time =     9.334 [min]
        ts =     9203
        dt =  8.56E-02 [sec]
    dt/dt0 =   71.928%
    Spent     0.0% of time waiting for Voltron
      kZCs =   3585.48 /   1349.95 [MHD/TOT] (8 threads)
[0m       CPCP =   34.232  35.176 [kV, N/S]
 [34m
 VOLTRON
      UT   = 2001-06-01 23:09:20
      tilt =    0.000 [deg]
    Sym-H  =   -5.000 [nT]
    BSDst  ~   19.380 [nT]
           dSMRs  ~     0.85    0.01   -0.98    0.12 [nT, 12/18/00/06]
   DPSDst  ~   -5.379 [nT]
   Spent    42.9% of time waiting for Gamera
            12.0% of time processing Chimp(Helpers)
             8.6% of time processing IMAG
            13.2% of time processing Remix
            23.1% of time processing Tubes(Helpers)
             0.0% of time writing files
    Running @   65.455% of real-time (8 threads)
[0m  [35m
 RAIJU
      UT   = 2001-06-01 23:09:25
      Time =     9.417 [min]
     dtCpl =  5.00E+00 [sec]
     Max/Min dt @ k:
        Max 4.42E+01 [sec] @ 56
        Min 1.38E-01 [sec] @ 160
     Flav : max Press/Den @ L,MLT; DPS-dst
        0: P =   0.00, D =9075.91 @  1.54 Rp,12.07 MLT; DPS:   0.00
        1: P =   0.30, D =   6.40 @  8.27 Rp,13.31 MLT; DPS:  -0.99
        2: P =   2.96, D =   0.27 @  3.97 Rp, 6.89 MLT; DPS:  -5.57
[0m [32m<Writing HDF5 DATA @ t =     9.334 [min] >[0m 
[32m<Writing RAIJU HDF5 DATA @ t =     9.417 [min] >[0m 
 [36m
 GAMERA
      Time =     9.417 [min]
        ts =     9261
        dt =  8.56E-02 [sec]
    dt/dt0 =   71.865%
    Spent     0.0% of time waiting for Voltron
      kZCs =   3586.83 /   1350.48 [MHD/TOT] (8 threads)
[0m       CPCP =   35.576  36.458 [kV, N/S]
 [34m
 VOLTRON
      UT   = 2001-06-01 23:09:25
      tilt =    0.000 [deg]
    Sym-H  =   -5.000 [nT]
    BSDst  ~   19.496 [nT]
           dSMRs  ~     0.78    0.00   -0.90    0.12 [nT, 12/18/00/06]
   DPSDst  ~   -5.376 [nT]
   Spent    42.8% of time waiting for Gamera
            12.0% of time processing Chimp(Helpers)
             8.6% of time processing IMAG
            13.2% of time processing Remix
            23.2% of time processing Tubes(Helpers)
             0.0% of time writing files
    Running @   65.839% of real-time (8 threads)
[0m  [35m
 RAIJU
      UT   = 2001-06-01 23:09:30
      Time =     9.500 [min]
     dtCpl =  5.00E+00 [sec]
     Max/Min dt @ k:
        Max 4.41E+01 [sec] @ 56
        Min 1.38E-01 [sec] @ 160
     Flav : max Press/Den @ L,MLT; DPS-dst
        0: P =   0.00, D =9075.91 @  1.54 Rp,12.07 MLT; DPS:   0.00
        1: P =   0.29, D =   6.37 @  8.27 Rp,13.30 MLT; DPS:  -0.98
        2: P =   2.96, D =   0.27 @  3.97 Rp, 6.89 MLT; DPS:  -5.57
[0m [32m<Writing HDF5 DATA @ t =     9.417 [min] >[0m 
[32m<Writing RAIJU HDF5 DATA @ t =     9.500 [min] >[0m 
 [36m
 GAMERA
      Time =     9.501 [min]
        ts =     9320
        dt =  8.55E-02 [sec]
    dt/dt0 =   71.782%
    Spent     0.0% of time waiting for Voltron
      kZCs =   3584.34 /   1363.49 [MHD/TOT] (8 threads)
[0m       CPCP =   36.912  37.914 [kV, N/S]
 [34m
 VOLTRON
      UT   = 2001-06-01 23:09:30
      tilt =    0.000 [deg]
    Sym-H  =   -5.000 [nT]
    BSDst  ~   19.617 [nT]
           dSMRs  ~     0.72   -0.00   -0.83    0.11 [nT, 12/18/00/06]
   DPSDst  ~   -5.370 [nT]
   Spent    42.7% of time waiting for Gamera
            12.0% of time processing Chimp(Helpers)
             8.6% of time processing IMAG
            13.3% of time processing Remix
            23.2% of time processing Tubes(Helpers)
             0.0% of time writing files
    Running @   66.193% of real-time (8 threads)
[0m  [35m
 RAIJU
      UT   = 2001-06-01 23:09:35
      Time =     9.583 [min]
     dtCpl =  5.00E+00 [sec]
     Max/Min dt @ k:
        Max 4.36E+01 [sec] @ 56
        Min 1.38E-01 [sec] @ 160
     Flav : max Press/Den @ L,MLT; DPS-dst
        0: P =   0.00, D =9075.91 @  1.54 Rp,12.07 MLT; DPS:   0.00
        1: P =   0.29, D =   6.34 @  8.28 Rp,13.30 MLT; DPS:  -0.98
        2: P =   2.96, D =   0.27 @  3.97 Rp, 6.89 MLT; DPS:  -5.57
[0m [32m<Writing HDF5 DATA @ t =     9.501 [min] >[0m 
[32m<Writing RAIJU HDF5 DATA @ t =     9.583 [min] >[0m 
 [36m
 GAMERA
      Time =     9.583 [min]
        ts =     9378
        dt =  8.54E-02 [sec]
    dt/dt0 =   71.705%
    Spent     0.0% of time waiting for Voltron
      kZCs =   3584.88 /   1351.76 [MHD/TOT] (8 threads)
[0m       CPCP =   38.087  39.261 [kV, N/S]
 [34m
 VOLTRON
      UT   = 2001-06-01 23:09:35
      tilt =    0.000 [deg]
    Sym-H  =   -5.000 [nT]
    BSDst  ~   19.727 [nT]
           dSMRs  ~     0.66   -0.01   -0.76    0.11 [nT, 12/18/00/06]
   DPSDst  ~   -5.368 [nT]
   Spent    42.6% of time waiting for Gamera
            12.0% of time processing Chimp(Helpers)
             8.6% of time processing IMAG
            13.3% of time processing Remix
            23.2% of time processing Tubes(Helpers)
             0.0% of time writing files
    Running @   66.550% of real-time (8 threads)
[0m  [35m
 RAIJU
      UT   = 2001-06-01 23:09:40
      Time =     9.667 [min]
     dtCpl =  5.00E+00 [sec]
     Max/Min dt @ k:
        Max 4.34E+01 [sec] @ 56
        Min 1.38E-01 [sec] @ 160
     Flav : max Press/Den @ L,MLT; DPS-dst
        0: P =   0.00, D =9075.91 @  1.54 Rp,12.07 MLT; DPS:   0.00
        1: P =   0.29, D =   6.31 @  8.31 Rp,13.30 MLT; DPS:  -0.98
        2: P =   2.96, D =   0.27 @  3.97 Rp, 6.71 MLT; DPS:  -5.57
[0m [32m<Writing HDF5 DATA @ t =     9.583 [min] >[0m 
[32m<Writing RAIJU HDF5 DATA @ t =     9.667 [min] >[0m 
 [36m
 GAMERA
      Time =     9.667 [min]
        ts =     9437
        dt =  8.53E-02 [sec]
    dt/dt0 =   71.636%
    Spent     0.0% of time waiting for Voltron
      kZCs =   3585.67 /   1366.45 [MHD/TOT] (8 threads)
[0m       CPCP =   39.331  40.694 [kV, N/S]
 [34m
 VOLTRON
      UT   = 2001-06-01 23:09:40
      tilt =    0.000 [deg]
    Sym-H  =   -5.000 [nT]
    BSDst  ~   19.802 [nT]
           dSMRs  ~     0.60   -0.01   -0.69    0.10 [nT, 12/18/00/06]
   DPSDst  ~   -5.328 [nT]
   Spent    42.6% of time waiting for Gamera
            12.0% of time processing Chimp(Helpers)
             8.6% of time processing IMAG
            13.3% of time processing Remix
            23.2% of time processing Tubes(Helpers)
             0.0% of time writing files
    Running @   66.900% of real-time (8 threads)
[0m  [35m
 RAIJU
      UT   = 2001-06-01 23:09:45
      Time =     9.750 [min]
     dtCpl =  5.00E+00 [sec]
     Max/Min dt @ k:
        Max 4.20E+01 [sec] @ 7
        Min 1.38E-01 [sec] @ 160
     Flav : max Press/Den @ L,MLT; DPS-dst
        0: P =   0.00, D =9075.91 @  1.54 Rp,12.07 MLT; DPS:   0.00
        1: P =   0.29, D =   6.28 @  8.33 Rp,13.29 MLT; DPS:  -0.94
        2: P =   2.96, D =   0.27 @  3.93 Rp, 6.47 MLT; DPS:  -5.47
[0m [32m<Writing HDF5 DATA @ t =     9.667 [min] >[0m 
[32m<Writing RAIJU HDF5 DATA @ t =     9.750 [min] >[0m 
 [36m
 GAMERA
      Time =     9.751 [min]
        ts =     9496
        dt =  8.52E-02 [sec]
    dt/dt0 =   71.563%
    Spent     0.0% of time waiting for Voltron
      kZCs =   3585.81 /   1366.21 [MHD/TOT] (8 threads)
[0m       CPCP =   40.815  42.212 [kV, N/S]
 [34m
 VOLTRON
      UT   = 2001-06-01 23:09:45
      tilt =    0.000 [deg]
    Sym-H  =   -5.000 [nT]
    BSDst  ~   19.840 [nT]
           dSMRs  ~     0.53   -0.01   -0.62    0.10 [nT, 12/18/00/06]
   DPSDst  ~   -5.313 [nT]
   Spent    42.6% of time waiting for Gamera
            12.0% of time processing Chimp(Helpers)
             8.6% of time processing IMAG
            13.4% of time processing Remix
            23.2% of time processing Tubes(Helpers)
             0.0% of time writing files
    Running @   67.241% of real-time (8 threads)
[0m  [35m
 RAIJU
      UT   = 2001-06-01 23:09:50
      Time =     9.833 [min]
     dtCpl =  5.00E+00 [sec]
     Max/Min dt @ k:
        Max 4.13E+01 [sec] @ 7
        Min 1.38E-01 [sec] @ 160
     Flav : max Press/Den @ L,MLT; DPS-dst
        0: P =   0.00, D =9075.91 @  1.54 Rp,12.07 MLT; DPS:   0.00
        1: P =   0.28, D =   6.25 @  8.34 Rp,13.29 MLT; DPS:  -0.93
        2: P =   2.96, D =   0.27 @  3.93 Rp, 6.33 MLT; DPS:  -5.46
[0m [32m<Writing HDF5 DATA @ t =     9.751 [min] >[0m 
[32m<Writing RAIJU HDF5 DATA @ t =     9.833 [min] >[0m 
 [36m
 GAMERA
      Time =     9.833 [min]
        ts =     9554
        dt =  8.51E-02 [sec]
    dt/dt0 =   71.503%
    Spent     0.0% of time waiting for Voltron
      kZCs =   3585.78 /   1353.45 [MHD/TOT] (8 threads)
[0m       CPCP =   42.415  43.995 [kV, N/S]
 [34m
 VOLTRON
      UT   = 2001-06-01 23:09:50
      tilt =    0.000 [deg]
    Sym-H  =   -5.000 [nT]
    BSDst  ~   19.853 [nT]
           dSMRs  ~     0.45   -0.02   -0.54    0.10 [nT, 12/18/00/06]
   DPSDst  ~   -5.309 [nT]
   Spent    42.6% of time waiting for Gamera
            12.0% of time processing Chimp(Helpers)
             8.6% of time processing IMAG
            13.4% of time processing Remix
            23.2% of time processing Tubes(Helpers)
             0.0% of time writing files
    Running @   67.537% of real-time (8 threads)
[0m  [35m
 RAIJU
      UT   = 2001-06-01 23:09:55
      Time =     9.917 [min]
     dtCpl =  5.00E+00 [sec]
     Max/Min dt @ k:
        Max 4.07E+01 [sec] @ 7
        Min 1.38E-01 [sec] @ 160
     Flav : max Press/Den @ L,MLT; DPS-dst
        0: P =   0.00, D =9075.91 @  1.54 Rp,12.07 MLT; DPS:   0.00
        1: P =   0.28, D =   6.22 @  8.34 Rp,13.28 MLT; DPS:  -0.92
        2: P =   2.96, D =   0.27 @  3.93 Rp, 6.07 MLT; DPS:  -5.46
[0m [32m<Writing HDF5 DATA @ t =     9.833 [min] >[0m 
[32m<Writing RAIJU HDF5 DATA @ t =     9.917 [min] >[0m 
 [36m
 GAMERA
      Time =     9.917 [min]
        ts =     9613
        dt =  8.51E-02 [sec]
    dt/dt0 =   71.439%
    Spent     0.0% of time waiting for Voltron
      kZCs =   3583.89 /   1368.17 [MHD/TOT] (8 threads)
[0m       CPCP =   44.436  45.878 [kV, N/S]
 [34m
 VOLTRON
      UT   = 2001-06-01 23:09:55
      tilt =    0.000 [deg]
    Sym-H  =   -5.000 [nT]
    BSDst  ~   19.848 [nT]
           dSMRs  ~     0.36   -0.03   -0.44    0.11 [nT, 12/18/00/06]
   DPSDst  ~   -5.242 [nT]
   Spent    42.6% of time waiting for Gamera
            11.9% of time processing Chimp(Helpers)
             8.6% of time processing IMAG
            13.4% of time processing Remix
            23.2% of time processing Tubes(Helpers)
             0.0% of time writing files
    Running @   67.869% of real-time (8 threads)
[0m  [35m
 RAIJU
      UT   = 2001-06-01 23:09:59
      Time =    10.000 [min]
     dtCpl =  5.00E+00 [sec]
     Max/Min dt @ k:
        Max 4.03E+01 [sec] @ 7
        Min 1.38E-01 [sec] @ 160
     Flav : max Press/Den @ L,MLT; DPS-dst
        0: P =   0.00, D =9075.91 @  1.54 Rp,12.07 MLT; DPS:   0.00
        1: P =   0.28, D =   6.19 @  8.32 Rp,13.28 MLT; DPS:  -0.90
        2: P =   2.96, D =   0.27 @  3.93 Rp, 5.93 MLT; DPS:  -5.40
[0m [32m<Writing HDF5 DATA @ t =     9.917 [min] >[0m 
[32m<Writing RAIJU HDF5 DATA @ t =    10.000 [min] >[0m 
 [36m
 GAMERA
      Time =    10.001 [min]
        ts =     9672
        dt =  8.50E-02 [sec]
    dt/dt0 =   71.385%
    Spent     0.0% of time waiting for Voltron
      kZCs =   3586.26 /   1368.83 [MHD/TOT] (8 threads)
[0m       CPCP =   46.480  47.646 [kV, N/S]
 [34m
 VOLTRON
      UT   = 2001-06-01 23:10:00
      tilt =    0.000 [deg]
    Sym-H  =   -5.000 [nT]
    BSDst  ~   19.837 [nT]
           dSMRs  ~     0.28   -0.03   -0.35    0.11 [nT, 12/18/00/06]
   DPSDst  ~   -5.232 [nT]
   Spent    42.6% of time waiting for Gamera
            11.9% of time processing Chimp(Helpers)
             8.6% of time processing IMAG
            13.4% of time processing Remix
            23.2% of time processing Tubes(Helpers)
             0.0% of time writing files
    Running @   68.192% of real-time (8 threads)
[0m  [35m
 RAIJU
      UT   = 2001-06-01 23:10:05
      Time =    10.083 [min]
     dtCpl =  5.00E+00 [sec]
     Max/Min dt @ k:
        Max 3.99E+01 [sec] @ 7
        Min 1.38E-01 [sec] @ 160
     Flav : max Press/Den @ L,MLT; DPS-dst
        0: P =   0.00, D =9075.91 @  1.54 Rp,12.07 MLT; DPS:   0.00
        1: P =   0.28, D =   6.17 @  8.23 Rp,13.27 MLT; DPS:  -0.90
        2: P =   2.95, D =   0.27 @  3.93 Rp, 5.93 MLT; DPS:  -5.39
[0m [32m<Writing HDF5 DATA @ t =    10.001 [min] >[0m 
[32m<Writing RAIJU HDF5 DATA @ t =    10.083 [min] >[0m 
 [36m
 GAMERA
      Time =    10.084 [min]
        ts =     9731
        dt =  8.49E-02 [sec]
    dt/dt0 =   71.345%
    Spent     0.0% of time waiting for Voltron
      kZCs =   3583.89 /   1369.83 [MHD/TOT] (8 threads)
[0m       CPCP =   48.445  49.367 [kV, N/S]
 [34m
 VOLTRON
      UT   = 2001-06-01 23:10:05
      tilt =    0.000 [deg]
    Sym-H  =   -5.000 [nT]
    BSDst  ~   19.822 [nT]
           dSMRs  ~     0.20   -0.04   -0.26    0.10 [nT, 12/18/00/06]
   DPSDst  ~   -5.191 [nT]
   Spent    42.6% of time waiting for Gamera
            11.9% of time processing Chimp(Helpers)
             8.6% of time processing IMAG
            13.4% of time processing Remix
            23.2% of time processing Tubes(Helpers)
             0.0% of time writing files
    Running @   68.442% of real-time (8 threads)
[0m  [35m
 RAIJU
      UT   = 2001-06-01 23:10:10
      Time =    10.167 [min]
     dtCpl =  5.00E+00 [sec]
     Max/Min dt @ k:
        Max 4.30E+01 [sec] @ 7
        Min 1.38E-01 [sec] @ 160
     Flav : max Press/Den @ L,MLT; DPS-dst
        0: P =   0.00, D =9075.91 @  1.54 Rp,12.07 MLT; DPS:   0.00
        1: P =   0.28, D =   6.17 @  8.21 Rp,13.27 MLT; DPS:  -0.88
        2: P =   2.95, D =   0.27 @  3.93 Rp, 5.93 MLT; DPS:  -5.36
[0m [32m<Writing HDF5 DATA @ t =    10.084 [min] >[0m 
[32m<Writing RAIJU HDF5 DATA @ t =    10.167 [min] >[0m 
 [36m
 GAMERA
      Time =    10.168 [min]
        ts =     9790
        dt =  8.49E-02 [sec]
    dt/dt0 =   71.323%
    Spent     0.0% of time waiting for Voltron
      kZCs =   3586.41 /   1370.39 [MHD/TOT] (8 threads)
[0m       CPCP =   50.239  51.436 [kV, N/S]
 [34m
 VOLTRON
      UT   = 2001-06-01 23:10:10
      tilt =    0.000 [deg]
    Sym-H  =   -5.000 [nT]
    BSDst  ~   19.799 [nT]
           dSMRs  ~     0.13   -0.05   -0.17    0.09 [nT, 12/18/00/06]
   DPSDst  ~   -5.182 [nT]
   Spent    42.6% of time waiting for Gamera
            11.9% of time processing Chimp(Helpers)
             8.6% of time processing IMAG
            13.4% of time processing Remix
            23.2% of time processing Tubes(Helpers)
             0.0% of time writing files
    Running @   68.735% of real-time (8 threads)
[0m  [35m
 RAIJU
      UT   = 2001-06-01 23:10:15
      Time =    10.250 [min]
     dtCpl =  5.00E+00 [sec]
     Max/Min dt @ k:
        Max 4.25E+01 [sec] @ 7
        Min 1.38E-01 [sec] @ 160
     Flav : max Press/Den @ L,MLT; DPS-dst
        0: P =   0.00, D =9075.91 @  1.54 Rp,12.07 MLT; DPS:   0.00
        1: P =   0.28, D =   6.16 @  8.25 Rp,13.27 MLT; DPS:  -0.87
        2: P =   2.95, D =   0.27 @  3.93 Rp, 5.80 MLT; DPS:  -5.35
[0m [32m<Writing HDF5 DATA @ t =    10.168 [min] >[0m 
[32m<Writing RAIJU HDF5 DATA @ t =    10.250 [min] >[0m 
 [36m
 GAMERA
      Time =    10.251 [min]
        ts =     9849
        dt =  8.49E-02 [sec]
    dt/dt0 =   71.300%
    Spent     0.0% of time waiting for Voltron
      kZCs =   3583.60 /   1369.33 [MHD/TOT] (8 threads)
[0m       CPCP =   52.170  53.683 [kV, N/S]
 [34m
 VOLTRON
      UT   = 2001-06-01 23:10:15
      tilt =    0.000 [deg]
    Sym-H  =   -5.000 [nT]
    BSDst  ~   19.764 [nT]
           dSMRs  ~     0.06   -0.06   -0.08    0.09 [nT, 12/18/00/06]
   DPSDst  ~   -5.177 [nT]
   Spent    42.6% of time waiting for Gamera
            11.9% of time processing Chimp(Helpers)
             8.6% of time processing IMAG
            13.5% of time processing Remix
            23.2% of time processing Tubes(Helpers)
             0.0% of time writing files
    Running @   68.979% of real-time (8 threads)
[0m  [35m
 RAIJU
      UT   = 2001-06-01 23:10:20
      Time =    10.333 [min]
     dtCpl =  5.00E+00 [sec]
     Max/Min dt @ k:
        Max 4.22E+01 [sec] @ 7
        Min 1.38E-01 [sec] @ 160
     Flav : max Press/Den @ L,MLT; DPS-dst
        0: P =   0.00, D =9075.91 @  1.54 Rp,12.07 MLT; DPS:   0.00
        1: P =   0.28, D =   6.14 @  8.31 Rp,13.27 MLT; DPS:  -0.87
        2: P =   2.95, D =   0.27 @  3.93 Rp, 5.80 MLT; DPS:  -5.35
[0m [32m<Writing HDF5 DATA @ t =    10.251 [min] >[0m 
[32m<Writing RAIJU HDF5 DATA @ t =    10.333 [min] >[0m 
 [36m
 GAMERA
      Time =    10.333 [min]
        ts =     9907
        dt =  8.49E-02 [sec]
    dt/dt0 =   71.267%
    Spent     0.0% of time waiting for Voltron
      kZCs =   3582.03 /   1355.38 [MHD/TOT] (8 threads)
[0m       CPCP =   54.253  55.926 [kV, N/S]
 [34m
 VOLTRON
      UT   = 2001-06-01 23:10:20
      tilt =    0.000 [deg]
    Sym-H  =   -5.000 [nT]
    BSDst  ~   19.724 [nT]
           dSMRs  ~    -0.01   -0.08    0.00    0.08 [nT, 12/18/00/06]
   DPSDst  ~   -5.174 [nT]
   Spent    42.6% of time waiting for Gamera
            11.9% of time processing Chimp(Helpers)
             8.6% of time processing IMAG
            13.5% of time processing Remix
            23.2% of time processing Tubes(Helpers)
             0.0% of time writing files
    Running @   69.232% of real-time (8 threads)
[0m  [35m
 RAIJU
      UT   = 2001-06-01 23:10:25
      Time =    10.417 [min]
     dtCpl =  5.00E+00 [sec]
     Max/Min dt @ k:
        Max 4.21E+01 [sec] @ 7
        Min 1.38E-01 [sec] @ 160
     Flav : max Press/Den @ L,MLT; DPS-dst
        0: P =   0.00, D =9075.91 @  1.54 Rp,12.07 MLT; DPS:   0.00
        1: P =   0.27, D =   6.10 @  8.35 Rp,13.28 MLT; DPS:  -0.86
        2: P =   2.95, D =   0.27 @  3.93 Rp, 5.80 MLT; DPS:  -5.34
[0m [32m<Writing HDF5 DATA @ t =    10.333 [min] >[0m 
[32m<Writing RAIJU HDF5 DATA @ t =    10.417 [min] >[0m 
 [36m
 GAMERA
      Time =    10.417 [min]
        ts =     9966
        dt =  8.48E-02 [sec]
    dt/dt0 =   71.232%
    Spent     0.0% of time waiting for Voltron
      kZCs =   3584.93 /   1369.27 [MHD/TOT] (8 threads)
[0m       CPCP =   56.424  58.121 [kV, N/S]
 [34m
 VOLTRON
      UT   = 2001-06-01 23:10:25
      tilt =    0.000 [deg]
    Sym-H  =   -5.000 [nT]
    BSDst  ~   19.683 [nT]
           dSMRs  ~    -0.07   -0.09    0.08    0.08 [nT, 12/18/00/06]
   DPSDst  ~   -5.166 [nT]
   Spent    42.6% of time waiting for Gamera
            11.8% of time processing Chimp(Helpers)
             8.6% of time processing IMAG
            13.5% of time processing Remix
            23.2% of time processing Tubes(Helpers)
             0.0% of time writing files
    Running @   69.499% of real-time (8 threads)
[0m  [35m
 RAIJU
      UT   = 2001-06-01 23:10:30
      Time =    10.500 [min]
     dtCpl =  5.00E+00 [sec]
     Max/Min dt @ k:
        Max 4.24E+01 [sec] @ 7
        Min 1.38E-01 [sec] @ 160
     Flav : max Press/Den @ L,MLT; DPS-dst
        0: P =   0.00, D =9075.91 @  1.54 Rp,12.07 MLT; DPS:   0.00
        1: P =   0.27, D =   6.05 @  8.37 Rp,13.28 MLT; DPS:  -0.86
        2: P =   2.94, D =   0.27 @  3.93 Rp, 5.40 MLT; DPS:  -5.34
[0m [32m<Writing HDF5 DATA @ t =    10.417 [min] >[0m 
[32m<Writing RAIJU HDF5 DATA @ t =    10.500 [min] >[0m 
 [36m
 GAMERA
      Time =    10.500 [min]
        ts =    10025
        dt =  8.48E-02 [sec]
    dt/dt0 =   71.194%
    Spent     0.0% of time waiting for Voltron
      kZCs =   3581.98 /   1370.02 [MHD/TOT] (8 threads)
[0m       CPCP =   58.421  60.089 [kV, N/S]
 [34m
 VOLTRON
      UT   = 2001-06-01 23:10:30
      tilt =    0.000 [deg]
    Sym-H  =   -5.000 [nT]
    BSDst  ~   19.655 [nT]
           dSMRs  ~    -0.11   -0.11    0.15    0.07 [nT, 12/18/00/06]
   DPSDst  ~   -5.168 [nT]
   Spent    42.6% of time waiting for Gamera
            11.8% of time processing Chimp(Helpers)
             8.6% of time processing IMAG
            13.5% of time processing Remix
            23.2% of time processing Tubes(Helpers)
             0.0% of time writing files
    Running @   69.752% of real-time (8 threads)
[0m  [35m
 RAIJU
      UT   = 2001-06-01 23:10:35
      Time =    10.583 [min]
     dtCpl =  5.00E+00 [sec]
     Max/Min dt @ k:
        Max 4.21E+01 [sec] @ 7
        Min 1.38E-01 [sec] @ 160
     Flav : max Press/Den @ L,MLT; DPS-dst
        0: P =   0.00, D =9075.91 @  1.54 Rp,12.07 MLT; DPS:   0.00
        1: P =   0.27, D =   6.00 @  8.38 Rp,13.28 MLT; DPS:  -0.86
        2: P =   2.94, D =   0.27 @  3.93 Rp, 5.40 MLT; DPS:  -5.34
[0m [32m<Writing HDF5 DATA @ t =    10.500 [min] >[0m 
[32m<Writing RAIJU HDF5 DATA @ t =    10.583 [min] >[0m 
 [36m
 GAMERA
      Time =    10.583 [min]
        ts =    10084
        dt =  8.47E-02 [sec]
    dt/dt0 =   71.150%
    Spent     0.0% of time waiting for Voltron
      kZCs =   3584.49 /   1369.29 [MHD/TOT] (8 threads)
[0m       CPCP =   60.321  61.821 [kV, N/S]
 [34m
 VOLTRON
      UT   = 2001-06-01 23:10:35
      tilt =    0.000 [deg]
    Sym-H  =   -5.000 [nT]
    BSDst  ~   19.655 [nT]
           dSMRs  ~    -0.12   -0.14    0.20    0.06 [nT, 12/18/00/06]
   DPSDst  ~   -5.166 [nT]
   Spent    42.6% of time waiting for Gamera
            11.8% of time processing Chimp(Helpers)
             8.6% of time processing IMAG
            13.5% of time processing Remix
            23.2% of time processing Tubes(Helpers)
             0.0% of time writing files
    Running @   69.999% of real-time (8 threads)
[0m  [35m
 RAIJU
      UT   = 2001-06-01 23:10:40
      Time =    10.667 [min]
     dtCpl =  5.00E+00 [sec]
     Max/Min dt @ k:
        Max 4.20E+01 [sec] @ 7
        Min 1.38E-01 [sec] @ 160
     Flav : max Press/Den @ L,MLT; DPS-dst
        0: P =   0.00, D =9075.91 @  1.54 Rp,12.07 MLT; DPS:   0.00
        1: P =   0.26, D =   5.95 @  8.39 Rp,13.28 MLT; DPS:  -0.85
        2: P =   2.94, D =   0.27 @  3.93 Rp, 5.27 MLT; DPS:  -5.34
[0m [32m<Writing HDF5 DATA @ t =    10.583 [min] >[0m 
[32m<Writing RAIJU HDF5 DATA @ t =    10.667 [min] >[0m 
 [36m
 GAMERA
      Time =    10.667 [min]
        ts =    10143
        dt =  8.47E-02 [sec]
    dt/dt0 =   71.111%
    Spent     0.0% of time waiting for Voltron
      kZCs =   3584.93 /   1369.24 [MHD/TOT] (8 threads)
[0m       CPCP =   62.189  63.388 [kV, N/S]
 [34m
 VOLTRON
      UT   = 2001-06-01 23:10:40
      tilt =    0.000 [deg]
    Sym-H  =   -5.000 [nT]
    BSDst  ~   19.690 [nT]
           dSMRs  ~    -0.12   -0.16    0.24    0.04 [nT, 12/18/00/06]
   DPSDst  ~   -5.145 [nT]
   Spent    42.7% of time waiting for Gamera
            11.8% of time processing Chimp(Helpers)
             8.6% of time processing IMAG
            13.5% of time processing Remix
            23.2% of time processing Tubes(Helpers)
             0.0% of time writing files
    Running @   70.217% of real-time (8 threads)
[0m  [35m
 RAIJU
      UT   = 2001-06-01 23:10:45
      Time =    10.750 [min]
     dtCpl =  5.00E+00 [sec]
     Max/Min dt @ k:
        Max 4.21E+01 [sec] @ 7
        Min 1.38E-01 [sec] @ 160
     Flav : max Press/Den @ L,MLT; DPS-dst
        0: P =   0.00, D =9075.91 @  1.54 Rp,12.07 MLT; DPS:   0.00
        1: P =   0.26, D =   5.91 @  8.39 Rp,13.27 MLT; DPS:  -0.84
        2: P =   2.94, D =   0.27 @  3.94 Rp, 5.27 MLT; DPS:  -5.33
[0m [32m<Writing HDF5 DATA @ t =    10.667 [min] >[0m 
[32m<Writing RAIJU HDF5 DATA @ t =    10.750 [min] >[0m 
 [36m
 GAMERA
      Time =    10.751 [min]
        ts =    10203
        dt =  8.46E-02 [sec]
    dt/dt0 =   71.068%
    Spent     0.0% of time waiting for Voltron
      kZCs =   3583.52 /   1384.09 [MHD/TOT] (8 threads)
[0m       CPCP =   63.849  64.760 [kV, N/S]
 [34m
 VOLTRON
      UT   = 2001-06-01 23:10:45
      tilt =    0.000 [deg]
    Sym-H  =   -5.000 [nT]
    BSDst  ~   19.742 [nT]
           dSMRs  ~    -0.10   -0.19    0.26    0.03 [nT, 12/18/00/06]
   DPSDst  ~   -5.144 [nT]
   Spent    42.7% of time waiting for Gamera
            11.8% of time processing Chimp(Helpers)
             8.6% of time processing IMAG
            13.5% of time processing Remix
            23.1% of time processing Tubes(Helpers)
             0.0% of time writing files
    Running @   70.468% of real-time (8 threads)
[0m  [35m
 RAIJU
      UT   = 2001-06-01 23:10:50
      Time =    10.833 [min]
     dtCpl =  5.00E+00 [sec]
     Max/Min dt @ k:
        Max 4.17E+01 [sec] @ 7
        Min 1.38E-01 [sec] @ 160
     Flav : max Press/Den @ L,MLT; DPS-dst
        0: P =   0.00, D =9075.91 @  1.54 Rp,12.07 MLT; DPS:   0.00
        1: P =   0.26, D =   5.88 @  8.37 Rp,13.27 MLT; DPS:  -0.84
        2: P =   2.94, D =   0.27 @  3.94 Rp, 5.14 MLT; DPS:  -5.33
[0m [32m<Writing HDF5 DATA @ t =    10.751 [min] >[0m 
[32m<Writing RAIJU HDF5 DATA @ t =    10.833 [min] >[0m 
 [36m
 GAMERA
      Time =    10.835 [min]
        ts =    10262
        dt =  8.46E-02 [sec]
    dt/dt0 =   71.015%
    Spent     0.0% of time waiting for Voltron
      kZCs =   3584.34 /   1372.40 [MHD/TOT] (8 threads)
[0m       CPCP =   65.290  66.134 [kV, N/S]
 [34m
 VOLTRON
      UT   = 2001-06-01 23:10:50
      tilt =    0.000 [deg]
    Sym-H  =   -5.000 [nT]
    BSDst  ~   19.778 [nT]
           dSMRs  ~    -0.11   -0.21    0.29    0.02 [nT, 12/18/00/06]
   DPSDst  ~   -5.142 [nT]
   Spent    42.7% of time waiting for Gamera
            11.8% of time processing Chimp(Helpers)
             8.6% of time processing IMAG
            13.5% of time processing Remix
            23.1% of time processing Tubes(Helpers)
             0.0% of time writing files
    Running @   70.667% of real-time (8 threads)
[0m  [35m
 RAIJU
      UT   = 2001-06-01 23:10:55
      Time =    10.917 [min]
     dtCpl =  5.00E+00 [sec]
     Max/Min dt @ k:
        Max 4.10E+01 [sec] @ 5
        Min 1.38E-01 [sec] @ 160
     Flav : max Press/Den @ L,MLT; DPS-dst
        0: P =   0.00, D =9075.91 @  1.54 Rp,12.07 MLT; DPS:   0.00
        1: P =   0.25, D =   5.87 @  8.34 Rp,13.27 MLT; DPS:  -0.84
        2: P =   2.94, D =   0.27 @  3.94 Rp, 5.14 MLT; DPS:  -5.33
[0m [32m<Writing HDF5 DATA @ t =    10.835 [min] >[0m 
[32m<Writing RAIJU HDF5 DATA @ t =    10.917 [min] >[0m 
 [36m
 GAMERA
      Time =    10.918 [min]
        ts =    10321
        dt =  8.45E-02 [sec]
    dt/dt0 =   70.966%
    Spent     0.0% of time waiting for Voltron
      kZCs =   3585.81 /   1374.61 [MHD/TOT] (8 threads)
[0m       CPCP =   66.592  67.603 [kV, N/S]
 [34m
 VOLTRON
      UT   = 2001-06-01 23:10:55
      tilt =    0.000 [deg]
    Sym-H  =   -5.000 [nT]
    BSDst  ~   19.784 [nT]
           dSMRs  ~    -0.15   -0.21    0.34    0.02 [nT, 12/18/00/06]
   DPSDst  ~   -5.131 [nT]
   Spent    42.8% of time waiting for Gamera
            11.7% of time processing Chimp(Helpers)
             8.6% of time processing IMAG
            13.5% of time processing Remix
            23.1% of time processing Tubes(Helpers)
             0.0% of time writing files
    Running @   70.868% of real-time (8 threads)
[0m  [35m
 RAIJU
      UT   = 2001-06-01 23:10:59
      Time =    11.000 [min]
     dtCpl =  5.00E+00 [sec]
     Max/Min dt @ k:
        Max 4.05E+01 [sec] @ 50
        Min 1.38E-01 [sec] @ 160
     Flav : max Press/Den @ L,MLT; DPS-dst
        0: P =   0.00, D =9075.91 @  1.54 Rp,12.07 MLT; DPS:   0.00
        1: P =   0.25, D =   5.87 @  8.38 Rp,13.27 MLT; DPS:  -0.83
        2: P =   2.94, D =   0.27 @  3.94 Rp, 5.00 MLT; DPS:  -5.32
[0m [32m<Writing HDF5 DATA @ t =    10.918 [min] >[0m 
[32m<Writing RAIJU HDF5 DATA @ t =    11.000 [min] >[0m 
 [36m
 GAMERA
      Time =    11.001 [min]
        ts =    10380
        dt =  8.45E-02 [sec]
    dt/dt0 =   70.940%
    Spent     0.0% of time waiting for Voltron
      kZCs =   3584.04 /   1345.34 [MHD/TOT] (8 threads)
[0m       CPCP =   67.672  68.890 [kV, N/S]
 [34m
 VOLTRON
      UT   = 2001-06-01 23:11:00
      tilt =    0.000 [deg]
    Sym-H  =   -5.000 [nT]
    BSDst  ~   19.764 [nT]
           dSMRs  ~    -0.21   -0.22    0.40    0.02 [nT, 12/18/00/06]
   DPSDst  ~   -5.128 [nT]
   Spent    42.6% of time waiting for Gamera
            11.7% of time processing Chimp(Helpers)
             8.9% of time processing IMAG
            13.5% of time processing Remix
            23.0% of time processing Tubes(Helpers)
             0.0% of time writing files
    Running @   71.024% of real-time (8 threads)
[0m  [35m
 RAIJU
      UT   = 2001-06-01 23:11:05
      Time =    11.083 [min]
     dtCpl =  5.00E+00 [sec]
     Max/Min dt @ k:
        Max 3.99E+01 [sec] @ 51
        Min 1.38E-01 [sec] @ 160
     Flav : max Press/Den @ L,MLT; DPS-dst
        0: P =   0.00, D =9075.91 @  1.54 Rp,12.07 MLT; DPS:   0.00
        1: P =   0.25, D =   5.87 @  8.38 Rp,13.28 MLT; DPS:  -0.83
        2: P =   2.94, D =   0.27 @  3.94 Rp, 5.00 MLT; DPS:  -5.32
[0m [32m<Writing HDF5 DATA @ t =    11.001 [min] >[0m 
[32m<Writing RAIJU HDF5 DATA @ t =    11.083 [min] >[0m 
 [36m
 GAMERA
      Time =    11.084 [min]
        ts =    10439
        dt =  8.44E-02 [sec]
    dt/dt0 =   70.921%
    Spent     0.0% of time waiting for Voltron
      kZCs =   3585.96 /   1377.20 [MHD/TOT] (8 threads)
[0m       CPCP =   68.613  70.037 [kV, N/S]
 [34m
 VOLTRON
      UT   = 2001-06-01 23:11:05
      tilt =    0.000 [deg]
    Sym-H  =   -5.000 [nT]
    BSDst  ~   19.725 [nT]
           dSMRs  ~    -0.28   -0.22    0.46    0.03 [nT, 12/18/00/06]
   DPSDst  ~   -5.125 [nT]
   Spent    42.7% of time waiting for Gamera
            11.7% of time processing Chimp(Helpers)
             8.9% of time processing IMAG
            13.5% of time processing Remix
            23.0% of time processing Tubes(Helpers)
             0.0% of time writing files
    Running @   71.225% of real-time (8 threads)
[0m  [35m
 RAIJU
      UT   = 2001-06-01 23:11:10
      Time =    11.167 [min]
     dtCpl =  5.00E+00 [sec]
     Max/Min dt @ k:
        Max 3.91E+01 [sec] @ 6
        Min 1.38E-01 [sec] @ 160
     Flav : max Press/Den @ L,MLT; DPS-dst
        0: P =   0.00, D =9075.91 @  1.54 Rp,12.07 MLT; DPS:   0.00
        1: P =   0.25, D =   5.85 @  8.41 Rp,13.28 MLT; DPS:  -0.83
        2: P =   2.94, D =   0.27 @  3.94 Rp, 4.87 MLT; DPS:  -5.32
[0m [32m<Writing HDF5 DATA @ t =    11.084 [min] >[0m 
[32m<Writing RAIJU HDF5 DATA @ t =    11.167 [min] >[0m 
 [36m
 GAMERA
      Time =    11.167 [min]
        ts =    10498
        dt =  8.44E-02 [sec]
    dt/dt0 =   70.900%
    Spent     0.0% of time waiting for Voltron
      kZCs =   3584.78 /   1377.66 [MHD/TOT] (8 threads)
[0m       CPCP =   69.375  70.999 [kV, N/S]
 [34m
 VOLTRON
      UT   = 2001-06-01 23:11:10
      tilt =    0.000 [deg]
    Sym-H  =   -5.000 [nT]
    BSDst  ~   19.670 [nT]
           dSMRs  ~    -0.35   -0.22    0.53    0.03 [nT, 12/18/00/06]
   DPSDst  ~   -5.122 [nT]
   Spent    42.7% of time waiting for Gamera
            11.7% of time processing Chimp(Helpers)
             8.9% of time processing IMAG
            13.5% of time processing Remix
            23.0% of time processing Tubes(Helpers)
             0.0% of time writing files
    Running @   71.418% of real-time (8 threads)
[0m  [35m
 RAIJU
      UT   = 2001-06-01 23:11:15
      Time =    11.250 [min]
     dtCpl =  5.00E+00 [sec]
     Max/Min dt @ k:
        Max 3.70E+01 [sec] @ 7
        Min 1.38E-01 [sec] @ 160
     Flav : max Press/Den @ L,MLT; DPS-dst
        0: P =   0.00, D =9075.91 @  1.54 Rp,12.07 MLT; DPS:   0.00
        1: P =   0.23, D =   5.84 @  8.43 Rp,13.41 MLT; DPS:  -0.82
        2: P =   2.94, D =   0.27 @  3.94 Rp, 4.87 MLT; DPS:  -5.32
[0m [32m<Writing HDF5 DATA @ t =    11.167 [min] >[0m 
[32m<Writing RAIJU HDF5 DATA @ t =    11.250 [min] >[0m 
 [36m
 GAMERA
      Time =    11.251 [min]
        ts =    10558
        dt =  8.44E-02 [sec]
    dt/dt0 =   70.877%
    Spent     0.0% of time waiting for Voltron
      kZCs =   3585.56 /   1393.88 [MHD/TOT] (8 threads)
[0m       CPCP =   70.063  71.856 [kV, N/S]
 [34m
 VOLTRON
      UT   = 2001-06-01 23:11:15
      tilt =    0.000 [deg]
    Sym-H  =   -5.000 [nT]
    BSDst  ~   19.600 [nT]
           dSMRs  ~    -0.40   -0.22    0.58    0.04 [nT, 12/18/00/06]
   DPSDst  ~   -5.116 [nT]
   Spent    42.8% of time waiting for Gamera
            11.7% of time processing Chimp(Helpers)
             8.8% of time processing IMAG
            13.4% of time processing Remix
            23.0% of time processing Tubes(Helpers)
             0.0% of time writing files
    Running @   71.637% of real-time (8 threads)
[0m  [35m
 RAIJU
      UT   = 2001-06-01 23:11:20
      Time =    11.333 [min]
     dtCpl =  5.00E+00 [sec]
     Max/Min dt @ k:
        Max 3.53E+01 [sec] @ 8
        Min 1.38E-01 [sec] @ 160
     Flav : max Press/Den @ L,MLT; DPS-dst
        0: P =   0.00, D =9075.91 @  1.54 Rp,12.07 MLT; DPS:   0.00
        1: P =   0.23, D =   5.80 @  8.43 Rp,13.41 MLT; DPS:  -0.82
        2: P =   2.94, D =   0.27 @  3.94 Rp, 4.87 MLT; DPS:  -5.31
[0m [32m<Writing HDF5 DATA @ t =    11.251 [min] >[0m 
[32m<Writing RAIJU HDF5 DATA @ t =    11.333 [min] >[0m 
 [36m
 GAMERA
      Time =    11.334 [min]
        ts =    10617
        dt =  8.44E-02 [sec]
    dt/dt0 =   70.849%
    Spent     0.0% of time waiting for Voltron
      kZCs =   3583.30 /   1378.88 [MHD/TOT] (8 threads)
[0m       CPCP =   70.756  72.531 [kV, N/S]
 [34m
 VOLTRON
      UT   = 2001-06-01 23:11:20
      tilt =    0.000 [deg]
    Sym-H  =   -5.000 [nT]
    BSDst  ~   19.532 [nT]
           dSMRs  ~    -0.43   -0.22    0.62    0.03 [nT, 12/18/00/06]
   DPSDst  ~   -5.114 [nT]
   Spent    42.9% of time waiting for Gamera
            11.7% of time processing Chimp(Helpers)
             8.8% of time processing IMAG
            13.4% of time processing Remix
            23.0% of time processing Tubes(Helpers)
             0.0% of time writing files
    Running @   71.820% of real-time (8 threads)
[0m  [35m
 RAIJU
      UT   = 2001-06-01 23:11:25
      Time =    11.417 [min]
     dtCpl =  5.00E+00 [sec]
     Max/Min dt @ k:
        Max 3.37E+01 [sec] @ 8
        Min 1.38E-01 [sec] @ 160
     Flav : max Press/Den @ L,MLT; DPS-dst
        0: P =   0.00, D =9075.91 @  1.54 Rp,12.07 MLT; DPS:   0.00
        1: P =   0.22, D =   5.75 @  8.44 Rp,13.41 MLT; DPS:  -0.81
        2: P =   2.94, D =   0.27 @  3.94 Rp, 4.74 MLT; DPS:  -5.32
[0m [32m<Writing HDF5 DATA @ t =    11.334 [min] >[0m 
[32m<Writing RAIJU HDF5 DATA @ t =    11.417 [min] >[0m 
 [36m
 GAMERA
      Time =    11.417 [min]
        ts =    10676
        dt =  8.43E-02 [sec]
    dt/dt0 =   70.798%
    Spent     0.0% of time waiting for Voltron
      kZCs =   3582.42 /   1382.43 [MHD/TOT] (8 threads)
[0m       CPCP =   71.346  73.067 [kV, N/S]
 [34m
 VOLTRON
      UT   = 2001-06-01 23:11:25
      tilt =    0.000 [deg]
    Sym-H  =   -5.000 [nT]
    BSDst  ~   19.490 [nT]
           dSMRs  ~    -0.43   -0.23    0.64    0.01 [nT, 12/18/00/06]
   DPSDst  ~   -5.109 [nT]
   Spent    42.9% of time waiting for Gamera
            11.7% of time processing Chimp(Helpers)
             8.8% of time processing IMAG
            13.4% of time processing Remix
            23.0% of time processing Tubes(Helpers)
             0.0% of time writing files
    Running @   71.878% of real-time (8 threads)
[0m  [35m
 RAIJU
      UT   = 2001-06-01 23:11:30
      Time =    11.500 [min]
     dtCpl =  5.00E+00 [sec]
     Max/Min dt @ k:
        Max 3.26E+01 [sec] @ 8
        Min 1.38E-01 [sec] @ 160
     Flav : max Press/Den @ L,MLT; DPS-dst
        0: P =   0.00, D =9075.91 @  1.54 Rp,12.07 MLT; DPS:   0.00
        1: P =   0.22, D =   5.70 @  8.45 Rp,13.41 MLT; DPS:  -0.81
        2: P =   2.94, D =   0.27 @  3.94 Rp, 4.74 MLT; DPS:  -5.31
[0m [32m<Writing HDF5 DATA @ t =    11.417 [min] >[0m 
[32m<Writing RAIJU HDF5 DATA @ t =    11.500 [min] >[0m 
 [36m
 GAMERA
      Time =    11.501 [min]
        ts =    10736
        dt =  8.42E-02 [sec]
    dt/dt0 =   70.732%
    Spent     0.0% of time waiting for Voltron
      kZCs =   3585.27 /   1395.90 [MHD/TOT] (8 threads)
[0m       CPCP =   71.812  73.598 [kV, N/S]
 [34m
 VOLTRON
      UT   = 2001-06-01 23:11:30
      tilt =    0.000 [deg]
    Sym-H  =   -5.000 [nT]
    BSDst  ~   19.488 [nT]
           dSMRs  ~    -0.39   -0.25    0.64   -0.01 [nT, 12/18/00/06]
   DPSDst  ~   -5.114 [nT]
   Spent    43.0% of time waiting for Gamera
            11.7% of time processing Chimp(Helpers)
             8.8% of time processing IMAG
            13.4% of time processing Remix
            23.0% of time processing Tubes(Helpers)
             0.0% of time writing files
    Running @   72.094% of real-time (8 threads)
[0m  [35m
 RAIJU
      UT   = 2001-06-01 23:11:35
      Time =    11.583 [min]
     dtCpl =  5.00E+00 [sec]
     Max/Min dt @ k:
        Max 3.16E+01 [sec] @ 8
        Min 1.38E-01 [sec] @ 160
     Flav : max Press/Den @ L,MLT; DPS-dst
        0: P =   0.00, D =9075.91 @  1.54 Rp,12.07 MLT; DPS:   0.00
        1: P =   0.22, D =   5.65 @  8.46 Rp,13.40 MLT; DPS:  -0.81
        2: P =   2.94, D =   0.27 @  3.94 Rp, 4.74 MLT; DPS:  -5.32
[0m [32m<Writing HDF5 DATA @ t =    11.501 [min] >[0m 
[32m<Writing RAIJU HDF5 DATA @ t =    11.583 [min] >[0m 
 [36m
 GAMERA
      Time =    11.584 [min]
        ts =    10795
        dt =  8.41E-02 [sec]
    dt/dt0 =   70.667%
    Spent     0.0% of time waiting for Voltron
      kZCs =   3586.70 /   1383.35 [MHD/TOT] (8 threads)
[0m       CPCP =   72.323  74.048 [kV, N/S]
 [34m
 VOLTRON
      UT   = 2001-06-01 23:11:35
      tilt =    0.000 [deg]
    Sym-H  =   -5.000 [nT]
    BSDst  ~   19.524 [nT]
           dSMRs  ~    -0.33   -0.26    0.63   -0.03 [nT, 12/18/00/06]
   DPSDst  ~   -5.109 [nT]
   Spent    43.0% of time waiting for Gamera
            11.7% of time processing Chimp(Helpers)
             8.8% of time processing IMAG
            13.4% of time processing Remix
            23.0% of time processing Tubes(Helpers)
             0.0% of time writing files
    Running @   72.280% of real-time (8 threads)
[0m  [35m
 RAIJU
      UT   = 2001-06-01 23:11:40
      Time =    11.667 [min]
     dtCpl =  5.00E+00 [sec]
     Max/Min dt @ k:
        Max 3.08E+01 [sec] @ 8
        Min 1.38E-01 [sec] @ 160
     Flav : max Press/Den @ L,MLT; DPS-dst
        0: P =   0.00, D =9075.91 @  1.54 Rp,12.07 MLT; DPS:   0.00
        1: P =   0.21, D =   5.62 @  8.47 Rp,13.40 MLT; DPS:  -0.80
        2: P =   2.94, D =   0.27 @  3.94 Rp, 4.74 MLT; DPS:  -5.32
[0m [32m<Writing HDF5 DATA @ t =    11.584 [min] >[0m 
[32m<Writing RAIJU HDF5 DATA @ t =    11.667 [min] >[0m 
 [36m
 GAMERA
      Time =    11.667 [min]
        ts =    10854
        dt =  8.41E-02 [sec]
    dt/dt0 =   70.616%
    Spent     0.0% of time waiting for Voltron
      kZCs =   3585.81 /   1385.09 [MHD/TOT] (8 threads)
[0m       CPCP =   73.199  74.321 [kV, N/S]
 [34m
 VOLTRON
      UT   = 2001-06-01 23:11:40
      tilt =    0.000 [deg]
    Sym-H  =   -5.000 [nT]
    BSDst  ~   19.584 [nT]
           dSMRs  ~    -0.28   -0.28    0.60   -0.04 [nT, 12/18/00/06]
   DPSDst  ~   -5.109 [nT]
   Spent    41.7% of time waiting for Gamera
            11.3% of time processing Chimp(Helpers)
             8.5% of time processing IMAG
            12.9% of time processing Remix
            22.2% of time processing Tubes(Helpers)
             3.2% of time writing files
    Running @   71.924% of real-time (8 threads)
[0m  [35m
 RAIJU
      UT   = 2001-06-01 23:11:45
      Time =    11.750 [min]
     dtCpl =  5.00E+00 [sec]
     Max/Min dt @ k:
        Max 3.01E+01 [sec] @ 8
        Min 1.38E-01 [sec] @ 160
     Flav : max Press/Den @ L,MLT; DPS-dst
        0: P =   0.00, D =9075.91 @  1.54 Rp,12.07 MLT; DPS:   0.00
        1: P =   0.17, D =   0.16 @  5.04 Rp, 0.34 MLT; DPS:  -0.80
        2: P =   2.94, D =   0.27 @  3.94 Rp, 4.60 MLT; DPS:  -5.32
[0m [32m<Writing HDF5 DATA @ t =    11.667 [min] >[0m 
[32m<Writing RAIJU HDF5 DATA @ t =    11.750 [min] >[0m 
 [36m
 GAMERA
      Time =    11.751 [min]
        ts =    10914
        dt =  8.40E-02 [sec]
    dt/dt0 =   70.577%
    Spent     0.0% of time waiting for Voltron
      kZCs =   3586.43 /   1398.77 [MHD/TOT] (8 threads)
[0m       CPCP =   74.329  75.174 [kV, N/S]
 [34m
 VOLTRON
      UT   = 2001-06-01 23:11:45
      tilt =    0.000 [deg]
    Sym-H  =   -5.000 [nT]
    BSDst  ~   19.651 [nT]
           dSMRs  ~    -0.24   -0.28    0.57   -0.05 [nT, 12/18/00/06]
   DPSDst  ~   -5.112 [nT]
   Spent    42.0% of time waiting for Gamera
            11.4% of time processing Chimp(Helpers)
             8.5% of time processing IMAG
            13.0% of time processing Remix
            22.3% of time processing Tubes(Helpers)
             2.7% of time writing files
    Running @   72.120% of real-time (8 threads)
[0m  [35m
 RAIJU
      UT   = 2001-06-01 23:11:50
      Time =    11.833 [min]
     dtCpl =  5.00E+00 [sec]
     Max/Min dt @ k:
        Max 2.96E+01 [sec] @ 8
        Min 1.38E-01 [sec] @ 160
     Flav : max Press/Den @ L,MLT; DPS-dst
        0: P =   0.00, D =9075.91 @  1.54 Rp,12.07 MLT; DPS:   0.00
        1: P =   0.17, D =   0.16 @  5.04 Rp, 0.20 MLT; DPS:  -0.80
        2: P =   2.94, D =   0.27 @  3.94 Rp, 4.60 MLT; DPS:  -5.32
[0m [32m<Writing HDF5 DATA @ t =    11.751 [min] >[0m 
[32m<Writing RAIJU HDF5 DATA @ t =    11.833 [min] >[0m 
 [36m
 GAMERA
      Time =    11.833 [min]
        ts =    10973
        dt =  8.40E-02 [sec]
    dt/dt0 =   70.564%
    Spent     0.0% of time waiting for Voltron
      kZCs =   3585.81 /   1387.81 [MHD/TOT] (8 threads)
[0m       CPCP =   75.242  75.937 [kV, N/S]
 [34m
 VOLTRON
      UT   = 2001-06-01 23:11:50
      tilt =    0.000 [deg]
    Sym-H  =   -5.000 [nT]
    BSDst  ~   19.689 [nT]
           dSMRs  ~    -0.25   -0.28    0.57   -0.04 [nT, 12/18/00/06]
   DPSDst  ~   -5.107 [nT]
   Spent    42.2% of time waiting for Gamera
            11.4% of time processing Chimp(Helpers)
             8.6% of time processing IMAG
            13.0% of time processing Remix
            22.3% of time processing Tubes(Helpers)
             2.3% of time writing files
    Running @   72.299% of real-time (8 threads)
[0m  [35m
 RAIJU
      UT   = 2001-06-01 23:11:55
      Time =    11.917 [min]
     dtCpl =  5.00E+00 [sec]
     Max/Min dt @ k:
        Max 2.92E+01 [sec] @ 8
        Min 1.38E-01 [sec] @ 160
     Flav : max Press/Den @ L,MLT; DPS-dst
        0: P =   0.00, D =9075.91 @  1.54 Rp,12.07 MLT; DPS:   0.00
        1: P =   0.17, D =   0.16 @  5.04 Rp, 0.20 MLT; DPS:  -0.79
        2: P =   2.94, D =   0.27 @  3.94 Rp, 4.60 MLT; DPS:  -5.32
[0m [32m<Writing HDF5 DATA @ t =    11.833 [min] >[0m 
[32m<Writing RAIJU HDF5 DATA @ t =    11.917 [min] >[0m 
 [36m
 GAMERA
      Time =    11.917 [min]
        ts =    11033
        dt =  8.40E-02 [sec]
    dt/dt0 =   70.568%
    Spent     0.0% of time waiting for Voltron
      kZCs =   3586.14 /   1402.72 [MHD/TOT] (8 threads)
[0m       CPCP =   76.021  76.487 [kV, N/S]
 [34m
 VOLTRON
      UT   = 2001-06-01 23:11:55
      tilt =    0.000 [deg]
    Sym-H  =   -5.000 [nT]
    BSDst  ~   19.679 [nT]
           dSMRs  ~    -0.29   -0.28    0.60   -0.03 [nT, 12/18/00/06]
   DPSDst  ~   -5.101 [nT]
   Spent    42.4% of time waiting for Gamera
            11.5% of time processing Chimp(Helpers)
             8.6% of time processing IMAG
            13.0% of time processing Remix
            22.4% of time processing Tubes(Helpers)
             2.0% of time writing files
    Running @   72.495% of real-time (8 threads)
[0m  [35m
 RAIJU
      UT   = 2001-06-01 23:11:59
      Time =    12.000 [min]
     dtCpl =  5.00E+00 [sec]
     Max/Min dt @ k:
        Max 2.85E+01 [sec] @ 8
        Min 1.38E-01 [sec] @ 160
     Flav : max Press/Den @ L,MLT; DPS-dst
        0: P =   0.00, D =9075.91 @  1.54 Rp,12.07 MLT; DPS:   0.00
        1: P =   0.17, D =   0.16 @  5.04 Rp, 0.20 MLT; DPS:  -0.79
        2: P =   2.94, D =   0.27 @  3.94 Rp, 4.47 MLT; DPS:  -5.32
[0m [32m<Writing HDF5 DATA @ t =    11.917 [min] >[0m 
[32m<Writing RAIJU HDF5 DATA @ t =    12.000 [min] >[0m 
 [36m
 GAMERA
      Time =    12.000 [min]
        ts =    11092
        dt =  8.40E-02 [sec]
    dt/dt0 =   70.575%
    Spent     0.0% of time waiting for Voltron
      kZCs =   3587.59 /   1389.14 [MHD/TOT] (8 threads)
[0m       CPCP =   76.765  76.863 [kV, N/S]
 [34m
 VOLTRON
      UT   = 2001-06-01 23:12:00
      tilt =    0.000 [deg]
    Sym-H  =   -5.000 [nT]
    BSDst  ~   19.619 [nT]
           dSMRs  ~    -0.35   -0.28    0.65   -0.03 [nT, 12/18/00/06]
   DPSDst  ~   -5.097 [nT]
   Spent    42.5% of time waiting for Gamera
            11.5% of time processing Chimp(Helpers)
             8.6% of time processing IMAG
            13.0% of time processing Remix
            22.4% of time processing Tubes(Helpers)
             1.7% of time writing files
    Running @   72.672% of real-time (8 threads)
[0m  [35m
 RAIJU
      UT   = 2001-06-01 23:12:05
      Time =    12.083 [min]
     dtCpl =  5.00E+00 [sec]
     Max/Min dt @ k:
        Max 2.76E+01 [sec] @ 8
        Min 1.38E-01 [sec] @ 160
     Flav : max Press/Den @ L,MLT; DPS-dst
        0: P =   0.00, D =9075.91 @  1.54 Rp,12.07 MLT; DPS:   0.00
        1: P =   0.17, D =   0.16 @  5.04 Rp, 0.20 MLT; DPS:  -0.79
        2: P =   2.94, D =   0.27 @  3.94 Rp, 4.47 MLT; DPS:  -5.31
[0m [32m<Writing HDF5 DATA @ t =    12.000 [min] >[0m 
[32m<Writing RAIJU HDF5 DATA @ t =    12.083 [min] >[0m 
 [36m
 GAMERA
      Time =    12.084 [min]
        ts =    11152
        dt =  8.40E-02 [sec]
    dt/dt0 =   70.591%
    Spent     0.0% of time waiting for Voltron
      kZCs =   3585.56 /   1402.85 [MHD/TOT] (8 threads)
[0m       CPCP =   77.561  77.190 [kV, N/S]
 [34m
 VOLTRON
      UT   = 2001-06-01 23:12:05
      tilt =    0.000 [deg]
    Sym-H  =   -5.000 [nT]
    BSDst  ~   19.517 [nT]
           dSMRs  ~    -0.40   -0.27    0.70   -0.02 [nT, 12/18/00/06]
   DPSDst  ~   -5.077 [nT]
   Spent    42.7% of time waiting for Gamera
            11.5% of time processing Chimp(Helpers)
             8.6% of time processing IMAG
            13.1% of time processing Remix
            22.4% of time processing Tubes(Helpers)
             1.4% of time writing files
    Running @   72.870% of real-time (8 threads)
[0m  [35m
 RAIJU
      UT   = 2001-06-01 23:12:10
      Time =    12.167 [min]
     dtCpl =  5.00E+00 [sec]
     Max/Min dt @ k:
        Max 2.68E+01 [sec] @ 8
        Min 1.38E-01 [sec] @ 160
     Flav : max Press/Den @ L,MLT; DPS-dst
        0: P =   0.00, D =9075.91 @  1.54 Rp,12.07 MLT; DPS:   0.00
        1: P =   0.16, D =   0.16 @  5.04 Rp, 0.20 MLT; DPS:  -0.78
        2: P =   2.94, D =   0.27 @  3.94 Rp, 0.34 MLT; DPS:  -5.30
[0m [32m<Writing HDF5 DATA @ t =    12.084 [min] >[0m 
[32m<Writing RAIJU HDF5 DATA @ t =    12.167 [min] >[0m 
 [36m
 GAMERA
      Time =    12.167 [min]
        ts =    11211
        dt =  8.41E-02 [sec]
    dt/dt0 =   70.624%
    Spent     0.0% of time waiting for Voltron
      kZCs =   3584.78 /   1386.97 [MHD/TOT] (8 threads)
[0m       CPCP =   78.352  77.581 [kV, N/S]
 [34m
 VOLTRON
      UT   = 2001-06-01 23:12:10
      tilt =    0.000 [deg]
    Sym-H  =   -5.000 [nT]
    BSDst  ~   19.398 [nT]
           dSMRs  ~    -0.44   -0.27    0.73   -0.03 [nT, 12/18/00/06]
   DPSDst  ~   -5.072 [nT]
   Spent    42.8% of time waiting for Gamera
            11.6% of time processing Chimp(Helpers)
             8.7% of time processing IMAG
            13.1% of time processing Remix
            22.5% of time processing Tubes(Helpers)
             1.2% of time writing files
    Running @   73.032% of real-time (8 threads)
[0m  [35m
 RAIJU
      UT   = 2001-06-01 23:12:15
      Time =    12.250 [min]
     dtCpl =  5.00E+00 [sec]
     Max/Min dt @ k:
        Max 2.62E+01 [sec] @ 9
        Min 1.38E-01 [sec] @ 160
     Flav : max Press/Den @ L,MLT; DPS-dst
        0: P =   0.00, D =9075.91 @  1.54 Rp,12.07 MLT; DPS:   0.00
        1: P =   0.16, D =   0.19 @  5.39 Rp, 0.20 MLT; DPS:  -0.77
        2: P =   2.95, D =   0.27 @  3.94 Rp, 0.20 MLT; DPS:  -5.30
[0m [32m<Writing HDF5 DATA @ t =    12.167 [min] >[0m 
[32m<Writing RAIJU HDF5 DATA @ t =    12.250 [min] >[0m 
 [36m
 GAMERA
      Time =    12.251 [min]
        ts =    11271
        dt =  8.41E-02 [sec]
    dt/dt0 =   70.659%
    Spent     0.0% of time waiting for Voltron
      kZCs =   3585.56 /   1403.59 [MHD/TOT] (8 threads)
[0m       CPCP =   79.099  78.013 [kV, N/S]
 [34m
 VOLTRON
      UT   = 2001-06-01 23:12:15
      tilt =    0.000 [deg]
    Sym-H  =   -5.000 [nT]
    BSDst  ~   19.285 [nT]
           dSMRs  ~    -0.43   -0.27    0.74   -0.03 [nT, 12/18/00/06]
   DPSDst  ~   -5.065 [nT]
   Spent    42.9% of time waiting for Gamera
            11.6% of time processing Chimp(Helpers)
             8.7% of time processing IMAG
            13.1% of time processing Remix
            22.5% of time processing Tubes(Helpers)
             1.0% of time writing files
    Running @   73.220% of real-time (8 threads)
[0m  [35m
 RAIJU
      UT   = 2001-06-01 23:12:20
      Time =    12.333 [min]
     dtCpl =  5.00E+00 [sec]
     Max/Min dt @ k:
        Max 2.57E+01 [sec] @ 9
        Min 1.38E-01 [sec] @ 160
     Flav : max Press/Den @ L,MLT; DPS-dst
        0: P =   0.00, D =9075.91 @  1.54 Rp,12.07 MLT; DPS:   0.00
        1: P =   0.16, D =   0.19 @  5.39 Rp,23.80 MLT; DPS:  -0.77
        2: P =   2.95, D =   0.27 @  3.94 Rp, 0.20 MLT; DPS:  -5.29
[0m [32m<Writing HDF5 DATA @ t =    12.251 [min] >[0m 
[32m<Writing RAIJU HDF5 DATA @ t =    12.333 [min] >[0m 
 [36m
 GAMERA
      Time =    12.334 [min]
        ts =    11330
        dt =  8.42E-02 [sec]
    dt/dt0 =   70.693%
    Spent     0.0% of time waiting for Voltron
      kZCs =   3585.52 /   1391.03 [MHD/TOT] (8 threads)
[0m       CPCP =   79.827  78.566 [kV, N/S]
 [34m
 VOLTRON
      UT   = 2001-06-01 23:12:20
      tilt =    0.000 [deg]
    Sym-H  =   -5.000 [nT]
    BSDst  ~   19.200 [nT]
           dSMRs  ~    -0.41   -0.28    0.73   -0.04 [nT, 12/18/00/06]
   DPSDst  ~   -5.058 [nT]
   Spent    43.0% of time waiting for Gamera
            11.6% of time processing Chimp(Helpers)
             8.7% of time processing IMAG
            13.1% of time processing Remix
            22.5% of time processing Tubes(Helpers)
             0.9% of time writing files
    Running @   73.383% of real-time (8 threads)
[0m  [35m
 RAIJU
      UT   = 2001-06-01 23:12:25
      Time =    12.417 [min]
     dtCpl =  5.00E+00 [sec]
     Max/Min dt @ k:
        Max 2.52E+01 [sec] @ 9
        Min 1.38E-01 [sec] @ 160
     Flav : max Press/Den @ L,MLT; DPS-dst
        0: P =   0.00, D =9075.91 @  1.54 Rp,12.07 MLT; DPS:   0.00
        1: P =   0.16, D =   0.19 @  5.39 Rp,23.80 MLT; DPS:  -0.77
        2: P =   2.96, D =   0.27 @  3.94 Rp, 0.20 MLT; DPS:  -5.29
[0m [32m<Writing HDF5 DATA @ t =    12.334 [min] >[0m 
[32m<Writing RAIJU HDF5 DATA @ t =    12.417 [min] >[0m 
 [36m
 GAMERA
      Time =    12.418 [min]
        ts =    11390
        dt =  8.42E-02 [sec]
    dt/dt0 =   70.724%
    Spent     0.0% of time waiting for Voltron
      kZCs =   3584.10 /   1405.21 [MHD/TOT] (8 threads)
[0m       CPCP =   80.553  79.246 [kV, N/S]
 [34m
 VOLTRON
      UT   = 2001-06-01 23:12:25
      tilt =    0.000 [deg]
    Sym-H  =   -5.000 [nT]
    BSDst  ~   19.151 [nT]
           dSMRs  ~    -0.37   -0.29    0.71   -0.05 [nT, 12/18/00/06]
   DPSDst  ~   -5.053 [nT]
   Spent    43.1% of time waiting for Gamera
            11.6% of time processing Chimp(Helpers)
             8.7% of time processing IMAG
            13.1% of time processing Remix
            22.5% of time processing Tubes(Helpers)
             0.7% of time writing files
    Running @   73.547% of real-time (8 threads)
[0m  [35m
 RAIJU
      UT   = 2001-06-01 23:12:30
      Time =    12.500 [min]
     dtCpl =  5.00E+00 [sec]
     Max/Min dt @ k:
        Max 2.48E+01 [sec] @ 9
        Min 1.38E-01 [sec] @ 160
     Flav : max Press/Den @ L,MLT; DPS-dst
        0: P =   0.00, D =9075.91 @  1.54 Rp,12.07 MLT; DPS:   0.00
        1: P =   0.16, D =   0.19 @  5.39 Rp,23.80 MLT; DPS:  -0.76
        2: P =   2.96, D =   0.27 @  3.94 Rp, 0.20 MLT; DPS:  -5.29
[0m [32m<Writing HDF5 DATA @ t =    12.418 [min] >[0m 
[32m<Writing RAIJU HDF5 DATA @ t =    12.500 [min] >[0m 
 [36m
 GAMERA
      Time =    12.501 [min]
        ts =    11449
        dt =  8.42E-02 [sec]
    dt/dt0 =   70.736%
    Spent     0.0% of time waiting for Voltron
      kZCs =   3585.08 /   1392.27 [MHD/TOT] (8 threads)
[0m       CPCP =   81.188  79.919 [kV, N/S]
 [34m
 VOLTRON
      UT   = 2001-06-01 23:12:30
      tilt =    0.000 [deg]
    Sym-H  =   -5.000 [nT]
    BSDst  ~   19.132 [nT]
           dSMRs  ~    -0.32   -0.30    0.68   -0.06 [nT, 12/18/00/06]
   DPSDst  ~   -5.054 [nT]
   Spent    43.2% of time waiting for Gamera
            11.6% of time processing Chimp(Helpers)
             8.7% of time processing IMAG
            13.2% of time processing Remix
            22.5% of time processing Tubes(Helpers)
             0.6% of time writing files
    Running @   73.684% of real-time (8 threads)
[0m  [35m
 RAIJU
      UT   = 2001-06-01 23:12:35
      Time =    12.583 [min]
     dtCpl =  5.00E+00 [sec]
     Max/Min dt @ k:
        Max 2.45E+01 [sec] @ 9
        Min 1.38E-01 [sec] @ 160
     Flav : max Press/Den @ L,MLT; DPS-dst
        0: P =   0.00, D =9075.91 @  1.54 Rp,12.07 MLT; DPS:   0.00
        1: P =   0.16, D =   0.19 @  5.39 Rp,23.80 MLT; DPS:  -0.76
        2: P =   2.96, D =   0.27 @  3.94 Rp, 0.20 MLT; DPS:  -5.29
[0m [32m<Writing HDF5 DATA @ t =    12.501 [min] >[0m 
[32m<Writing RAIJU HDF5 DATA @ t =    12.583 [min] >[0m 
 [36m
 GAMERA
      Time =    12.583 [min]
        ts =    11508
        dt =  8.42E-02 [sec]
    dt/dt0 =   70.732%
    Spent     0.0% of time waiting for Voltron
      kZCs =   3583.75 /   1392.03 [MHD/TOT] (8 threads)
[0m       CPCP =   81.677  80.370 [kV, N/S]
 [34m
 VOLTRON
      UT   = 2001-06-01 23:12:35
      tilt =    0.000 [deg]
    Sym-H  =   -5.000 [nT]
    BSDst  ~   19.133 [nT]
           dSMRs  ~    -0.27   -0.31    0.64   -0.07 [nT, 12/18/00/06]
   DPSDst  ~   -5.044 [nT]
   Spent    43.2% of time waiting for Gamera
            11.6% of time processing Chimp(Helpers)
             8.7% of time processing IMAG
            13.2% of time processing Remix
            22.6% of time processing Tubes(Helpers)
             0.5% of time writing files
    Running @   73.832% of real-time (8 threads)
[0m  [35m
 RAIJU
      UT   = 2001-06-01 23:12:40
      Time =    12.667 [min]
     dtCpl =  5.00E+00 [sec]
     Max/Min dt @ k:
        Max 2.40E+01 [sec] @ 9
        Min 1.38E-01 [sec] @ 160
     Flav : max Press/Den @ L,MLT; DPS-dst
        0: P =   0.00, D =9075.91 @  1.54 Rp,12.07 MLT; DPS:   0.00
        1: P =   0.16, D =   0.19 @  5.39 Rp,23.80 MLT; DPS:  -0.76
        2: P =   2.97, D =   0.27 @  3.94 Rp, 0.20 MLT; DPS:  -5.28
[0m [32m<Writing HDF5 DATA @ t =    12.583 [min] >[0m 
[32m<Writing RAIJU HDF5 DATA @ t =    12.667 [min] >[0m 
 [36m
 GAMERA
      Time =    12.668 [min]
        ts =    11568
        dt =  8.42E-02 [sec]
    dt/dt0 =   70.714%
    Spent     0.0% of time waiting for Voltron
      kZCs =   3583.38 /   1405.88 [MHD/TOT] (8 threads)
[0m       CPCP =   81.946  80.523 [kV, N/S]
 [34m
 VOLTRON
      UT   = 2001-06-01 23:12:40
      tilt =    0.000 [deg]
    Sym-H  =   -5.000 [nT]
    BSDst  ~   19.141 [nT]
           dSMRs  ~    -0.23   -0.30    0.61   -0.07 [nT, 12/18/00/06]
   DPSDst  ~   -5.054 [nT]
   Spent    43.3% of time waiting for Gamera
            11.6% of time processing Chimp(Helpers)
             8.7% of time processing IMAG
            13.2% of time processing Remix
            22.6% of time processing Tubes(Helpers)
             0.4% of time writing files
    Running @   74.001% of real-time (8 threads)
[0m  [35m
 RAIJU
      UT   = 2001-06-01 23:12:45
      Time =    12.750 [min]
     dtCpl =  5.00E+00 [sec]
     Max/Min dt @ k:
        Max 2.35E+01 [sec] @ 9
        Min 1.38E-01 [sec] @ 160
     Flav : max Press/Den @ L,MLT; DPS-dst
        0: P =   0.00, D =9075.91 @  1.54 Rp,12.07 MLT; DPS:   0.00
        1: P =   0.16, D =   0.19 @  5.39 Rp,23.80 MLT; DPS:  -0.76
        2: P =   2.97, D =   0.27 @  3.94 Rp, 0.20 MLT; DPS:  -5.29
[0m [32m<Writing HDF5 DATA @ t =    12.668 [min] >[0m 
[32m<Writing RAIJU HDF5 DATA @ t =    12.750 [min] >[0m 
 [36m
 GAMERA
      Time =    12.750 [min]
        ts =    11627
        dt =  8.42E-02 [sec]
    dt/dt0 =   70.694%
    Spent     0.0% of time waiting for Voltron
      kZCs =   3583.16 /   1394.57 [MHD/TOT] (8 threads)
[0m       CPCP =   82.007  80.428 [kV, N/S]
 [34m
 VOLTRON
      UT   = 2001-06-01 23:12:45
      tilt =    0.000 [deg]
    Sym-H  =   -5.000 [nT]
    BSDst  ~   19.141 [nT]
           dSMRs  ~    -0.21   -0.30    0.59   -0.08 [nT, 12/18/00/06]
   DPSDst  ~   -5.050 [nT]
   Spent    43.3% of time waiting for Gamera
            11.6% of time processing Chimp(Helpers)
             8.7% of time processing IMAG
            13.2% of time processing Remix
            22.6% of time processing Tubes(Helpers)
             0.4% of time writing files
    Running @   74.146% of real-time (8 threads)
[0m  [35m
 RAIJU
      UT   = 2001-06-01 23:12:50
      Time =    12.833 [min]
     dtCpl =  5.00E+00 [sec]
     Max/Min dt @ k:
        Max 2.30E+01 [sec] @ 9
        Min 1.38E-01 [sec] @ 160
     Flav : max Press/Den @ L,MLT; DPS-dst
        0: P =   0.00, D =9075.91 @  1.54 Rp,12.07 MLT; DPS:   0.00
        1: P =   0.16, D =   0.19 @  5.39 Rp,23.80 MLT; DPS:  -0.75
        2: P =   2.98, D =   0.27 @  3.94 Rp, 0.20 MLT; DPS:  -5.29
[0m [32m<Writing HDF5 DATA @ t =    12.750 [min] >[0m 
[32m<Writing RAIJU HDF5 DATA @ t =    12.833 [min] >[0m 
 [36m
 GAMERA
      Time =    12.835 [min]
        ts =    11687
        dt =  8.41E-02 [sec]
    dt/dt0 =   70.674%
    Spent     0.0% of time waiting for Voltron
      kZCs =   3583.52 /   1409.69 [MHD/TOT] (8 threads)
[0m       CPCP =   81.904  80.135 [kV, N/S]
 [34m
 VOLTRON
      UT   = 2001-06-01 23:12:50
      tilt =    0.000 [deg]
    Sym-H  =   -5.000 [nT]
    BSDst  ~   19.125 [nT]
           dSMRs  ~    -0.21   -0.30    0.58   -0.07 [nT, 12/18/00/06]
   DPSDst  ~   -5.047 [nT]
   Spent    43.4% of time waiting for Gamera
            11.6% of time processing Chimp(Helpers)
             8.7% of time processing IMAG
            13.2% of time processing Remix
            22.6% of time processing Tubes(Helpers)
             0.3% of time writing files
    Running @   74.310% of real-time (8 threads)
[0m  [35m
 RAIJU
      UT   = 2001-06-01 23:12:55
      Time =    12.917 [min]
     dtCpl =  5.00E+00 [sec]
     Max/Min dt @ k:
        Max 2.26E+01 [sec] @ 9
        Min 1.38E-01 [sec] @ 160
     Flav : max Press/Den @ L,MLT; DPS-dst
        0: P =   0.00, D =9075.91 @  1.54 Rp,12.07 MLT; DPS:   0.00
        1: P =   0.16, D =   0.18 @  5.39 Rp,23.87 MLT; DPS:  -0.75
        2: P =   2.98, D =   0.27 @  3.94 Rp, 0.20 MLT; DPS:  -5.30
[0m [32m<Writing HDF5 DATA @ t =    12.835 [min] >[0m 
[32m<Writing RAIJU HDF5 DATA @ t =    12.917 [min] >[0m 
 [36m
 GAMERA
      Time =    12.917 [min]
        ts =    11746
        dt =  8.41E-02 [sec]
    dt/dt0 =   70.665%
    Spent     0.0% of time waiting for Voltron
      kZCs =   3584.93 /   1396.09 [MHD/TOT] (8 threads)
[0m       CPCP =   81.970  79.869 [kV, N/S]
 [34m
 VOLTRON
      UT   = 2001-06-01 23:12:55
      tilt =    0.000 [deg]
    Sym-H  =   -5.000 [nT]
    BSDst  ~   19.078 [nT]
           dSMRs  ~    -0.22   -0.29    0.59   -0.07 [nT, 12/18/00/06]
   DPSDst  ~   -5.041 [nT]
   Spent    43.4% of time waiting for Gamera
            11.6% of time processing Chimp(Helpers)
             8.7% of time processing IMAG
            13.2% of time processing Remix
            22.6% of time processing Tubes(Helpers)
             0.3% of time writing files
    Running @   74.439% of real-time (8 threads)
[0m  [35m
 RAIJU
      UT   = 2001-06-01 23:12:59
      Time =    13.000 [min]
     dtCpl =  5.00E+00 [sec]
     Max/Min dt @ k:
        Max 2.22E+01 [sec] @ 9
        Min 1.38E-01 [sec] @ 160
     Flav : max Press/Den @ L,MLT; DPS-dst
        0: P =   0.00, D =9075.91 @  1.54 Rp,12.07 MLT; DPS:   0.00
        1: P =   0.16, D =   0.18 @  5.39 Rp,23.87 MLT; DPS:  -0.75
        2: P =   2.98, D =   0.27 @  3.94 Rp, 0.20 MLT; DPS:  -5.29
[0m [32m<Writing HDF5 DATA @ t =    12.917 [min] >[0m 
[32m<Writing RAIJU HDF5 DATA @ t =    13.000 [min] >[0m 
 [36m
 GAMERA
      Time =    13.000 [min]
        ts =    11805
        dt =  8.41E-02 [sec]
    dt/dt0 =   70.668%
    Spent     0.0% of time waiting for Voltron
      kZCs =   3584.63 /   1394.53 [MHD/TOT] (8 threads)
[0m       CPCP =   81.920  79.544 [kV, N/S]
 [34m
 VOLTRON
      UT   = 2001-06-01 23:13:00
      tilt =    0.000 [deg]
    Sym-H  =   -5.000 [nT]
    BSDst  ~   19.002 [nT]
           dSMRs  ~    -0.24   -0.29    0.59   -0.06 [nT, 12/18/00/06]
   DPSDst  ~   -5.036 [nT]
   Spent    43.5% of time waiting for Gamera
            11.6% of time processing Chimp(Helpers)
             8.8% of time processing IMAG
            13.2% of time processing Remix
            22.6% of time processing Tubes(Helpers)
             0.2% of time writing files
    Running @   74.552% of real-time (8 threads)
[0m  [35m
 RAIJU
      UT   = 2001-06-01 23:13:05
      Time =    13.083 [min]
     dtCpl =  5.00E+00 [sec]
     Max/Min dt @ k:
        Max 2.19E+01 [sec] @ 9
        Min 1.38E-01 [sec] @ 160
     Flav : max Press/Den @ L,MLT; DPS-dst
        0: P =   0.00, D =9075.91 @  1.54 Rp,12.07 MLT; DPS:   0.00
        1: P =   0.16, D =   0.18 @  5.39 Rp,23.87 MLT; DPS:  -0.75
        2: P =   2.99, D =   0.27 @  3.94 Rp, 0.14 MLT; DPS:  -5.29
[0m [32m<Writing HDF5 DATA @ t =    13.000 [min] >[0m 
[32m<Writing RAIJU HDF5 DATA @ t =    13.083 [min] >[0m 
 [36m
 GAMERA
      Time =    13.084 [min]
        ts =    11865
        dt =  8.42E-02 [sec]
    dt/dt0 =   70.687%
    Spent     0.0% of time waiting for Voltron
      kZCs =   3585.12 /   1411.96 [MHD/TOT] (8 threads)
[0m       CPCP =   81.731  78.947 [kV, N/S]
 [34m
 VOLTRON
      UT   = 2001-06-01 23:13:05
      tilt =    0.000 [deg]
    Sym-H  =   -5.000 [nT]
    BSDst  ~   18.905 [nT]
           dSMRs  ~    -0.25   -0.30    0.60   -0.05 [nT, 12/18/00/06]
   DPSDst  ~   -5.033 [nT]
   Spent    43.5% of time waiting for Gamera
            11.6% of time processing Chimp(Helpers)
             8.8% of time processing IMAG
            13.2% of time processing Remix
            22.6% of time processing Tubes(Helpers)
             0.2% of time writing files
    Running @   74.706% of real-time (8 threads)
[0m  [35m
 RAIJU
      UT   = 2001-06-01 23:13:10
      Time =    13.167 [min]
     dtCpl =  5.00E+00 [sec]
     Max/Min dt @ k:
        Max 2.16E+01 [sec] @ 9
        Min 1.38E-01 [sec] @ 160
     Flav : max Press/Den @ L,MLT; DPS-dst
        0: P =   0.00, D =9075.91 @  1.54 Rp,12.07 MLT; DPS:   0.00
        1: P =   0.15, D =   0.18 @  5.40 Rp,23.87 MLT; DPS:  -0.74
        2: P =   2.99, D =   0.27 @  3.94 Rp, 0.14 MLT; DPS:  -5.29
[0m [32m<Writing HDF5 DATA @ t =    13.084 [min] >[0m 
[32m<Writing RAIJU HDF5 DATA @ t =    13.167 [min] >[0m 
 [36m
 GAMERA
      Time =    13.167 [min]
        ts =    11924
        dt =  8.42E-02 [sec]
    dt/dt0 =   70.719%
    Spent     0.0% of time waiting for Voltron
      kZCs =   3583.89 /   1397.33 [MHD/TOT] (8 threads)
[0m       CPCP =   81.499  78.538 [kV, N/S]
 [34m
 VOLTRON
      UT   = 2001-06-01 23:13:10
      tilt =    0.000 [deg]
    Sym-H  =   -5.000 [nT]
    BSDst  ~   18.807 [nT]
           dSMRs  ~    -0.26   -0.29    0.59   -0.04 [nT, 12/18/00/06]
   DPSDst  ~   -5.031 [nT]
   Spent    43.5% of time waiting for Gamera
            11.5% of time processing Chimp(Helpers)
             8.8% of time processing IMAG
            13.2% of time processing Remix
            22.6% of time processing Tubes(Helpers)
             0.2% of time writing files
    Running @   74.829% of real-time (8 threads)
[0m  [35m
 RAIJU
      UT   = 2001-06-01 23:13:15
      Time =    13.250 [min]
     dtCpl =  5.00E+00 [sec]
     Max/Min dt @ k:
        Max 2.12E+01 [sec] @ 9
        Min 1.38E-01 [sec] @ 160
     Flav : max Press/Den @ L,MLT; DPS-dst
        0: P =   0.00, D =9075.91 @  1.54 Rp,12.07 MLT; DPS:   0.00
        1: P =   0.15, D =   0.18 @  5.40 Rp,23.87 MLT; DPS:  -0.74
        2: P =   2.99, D =   0.27 @  3.94 Rp, 0.14 MLT; DPS:  -5.29
[0m [32m<Writing HDF5 DATA @ t =    13.167 [min] >[0m 
[32m<Writing RAIJU HDF5 DATA @ t =    13.250 [min] >[0m 
 [36m
 GAMERA
      Time =    13.251 [min]
        ts =    11984
        dt =  8.43E-02 [sec]
    dt/dt0 =   70.763%
    Spent     0.0% of time waiting for Voltron
      kZCs =   3583.09 /   1410.45 [MHD/TOT] (8 threads)
[0m       CPCP =   81.213  78.321 [kV, N/S]
 [34m
 VOLTRON
      UT   = 2001-06-01 23:13:15
      tilt =    0.000 [deg]
    Sym-H  =   -5.000 [nT]
    BSDst  ~   18.717 [nT]
           dSMRs  ~    -0.26   -0.29    0.58   -0.04 [nT, 12/18/00/06]
   DPSDst  ~   -5.040 [nT]
   Spent    43.6% of time waiting for Gamera
            11.5% of time processing Chimp(Helpers)
             8.8% of time processing IMAG
            13.2% of time processing Remix
            22.5% of time processing Tubes(Helpers)
             0.1% of time writing files
    Running @   74.955% of real-time (8 threads)
[0m  [35m
 RAIJU
      UT   = 2001-06-01 23:13:20
      Time =    13.333 [min]
     dtCpl =  5.00E+00 [sec]
     Max/Min dt @ k:
        Max 2.10E+01 [sec] @ 9
        Min 1.38E-01 [sec] @ 160
     Flav : max Press/Den @ L,MLT; DPS-dst
        0: P =   0.00, D =9075.91 @  1.54 Rp,12.07 MLT; DPS:   0.00
        1: P =   0.15, D =   4.46 @  8.00 Rp,13.38 MLT; DPS:  -0.74
        2: P =   3.00, D =   0.27 @  3.94 Rp, 0.14 MLT; DPS:  -5.30
[0m [32m<Writing HDF5 DATA @ t =    13.251 [min] >[0m 
[32m<Writing RAIJU HDF5 DATA @ t =    13.333 [min] >[0m 
 [36m
 GAMERA
      Time =    13.334 [min]
        ts =    12043
        dt =  8.43E-02 [sec]
    dt/dt0 =   70.802%
    Spent     0.0% of time waiting for Voltron
      kZCs =   3583.01 /   1397.75 [MHD/TOT] (8 threads)
[0m       CPCP =   80.779  78.027 [kV, N/S]
 [34m
 VOLTRON
      UT   = 2001-06-01 23:13:20
      tilt =    0.000 [deg]
    Sym-H  =   -5.000 [nT]
    BSDst  ~   18.644 [nT]
           dSMRs  ~    -0.25   -0.28    0.56   -0.04 [nT, 12/18/00/06]
   DPSDst  ~   -5.034 [nT]
   Spent    43.6% of time waiting for Gamera
            11.5% of time processing Chimp(Helpers)
             8.8% of time processing IMAG
            13.2% of time processing Remix
            22.5% of time processing Tubes(Helpers)
             0.1% of time writing files
    Running @   75.074% of real-time (8 threads)
[0m  [35m
 RAIJU
      UT   = 2001-06-01 23:13:25
      Time =    13.417 [min]
     dtCpl =  5.00E+00 [sec]
     Max/Min dt @ k:
        Max 2.08E+01 [sec] @ 9
        Min 1.38E-01 [sec] @ 160
     Flav : max Press/Den @ L,MLT; DPS-dst
        0: P =   0.00, D =9075.91 @  1.54 Rp,12.07 MLT; DPS:   0.00
        1: P =   0.15, D =   4.45 @  8.00 Rp,13.38 MLT; DPS:  -0.74
        2: P =   3.00, D =   0.27 @  3.94 Rp, 0.14 MLT; DPS:  -5.30
[0m [32m<Writing HDF5 DATA @ t =    13.334 [min] >[0m 
[32m<Writing RAIJU HDF5 DATA @ t =    13.417 [min] >[0m 
 [36m
 GAMERA
      Time =    13.417 [min]
        ts =    12102
        dt =  8.44E-02 [sec]
    dt/dt0 =   70.858%
    Spent     0.0% of time waiting for Voltron
      kZCs =   3583.89 /   1399.40 [MHD/TOT] (8 threads)
[0m       CPCP =   80.274  77.718 [kV, N/S]
 [34m
 VOLTRON
      UT   = 2001-06-01 23:13:25
      tilt =    0.000 [deg]
    Sym-H  =   -5.000 [nT]
    BSDst  ~   18.596 [nT]
           dSMRs  ~    -0.22   -0.28    0.53   -0.03 [nT, 12/18/00/06]
   DPSDst  ~   -5.028 [nT]
   Spent    43.6% of time waiting for Gamera
            11.5% of time processing Chimp(Helpers)
             8.8% of time processing IMAG
            13.2% of time processing Remix
            22.6% of time processing Tubes(Helpers)
             0.1% of time writing files
    Running @   75.193% of real-time (8 threads)
[0m  [35m
 RAIJU
      UT   = 2001-06-01 23:13:30
      Time =    13.500 [min]
     dtCpl =  5.00E+00 [sec]
     Max/Min dt @ k:
        Max 2.07E+01 [sec] @ 9
        Min 1.38E-01 [sec] @ 160
     Flav : max Press/Den @ L,MLT; DPS-dst
        0: P =   0.00, D =9075.91 @  1.54 Rp,12.07 MLT; DPS:   0.00
        1: P =   0.15, D =   4.44 @  8.00 Rp,13.38 MLT; DPS:  -0.73
        2: P =   3.00, D =   0.27 @  3.94 Rp, 0.14 MLT; DPS:  -5.29
[0m [32m<Writing HDF5 DATA @ t =    13.417 [min] >[0m 
[32m<Writing RAIJU HDF5 DATA @ t =    13.500 [min] >[0m 
 [36m
 GAMERA
      Time =    13.501 [min]
        ts =    12162
        dt =  8.44E-02 [sec]
    dt/dt0 =   70.904%
    Spent     0.0% of time waiting for Voltron
      kZCs =   3583.38 /   1412.77 [MHD/TOT] (8 threads)
[0m       CPCP =   79.778  77.372 [kV, N/S]
 [34m
 VOLTRON
      UT   = 2001-06-01 23:13:30
      tilt =    0.000 [deg]
    Sym-H  =   -5.000 [nT]
    BSDst  ~   18.578 [nT]
           dSMRs  ~    -0.19   -0.27    0.49   -0.03 [nT, 12/18/00/06]
   DPSDst  ~   -4.992 [nT]
   Spent    43.7% of time waiting for Gamera
            11.5% of time processing Chimp(Helpers)
             8.8% of time processing IMAG
            13.2% of time processing Remix
            22.5% of time processing Tubes(Helpers)
             0.1% of time writing files
    Running @   75.336% of real-time (8 threads)
[0m  [35m
 RAIJU
      UT   = 2001-06-01 23:13:35
      Time =    13.583 [min]
     dtCpl =  5.00E+00 [sec]
     Max/Min dt @ k:
        Max 2.06E+01 [sec] @ 9
        Min 1.38E-01 [sec] @ 160
     Flav : max Press/Den @ L,MLT; DPS-dst
        0: P =   0.00, D =9075.91 @  1.54 Rp,12.07 MLT; DPS:   0.00
        1: P =   0.15, D =   4.43 @  8.00 Rp,13.39 MLT; DPS:  -0.72
        2: P =   3.01, D =   0.27 @  3.95 Rp,23.87 MLT; DPS:  -5.26
[0m [32m<Writing HDF5 DATA @ t =    13.501 [min] >[0m 
[32m<Writing RAIJU HDF5 DATA @ t =    13.583 [min] >[0m 
 [36m
 GAMERA
      Time =    13.584 [min]
        ts =    12221
        dt =  8.45E-02 [sec]
    dt/dt0 =   70.935%
    Spent     0.0% of time waiting for Voltron
      kZCs =   3583.01 /   1399.26 [MHD/TOT] (8 threads)
[0m       CPCP =   79.171  76.985 [kV, N/S]
 [34m
 VOLTRON
      UT   = 2001-06-01 23:13:35
      tilt =    0.000 [deg]
    Sym-H  =   -5.000 [nT]
    BSDst  ~   18.581 [nT]
           dSMRs  ~    -0.15   -0.27    0.46   -0.03 [nT, 12/18/00/06]
   DPSDst  ~   -4.986 [nT]
   Spent    43.7% of time waiting for Gamera
            11.5% of time processing Chimp(Helpers)
             8.8% of time processing IMAG
            13.2% of time processing Remix
            22.5% of time processing Tubes(Helpers)
             0.1% of time writing files
    Running @   75.452% of real-time (8 threads)
[0m  [35m
 RAIJU
      UT   = 2001-06-01 23:13:40
      Time =    13.667 [min]
     dtCpl =  5.00E+00 [sec]
     Max/Min dt @ k:
        Max 2.06E+01 [sec] @ 9
        Min 1.38E-01 [sec] @ 160
     Flav : max Press/Den @ L,MLT; DPS-dst
        0: P =   0.00, D =9075.91 @  1.54 Rp,12.07 MLT; DPS:   0.00
        1: P =   0.15, D =   4.43 @  8.00 Rp,13.39 MLT; DPS:  -0.72
        2: P =   3.01, D =   0.27 @  3.95 Rp,23.87 MLT; DPS:  -5.25
[0m [32m<Writing HDF5 DATA @ t =    13.584 [min] >[0m 
[32m<Writing RAIJU HDF5 DATA @ t =    13.667 [min] >[0m 
 [36m
 GAMERA
      Time =    13.667 [min]
        ts =    12280
        dt =  8.45E-02 [sec]
    dt/dt0 =   70.955%
    Spent     0.0% of time waiting for Voltron
      kZCs =   3583.60 /   1402.35 [MHD/TOT] (8 threads)
[0m       CPCP =   78.410  76.323 [kV, N/S]
 [34m
 VOLTRON
      UT   = 2001-06-01 23:13:40
      tilt =    0.000 [deg]
    Sym-H  =   -5.000 [nT]
    BSDst  ~   18.600 [nT]
           dSMRs  ~    -0.13   -0.27    0.43   -0.03 [nT, 12/18/00/06]
   DPSDst  ~   -4.974 [nT]
   Spent    43.7% of time waiting for Gamera
            11.5% of time processing Chimp(Helpers)
             8.8% of time processing IMAG
            13.2% of time processing Remix
            22.5% of time processing Tubes(Helpers)
             0.1% of time writing files
    Running @   75.567% of real-time (8 threads)
[0m  [35m
 RAIJU
      UT   = 2001-06-01 23:13:45
      Time =    13.750 [min]
     dtCpl =  5.00E+00 [sec]
     Max/Min dt @ k:
        Max 2.06E+01 [sec] @ 9
        Min 1.38E-01 [sec] @ 160
     Flav : max Press/Den @ L,MLT; DPS-dst
        0: P =   0.00, D =9075.91 @  1.54 Rp,12.07 MLT; DPS:   0.00
        1: P =   0.15, D =   4.42 @  8.00 Rp,13.39 MLT; DPS:  -0.71
        2: P =   3.01, D =   0.27 @  3.95 Rp,23.87 MLT; DPS:  -5.25
[0m [32m<Writing HDF5 DATA @ t =    13.667 [min] >[0m 
[32m<Writing RAIJU HDF5 DATA @ t =    13.750 [min] >[0m 
 [36m
 GAMERA
      Time =    13.751 [min]
        ts =    12339
        dt =  8.45E-02 [sec]
    dt/dt0 =   70.958%
    Spent     0.0% of time waiting for Voltron
      kZCs =   3583.45 /   1401.15 [MHD/TOT] (8 threads)
[0m       CPCP =   77.963  75.482 [kV, N/S]
 [34m
 VOLTRON
      UT   = 2001-06-01 23:13:45
      tilt =    0.000 [deg]
    Sym-H  =   -5.000 [nT]
    BSDst  ~   18.630 [nT]
           dSMRs  ~    -0.10   -0.26    0.39   -0.03 [nT, 12/18/00/06]
   DPSDst  ~   -4.971 [nT]
   Spent    43.7% of time waiting for Gamera
            11.5% of time processing Chimp(Helpers)
             8.8% of time processing IMAG
            13.2% of time processing Remix
            22.5% of time processing Tubes(Helpers)
             0.1% of time writing files
    Running @   75.675% of real-time (8 threads)
[0m  [35m
 RAIJU
      UT   = 2001-06-01 23:13:50
      Time =    13.833 [min]
     dtCpl =  5.00E+00 [sec]
     Max/Min dt @ k:
        Max 2.07E+01 [sec] @ 9
        Min 1.38E-01 [sec] @ 160
     Flav : max Press/Den @ L,MLT; DPS-dst
        0: P =   0.00, D =9075.91 @  1.54 Rp,12.07 MLT; DPS:   0.00
        1: P =   0.15, D =   4.41 @  8.00 Rp,13.39 MLT; DPS:  -0.71
        2: P =   3.01, D =   0.27 @  3.95 Rp,23.87 MLT; DPS:  -5.25
[0m [32m<Writing HDF5 DATA @ t =    13.751 [min] >[0m 
[32m<Writing RAIJU HDF5 DATA @ t =    13.833 [min] >[0m 
 [36m
 GAMERA
      Time =    13.834 [min]
        ts =    12398
        dt =  8.45E-02 [sec]
    dt/dt0 =   70.968%
    Spent     0.0% of time waiting for Voltron
      kZCs =   3583.01 /   1406.75 [MHD/TOT] (8 threads)
[0m       CPCP =   77.580  74.887 [kV, N/S]
 [34m
 VOLTRON
      UT   = 2001-06-01 23:13:50
      tilt =    0.000 [deg]
    Sym-H  =   -5.000 [nT]
    BSDst  ~   18.663 [nT]
           dSMRs  ~    -0.08   -0.26    0.36   -0.02 [nT, 12/18/00/06]
   DPSDst  ~   -4.990 [nT]
   Spent    43.7% of time waiting for Gamera
            11.5% of time processing Chimp(Helpers)
             8.8% of time processing IMAG
            13.2% of time processing Remix
            22.5% of time processing Tubes(Helpers)
             0.0% of time writing files
    Running @   75.781% of real-time (8 threads)
[0m  [35m
 RAIJU
      UT   = 2001-06-01 23:13:55
      Time =    13.917 [min]
     dtCpl =  5.00E+00 [sec]
     Max/Min dt @ k:
        Max 2.08E+01 [sec] @ 9
        Min 1.38E-01 [sec] @ 160
     Flav : max Press/Den @ L,MLT; DPS-dst
        0: P =   0.00, D =9075.91 @  1.54 Rp,12.07 MLT; DPS:   0.00
        1: P =   0.15, D =   4.40 @  7.99 Rp,13.39 MLT; DPS:  -0.71
        2: P =   3.02, D =   0.27 @  3.95 Rp,23.87 MLT; DPS:  -5.27
[0m [32m<Writing HDF5 DATA @ t =    13.834 [min] >[0m 
[32m<Writing RAIJU HDF5 DATA @ t =    13.917 [min] >[0m 
 [36m
 GAMERA
      Time =    13.917 [min]
        ts =    12457
        dt =  8.45E-02 [sec]
    dt/dt0 =   70.987%
    Spent     0.0% of time waiting for Voltron
      kZCs =   3584.34 /   1404.75 [MHD/TOT] (8 threads)
[0m       CPCP =   77.123  74.696 [kV, N/S]
 [34m
 VOLTRON
      UT   = 2001-06-01 23:13:55
      tilt =    0.000 [deg]
    Sym-H  =   -5.000 [nT]
    BSDst  ~   18.690 [nT]
           dSMRs  ~    -0.06   -0.25    0.33   -0.02 [nT, 12/18/00/06]
   DPSDst  ~   -4.983 [nT]
   Spent    43.7% of time waiting for Gamera
            11.5% of time processing Chimp(Helpers)
             8.9% of time processing IMAG
            13.2% of time processing Remix
            22.5% of time processing Tubes(Helpers)
             0.0% of time writing files
    Running @   75.874% of real-time (8 threads)
[0m  [35m
 RAIJU
      UT   = 2001-06-01 23:13:59
      Time =    14.000 [min]
     dtCpl =  5.00E+00 [sec]
     Max/Min dt @ k:
        Max 2.10E+01 [sec] @ 9
        Min 1.38E-01 [sec] @ 160
     Flav : max Press/Den @ L,MLT; DPS-dst
        0: P =   0.00, D =9075.91 @  1.54 Rp,12.07 MLT; DPS:   0.00
        1: P =   0.15, D =   4.39 @  7.99 Rp,13.39 MLT; DPS:  -0.71
        2: P =   3.02, D =   0.27 @  3.95 Rp,23.87 MLT; DPS:  -5.26
[0m [32m<Writing HDF5 DATA @ t =    13.917 [min] >[0m 
[32m<Writing RAIJU HDF5 DATA @ t =    14.000 [min] >[0m 
 [36m
 GAMERA
      Time =    14.001 [min]
        ts =    12517
        dt =  8.46E-02 [sec]
    dt/dt0 =   71.021%
    Spent     0.0% of time waiting for Voltron
      kZCs =   3583.67 /   1421.77 [MHD/TOT] (8 threads)
[0m       CPCP =   76.675  74.583 [kV, N/S]
 [34m
 VOLTRON
      UT   = 2001-06-01 23:14:00
      tilt =    0.000 [deg]
    Sym-H  =   -5.000 [nT]
    BSDst  ~   18.705 [nT]
           dSMRs  ~    -0.04   -0.25    0.30   -0.01 [nT, 12/18/00/06]
   DPSDst  ~   -4.975 [nT]
   Spent    43.8% of time waiting for Gamera
            11.5% of time processing Chimp(Helpers)
             8.8% of time processing IMAG
            13.1% of time processing Remix
            22.5% of time processing Tubes(Helpers)
             0.0% of time writing files
    Running @   76.001% of real-time (8 threads)
[0m  [35m
 RAIJU
      UT   = 2001-06-01 23:14:05
      Time =    14.083 [min]
     dtCpl =  5.00E+00 [sec]
     Max/Min dt @ k:
        Max 2.11E+01 [sec] @ 9
        Min 1.38E-01 [sec] @ 160
     Flav : max Press/Den @ L,MLT; DPS-dst
        0: P =   0.00, D =9075.91 @  1.54 Rp,12.07 MLT; DPS:   0.00
        1: P =   0.15, D =   4.38 @  7.99 Rp,13.39 MLT; DPS:  -0.71
        2: P =   3.02, D =   0.27 @  3.95 Rp,23.87 MLT; DPS:  -5.26
[0m [32m<Writing HDF5 DATA @ t =    14.001 [min] >[0m 
[32m<Writing RAIJU HDF5 DATA @ t =    14.083 [min] >[0m 
 [36m
 GAMERA
      Time =    14.084 [min]
        ts =    12576
        dt =  8.46E-02 [sec]
    dt/dt0 =   71.071%
    Spent     0.0% of time waiting for Voltron
      kZCs =   3584.49 /   1408.69 [MHD/TOT] (8 threads)
[0m       CPCP =   76.414  74.240 [kV, N/S]
 [34m
 VOLTRON
      UT   = 2001-06-01 23:14:05
      tilt =    0.000 [deg]
    Sym-H  =   -5.000 [nT]
    BSDst  ~   18.701 [nT]
           dSMRs  ~    -0.02   -0.25    0.28   -0.01 [nT, 12/18/00/06]
   DPSDst  ~   -4.971 [nT]
   Spent    43.8% of time waiting for Gamera
            11.5% of time processing Chimp(Helpers)
             8.9% of time processing IMAG
            13.1% of time processing Remix
            22.5% of time processing Tubes(Helpers)
             0.0% of time writing files
    Running @   76.113% of real-time (8 threads)
[0m  [35m
 RAIJU
      UT   = 2001-06-01 23:14:10
      Time =    14.167 [min]
     dtCpl =  5.00E+00 [sec]
     Max/Min dt @ k:
        Max 2.13E+01 [sec] @ 9
        Min 1.38E-01 [sec] @ 160
     Flav : max Press/Den @ L,MLT; DPS-dst
        0: P =   0.00, D =9075.91 @  1.54 Rp,12.07 MLT; DPS:   0.00
        1: P =   0.15, D =   4.37 @  8.00 Rp,13.39 MLT; DPS:  -0.70
        2: P =   3.02, D =   0.27 @  3.95 Rp,23.80 MLT; DPS:  -5.26
[0m [32m<Writing HDF5 DATA @ t =    14.084 [min] >[0m 
[32m<Writing RAIJU HDF5 DATA @ t =    14.167 [min] >[0m 
 [36m
 GAMERA
      Time =    14.168 [min]
        ts =    12635
        dt =  8.47E-02 [sec]
    dt/dt0 =   71.133%
    Spent     0.0% of time waiting for Voltron
      kZCs =   3582.86 /   1408.48 [MHD/TOT] (8 threads)
[0m       CPCP =   75.958  73.962 [kV, N/S]
 [34m
 VOLTRON
      UT   = 2001-06-01 23:14:10
      tilt =    0.000 [deg]
    Sym-H  =   -5.000 [nT]
    BSDst  ~   18.673 [nT]
           dSMRs  ~    -0.01   -0.24    0.26   -0.00 [nT, 12/18/00/06]
   DPSDst  ~   -4.969 [nT]
   Spent    43.9% of time waiting for Gamera
            11.5% of time processing Chimp(Helpers)
             8.9% of time processing IMAG
            13.1% of time processing Remix
            22.5% of time processing Tubes(Helpers)
             0.0% of time writing files
    Running @   76.224% of real-time (8 threads)
[0m  [35m
 RAIJU
      UT   = 2001-06-01 23:14:15
      Time =    14.250 [min]
     dtCpl =  5.00E+00 [sec]
     Max/Min dt @ k:
        Max 2.15E+01 [sec] @ 9
        Min 1.38E-01 [sec] @ 160
     Flav : max Press/Den @ L,MLT; DPS-dst
        0: P =   0.00, D =9075.91 @  1.54 Rp,12.07 MLT; DPS:   0.00
        1: P =   0.15, D =   4.36 @  8.00 Rp,13.39 MLT; DPS:  -0.70
        2: P =   3.03, D =   0.27 @  3.95 Rp,23.80 MLT; DPS:  -5.26
[0m [32m<Writing HDF5 DATA @ t =    14.168 [min] >[0m 
[32m<Writing RAIJU HDF5 DATA @ t =    14.250 [min] >[0m 
 [36m
 GAMERA
      Time =    14.251 [min]
        ts =    12694
        dt =  8.48E-02 [sec]
    dt/dt0 =   71.199%
    Spent     0.0% of time waiting for Voltron
      kZCs =   3584.49 /   1408.66 [MHD/TOT] (8 threads)
[0m       CPCP =   75.410  73.305 [kV, N/S]
 [34m
 VOLTRON
      UT   = 2001-06-01 23:14:15
      tilt =    0.000 [deg]
    Sym-H  =   -5.000 [nT]
    BSDst  ~   18.634 [nT]
           dSMRs  ~    -0.01   -0.23    0.25   -0.00 [nT, 12/18/00/06]
   DPSDst  ~   -4.969 [nT]
   Spent    43.9% of time waiting for Gamera
            11.5% of time processing Chimp(Helpers)
             8.9% of time processing IMAG
            13.1% of time processing Remix
            22.5% of time processing Tubes(Helpers)
             0.0% of time writing files
    Running @   76.324% of real-time (8 threads)
[0m  [35m
 RAIJU
      UT   = 2001-06-01 23:14:20
      Time =    14.333 [min]
     dtCpl =  5.00E+00 [sec]
     Max/Min dt @ k:
        Max 2.18E+01 [sec] @ 9
        Min 1.38E-01 [sec] @ 160
     Flav : max Press/Den @ L,MLT; DPS-dst
        0: P =   0.00, D =9075.91 @  1.54 Rp,12.07 MLT; DPS:   0.00
        1: P =   0.15, D =   4.35 @  8.00 Rp,13.39 MLT; DPS:  -0.70
        2: P =   3.03, D =   0.27 @  3.95 Rp,23.80 MLT; DPS:  -5.26
[0m [32m<Writing HDF5 DATA @ t =    14.251 [min] >[0m 
[32m<Writing RAIJU HDF5 DATA @ t =    14.333 [min] >[0m 
 [36m
 GAMERA
      Time =    14.334 [min]
        ts =    12753
        dt =  8.48E-02 [sec]
    dt/dt0 =   71.265%
    Spent     0.0% of time waiting for Voltron
      kZCs =   3581.09 /   1407.50 [MHD/TOT] (8 threads)
[0m       CPCP =   74.717  72.130 [kV, N/S]
 [34m
 VOLTRON
      UT   = 2001-06-01 23:14:20
      tilt =    0.000 [deg]
    Sym-H  =   -5.000 [nT]
    BSDst  ~   18.585 [nT]
           dSMRs  ~    -0.02   -0.23    0.24    0.01 [nT, 12/18/00/06]
   DPSDst  ~   -4.969 [nT]
   Spent    43.9% of time waiting for Gamera
            11.4% of time processing Chimp(Helpers)
             8.9% of time processing IMAG
            13.1% of time processing Remix
            22.5% of time processing Tubes(Helpers)
             0.0% of time writing files
    Running @   76.430% of real-time (8 threads)
[0m  [35m
 RAIJU
      UT   = 2001-06-01 23:14:25
      Time =    14.417 [min]
     dtCpl =  5.00E+00 [sec]
     Max/Min dt @ k:
        Max 2.21E+01 [sec] @ 9
        Min 1.38E-01 [sec] @ 160
     Flav : max Press/Den @ L,MLT; DPS-dst
        0: P =   0.00, D =9075.91 @  1.54 Rp,12.07 MLT; DPS:   0.00
        1: P =   0.15, D =   4.33 @  8.00 Rp,13.39 MLT; DPS:  -0.70
        2: P =   3.03, D =   0.27 @  3.95 Rp,23.67 MLT; DPS:  -5.26
[0m [32m<Writing HDF5 DATA @ t =    14.334 [min] >[0m 
[32m<Writing RAIJU HDF5 DATA @ t =    14.417 [min] >[0m 
 [36m
 GAMERA
      Time =    14.418 [min]
        ts =    12812
        dt =  8.49E-02 [sec]
    dt/dt0 =   71.328%
    Spent     0.0% of time waiting for Voltron
      kZCs =   3585.37 /   1409.87 [MHD/TOT] (8 threads)
[0m       CPCP =   73.937  71.392 [kV, N/S]
 [34m
 VOLTRON
      UT   = 2001-06-01 23:14:25
      tilt =    0.000 [deg]
    Sym-H  =   -5.000 [nT]
    BSDst  ~   18.532 [nT]
           dSMRs  ~    -0.02   -0.21    0.22    0.01 [nT, 12/18/00/06]
   DPSDst  ~   -4.967 [nT]
   Spent    43.9% of time waiting for Gamera
            11.4% of time processing Chimp(Helpers)
             8.9% of time processing IMAG
            13.1% of time processing Remix
            22.5% of time processing Tubes(Helpers)
             0.0% of time writing files
    Running @   76.543% of real-time (8 threads)
[0m  [35m
 RAIJU
      UT   = 2001-06-01 23:14:30
      Time =    14.500 [min]
     dtCpl =  5.00E+00 [sec]
     Max/Min dt @ k:
        Max 2.26E+01 [sec] @ 9
        Min 1.38E-01 [sec] @ 160
     Flav : max Press/Den @ L,MLT; DPS-dst
        0: P =   0.00, D =9075.91 @  1.54 Rp,12.07 MLT; DPS:   0.00
        1: P =   0.15, D =   4.32 @  8.00 Rp,13.39 MLT; DPS:  -0.70
        2: P =   3.03, D =   0.27 @  3.95 Rp,23.67 MLT; DPS:  -5.26
[0m [32m<Writing HDF5 DATA @ t =    14.418 [min] >[0m 
[32m<Writing RAIJU HDF5 DATA @ t =    14.500 [min] >[0m 
 [36m
 GAMERA
      Time =    14.500 [min]
        ts =    12870
        dt =  8.50E-02 [sec]
    dt/dt0 =   71.379%
    Spent     0.0% of time waiting for Voltron
      kZCs =   3586.38 /   1397.00 [MHD/TOT] (8 threads)
[0m       CPCP =   73.135  70.814 [kV, N/S]
 [34m
 VOLTRON
      UT   = 2001-06-01 23:14:30
      tilt =    0.000 [deg]
    Sym-H  =   -5.000 [nT]
    BSDst  ~   18.483 [nT]
           dSMRs  ~    -0.02   -0.21    0.21    0.02 [nT, 12/18/00/06]
   DPSDst  ~   -4.968 [nT]
   Spent    43.8% of time waiting for Gamera
            11.5% of time processing Chimp(Helpers)
             8.9% of time processing IMAG
            13.1% of time processing Remix
            22.5% of time processing Tubes(Helpers)
             0.0% of time writing files
    Running @   76.628% of real-time (8 threads)
[0m  [35m
 RAIJU
      UT   = 2001-06-01 23:14:35
      Time =    14.583 [min]
     dtCpl =  5.00E+00 [sec]
     Max/Min dt @ k:
        Max 2.35E+01 [sec] @ 9
        Min 1.38E-01 [sec] @ 160
     Flav : max Press/Den @ L,MLT; DPS-dst
        0: P =   0.00, D =9075.91 @  1.54 Rp,12.07 MLT; DPS:   0.00
        1: P =   0.15, D =   4.31 @  8.01 Rp,13.39 MLT; DPS:  -0.69
        2: P =   3.03, D =   0.27 @  3.95 Rp,23.60 MLT; DPS:  -5.26
[0m [32m<Writing HDF5 DATA @ t =    14.500 [min] >[0m 
[32m<Writing RAIJU HDF5 DATA @ t =    14.583 [min] >[0m 
 [36m
 GAMERA
      Time =    14.584 [min]
        ts =    12929
        dt =  8.50E-02 [sec]
    dt/dt0 =   71.426%
    Spent     0.0% of time waiting for Voltron
      kZCs =   3584.34 /   1412.16 [MHD/TOT] (8 threads)
[0m       CPCP =   72.260  70.206 [kV, N/S]
 [34m
 VOLTRON
      UT   = 2001-06-01 23:14:35
      tilt =    0.000 [deg]
    Sym-H  =   -5.000 [nT]
    BSDst  ~   18.439 [nT]
           dSMRs  ~    -0.00   -0.20    0.18    0.02 [nT, 12/18/00/06]
   DPSDst  ~   -4.965 [nT]
   Spent    43.9% of time waiting for Gamera
            11.4% of time processing Chimp(Helpers)
             8.9% of time processing IMAG
            13.1% of time processing Remix
            22.5% of time processing Tubes(Helpers)
             0.0% of time writing files
    Running @   76.738% of real-time (8 threads)
[0m  [35m
 RAIJU
      UT   = 2001-06-01 23:14:40
      Time =    14.667 [min]
     dtCpl =  5.00E+00 [sec]
     Max/Min dt @ k:
        Max 2.42E+01 [sec] @ 9
        Min 1.38E-01 [sec] @ 160
     Flav : max Press/Den @ L,MLT; DPS-dst
        0: P =   0.00, D =9075.91 @  1.54 Rp,12.07 MLT; DPS:   0.00
        1: P =   0.15, D =   4.29 @  8.01 Rp,13.39 MLT; DPS:  -0.69
        2: P =   3.03, D =   0.27 @  3.95 Rp,23.60 MLT; DPS:  -5.26
[0m [32m<Writing HDF5 DATA @ t =    14.584 [min] >[0m 
[32m<Writing RAIJU HDF5 DATA @ t =    14.667 [min] >[0m 
 [36m
 GAMERA
      Time =    14.667 [min]
        ts =    12988
        dt =  8.51E-02 [sec]
    dt/dt0 =   71.470%
    Spent     0.0% of time waiting for Voltron
      kZCs =   3583.89 /   1410.67 [MHD/TOT] (8 threads)
[0m       CPCP =   71.771  70.102 [kV, N/S]
 [34m
 VOLTRON
      UT   = 2001-06-01 23:14:40
      tilt =    0.000 [deg]
    Sym-H  =   -5.000 [nT]
    BSDst  ~   18.405 [nT]
           dSMRs  ~     0.02   -0.19    0.16    0.02 [nT, 12/18/00/06]
   DPSDst  ~   -4.963 [nT]
   Spent    43.9% of time waiting for Gamera
            11.4% of time processing Chimp(Helpers)
             8.9% of time processing IMAG
            13.1% of time processing Remix
            22.5% of time processing Tubes(Helpers)
             0.0% of time writing files
    Running @   76.839% of real-time (8 threads)
[0m  [35m
 RAIJU
      UT   = 2001-06-01 23:14:45
      Time =    14.750 [min]
     dtCpl =  5.00E+00 [sec]
     Max/Min dt @ k:
        Max 2.48E+01 [sec] @ 9
        Min 1.38E-01 [sec] @ 160
     Flav : max Press/Den @ L,MLT; DPS-dst
        0: P =   0.00, D =9075.91 @  1.54 Rp,12.07 MLT; DPS:   0.00
        1: P =   0.14, D =   4.28 @  8.01 Rp,13.39 MLT; DPS:  -0.69
        2: P =   3.04, D =   0.27 @  3.95 Rp,23.60 MLT; DPS:  -5.26
[0m [32m<Writing HDF5 DATA @ t =    14.667 [min] >[0m 
[32m<Writing RAIJU HDF5 DATA @ t =    14.750 [min] >[0m 
 [36m
 GAMERA
      Time =    14.751 [min]
        ts =    13047
        dt =  8.52E-02 [sec]
    dt/dt0 =   71.537%
    Spent     0.0% of time waiting for Voltron
      kZCs =   3581.98 /   1410.90 [MHD/TOT] (8 threads)
[0m       CPCP =   71.206  70.242 [kV, N/S]
 [34m
 VOLTRON
      UT   = 2001-06-01 23:14:45
      tilt =    0.000 [deg]
    Sym-H  =   -5.000 [nT]
    BSDst  ~   18.384 [nT]
           dSMRs  ~     0.03   -0.19    0.14    0.02 [nT, 12/18/00/06]
   DPSDst  ~   -4.961 [nT]
   Spent    43.9% of time waiting for Gamera
            11.4% of time processing Chimp(Helpers)
             8.9% of time processing IMAG
            13.1% of time processing Remix
            22.4% of time processing Tubes(Helpers)
             0.0% of time writing files
    Running @   76.947% of real-time (8 threads)
[0m  [35m
 RAIJU
      UT   = 2001-06-01 23:14:50
      Time =    14.833 [min]
     dtCpl =  5.00E+00 [sec]
     Max/Min dt @ k:
        Max 2.57E+01 [sec] @ 9
        Min 1.38E-01 [sec] @ 160
     Flav : max Press/Den @ L,MLT; DPS-dst
        0: P =   0.00, D =9075.91 @  1.54 Rp,12.07 MLT; DPS:   0.00
        1: P =   0.14, D =   4.27 @  8.01 Rp,13.39 MLT; DPS:  -0.69
        2: P =   3.04, D =   0.27 @  3.95 Rp,23.60 MLT; DPS:  -5.26
[0m [32m<Writing HDF5 DATA @ t =    14.751 [min] >[0m 
[32m<Writing RAIJU HDF5 DATA @ t =    14.833 [min] >[0m 
 [36m
 GAMERA
      Time =    14.833 [min]
        ts =    13105
        dt =  8.53E-02 [sec]
    dt/dt0 =   71.635%
    Spent     0.0% of time waiting for Voltron
      kZCs =   3584.28 /   1400.78 [MHD/TOT] (8 threads)
[0m       CPCP =   70.819  70.268 [kV, N/S]
 [34m
 VOLTRON
      UT   = 2001-06-01 23:14:50
      tilt =    0.000 [deg]
    Sym-H  =   -5.000 [nT]
    BSDst  ~   18.371 [nT]
           dSMRs  ~     0.05   -0.19    0.12    0.03 [nT, 12/18/00/06]
   DPSDst  ~   -4.961 [nT]
   Spent    43.9% of time waiting for Gamera
            11.4% of time processing Chimp(Helpers)
             9.0% of time processing IMAG
            13.1% of time processing Remix
            22.5% of time processing Tubes(Helpers)
             0.0% of time writing files
    Running @   77.013% of real-time (8 threads)
[0m  [35m
 RAIJU
      UT   = 2001-06-01 23:14:55
      Time =    14.917 [min]
     dtCpl =  5.00E+00 [sec]
     Max/Min dt @ k:
        Max 2.65E+01 [sec] @ 9
        Min 1.38E-01 [sec] @ 160
     Flav : max Press/Den @ L,MLT; DPS-dst
        0: P =   0.00, D =9075.91 @  1.54 Rp,12.07 MLT; DPS:   0.00
        1: P =   0.14, D =   4.26 @  8.01 Rp,13.39 MLT; DPS:  -0.69
        2: P =   3.04, D =   0.27 @  3.95 Rp,23.60 MLT; DPS:  -5.26
[0m [32m<Writing HDF5 DATA @ t =    14.833 [min] >[0m 
[32m<Writing RAIJU HDF5 DATA @ t =    14.917 [min] >[0m 
 [36m
 GAMERA
      Time =    14.917 [min]
        ts =    13164
        dt =  8.54E-02 [sec]
    dt/dt0 =   71.693%
    Spent     0.0% of time waiting for Voltron
      kZCs =   3584.63 /   1411.84 [MHD/TOT] (8 threads)
[0m       CPCP =   70.805  70.156 [kV, N/S]
 [34m
 VOLTRON
      UT   = 2001-06-01 23:14:55
      tilt =    0.000 [deg]
    Sym-H  =   -5.000 [nT]
    BSDst  ~   18.364 [nT]
           dSMRs  ~     0.05   -0.19    0.10    0.03 [nT, 12/18/00/06]
   DPSDst  ~   -4.956 [nT]
   Spent    43.9% of time waiting for Gamera
            11.4% of time processing Chimp(Helpers)
             9.0% of time processing IMAG
            13.1% of time processing Remix
            22.4% of time processing Tubes(Helpers)
             0.0% of time writing files
    Running @   77.121% of real-time (8 threads)
[0m  [35m
 RAIJU
      UT   = 2001-06-01 23:14:59
      Time =    15.000 [min]
     dtCpl =  5.00E+00 [sec]
     Max/Min dt @ k:
        Max 2.70E+01 [sec] @ 8
        Min 1.38E-01 [sec] @ 160
     Flav : max Press/Den @ L,MLT; DPS-dst
        0: P =   0.00, D =9075.91 @  1.54 Rp,12.07 MLT; DPS:   0.00
        1: P =   0.14, D =   4.25 @  8.01 Rp,13.39 MLT; DPS:  -0.68
        2: P =   3.04, D =   0.27 @  3.95 Rp,23.60 MLT; DPS:  -5.25
[0m [32m<Writing HDF5 DATA @ t =    14.917 [min] >[0m 
[32m<Writing RAIJU HDF5 DATA @ t =    15.000 [min] >[0m 
 [36m
 GAMERA
      Time =    15.001 [min]
        ts =    13223
        dt =  8.54E-02 [sec]
    dt/dt0 =   71.731%
    Spent     0.0% of time waiting for Voltron
      kZCs =   3582.57 /   1411.11 [MHD/TOT] (8 threads)
[0m       CPCP =   70.909  70.055 [kV, N/S]
 [34m
 VOLTRON
      UT   = 2001-06-01 23:15:00
      tilt =    0.000 [deg]
    Sym-H  =   -5.000 [nT]
    BSDst  ~   18.365 [nT]
           dSMRs  ~     0.06   -0.19    0.09    0.04 [nT, 12/18/00/06]
   DPSDst  ~   -4.962 [nT]
   Spent    43.9% of time waiting for Gamera
            11.4% of time processing Chimp(Helpers)
             9.0% of time processing IMAG
            13.1% of time processing Remix
            22.4% of time processing Tubes(Helpers)
             0.0% of time writing files
    Running @   77.225% of real-time (8 threads)
[0m  [35m
 RAIJU
      UT   = 2001-06-01 23:15:05
      Time =    15.083 [min]
     dtCpl =  5.00E+00 [sec]
     Max/Min dt @ k:
        Max 2.76E+01 [sec] @ 8
        Min 1.38E-01 [sec] @ 160
     Flav : max Press/Den @ L,MLT; DPS-dst
        0: P =   0.00, D =9075.91 @  1.54 Rp,12.07 MLT; DPS:   0.00
        1: P =   0.14, D =   4.24 @  8.01 Rp,13.39 MLT; DPS:  -0.68
        2: P =   3.04, D =   0.28 @  3.95 Rp,23.60 MLT; DPS:  -5.26
[0m [32m<Writing HDF5 DATA @ t =    15.001 [min] >[0m 
[32m<Writing RAIJU HDF5 DATA @ t =    15.083 [min] >[0m 
 [36m
 GAMERA
      Time =    15.084 [min]
        ts =    13281
        dt =  8.54E-02 [sec]
    dt/dt0 =   71.763%
    Spent     0.0% of time waiting for Voltron
      kZCs =   3584.13 /   1398.08 [MHD/TOT] (8 threads)
[0m       CPCP =   70.872  70.059 [kV, N/S]
 [34m
 VOLTRON
      UT   = 2001-06-01 23:15:05
      tilt =    0.000 [deg]
    Sym-H  =   -5.000 [nT]
    BSDst  ~   18.366 [nT]
           dSMRs  ~     0.06   -0.18    0.08    0.04 [nT, 12/18/00/06]
   DPSDst  ~   -4.961 [nT]
   Spent    43.9% of time waiting for Gamera
            11.4% of time processing Chimp(Helpers)
             9.0% of time processing IMAG
            13.1% of time processing Remix
            22.4% of time processing Tubes(Helpers)
             0.0% of time writing files
    Running @   77.302% of real-time (8 threads)
[0m  [35m
 RAIJU
      UT   = 2001-06-01 23:15:10
      Time =    15.167 [min]
     dtCpl =  5.00E+00 [sec]
     Max/Min dt @ k:
        Max 2.84E+01 [sec] @ 8
        Min 1.38E-01 [sec] @ 160
     Flav : max Press/Den @ L,MLT; DPS-dst
        0: P =   0.00, D =9075.91 @  1.54 Rp,12.07 MLT; DPS:   0.00
        1: P =   0.14, D =   4.23 @  8.01 Rp,13.39 MLT; DPS:  -0.68
        2: P =   3.04, D =   0.28 @  3.95 Rp,23.60 MLT; DPS:  -5.26
[0m [32m<Writing HDF5 DATA @ t =    15.084 [min] >[0m 
[32m<Writing RAIJU HDF5 DATA @ t =    15.167 [min] >[0m 
 [36m
 GAMERA
      Time =    15.168 [min]
        ts =    13340
        dt =  8.55E-02 [sec]
    dt/dt0 =   71.794%
    Spent     0.0% of time waiting for Voltron
      kZCs =   3583.01 /   1412.09 [MHD/TOT] (8 threads)
[0m       CPCP =   70.909  70.089 [kV, N/S]
 [34m
 VOLTRON
      UT   = 2001-06-01 23:15:10
      tilt =    0.000 [deg]
    Sym-H  =   -5.000 [nT]
    BSDst  ~   18.368 [nT]
           dSMRs  ~     0.07   -0.18    0.06    0.05 [nT, 12/18/00/06]
   DPSDst  ~   -4.957 [nT]
   Spent    43.9% of time waiting for Gamera
            11.4% of time processing Chimp(Helpers)
             9.0% of time processing IMAG
            13.1% of time processing Remix
            22.4% of time processing Tubes(Helpers)
             0.0% of time writing files
    Running @   77.409% of real-time (8 threads)
[0m  [35m
 RAIJU
      UT   = 2001-06-01 23:15:15
      Time =    15.250 [min]
     dtCpl =  5.00E+00 [sec]
     Max/Min dt @ k:
        Max 2.91E+01 [sec] @ 8
        Min 1.38E-01 [sec] @ 160
     Flav : max Press/Den @ L,MLT; DPS-dst
        0: P =   0.00, D =9075.91 @  1.54 Rp,12.07 MLT; DPS:   0.00
        1: P =   0.14, D =   4.22 @  8.01 Rp,13.39 MLT; DPS:  -0.68
        2: P =   3.04, D =   0.28 @  3.95 Rp,23.33 MLT; DPS:  -5.26
[0m [32m<Writing HDF5 DATA @ t =    15.168 [min] >[0m 
[32m<Writing RAIJU HDF5 DATA @ t =    15.250 [min] >[0m 
 [36m
 GAMERA
      Time =    15.250 [min]
        ts =    13398
        dt =  8.55E-02 [sec]
    dt/dt0 =   71.824%
    Spent     0.0% of time waiting for Voltron
      kZCs =   3584.43 /   1399.61 [MHD/TOT] (8 threads)
[0m       CPCP =   70.970  70.146 [kV, N/S]
 [34m
 VOLTRON
      UT   = 2001-06-01 23:15:15
      tilt =    0.000 [deg]
    Sym-H  =   -5.000 [nT]
    BSDst  ~   18.369 [nT]
           dSMRs  ~     0.08   -0.18    0.05    0.05 [nT, 12/18/00/06]
   DPSDst  ~   -4.954 [nT]
   Spent    43.9% of time waiting for Gamera
            11.4% of time processing Chimp(Helpers)
             9.0% of time processing IMAG
            13.1% of time processing Remix
            22.4% of time processing Tubes(Helpers)
             0.0% of time writing files
    Running @   77.474% of real-time (8 threads)
[0m  [35m
 RAIJU
      UT   = 2001-06-01 23:15:20
      Time =    15.333 [min]
     dtCpl =  5.00E+00 [sec]
     Max/Min dt @ k:
        Max 2.99E+01 [sec] @ 8
        Min 1.38E-01 [sec] @ 160
     Flav : max Press/Den @ L,MLT; DPS-dst
        0: P =   0.00, D =9075.91 @  1.54 Rp,12.07 MLT; DPS:   0.00
        1: P =   0.14, D =   4.20 @  8.01 Rp,13.39 MLT; DPS:  -0.68
        2: P =   3.05, D =   0.28 @  3.95 Rp,23.33 MLT; DPS:  -5.26
[0m [32m<Writing HDF5 DATA @ t =    15.250 [min] >[0m 
[32m<Writing RAIJU HDF5 DATA @ t =    15.333 [min] >[0m 
 [36m
 GAMERA
      Time =    15.335 [min]
        ts =    13457
        dt =  8.56E-02 [sec]
    dt/dt0 =   71.860%
    Spent     0.0% of time waiting for Voltron
      kZCs =   3583.75 /   1412.18 [MHD/TOT] (8 threads)
[0m       CPCP =   70.947  70.265 [kV, N/S]
 [34m
 VOLTRON
      UT   = 2001-06-01 23:15:20
      tilt =    0.000 [deg]
    Sym-H  =   -5.000 [nT]
    BSDst  ~   18.365 [nT]
           dSMRs  ~     0.09   -0.18    0.04    0.05 [nT, 12/18/00/06]
   DPSDst  ~   -4.954 [nT]
   Spent    43.9% of time waiting for Gamera
            11.4% of time processing Chimp(Helpers)
             9.0% of time processing IMAG
            13.1% of time processing Remix
            22.4% of time processing Tubes(Helpers)
             0.0% of time writing files
    Running @   77.564% of real-time (8 threads)
[0m  [35m
 RAIJU
      UT   = 2001-06-01 23:15:25
      Time =    15.417 [min]
     dtCpl =  5.00E+00 [sec]
     Max/Min dt @ k:
        Max 3.09E+01 [sec] @ 8
        Min 1.38E-01 [sec] @ 160
     Flav : max Press/Den @ L,MLT; DPS-dst
        0: P =   0.00, D =9075.91 @  1.54 Rp,12.07 MLT; DPS:   0.00
        1: P =   0.14, D =   4.19 @  8.01 Rp,13.40 MLT; DPS:  -0.67
        2: P =   3.05, D =   0.28 @  3.95 Rp,23.33 MLT; DPS:  -5.26
[0m [32m<Writing HDF5 DATA @ t =    15.335 [min] >[0m 
[32m<Writing RAIJU HDF5 DATA @ t =    15.417 [min] >[0m 
 [36m
 GAMERA
      Time =    15.417 [min]
        ts =    13515
        dt =  8.56E-02 [sec]
    dt/dt0 =   71.897%
    Spent     0.0% of time waiting for Voltron
      kZCs =   3583.23 /   1400.27 [MHD/TOT] (8 threads)
[0m       CPCP =   70.933  70.400 [kV, N/S]
 [34m
 VOLTRON
      UT   = 2001-06-01 23:15:25
      tilt =    0.000 [deg]
    Sym-H  =   -5.000 [nT]
    BSDst  ~   18.358 [nT]
           dSMRs  ~     0.11   -0.18    0.02    0.05 [nT, 12/18/00/06]
   DPSDst  ~   -4.952 [nT]
   Spent    43.9% of time waiting for Gamera
            11.4% of time processing Chimp(Helpers)
             9.0% of time processing IMAG
            13.1% of time processing Remix
            22.4% of time processing Tubes(Helpers)
             0.0% of time writing files
    Running @   77.638% of real-time (8 threads)
[0m  [35m
 RAIJU
      UT   = 2001-06-01 23:15:30
      Time =    15.500 [min]
     dtCpl =  5.00E+00 [sec]
     Max/Min dt @ k:
        Max 3.18E+01 [sec] @ 8
        Min 1.38E-01 [sec] @ 160
     Flav : max Press/Den @ L,MLT; DPS-dst
        0: P =   0.00, D =9075.91 @  1.54 Rp,12.07 MLT; DPS:   0.00
        1: P =   0.14, D =   4.19 @  8.00 Rp,13.40 MLT; DPS:  -0.67
        2: P =   3.05, D =   0.28 @  3.95 Rp,23.33 MLT; DPS:  -5.25
[0m [32m<Writing HDF5 DATA @ t =    15.417 [min] >[0m 
[32m<Writing RAIJU HDF5 DATA @ t =    15.500 [min] >[0m 
 [36m
 GAMERA
      Time =    15.500 [min]
        ts =    13573
        dt =  8.57E-02 [sec]
    dt/dt0 =   71.979%
    Spent     0.0% of time waiting for Voltron
      kZCs =   3582.03 /   1399.24 [MHD/TOT] (8 threads)
[0m       CPCP =   70.904  70.536 [kV, N/S]
 [34m
 VOLTRON
      UT   = 2001-06-01 23:15:30
      tilt =    0.000 [deg]
    Sym-H  =   -5.000 [nT]
    BSDst  ~   18.359 [nT]
           dSMRs  ~     0.13   -0.17    0.00    0.04 [nT, 12/18/00/06]
   DPSDst  ~   -4.949 [nT]
   Spent    43.8% of time waiting for Gamera
            11.4% of time processing Chimp(Helpers)
             9.0% of time processing IMAG
            13.2% of time processing Remix
            22.4% of time processing Tubes(Helpers)
             0.0% of time writing files
    Running @   77.711% of real-time (8 threads)
[0m  [35m
 RAIJU
      UT   = 2001-06-01 23:15:35
      Time =    15.583 [min]
     dtCpl =  5.00E+00 [sec]
     Max/Min dt @ k:
        Max 3.30E+01 [sec] @ 8
        Min 1.38E-01 [sec] @ 160
     Flav : max Press/Den @ L,MLT; DPS-dst
        0: P =   0.00, D =9075.91 @  1.54 Rp,12.07 MLT; DPS:   0.00
        1: P =   0.14, D =   4.18 @  8.00 Rp,13.40 MLT; DPS:  -0.67
        2: P =   3.05, D =   0.28 @  3.95 Rp,23.33 MLT; DPS:  -5.25
[0m [32m<Writing HDF5 DATA @ t =    15.500 [min] >[0m 
[32m<Writing RAIJU HDF5 DATA @ t =    15.583 [min] >[0m 
 [36m
 GAMERA
      Time =    15.584 [min]
        ts =    13632
        dt =  8.58E-02 [sec]
    dt/dt0 =   72.095%
    Spent     0.0% of time waiting for Voltron
      kZCs =   3584.49 /   1414.78 [MHD/TOT] (8 threads)
[0m       CPCP =   70.865  70.489 [kV, N/S]
 [34m
 VOLTRON
      UT   = 2001-06-01 23:15:35
      tilt =    0.000 [deg]
    Sym-H  =   -5.000 [nT]
    BSDst  ~   18.359 [nT]
           dSMRs  ~     0.15   -0.17   -0.02    0.05 [nT, 12/18/00/06]
   DPSDst  ~   -4.948 [nT]
   Spent    43.9% of time waiting for Gamera
            11.4% of time processing Chimp(Helpers)
             9.0% of time processing IMAG
            13.2% of time processing Remix
            22.4% of time processing Tubes(Helpers)
             0.0% of time writing files
    Running @   77.812% of real-time (8 threads)
[0m  [35m
 RAIJU
      UT   = 2001-06-01 23:15:40
      Time =    15.667 [min]
     dtCpl =  5.00E+00 [sec]
     Max/Min dt @ k:
        Max 3.49E+01 [sec] @ 8
        Min 1.38E-01 [sec] @ 160
     Flav : max Press/Den @ L,MLT; DPS-dst
        0: P =   0.00, D =9075.91 @  1.54 Rp,12.07 MLT; DPS:   0.00
        1: P =   0.14, D =   4.17 @  8.00 Rp,13.40 MLT; DPS:  -0.67
        2: P =   3.05, D =   0.28 @  3.95 Rp,23.33 MLT; DPS:  -5.25
[0m [32m<Writing HDF5 DATA @ t =    15.584 [min] >[0m 
[32m<Writing RAIJU HDF5 DATA @ t =    15.667 [min] >[0m 
 [36m
 GAMERA
      Time =    15.667 [min]
        ts =    13690
        dt =  8.59E-02 [sec]
    dt/dt0 =   72.159%
    Spent     0.0% of time waiting for Voltron
      kZCs =   3583.83 /   1402.73 [MHD/TOT] (8 threads)
[0m       CPCP =   70.821  70.402 [kV, N/S]
 [34m
 VOLTRON
      UT   = 2001-06-01 23:15:40
      tilt =    0.000 [deg]
    Sym-H  =   -5.000 [nT]
    BSDst  ~   18.361 [nT]
           dSMRs  ~     0.16   -0.17   -0.04    0.05 [nT, 12/18/00/06]
   DPSDst  ~   -4.946 [nT]
   Spent    43.9% of time waiting for Gamera
            11.4% of time processing Chimp(Helpers)
             9.0% of time processing IMAG
            13.2% of time processing Remix
            22.4% of time processing Tubes(Helpers)
             0.0% of time writing files
    Running @   77.894% of real-time (8 threads)
[0m  [35m
 RAIJU
      UT   = 2001-06-01 23:15:45
      Time =    15.750 [min]
     dtCpl =  5.00E+00 [sec]
     Max/Min dt @ k:
        Max 3.61E+01 [sec] @ 7
        Min 1.38E-01 [sec] @ 160
     Flav : max Press/Den @ L,MLT; DPS-dst
        0: P =   0.00, D =9075.91 @  1.54 Rp,12.07 MLT; DPS:   0.00
        1: P =   0.14, D =   4.16 @  8.00 Rp,13.40 MLT; DPS:  -0.66
        2: P =   3.05, D =   0.28 @  3.95 Rp,23.33 MLT; DPS:  -5.25
[0m [32m<Writing HDF5 DATA @ t =    15.667 [min] >[0m 
[32m<Writing RAIJU HDF5 DATA @ t =    15.750 [min] >[0m 
 [36m
 GAMERA
      Time =    15.751 [min]
        ts =    13748
        dt =  8.59E-02 [sec]
    dt/dt0 =   72.182%
    Spent     0.0% of time waiting for Voltron
      kZCs =   3581.28 /   1403.14 [MHD/TOT] (8 threads)
[0m       CPCP =   70.794  70.494 [kV, N/S]
 [34m
 VOLTRON
      UT   = 2001-06-01 23:15:45
      tilt =    0.000 [deg]
    Sym-H  =   -5.000 [nT]
    BSDst  ~   18.363 [nT]
           dSMRs  ~     0.18   -0.17   -0.07    0.06 [nT, 12/18/00/06]
   DPSDst  ~   -4.945 [nT]
   Spent    43.8% of time waiting for Gamera
            11.4% of time processing Chimp(Helpers)
             9.0% of time processing IMAG
            13.2% of time processing Remix
            22.4% of time processing Tubes(Helpers)
             0.0% of time writing files
    Running @   77.964% of real-time (8 threads)
[0m  [35m
 RAIJU
      UT   = 2001-06-01 23:15:50
      Time =    15.833 [min]
     dtCpl =  5.00E+00 [sec]
     Max/Min dt @ k:
        Max 3.70E+01 [sec] @ 7
        Min 1.38E-01 [sec] @ 160
     Flav : max Press/Den @ L,MLT; DPS-dst
        0: P =   0.00, D =9075.91 @  1.54 Rp,12.07 MLT; DPS:   0.00
        1: P =   0.14, D =   4.16 @  8.00 Rp,13.40 MLT; DPS:  -0.66
        2: P =   3.05, D =   0.28 @  3.95 Rp,23.27 MLT; DPS:  -5.25
[0m [32m<Writing HDF5 DATA @ t =    15.751 [min] >[0m 
[32m<Writing RAIJU HDF5 DATA @ t =    15.833 [min] >[0m 
 [36m
 GAMERA
      Time =    15.834 [min]
        ts =    13806
        dt =  8.59E-02 [sec]
    dt/dt0 =   72.190%
    Spent     0.0% of time waiting for Voltron
      kZCs =   3582.63 /   1404.71 [MHD/TOT] (8 threads)
[0m       CPCP =   70.767  70.596 [kV, N/S]
 [34m
 VOLTRON
      UT   = 2001-06-01 23:15:50
      tilt =    0.000 [deg]
    Sym-H  =   -5.000 [nT]
    BSDst  ~   18.368 [nT]
           dSMRs  ~     0.19   -0.17   -0.09    0.06 [nT, 12/18/00/06]
   DPSDst  ~   -4.921 [nT]
   Spent    43.8% of time waiting for Gamera
            11.4% of time processing Chimp(Helpers)
             9.0% of time processing IMAG
            13.2% of time processing Remix
            22.4% of time processing Tubes(Helpers)
             0.0% of time writing files
    Running @   78.042% of real-time (8 threads)
[0m  [35m
 RAIJU
      UT   = 2001-06-01 23:15:55
      Time =    15.917 [min]
     dtCpl =  5.00E+00 [sec]
     Max/Min dt @ k:
        Max 3.96E+01 [sec] @ 7
        Min 1.38E-01 [sec] @ 160
     Flav : max Press/Den @ L,MLT; DPS-dst
        0: P =   0.00, D =9075.91 @  1.54 Rp,12.07 MLT; DPS:   0.00
        1: P =   0.14, D =   4.15 @  8.00 Rp,13.40 MLT; DPS:  -0.66
        2: P =   3.05, D =   0.28 @  3.95 Rp,23.27 MLT; DPS:  -5.23
[0m [32m<Writing HDF5 DATA @ t =    15.834 [min] >[0m 
[32m<Writing RAIJU HDF5 DATA @ t =    15.917 [min] >[0m 
 [36m
 GAMERA
      Time =    15.917 [min]
        ts =    13864
        dt =  8.60E-02 [sec]
    dt/dt0 =   72.198%
    Spent     0.0% of time waiting for Voltron
      kZCs =   3581.58 /   1403.65 [MHD/TOT] (8 threads)
[0m       CPCP =   70.764  70.614 [kV, N/S]
 [34m
 VOLTRON
      UT   = 2001-06-01 23:15:55
      tilt =    0.000 [deg]
    Sym-H  =   -5.000 [nT]
    BSDst  ~   18.377 [nT]
           dSMRs  ~     0.20   -0.17   -0.10    0.06 [nT, 12/18/00/06]
   DPSDst  ~   -4.917 [nT]
   Spent    43.8% of time waiting for Gamera
            11.4% of time processing Chimp(Helpers)
             9.0% of time processing IMAG
            13.2% of time processing Remix
            22.4% of time processing Tubes(Helpers)
             0.0% of time writing files
    Running @   78.121% of real-time (8 threads)
[0m  [35m
 RAIJU
      UT   = 2001-06-01 23:15:59
      Time =    16.000 [min]
     dtCpl =  5.00E+00 [sec]
     Max/Min dt @ k:
        Max 4.08E+01 [sec] @ 7
        Min 1.38E-01 [sec] @ 160
     Flav : max Press/Den @ L,MLT; DPS-dst
        0: P =   0.00, D =9075.91 @  1.54 Rp,12.07 MLT; DPS:   0.00
        1: P =   0.14, D =   4.15 @  7.99 Rp,13.40 MLT; DPS:  -0.65
        2: P =   3.06, D =   0.28 @  3.95 Rp,23.27 MLT; DPS:  -5.23
[0m [32m<Writing HDF5 DATA @ t =    15.917 [min] >[0m 
[32m<Writing RAIJU HDF5 DATA @ t =    16.000 [min] >[0m 
 [36m
 GAMERA
      Time =    16.001 [min]
        ts =    13923
        dt =  8.60E-02 [sec]
    dt/dt0 =   72.199%
    Spent     0.0% of time waiting for Voltron
      kZCs =   3582.42 /   1419.23 [MHD/TOT] (8 threads)
[0m       CPCP =   70.822  70.500 [kV, N/S]
 [34m
 VOLTRON
      UT   = 2001-06-01 23:16:00
      tilt =    0.000 [deg]
    Sym-H  =   -5.000 [nT]
    BSDst  ~   18.386 [nT]
           dSMRs  ~     0.21   -0.18   -0.11    0.07 [nT, 12/18/00/06]
   DPSDst  ~   -4.914 [nT]
   Spent    43.9% of time waiting for Gamera
            11.4% of time processing Chimp(Helpers)
             9.0% of time processing IMAG
            13.2% of time processing Remix
            22.3% of time processing Tubes(Helpers)
             0.0% of time writing files
    Running @   78.218% of real-time (8 threads)
[0m  [35m
 RAIJU
      UT   = 2001-06-01 23:16:05
      Time =    16.083 [min]
     dtCpl =  5.00E+00 [sec]
     Max/Min dt @ k:
        Max 3.95E+01 [sec] @ 7
        Min 1.38E-01 [sec] @ 160
     Flav : max Press/Den @ L,MLT; DPS-dst
        0: P =   0.00, D =9075.91 @  1.54 Rp,12.07 MLT; DPS:   0.00
        1: P =   0.14, D =   4.14 @  7.99 Rp,13.40 MLT; DPS:  -0.65
        2: P =   3.06, D =   0.28 @  3.95 Rp,23.27 MLT; DPS:  -5.23
[0m [32m<Writing HDF5 DATA @ t =    16.001 [min] >[0m 
[32m<Writing RAIJU HDF5 DATA @ t =    16.083 [min] >[0m 
 [36m
 GAMERA
      Time =    16.084 [min]
        ts =    13981
        dt =  8.60E-02 [sec]
    dt/dt0 =   72.203%
    Spent     0.0% of time waiting for Voltron
      kZCs =   3582.18 /   1404.37 [MHD/TOT] (8 threads)
[0m       CPCP =   70.741  70.483 [kV, N/S]
 [34m
 VOLTRON
      UT   = 2001-06-01 23:16:05
      tilt =    0.000 [deg]
    Sym-H  =   -5.000 [nT]
    BSDst  ~   18.389 [nT]
           dSMRs  ~     0.22   -0.17   -0.12    0.07 [nT, 12/18/00/06]
   DPSDst  ~   -4.918 [nT]
   Spent    43.9% of time waiting for Gamera
            11.4% of time processing Chimp(Helpers)
             9.0% of time processing IMAG
            13.2% of time processing Remix
            22.3% of time processing Tubes(Helpers)
             0.0% of time writing files
    Running @   78.287% of real-time (8 threads)
[0m  [35m
 RAIJU
      UT   = 2001-06-01 23:16:10
      Time =    16.167 [min]
     dtCpl =  5.00E+00 [sec]
     Max/Min dt @ k:
        Max 3.91E+01 [sec] @ 7
        Min 1.38E-01 [sec] @ 160
     Flav : max Press/Den @ L,MLT; DPS-dst
        0: P =   0.00, D =9075.91 @  1.54 Rp,12.07 MLT; DPS:   0.00
        1: P =   0.14, D =   4.14 @  7.99 Rp,13.40 MLT; DPS:  -0.65
        2: P =   3.06, D =   0.28 @  3.95 Rp,23.27 MLT; DPS:  -5.23
[0m [32m<Writing HDF5 DATA @ t =    16.084 [min] >[0m 
[32m<Writing RAIJU HDF5 DATA @ t =    16.167 [min] >[0m 
 [36m
 GAMERA
      Time =    16.167 [min]
        ts =    14039
        dt =  8.60E-02 [sec]
    dt/dt0 =   72.204%
    Spent     0.0% of time waiting for Voltron
      kZCs =   3583.68 /   1405.47 [MHD/TOT] (8 threads)
[0m       CPCP =   70.675  70.515 [kV, N/S]
 [34m
 VOLTRON
      UT   = 2001-06-01 23:16:10
      tilt =    0.000 [deg]
    Sym-H  =   -5.000 [nT]
    BSDst  ~   18.394 [nT]
           dSMRs  ~     0.24   -0.17   -0.14    0.07 [nT, 12/18/00/06]
   DPSDst  ~   -4.916 [nT]
   Spent    43.9% of time waiting for Gamera
            11.4% of time processing Chimp(Helpers)
             9.0% of time processing IMAG
            13.2% of time processing Remix
            22.3% of time processing Tubes(Helpers)
             0.0% of time writing files
    Running @   78.361% of real-time (8 threads)
[0m  [35m
 RAIJU
      UT   = 2001-06-01 23:16:15
      Time =    16.250 [min]
     dtCpl =  5.00E+00 [sec]
     Max/Min dt @ k:
        Max 4.04E+01 [sec] @ 7
        Min 1.38E-01 [sec] @ 160
     Flav : max Press/Den @ L,MLT; DPS-dst
        0: P =   0.00, D =9075.91 @  1.54 Rp,12.07 MLT; DPS:   0.00
        1: P =   0.14, D =   4.13 @  7.99 Rp,13.40 MLT; DPS:  -0.65
        2: P =   3.06, D =   0.28 @  3.95 Rp,23.33 MLT; DPS:  -5.23
[0m [32m<Writing HDF5 DATA @ t =    16.167 [min] >[0m 
[32m<Writing RAIJU HDF5 DATA @ t =    16.250 [min] >[0m 
 [36m
 GAMERA
      Time =    16.250 [min]
        ts =    14097
        dt =  8.60E-02 [sec]
    dt/dt0 =   72.194%
    Spent     0.0% of time waiting for Voltron
      kZCs =   3584.58 /   1404.83 [MHD/TOT] (8 threads)
[0m       CPCP =   70.696  70.610 [kV, N/S]
 [34m
 VOLTRON
      UT   = 2001-06-01 23:16:15
      tilt =    0.000 [deg]
    Sym-H  =   -5.000 [nT]
    BSDst  ~   18.398 [nT]
           dSMRs  ~     0.24   -0.17   -0.15    0.07 [nT, 12/18/00/06]
   DPSDst  ~   -4.913 [nT]
   Spent    43.9% of time waiting for Gamera
            11.4% of time processing Chimp(Helpers)
             9.1% of time processing IMAG
            13.2% of time processing Remix
            22.3% of time processing Tubes(Helpers)
             0.0% of time writing files
    Running @   78.431% of real-time (8 threads)
[0m  [35m
 RAIJU
      UT   = 2001-06-01 23:16:20
      Time =    16.333 [min]
     dtCpl =  5.00E+00 [sec]
     Max/Min dt @ k:
        Max 4.09E+01 [sec] @ 54
        Min 1.38E-01 [sec] @ 160
     Flav : max Press/Den @ L,MLT; DPS-dst
        0: P =   0.00, D =9075.91 @  1.54 Rp,12.07 MLT; DPS:   0.00
        1: P =   0.14, D =   4.12 @  7.99 Rp,13.40 MLT; DPS:  -0.65
        2: P =   3.06, D =   0.28 @  3.95 Rp,23.27 MLT; DPS:  -5.23
[0m [32m<Writing HDF5 DATA @ t =    16.250 [min] >[0m 
[32m<Writing RAIJU HDF5 DATA @ t =    16.333 [min] >[0m 
 [36m
 GAMERA
      Time =    16.334 [min]
        ts =    14155
        dt =  8.60E-02 [sec]
    dt/dt0 =   72.191%
    Spent     0.0% of time waiting for Voltron
      kZCs =   3584.13 /   1405.80 [MHD/TOT] (8 threads)
[0m       CPCP =   70.639  70.722 [kV, N/S]
 [34m
 VOLTRON
      UT   = 2001-06-01 23:16:20
      tilt =    0.000 [deg]
    Sym-H  =   -5.000 [nT]
    BSDst  ~   18.410 [nT]
           dSMRs  ~     0.25   -0.17   -0.15    0.07 [nT, 12/18/00/06]
   DPSDst  ~   -4.907 [nT]
   Spent    43.9% of time waiting for Gamera
            11.4% of time processing Chimp(Helpers)
             9.1% of time processing IMAG
            13.2% of time processing Remix
            22.3% of time processing Tubes(Helpers)
             0.0% of time writing files
    Running @   78.500% of real-time (8 threads)
[0m  [35m
 RAIJU
      UT   = 2001-06-01 23:16:25
      Time =    16.417 [min]
     dtCpl =  5.00E+00 [sec]
     Max/Min dt @ k:
        Max 4.09E+01 [sec] @ 57
        Min 1.38E-01 [sec] @ 160
     Flav : max Press/Den @ L,MLT; DPS-dst
        0: P =   0.00, D =9075.91 @  1.54 Rp,12.07 MLT; DPS:   0.00
        1: P =   0.14, D =   4.12 @  7.98 Rp,13.40 MLT; DPS:  -0.64
        2: P =   3.07, D =   0.28 @  3.95 Rp,23.13 MLT; DPS:  -5.23
[0m [32m<Writing HDF5 DATA @ t =    16.334 [min] >[0m 
[32m<Writing RAIJU HDF5 DATA @ t =    16.417 [min] >[0m 
 [36m
 GAMERA
      Time =    16.417 [min]
        ts =    14213
        dt =  8.59E-02 [sec]
    dt/dt0 =   72.185%
    Spent     0.0% of time waiting for Voltron
      kZCs =   3583.23 /   1406.79 [MHD/TOT] (8 threads)
[0m       CPCP =   70.472  70.813 [kV, N/S]
 [34m
 VOLTRON
      UT   = 2001-06-01 23:16:25
      tilt =    0.000 [deg]
    Sym-H  =   -5.000 [nT]
    BSDst  ~   18.423 [nT]
           dSMRs  ~     0.25   -0.17   -0.16    0.08 [nT, 12/18/00/06]
   DPSDst  ~   -4.905 [nT]
   Spent    43.9% of time waiting for Gamera
            11.4% of time processing Chimp(Helpers)
             9.1% of time processing IMAG
            13.2% of time processing Remix
            22.3% of time processing Tubes(Helpers)
             0.0% of time writing files
    Running @   78.570% of real-time (8 threads)
[0m  [35m
 RAIJU
      UT   = 2001-06-01 23:16:30
      Time =    16.500 [min]
     dtCpl =  5.00E+00 [sec]
     Max/Min dt @ k:
        Max 4.09E+01 [sec] @ 57
        Min 1.38E-01 [sec] @ 160
     Flav : max Press/Den @ L,MLT; DPS-dst
        0: P =   0.00, D =9075.91 @  1.54 Rp,12.07 MLT; DPS:   0.00
        1: P =   0.14, D =   4.11 @  7.98 Rp,13.40 MLT; DPS:  -0.64
        2: P =   3.07, D =   0.28 @  3.95 Rp,23.13 MLT; DPS:  -5.23
[0m [32m<Writing HDF5 DATA @ t =    16.417 [min] >[0m 
[32m<Writing RAIJU HDF5 DATA @ t =    16.500 [min] >[0m 
 [36m
 GAMERA
      Time =    16.501 [min]
        ts =    14272
        dt =  8.59E-02 [sec]
    dt/dt0 =   72.171%
    Spent     0.0% of time waiting for Voltron
      kZCs =   3582.27 /   1421.90 [MHD/TOT] (8 threads)
[0m       CPCP =   70.339  70.867 [kV, N/S]
 [34m
 VOLTRON
      UT   = 2001-06-01 23:16:30
      tilt =    0.000 [deg]
    Sym-H  =   -5.000 [nT]
    BSDst  ~   18.429 [nT]
           dSMRs  ~     0.26   -0.17   -0.17    0.08 [nT, 12/18/00/06]
   DPSDst  ~   -4.901 [nT]
   Spent    43.9% of time waiting for Gamera
            11.4% of time processing Chimp(Helpers)
             9.1% of time processing IMAG
            13.2% of time processing Remix
            22.2% of time processing Tubes(Helpers)
             0.0% of time writing files
    Running @   78.665% of real-time (8 threads)
[0m  [35m
 RAIJU
      UT   = 2001-06-01 23:16:35
      Time =    16.583 [min]
     dtCpl =  5.00E+00 [sec]
     Max/Min dt @ k:
        Max 4.09E+01 [sec] @ 57
        Min 1.38E-01 [sec] @ 160
     Flav : max Press/Den @ L,MLT; DPS-dst
        0: P =   0.00, D =9075.91 @  1.54 Rp,12.07 MLT; DPS:   0.00
        1: P =   0.14, D =   4.11 @  7.98 Rp,13.40 MLT; DPS:  -0.64
        2: P =   3.07, D =   0.28 @  3.95 Rp,23.07 MLT; DPS:  -5.22
[0m [32m<Writing HDF5 DATA @ t =    16.501 [min] >[0m 
[32m<Writing RAIJU HDF5 DATA @ t =    16.583 [min] >[0m 
 [36m
 GAMERA
      Time =    16.584 [min]
        ts =    14330
        dt =  8.59E-02 [sec]
    dt/dt0 =   72.161%
    Spent     0.0% of time waiting for Voltron
      kZCs =   3583.08 /   1406.10 [MHD/TOT] (8 threads)
[0m       CPCP =   70.190  70.828 [kV, N/S]
 [34m
 VOLTRON
      UT   = 2001-06-01 23:16:35
      tilt =    0.000 [deg]
    Sym-H  =   -5.000 [nT]
    BSDst  ~   18.423 [nT]
           dSMRs  ~     0.26   -0.17   -0.17    0.08 [nT, 12/18/00/06]
   DPSDst  ~   -4.899 [nT]
   Spent    43.9% of time waiting for Gamera
            11.4% of time processing Chimp(Helpers)
             9.1% of time processing IMAG
            13.2% of time processing Remix
            22.2% of time processing Tubes(Helpers)
             0.0% of time writing files
    Running @   78.707% of real-time (8 threads)
[0m  [35m
 RAIJU
      UT   = 2001-06-01 23:16:40
      Time =    16.667 [min]
     dtCpl =  5.00E+00 [sec]
     Max/Min dt @ k:
        Max 4.08E+01 [sec] @ 57
        Min 1.38E-01 [sec] @ 160
     Flav : max Press/Den @ L,MLT; DPS-dst
        0: P =   0.00, D =9075.91 @  1.54 Rp,12.07 MLT; DPS:   0.00
        1: P =   0.14, D =   4.10 @  7.98 Rp,13.40 MLT; DPS:  -0.64
        2: P =   3.07, D =   0.28 @  3.95 Rp,23.07 MLT; DPS:  -5.22
[0m [32m<Writing HDF5 DATA @ t =    16.584 [min] >[0m 
[32m<Writing RAIJU HDF5 DATA @ t =    16.667 [min] >[0m 
 [36m
 GAMERA
      Time =    16.667 [min]
        ts =    14388
        dt =  8.59E-02 [sec]
    dt/dt0 =   72.151%
    Spent     0.0% of time waiting for Voltron
      kZCs =   3583.68 /   1406.91 [MHD/TOT] (8 threads)
[0m       CPCP =   70.056  70.739 [kV, N/S]
 [34m
 VOLTRON
      UT   = 2001-06-01 23:16:40
      tilt =    0.000 [deg]
    Sym-H  =   -5.000 [nT]
    BSDst  ~   18.409 [nT]
           dSMRs  ~     0.26   -0.17   -0.18    0.08 [nT, 12/18/00/06]
   DPSDst  ~   -4.897 [nT]
   Spent    43.9% of time waiting for Gamera
            11.3% of time processing Chimp(Helpers)
             9.1% of time processing IMAG
            13.2% of time processing Remix
            22.2% of time processing Tubes(Helpers)
             0.0% of time writing files
    Running @   78.769% of real-time (8 threads)
[0m  [35m
 RAIJU
      UT   = 2001-06-01 23:16:45
      Time =    16.750 [min]
     dtCpl =  5.00E+00 [sec]
     Max/Min dt @ k:
        Max 4.08E+01 [sec] @ 57
        Min 1.38E-01 [sec] @ 160
     Flav : max Press/Den @ L,MLT; DPS-dst
        0: P =   0.00, D =9075.91 @  1.54 Rp,12.07 MLT; DPS:   0.00
        1: P =   0.14, D =   4.09 @  7.98 Rp,13.40 MLT; DPS:  -0.63
        2: P =   3.07, D =   0.28 @  3.95 Rp,23.13 MLT; DPS:  -5.22
[0m [32m<Writing HDF5 DATA @ t =    16.667 [min] >[0m 
[32m<Writing RAIJU HDF5 DATA @ t =    16.750 [min] >[0m 
 [36m
 GAMERA
      Time =    16.750 [min]
        ts =    14446
        dt =  8.59E-02 [sec]
    dt/dt0 =   72.138%
    Spent     0.0% of time waiting for Voltron
      kZCs =   3582.33 /   1407.97 [MHD/TOT] (8 threads)
[0m       CPCP =   70.017  70.692 [kV, N/S]
 [34m
 VOLTRON
      UT   = 2001-06-01 23:16:45
      tilt =    0.000 [deg]
    Sym-H  =   -5.000 [nT]
    BSDst  ~   18.390 [nT]
           dSMRs  ~     0.27   -0.17   -0.19    0.08 [nT, 12/18/00/06]
   DPSDst  ~   -4.893 [nT]
   Spent    43.9% of time waiting for Gamera
            11.3% of time processing Chimp(Helpers)
             9.1% of time processing IMAG
            13.2% of time processing Remix
            22.2% of time processing Tubes(Helpers)
             0.0% of time writing files
    Running @   78.826% of real-time (8 threads)
[0m  [35m
 RAIJU
      UT   = 2001-06-01 23:16:50
      Time =    16.833 [min]
     dtCpl =  5.00E+00 [sec]
     Max/Min dt @ k:
        Max 4.07E+01 [sec] @ 57
        Min 1.38E-01 [sec] @ 160
     Flav : max Press/Den @ L,MLT; DPS-dst
        0: P =   0.00, D =9075.91 @  1.54 Rp,12.07 MLT; DPS:   0.00
        1: P =   0.14, D =   4.08 @  7.97 Rp,13.40 MLT; DPS:  -0.63
        2: P =   3.07, D =   0.28 @  3.95 Rp,23.27 MLT; DPS:  -5.22
[0m [32m<Writing HDF5 DATA @ t =    16.750 [min] >[0m 
[32m<Writing RAIJU HDF5 DATA @ t =    16.833 [min] >[0m 
 [36m
 GAMERA
      Time =    16.835 [min]
        ts =    14505
        dt =  8.59E-02 [sec]
    dt/dt0 =   72.117%
    Spent     0.0% of time waiting for Voltron
      kZCs =   3583.60 /   1423.55 [MHD/TOT] (8 threads)
[0m       CPCP =   70.055  70.692 [kV, N/S]
 [34m
 VOLTRON
      UT   = 2001-06-01 23:16:50
      tilt =    0.000 [deg]
    Sym-H  =   -5.000 [nT]
    BSDst  ~   18.366 [nT]
           dSMRs  ~     0.28   -0.17   -0.20    0.09 [nT, 12/18/00/06]
   DPSDst  ~   -4.894 [nT]
   Spent    44.0% of time waiting for Gamera
            11.3% of time processing Chimp(Helpers)
             9.1% of time processing IMAG
            13.2% of time processing Remix
            22.2% of time processing Tubes(Helpers)
             0.0% of time writing files
    Running @   78.916% of real-time (8 threads)
[0m  [35m
 RAIJU
      UT   = 2001-06-01 23:16:55
      Time =    16.917 [min]
     dtCpl =  5.00E+00 [sec]
     Max/Min dt @ k:
        Max 4.07E+01 [sec] @ 57
        Min 1.38E-01 [sec] @ 160
     Flav : max Press/Den @ L,MLT; DPS-dst
        0: P =   0.00, D =9075.91 @  1.54 Rp,12.07 MLT; DPS:   0.00
        1: P =   0.14, D =   4.08 @  7.97 Rp,13.40 MLT; DPS:  -0.63
        2: P =   3.07, D =   0.28 @  3.95 Rp,23.33 MLT; DPS:  -5.22
[0m [32m<Writing HDF5 DATA @ t =    16.835 [min] >[0m 
[32m<Writing RAIJU HDF5 DATA @ t =    16.917 [min] >[0m 
 [36m
 GAMERA
      Time =    16.918 [min]
        ts =    14563
        dt =  8.58E-02 [sec]
    dt/dt0 =   72.102%
    Spent     0.0% of time waiting for Voltron
      kZCs =   3583.53 /   1410.18 [MHD/TOT] (8 threads)
[0m       CPCP =   70.030  70.718 [kV, N/S]
 [34m
 VOLTRON
      UT   = 2001-06-01 23:16:55
      tilt =    0.000 [deg]
    Sym-H  =   -5.000 [nT]
    BSDst  ~   18.344 [nT]
           dSMRs  ~     0.28   -0.17   -0.20    0.09 [nT, 12/18/00/06]
   DPSDst  ~   -4.891 [nT]
   Spent    44.0% of time waiting for Gamera
            11.3% of time processing Chimp(Helpers)
             9.1% of time processing IMAG
            13.2% of time processing Remix
            22.2% of time processing Tubes(Helpers)
             0.0% of time writing files
    Running @   78.969% of real-time (8 threads)
[0m  [35m
 RAIJU
      UT   = 2001-06-01 23:16:59
      Time =    17.000 [min]
     dtCpl =  5.00E+00 [sec]
     Max/Min dt @ k:
        Max 4.06E+01 [sec] @ 57
        Min 1.38E-01 [sec] @ 160
     Flav : max Press/Den @ L,MLT; DPS-dst
        0: P =   0.00, D =9075.91 @  1.54 Rp,12.07 MLT; DPS:   0.00
        1: P =   0.14, D =   4.07 @  7.97 Rp,13.40 MLT; DPS:  -0.63
        2: P =   3.07, D =   0.28 @  3.95 Rp,23.33 MLT; DPS:  -5.22
[0m [32m<Writing HDF5 DATA @ t =    16.918 [min] >[0m 
[32m<Writing RAIJU HDF5 DATA @ t =    17.000 [min] >[0m 
 [36m
 GAMERA
      Time =    17.001 [min]
        ts =    14621
        dt =  8.58E-02 [sec]
    dt/dt0 =   72.096%
    Spent     0.0% of time waiting for Voltron
      kZCs =   3581.73 /   1409.18 [MHD/TOT] (8 threads)
[0m       CPCP =   70.067  70.703 [kV, N/S]
 [34m
 VOLTRON
      UT   = 2001-06-01 23:17:00
      tilt =    0.000 [deg]
    Sym-H  =   -5.000 [nT]
    BSDst  ~   18.319 [nT]
           dSMRs  ~     0.29   -0.17   -0.21    0.10 [nT, 12/18/00/06]
   DPSDst  ~   -4.888 [nT]
   Spent    44.0% of time waiting for Gamera
            11.3% of time processing Chimp(Helpers)
             9.1% of time processing IMAG
            13.2% of time processing Remix
            22.1% of time processing Tubes(Helpers)
             0.0% of time writing files
    Running @   79.018% of real-time (8 threads)
[0m  [35m
 RAIJU
      UT   = 2001-06-01 23:17:05
      Time =    17.083 [min]
     dtCpl =  5.00E+00 [sec]
     Max/Min dt @ k:
        Max 4.06E+01 [sec] @ 57
        Min 1.38E-01 [sec] @ 160
     Flav : max Press/Den @ L,MLT; DPS-dst
        0: P =   0.00, D =9075.91 @  1.54 Rp,12.07 MLT; DPS:   0.00
        1: P =   0.14, D =   4.06 @  7.97 Rp,13.40 MLT; DPS:  -0.63
        2: P =   3.07, D =   0.28 @  3.95 Rp,23.33 MLT; DPS:  -5.22
[0m [32m<Writing HDF5 DATA @ t =    17.001 [min] >[0m 
[32m<Writing RAIJU HDF5 DATA @ t =    17.083 [min] >[0m 
 [36m
 GAMERA
      Time =    17.084 [min]
        ts =    14679
        dt =  8.59E-02 [sec]
    dt/dt0 =   72.110%
    Spent     0.0% of time waiting for Voltron
      kZCs =   3581.88 /   1411.88 [MHD/TOT] (8 threads)
[0m       CPCP =   70.119  70.683 [kV, N/S]
 [34m
 VOLTRON
      UT   = 2001-06-01 23:17:05
      tilt =    0.000 [deg]
    Sym-H  =   -5.000 [nT]
    BSDst  ~   18.299 [nT]
           dSMRs  ~     0.29   -0.17   -0.22    0.10 [nT, 12/18/00/06]
   DPSDst  ~   -4.894 [nT]
   Spent    44.0% of time waiting for Gamera
            11.3% of time processing Chimp(Helpers)
             9.1% of time processing IMAG
            13.2% of time processing Remix
            22.1% of time processing Tubes(Helpers)
             0.0% of time writing files
    Running @   79.076% of real-time (8 threads)
[0m  [35m
 RAIJU
      UT   = 2001-06-01 23:17:10
      Time =    17.167 [min]
     dtCpl =  5.00E+00 [sec]
     Max/Min dt @ k:
        Max 4.06E+01 [sec] @ 57
        Min 1.38E-01 [sec] @ 160
     Flav : max Press/Den @ L,MLT; DPS-dst
        0: P =   0.00, D =9075.91 @  1.54 Rp,12.07 MLT; DPS:   0.00
        1: P =   0.14, D =   4.05 @  7.97 Rp,13.40 MLT; DPS:  -0.63
        2: P =   3.07, D =   0.28 @  3.95 Rp,23.33 MLT; DPS:  -5.22
[0m [32m<Writing HDF5 DATA @ t =    17.084 [min] >[0m 
[32m<Writing RAIJU HDF5 DATA @ t =    17.167 [min] >[0m 
 [36m
 GAMERA
      Time =    17.167 [min]
        ts =    14737
        dt =  8.59E-02 [sec]
    dt/dt0 =   72.116%
    Spent     0.0% of time waiting for Voltron
      kZCs =   3583.68 /   1412.37 [MHD/TOT] (8 threads)
[0m       CPCP =   70.167  70.680 [kV, N/S]
 [34m
 VOLTRON
      UT   = 2001-06-01 23:17:10
      tilt =    0.000 [deg]
    Sym-H  =   -5.000 [nT]
    BSDst  ~   18.279 [nT]
           dSMRs  ~     0.30   -0.17   -0.23    0.10 [nT, 12/18/00/06]
   DPSDst  ~   -4.883 [nT]
   Spent    44.0% of time waiting for Gamera
            11.3% of time processing Chimp(Helpers)
             9.1% of time processing IMAG
            13.2% of time processing Remix
            22.1% of time processing Tubes(Helpers)
             0.0% of time writing files
    Running @   79.122% of real-time (8 threads)
[0m  [35m
 RAIJU
      UT   = 2001-06-01 23:17:15
      Time =    17.250 [min]
     dtCpl =  5.00E+00 [sec]
     Max/Min dt @ k:
        Max 4.06E+01 [sec] @ 57
        Min 1.38E-01 [sec] @ 160
     Flav : max Press/Den @ L,MLT; DPS-dst
        0: P =   0.00, D =9075.91 @  1.54 Rp,12.07 MLT; DPS:   0.00
        1: P =   0.14, D =   4.04 @  7.97 Rp,13.40 MLT; DPS:  -0.62
        2: P =   3.07, D =   0.28 @  3.95 Rp,23.33 MLT; DPS:  -5.22
[0m [32m<Writing HDF5 DATA @ t =    17.167 [min] >[0m 
[32m<Writing RAIJU HDF5 DATA @ t =    17.250 [min] >[0m 
 [36m
 GAMERA
      Time =    17.251 [min]
        ts =    14796
        dt =  8.58E-02 [sec]
    dt/dt0 =   72.094%
    Spent     0.0% of time waiting for Voltron
      kZCs =   3582.57 /   1425.79 [MHD/TOT] (8 threads)
[0m       CPCP =   70.249  70.721 [kV, N/S]
 [34m
 VOLTRON
      UT   = 2001-06-01 23:17:15
      tilt =    0.000 [deg]
    Sym-H  =   -5.000 [nT]
    BSDst  ~   18.262 [nT]
           dSMRs  ~     0.30   -0.17   -0.24    0.11 [nT, 12/18/00/06]
   DPSDst  ~   -4.882 [nT]
   Spent    44.1% of time waiting for Gamera
            11.3% of time processing Chimp(Helpers)
             9.1% of time processing IMAG
            13.2% of time processing Remix
            22.1% of time processing Tubes(Helpers)
             0.0% of time writing files
    Running @   79.200% of real-time (8 threads)
[0m  [35m
 RAIJU
      UT   = 2001-06-01 23:17:20
      Time =    17.333 [min]
     dtCpl =  5.00E+00 [sec]
     Max/Min dt @ k:
        Max 4.04E+01 [sec] @ 57
        Min 1.38E-01 [sec] @ 160
     Flav : max Press/Den @ L,MLT; DPS-dst
        0: P =   0.00, D =9075.91 @  1.54 Rp,12.07 MLT; DPS:   0.00
        1: P =   0.14, D =   4.03 @  7.97 Rp,13.40 MLT; DPS:  -0.62
        2: P =   3.07, D =   0.28 @  3.95 Rp,23.33 MLT; DPS:  -5.22
[0m [32m<Writing HDF5 DATA @ t =    17.251 [min] >[0m 
[32m<Writing RAIJU HDF5 DATA @ t =    17.333 [min] >[0m 
 [36m
 GAMERA
      Time =    17.334 [min]
        ts =    14854
        dt =  8.58E-02 [sec]
    dt/dt0 =   72.066%
    Spent     0.0% of time waiting for Voltron
      kZCs =   3583.38 /   1412.65 [MHD/TOT] (8 threads)
[0m       CPCP =   70.325  70.807 [kV, N/S]
 [34m
 VOLTRON
      UT   = 2001-06-01 23:17:20
      tilt =    0.000 [deg]
    Sym-H  =   -5.000 [nT]
    BSDst  ~   18.248 [nT]
           dSMRs  ~     0.31   -0.17   -0.25    0.11 [nT, 12/18/00/06]
   DPSDst  ~   -4.875 [nT]
   Spent    44.1% of time waiting for Gamera
            11.3% of time processing Chimp(Helpers)
             9.1% of time processing IMAG
            13.2% of time processing Remix
            22.1% of time processing Tubes(Helpers)
             0.0% of time writing files
    Running @   79.253% of real-time (8 threads)
[0m  [35m
 RAIJU
      UT   = 2001-06-01 23:17:25
      Time =    17.417 [min]
     dtCpl =  5.00E+00 [sec]
     Max/Min dt @ k:
        Max 4.02E+01 [sec] @ 57
        Min 1.38E-01 [sec] @ 160
     Flav : max Press/Den @ L,MLT; DPS-dst
        0: P =   0.00, D =9075.91 @  1.54 Rp,12.07 MLT; DPS:   0.00
        1: P =   0.13, D =   4.02 @  7.97 Rp,13.40 MLT; DPS:  -0.62
        2: P =   3.08, D =   0.28 @  3.95 Rp,23.27 MLT; DPS:  -5.21
[0m [32m<Writing HDF5 DATA @ t =    17.334 [min] >[0m 
[32m<Writing RAIJU HDF5 DATA @ t =    17.417 [min] >[0m 
 [36m
 GAMERA
      Time =    17.417 [min]
        ts =    14912
        dt =  8.58E-02 [sec]
    dt/dt0 =   72.030%
    Spent     0.0% of time waiting for Voltron
      kZCs =   3583.08 /   1414.45 [MHD/TOT] (8 threads)
[0m       CPCP =   70.439  70.876 [kV, N/S]
 [34m
 VOLTRON
      UT   = 2001-06-01 23:17:25
      tilt =    0.000 [deg]
    Sym-H  =   -5.000 [nT]
    BSDst  ~   18.237 [nT]
           dSMRs  ~     0.31   -0.17   -0.25    0.12 [nT, 12/18/00/06]
   DPSDst  ~   -4.871 [nT]
   Spent    44.1% of time waiting for Gamera
            11.3% of time processing Chimp(Helpers)
             9.1% of time processing IMAG
            13.2% of time processing Remix
            22.1% of time processing Tubes(Helpers)
             0.0% of time writing files
    Running @   79.289% of real-time (8 threads)
[0m  [35m
 RAIJU
      UT   = 2001-06-01 23:17:30
      Time =    17.500 [min]
     dtCpl =  5.00E+00 [sec]
     Max/Min dt @ k:
        Max 3.99E+01 [sec] @ 57
        Min 1.38E-01 [sec] @ 160
     Flav : max Press/Den @ L,MLT; DPS-dst
        0: P =   0.00, D =9075.91 @  1.54 Rp,12.07 MLT; DPS:   0.00
        1: P =   0.13, D =   4.01 @  7.96 Rp,13.40 MLT; DPS:  -0.62
        2: P =   3.08, D =   0.28 @  3.95 Rp,23.27 MLT; DPS:  -5.21
[0m [32m<Writing HDF5 DATA @ t =    17.417 [min] >[0m 
[32m<Writing RAIJU HDF5 DATA @ t =    17.500 [min] >[0m 
 [36m
 GAMERA
      Time =    17.501 [min]
        ts =    14971
        dt =  8.57E-02 [sec]
    dt/dt0 =   71.991%
    Spent     0.0% of time waiting for Voltron
      kZCs =   3583.89 /   1426.35 [MHD/TOT] (8 threads)
[0m       CPCP =   70.582  70.897 [kV, N/S]
 [34m
 VOLTRON
      UT   = 2001-06-01 23:17:30
      tilt =    0.000 [deg]
    Sym-H  =   -5.000 [nT]
    BSDst  ~   18.229 [nT]
           dSMRs  ~     0.31   -0.17   -0.26    0.12 [nT, 12/18/00/06]
   DPSDst  ~   -4.869 [nT]
   Spent    44.1% of time waiting for Gamera
            11.3% of time processing Chimp(Helpers)
             9.1% of time processing IMAG
            13.2% of time processing Remix
            22.1% of time processing Tubes(Helpers)
             0.0% of time writing files
    Running @   79.361% of real-time (8 threads)
[0m  [35m
 RAIJU
      UT   = 2001-06-01 23:17:35
      Time =    17.583 [min]
     dtCpl =  5.00E+00 [sec]
     Max/Min dt @ k:
        Max 3.96E+01 [sec] @ 57
        Min 1.38E-01 [sec] @ 160
     Flav : max Press/Den @ L,MLT; DPS-dst
        0: P =   0.00, D =9075.91 @  1.54 Rp,12.07 MLT; DPS:   0.00
        1: P =   0.13, D =   4.01 @  7.96 Rp,13.40 MLT; DPS:  -0.62
        2: P =   3.08, D =   0.28 @  3.95 Rp,23.27 MLT; DPS:  -5.21
[0m [32m<Writing HDF5 DATA @ t =    17.501 [min] >[0m 
[32m<Writing RAIJU HDF5 DATA @ t =    17.583 [min] >[0m 
 [36m
 GAMERA
      Time =    17.584 [min]
        ts =    15029
        dt =  8.57E-02 [sec]
    dt/dt0 =   71.947%
    Spent     0.0% of time waiting for Voltron
      kZCs =   3583.38 /   1414.38 [MHD/TOT] (8 threads)
[0m       CPCP =   70.702  70.853 [kV, N/S]
 [34m
 VOLTRON
      UT   = 2001-06-01 23:17:35
      tilt =    0.000 [deg]
    Sym-H  =   -5.000 [nT]
    BSDst  ~   18.220 [nT]
           dSMRs  ~     0.32   -0.17   -0.27    0.12 [nT, 12/18/00/06]
   DPSDst  ~   -4.865 [nT]
   Spent    44.1% of time waiting for Gamera
            11.3% of time processing Chimp(Helpers)
             9.1% of time processing IMAG
            13.2% of time processing Remix
            22.1% of time processing Tubes(Helpers)
             0.0% of time writing files
    Running @   79.405% of real-time (8 threads)
[0m  [35m
 RAIJU
      UT   = 2001-06-01 23:17:40
      Time =    17.667 [min]
     dtCpl =  5.00E+00 [sec]
     Max/Min dt @ k:
        Max 3.93E+01 [sec] @ 57
        Min 1.38E-01 [sec] @ 160
     Flav : max Press/Den @ L,MLT; DPS-dst
        0: P =   0.00, D =9075.91 @  1.54 Rp,12.07 MLT; DPS:   0.00
        1: P =   0.13, D =   4.00 @  7.96 Rp,13.40 MLT; DPS:  -0.61
        2: P =   3.08, D =   0.28 @  3.95 Rp,23.27 MLT; DPS:  -5.21
[0m [32m<Writing HDF5 DATA @ t =    17.584 [min] >[0m 
[32m<Writing RAIJU HDF5 DATA @ t =    17.667 [min] >[0m 
 [36m
 GAMERA
      Time =    17.667 [min]
        ts =    15087
        dt =  8.56E-02 [sec]
    dt/dt0 =   71.900%
    Spent     0.0% of time waiting for Voltron
      kZCs =   3582.93 /   1413.35 [MHD/TOT] (8 threads)
[0m       CPCP =   70.798  70.823 [kV, N/S]
 [34m
 VOLTRON
      UT   = 2001-06-01 23:17:40
      tilt =    0.000 [deg]
    Sym-H  =   -5.000 [nT]
    BSDst  ~   18.205 [nT]
           dSMRs  ~     0.32   -0.17   -0.28    0.13 [nT, 12/18/00/06]
   DPSDst  ~   -4.869 [nT]
   Spent    44.1% of time waiting for Gamera
            11.3% of time processing Chimp(Helpers)
             9.1% of time processing IMAG
            13.2% of time processing Remix
            22.0% of time processing Tubes(Helpers)
             0.0% of time writing files
    Running @   79.448% of real-time (8 threads)
[0m  [35m
 RAIJU
      UT   = 2001-06-01 23:17:45
      Time =    17.750 [min]
     dtCpl =  5.00E+00 [sec]
     Max/Min dt @ k:
        Max 3.92E+01 [sec] @ 57
        Min 1.38E-01 [sec] @ 160
     Flav : max Press/Den @ L,MLT; DPS-dst
        0: P =   0.00, D =9075.91 @  1.54 Rp,12.07 MLT; DPS:   0.00
        1: P =   0.13, D =   3.99 @  7.96 Rp,13.40 MLT; DPS:  -0.61
        2: P =   3.08, D =   0.28 @  3.95 Rp,23.13 MLT; DPS:  -5.21
[0m [32m<Writing HDF5 DATA @ t =    17.667 [min] >[0m 
[32m<Writing RAIJU HDF5 DATA @ t =    17.750 [min] >[0m 
 [36m
 GAMERA
      Time =    17.751 [min]
        ts =    15146
        dt =  8.56E-02 [sec]
    dt/dt0 =   71.858%
    Spent     0.0% of time waiting for Voltron
      kZCs =   3581.83 /   1429.21 [MHD/TOT] (8 threads)
[0m       CPCP =   70.864  70.796 [kV, N/S]
 [34m
 VOLTRON
      UT   = 2001-06-01 23:17:45
      tilt =    0.000 [deg]
    Sym-H  =   -5.000 [nT]
    BSDst  ~   18.179 [nT]
           dSMRs  ~     0.33   -0.17   -0.29    0.13 [nT, 12/18/00/06]
   DPSDst  ~   -4.867 [nT]
   Spent    44.2% of time waiting for Gamera
            11.3% of time processing Chimp(Helpers)
             9.1% of time processing IMAG
            13.2% of time processing Remix
            22.0% of time processing Tubes(Helpers)
             0.0% of time writing files
    Running @   79.493% of real-time (8 threads)
[0m  [35m
 RAIJU
      UT   = 2001-06-01 23:17:50
      Time =    17.833 [min]
     dtCpl =  5.00E+00 [sec]
     Max/Min dt @ k:
        Max 3.90E+01 [sec] @ 57
        Min 1.38E-01 [sec] @ 160
     Flav : max Press/Den @ L,MLT; DPS-dst
        0: P =   0.00, D =9075.91 @  1.54 Rp,12.07 MLT; DPS:   0.00
        1: P =   0.13, D =   3.98 @  7.96 Rp,13.40 MLT; DPS:  -0.61
        2: P =   3.08, D =   0.28 @  3.95 Rp,23.13 MLT; DPS:  -5.21
[0m [32m<Writing HDF5 DATA @ t =    17.751 [min] >[0m 
[32m<Writing RAIJU HDF5 DATA @ t =    17.833 [min] >[0m 
 [36m
 GAMERA
      Time =    17.834 [min]
        ts =    15204
        dt =  8.55E-02 [sec]
    dt/dt0 =   71.819%
    Spent     0.0% of time waiting for Voltron
      kZCs =   3582.93 /   1413.23 [MHD/TOT] (8 threads)
[0m       CPCP =   70.877  70.792 [kV, N/S]
 [34m
 VOLTRON
      UT   = 2001-06-01 23:17:50
      tilt =    0.000 [deg]
    Sym-H  =   -5.000 [nT]
    BSDst  ~   18.154 [nT]
           dSMRs  ~     0.34   -0.17   -0.29    0.13 [nT, 12/18/00/06]
   DPSDst  ~   -4.866 [nT]
   Spent    44.2% of time waiting for Gamera
            11.3% of time processing Chimp(Helpers)
             9.1% of time processing IMAG
            13.2% of time processing Remix
            22.0% of time processing Tubes(Helpers)
             0.0% of time writing files
    Running @   79.518% of real-time (8 threads)
[0m  [35m
 RAIJU
      UT   = 2001-06-01 23:17:55
      Time =    17.917 [min]
     dtCpl =  5.00E+00 [sec]
     Max/Min dt @ k:
        Max 3.88E+01 [sec] @ 57
        Min 1.38E-01 [sec] @ 160
     Flav : max Press/Den @ L,MLT; DPS-dst
        0: P =   0.00, D =9075.91 @  1.54 Rp,12.07 MLT; DPS:   0.00
        1: P =   0.13, D =   3.97 @  7.96 Rp,13.40 MLT; DPS:  -0.61
        2: P =   3.08, D =   0.28 @  3.95 Rp,23.13 MLT; DPS:  -5.21
[0m [32m<Writing HDF5 DATA @ t =    17.834 [min] >[0m 
[32m<Writing RAIJU HDF5 DATA @ t =    17.917 [min] >[0m 
 [36m
 GAMERA
      Time =    17.918 [min]
        ts =    15263
        dt =  8.55E-02 [sec]
    dt/dt0 =   71.780%
    Spent     0.0% of time waiting for Voltron
      kZCs =   3582.71 /   1429.96 [MHD/TOT] (8 threads)
[0m       CPCP =   70.880  70.794 [kV, N/S]
 [34m
 VOLTRON
      UT   = 2001-06-01 23:17:55
      tilt =    0.000 [deg]
    Sym-H  =   -5.000 [nT]
    BSDst  ~   18.130 [nT]
           dSMRs  ~     0.34   -0.17   -0.31    0.13 [nT, 12/18/00/06]
   DPSDst  ~   -4.862 [nT]
   Spent    44.3% of time waiting for Gamera
            11.3% of time processing Chimp(Helpers)
             9.1% of time processing IMAG
            13.2% of time processing Remix
            22.0% of time processing Tubes(Helpers)
             0.0% of time writing files
    Running @   79.576% of real-time (8 threads)
[0m  [35m
 RAIJU
      UT   = 2001-06-01 23:17:59
      Time =    18.000 [min]
     dtCpl =  5.00E+00 [sec]
     Max/Min dt @ k:
        Max 3.87E+01 [sec] @ 57
        Min 1.38E-01 [sec] @ 160
     Flav : max Press/Den @ L,MLT; DPS-dst
        0: P =   0.00, D =9075.91 @  1.54 Rp,12.07 MLT; DPS:   0.00
        1: P =   0.13, D =   3.96 @  7.96 Rp,13.40 MLT; DPS:  -0.61
        2: P =   3.08, D =   0.28 @  3.95 Rp,23.07 MLT; DPS:  -5.21
[0m [32m<Writing HDF5 DATA @ t =    17.918 [min] >[0m 
[32m<Writing RAIJU HDF5 DATA @ t =    18.000 [min] >[0m 
 [36m
 GAMERA
      Time =    18.000 [min]
        ts =    15321
        dt =  8.54E-02 [sec]
    dt/dt0 =   71.742%
    Spent     0.0% of time waiting for Voltron
      kZCs =   3582.03 /   1415.92 [MHD/TOT] (8 threads)
[0m       CPCP =   70.892  70.769 [kV, N/S]
 [34m
 VOLTRON
      UT   = 2001-06-01 23:18:00
      tilt =    0.000 [deg]
    Sym-H  =   -5.000 [nT]
    BSDst  ~   18.106 [nT]
           dSMRs  ~     0.35   -0.17   -0.32    0.14 [nT, 12/18/00/06]
   DPSDst  ~   -4.856 [nT]
   Spent    44.2% of time waiting for Gamera
            11.3% of time processing Chimp(Helpers)
             9.1% of time processing IMAG
            13.2% of time processing Remix
            22.0% of time processing Tubes(Helpers)
             0.0% of time writing files
    Running @   79.600% of real-time (8 threads)
[0m  [35m
 RAIJU
      UT   = 2001-06-01 23:18:05
      Time =    18.083 [min]
     dtCpl =  5.00E+00 [sec]
     Max/Min dt @ k:
        Max 3.86E+01 [sec] @ 57
        Min 1.38E-01 [sec] @ 160
     Flav : max Press/Den @ L,MLT; DPS-dst
        0: P =   0.00, D =9075.91 @  1.54 Rp,12.07 MLT; DPS:   0.00
        1: P =   0.13, D =   3.95 @  7.96 Rp,13.40 MLT; DPS:  -0.60
        2: P =   3.08, D =   0.28 @  3.95 Rp,23.07 MLT; DPS:  -5.20
[0m [32m<Writing HDF5 DATA @ t =    18.000 [min] >[0m 
[32m<Writing RAIJU HDF5 DATA @ t =    18.083 [min] >[0m 
 [36m
 GAMERA
      Time =    18.084 [min]
        ts =    15380
        dt =  8.54E-02 [sec]
    dt/dt0 =   71.704%
    Spent     0.0% of time waiting for Voltron
      kZCs =   3580.80 /   1429.54 [MHD/TOT] (8 threads)
[0m       CPCP =   70.918  70.712 [kV, N/S]
 [34m
 VOLTRON
      UT   = 2001-06-01 23:18:05
      tilt =    0.000 [deg]
    Sym-H  =   -5.000 [nT]
    BSDst  ~   18.083 [nT]
           dSMRs  ~     0.37   -0.17   -0.33    0.14 [nT, 12/18/00/06]
   DPSDst  ~   -4.852 [nT]
   Spent    44.3% of time waiting for Gamera
            11.3% of time processing Chimp(Helpers)
             9.1% of time processing IMAG
            13.2% of time processing Remix
            21.9% of time processing Tubes(Helpers)
             0.0% of time writing files
    Running @   79.660% of real-time (8 threads)
[0m  [35m
 RAIJU
      UT   = 2001-06-01 23:18:10
      Time =    18.167 [min]
     dtCpl =  5.00E+00 [sec]
     Max/Min dt @ k:
        Max 3.85E+01 [sec] @ 57
        Min 1.38E-01 [sec] @ 160
     Flav : max Press/Den @ L,MLT; DPS-dst
        0: P =   0.00, D =9075.91 @  1.54 Rp,12.07 MLT; DPS:   0.00
        1: P =   0.13, D =   3.94 @  7.96 Rp,13.40 MLT; DPS:  -0.60
        2: P =   3.08, D =   0.28 @  3.95 Rp,23.07 MLT; DPS:  -5.20
[0m [32m<Writing HDF5 DATA @ t =    18.084 [min] >[0m 
[32m<Writing RAIJU HDF5 DATA @ t =    18.167 [min] >[0m 
 [36m
 GAMERA
      Time =    18.167 [min]
        ts =    15438
        dt =  8.53E-02 [sec]
    dt/dt0 =   71.669%
    Spent     0.0% of time waiting for Voltron
      kZCs =   3580.08 /   1415.31 [MHD/TOT] (8 threads)
[0m       CPCP =   70.963  70.662 [kV, N/S]
 [34m
 VOLTRON
      UT   = 2001-06-01 23:18:10
      tilt =    0.000 [deg]
    Sym-H  =   -5.000 [nT]
    BSDst  ~   18.066 [nT]
           dSMRs  ~     0.38   -0.17   -0.35    0.14 [nT, 12/18/00/06]
   DPSDst  ~   -4.849 [nT]
   Spent    44.3% of time waiting for Gamera
            11.3% of time processing Chimp(Helpers)
             9.1% of time processing IMAG
            13.2% of time processing Remix
            21.9% of time processing Tubes(Helpers)
             0.0% of time writing files
    Running @   79.686% of real-time (8 threads)
[0m  [35m
 RAIJU
      UT   = 2001-06-01 23:18:15
      Time =    18.250 [min]
     dtCpl =  5.00E+00 [sec]
     Max/Min dt @ k:
        Max 3.83E+01 [sec] @ 57
        Min 1.38E-01 [sec] @ 160
     Flav : max Press/Den @ L,MLT; DPS-dst
        0: P =   0.00, D =9075.91 @  1.54 Rp,12.07 MLT; DPS:   0.00
        1: P =   0.13, D =   4.19 @  7.96 Rp,13.53 MLT; DPS:  -0.60
        2: P =   3.08, D =   0.28 @  3.95 Rp,23.07 MLT; DPS:  -5.20
[0m [32m<Writing HDF5 DATA @ t =    18.167 [min] >[0m 
[32m<Writing RAIJU HDF5 DATA @ t =    18.250 [min] >[0m 
 [36m
 GAMERA
      Time =    18.251 [min]
        ts =    15497
        dt =  8.53E-02 [sec]
    dt/dt0 =   71.634%
    Spent     0.0% of time waiting for Voltron
      kZCs =   3581.98 /   1430.36 [MHD/TOT] (8 threads)
[0m       CPCP =   70.965  70.624 [kV, N/S]
 [34m
 VOLTRON
      UT   = 2001-06-01 23:18:15
      tilt =    0.000 [deg]
    Sym-H  =   -5.000 [nT]
    BSDst  ~   18.052 [nT]
           dSMRs  ~     0.39   -0.17   -0.36    0.14 [nT, 12/18/00/06]
   DPSDst  ~   -4.841 [nT]
   Spent    44.3% of time waiting for Gamera
            11.3% of time processing Chimp(Helpers)
             9.1% of time processing IMAG
            13.2% of time processing Remix
            21.9% of time processing Tubes(Helpers)
             0.0% of time writing files
    Running @   79.737% of real-time (8 threads)
[0m  [35m
 RAIJU
      UT   = 2001-06-01 23:18:20
      Time =    18.333 [min]
     dtCpl =  5.00E+00 [sec]
     Max/Min dt @ k:
        Max 3.82E+01 [sec] @ 57
        Min 1.38E-01 [sec] @ 160
     Flav : max Press/Den @ L,MLT; DPS-dst
        0: P =   0.00, D =9075.91 @  1.54 Rp,12.07 MLT; DPS:   0.00
        1: P =   0.13, D =   4.18 @  7.96 Rp,13.53 MLT; DPS:  -0.60
        2: P =   3.08, D =   0.28 @  3.95 Rp,23.07 MLT; DPS:  -5.19
[0m [32m<Writing HDF5 DATA @ t =    18.251 [min] >[0m 
[32m<Writing RAIJU HDF5 DATA @ t =    18.333 [min] >[0m 
 [36m
 GAMERA
      Time =    18.335 [min]
        ts =    15556
        dt =  8.52E-02 [sec]
    dt/dt0 =   71.601%
    Spent     0.0% of time waiting for Voltron
      kZCs =   3580.50 /   1430.79 [MHD/TOT] (8 threads)
[0m       CPCP =   70.943  70.612 [kV, N/S]
 [34m
 VOLTRON
      UT   = 2001-06-01 23:18:20
      tilt =    0.000 [deg]
    Sym-H  =   -5.000 [nT]
    BSDst  ~   18.039 [nT]
           dSMRs  ~     0.40   -0.16   -0.38    0.14 [nT, 12/18/00/06]
   DPSDst  ~   -4.838 [nT]
   Spent    44.4% of time waiting for Gamera
            11.3% of time processing Chimp(Helpers)
             9.1% of time processing IMAG
            13.2% of time processing Remix
            21.9% of time processing Tubes(Helpers)
             0.0% of time writing files
    Running @   79.790% of real-time (8 threads)
[0m  [35m
 RAIJU
      UT   = 2001-06-01 23:18:25
      Time =    18.417 [min]
     dtCpl =  5.00E+00 [sec]
     Max/Min dt @ k:
        Max 3.81E+01 [sec] @ 57
        Min 1.38E-01 [sec] @ 160
     Flav : max Press/Den @ L,MLT; DPS-dst
        0: P =   0.00, D =9075.91 @  1.54 Rp,12.07 MLT; DPS:   0.00
        1: P =   0.13, D =   4.17 @  7.96 Rp,13.53 MLT; DPS:  -0.60
        2: P =   3.08, D =   0.28 @  3.95 Rp,22.80 MLT; DPS:  -5.19
[0m [32m<Writing HDF5 DATA @ t =    18.335 [min] >[0m 
[32m<Writing RAIJU HDF5 DATA @ t =    18.417 [min] >[0m 
 [36m
 GAMERA
      Time =    18.417 [min]
        ts =    15614
        dt =  8.52E-02 [sec]
    dt/dt0 =   71.571%
    Spent     0.0% of time waiting for Voltron
      kZCs =   3582.33 /   1416.48 [MHD/TOT] (8 threads)
[0m       CPCP =   70.919  70.649 [kV, N/S]
 [34m
 VOLTRON
      UT   = 2001-06-01 23:18:25
      tilt =    0.000 [deg]
    Sym-H  =   -5.000 [nT]
    BSDst  ~   18.027 [nT]
           dSMRs  ~     0.41   -0.16   -0.39    0.14 [nT, 12/18/00/06]
   DPSDst  ~   -4.835 [nT]
   Spent    44.4% of time waiting for Gamera
            11.3% of time processing Chimp(Helpers)
             9.1% of time processing IMAG
            13.1% of time processing Remix
            21.9% of time processing Tubes(Helpers)
             0.0% of time writing files
    Running @   79.811% of real-time (8 threads)
[0m  [35m
 RAIJU
      UT   = 2001-06-01 23:18:30
      Time =    18.500 [min]
     dtCpl =  5.00E+00 [sec]
     Max/Min dt @ k:
        Max 3.79E+01 [sec] @ 57
        Min 1.38E-01 [sec] @ 160
     Flav : max Press/Den @ L,MLT; DPS-dst
        0: P =   0.00, D =9075.91 @  1.54 Rp,12.07 MLT; DPS:   0.00
        1: P =   0.13, D =   4.16 @  7.96 Rp,13.53 MLT; DPS:  -0.59
        2: P =   3.08, D =   0.28 @  3.95 Rp,22.07 MLT; DPS:  -5.19
[0m [32m<Writing HDF5 DATA @ t =    18.417 [min] >[0m 
[32m<Writing RAIJU HDF5 DATA @ t =    18.500 [min] >[0m 
 [36m
 GAMERA
      Time =    18.501 [min]
        ts =    15673
        dt =  8.52E-02 [sec]
    dt/dt0 =   71.545%
    Spent     0.0% of time waiting for Voltron
      kZCs =   3580.94 /   1431.33 [MHD/TOT] (8 threads)
[0m       CPCP =   70.901  70.705 [kV, N/S]
 [34m
 VOLTRON
      UT   = 2001-06-01 23:18:30
      tilt =    0.000 [deg]
    Sym-H  =   -5.000 [nT]
    BSDst  ~   18.010 [nT]
           dSMRs  ~     0.42   -0.16   -0.40    0.14 [nT, 12/18/00/06]
   DPSDst  ~   -4.835 [nT]
   Spent    44.4% of time waiting for Gamera
            11.3% of time processing Chimp(Helpers)
             9.1% of time processing IMAG
            13.1% of time processing Remix
            21.9% of time processing Tubes(Helpers)
             0.0% of time writing files
    Running @   79.860% of real-time (8 threads)
[0m  [35m
 RAIJU
      UT   = 2001-06-01 23:18:35
      Time =    18.583 [min]
     dtCpl =  5.00E+00 [sec]
     Max/Min dt @ k:
        Max 3.78E+01 [sec] @ 57
        Min 1.38E-01 [sec] @ 160
     Flav : max Press/Den @ L,MLT; DPS-dst
        0: P =   0.00, D =9075.91 @  1.54 Rp,12.07 MLT; DPS:   0.00
        1: P =   0.13, D =   4.16 @  7.96 Rp,13.53 MLT; DPS:  -0.59
        2: P =   3.08, D =   0.28 @  3.95 Rp,22.07 MLT; DPS:  -5.19
[0m [32m<Writing HDF5 DATA @ t =    18.501 [min] >[0m 
[32m<Writing RAIJU HDF5 DATA @ t =    18.583 [min] >[0m 
 [36m
 GAMERA
      Time =    18.585 [min]
        ts =    15732
        dt =  8.52E-02 [sec]
    dt/dt0 =   71.522%
    Spent     0.0% of time waiting for Voltron
      kZCs =   3580.21 /   1428.56 [MHD/TOT] (8 threads)
[0m       CPCP =   70.911  70.743 [kV, N/S]
 [34m
 VOLTRON
      UT   = 2001-06-01 23:18:35
      tilt =    0.000 [deg]
    Sym-H  =   -5.000 [nT]
    BSDst  ~   17.988 [nT]
           dSMRs  ~     0.42   -0.15   -0.41    0.14 [nT, 12/18/00/06]
   DPSDst  ~   -4.832 [nT]
   Spent    44.4% of time waiting for Gamera
            11.3% of time processing Chimp(Helpers)
             9.1% of time processing IMAG
            13.1% of time processing Remix
            21.9% of time processing Tubes(Helpers)
             0.0% of time writing files
    Running @   79.893% of real-time (8 threads)
[0m  [35m
 RAIJU
      UT   = 2001-06-01 23:18:40
      Time =    18.667 [min]
     dtCpl =  5.00E+00 [sec]
     Max/Min dt @ k:
        Max 3.76E+01 [sec] @ 57
        Min 1.38E-01 [sec] @ 160
     Flav : max Press/Den @ L,MLT; DPS-dst
        0: P =   0.00, D =9075.91 @  1.54 Rp,12.07 MLT; DPS:   0.00
        1: P =   0.13, D =   4.15 @  7.96 Rp,13.53 MLT; DPS:  -0.59
        2: P =   3.08, D =   0.28 @  3.95 Rp,22.07 MLT; DPS:  -5.19
[0m [32m<Writing HDF5 DATA @ t =    18.585 [min] >[0m 
[32m<Writing RAIJU HDF5 DATA @ t =    18.667 [min] >[0m 
 [36m
 GAMERA
      Time =    18.667 [min]
        ts =    15790
        dt =  8.51E-02 [sec]
    dt/dt0 =   71.501%
    Spent     0.0% of time waiting for Voltron
      kZCs =   3580.53 /   1416.34 [MHD/TOT] (8 threads)
[0m       CPCP =   70.913  70.753 [kV, N/S]
 [34m
 VOLTRON
      UT   = 2001-06-01 23:18:40
      tilt =    0.000 [deg]
    Sym-H  =   -5.000 [nT]
    BSDst  ~   17.965 [nT]
           dSMRs  ~     0.43   -0.15   -0.42    0.14 [nT, 12/18/00/06]
   DPSDst  ~   -4.828 [nT]
   Spent    44.4% of time waiting for Gamera
            11.3% of time processing Chimp(Helpers)
             9.1% of time processing IMAG
            13.1% of time processing Remix
            21.9% of time processing Tubes(Helpers)
             0.0% of time writing files
    Running @   79.892% of real-time (8 threads)
[0m  [35m
 RAIJU
      UT   = 2001-06-01 23:18:45
      Time =    18.750 [min]
     dtCpl =  5.00E+00 [sec]
     Max/Min dt @ k:
        Max 3.75E+01 [sec] @ 57
        Min 1.38E-01 [sec] @ 160
     Flav : max Press/Den @ L,MLT; DPS-dst
        0: P =   0.00, D =9075.91 @  1.54 Rp,12.07 MLT; DPS:   0.00
        1: P =   0.13, D =   4.14 @  7.96 Rp,13.53 MLT; DPS:  -0.59
        2: P =   3.08, D =   0.28 @  3.95 Rp,22.00 MLT; DPS:  -5.19
[0m [32m<Writing HDF5 DATA @ t =    18.667 [min] >[0m 
[32m<Writing RAIJU HDF5 DATA @ t =    18.750 [min] >[0m 
 [36m
 GAMERA
      Time =    18.751 [min]
        ts =    15849
        dt =  8.51E-02 [sec]
    dt/dt0 =   71.476%
    Spent     0.0% of time waiting for Voltron
      kZCs =   3579.77 /   1431.56 [MHD/TOT] (8 threads)
[0m       CPCP =   70.935  70.756 [kV, N/S]
 [34m
 VOLTRON
      UT   = 2001-06-01 23:18:45
      tilt =    0.000 [deg]
    Sym-H  =   -5.000 [nT]
    BSDst  ~   17.942 [nT]
           dSMRs  ~     0.44   -0.15   -0.43    0.15 [nT, 12/18/00/06]
   DPSDst  ~   -4.827 [nT]
   Spent    44.4% of time waiting for Gamera
            11.3% of time processing Chimp(Helpers)
             9.1% of time processing IMAG
            13.1% of time processing Remix
            21.9% of time processing Tubes(Helpers)
             0.0% of time writing files
    Running @   79.933% of real-time (8 threads)
[0m  [35m
 RAIJU
      UT   = 2001-06-01 23:18:50
      Time =    18.833 [min]
     dtCpl =  5.00E+00 [sec]
     Max/Min dt @ k:
        Max 3.74E+01 [sec] @ 57
        Min 1.38E-01 [sec] @ 160
     Flav : max Press/Den @ L,MLT; DPS-dst
        0: P =   0.00, D =9075.91 @  1.54 Rp,12.07 MLT; DPS:   0.00
        1: P =   0.13, D =   4.13 @  7.96 Rp,13.53 MLT; DPS:  -0.59
        2: P =   3.08, D =   0.28 @  3.95 Rp,22.00 MLT; DPS:  -5.19
[0m [32m<Writing HDF5 DATA @ t =    18.751 [min] >[0m 
[32m<Writing RAIJU HDF5 DATA @ t =    18.833 [min] >[0m 
 [36m
 GAMERA
      Time =    18.834 [min]
        ts =    15908
        dt =  8.51E-02 [sec]
    dt/dt0 =   71.451%
    Spent     0.0% of time waiting for Voltron
      kZCs =   3581.24 /   1432.79 [MHD/TOT] (8 threads)
[0m       CPCP =   70.982  70.778 [kV, N/S]
 [34m
 VOLTRON
      UT   = 2001-06-01 23:18:50
      tilt =    0.000 [deg]
    Sym-H  =   -5.000 [nT]
    BSDst  ~   17.920 [nT]
           dSMRs  ~     0.44   -0.15   -0.44    0.15 [nT, 12/18/00/06]
   DPSDst  ~   -4.821 [nT]
   Spent    44.5% of time waiting for Gamera
            11.3% of time processing Chimp(Helpers)
             9.1% of time processing IMAG
            13.1% of time processing Remix
            21.9% of time processing Tubes(Helpers)
             0.0% of time writing files
    Running @   79.954% of real-time (8 threads)
[0m  [35m
 RAIJU
      UT   = 2001-06-01 23:18:55
      Time =    18.917 [min]
     dtCpl =  5.00E+00 [sec]
     Max/Min dt @ k:
        Max 3.73E+01 [sec] @ 57
        Min 1.38E-01 [sec] @ 160
     Flav : max Press/Den @ L,MLT; DPS-dst
        0: P =   0.00, D =9075.91 @  1.54 Rp,12.07 MLT; DPS:   0.00
        1: P =   0.13, D =   4.12 @  7.96 Rp,13.53 MLT; DPS:  -0.58
        2: P =   3.08, D =   0.28 @  3.95 Rp,22.00 MLT; DPS:  -5.18
[0m [32m<Writing HDF5 DATA @ t =    18.834 [min] >[0m 
[32m<Writing RAIJU HDF5 DATA @ t =    18.917 [min] >[0m 
 [36m
 GAMERA
      Time =    18.918 [min]
        ts =    15967
        dt =  8.50E-02 [sec]
    dt/dt0 =   71.424%
    Spent     0.0% of time waiting for Voltron
      kZCs =   3582.71 /   1433.88 [MHD/TOT] (8 threads)
[0m       CPCP =   71.065  70.833 [kV, N/S]
 [34m
 VOLTRON
      UT   = 2001-06-01 23:18:55
      tilt =    0.000 [deg]
    Sym-H  =   -5.000 [nT]
    BSDst  ~   17.900 [nT]
           dSMRs  ~     0.45   -0.15   -0.45    0.15 [nT, 12/18/00/06]
   DPSDst  ~   -4.818 [nT]
   Spent    44.5% of time waiting for Gamera
            11.2% of time processing Chimp(Helpers)
             9.1% of time processing IMAG
            13.1% of time processing Remix
            21.9% of time processing Tubes(Helpers)
             0.0% of time writing files
    Running @   80.002% of real-time (8 threads)
[0m  [35m
 RAIJU
      UT   = 2001-06-01 23:18:59
      Time =    19.000 [min]
     dtCpl =  5.00E+00 [sec]
     Max/Min dt @ k:
        Max 3.71E+01 [sec] @ 57
        Min 1.38E-01 [sec] @ 160
     Flav : max Press/Den @ L,MLT; DPS-dst
        0: P =   0.00, D =9075.91 @  1.54 Rp,12.07 MLT; DPS:   0.00
        1: P =   0.13, D =   4.11 @  7.96 Rp,13.53 MLT; DPS:  -0.58
        2: P =   3.09, D =   0.28 @  3.95 Rp,22.00 MLT; DPS:  -5.18
[0m [32m<Writing HDF5 DATA @ t =    18.918 [min] >[0m 
[32m<Writing RAIJU HDF5 DATA @ t =    19.000 [min] >[0m 
 [36m
 GAMERA
      Time =    19.000 [min]
        ts =    16025
        dt =  8.50E-02 [sec]
    dt/dt0 =   71.395%
    Spent     0.0% of time waiting for Voltron
      kZCs =   3581.58 /   1420.18 [MHD/TOT] (8 threads)
[0m       CPCP =   71.206  70.919 [kV, N/S]
 [34m
 VOLTRON
      UT   = 2001-06-01 23:19:00
      tilt =    0.000 [deg]
    Sym-H  =   -5.000 [nT]
    BSDst  ~   17.881 [nT]
           dSMRs  ~     0.46   -0.16   -0.46    0.15 [nT, 12/18/00/06]
   DPSDst  ~   -4.816 [nT]
   Spent    43.3% of time waiting for Gamera
            10.9% of time processing Chimp(Helpers)
             8.8% of time processing IMAG
            12.7% of time processing Remix
            21.3% of time processing Tubes(Helpers)
             2.7% of time writing files
    Running @   79.550% of real-time (8 threads)
[0m  [35m
 RAIJU
      UT   = 2001-06-01 23:19:05
      Time =    19.083 [min]
     dtCpl =  5.00E+00 [sec]
     Max/Min dt @ k:
        Max 3.69E+01 [sec] @ 57
        Min 1.38E-01 [sec] @ 160
     Flav : max Press/Den @ L,MLT; DPS-dst
        0: P =   0.00, D =9075.91 @  1.54 Rp,12.07 MLT; DPS:   0.00
        1: P =   0.13, D =   4.10 @  7.96 Rp,13.53 MLT; DPS:  -0.58
        2: P =   3.09, D =   0.28 @  3.95 Rp,22.00 MLT; DPS:  -5.18
[0m [32m<Writing HDF5 DATA @ t =    19.000 [min] >[0m 
[32m<Writing RAIJU HDF5 DATA @ t =    19.083 [min] >[0m 
 [36m
 GAMERA
      Time =    19.084 [min]
        ts =    16084
        dt =  8.50E-02 [sec]
    dt/dt0 =   71.361%
    Spent     0.0% of time waiting for Voltron
      kZCs =   3582.71 /   1432.01 [MHD/TOT] (8 threads)
[0m       CPCP =   71.386  70.982 [kV, N/S]
 [34m
 VOLTRON
      UT   = 2001-06-01 23:19:05
      tilt =    0.000 [deg]
    Sym-H  =   -5.000 [nT]
    BSDst  ~   17.865 [nT]
           dSMRs  ~     0.47   -0.16   -0.47    0.16 [nT, 12/18/00/06]
   DPSDst  ~   -4.812 [nT]
   Spent    43.5% of time waiting for Gamera
            11.0% of time processing Chimp(Helpers)
             8.9% of time processing IMAG
            12.8% of time processing Remix
            21.4% of time processing Tubes(Helpers)
             2.3% of time writing files
    Running @   79.285% of real-time (8 threads)
[0m  [35m
 RAIJU
      UT   = 2001-06-01 23:19:10
      Time =    19.167 [min]
     dtCpl =  5.00E+00 [sec]
     Max/Min dt @ k:
        Max 3.67E+01 [sec] @ 57
        Min 1.38E-01 [sec] @ 160
     Flav : max Press/Den @ L,MLT; DPS-dst
        0: P =   0.00, D =9075.91 @  1.54 Rp,12.07 MLT; DPS:   0.00
        1: P =   0.13, D =   4.09 @  7.96 Rp,13.53 MLT; DPS:  -0.58
        2: P =   3.09, D =   0.28 @  3.95 Rp,22.00 MLT; DPS:  -5.18
[0m [32m<Writing HDF5 DATA @ t =    19.084 [min] >[0m 
[32m<Writing RAIJU HDF5 DATA @ t =    19.167 [min] >[0m 
 [36m
 GAMERA
      Time =    19.167 [min]
        ts =    16143
        dt =  8.49E-02 [sec]
    dt/dt0 =   71.327%
    Spent     0.0% of time waiting for Voltron
      kZCs =   3580.80 /   1431.26 [MHD/TOT] (8 threads)
[0m       CPCP =   71.581  71.076 [kV, N/S]
 [34m
 VOLTRON
      UT   = 2001-06-01 23:19:10
      tilt =    0.000 [deg]
    Sym-H  =   -5.000 [nT]
    BSDst  ~   17.851 [nT]
           dSMRs  ~     0.48   -0.16   -0.48    0.16 [nT, 12/18/00/06]
   DPSDst  ~   -4.812 [nT]
   Spent    43.7% of time waiting for Gamera
            11.0% of time processing Chimp(Helpers)
             8.9% of time processing IMAG
            12.8% of time processing Remix
            21.4% of time processing Tubes(Helpers)
             2.0% of time writing files
    Running @   79.345% of real-time (8 threads)
[0m  [35m
 RAIJU
      UT   = 2001-06-01 23:19:15
      Time =    19.250 [min]
     dtCpl =  5.00E+00 [sec]
     Max/Min dt @ k:
        Max 3.65E+01 [sec] @ 57
        Min 1.38E-01 [sec] @ 160
     Flav : max Press/Den @ L,MLT; DPS-dst
        0: P =   0.00, D =9075.91 @  1.54 Rp,12.07 MLT; DPS:   0.00
        1: P =   0.13, D =   4.08 @  7.96 Rp,13.53 MLT; DPS:  -0.58
        2: P =   3.09, D =   0.28 @  3.95 Rp,22.00 MLT; DPS:  -5.18
[0m [32m<Writing HDF5 DATA @ t =    19.167 [min] >[0m 
[32m<Writing RAIJU HDF5 DATA @ t =    19.250 [min] >[0m 
 [36m
 GAMERA
      Time =    19.251 [min]
        ts =    16202
        dt =  8.49E-02 [sec]
    dt/dt0 =   71.293%
    Spent     0.0% of time waiting for Voltron
      kZCs =   3580.21 /   1433.05 [MHD/TOT] (8 threads)
[0m       CPCP =   71.773  71.212 [kV, N/S]
 [34m
 VOLTRON
      UT   = 2001-06-01 23:19:15
      tilt =    0.000 [deg]
    Sym-H  =   -5.000 [nT]
    BSDst  ~   17.836 [nT]
           dSMRs  ~     0.49   -0.15   -0.50    0.16 [nT, 12/18/00/06]
   DPSDst  ~   -4.798 [nT]
   Spent    43.8% of time waiting for Gamera
            11.1% of time processing Chimp(Helpers)
             8.9% of time processing IMAG
            12.9% of time processing Remix
            21.5% of time processing Tubes(Helpers)
             1.7% of time writing files
    Running @   79.403% of real-time (8 threads)
[0m  [35m
 RAIJU
      UT   = 2001-06-01 23:19:20
      Time =    19.333 [min]
     dtCpl =  5.00E+00 [sec]
     Max/Min dt @ k:
        Max 3.63E+01 [sec] @ 57
        Min 1.38E-01 [sec] @ 160
     Flav : max Press/Den @ L,MLT; DPS-dst
        0: P =   0.00, D =9075.91 @  1.54 Rp,12.07 MLT; DPS:   0.00
        1: P =   0.13, D =   4.07 @  7.96 Rp,13.53 MLT; DPS:  -0.57
        2: P =   3.09, D =   0.28 @  3.95 Rp,22.00 MLT; DPS:  -5.17
[0m [32m<Writing HDF5 DATA @ t =    19.251 [min] >[0m 
[32m<Writing RAIJU HDF5 DATA @ t =    19.333 [min] >[0m 
 [36m
 GAMERA
      Time =    19.334 [min]
        ts =    16261
        dt =  8.48E-02 [sec]
    dt/dt0 =   71.259%
    Spent     0.0% of time waiting for Voltron
      kZCs =   3578.73 /   1432.48 [MHD/TOT] (8 threads)
[0m       CPCP =   71.967  71.285 [kV, N/S]
 [34m
 VOLTRON
      UT   = 2001-06-01 23:19:20
      tilt =    0.000 [deg]
    Sym-H  =   -5.000 [nT]
    BSDst  ~   17.820 [nT]
           dSMRs  ~     0.51   -0.15   -0.51    0.16 [nT, 12/18/00/06]
   DPSDst  ~   -4.790 [nT]
   Spent    44.0% of time waiting for Gamera
            11.1% of time processing Chimp(Helpers)
             8.9% of time processing IMAG
            12.9% of time processing Remix
            21.5% of time processing Tubes(Helpers)
             1.4% of time writing files
    Running @   79.459% of real-time (8 threads)
[0m  [35m
 RAIJU
      UT   = 2001-06-01 23:19:25
      Time =    19.417 [min]
     dtCpl =  5.00E+00 [sec]
     Max/Min dt @ k:
        Max 3.62E+01 [sec] @ 57
        Min 1.38E-01 [sec] @ 160
     Flav : max Press/Den @ L,MLT; DPS-dst
        0: P =   0.00, D =9075.91 @  1.54 Rp,12.07 MLT; DPS:   0.00
        1: P =   0.13, D =   4.06 @  7.96 Rp,13.54 MLT; DPS:  -0.57
        2: P =   3.09, D =   0.28 @  3.95 Rp,21.74 MLT; DPS:  -5.16
[0m [32m<Writing HDF5 DATA @ t =    19.334 [min] >[0m 
[32m<Writing RAIJU HDF5 DATA @ t =    19.417 [min] >[0m 
 [36m
 GAMERA
      Time =    19.417 [min]
        ts =    16320
        dt =  8.48E-02 [sec]
    dt/dt0 =   71.226%
    Spent     0.0% of time waiting for Voltron
      kZCs =   3579.03 /   1432.41 [MHD/TOT] (8 threads)
[0m       CPCP =   72.156  71.312 [kV, N/S]
 [34m
 VOLTRON
      UT   = 2001-06-01 23:19:25
      tilt =    0.000 [deg]
    Sym-H  =   -5.000 [nT]
    BSDst  ~   17.805 [nT]
           dSMRs  ~     0.52   -0.15   -0.53    0.16 [nT, 12/18/00/06]
   DPSDst  ~   -4.786 [nT]
   Spent    44.1% of time waiting for Gamera
            11.1% of time processing Chimp(Helpers)
             8.9% of time processing IMAG
            12.9% of time processing Remix
            21.5% of time processing Tubes(Helpers)
             1.2% of time writing files
    Running @   79.474% of real-time (8 threads)
[0m  [35m
 RAIJU
      UT   = 2001-06-01 23:19:30
      Time =    19.500 [min]
     dtCpl =  5.00E+00 [sec]
     Max/Min dt @ k:
        Max 3.61E+01 [sec] @ 57
        Min 1.38E-01 [sec] @ 160
     Flav : max Press/Den @ L,MLT; DPS-dst
        0: P =   0.00, D =9075.91 @  1.54 Rp,12.07 MLT; DPS:   0.00
        1: P =   0.12, D =   4.05 @  7.96 Rp,13.54 MLT; DPS:  -0.57
        2: P =   3.09, D =   0.28 @  3.95 Rp,21.74 MLT; DPS:  -5.16
[0m [32m<Writing HDF5 DATA @ t =    19.417 [min] >[0m 
[32m<Writing RAIJU HDF5 DATA @ t =    19.500 [min] >[0m 
 [36m
 GAMERA
      Time =    19.501 [min]
        ts =    16379
        dt =  8.48E-02 [sec]
    dt/dt0 =   71.194%
    Spent     0.0% of time waiting for Voltron
      kZCs =   3579.18 /   1434.40 [MHD/TOT] (8 threads)
[0m       CPCP =   72.304  71.308 [kV, N/S]
 [34m
 VOLTRON
      UT   = 2001-06-01 23:19:30
      tilt =    0.000 [deg]
    Sym-H  =   -5.000 [nT]
    BSDst  ~   17.789 [nT]
           dSMRs  ~     0.53   -0.15   -0.54    0.16 [nT, 12/18/00/06]
   DPSDst  ~   -4.785 [nT]
   Spent    44.2% of time waiting for Gamera
            11.1% of time processing Chimp(Helpers)
             9.0% of time processing IMAG
            12.9% of time processing Remix
            21.6% of time processing Tubes(Helpers)
             1.0% of time writing files
    Running @   79.515% of real-time (8 threads)
[0m  [35m
 RAIJU
      UT   = 2001-06-01 23:19:35
      Time =    19.583 [min]
     dtCpl =  5.00E+00 [sec]
     Max/Min dt @ k:
        Max 3.60E+01 [sec] @ 57
        Min 1.38E-01 [sec] @ 160
     Flav : max Press/Den @ L,MLT; DPS-dst
        0: P =   0.00, D =9075.91 @  1.54 Rp,12.07 MLT; DPS:   0.00
        1: P =   0.12, D =   4.04 @  7.96 Rp,13.54 MLT; DPS:  -0.57
        2: P =   3.09, D =   0.28 @  3.95 Rp,21.74 MLT; DPS:  -5.16
[0m [32m<Writing HDF5 DATA @ t =    19.501 [min] >[0m 
[32m<Writing RAIJU HDF5 DATA @ t =    19.583 [min] >[0m 
 [36m
 GAMERA
      Time =    19.584 [min]
        ts =    16438
        dt =  8.47E-02 [sec]
    dt/dt0 =   71.164%
    Spent     0.0% of time waiting for Voltron
      kZCs =   3580.06 /   1435.06 [MHD/TOT] (8 threads)
[0m       CPCP =   72.389  71.297 [kV, N/S]
 [34m
 VOLTRON
      UT   = 2001-06-01 23:19:35
      tilt =    0.000 [deg]
    Sym-H  =   -5.000 [nT]
    BSDst  ~   17.774 [nT]
           dSMRs  ~     0.55   -0.15   -0.56    0.16 [nT, 12/18/00/06]
   DPSDst  ~   -4.782 [nT]
   Spent    44.3% of time waiting for Gamera
            11.1% of time processing Chimp(Helpers)
             9.0% of time processing IMAG
            12.9% of time processing Remix
            21.6% of time processing Tubes(Helpers)
             0.9% of time writing files
    Running @   79.554% of real-time (8 threads)
[0m  [35m
 RAIJU
      UT   = 2001-06-01 23:19:40
      Time =    19.667 [min]
     dtCpl =  5.00E+00 [sec]
     Max/Min dt @ k:
        Max 3.58E+01 [sec] @ 57
        Min 1.38E-01 [sec] @ 160
     Flav : max Press/Den @ L,MLT; DPS-dst
        0: P =   0.00, D =9075.91 @  1.54 Rp,12.07 MLT; DPS:   0.00
        1: P =   0.12, D =   4.03 @  7.96 Rp,13.54 MLT; DPS:  -0.56
        2: P =   3.09, D =   0.28 @  3.95 Rp,21.74 MLT; DPS:  -5.16
[0m [32m<Writing HDF5 DATA @ t =    19.584 [min] >[0m 
[32m<Writing RAIJU HDF5 DATA @ t =    19.667 [min] >[0m 
 [36m
 GAMERA
      Time =    19.667 [min]
        ts =    16497
        dt =  8.47E-02 [sec]
    dt/dt0 =   71.138%
    Spent     0.0% of time waiting for Voltron
      kZCs =   3580.94 /   1435.89 [MHD/TOT] (8 threads)
[0m       CPCP =   72.418  71.279 [kV, N/S]
 [34m
 VOLTRON
      UT   = 2001-06-01 23:19:40
      tilt =    0.000 [deg]
    Sym-H  =   -5.000 [nT]
    BSDst  ~   17.758 [nT]
           dSMRs  ~     0.56   -0.15   -0.57    0.16 [nT, 12/18/00/06]
   DPSDst  ~   -4.786 [nT]
   Spent    44.4% of time waiting for Gamera
            11.2% of time processing Chimp(Helpers)
             9.0% of time processing IMAG
            12.9% of time processing Remix
            21.6% of time processing Tubes(Helpers)
             0.7% of time writing files
    Running @   79.585% of real-time (8 threads)
[0m  [35m
 RAIJU
      UT   = 2001-06-01 23:19:45
      Time =    19.750 [min]
     dtCpl =  5.00E+00 [sec]
     Max/Min dt @ k:
        Max 3.57E+01 [sec] @ 57
        Min 1.38E-01 [sec] @ 160
     Flav : max Press/Den @ L,MLT; DPS-dst
        0: P =   0.00, D =9075.91 @  1.54 Rp,12.07 MLT; DPS:   0.00
        1: P =   0.10, D =   3.01 @  7.86 Rp,12.33 MLT; DPS:  -0.56
        2: P =   3.09, D =   0.28 @  3.95 Rp,21.74 MLT; DPS:  -5.16
[0m [32m<Writing HDF5 DATA @ t =    19.667 [min] >[0m 
[32m<Writing RAIJU HDF5 DATA @ t =    19.750 [min] >[0m 
 [36m
 GAMERA
      Time =    19.751 [min]
        ts =    16556
        dt =  8.47E-02 [sec]
    dt/dt0 =   71.113%
    Spent     0.0% of time waiting for Voltron
      kZCs =   3580.50 /   1434.33 [MHD/TOT] (8 threads)
[0m       CPCP =   72.445  71.231 [kV, N/S]
 [34m
 VOLTRON
      UT   = 2001-06-01 23:19:45
      tilt =    0.000 [deg]
    Sym-H  =   -5.000 [nT]
    BSDst  ~   17.739 [nT]
           dSMRs  ~     0.57   -0.15   -0.59    0.16 [nT, 12/18/00/06]
   DPSDst  ~   -4.782 [nT]
   Spent    44.4% of time waiting for Gamera
            11.2% of time processing Chimp(Helpers)
             9.0% of time processing IMAG
            12.9% of time processing Remix
            21.6% of time processing Tubes(Helpers)
             0.6% of time writing files
    Running @   79.480% of real-time (8 threads)
[0m  [35m
 RAIJU
      UT   = 2001-06-01 23:19:50
      Time =    19.833 [min]
     dtCpl =  5.00E+00 [sec]
     Max/Min dt @ k:
        Max 3.57E+01 [sec] @ 57
        Min 1.38E-01 [sec] @ 160
     Flav : max Press/Den @ L,MLT; DPS-dst
        0: P =   0.00, D =9075.91 @  1.54 Rp,12.07 MLT; DPS:   0.00
        1: P =   0.10, D =   3.00 @  7.86 Rp,12.33 MLT; DPS:  -0.56
        2: P =   3.09, D =   0.28 @  3.95 Rp,21.74 MLT; DPS:  -5.16
[0m [32m<Writing HDF5 DATA @ t =    19.751 [min] >[0m 
[32m<Writing RAIJU HDF5 DATA @ t =    19.833 [min] >[0m 
 [36m
 GAMERA
      Time =    19.834 [min]
        ts =    16615
        dt =  8.46E-02 [sec]
    dt/dt0 =   71.090%
    Spent     0.0% of time waiting for Voltron
      kZCs =   3580.50 /   1437.41 [MHD/TOT] (8 threads)
[0m       CPCP =   72.449  71.171 [kV, N/S]
 [34m
 VOLTRON
      UT   = 2001-06-01 23:19:50
      tilt =    0.000 [deg]
    Sym-H  =   -5.000 [nT]
    BSDst  ~   17.719 [nT]
           dSMRs  ~     0.58   -0.14   -0.60    0.16 [nT, 12/18/00/06]
   DPSDst  ~   -4.781 [nT]
   Spent    44.5% of time waiting for Gamera
            11.2% of time processing Chimp(Helpers)
             9.0% of time processing IMAG
            12.9% of time processing Remix
            21.7% of time processing Tubes(Helpers)
             0.5% of time writing files
    Running @   79.503% of real-time (8 threads)
[0m  [35m
 RAIJU
      UT   = 2001-06-01 23:19:55
      Time =    19.917 [min]
     dtCpl =  5.00E+00 [sec]
     Max/Min dt @ k:
        Max 3.57E+01 [sec] @ 57
        Min 1.38E-01 [sec] @ 160
     Flav : max Press/Den @ L,MLT; DPS-dst
        0: P =   0.00, D =9075.91 @  1.54 Rp,12.07 MLT; DPS:   0.00
        1: P =   0.10, D =   2.99 @  7.86 Rp,12.33 MLT; DPS:  -0.56
        2: P =   3.09, D =   0.28 @  3.95 Rp,21.67 MLT; DPS:  -5.16
[0m [32m<Writing HDF5 DATA @ t =    19.834 [min] >[0m 
[32m<Writing RAIJU HDF5 DATA @ t =    19.917 [min] >[0m 
 [36m
 GAMERA
      Time =    19.917 [min]
        ts =    16674
        dt =  8.46E-02 [sec]
    dt/dt0 =   71.068%
    Spent     0.0% of time waiting for Voltron
      kZCs =   3579.32 /   1439.09 [MHD/TOT] (8 threads)
[0m       CPCP =   72.411  71.120 [kV, N/S]
 [34m
 VOLTRON
      UT   = 2001-06-01 23:19:55
      tilt =    0.000 [deg]
    Sym-H  =   -5.000 [nT]
    BSDst  ~   17.698 [nT]
           dSMRs  ~     0.59   -0.14   -0.61    0.16 [nT, 12/18/00/06]
   DPSDst  ~   -4.775 [nT]
   Spent    44.6% of time waiting for Gamera
            11.2% of time processing Chimp(Helpers)
             9.0% of time processing IMAG
            12.9% of time processing Remix
            21.7% of time processing Tubes(Helpers)
             0.4% of time writing files
    Running @   79.364% of real-time (8 threads)
[0m  [35m
 RAIJU
      UT   = 2001-06-01 23:19:59
      Time =    20.000 [min]
     dtCpl =  5.00E+00 [sec]
     Max/Min dt @ k:
        Max 3.57E+01 [sec] @ 57
        Min 1.38E-01 [sec] @ 160
     Flav : max Press/Den @ L,MLT; DPS-dst
        0: P =   0.00, D =9075.91 @  1.54 Rp,12.07 MLT; DPS:   0.00
        1: P =   0.10, D =   2.99 @  7.86 Rp,12.33 MLT; DPS:  -0.56
        2: P =   3.09, D =   0.28 @  3.95 Rp,21.67 MLT; DPS:  -5.15
[0m [32m<Writing HDF5 DATA @ t =    19.917 [min] >[0m 
[32m<Writing RAIJU HDF5 DATA @ t =    20.000 [min] >[0m 
 [36m
 GAMERA
      Time =    20.000 [min]
        ts =    16733
        dt =  8.46E-02 [sec]
    dt/dt0 =   71.047%
    Spent     0.0% of time waiting for Voltron
      kZCs =   3579.47 /   1438.69 [MHD/TOT] (8 threads)
[0m       CPCP =   72.397  71.088 [kV, N/S]
 [34m
 VOLTRON
      UT   = 2001-06-01 23:20:00
      tilt =    0.000 [deg]
    Sym-H  =   -5.000 [nT]
    BSDst  ~   17.678 [nT]
           dSMRs  ~     0.60   -0.14   -0.63    0.17 [nT, 12/18/00/06]
   DPSDst  ~   -4.769 [nT]
   Spent    44.6% of time waiting for Gamera
            11.2% of time processing Chimp(Helpers)
             9.0% of time processing IMAG
            12.9% of time processing Remix
            21.7% of time processing Tubes(Helpers)
             0.4% of time writing files
    Running @   79.415% of real-time (8 threads)
[0m  [35m
 RAIJU
      UT   = 2001-06-01 23:20:05
      Time =    20.083 [min]
     dtCpl =  5.00E+00 [sec]
     Max/Min dt @ k:
        Max 3.57E+01 [sec] @ 57
        Min 1.38E-01 [sec] @ 160
     Flav : max Press/Den @ L,MLT; DPS-dst
        0: P =   0.00, D =9075.91 @  1.54 Rp,12.07 MLT; DPS:   0.00
        1: P =   0.10, D =   2.98 @  7.86 Rp,12.33 MLT; DPS:  -0.55
        2: P =   3.09, D =   0.28 @  3.95 Rp,21.67 MLT; DPS:  -5.15
[0m [32m<Writing HDF5 DATA @ t =    20.000 [min] >[0m 
[32m<Writing RAIJU HDF5 DATA @ t =    20.083 [min] >[0m 
 [36m
 GAMERA
      Time =    20.084 [min]
        ts =    16792
        dt =  8.46E-02 [sec]
    dt/dt0 =   71.027%
    Spent     0.0% of time waiting for Voltron
      kZCs =   3579.47 /   1437.17 [MHD/TOT] (8 threads)
[0m       CPCP =   72.416  71.042 [kV, N/S]
 [34m
 VOLTRON
      UT   = 2001-06-01 23:20:05
      tilt =    0.000 [deg]
    Sym-H  =   -5.000 [nT]
    BSDst  ~   17.659 [nT]
           dSMRs  ~     0.61   -0.14   -0.64    0.17 [nT, 12/18/00/06]
   DPSDst  ~   -4.793 [nT]
   Spent    44.7% of time waiting for Gamera
            11.2% of time processing Chimp(Helpers)
             9.0% of time processing IMAG
            12.9% of time processing Remix
            21.6% of time processing Tubes(Helpers)
             0.3% of time writing files
    Running @   79.466% of real-time (8 threads)
[0m  [35m
 RAIJU
      UT   = 2001-06-01 23:20:10
      Time =    20.167 [min]
     dtCpl =  5.00E+00 [sec]
     Max/Min dt @ k:
        Max 3.57E+01 [sec] @ 57
        Min 1.38E-01 [sec] @ 160
     Flav : max Press/Den @ L,MLT; DPS-dst
        0: P =   0.00, D =9075.91 @  1.54 Rp,12.07 MLT; DPS:   0.00
        1: P =   0.10, D =   2.97 @  7.85 Rp,12.33 MLT; DPS:  -0.56
        2: P =   3.09, D =   0.28 @  3.95 Rp,21.67 MLT; DPS:  -5.17
[0m [32m<Writing HDF5 DATA @ t =    20.084 [min] >[0m 
[32m<Writing RAIJU HDF5 DATA @ t =    20.167 [min] >[0m 
 [36m
 GAMERA
      Time =    20.167 [min]
        ts =    16851
        dt =  8.45E-02 [sec]
    dt/dt0 =   71.007%
    Spent     0.0% of time waiting for Voltron
      kZCs =   3579.32 /   1437.34 [MHD/TOT] (8 threads)
[0m       CPCP =   72.417  70.961 [kV, N/S]
 [34m
 VOLTRON
      UT   = 2001-06-01 23:20:10
      tilt =    0.000 [deg]
    Sym-H  =   -5.000 [nT]
    BSDst  ~   17.642 [nT]
           dSMRs  ~     0.62   -0.14   -0.65    0.17 [nT, 12/18/00/06]
   DPSDst  ~   -4.792 [nT]
   Spent    44.7% of time waiting for Gamera
            11.2% of time processing Chimp(Helpers)
             9.1% of time processing IMAG
            12.9% of time processing Remix
            21.6% of time processing Tubes(Helpers)
             0.3% of time writing files
    Running @   79.463% of real-time (8 threads)
[0m  [35m
 RAIJU
      UT   = 2001-06-01 23:20:15
      Time =    20.250 [min]
     dtCpl =  5.00E+00 [sec]
     Max/Min dt @ k:
        Max 3.57E+01 [sec] @ 57
        Min 1.38E-01 [sec] @ 160
     Flav : max Press/Den @ L,MLT; DPS-dst
        0: P =   0.00, D =9075.91 @  1.54 Rp,12.07 MLT; DPS:   0.00
        1: P =   0.10, D =   2.96 @  7.85 Rp,12.33 MLT; DPS:  -0.56
        2: P =   3.09, D =   0.28 @  3.95 Rp,21.67 MLT; DPS:  -5.17
[0m [32m<Writing HDF5 DATA @ t =    20.167 [min] >[0m 
[32m<Writing RAIJU HDF5 DATA @ t =    20.250 [min] >[0m 
 [36m
 GAMERA
      Time =    20.251 [min]
        ts =    16911
        dt =  8.45E-02 [sec]
    dt/dt0 =   70.985%
    Spent     0.0% of time waiting for Voltron
      kZCs =   3579.90 /   1452.51 [MHD/TOT] (8 threads)
[0m       CPCP =   72.362  70.875 [kV, N/S]
 [34m
 VOLTRON
      UT   = 2001-06-01 23:20:15
      tilt =    0.000 [deg]
    Sym-H  =   -5.000 [nT]
    BSDst  ~   17.629 [nT]
           dSMRs  ~     0.64   -0.14   -0.66    0.17 [nT, 12/18/00/06]
   DPSDst  ~   -4.790 [nT]
   Spent    44.8% of time waiting for Gamera
            11.2% of time processing Chimp(Helpers)
             9.0% of time processing IMAG
            12.9% of time processing Remix
            21.6% of time processing Tubes(Helpers)
             0.2% of time writing files
    Running @   79.535% of real-time (8 threads)
[0m  [35m
 RAIJU
      UT   = 2001-06-01 23:20:20
      Time =    20.333 [min]
     dtCpl =  5.00E+00 [sec]
     Max/Min dt @ k:
        Max 3.57E+01 [sec] @ 57
        Min 1.38E-01 [sec] @ 160
     Flav : max Press/Den @ L,MLT; DPS-dst
        0: P =   0.00, D =9075.91 @  1.54 Rp,12.07 MLT; DPS:   0.00
        1: P =   0.10, D =   2.95 @  7.85 Rp,12.33 MLT; DPS:  -0.56
        2: P =   3.09, D =   0.28 @  3.95 Rp,21.67 MLT; DPS:  -5.17
[0m [32m<Writing HDF5 DATA @ t =    20.251 [min] >[0m 
[32m<Writing RAIJU HDF5 DATA @ t =    20.333 [min] >[0m 
 [36m
 GAMERA
      Time =    20.334 [min]
        ts =    16970
        dt =  8.45E-02 [sec]
    dt/dt0 =   70.964%
    Spent     0.0% of time waiting for Voltron
      kZCs =   3577.85 /   1441.38 [MHD/TOT] (8 threads)
[0m       CPCP =   72.323  70.799 [kV, N/S]
 [34m
 VOLTRON
      UT   = 2001-06-01 23:20:20
      tilt =    0.000 [deg]
    Sym-H  =   -5.000 [nT]
    BSDst  ~   17.619 [nT]
           dSMRs  ~     0.65   -0.14   -0.68    0.17 [nT, 12/18/00/06]
   DPSDst  ~   -4.786 [nT]
   Spent    44.8% of time waiting for Gamera
            11.2% of time processing Chimp(Helpers)
             9.1% of time processing IMAG
            12.9% of time processing Remix
            21.6% of time processing Tubes(Helpers)
             0.2% of time writing files
    Running @   79.241% of real-time (8 threads)
[0m  [35m
 RAIJU
      UT   = 2001-06-01 23:20:25
      Time =    20.417 [min]
     dtCpl =  5.00E+00 [sec]
     Max/Min dt @ k:
        Max 3.59E+01 [sec] @ 57
        Min 1.38E-01 [sec] @ 160
     Flav : max Press/Den @ L,MLT; DPS-dst
        0: P =   0.00, D =9075.91 @  1.54 Rp,12.07 MLT; DPS:   0.00
        1: P =   0.10, D =   2.95 @  7.85 Rp,12.33 MLT; DPS:  -0.55
        2: P =   3.09, D =   0.28 @  3.95 Rp,21.67 MLT; DPS:  -5.17
[0m [32m<Writing HDF5 DATA @ t =    20.334 [min] >[0m 
[32m<Writing RAIJU HDF5 DATA @ t =    20.417 [min] >[0m 
 [36m
 GAMERA
      Time =    20.417 [min]
        ts =    17029
        dt =  8.45E-02 [sec]
    dt/dt0 =   70.946%
    Spent     0.0% of time waiting for Voltron
      kZCs =   3580.35 /   1443.30 [MHD/TOT] (8 threads)
[0m       CPCP =   72.293  70.740 [kV, N/S]
 [34m
 VOLTRON
      UT   = 2001-06-01 23:20:25
      tilt =    0.000 [deg]
    Sym-H  =   -5.000 [nT]
    BSDst  ~   17.610 [nT]
           dSMRs  ~     0.66   -0.13   -0.70    0.17 [nT, 12/18/00/06]
   DPSDst  ~   -4.784 [nT]
   Spent    44.9% of time waiting for Gamera
            11.2% of time processing Chimp(Helpers)
             9.1% of time processing IMAG
            12.9% of time processing Remix
            21.6% of time processing Tubes(Helpers)
             0.2% of time writing files
    Running @   79.306% of real-time (8 threads)
[0m  [35m
 RAIJU
      UT   = 2001-06-01 23:20:30
      Time =    20.500 [min]
     dtCpl =  5.00E+00 [sec]
     Max/Min dt @ k:
        Max 3.61E+01 [sec] @ 57
        Min 1.38E-01 [sec] @ 160
     Flav : max Press/Den @ L,MLT; DPS-dst
        0: P =   0.00, D =9075.91 @  1.54 Rp,12.07 MLT; DPS:   0.00
        1: P =   0.10, D =   2.94 @  7.85 Rp,12.33 MLT; DPS:  -0.55
        2: P =   3.09, D =   0.28 @  3.95 Rp,21.54 MLT; DPS:  -5.16
[0m [32m<Writing HDF5 DATA @ t =    20.417 [min] >[0m 
[32m<Writing RAIJU HDF5 DATA @ t =    20.500 [min] >[0m 
 [36m
 GAMERA
      Time =    20.500 [min]
        ts =    17088
        dt =  8.44E-02 [sec]
    dt/dt0 =   70.929%
    Spent     0.0% of time waiting for Voltron
      kZCs =   3580.50 /   1442.00 [MHD/TOT] (8 threads)
[0m       CPCP =   72.239  70.676 [kV, N/S]
 [34m
 VOLTRON
      UT   = 2001-06-01 23:20:30
      tilt =    0.000 [deg]
    Sym-H  =   -5.000 [nT]
    BSDst  ~   17.601 [nT]
           dSMRs  ~     0.67   -0.13   -0.71    0.17 [nT, 12/18/00/06]
   DPSDst  ~   -4.765 [nT]
   Spent    44.9% of time waiting for Gamera
            11.2% of time processing Chimp(Helpers)
             9.1% of time processing IMAG
            12.9% of time processing Remix
            21.6% of time processing Tubes(Helpers)
             0.1% of time writing files
    Running @   79.369% of real-time (8 threads)
[0m  [35m
 RAIJU
      UT   = 2001-06-01 23:20:35
      Time =    20.583 [min]
     dtCpl =  5.00E+00 [sec]
     Max/Min dt @ k:
        Max 3.61E+01 [sec] @ 57
        Min 1.38E-01 [sec] @ 160
     Flav : max Press/Den @ L,MLT; DPS-dst
        0: P =   0.00, D =9075.91 @  1.54 Rp,12.07 MLT; DPS:   0.00
        1: P =   0.10, D =   2.93 @  7.85 Rp,12.33 MLT; DPS:  -0.55
        2: P =   3.09, D =   0.28 @  3.95 Rp,21.54 MLT; DPS:  -5.15
[0m [32m<Writing HDF5 DATA @ t =    20.500 [min] >[0m 
[32m<Writing RAIJU HDF5 DATA @ t =    20.583 [min] >[0m 
 [36m
 GAMERA
      Time =    20.583 [min]
        ts =    17147
        dt =  8.44E-02 [sec]
    dt/dt0 =   70.911%
    Spent     0.0% of time waiting for Voltron
      kZCs =   3579.18 /   1445.33 [MHD/TOT] (8 threads)
[0m       CPCP =   72.159  70.579 [kV, N/S]
 [34m
 VOLTRON
      UT   = 2001-06-01 23:20:35
      tilt =    0.000 [deg]
    Sym-H  =   -5.000 [nT]
    BSDst  ~   17.590 [nT]
           dSMRs  ~     0.68   -0.13   -0.72    0.17 [nT, 12/18/00/06]
   DPSDst  ~   -4.764 [nT]
   Spent    44.9% of time waiting for Gamera
            11.2% of time processing Chimp(Helpers)
             9.1% of time processing IMAG
            12.9% of time processing Remix
            21.5% of time processing Tubes(Helpers)
             0.1% of time writing files
    Running @   79.424% of real-time (8 threads)
[0m  [35m
 RAIJU
      UT   = 2001-06-01 23:20:40
      Time =    20.667 [min]
     dtCpl =  5.00E+00 [sec]
     Max/Min dt @ k:
        Max 3.61E+01 [sec] @ 57
        Min 1.38E-01 [sec] @ 160
     Flav : max Press/Den @ L,MLT; DPS-dst
        0: P =   0.00, D =9075.91 @  1.54 Rp,12.07 MLT; DPS:   0.00
        1: P =   0.10, D =   2.92 @  7.85 Rp,12.33 MLT; DPS:  -0.55
        2: P =   3.09, D =   0.28 @  3.95 Rp,21.54 MLT; DPS:  -5.15
[0m [32m<Writing HDF5 DATA @ t =    20.583 [min] >[0m 
[32m<Writing RAIJU HDF5 DATA @ t =    20.667 [min] >[0m 
 [36m
 GAMERA
      Time =    20.668 [min]
        ts =    17207
        dt =  8.44E-02 [sec]
    dt/dt0 =   70.894%
    Spent     0.0% of time waiting for Voltron
      kZCs =   3580.04 /   1456.76 [MHD/TOT] (8 threads)
[0m       CPCP =   72.040  70.454 [kV, N/S]
 [34m
 VOLTRON
      UT   = 2001-06-01 23:20:40
      tilt =    0.000 [deg]
    Sym-H  =   -5.000 [nT]
    BSDst  ~   17.576 [nT]
           dSMRs  ~     0.69   -0.13   -0.73    0.17 [nT, 12/18/00/06]
   DPSDst  ~   -4.759 [nT]
   Spent    45.0% of time waiting for Gamera
            11.2% of time processing Chimp(Helpers)
             9.1% of time processing IMAG
            12.9% of time processing Remix
            21.5% of time processing Tubes(Helpers)
             0.1% of time writing files
    Running @   79.507% of real-time (8 threads)
[0m  [35m
 RAIJU
      UT   = 2001-06-01 23:20:45
      Time =    20.750 [min]
     dtCpl =  5.00E+00 [sec]
     Max/Min dt @ k:
        Max 3.61E+01 [sec] @ 57
        Min 1.38E-01 [sec] @ 160
     Flav : max Press/Den @ L,MLT; DPS-dst
        0: P =   0.00, D =9075.91 @  1.54 Rp,12.07 MLT; DPS:   0.00
        1: P =   0.10, D =   2.91 @  7.85 Rp,12.33 MLT; DPS:  -0.54
        2: P =   3.09, D =   0.28 @  3.95 Rp,21.54 MLT; DPS:  -5.14
[0m [32m<Writing HDF5 DATA @ t =    20.668 [min] >[0m 
[32m<Writing RAIJU HDF5 DATA @ t =    20.750 [min] >[0m 
 [36m
 GAMERA
      Time =    20.751 [min]
        ts =    17266
        dt =  8.44E-02 [sec]
    dt/dt0 =   70.874%
    Spent     0.0% of time waiting for Voltron
      kZCs =   3582.12 /   1446.42 [MHD/TOT] (8 threads)
[0m       CPCP =   71.894  70.321 [kV, N/S]
 [34m
 VOLTRON
      UT   = 2001-06-01 23:20:45
      tilt =    0.000 [deg]
    Sym-H  =   -5.000 [nT]
    BSDst  ~   17.557 [nT]
           dSMRs  ~     0.69   -0.13   -0.73    0.17 [nT, 12/18/00/06]
   DPSDst  ~   -4.752 [nT]
   Spent    45.0% of time waiting for Gamera
            11.2% of time processing Chimp(Helpers)
             9.1% of time processing IMAG
            12.9% of time processing Remix
            21.5% of time processing Tubes(Helpers)
             0.1% of time writing files
    Running @   79.557% of real-time (8 threads)
[0m  [35m
 RAIJU
      UT   = 2001-06-01 23:20:50
      Time =    20.833 [min]
     dtCpl =  5.00E+00 [sec]
     Max/Min dt @ k:
        Max 3.61E+01 [sec] @ 57
        Min 1.38E-01 [sec] @ 160
     Flav : max Press/Den @ L,MLT; DPS-dst
        0: P =   0.00, D =9075.91 @  1.54 Rp,12.07 MLT; DPS:   0.00
        1: P =   0.10, D =   2.91 @  7.85 Rp,12.34 MLT; DPS:  -0.54
        2: P =   3.09, D =   0.28 @  3.95 Rp,21.54 MLT; DPS:  -5.14
[0m [32m<Writing HDF5 DATA @ t =    20.751 [min] >[0m 
[32m<Writing RAIJU HDF5 DATA @ t =    20.833 [min] >[0m 
 [36m
 GAMERA
      Time =    20.834 [min]
        ts =    17325
        dt =  8.44E-02 [sec]
    dt/dt0 =   70.853%
    Spent     0.0% of time waiting for Voltron
      kZCs =   3582.27 /   1445.43 [MHD/TOT] (8 threads)
[0m       CPCP =   71.714  70.218 [kV, N/S]
 [34m
 VOLTRON
      UT   = 2001-06-01 23:20:50
      tilt =    0.000 [deg]
    Sym-H  =   -5.000 [nT]
    BSDst  ~   17.538 [nT]
           dSMRs  ~     0.70   -0.13   -0.74    0.17 [nT, 12/18/00/06]
   DPSDst  ~   -4.749 [nT]
   Spent    45.0% of time waiting for Gamera
            11.2% of time processing Chimp(Helpers)
             9.1% of time processing IMAG
            12.9% of time processing Remix
            21.5% of time processing Tubes(Helpers)
             0.1% of time writing files
    Running @   79.607% of real-time (8 threads)
[0m  [35m
 RAIJU
      UT   = 2001-06-01 23:20:55
      Time =    20.917 [min]
     dtCpl =  5.00E+00 [sec]
     Max/Min dt @ k:
        Max 3.62E+01 [sec] @ 57
        Min 1.38E-01 [sec] @ 160
     Flav : max Press/Den @ L,MLT; DPS-dst
        0: P =   0.00, D =9075.91 @  1.54 Rp,12.07 MLT; DPS:   0.00
        1: P =   0.10, D =   2.90 @  7.85 Rp,12.34 MLT; DPS:  -0.54
        2: P =   3.09, D =   0.28 @  3.99 Rp,21.43 MLT; DPS:  -5.14
[0m [32m<Writing HDF5 DATA @ t =    20.834 [min] >[0m 
[32m<Writing RAIJU HDF5 DATA @ t =    20.917 [min] >[0m 
 [36m
 GAMERA
      Time =    20.917 [min]
        ts =    17384
        dt =  8.43E-02 [sec]
    dt/dt0 =   70.833%
    Spent     0.0% of time waiting for Voltron
      kZCs =   3580.94 /   1447.40 [MHD/TOT] (8 threads)
[0m       CPCP =   71.554  70.079 [kV, N/S]
 [34m
 VOLTRON
      UT   = 2001-06-01 23:20:55
      tilt =    0.000 [deg]
    Sym-H  =   -5.000 [nT]
    BSDst  ~   17.521 [nT]
           dSMRs  ~     0.70   -0.13   -0.74    0.17 [nT, 12/18/00/06]
   DPSDst  ~   -4.743 [nT]
   Spent    45.1% of time waiting for Gamera
            11.2% of time processing Chimp(Helpers)
             9.1% of time processing IMAG
            12.9% of time processing Remix
            21.5% of time processing Tubes(Helpers)
             0.1% of time writing files
    Running @   79.664% of real-time (8 threads)
[0m  [35m
 RAIJU
      UT   = 2001-06-01 23:20:59
      Time =    21.000 [min]
     dtCpl =  5.00E+00 [sec]
     Max/Min dt @ k:
        Max 3.62E+01 [sec] @ 57
        Min 1.38E-01 [sec] @ 160
     Flav : max Press/Den @ L,MLT; DPS-dst
        0: P =   0.00, D =9075.91 @  1.54 Rp,12.07 MLT; DPS:   0.00
        1: P =   0.10, D =   2.89 @  7.85 Rp,12.34 MLT; DPS:  -0.54
        2: P =   3.09, D =   0.28 @  3.99 Rp,21.43 MLT; DPS:  -5.13
[0m [32m<Writing HDF5 DATA @ t =    20.917 [min] >[0m 
[32m<Writing RAIJU HDF5 DATA @ t =    21.000 [min] >[0m 
 [36m
 GAMERA
      Time =    21.001 [min]
        ts =    17444
        dt =  8.43E-02 [sec]
    dt/dt0 =   70.812%
    Spent     0.0% of time waiting for Voltron
      kZCs =   3580.77 /   1461.09 [MHD/TOT] (8 threads)
[0m       CPCP =   71.444  69.895 [kV, N/S]
 [34m
 VOLTRON
      UT   = 2001-06-01 23:21:00
      tilt =    0.000 [deg]
    Sym-H  =   -5.000 [nT]
    BSDst  ~   17.502 [nT]
           dSMRs  ~     0.71   -0.13   -0.75    0.17 [nT, 12/18/00/06]
   DPSDst  ~   -4.743 [nT]
   Spent    45.1% of time waiting for Gamera
            11.2% of time processing Chimp(Helpers)
             9.1% of time processing IMAG
            12.9% of time processing Remix
            21.4% of time processing Tubes(Helpers)
             0.1% of time writing files
    Running @   79.742% of real-time (8 threads)
[0m  [35m
 RAIJU
      UT   = 2001-06-01 23:21:05
      Time =    21.083 [min]
     dtCpl =  5.00E+00 [sec]
     Max/Min dt @ k:
        Max 3.62E+01 [sec] @ 57
        Min 1.38E-01 [sec] @ 160
     Flav : max Press/Den @ L,MLT; DPS-dst
        0: P =   0.00, D =9075.91 @  1.54 Rp,12.07 MLT; DPS:   0.00
        1: P =   0.10, D =   2.88 @  7.85 Rp,12.34 MLT; DPS:  -0.54
        2: P =   3.09, D =   0.28 @  3.99 Rp,21.43 MLT; DPS:  -5.13
[0m [32m<Writing HDF5 DATA @ t =    21.001 [min] >[0m 
[32m<Writing RAIJU HDF5 DATA @ t =    21.083 [min] >[0m 
 [36m
 GAMERA
      Time =    21.084 [min]
        ts =    17503
        dt =  8.43E-02 [sec]
    dt/dt0 =   70.791%
    Spent     0.0% of time waiting for Voltron
      kZCs =   3580.80 /   1447.23 [MHD/TOT] (8 threads)
[0m       CPCP =   71.385  69.722 [kV, N/S]
 [34m
 VOLTRON
      UT   = 2001-06-01 23:21:05
      tilt =    0.000 [deg]
    Sym-H  =   -5.000 [nT]
    BSDst  ~   17.488 [nT]
           dSMRs  ~     0.72   -0.13   -0.76    0.17 [nT, 12/18/00/06]
   DPSDst  ~   -4.748 [nT]
   Spent    45.1% of time waiting for Gamera
            11.2% of time processing Chimp(Helpers)
             9.1% of time processing IMAG
            12.8% of time processing Remix
            21.4% of time processing Tubes(Helpers)
             0.0% of time writing files
    Running @   79.787% of real-time (8 threads)
[0m  [35m
 RAIJU
      UT   = 2001-06-01 23:21:10
      Time =    21.167 [min]
     dtCpl =  5.00E+00 [sec]
     Max/Min dt @ k:
        Max 3.62E+01 [sec] @ 57
        Min 1.38E-01 [sec] @ 160
     Flav : max Press/Den @ L,MLT; DPS-dst
        0: P =   0.00, D =9075.91 @  1.54 Rp,12.07 MLT; DPS:   0.00
        1: P =   0.10, D =   2.87 @  7.84 Rp,12.34 MLT; DPS:  -0.54
        2: P =   3.09, D =   0.28 @  3.95 Rp,21.54 MLT; DPS:  -5.14
[0m [32m<Writing HDF5 DATA @ t =    21.084 [min] >[0m 
[32m<Writing RAIJU HDF5 DATA @ t =    21.167 [min] >[0m 
 [36m
 GAMERA
      Time =    21.167 [min]
        ts =    17562
        dt =  8.43E-02 [sec]
    dt/dt0 =   70.771%
    Spent     0.0% of time waiting for Voltron
      kZCs =   3580.21 /   1448.13 [MHD/TOT] (8 threads)
[0m       CPCP =   71.372  69.539 [kV, N/S]
 [34m
 VOLTRON
      UT   = 2001-06-01 23:21:10
      tilt =    0.000 [deg]
    Sym-H  =   -5.000 [nT]
    BSDst  ~   17.478 [nT]
           dSMRs  ~     0.73   -0.13   -0.77    0.17 [nT, 12/18/00/06]
   DPSDst  ~   -4.750 [nT]
   Spent    45.2% of time waiting for Gamera
            11.2% of time processing Chimp(Helpers)
             9.1% of time processing IMAG
            12.8% of time processing Remix
            21.4% of time processing Tubes(Helpers)
             0.0% of time writing files
    Running @   79.836% of real-time (8 threads)
[0m  [35m
 RAIJU
      UT   = 2001-06-01 23:21:15
      Time =    21.250 [min]
     dtCpl =  5.00E+00 [sec]
     Max/Min dt @ k:
        Max 3.62E+01 [sec] @ 57
        Min 1.38E-01 [sec] @ 160
     Flav : max Press/Den @ L,MLT; DPS-dst
        0: P =   0.00, D =9075.91 @  1.54 Rp,12.07 MLT; DPS:   0.00
        1: P =   0.10, D =   2.87 @  7.84 Rp,12.34 MLT; DPS:  -0.53
        2: P =   3.09, D =   0.28 @  3.95 Rp,21.54 MLT; DPS:  -5.14
[0m [32m<Writing HDF5 DATA @ t =    21.167 [min] >[0m 
[32m<Writing RAIJU HDF5 DATA @ t =    21.250 [min] >[0m 
 [36m
 GAMERA
      Time =    21.251 [min]
        ts =    17622
        dt =  8.42E-02 [sec]
    dt/dt0 =   70.752%
    Spent     0.0% of time waiting for Voltron
      kZCs =   3582.07 /   1459.09 [MHD/TOT] (8 threads)
[0m       CPCP =   71.357  69.375 [kV, N/S]
 [34m
 VOLTRON
      UT   = 2001-06-01 23:21:15
      tilt =    0.000 [deg]
    Sym-H  =   -5.000 [nT]
    BSDst  ~   17.472 [nT]
           dSMRs  ~     0.74   -0.13   -0.78    0.17 [nT, 12/18/00/06]
   DPSDst  ~   -4.743 [nT]
   Spent    45.2% of time waiting for Gamera
            11.2% of time processing Chimp(Helpers)
             9.1% of time processing IMAG
            12.8% of time processing Remix
            21.4% of time processing Tubes(Helpers)
             0.0% of time writing files
    Running @   79.904% of real-time (8 threads)
[0m  [35m
 RAIJU
      UT   = 2001-06-01 23:21:20
      Time =    21.333 [min]
     dtCpl =  5.00E+00 [sec]
     Max/Min dt @ k:
        Max 3.62E+01 [sec] @ 57
        Min 1.38E-01 [sec] @ 160
     Flav : max Press/Den @ L,MLT; DPS-dst
        0: P =   0.00, D =9075.91 @  1.54 Rp,12.07 MLT; DPS:   0.00
        1: P =   0.10, D =   2.86 @  7.84 Rp,12.34 MLT; DPS:  -0.53
        2: P =   3.08, D =   0.28 @  3.95 Rp,21.54 MLT; DPS:  -5.13
[0m [32m<Writing HDF5 DATA @ t =    21.251 [min] >[0m 
[32m<Writing RAIJU HDF5 DATA @ t =    21.333 [min] >[0m 
 [36m
 GAMERA
      Time =    21.334 [min]
        ts =    17681
        dt =  8.42E-02 [sec]
    dt/dt0 =   70.734%
    Spent     0.0% of time waiting for Voltron
      kZCs =   3579.03 /   1447.62 [MHD/TOT] (8 threads)
[0m       CPCP =   71.334  69.242 [kV, N/S]
 [34m
 VOLTRON
      UT   = 2001-06-01 23:21:20
      tilt =    0.000 [deg]
    Sym-H  =   -5.000 [nT]
    BSDst  ~   17.470 [nT]
           dSMRs  ~     0.75   -0.13   -0.79    0.17 [nT, 12/18/00/06]
   DPSDst  ~   -4.742 [nT]
   Spent    45.2% of time waiting for Gamera
            11.2% of time processing Chimp(Helpers)
             9.1% of time processing IMAG
            12.8% of time processing Remix
            21.4% of time processing Tubes(Helpers)
             0.0% of time writing files
    Running @   79.936% of real-time (8 threads)
[0m  [35m
 RAIJU
      UT   = 2001-06-01 23:21:25
      Time =    21.417 [min]
     dtCpl =  5.00E+00 [sec]
     Max/Min dt @ k:
        Max 3.63E+01 [sec] @ 57
        Min 1.38E-01 [sec] @ 160
     Flav : max Press/Den @ L,MLT; DPS-dst
        0: P =   0.00, D =9075.91 @  1.54 Rp,12.07 MLT; DPS:   0.00
        1: P =   0.10, D =   2.85 @  7.84 Rp,12.34 MLT; DPS:  -0.53
        2: P =   3.08, D =   0.28 @  3.95 Rp,21.54 MLT; DPS:  -5.13
[0m [32m<Writing HDF5 DATA @ t =    21.334 [min] >[0m 
[32m<Writing RAIJU HDF5 DATA @ t =    21.417 [min] >[0m 
 [36m
 GAMERA
      Time =    21.417 [min]
        ts =    17740
        dt =  8.42E-02 [sec]
    dt/dt0 =   70.718%
    Spent     0.0% of time waiting for Voltron
      kZCs =   3578.15 /   1448.29 [MHD/TOT] (8 threads)
[0m       CPCP =   71.324  69.131 [kV, N/S]
 [34m
 VOLTRON
      UT   = 2001-06-01 23:21:25
      tilt =    0.000 [deg]
    Sym-H  =   -5.000 [nT]
    BSDst  ~   17.471 [nT]
           dSMRs  ~     0.76   -0.13   -0.80    0.17 [nT, 12/18/00/06]
   DPSDst  ~   -4.741 [nT]
   Spent    45.2% of time waiting for Gamera
            11.2% of time processing Chimp(Helpers)
             9.1% of time processing IMAG
            12.8% of time processing Remix
            21.4% of time processing Tubes(Helpers)
             0.0% of time writing files
    Running @   79.969% of real-time (8 threads)
[0m  [35m
 RAIJU
      UT   = 2001-06-01 23:21:30
      Time =    21.500 [min]
     dtCpl =  5.00E+00 [sec]
     Max/Min dt @ k:
        Max 3.63E+01 [sec] @ 57
        Min 1.38E-01 [sec] @ 160
     Flav : max Press/Den @ L,MLT; DPS-dst
        0: P =   0.00, D =9075.91 @  1.54 Rp,12.07 MLT; DPS:   0.00
        1: P =   0.10, D =   2.84 @  7.85 Rp,12.34 MLT; DPS:  -0.53
        2: P =   3.08, D =   0.28 @  3.95 Rp,21.40 MLT; DPS:  -5.13
[0m [32m<Writing HDF5 DATA @ t =    21.417 [min] >[0m 
[32m<Writing RAIJU HDF5 DATA @ t =    21.500 [min] >[0m 
 [36m
 GAMERA
      Time =    21.501 [min]
        ts =    17800
        dt =  8.42E-02 [sec]
    dt/dt0 =   70.705%
    Spent     0.0% of time waiting for Voltron
      kZCs =   3580.48 /   1462.13 [MHD/TOT] (8 threads)
[0m       CPCP =   71.304  69.054 [kV, N/S]
 [34m
 VOLTRON
      UT   = 2001-06-01 23:21:30
      tilt =    0.000 [deg]
    Sym-H  =   -5.000 [nT]
    BSDst  ~   17.475 [nT]
           dSMRs  ~     0.76   -0.13   -0.81    0.17 [nT, 12/18/00/06]
   DPSDst  ~   -4.730 [nT]
   Spent    45.3% of time waiting for Gamera
            11.2% of time processing Chimp(Helpers)
             9.1% of time processing IMAG
            12.8% of time processing Remix
            21.4% of time processing Tubes(Helpers)
             0.0% of time writing files
    Running @   80.025% of real-time (8 threads)
[0m  [35m
 RAIJU
      UT   = 2001-06-01 23:21:35
      Time =    21.583 [min]
     dtCpl =  5.00E+00 [sec]
     Max/Min dt @ k:
        Max 3.62E+01 [sec] @ 57
        Min 1.38E-01 [sec] @ 160
     Flav : max Press/Den @ L,MLT; DPS-dst
        0: P =   0.00, D =9075.91 @  1.54 Rp,12.07 MLT; DPS:   0.00
        1: P =   0.10, D =   2.83 @  7.85 Rp,12.34 MLT; DPS:  -0.53
        2: P =   3.08, D =   0.28 @  3.95 Rp,21.40 MLT; DPS:  -5.13
[0m [32m<Writing HDF5 DATA @ t =    21.501 [min] >[0m 
[32m<Writing RAIJU HDF5 DATA @ t =    21.583 [min] >[0m 
 [36m
 GAMERA
      Time =    21.584 [min]
        ts =    17859
        dt =  8.42E-02 [sec]
    dt/dt0 =   70.695%
    Spent     0.0% of time waiting for Voltron
      kZCs =   3579.47 /   1450.35 [MHD/TOT] (8 threads)
[0m       CPCP =   71.269  69.008 [kV, N/S]
 [34m
 VOLTRON
      UT   = 2001-06-01 23:21:35
      tilt =    0.000 [deg]
    Sym-H  =   -5.000 [nT]
    BSDst  ~   17.482 [nT]
           dSMRs  ~     0.77   -0.13   -0.81    0.17 [nT, 12/18/00/06]
   DPSDst  ~   -4.729 [nT]
   Spent    45.3% of time waiting for Gamera
            11.2% of time processing Chimp(Helpers)
             9.1% of time processing IMAG
            12.8% of time processing Remix
            21.4% of time processing Tubes(Helpers)
             0.0% of time writing files
    Running @   80.063% of real-time (8 threads)
[0m  [35m
 RAIJU
      UT   = 2001-06-01 23:21:40
      Time =    21.667 [min]
     dtCpl =  5.00E+00 [sec]
     Max/Min dt @ k:
        Max 3.62E+01 [sec] @ 57
        Min 1.38E-01 [sec] @ 160
     Flav : max Press/Den @ L,MLT; DPS-dst
        0: P =   0.00, D =9075.91 @  1.54 Rp,12.07 MLT; DPS:   0.00
        1: P =   0.10, D =   2.83 @  7.85 Rp,12.34 MLT; DPS:  -0.52
        2: P =   3.08, D =   0.28 @  3.95 Rp,21.40 MLT; DPS:  -5.13
[0m [32m<Writing HDF5 DATA @ t =    21.584 [min] >[0m 
[32m<Writing RAIJU HDF5 DATA @ t =    21.667 [min] >[0m 
 [36m
 GAMERA
      Time =    21.668 [min]
        ts =    17919
        dt =  8.42E-02 [sec]
    dt/dt0 =   70.689%
    Spent     0.0% of time waiting for Voltron
      kZCs =   3582.51 /   1462.33 [MHD/TOT] (8 threads)
[0m       CPCP =   71.255  68.948 [kV, N/S]
 [34m
 VOLTRON
      UT   = 2001-06-01 23:21:40
      tilt =    0.000 [deg]
    Sym-H  =   -5.000 [nT]
    BSDst  ~   17.491 [nT]
           dSMRs  ~     0.77   -0.13   -0.82    0.17 [nT, 12/18/00/06]
   DPSDst  ~   -4.732 [nT]
   Spent    45.3% of time waiting for Gamera
            11.2% of time processing Chimp(Helpers)
             9.1% of time processing IMAG
            12.8% of time processing Remix
            21.4% of time processing Tubes(Helpers)
             0.0% of time writing files
    Running @   80.111% of real-time (8 threads)
[0m  [35m
 RAIJU
      UT   = 2001-06-01 23:21:45
      Time =    21.750 [min]
     dtCpl =  5.00E+00 [sec]
     Max/Min dt @ k:
        Max 3.61E+01 [sec] @ 57
        Min 1.38E-01 [sec] @ 160
     Flav : max Press/Den @ L,MLT; DPS-dst
        0: P =   0.00, D =9075.91 @  1.54 Rp,12.07 MLT; DPS:   0.00
        1: P =   0.10, D =   0.24 @  6.76 Rp,20.24 MLT; DPS:  -0.52
        2: P =   3.09, D =   0.28 @  3.95 Rp,21.40 MLT; DPS:  -5.13
[0m [32m<Writing HDF5 DATA @ t =    21.668 [min] >[0m 
[32m<Writing RAIJU HDF5 DATA @ t =    21.750 [min] >[0m 
 [36m
 GAMERA
      Time =    21.751 [min]
        ts =    17978
        dt =  8.42E-02 [sec]
    dt/dt0 =   70.680%
    Spent     0.0% of time waiting for Voltron
      kZCs =   3580.50 /   1451.14 [MHD/TOT] (8 threads)
[0m       CPCP =   71.258  68.957 [kV, N/S]
 [34m
 VOLTRON
      UT   = 2001-06-01 23:21:45
      tilt =    0.000 [deg]
    Sym-H  =   -5.000 [nT]
    BSDst  ~   17.498 [nT]
           dSMRs  ~     0.77   -0.13   -0.82    0.17 [nT, 12/18/00/06]
   DPSDst  ~   -4.748 [nT]
   Spent    45.3% of time waiting for Gamera
            11.2% of time processing Chimp(Helpers)
             9.1% of time processing IMAG
            12.8% of time processing Remix
            21.4% of time processing Tubes(Helpers)
             0.0% of time writing files
    Running @   80.154% of real-time (8 threads)
[0m  [35m
 RAIJU
      UT   = 2001-06-01 23:21:50
      Time =    21.833 [min]
     dtCpl =  5.00E+00 [sec]
     Max/Min dt @ k:
        Max 3.61E+01 [sec] @ 57
        Min 1.38E-01 [sec] @ 160
     Flav : max Press/Den @ L,MLT; DPS-dst
        0: P =   0.00, D =9075.91 @  1.54 Rp,12.07 MLT; DPS:   0.00
        1: P =   0.10, D =   0.24 @  6.76 Rp,20.24 MLT; DPS:  -0.53
        2: P =   3.09, D =   0.28 @  3.95 Rp,21.40 MLT; DPS:  -5.14
[0m [32m<Writing HDF5 DATA @ t =    21.751 [min] >[0m 
[32m<Writing RAIJU HDF5 DATA @ t =    21.833 [min] >[0m 
 [36m
 GAMERA
      Time =    21.833 [min]
        ts =    18037
        dt =  8.41E-02 [sec]
    dt/dt0 =   70.674%
    Spent     0.0% of time waiting for Voltron
      kZCs =   3581.24 /   1451.92 [MHD/TOT] (8 threads)
[0m       CPCP =   71.251  68.975 [kV, N/S]
 [34m
 VOLTRON
      UT   = 2001-06-01 23:21:50
      tilt =    0.000 [deg]
    Sym-H  =   -5.000 [nT]
    BSDst  ~   17.502 [nT]
           dSMRs  ~     0.78   -0.13   -0.82    0.17 [nT, 12/18/00/06]
   DPSDst  ~   -4.746 [nT]
   Spent    45.3% of time waiting for Gamera
            11.2% of time processing Chimp(Helpers)
             9.1% of time processing IMAG
            12.7% of time processing Remix
            21.4% of time processing Tubes(Helpers)
             0.0% of time writing files
    Running @   80.187% of real-time (8 threads)
[0m  [35m
 RAIJU
      UT   = 2001-06-01 23:21:55
      Time =    21.917 [min]
     dtCpl =  5.00E+00 [sec]
     Max/Min dt @ k:
        Max 3.61E+01 [sec] @ 57
        Min 1.38E-01 [sec] @ 160
     Flav : max Press/Den @ L,MLT; DPS-dst
        0: P =   0.00, D =9075.91 @  1.54 Rp,12.07 MLT; DPS:   0.00
        1: P =   0.10, D =   0.24 @  6.76 Rp,20.24 MLT; DPS:  -0.53
        2: P =   3.09, D =   0.28 @  3.95 Rp,21.40 MLT; DPS:  -5.14
[0m [32m<Writing HDF5 DATA @ t =    21.833 [min] >[0m 
[32m<Writing RAIJU HDF5 DATA @ t =    21.917 [min] >[0m 
 [36m
 GAMERA
      Time =    21.918 [min]
        ts =    18097
        dt =  8.42E-02 [sec]
    dt/dt0 =   70.680%
    Spent     0.0% of time waiting for Voltron
      kZCs =   3582.51 /   1463.99 [MHD/TOT] (8 threads)
[0m       CPCP =   71.252  68.986 [kV, N/S]
 [34m
 VOLTRON
      UT   = 2001-06-01 23:21:55
      tilt =    0.000 [deg]
    Sym-H  =   -5.000 [nT]
    BSDst  ~   17.503 [nT]
           dSMRs  ~     0.78   -0.13   -0.82    0.17 [nT, 12/18/00/06]
   DPSDst  ~   -4.732 [nT]
   Spent    45.4% of time waiting for Gamera
            11.2% of time processing Chimp(Helpers)
             9.1% of time processing IMAG
            12.7% of time processing Remix
            21.3% of time processing Tubes(Helpers)
             0.0% of time writing files
    Running @   80.229% of real-time (8 threads)
[0m  [35m
 RAIJU
      UT   = 2001-06-01 23:21:59
      Time =    22.000 [min]
     dtCpl =  5.00E+00 [sec]
     Max/Min dt @ k:
        Max 3.60E+01 [sec] @ 57
        Min 1.38E-01 [sec] @ 160
     Flav : max Press/Den @ L,MLT; DPS-dst
        0: P =   0.00, D =9075.91 @  1.54 Rp,12.07 MLT; DPS:   0.00
        1: P =   0.10, D =   0.24 @  6.76 Rp,20.24 MLT; DPS:  -0.52
        2: P =   3.09, D =   0.28 @  3.95 Rp,21.40 MLT; DPS:  -5.13
[0m [32m<Writing HDF5 DATA @ t =    21.918 [min] >[0m 
[32m<Writing RAIJU HDF5 DATA @ t =    22.000 [min] >[0m 
 [36m
 GAMERA
      Time =    22.000 [min]
        ts =    18156
        dt =  8.42E-02 [sec]
    dt/dt0 =   70.692%
    Spent     0.0% of time waiting for Voltron
      kZCs =   3579.77 /   1453.13 [MHD/TOT] (8 threads)
[0m       CPCP =   71.194  69.024 [kV, N/S]
 [34m
 VOLTRON
      UT   = 2001-06-01 23:22:00
      tilt =    0.000 [deg]
    Sym-H  =   -5.000 [nT]
    BSDst  ~   17.503 [nT]
           dSMRs  ~     0.78   -0.13   -0.82    0.17 [nT, 12/18/00/06]
   DPSDst  ~   -4.730 [nT]
   Spent    45.4% of time waiting for Gamera
            11.2% of time processing Chimp(Helpers)
             9.1% of time processing IMAG
            12.7% of time processing Remix
            21.3% of time processing Tubes(Helpers)
             0.0% of time writing files
    Running @   80.143% of real-time (8 threads)
[0m  [35m
 RAIJU
      UT   = 2001-06-01 23:22:05
      Time =    22.083 [min]
     dtCpl =  5.00E+00 [sec]
     Max/Min dt @ k:
        Max 3.60E+01 [sec] @ 57
        Min 1.38E-01 [sec] @ 160
     Flav : max Press/Den @ L,MLT; DPS-dst
        0: P =   0.00, D =9075.91 @  1.54 Rp,12.07 MLT; DPS:   0.00
        1: P =   0.10, D =   0.24 @  6.76 Rp,20.24 MLT; DPS:  -0.52
        2: P =   3.09, D =   0.28 @  3.95 Rp,21.40 MLT; DPS:  -5.13
[0m [32m<Writing HDF5 DATA @ t =    22.000 [min] >[0m 
[32m<Writing RAIJU HDF5 DATA @ t =    22.083 [min] >[0m 
 [36m
 GAMERA
      Time =    22.084 [min]
        ts =    18216
        dt =  8.42E-02 [sec]
    dt/dt0 =   70.705%
    Spent     0.0% of time waiting for Voltron
      kZCs =   3580.33 /   1467.08 [MHD/TOT] (8 threads)
[0m       CPCP =   71.157  69.039 [kV, N/S]
 [34m
 VOLTRON
      UT   = 2001-06-01 23:22:05
      tilt =    0.000 [deg]
    Sym-H  =   -5.000 [nT]
    BSDst  ~   17.500 [nT]
           dSMRs  ~     0.78   -0.13   -0.83    0.17 [nT, 12/18/00/06]
   DPSDst  ~   -4.724 [nT]
   Spent    45.4% of time waiting for Gamera
            11.2% of time processing Chimp(Helpers)
             9.1% of time processing IMAG
            12.7% of time processing Remix
            21.3% of time processing Tubes(Helpers)
             0.0% of time writing files
    Running @   80.197% of real-time (8 threads)
[0m  [35m
 RAIJU
      UT   = 2001-06-01 23:22:10
      Time =    22.167 [min]
     dtCpl =  5.00E+00 [sec]
     Max/Min dt @ k:
        Max 3.60E+01 [sec] @ 57
        Min 1.38E-01 [sec] @ 160
     Flav : max Press/Den @ L,MLT; DPS-dst
        0: P =   0.00, D =9075.91 @  1.54 Rp,12.07 MLT; DPS:   0.00
        1: P =   0.10, D =   0.24 @  6.76 Rp,20.24 MLT; DPS:  -0.52
        2: P =   3.09, D =   0.28 @  3.95 Rp,21.40 MLT; DPS:  -5.13
[0m [32m<Writing HDF5 DATA @ t =    22.084 [min] >[0m 
[32m<Writing RAIJU HDF5 DATA @ t =    22.167 [min] >[0m 
 [36m
 GAMERA
      Time =    22.167 [min]
        ts =    18275
        dt =  8.42E-02 [sec]
    dt/dt0 =   70.716%
    Spent     0.0% of time waiting for Voltron
      kZCs =   3577.85 /   1453.40 [MHD/TOT] (8 threads)
[0m       CPCP =   71.147  69.058 [kV, N/S]
 [34m
 VOLTRON
      UT   = 2001-06-01 23:22:10
      tilt =    0.000 [deg]
    Sym-H  =   -5.000 [nT]
    BSDst  ~   17.496 [nT]
           dSMRs  ~     0.78   -0.13   -0.83    0.17 [nT, 12/18/00/06]
   DPSDst  ~   -4.720 [nT]
   Spent    45.4% of time waiting for Gamera
            11.2% of time processing Chimp(Helpers)
             9.1% of time processing IMAG
            12.7% of time processing Remix
            21.3% of time processing Tubes(Helpers)
             0.0% of time writing files
    Running @   80.242% of real-time (8 threads)
[0m  [35m
 RAIJU
      UT   = 2001-06-01 23:22:15
      Time =    22.250 [min]
     dtCpl =  5.00E+00 [sec]
     Max/Min dt @ k:
        Max 3.59E+01 [sec] @ 57
        Min 1.38E-01 [sec] @ 160
     Flav : max Press/Den @ L,MLT; DPS-dst
        0: P =   0.00, D =9075.91 @  1.54 Rp,12.07 MLT; DPS:   0.00
        1: P =   0.10, D =   0.24 @  6.77 Rp,20.24 MLT; DPS:  -0.52
        2: P =   3.09, D =   0.28 @  3.95 Rp,21.27 MLT; DPS:  -5.12
[0m [32m<Writing HDF5 DATA @ t =    22.167 [min] >[0m 
[32m<Writing RAIJU HDF5 DATA @ t =    22.250 [min] >[0m 
 [36m
 GAMERA
      Time =    22.250 [min]
        ts =    18334
        dt =  8.42E-02 [sec]
    dt/dt0 =   70.727%
    Spent     0.0% of time waiting for Voltron
      kZCs =   3580.06 /   1452.79 [MHD/TOT] (8 threads)
[0m       CPCP =   71.194  69.094 [kV, N/S]
 [34m
 VOLTRON
      UT   = 2001-06-01 23:22:15
      tilt =    0.000 [deg]
    Sym-H  =   -5.000 [nT]
    BSDst  ~   17.491 [nT]
           dSMRs  ~     0.78   -0.13   -0.83    0.17 [nT, 12/18/00/06]
   DPSDst  ~   -4.719 [nT]
   Spent    45.4% of time waiting for Gamera
            11.2% of time processing Chimp(Helpers)
             9.1% of time processing IMAG
            12.7% of time processing Remix
            21.3% of time processing Tubes(Helpers)
             0.0% of time writing files
    Running @   80.190% of real-time (8 threads)
[0m  [35m
 RAIJU
      UT   = 2001-06-01 23:22:20
      Time =    22.333 [min]
     dtCpl =  5.00E+00 [sec]
     Max/Min dt @ k:
        Max 3.59E+01 [sec] @ 57
        Min 1.38E-01 [sec] @ 160
     Flav : max Press/Den @ L,MLT; DPS-dst
        0: P =   0.00, D =9075.91 @  1.54 Rp,12.07 MLT; DPS:   0.00
        1: P =   0.10, D =   0.24 @  6.77 Rp,20.24 MLT; DPS:  -0.51
        2: P =   3.09, D =   0.28 @  3.95 Rp,21.27 MLT; DPS:  -5.12
[0m [32m<Writing HDF5 DATA @ t =    22.250 [min] >[0m 
[32m<Writing RAIJU HDF5 DATA @ t =    22.333 [min] >[0m 
 [36m
 GAMERA
      Time =    22.334 [min]
        ts =    18394
        dt =  8.42E-02 [sec]
    dt/dt0 =   70.739%
    Spent     0.0% of time waiting for Voltron
      kZCs =   3581.06 /   1466.42 [MHD/TOT] (8 threads)
[0m       CPCP =   71.307  69.122 [kV, N/S]
 [34m
 VOLTRON
      UT   = 2001-06-01 23:22:20
      tilt =    0.000 [deg]
    Sym-H  =   -5.000 [nT]
    BSDst  ~   17.485 [nT]
           dSMRs  ~     0.78   -0.13   -0.83    0.17 [nT, 12/18/00/06]
   DPSDst  ~   -4.713 [nT]
   Spent    45.5% of time waiting for Gamera
            11.2% of time processing Chimp(Helpers)
             9.1% of time processing IMAG
            12.7% of time processing Remix
            21.3% of time processing Tubes(Helpers)
             0.0% of time writing files
    Running @   80.234% of real-time (8 threads)
[0m  [35m
 RAIJU
      UT   = 2001-06-01 23:22:25
      Time =    22.417 [min]
     dtCpl =  5.00E+00 [sec]
     Max/Min dt @ k:
        Max 3.59E+01 [sec] @ 57
        Min 1.38E-01 [sec] @ 160
     Flav : max Press/Den @ L,MLT; DPS-dst
        0: P =   0.00, D =9075.91 @  1.54 Rp,12.07 MLT; DPS:   0.00
        1: P =   0.10, D =   0.24 @  6.77 Rp,20.24 MLT; DPS:  -0.51
        2: P =   3.08, D =   0.28 @  3.95 Rp,21.27 MLT; DPS:  -5.12
[0m [32m<Writing HDF5 DATA @ t =    22.334 [min] >[0m 
[32m<Writing RAIJU HDF5 DATA @ t =    22.417 [min] >[0m 
 [36m
 GAMERA
      Time =    22.417 [min]
        ts =    18453
        dt =  8.42E-02 [sec]
    dt/dt0 =   70.751%
    Spent     0.0% of time waiting for Voltron
      kZCs =   3579.18 /   1451.99 [MHD/TOT] (8 threads)
[0m       CPCP =   71.455  69.152 [kV, N/S]
 [34m
 VOLTRON
      UT   = 2001-06-01 23:22:25
      tilt =    0.000 [deg]
    Sym-H  =   -5.000 [nT]
    BSDst  ~   17.477 [nT]
           dSMRs  ~     0.78   -0.13   -0.82    0.17 [nT, 12/18/00/06]
   DPSDst  ~   -4.717 [nT]
   Spent    45.5% of time waiting for Gamera
            11.2% of time processing Chimp(Helpers)
             9.2% of time processing IMAG
            12.7% of time processing Remix
            21.3% of time processing Tubes(Helpers)
             0.0% of time writing files
    Running @   80.265% of real-time (8 threads)
[0m  [35m
 RAIJU
      UT   = 2001-06-01 23:22:30
      Time =    22.500 [min]
     dtCpl =  5.00E+00 [sec]
     Max/Min dt @ k:
        Max 3.58E+01 [sec] @ 57
        Min 1.38E-01 [sec] @ 160
     Flav : max Press/Den @ L,MLT; DPS-dst
        0: P =   0.00, D =9075.91 @  1.54 Rp,12.07 MLT; DPS:   0.00
        1: P =   0.10, D =   0.24 @  6.77 Rp,20.24 MLT; DPS:  -0.51
        2: P =   3.08, D =   0.28 @  3.95 Rp,21.27 MLT; DPS:  -5.12
[0m [32m<Writing HDF5 DATA @ t =    22.417 [min] >[0m 
[32m<Writing RAIJU HDF5 DATA @ t =    22.500 [min] >[0m 
 [36m
 GAMERA
      Time =    22.501 [min]
        ts =    18513
        dt =  8.43E-02 [sec]
    dt/dt0 =   70.764%
    Spent     0.0% of time waiting for Voltron
      kZCs =   3580.77 /   1468.32 [MHD/TOT] (8 threads)
[0m       CPCP =   71.603  69.200 [kV, N/S]
 [34m
 VOLTRON
      UT   = 2001-06-01 23:22:30
      tilt =    0.000 [deg]
    Sym-H  =   -5.000 [nT]
    BSDst  ~   17.466 [nT]
           dSMRs  ~     0.78   -0.13   -0.82    0.17 [nT, 12/18/00/06]
   DPSDst  ~   -4.716 [nT]
   Spent    45.5% of time waiting for Gamera
            11.2% of time processing Chimp(Helpers)
             9.1% of time processing IMAG
            12.7% of time processing Remix
            21.2% of time processing Tubes(Helpers)
             0.0% of time writing files
    Running @   80.318% of real-time (8 threads)
[0m  [35m
 RAIJU
      UT   = 2001-06-01 23:22:35
      Time =    22.583 [min]
     dtCpl =  5.00E+00 [sec]
     Max/Min dt @ k:
        Max 3.57E+01 [sec] @ 57
        Min 1.38E-01 [sec] @ 160
     Flav : max Press/Den @ L,MLT; DPS-dst
        0: P =   0.00, D =9075.91 @  1.54 Rp,12.07 MLT; DPS:   0.00
        1: P =   0.10, D =   0.24 @  6.77 Rp,20.24 MLT; DPS:  -0.51
        2: P =   3.08, D =   0.28 @  3.95 Rp,21.27 MLT; DPS:  -5.12
[0m [32m<Writing HDF5 DATA @ t =    22.501 [min] >[0m 
[32m<Writing RAIJU HDF5 DATA @ t =    22.583 [min] >[0m 
 [36m
 GAMERA
      Time =    22.584 [min]
        ts =    18572
        dt =  8.43E-02 [sec]
    dt/dt0 =   70.778%
    Spent     0.0% of time waiting for Voltron
      kZCs =   3579.91 /   1455.73 [MHD/TOT] (8 threads)
[0m       CPCP =   71.770  69.277 [kV, N/S]
 [34m
 VOLTRON
      UT   = 2001-06-01 23:22:35
      tilt =    0.000 [deg]
    Sym-H  =   -5.000 [nT]
    BSDst  ~   17.453 [nT]
           dSMRs  ~     0.79   -0.13   -0.83    0.17 [nT, 12/18/00/06]
   DPSDst  ~   -4.717 [nT]
   Spent    45.5% of time waiting for Gamera
            11.2% of time processing Chimp(Helpers)
             9.2% of time processing IMAG
            12.7% of time processing Remix
            21.2% of time processing Tubes(Helpers)
             0.0% of time writing files
    Running @   80.363% of real-time (8 threads)
[0m  [35m
 RAIJU
      UT   = 2001-06-01 23:22:40
      Time =    22.667 [min]
     dtCpl =  5.00E+00 [sec]
     Max/Min dt @ k:
        Max 3.56E+01 [sec] @ 57
        Min 1.38E-01 [sec] @ 160
     Flav : max Press/Den @ L,MLT; DPS-dst
        0: P =   0.00, D =9075.91 @  1.54 Rp,12.07 MLT; DPS:   0.00
        1: P =   0.10, D =   0.24 @  6.77 Rp,20.24 MLT; DPS:  -0.51
        2: P =   3.08, D =   0.28 @  3.95 Rp,21.27 MLT; DPS:  -5.12
[0m [32m<Writing HDF5 DATA @ t =    22.584 [min] >[0m 
[32m<Writing RAIJU HDF5 DATA @ t =    22.667 [min] >[0m 
 [36m
 GAMERA
      Time =    22.667 [min]
        ts =    18631
        dt =  8.43E-02 [sec]
    dt/dt0 =   70.794%
    Spent     0.0% of time waiting for Voltron
      kZCs =   3581.09 /   1456.42 [MHD/TOT] (8 threads)
[0m       CPCP =   71.931  69.290 [kV, N/S]
 [34m
 VOLTRON
      UT   = 2001-06-01 23:22:40
      tilt =    0.000 [deg]
    Sym-H  =   -5.000 [nT]
    BSDst  ~   17.441 [nT]
           dSMRs  ~     0.79   -0.13   -0.83    0.17 [nT, 12/18/00/06]
   DPSDst  ~   -4.715 [nT]
   Spent    45.5% of time waiting for Gamera
            11.2% of time processing Chimp(Helpers)
             9.2% of time processing IMAG
            12.7% of time processing Remix
            21.2% of time processing Tubes(Helpers)
             0.0% of time writing files
    Running @   80.402% of real-time (8 threads)
[0m  [35m
 RAIJU
      UT   = 2001-06-01 23:22:45
      Time =    22.750 [min]
     dtCpl =  5.00E+00 [sec]
     Max/Min dt @ k:
        Max 3.56E+01 [sec] @ 57
        Min 1.38E-01 [sec] @ 160
     Flav : max Press/Den @ L,MLT; DPS-dst
        0: P =   0.00, D =9075.91 @  1.54 Rp,12.07 MLT; DPS:   0.00
        1: P =   0.10, D =   0.24 @  6.77 Rp,20.24 MLT; DPS:  -0.51
        2: P =   3.08, D =   0.28 @  3.95 Rp,21.14 MLT; DPS:  -5.12
[0m [32m<Writing HDF5 DATA @ t =    22.667 [min] >[0m 
[32m<Writing RAIJU HDF5 DATA @ t =    22.750 [min] >[0m 
 [36m
 GAMERA
      Time =    22.751 [min]
        ts =    18691
        dt =  8.43E-02 [sec]
    dt/dt0 =   70.810%
    Spent     0.0% of time waiting for Voltron
      kZCs =   3582.65 /   1470.00 [MHD/TOT] (8 threads)
[0m       CPCP =   72.082  69.208 [kV, N/S]
 [34m
 VOLTRON
      UT   = 2001-06-01 23:22:45
      tilt =    0.000 [deg]
    Sym-H  =   -5.000 [nT]
    BSDst  ~   17.429 [nT]
           dSMRs  ~     0.79   -0.13   -0.83    0.17 [nT, 12/18/00/06]
   DPSDst  ~   -4.690 [nT]
   Spent    45.6% of time waiting for Gamera
            11.2% of time processing Chimp(Helpers)
             9.2% of time processing IMAG
            12.7% of time processing Remix
            21.2% of time processing Tubes(Helpers)
             0.0% of time writing files
    Running @   80.457% of real-time (8 threads)
[0m  [35m
 RAIJU
      UT   = 2001-06-01 23:22:50
      Time =    22.833 [min]
     dtCpl =  5.00E+00 [sec]
     Max/Min dt @ k:
        Max 3.55E+01 [sec] @ 57
        Min 1.38E-01 [sec] @ 160
     Flav : max Press/Den @ L,MLT; DPS-dst
        0: P =   0.00, D =9075.91 @  1.54 Rp,12.07 MLT; DPS:   0.00
        1: P =   0.10, D =   0.24 @  6.77 Rp,20.24 MLT; DPS:  -0.50
        2: P =   3.08, D =   0.28 @  3.95 Rp,21.14 MLT; DPS:  -5.10
[0m [32m<Writing HDF5 DATA @ t =    22.751 [min] >[0m 
[32m<Writing RAIJU HDF5 DATA @ t =    22.833 [min] >[0m 
 [36m
 GAMERA
      Time =    22.834 [min]
        ts =    18750
        dt =  8.43E-02 [sec]
    dt/dt0 =   70.827%
    Spent     0.0% of time waiting for Voltron
      kZCs =   3579.91 /   1456.39 [MHD/TOT] (8 threads)
[0m       CPCP =   72.184  69.116 [kV, N/S]
 [34m
 VOLTRON
      UT   = 2001-06-01 23:22:50
      tilt =    0.000 [deg]
    Sym-H  =   -5.000 [nT]
    BSDst  ~   17.420 [nT]
           dSMRs  ~     0.79   -0.13   -0.83    0.17 [nT, 12/18/00/06]
   DPSDst  ~   -4.689 [nT]
   Spent    45.5% of time waiting for Gamera
            11.2% of time processing Chimp(Helpers)
             9.2% of time processing IMAG
            12.7% of time processing Remix
            21.2% of time processing Tubes(Helpers)
             0.0% of time writing files
    Running @   80.477% of real-time (8 threads)
[0m  [35m
 RAIJU
      UT   = 2001-06-01 23:22:55
      Time =    22.917 [min]
     dtCpl =  5.00E+00 [sec]
     Max/Min dt @ k:
        Max 3.55E+01 [sec] @ 57
        Min 1.38E-01 [sec] @ 160
     Flav : max Press/Den @ L,MLT; DPS-dst
        0: P =   0.00, D =9075.91 @  1.54 Rp,12.07 MLT; DPS:   0.00
        1: P =   0.10, D =   0.24 @  6.77 Rp,20.24 MLT; DPS:  -0.50
        2: P =   3.08, D =   0.28 @  3.95 Rp,21.14 MLT; DPS:  -5.10
[0m [32m<Writing HDF5 DATA @ t =    22.834 [min] >[0m 
[32m<Writing RAIJU HDF5 DATA @ t =    22.917 [min] >[0m 
 [36m
 GAMERA
      Time =    22.917 [min]
        ts =    18809
        dt =  8.43E-02 [sec]
    dt/dt0 =   70.843%
    Spent     0.0% of time waiting for Voltron
      kZCs =   3585.52 /   1458.20 [MHD/TOT] (8 threads)
[0m       CPCP =   72.223  69.128 [kV, N/S]
 [34m
 VOLTRON
      UT   = 2001-06-01 23:22:55
      tilt =    0.000 [deg]
    Sym-H  =   -5.000 [nT]
    BSDst  ~   17.412 [nT]
           dSMRs  ~     0.79   -0.13   -0.83    0.17 [nT, 12/18/00/06]
   DPSDst  ~   -4.737 [nT]
   Spent    45.5% of time waiting for Gamera
            11.2% of time processing Chimp(Helpers)
             9.2% of time processing IMAG
            12.6% of time processing Remix
            21.2% of time processing Tubes(Helpers)
             0.0% of time writing files
    Running @   80.402% of real-time (8 threads)
[0m  [35m
 RAIJU
      UT   = 2001-06-01 23:22:59
      Time =    23.000 [min]
     dtCpl =  5.00E+00 [sec]
     Max/Min dt @ k:
        Max 3.54E+01 [sec] @ 57
        Min 1.38E-01 [sec] @ 160
     Flav : max Press/Den @ L,MLT; DPS-dst
        0: P =   0.00, D =9075.91 @  1.54 Rp,12.07 MLT; DPS:   0.00
        1: P =   0.10, D =   0.24 @  6.77 Rp,20.24 MLT; DPS:  -0.51
        2: P =   3.08, D =   0.28 @  3.95 Rp,21.14 MLT; DPS:  -5.14
[0m [32m<Writing HDF5 DATA @ t =    22.917 [min] >[0m 
[32m<Writing RAIJU HDF5 DATA @ t =    23.000 [min] >[0m 
 [36m
 GAMERA
      Time =    23.000 [min]
        ts =    18868
        dt =  8.44E-02 [sec]
    dt/dt0 =   70.859%
    Spent     0.0% of time waiting for Voltron
      kZCs =   3585.22 /   1458.61 [MHD/TOT] (8 threads)
[0m       CPCP =   72.320  69.162 [kV, N/S]
 [34m
 VOLTRON
      UT   = 2001-06-01 23:23:00
      tilt =    0.000 [deg]
    Sym-H  =   -5.000 [nT]
    BSDst  ~   17.405 [nT]
           dSMRs  ~     0.79   -0.13   -0.83    0.18 [nT, 12/18/00/06]
   DPSDst  ~   -4.735 [nT]
   Spent    45.5% of time waiting for Gamera
            11.2% of time processing Chimp(Helpers)
             9.2% of time processing IMAG
            12.6% of time processing Remix
            21.2% of time processing Tubes(Helpers)
             0.0% of time writing files
    Running @   80.454% of real-time (8 threads)
[0m  [35m
 RAIJU
      UT   = 2001-06-01 23:23:05
      Time =    23.083 [min]
     dtCpl =  5.00E+00 [sec]
     Max/Min dt @ k:
        Max 3.53E+01 [sec] @ 57
        Min 1.38E-01 [sec] @ 160
     Flav : max Press/Den @ L,MLT; DPS-dst
        0: P =   0.00, D =9075.91 @  1.54 Rp,12.07 MLT; DPS:   0.00
        1: P =   0.10, D =   0.24 @  6.77 Rp,20.24 MLT; DPS:  -0.51
        2: P =   3.08, D =   0.28 @  3.95 Rp,21.14 MLT; DPS:  -5.14
[0m [32m<Writing HDF5 DATA @ t =    23.000 [min] >[0m 
[32m<Writing RAIJU HDF5 DATA @ t =    23.083 [min] >[0m 
 [36m
 GAMERA
      Time =    23.084 [min]
        ts =    18928
        dt =  8.44E-02 [sec]
    dt/dt0 =   70.877%
    Spent     0.0% of time waiting for Voltron
      kZCs =   3584.10 /   1473.43 [MHD/TOT] (8 threads)
[0m       CPCP =   72.379  69.192 [kV, N/S]
 [34m
 VOLTRON
      UT   = 2001-06-01 23:23:05
      tilt =    0.000 [deg]
    Sym-H  =   -5.000 [nT]
    BSDst  ~   17.393 [nT]
           dSMRs  ~     0.79   -0.14   -0.83    0.18 [nT, 12/18/00/06]
   DPSDst  ~   -4.701 [nT]
   Spent    45.6% of time waiting for Gamera
            11.2% of time processing Chimp(Helpers)
             9.2% of time processing IMAG
            12.6% of time processing Remix
            21.2% of time processing Tubes(Helpers)
             0.0% of time writing files
    Running @   80.522% of real-time (8 threads)
[0m  [35m
 RAIJU
      UT   = 2001-06-01 23:23:10
      Time =    23.167 [min]
     dtCpl =  5.00E+00 [sec]
     Max/Min dt @ k:
        Max 3.52E+01 [sec] @ 57
        Min 1.38E-01 [sec] @ 160
     Flav : max Press/Den @ L,MLT; DPS-dst
        0: P =   0.00, D =9075.91 @  1.54 Rp,12.07 MLT; DPS:   0.00
        1: P =   0.10, D =   0.24 @  6.77 Rp,20.24 MLT; DPS:  -0.50
        2: P =   3.08, D =   0.28 @  3.95 Rp,21.14 MLT; DPS:  -5.11
[0m [32m<Writing HDF5 DATA @ t =    23.084 [min] >[0m 
[32m<Writing RAIJU HDF5 DATA @ t =    23.167 [min] >[0m 
 [36m
 GAMERA
      Time =    23.167 [min]
        ts =    18987
        dt =  8.44E-02 [sec]
    dt/dt0 =   70.895%
    Spent     0.0% of time waiting for Voltron
      kZCs =   3585.08 /   1461.16 [MHD/TOT] (8 threads)
[0m       CPCP =   72.382  69.214 [kV, N/S]
 [34m
 VOLTRON
      UT   = 2001-06-01 23:23:10
      tilt =    0.000 [deg]
    Sym-H  =   -5.000 [nT]
    BSDst  ~   17.381 [nT]
           dSMRs  ~     0.79   -0.14   -0.83    0.18 [nT, 12/18/00/06]
   DPSDst  ~   -4.698 [nT]
   Spent    45.6% of time waiting for Gamera
            11.2% of time processing Chimp(Helpers)
             9.2% of time processing IMAG
            12.6% of time processing Remix
            21.2% of time processing Tubes(Helpers)
             0.0% of time writing files
    Running @   80.574% of real-time (8 threads)
[0m  [35m
 RAIJU
      UT   = 2001-06-01 23:23:15
      Time =    23.250 [min]
     dtCpl =  5.00E+00 [sec]
     Max/Min dt @ k:
        Max 3.52E+01 [sec] @ 57
        Min 1.38E-01 [sec] @ 160
     Flav : max Press/Den @ L,MLT; DPS-dst
        0: P =   0.00, D =9075.91 @  1.54 Rp,12.07 MLT; DPS:   0.00
        1: P =   0.10, D =   0.24 @  6.77 Rp,20.24 MLT; DPS:  -0.50
        2: P =   3.08, D =   0.28 @  3.95 Rp,21.14 MLT; DPS:  -5.11
[0m [32m<Writing HDF5 DATA @ t =    23.167 [min] >[0m 
[32m<Writing RAIJU HDF5 DATA @ t =    23.250 [min] >[0m 
 [36m
 GAMERA
      Time =    23.250 [min]
        ts =    19046
        dt =  8.44E-02 [sec]
    dt/dt0 =   70.912%
    Spent     0.0% of time waiting for Voltron
      kZCs =   3583.45 /   1461.46 [MHD/TOT] (8 threads)
[0m       CPCP =   72.451  69.247 [kV, N/S]
 [34m
 VOLTRON
      UT   = 2001-06-01 23:23:15
      tilt =    0.000 [deg]
    Sym-H  =   -5.000 [nT]
    BSDst  ~   17.371 [nT]
           dSMRs  ~     0.79   -0.13   -0.84    0.18 [nT, 12/18/00/06]
   DPSDst  ~   -4.695 [nT]
   Spent    45.6% of time waiting for Gamera
            11.2% of time processing Chimp(Helpers)
             9.2% of time processing IMAG
            12.6% of time processing Remix
            21.2% of time processing Tubes(Helpers)
             0.0% of time writing files
    Running @   80.463% of real-time (8 threads)
[0m  [35m
 RAIJU
      UT   = 2001-06-01 23:23:20
      Time =    23.333 [min]
     dtCpl =  5.00E+00 [sec]
     Max/Min dt @ k:
        Max 3.51E+01 [sec] @ 57
        Min 1.38E-01 [sec] @ 160
     Flav : max Press/Den @ L,MLT; DPS-dst
        0: P =   0.00, D =9075.91 @  1.54 Rp,12.07 MLT; DPS:   0.00
        1: P =   0.10, D =   0.24 @  6.77 Rp,20.24 MLT; DPS:  -0.50
        2: P =   3.08, D =   0.28 @  3.95 Rp,21.14 MLT; DPS:  -5.11
[0m [32m<Writing HDF5 DATA @ t =    23.250 [min] >[0m 
[32m<Writing RAIJU HDF5 DATA @ t =    23.333 [min] >[0m 
 [36m
 GAMERA
      Time =    23.334 [min]
        ts =    19105
        dt =  8.44E-02 [sec]
    dt/dt0 =   70.929%
    Spent     0.0% of time waiting for Voltron
      kZCs =   3585.22 /   1462.46 [MHD/TOT] (8 threads)
[0m       CPCP =   72.491  69.308 [kV, N/S]
 [34m
 VOLTRON
      UT   = 2001-06-01 23:23:20
      tilt =    0.000 [deg]
    Sym-H  =   -5.000 [nT]
    BSDst  ~   17.366 [nT]
           dSMRs  ~     0.80   -0.13   -0.84    0.18 [nT, 12/18/00/06]
   DPSDst  ~   -4.690 [nT]
   Spent    45.6% of time waiting for Gamera
            11.2% of time processing Chimp(Helpers)
             9.2% of time processing IMAG
            12.5% of time processing Remix
            21.2% of time processing Tubes(Helpers)
             0.0% of time writing files
    Running @   80.506% of real-time (8 threads)
[0m  [35m
 RAIJU
      UT   = 2001-06-01 23:23:25
      Time =    23.417 [min]
     dtCpl =  5.00E+00 [sec]
     Max/Min dt @ k:
        Max 3.50E+01 [sec] @ 57
        Min 1.38E-01 [sec] @ 160
     Flav : max Press/Den @ L,MLT; DPS-dst
        0: P =   0.00, D =9075.91 @  1.54 Rp,12.07 MLT; DPS:   0.00
        1: P =   0.10, D =   0.24 @  6.77 Rp,20.24 MLT; DPS:  -0.50
        2: P =   3.08, D =   0.28 @  3.95 Rp,21.14 MLT; DPS:  -5.11
[0m [32m<Writing HDF5 DATA @ t =    23.334 [min] >[0m 
[32m<Writing RAIJU HDF5 DATA @ t =    23.417 [min] >[0m 
 [36m
 GAMERA
      Time =    23.418 [min]
        ts =    19165
        dt =  8.45E-02 [sec]
    dt/dt0 =   70.946%
    Spent     0.0% of time waiting for Voltron
      kZCs =   3582.22 /   1476.78 [MHD/TOT] (8 threads)
[0m       CPCP =   72.533  69.354 [kV, N/S]
 [34m
 VOLTRON
      UT   = 2001-06-01 23:23:25
      tilt =    0.000 [deg]
    Sym-H  =   -5.000 [nT]
    BSDst  ~   17.364 [nT]
           dSMRs  ~     0.81   -0.13   -0.85    0.17 [nT, 12/18/00/06]
   DPSDst  ~   -4.670 [nT]
   Spent    45.7% of time waiting for Gamera
            11.2% of time processing Chimp(Helpers)
             9.2% of time processing IMAG
            12.5% of time processing Remix
            21.2% of time processing Tubes(Helpers)
             0.0% of time writing files
    Running @   80.592% of real-time (8 threads)
[0m  [35m
 RAIJU
      UT   = 2001-06-01 23:23:30
      Time =    23.500 [min]
     dtCpl =  5.00E+00 [sec]
     Max/Min dt @ k:
        Max 3.50E+01 [sec] @ 57
        Min 1.38E-01 [sec] @ 160
     Flav : max Press/Den @ L,MLT; DPS-dst
        0: P =   0.00, D =9075.91 @  1.54 Rp,12.07 MLT; DPS:   0.00
        1: P =   0.10, D =   0.24 @  6.77 Rp,20.24 MLT; DPS:  -0.49
        2: P =   3.08, D =   0.28 @  3.95 Rp,21.27 MLT; DPS:  -5.09
[0m [32m<Writing HDF5 DATA @ t =    23.418 [min] >[0m 
[32m<Writing RAIJU HDF5 DATA @ t =    23.500 [min] >[0m 
 [36m
 GAMERA
      Time =    23.501 [min]
        ts =    19224
        dt =  8.45E-02 [sec]
    dt/dt0 =   70.961%
    Spent     0.0% of time waiting for Voltron
      kZCs =   3581.68 /   1460.06 [MHD/TOT] (8 threads)
[0m       CPCP =   72.643  69.390 [kV, N/S]
 [34m
 VOLTRON
      UT   = 2001-06-01 23:23:30
      tilt =    0.000 [deg]
    Sym-H  =   -5.000 [nT]
    BSDst  ~   17.361 [nT]
           dSMRs  ~     0.81   -0.13   -0.85    0.17 [nT, 12/18/00/06]
   DPSDst  ~   -4.666 [nT]
   Spent    45.6% of time waiting for Gamera
            11.2% of time processing Chimp(Helpers)
             9.2% of time processing IMAG
            12.5% of time processing Remix
            21.2% of time processing Tubes(Helpers)
             0.0% of time writing files
    Running @   80.633% of real-time (8 threads)
[0m  [35m
 RAIJU
      UT   = 2001-06-01 23:23:35
      Time =    23.583 [min]
     dtCpl =  5.00E+00 [sec]
     Max/Min dt @ k:
        Max 3.49E+01 [sec] @ 57
        Min 1.38E-01 [sec] @ 160
     Flav : max Press/Den @ L,MLT; DPS-dst
        0: P =   0.00, D =9075.91 @  1.54 Rp,12.07 MLT; DPS:   0.00
        1: P =   0.10, D =   0.24 @  6.77 Rp,20.24 MLT; DPS:  -0.49
        2: P =   3.08, D =   0.28 @  3.95 Rp,21.27 MLT; DPS:  -5.09
[0m [32m<Writing HDF5 DATA @ t =    23.501 [min] >[0m 
[32m<Writing RAIJU HDF5 DATA @ t =    23.583 [min] >[0m 
 [36m
 GAMERA
      Time =    23.584 [min]
        ts =    19283
        dt =  8.45E-02 [sec]
    dt/dt0 =   70.976%
    Spent     0.0% of time waiting for Voltron
      kZCs =   3584.34 /   1462.76 [MHD/TOT] (8 threads)
[0m       CPCP =   72.768  69.422 [kV, N/S]
 [34m
 VOLTRON
      UT   = 2001-06-01 23:23:35
      tilt =    0.000 [deg]
    Sym-H  =   -5.000 [nT]
    BSDst  ~   17.354 [nT]
           dSMRs  ~     0.82   -0.13   -0.86    0.16 [nT, 12/18/00/06]
   DPSDst  ~   -4.664 [nT]
   Spent    45.6% of time waiting for Gamera
            11.2% of time processing Chimp(Helpers)
             9.2% of time processing IMAG
            12.5% of time processing Remix
            21.2% of time processing Tubes(Helpers)
             0.0% of time writing files
    Running @   80.659% of real-time (8 threads)
[0m  [35m
 RAIJU
      UT   = 2001-06-01 23:23:40
      Time =    23.667 [min]
     dtCpl =  5.00E+00 [sec]
     Max/Min dt @ k:
        Max 3.47E+01 [sec] @ 57
        Min 1.38E-01 [sec] @ 160
     Flav : max Press/Den @ L,MLT; DPS-dst
        0: P =   0.00, D =9075.91 @  1.54 Rp,12.07 MLT; DPS:   0.00
        1: P =   0.10, D =   0.24 @  6.77 Rp,20.24 MLT; DPS:  -0.49
        2: P =   3.08, D =   0.28 @  3.95 Rp,21.27 MLT; DPS:  -5.09
[0m [32m<Writing HDF5 DATA @ t =    23.584 [min] >[0m 
[32m<Writing RAIJU HDF5 DATA @ t =    23.667 [min] >[0m 
 [36m
 GAMERA
      Time =    23.667 [min]
        ts =    19342
        dt =  8.45E-02 [sec]
    dt/dt0 =   70.990%
    Spent     0.0% of time waiting for Voltron
      kZCs =   3584.78 /   1463.03 [MHD/TOT] (8 threads)
[0m       CPCP =   72.889  69.426 [kV, N/S]
 [34m
 VOLTRON
      UT   = 2001-06-01 23:23:40
      tilt =    0.000 [deg]
    Sym-H  =   -5.000 [nT]
    BSDst  ~   17.347 [nT]
           dSMRs  ~     0.82   -0.13   -0.86    0.16 [nT, 12/18/00/06]
   DPSDst  ~   -4.696 [nT]
   Spent    45.6% of time waiting for Gamera
            11.2% of time processing Chimp(Helpers)
             9.2% of time processing IMAG
            12.5% of time processing Remix
            21.2% of time processing Tubes(Helpers)
             0.0% of time writing files
    Running @   80.698% of real-time (8 threads)
[0m  [35m
 RAIJU
      UT   = 2001-06-01 23:23:45
      Time =    23.750 [min]
     dtCpl =  5.00E+00 [sec]
     Max/Min dt @ k:
        Max 3.46E+01 [sec] @ 57
        Min 1.38E-01 [sec] @ 160
     Flav : max Press/Den @ L,MLT; DPS-dst
        0: P =   0.00, D =9075.91 @  1.54 Rp,12.07 MLT; DPS:   0.00
        1: P =   0.10, D =   0.24 @  6.77 Rp,20.24 MLT; DPS:  -0.50
        2: P =   3.08, D =   0.28 @  3.95 Rp,21.27 MLT; DPS:  -5.11
[0m [32m<Writing HDF5 DATA @ t =    23.667 [min] >[0m 
[32m<Writing RAIJU HDF5 DATA @ t =    23.750 [min] >[0m 
 [36m
 GAMERA
      Time =    23.750 [min]
        ts =    19401
        dt =  8.45E-02 [sec]
    dt/dt0 =   71.004%
    Spent     0.0% of time waiting for Voltron
      kZCs =   3582.42 /   1461.58 [MHD/TOT] (8 threads)
[0m       CPCP =   72.945  69.408 [kV, N/S]
 [34m
 VOLTRON
      UT   = 2001-06-01 23:23:45
      tilt =    0.000 [deg]
    Sym-H  =   -5.000 [nT]
    BSDst  ~   17.339 [nT]
           dSMRs  ~     0.83   -0.13   -0.86    0.16 [nT, 12/18/00/06]
   DPSDst  ~   -4.692 [nT]
   Spent    45.6% of time waiting for Gamera
            11.2% of time processing Chimp(Helpers)
             9.2% of time processing IMAG
            12.5% of time processing Remix
            21.2% of time processing Tubes(Helpers)
             0.0% of time writing files
    Running @   80.460% of real-time (8 threads)
[0m  [35m
 RAIJU
      UT   = 2001-06-01 23:23:50
      Time =    23.833 [min]
     dtCpl =  5.00E+00 [sec]
     Max/Min dt @ k:
        Max 3.45E+01 [sec] @ 57
        Min 1.38E-01 [sec] @ 160
     Flav : max Press/Den @ L,MLT; DPS-dst
        0: P =   0.00, D =9075.91 @  1.54 Rp,12.07 MLT; DPS:   0.00
        1: P =   0.10, D =   0.24 @  6.77 Rp,20.24 MLT; DPS:  -0.49
        2: P =   3.08, D =   0.28 @  3.95 Rp,21.27 MLT; DPS:  -5.11
[0m [32m<Writing HDF5 DATA @ t =    23.750 [min] >[0m 
[32m<Writing RAIJU HDF5 DATA @ t =    23.833 [min] >[0m 
 [36m
 GAMERA
      Time =    23.834 [min]
        ts =    19460
        dt =  8.46E-02 [sec]
    dt/dt0 =   71.019%
    Spent     0.0% of time waiting for Voltron
      kZCs =   3583.45 /   1461.80 [MHD/TOT] (8 threads)
[0m       CPCP =   72.998  69.385 [kV, N/S]
 [34m
 VOLTRON
      UT   = 2001-06-01 23:23:50
      tilt =    0.000 [deg]
    Sym-H  =   -5.000 [nT]
    BSDst  ~   17.329 [nT]
           dSMRs  ~     0.83   -0.13   -0.87    0.16 [nT, 12/18/00/06]
   DPSDst  ~   -4.688 [nT]
   Spent    45.6% of time waiting for Gamera
            11.2% of time processing Chimp(Helpers)
             9.2% of time processing IMAG
            12.5% of time processing Remix
            21.2% of time processing Tubes(Helpers)
             0.0% of time writing files
    Running @   80.501% of real-time (8 threads)
[0m  [35m
 RAIJU
      UT   = 2001-06-01 23:23:55
      Time =    23.917 [min]
     dtCpl =  5.00E+00 [sec]
     Max/Min dt @ k:
        Max 3.43E+01 [sec] @ 57
        Min 1.38E-01 [sec] @ 160
     Flav : max Press/Den @ L,MLT; DPS-dst
        0: P =   0.00, D =9075.91 @  1.54 Rp,12.07 MLT; DPS:   0.00
        1: P =   0.10, D =   0.24 @  6.77 Rp,20.24 MLT; DPS:  -0.49
        2: P =   3.08, D =   0.28 @  3.95 Rp,21.27 MLT; DPS:  -5.11
[0m [32m<Writing HDF5 DATA @ t =    23.834 [min] >[0m 
[32m<Writing RAIJU HDF5 DATA @ t =    23.917 [min] >[0m 
 [36m
 GAMERA
      Time =    23.918 [min]
        ts =    19520
        dt =  8.46E-02 [sec]
    dt/dt0 =   71.037%
    Spent     0.0% of time waiting for Voltron
      kZCs =   3586.43 /   1475.13 [MHD/TOT] (8 threads)
[0m       CPCP =   73.062  69.345 [kV, N/S]
 [34m
 VOLTRON
      UT   = 2001-06-01 23:23:55
      tilt =    0.000 [deg]
    Sym-H  =   -5.000 [nT]
    BSDst  ~   17.319 [nT]
           dSMRs  ~     0.84   -0.13   -0.87    0.16 [nT, 12/18/00/06]
   DPSDst  ~   -4.686 [nT]
   Spent    45.7% of time waiting for Gamera
            11.2% of time processing Chimp(Helpers)
             9.2% of time processing IMAG
            12.5% of time processing Remix
            21.1% of time processing Tubes(Helpers)
             0.0% of time writing files
    Running @   80.586% of real-time (8 threads)
[0m  [35m
 RAIJU
      UT   = 2001-06-01 23:23:59
      Time =    24.000 [min]
     dtCpl =  5.00E+00 [sec]
     Max/Min dt @ k:
        Max 3.42E+01 [sec] @ 57
        Min 1.38E-01 [sec] @ 160
     Flav : max Press/Den @ L,MLT; DPS-dst
        0: P =   0.00, D =9075.91 @  1.54 Rp,12.07 MLT; DPS:   0.00
        1: P =   0.10, D =   0.24 @  6.77 Rp,20.24 MLT; DPS:  -0.49
        2: P =   3.08, D =   0.28 @  3.95 Rp,21.27 MLT; DPS:  -5.10
[0m [32m<Writing HDF5 DATA @ t =    23.918 [min] >[0m 
[32m<Writing RAIJU HDF5 DATA @ t =    24.000 [min] >[0m 
 [36m
 GAMERA
      Time =    24.001 [min]
        ts =    19579
        dt =  8.46E-02 [sec]
    dt/dt0 =   71.057%
    Spent     0.0% of time waiting for Voltron
      kZCs =   3583.01 /   1462.81 [MHD/TOT] (8 threads)
[0m       CPCP =   73.060  69.301 [kV, N/S]
 [34m
 VOLTRON
      UT   = 2001-06-01 23:24:00
      tilt =    0.000 [deg]
    Sym-H  =   -5.000 [nT]
    BSDst  ~   17.310 [nT]
           dSMRs  ~     0.84   -0.13   -0.88    0.17 [nT, 12/18/00/06]
   DPSDst  ~   -4.683 [nT]
   Spent    45.7% of time waiting for Gamera
            11.2% of time processing Chimp(Helpers)
             9.2% of time processing IMAG
            12.5% of time processing Remix
            21.1% of time processing Tubes(Helpers)
             0.0% of time writing files
    Running @   80.615% of real-time (8 threads)
[0m  [35m
 RAIJU
      UT   = 2001-06-01 23:24:05
      Time =    24.083 [min]
     dtCpl =  5.00E+00 [sec]
     Max/Min dt @ k:
        Max 3.40E+01 [sec] @ 57
        Min 1.38E-01 [sec] @ 160
     Flav : max Press/Den @ L,MLT; DPS-dst
        0: P =   0.00, D =9075.91 @  1.54 Rp,12.07 MLT; DPS:   0.00
        1: P =   0.10, D =   0.24 @  6.77 Rp,20.24 MLT; DPS:  -0.49
        2: P =   3.08, D =   0.28 @  3.95 Rp,21.14 MLT; DPS:  -5.10
[0m [32m<Writing HDF5 DATA @ t =    24.001 [min] >[0m 
[32m<Writing RAIJU HDF5 DATA @ t =    24.083 [min] >[0m 
 [36m
 GAMERA
      Time =    24.084 [min]
        ts =    19638
        dt =  8.46E-02 [sec]
    dt/dt0 =   71.075%
    Spent     0.0% of time waiting for Voltron
      kZCs =   3585.81 /   1460.60 [MHD/TOT] (8 threads)
[0m       CPCP =   73.035  69.250 [kV, N/S]
 [34m
 VOLTRON
      UT   = 2001-06-01 23:24:05
      tilt =    0.000 [deg]
    Sym-H  =   -5.000 [nT]
    BSDst  ~   17.303 [nT]
           dSMRs  ~     0.85   -0.13   -0.89    0.17 [nT, 12/18/00/06]
   DPSDst  ~   -4.680 [nT]
   Spent    45.7% of time waiting for Gamera
            11.2% of time processing Chimp(Helpers)
             9.2% of time processing IMAG
            12.5% of time processing Remix
            21.1% of time processing Tubes(Helpers)
             0.0% of time writing files
    Running @   80.662% of real-time (8 threads)
[0m  [35m
 RAIJU
      UT   = 2001-06-01 23:24:10
      Time =    24.167 [min]
     dtCpl =  5.00E+00 [sec]
     Max/Min dt @ k:
        Max 3.39E+01 [sec] @ 57
        Min 1.38E-01 [sec] @ 160
     Flav : max Press/Den @ L,MLT; DPS-dst
        0: P =   0.00, D =9075.91 @  1.54 Rp,12.07 MLT; DPS:   0.00
        1: P =   0.10, D =   0.24 @  6.77 Rp,20.24 MLT; DPS:  -0.49
        2: P =   3.08, D =   0.28 @  3.95 Rp,21.14 MLT; DPS:  -5.10
[0m [32m<Writing HDF5 DATA @ t =    24.084 [min] >[0m 
[32m<Writing RAIJU HDF5 DATA @ t =    24.167 [min] >[0m 
 [36m
 GAMERA
      Time =    24.168 [min]
        ts =    19697
        dt =  8.46E-02 [sec]
    dt/dt0 =   71.091%
    Spent     0.0% of time waiting for Voltron
      kZCs =   3579.47 /   1462.17 [MHD/TOT] (8 threads)
[0m       CPCP =   73.002  69.205 [kV, N/S]
 [34m
 VOLTRON
      UT   = 2001-06-01 23:24:10
      tilt =    0.000 [deg]
    Sym-H  =   -5.000 [nT]
    BSDst  ~   17.296 [nT]
           dSMRs  ~     0.86   -0.13   -0.90    0.17 [nT, 12/18/00/06]
   DPSDst  ~   -4.675 [nT]
   Spent    45.7% of time waiting for Gamera
            11.2% of time processing Chimp(Helpers)
             9.2% of time processing IMAG
            12.5% of time processing Remix
            21.1% of time processing Tubes(Helpers)
             0.0% of time writing files
    Running @   80.632% of real-time (8 threads)
[0m  [35m
 RAIJU
      UT   = 2001-06-01 23:24:15
      Time =    24.250 [min]
     dtCpl =  5.00E+00 [sec]
     Max/Min dt @ k:
        Max 3.38E+01 [sec] @ 57
        Min 1.38E-01 [sec] @ 160
     Flav : max Press/Den @ L,MLT; DPS-dst
        0: P =   0.00, D =9075.91 @  1.54 Rp,12.07 MLT; DPS:   0.00
        1: P =   0.10, D =   0.24 @  6.77 Rp,20.24 MLT; DPS:  -0.49
        2: P =   3.08, D =   0.28 @  3.95 Rp,21.14 MLT; DPS:  -5.10
[0m [32m<Writing HDF5 DATA @ t =    24.168 [min] >[0m 
[32m<Writing RAIJU HDF5 DATA @ t =    24.250 [min] >[0m 
 [36m
 GAMERA
      Time =    24.251 [min]
        ts =    19756
        dt =  8.47E-02 [sec]
    dt/dt0 =   71.109%
    Spent     0.0% of time waiting for Voltron
      kZCs =   3582.71 /   1463.13 [MHD/TOT] (8 threads)
[0m       CPCP =   72.956  69.138 [kV, N/S]
 [34m
 VOLTRON
      UT   = 2001-06-01 23:24:15
      tilt =    0.000 [deg]
    Sym-H  =   -5.000 [nT]
    BSDst  ~   17.290 [nT]
           dSMRs  ~     0.87   -0.13   -0.91    0.17 [nT, 12/18/00/06]
   DPSDst  ~   -4.672 [nT]
   Spent    45.7% of time waiting for Gamera
            11.2% of time processing Chimp(Helpers)
             9.2% of time processing IMAG
            12.5% of time processing Remix
            21.1% of time processing Tubes(Helpers)
             0.0% of time writing files
    Running @   80.695% of real-time (8 threads)
[0m  [35m
 RAIJU
      UT   = 2001-06-01 23:24:20
      Time =    24.333 [min]
     dtCpl =  5.00E+00 [sec]
     Max/Min dt @ k:
        Max 3.37E+01 [sec] @ 57
        Min 1.38E-01 [sec] @ 160
     Flav : max Press/Den @ L,MLT; DPS-dst
        0: P =   0.00, D =9075.91 @  1.54 Rp,12.07 MLT; DPS:   0.00
        1: P =   0.10, D =   0.24 @  6.77 Rp,20.24 MLT; DPS:  -0.48
        2: P =   3.08, D =   0.28 @  3.95 Rp,21.14 MLT; DPS:  -5.10
[0m [32m<Writing HDF5 DATA @ t =    24.251 [min] >[0m 
[32m<Writing RAIJU HDF5 DATA @ t =    24.333 [min] >[0m 
 [36m
 GAMERA
      Time =    24.334 [min]
        ts =    19815
        dt =  8.47E-02 [sec]
    dt/dt0 =   71.120%
    Spent     0.0% of time waiting for Voltron
      kZCs =   3585.08 /   1466.11 [MHD/TOT] (8 threads)
[0m       CPCP =   72.887  69.049 [kV, N/S]
 [34m
 VOLTRON
      UT   = 2001-06-01 23:24:20
      tilt =    0.000 [deg]
    Sym-H  =   -5.000 [nT]
    BSDst  ~   17.281 [nT]
           dSMRs  ~     0.87   -0.13   -0.92    0.17 [nT, 12/18/00/06]
   DPSDst  ~   -4.671 [nT]
   Spent    45.7% of time waiting for Gamera
            11.2% of time processing Chimp(Helpers)
             9.2% of time processing IMAG
            12.5% of time processing Remix
            21.1% of time processing Tubes(Helpers)
             0.0% of time writing files
    Running @   80.757% of real-time (8 threads)
[0m  [35m
 RAIJU
      UT   = 2001-06-01 23:24:25
      Time =    24.417 [min]
     dtCpl =  5.00E+00 [sec]
     Max/Min dt @ k:
        Max 3.36E+01 [sec] @ 57
        Min 1.38E-01 [sec] @ 160
     Flav : max Press/Den @ L,MLT; DPS-dst
        0: P =   0.00, D =9075.91 @  1.54 Rp,12.07 MLT; DPS:   0.00
        1: P =   0.10, D =   0.24 @  6.77 Rp,20.24 MLT; DPS:  -0.48
        2: P =   3.08, D =   0.28 @  3.95 Rp,21.14 MLT; DPS:  -5.09
[0m [32m<Writing HDF5 DATA @ t =    24.334 [min] >[0m 
[32m<Writing RAIJU HDF5 DATA @ t =    24.417 [min] >[0m 
 [36m
 GAMERA
      Time =    24.417 [min]
        ts =    19874
        dt =  8.47E-02 [sec]
    dt/dt0 =   71.126%
    Spent     0.0% of time waiting for Voltron
      kZCs =   3584.04 /   1466.95 [MHD/TOT] (8 threads)
[0m       CPCP =   72.820  68.968 [kV, N/S]
 [34m
 VOLTRON
      UT   = 2001-06-01 23:24:25
      tilt =    0.000 [deg]
    Sym-H  =   -5.000 [nT]
    BSDst  ~   17.269 [nT]
           dSMRs  ~     0.88   -0.13   -0.92    0.17 [nT, 12/18/00/06]
   DPSDst  ~   -4.669 [nT]
   Spent    45.7% of time waiting for Gamera
            11.3% of time processing Chimp(Helpers)
             9.2% of time processing IMAG
            12.4% of time processing Remix
            21.1% of time processing Tubes(Helpers)
             0.0% of time writing files
    Running @   80.701% of real-time (8 threads)
[0m  [35m
 RAIJU
      UT   = 2001-06-01 23:24:30
      Time =    24.500 [min]
     dtCpl =  5.00E+00 [sec]
     Max/Min dt @ k:
        Max 3.35E+01 [sec] @ 57
        Min 1.38E-01 [sec] @ 160
     Flav : max Press/Den @ L,MLT; DPS-dst
        0: P =   0.00, D =9075.91 @  1.54 Rp,12.07 MLT; DPS:   0.00
        1: P =   0.10, D =   0.24 @  6.77 Rp,20.24 MLT; DPS:  -0.48
        2: P =   3.08, D =   0.28 @  3.95 Rp,21.00 MLT; DPS:  -5.09
[0m [32m<Writing HDF5 DATA @ t =    24.417 [min] >[0m 
[32m<Writing RAIJU HDF5 DATA @ t =    24.500 [min] >[0m 
 [36m
 GAMERA
      Time =    24.501 [min]
        ts =    19933
        dt =  8.47E-02 [sec]
    dt/dt0 =   71.127%
    Spent     0.0% of time waiting for Voltron
      kZCs =   3585.08 /   1467.84 [MHD/TOT] (8 threads)
[0m       CPCP =   72.752  68.931 [kV, N/S]
 [34m
 VOLTRON
      UT   = 2001-06-01 23:24:30
      tilt =    0.000 [deg]
    Sym-H  =   -5.000 [nT]
    BSDst  ~   17.252 [nT]
           dSMRs  ~     0.88   -0.13   -0.93    0.17 [nT, 12/18/00/06]
   DPSDst  ~   -4.667 [nT]
   Spent    45.7% of time waiting for Gamera
            11.3% of time processing Chimp(Helpers)
             9.2% of time processing IMAG
            12.4% of time processing Remix
            21.1% of time processing Tubes(Helpers)
             0.0% of time writing files
    Running @   80.657% of real-time (8 threads)
[0m  [35m
 RAIJU
      UT   = 2001-06-01 23:24:35
      Time =    24.583 [min]
     dtCpl =  5.00E+00 [sec]
     Max/Min dt @ k:
        Max 3.34E+01 [sec] @ 57
        Min 1.38E-01 [sec] @ 160
     Flav : max Press/Den @ L,MLT; DPS-dst
        0: P =   0.00, D =9075.91 @  1.54 Rp,12.07 MLT; DPS:   0.00
        1: P =   0.10, D =   0.25 @  6.77 Rp,20.24 MLT; DPS:  -0.48
        2: P =   3.08, D =   0.28 @  3.95 Rp,21.00 MLT; DPS:  -5.09
[0m [32m<Writing HDF5 DATA @ t =    24.501 [min] >[0m 
[32m<Writing RAIJU HDF5 DATA @ t =    24.583 [min] >[0m 
 [36m
 GAMERA
      Time =    24.584 [min]
        ts =    19992
        dt =  8.47E-02 [sec]
    dt/dt0 =   71.123%
    Spent     0.0% of time waiting for Voltron
      kZCs =   3585.37 /   1468.34 [MHD/TOT] (8 threads)
[0m       CPCP =   72.695  68.920 [kV, N/S]
 [34m
 VOLTRON
      UT   = 2001-06-01 23:24:35
      tilt =    0.000 [deg]
    Sym-H  =   -5.000 [nT]
    BSDst  ~   17.232 [nT]
           dSMRs  ~     0.88   -0.12   -0.93    0.17 [nT, 12/18/00/06]
   DPSDst  ~   -4.666 [nT]
   Spent    45.7% of time waiting for Gamera
            11.3% of time processing Chimp(Helpers)
             9.3% of time processing IMAG
            12.4% of time processing Remix
            21.2% of time processing Tubes(Helpers)
             0.0% of time writing files
    Running @   80.679% of real-time (8 threads)
[0m  [35m
 RAIJU
      UT   = 2001-06-01 23:24:40
      Time =    24.667 [min]
     dtCpl =  5.00E+00 [sec]
     Max/Min dt @ k:
        Max 3.33E+01 [sec] @ 57
        Min 1.38E-01 [sec] @ 160
     Flav : max Press/Den @ L,MLT; DPS-dst
        0: P =   0.00, D =9075.91 @  1.54 Rp,12.07 MLT; DPS:   0.00
        1: P =   0.10, D =   0.25 @  6.77 Rp,20.24 MLT; DPS:  -0.48
        2: P =   3.08, D =   0.28 @  3.95 Rp,21.00 MLT; DPS:  -5.09
[0m [32m<Writing HDF5 DATA @ t =    24.584 [min] >[0m 
[32m<Writing RAIJU HDF5 DATA @ t =    24.667 [min] >[0m 
 [36m
 GAMERA
      Time =    24.667 [min]
        ts =    20051
        dt =  8.47E-02 [sec]
    dt/dt0 =   71.116%
    Spent     0.0% of time waiting for Voltron
      kZCs =   3582.86 /   1467.05 [MHD/TOT] (8 threads)
[0m       CPCP =   72.706  68.892 [kV, N/S]
 [34m
 VOLTRON
      UT   = 2001-06-01 23:24:40
      tilt =    0.000 [deg]
    Sym-H  =   -5.000 [nT]
    BSDst  ~   17.209 [nT]
           dSMRs  ~     0.89   -0.12   -0.94    0.17 [nT, 12/18/00/06]
   DPSDst  ~   -4.663 [nT]
   Spent    45.7% of time waiting for Gamera
            11.3% of time processing Chimp(Helpers)
             9.3% of time processing IMAG
            12.4% of time processing Remix
            21.2% of time processing Tubes(Helpers)
             0.0% of time writing files
    Running @   80.735% of real-time (8 threads)
[0m  [35m
 RAIJU
      UT   = 2001-06-01 23:24:45
      Time =    24.750 [min]
     dtCpl =  5.00E+00 [sec]
     Max/Min dt @ k:
        Max 3.33E+01 [sec] @ 57
        Min 1.38E-01 [sec] @ 160
     Flav : max Press/Den @ L,MLT; DPS-dst
        0: P =   0.00, D =9075.91 @  1.54 Rp,12.07 MLT; DPS:   0.00
        1: P =   0.10, D =   0.25 @  6.77 Rp,20.24 MLT; DPS:  -0.48
        2: P =   3.08, D =   0.28 @  3.95 Rp,20.74 MLT; DPS:  -5.09
[0m [32m<Writing HDF5 DATA @ t =    24.667 [min] >[0m 
[32m<Writing RAIJU HDF5 DATA @ t =    24.750 [min] >[0m 
 [36m
 GAMERA
      Time =    24.751 [min]
        ts =    20110
        dt =  8.47E-02 [sec]
    dt/dt0 =   71.107%
    Spent     0.0% of time waiting for Voltron
      kZCs =   3581.98 /   1465.17 [MHD/TOT] (8 threads)
[0m       CPCP =   72.708  68.857 [kV, N/S]
 [34m
 VOLTRON
      UT   = 2001-06-01 23:24:45
      tilt =    0.000 [deg]
    Sym-H  =   -5.000 [nT]
    BSDst  ~   17.188 [nT]
           dSMRs  ~     0.89   -0.12   -0.94    0.17 [nT, 12/18/00/06]
   DPSDst  ~   -4.658 [nT]
   Spent    45.7% of time waiting for Gamera
            11.3% of time processing Chimp(Helpers)
             9.3% of time processing IMAG
            12.4% of time processing Remix
            21.1% of time processing Tubes(Helpers)
             0.0% of time writing files
    Running @   80.787% of real-time (8 threads)
[0m  [35m
 RAIJU
      UT   = 2001-06-01 23:24:50
      Time =    24.833 [min]
     dtCpl =  5.00E+00 [sec]
     Max/Min dt @ k:
        Max 3.32E+01 [sec] @ 57
        Min 1.38E-01 [sec] @ 160
     Flav : max Press/Den @ L,MLT; DPS-dst
        0: P =   0.00, D =9075.91 @  1.54 Rp,12.07 MLT; DPS:   0.00
        1: P =   0.10, D =   0.25 @  6.77 Rp,20.24 MLT; DPS:  -0.48
        2: P =   3.08, D =   0.28 @  3.95 Rp,20.60 MLT; DPS:  -5.08
[0m [32m<Writing HDF5 DATA @ t =    24.751 [min] >[0m 
[32m<Writing RAIJU HDF5 DATA @ t =    24.833 [min] >[0m 
 [36m
 GAMERA
      Time =    24.834 [min]
        ts =    20169
        dt =  8.46E-02 [sec]
    dt/dt0 =   71.097%
    Spent     0.0% of time waiting for Voltron
      kZCs =   3584.04 /   1467.45 [MHD/TOT] (8 threads)
[0m       CPCP =   72.719  68.820 [kV, N/S]
 [34m
 VOLTRON
      UT   = 2001-06-01 23:24:50
      tilt =    0.000 [deg]
    Sym-H  =   -5.000 [nT]
    BSDst  ~   17.169 [nT]
           dSMRs  ~     0.89   -0.12   -0.94    0.17 [nT, 12/18/00/06]
   DPSDst  ~   -4.654 [nT]
   Spent    45.7% of time waiting for Gamera
            11.3% of time processing Chimp(Helpers)
             9.3% of time processing IMAG
            12.4% of time processing Remix
            21.1% of time processing Tubes(Helpers)
             0.0% of time writing files
    Running @   80.849% of real-time (8 threads)
[0m  [35m
 RAIJU
      UT   = 2001-06-01 23:24:55
      Time =    24.917 [min]
     dtCpl =  5.00E+00 [sec]
     Max/Min dt @ k:
        Max 3.32E+01 [sec] @ 57
        Min 1.38E-01 [sec] @ 160
     Flav : max Press/Den @ L,MLT; DPS-dst
        0: P =   0.00, D =9075.91 @  1.54 Rp,12.07 MLT; DPS:   0.00
        1: P =   0.10, D =   0.25 @  6.77 Rp,20.24 MLT; DPS:  -0.47
        2: P =   3.08, D =   0.28 @  3.95 Rp,20.60 MLT; DPS:  -5.08
[0m [32m<Writing HDF5 DATA @ t =    24.834 [min] >[0m 
[32m<Writing RAIJU HDF5 DATA @ t =    24.917 [min] >[0m 
 [36m
 GAMERA
      Time =    24.917 [min]
        ts =    20228
        dt =  8.46E-02 [sec]
    dt/dt0 =   71.083%
    Spent     0.0% of time waiting for Voltron
      kZCs =   3584.19 /   1466.28 [MHD/TOT] (8 threads)
[0m       CPCP =   72.740  68.810 [kV, N/S]
 [34m
 VOLTRON
      UT   = 2001-06-01 23:24:55
      tilt =    0.000 [deg]
    Sym-H  =   -5.000 [nT]
    BSDst  ~   17.153 [nT]
           dSMRs  ~     0.89   -0.12   -0.94    0.16 [nT, 12/18/00/06]
   DPSDst  ~   -4.653 [nT]
   Spent    45.7% of time waiting for Gamera
            11.3% of time processing Chimp(Helpers)
             9.3% of time processing IMAG
            12.4% of time processing Remix
            21.1% of time processing Tubes(Helpers)
             0.0% of time writing files
    Running @   80.896% of real-time (8 threads)
[0m  [35m
 RAIJU
      UT   = 2001-06-01 23:24:59
      Time =    25.000 [min]
     dtCpl =  5.00E+00 [sec]
     Max/Min dt @ k:
        Max 3.31E+01 [sec] @ 57
        Min 1.38E-01 [sec] @ 160
     Flav : max Press/Den @ L,MLT; DPS-dst
        0: P =   0.00, D =9075.91 @  1.54 Rp,12.07 MLT; DPS:   0.00
        1: P =   0.10, D =   0.25 @  6.78 Rp,20.24 MLT; DPS:  -0.47
        2: P =   3.08, D =   0.28 @  3.95 Rp,20.60 MLT; DPS:  -5.08
[0m [32m<Writing HDF5 DATA @ t =    24.917 [min] >[0m 
[32m<Writing RAIJU HDF5 DATA @ t =    25.000 [min] >[0m 
 [36m
 GAMERA
      Time =    25.000 [min]
        ts =    20287
        dt =  8.46E-02 [sec]
    dt/dt0 =   71.068%
    Spent     0.0% of time waiting for Voltron
      kZCs =   3581.53 /   1465.79 [MHD/TOT] (8 threads)
[0m       CPCP =   72.746  68.816 [kV, N/S]
 [34m
 VOLTRON
      UT   = 2001-06-01 23:25:00
      tilt =    0.000 [deg]
    Sym-H  =   -5.000 [nT]
    BSDst  ~   17.138 [nT]
           dSMRs  ~     0.90   -0.12   -0.94    0.16 [nT, 12/18/00/06]
   DPSDst  ~   -4.649 [nT]
   Spent    45.7% of time waiting for Gamera
            11.3% of time processing Chimp(Helpers)
             9.3% of time processing IMAG
            12.4% of time processing Remix
            21.1% of time processing Tubes(Helpers)
             0.0% of time writing files
    Running @   80.912% of real-time (8 threads)
[0m  [35m
 RAIJU
      UT   = 2001-06-01 23:25:05
      Time =    25.083 [min]
     dtCpl =  5.00E+00 [sec]
     Max/Min dt @ k:
        Max 3.31E+01 [sec] @ 57
        Min 1.38E-01 [sec] @ 160
     Flav : max Press/Den @ L,MLT; DPS-dst
        0: P =   0.00, D =9075.91 @  1.54 Rp,12.07 MLT; DPS:   0.00
        1: P =   0.10, D =   0.25 @  6.78 Rp,20.24 MLT; DPS:  -0.47
        2: P =   3.08, D =   0.28 @  3.95 Rp,20.60 MLT; DPS:  -5.08
[0m [32m<Writing HDF5 DATA @ t =    25.000 [min] >[0m 
[32m<Writing RAIJU HDF5 DATA @ t =    25.083 [min] >[0m 
 [36m
 GAMERA
      Time =    25.083 [min]
        ts =    20346
        dt =  8.46E-02 [sec]
    dt/dt0 =   71.052%
    Spent     0.0% of time waiting for Voltron
      kZCs =   3583.30 /   1467.52 [MHD/TOT] (8 threads)
[0m       CPCP =   72.749  68.827 [kV, N/S]
 [34m
 VOLTRON
      UT   = 2001-06-01 23:25:05
      tilt =    0.000 [deg]
    Sym-H  =   -5.000 [nT]
    BSDst  ~   17.122 [nT]
           dSMRs  ~     0.90   -0.11   -0.95    0.16 [nT, 12/18/00/06]
   DPSDst  ~   -4.644 [nT]
   Spent    45.7% of time waiting for Gamera
            11.3% of time processing Chimp(Helpers)
             9.3% of time processing IMAG
            12.4% of time processing Remix
            21.1% of time processing Tubes(Helpers)
             0.0% of time writing files
    Running @   80.971% of real-time (8 threads)
[0m  [35m
 RAIJU
      UT   = 2001-06-01 23:25:10
      Time =    25.167 [min]
     dtCpl =  5.00E+00 [sec]
     Max/Min dt @ k:
        Max 3.30E+01 [sec] @ 57
        Min 1.38E-01 [sec] @ 160
     Flav : max Press/Den @ L,MLT; DPS-dst
        0: P =   0.00, D =9075.91 @  1.54 Rp,12.07 MLT; DPS:   0.00
        1: P =   0.10, D =   0.25 @  6.78 Rp,20.24 MLT; DPS:  -0.47
        2: P =   3.08, D =   0.28 @  3.94 Rp,20.47 MLT; DPS:  -5.07
[0m [32m<Writing HDF5 DATA @ t =    25.083 [min] >[0m 
[32m<Writing RAIJU HDF5 DATA @ t =    25.167 [min] >[0m 
 [36m
 GAMERA
      Time =    25.168 [min]
        ts =    20406
        dt =  8.46E-02 [sec]
    dt/dt0 =   71.034%
    Spent     0.0% of time waiting for Voltron
      kZCs =   3581.93 /   1481.10 [MHD/TOT] (8 threads)
[0m       CPCP =   72.773  68.836 [kV, N/S]
 [34m
 VOLTRON
      UT   = 2001-06-01 23:25:10
      tilt =    0.000 [deg]
    Sym-H  =   -5.000 [nT]
    BSDst  ~   17.106 [nT]
           dSMRs  ~     0.90   -0.11   -0.95    0.16 [nT, 12/18/00/06]
   DPSDst  ~   -4.640 [nT]
   Spent    45.8% of time waiting for Gamera
            11.2% of time processing Chimp(Helpers)
             9.3% of time processing IMAG
            12.4% of time processing Remix
            21.1% of time processing Tubes(Helpers)
             0.0% of time writing files
    Running @   80.835% of real-time (8 threads)
[0m  [35m
 RAIJU
      UT   = 2001-06-01 23:25:15
      Time =    25.250 [min]
     dtCpl =  5.00E+00 [sec]
     Max/Min dt @ k:
        Max 3.29E+01 [sec] @ 57
        Min 1.38E-01 [sec] @ 160
     Flav : max Press/Den @ L,MLT; DPS-dst
        0: P =   0.00, D =9075.91 @  1.54 Rp,12.07 MLT; DPS:   0.00
        1: P =   0.10, D =   0.25 @  6.78 Rp,20.25 MLT; DPS:  -0.47
        2: P =   3.08, D =   0.28 @  3.95 Rp,20.47 MLT; DPS:  -5.07
[0m [32m<Writing HDF5 DATA @ t =    25.168 [min] >[0m 
[32m<Writing RAIJU HDF5 DATA @ t =    25.250 [min] >[0m 
 [36m
 GAMERA
      Time =    25.251 [min]
        ts =    20465
        dt =  8.46E-02 [sec]
    dt/dt0 =   71.015%
    Spent     0.0% of time waiting for Voltron
      kZCs =   3581.98 /   1466.16 [MHD/TOT] (8 threads)
[0m       CPCP =   72.789  68.843 [kV, N/S]
 [34m
 VOLTRON
      UT   = 2001-06-01 23:25:15
      tilt =    0.000 [deg]
    Sym-H  =   -5.000 [nT]
    BSDst  ~   17.091 [nT]
           dSMRs  ~     0.91   -0.11   -0.95    0.15 [nT, 12/18/00/06]
   DPSDst  ~   -4.636 [nT]
   Spent    45.8% of time waiting for Gamera
            11.2% of time processing Chimp(Helpers)
             9.3% of time processing IMAG
            12.4% of time processing Remix
            21.1% of time processing Tubes(Helpers)
             0.0% of time writing files
    Running @   80.891% of real-time (8 threads)
[0m  [35m
 RAIJU
      UT   = 2001-06-01 23:25:20
      Time =    25.333 [min]
     dtCpl =  5.00E+00 [sec]
     Max/Min dt @ k:
        Max 3.28E+01 [sec] @ 57
        Min 1.38E-01 [sec] @ 160
     Flav : max Press/Den @ L,MLT; DPS-dst
        0: P =   0.00, D =9075.91 @  1.54 Rp,12.07 MLT; DPS:   0.00
        1: P =   0.10, D =   0.25 @  6.78 Rp,20.25 MLT; DPS:  -0.47
        2: P =   3.08, D =   0.28 @  3.95 Rp,20.47 MLT; DPS:  -5.07
[0m [32m<Writing HDF5 DATA @ t =    25.251 [min] >[0m 
[32m<Writing RAIJU HDF5 DATA @ t =    25.333 [min] >[0m 
 [36m
 GAMERA
      Time =    25.334 [min]
        ts =    20524
        dt =  8.45E-02 [sec]
    dt/dt0 =   70.997%
    Spent     0.0% of time waiting for Voltron
      kZCs =   3580.65 /   1466.65 [MHD/TOT] (8 threads)
[0m       CPCP =   72.787  68.844 [kV, N/S]
 [34m
 VOLTRON
      UT   = 2001-06-01 23:25:20
      tilt =    0.000 [deg]
    Sym-H  =   -5.000 [nT]
    BSDst  ~   17.074 [nT]
           dSMRs  ~     0.91   -0.11   -0.95    0.15 [nT, 12/18/00/06]
   DPSDst  ~   -4.633 [nT]
   Spent    45.8% of time waiting for Gamera
            11.3% of time processing Chimp(Helpers)
             9.3% of time processing IMAG
            12.4% of time processing Remix
            21.1% of time processing Tubes(Helpers)
             0.0% of time writing files
    Running @   80.923% of real-time (8 threads)
[0m  [35m
 RAIJU
      UT   = 2001-06-01 23:25:25
      Time =    25.417 [min]
     dtCpl =  5.00E+00 [sec]
     Max/Min dt @ k:
        Max 3.27E+01 [sec] @ 57
        Min 1.38E-01 [sec] @ 160
     Flav : max Press/Den @ L,MLT; DPS-dst
        0: P =   0.00, D =9075.91 @  1.54 Rp,12.07 MLT; DPS:   0.00
        1: P =   0.10, D =   0.25 @  6.78 Rp,20.25 MLT; DPS:  -0.46
        2: P =   3.08, D =   0.28 @  3.95 Rp,20.47 MLT; DPS:  -5.07
[0m [32m<Writing HDF5 DATA @ t =    25.334 [min] >[0m 
[32m<Writing RAIJU HDF5 DATA @ t =    25.417 [min] >[0m 
 [36m
 GAMERA
      Time =    25.417 [min]
        ts =    20583
        dt =  8.45E-02 [sec]
    dt/dt0 =   70.978%
    Spent     0.0% of time waiting for Voltron
      kZCs =   3582.71 /   1469.60 [MHD/TOT] (8 threads)
[0m       CPCP =   72.756  68.849 [kV, N/S]
 [34m
 VOLTRON
      UT   = 2001-06-01 23:25:25
      tilt =    0.000 [deg]
    Sym-H  =   -5.000 [nT]
    BSDst  ~   17.056 [nT]
           dSMRs  ~     0.92   -0.11   -0.96    0.15 [nT, 12/18/00/06]
   DPSDst  ~   -4.630 [nT]
   Spent    45.8% of time waiting for Gamera
            11.3% of time processing Chimp(Helpers)
             9.3% of time processing IMAG
            12.4% of time processing Remix
            21.1% of time processing Tubes(Helpers)
             0.0% of time writing files
    Running @   80.741% of real-time (8 threads)
[0m  [35m
 RAIJU
      UT   = 2001-06-01 23:25:30
      Time =    25.500 [min]
     dtCpl =  5.00E+00 [sec]
     Max/Min dt @ k:
        Max 3.26E+01 [sec] @ 57
        Min 1.38E-01 [sec] @ 160
     Flav : max Press/Den @ L,MLT; DPS-dst
        0: P =   0.00, D =9075.91 @  1.54 Rp,12.07 MLT; DPS:   0.00
        1: P =   0.10, D =   0.25 @  6.78 Rp,20.25 MLT; DPS:  -0.46
        2: P =   3.08, D =   0.28 @  3.95 Rp,20.47 MLT; DPS:  -5.07
[0m [32m<Writing HDF5 DATA @ t =    25.417 [min] >[0m 
[32m<Writing RAIJU HDF5 DATA @ t =    25.500 [min] >[0m 
 [36m
 GAMERA
      Time =    25.500 [min]
        ts =    20642
        dt =  8.45E-02 [sec]
    dt/dt0 =   70.960%
    Spent     0.0% of time waiting for Voltron
      kZCs =   3582.57 /   1469.75 [MHD/TOT] (8 threads)
[0m       CPCP =   72.730  68.866 [kV, N/S]
 [34m
 VOLTRON
      UT   = 2001-06-01 23:25:30
      tilt =    0.000 [deg]
    Sym-H  =   -5.000 [nT]
    BSDst  ~   17.037 [nT]
           dSMRs  ~     0.92   -0.11   -0.96    0.15 [nT, 12/18/00/06]
   DPSDst  ~   -4.626 [nT]
   Spent    45.8% of time waiting for Gamera
            11.3% of time processing Chimp(Helpers)
             9.3% of time processing IMAG
            12.4% of time processing Remix
            21.1% of time processing Tubes(Helpers)
             0.0% of time writing files
    Running @   80.808% of real-time (8 threads)
[0m  [35m
 RAIJU
      UT   = 2001-06-01 23:25:35
      Time =    25.583 [min]
     dtCpl =  5.00E+00 [sec]
     Max/Min dt @ k:
        Max 3.25E+01 [sec] @ 57
        Min 1.38E-01 [sec] @ 160
     Flav : max Press/Den @ L,MLT; DPS-dst
        0: P =   0.00, D =9075.91 @  1.54 Rp,12.07 MLT; DPS:   0.00
        1: P =   0.10, D =   0.25 @  6.78 Rp,20.25 MLT; DPS:  -0.46
        2: P =   3.08, D =   0.28 @  3.95 Rp,20.47 MLT; DPS:  -5.06
[0m [32m<Writing HDF5 DATA @ t =    25.500 [min] >[0m 
[32m<Writing RAIJU HDF5 DATA @ t =    25.583 [min] >[0m 
 [36m
 GAMERA
      Time =    25.584 [min]
        ts =    20701
        dt =  8.45E-02 [sec]
    dt/dt0 =   70.941%
    Spent     0.0% of time waiting for Voltron
      kZCs =   3581.53 /   1469.80 [MHD/TOT] (8 threads)
[0m       CPCP =   72.725  68.900 [kV, N/S]
 [34m
 VOLTRON
      UT   = 2001-06-01 23:25:35
      tilt =    0.000 [deg]
    Sym-H  =   -5.000 [nT]
    BSDst  ~   17.019 [nT]
           dSMRs  ~     0.92   -0.11   -0.96    0.15 [nT, 12/18/00/06]
   DPSDst  ~   -4.623 [nT]
   Spent    45.8% of time waiting for Gamera
            11.3% of time processing Chimp(Helpers)
             9.3% of time processing IMAG
            12.4% of time processing Remix
            21.1% of time processing Tubes(Helpers)
             0.0% of time writing files
    Running @   80.848% of real-time (8 threads)
[0m  [35m
 RAIJU
      UT   = 2001-06-01 23:25:40
      Time =    25.667 [min]
     dtCpl =  5.00E+00 [sec]
     Max/Min dt @ k:
        Max 3.25E+01 [sec] @ 57
        Min 1.38E-01 [sec] @ 160
     Flav : max Press/Den @ L,MLT; DPS-dst
        0: P =   0.00, D =9075.91 @  1.54 Rp,12.07 MLT; DPS:   0.00
        1: P =   0.10, D =   0.25 @  6.79 Rp,20.25 MLT; DPS:  -0.46
        2: P =   3.08, D =   0.28 @  3.94 Rp,20.34 MLT; DPS:  -5.06
[0m [32m<Writing HDF5 DATA @ t =    25.584 [min] >[0m 
[32m<Writing RAIJU HDF5 DATA @ t =    25.667 [min] >[0m 
 [36m
 GAMERA
      Time =    25.668 [min]
        ts =    20761
        dt =  8.44E-02 [sec]
    dt/dt0 =   70.921%
    Spent     0.0% of time waiting for Voltron
      kZCs =   3582.22 /   1483.83 [MHD/TOT] (8 threads)
[0m       CPCP =   72.736  68.938 [kV, N/S]
 [34m
 VOLTRON
      UT   = 2001-06-01 23:25:40
      tilt =    0.000 [deg]
    Sym-H  =   -5.000 [nT]
    BSDst  ~   17.000 [nT]
           dSMRs  ~     0.93   -0.11   -0.97    0.14 [nT, 12/18/00/06]
   DPSDst  ~   -4.613 [nT]
   Spent    45.9% of time waiting for Gamera
            11.3% of time processing Chimp(Helpers)
             9.2% of time processing IMAG
            12.3% of time processing Remix
            21.0% of time processing Tubes(Helpers)
             0.0% of time writing files
    Running @   80.925% of real-time (8 threads)
[0m  [35m
 RAIJU
      UT   = 2001-06-01 23:25:45
      Time =    25.750 [min]
     dtCpl =  5.00E+00 [sec]
     Max/Min dt @ k:
        Max 3.24E+01 [sec] @ 58
        Min 1.38E-01 [sec] @ 160
     Flav : max Press/Den @ L,MLT; DPS-dst
        0: P =   0.00, D =9075.91 @  1.54 Rp,12.07 MLT; DPS:   0.00
        1: P =   0.10, D =   0.25 @  6.79 Rp,20.25 MLT; DPS:  -0.46
        2: P =   3.08, D =   0.28 @  3.95 Rp,20.34 MLT; DPS:  -5.05
[0m [32m<Writing HDF5 DATA @ t =    25.668 [min] >[0m 
[32m<Writing RAIJU HDF5 DATA @ t =    25.750 [min] >[0m 
 [36m
 GAMERA
      Time =    25.751 [min]
        ts =    20820
        dt =  8.44E-02 [sec]
    dt/dt0 =   70.902%
    Spent     0.0% of time waiting for Voltron
      kZCs =   3581.68 /   1470.67 [MHD/TOT] (8 threads)
[0m       CPCP =   72.756  68.970 [kV, N/S]
 [34m
 VOLTRON
      UT   = 2001-06-01 23:25:45
      tilt =    0.000 [deg]
    Sym-H  =   -5.000 [nT]
    BSDst  ~   16.982 [nT]
           dSMRs  ~     0.93   -0.11   -0.97    0.14 [nT, 12/18/00/06]
   DPSDst  ~   -4.610 [nT]
   Spent    45.9% of time waiting for Gamera
            11.3% of time processing Chimp(Helpers)
             9.2% of time processing IMAG
            12.3% of time processing Remix
            21.0% of time processing Tubes(Helpers)
             0.0% of time writing files
    Running @   80.976% of real-time (8 threads)
[0m  [35m
 RAIJU
      UT   = 2001-06-01 23:25:50
      Time =    25.833 [min]
     dtCpl =  5.00E+00 [sec]
     Max/Min dt @ k:
        Max 3.24E+01 [sec] @ 58
        Min 1.38E-01 [sec] @ 160
     Flav : max Press/Den @ L,MLT; DPS-dst
        0: P =   0.00, D =9075.91 @  1.54 Rp,12.07 MLT; DPS:   0.00
        1: P =   0.10, D =   0.25 @  6.79 Rp,20.25 MLT; DPS:  -0.46
        2: P =   3.08, D =   0.28 @  3.95 Rp,20.34 MLT; DPS:  -5.05
[0m [32m<Writing HDF5 DATA @ t =    25.751 [min] >[0m 
[32m<Writing RAIJU HDF5 DATA @ t =    25.833 [min] >[0m 
 [36m
 GAMERA
      Time =    25.834 [min]
        ts =    20879
        dt =  8.44E-02 [sec]
    dt/dt0 =   70.882%
    Spent     0.0% of time waiting for Voltron
      kZCs =   3583.01 /   1471.17 [MHD/TOT] (8 threads)
[0m       CPCP =   72.784  68.988 [kV, N/S]
 [34m
 VOLTRON
      UT   = 2001-06-01 23:25:50
      tilt =    0.000 [deg]
    Sym-H  =   -5.000 [nT]
    BSDst  ~   16.965 [nT]
           dSMRs  ~     0.94   -0.11   -0.97    0.14 [nT, 12/18/00/06]
   DPSDst  ~   -4.609 [nT]
   Spent    45.9% of time waiting for Gamera
            11.3% of time processing Chimp(Helpers)
             9.2% of time processing IMAG
            12.3% of time processing Remix
            21.0% of time processing Tubes(Helpers)
             0.0% of time writing files
    Running @   81.033% of real-time (8 threads)
[0m  [35m
 RAIJU
      UT   = 2001-06-01 23:25:55
      Time =    25.917 [min]
     dtCpl =  5.00E+00 [sec]
     Max/Min dt @ k:
        Max 3.23E+01 [sec] @ 58
        Min 1.38E-01 [sec] @ 160
     Flav : max Press/Den @ L,MLT; DPS-dst
        0: P =   0.00, D =9075.91 @  1.54 Rp,12.07 MLT; DPS:   0.00
        1: P =   0.10, D =   0.25 @  6.79 Rp,20.25 MLT; DPS:  -0.45
        2: P =   3.08, D =   0.28 @  3.94 Rp,20.20 MLT; DPS:  -5.05
[0m [32m<Writing HDF5 DATA @ t =    25.834 [min] >[0m 
[32m<Writing RAIJU HDF5 DATA @ t =    25.917 [min] >[0m 
 [36m
 GAMERA
      Time =    25.917 [min]
        ts =    20938
        dt =  8.44E-02 [sec]
    dt/dt0 =   70.857%
    Spent     0.0% of time waiting for Voltron
      kZCs =   3581.53 /   1469.23 [MHD/TOT] (8 threads)
[0m       CPCP =   72.813  68.980 [kV, N/S]
 [34m
 VOLTRON
      UT   = 2001-06-01 23:25:55
      tilt =    0.000 [deg]
    Sym-H  =   -5.000 [nT]
    BSDst  ~   16.949 [nT]
           dSMRs  ~     0.94   -0.11   -0.97    0.14 [nT, 12/18/00/06]
   DPSDst  ~   -4.606 [nT]
   Spent    45.9% of time waiting for Gamera
            11.3% of time processing Chimp(Helpers)
             9.2% of time processing IMAG
            12.3% of time processing Remix
            21.0% of time processing Tubes(Helpers)
             0.0% of time writing files
    Running @   81.084% of real-time (8 threads)
[0m  [35m
 RAIJU
      UT   = 2001-06-01 23:25:59
      Time =    26.000 [min]
     dtCpl =  5.00E+00 [sec]
     Max/Min dt @ k:
        Max 3.22E+01 [sec] @ 58
        Min 1.38E-01 [sec] @ 160
     Flav : max Press/Den @ L,MLT; DPS-dst
        0: P =   0.00, D =9075.91 @  1.54 Rp,12.07 MLT; DPS:   0.00
        1: P =   0.09, D =   0.25 @  6.79 Rp,20.25 MLT; DPS:  -0.45
        2: P =   3.08, D =   0.28 @  3.94 Rp,20.20 MLT; DPS:  -5.05
[0m [32m<Writing HDF5 DATA @ t =    25.917 [min] >[0m 
[32m<Writing RAIJU HDF5 DATA @ t =    26.000 [min] >[0m 
 [36m
 GAMERA
      Time =    26.001 [min]
        ts =    20998
        dt =  8.43E-02 [sec]
    dt/dt0 =   70.830%
    Spent     0.0% of time waiting for Voltron
      kZCs =   3580.77 /   1484.90 [MHD/TOT] (8 threads)
[0m       CPCP =   72.844  68.943 [kV, N/S]
 [34m
 VOLTRON
      UT   = 2001-06-01 23:26:00
      tilt =    0.000 [deg]
    Sym-H  =   -5.000 [nT]
    BSDst  ~   16.933 [nT]
           dSMRs  ~     0.95   -0.11   -0.97    0.13 [nT, 12/18/00/06]
   DPSDst  ~   -4.603 [nT]
   Spent    46.0% of time waiting for Gamera
            11.3% of time processing Chimp(Helpers)
             9.2% of time processing IMAG
            12.3% of time processing Remix
            21.0% of time processing Tubes(Helpers)
             0.0% of time writing files
    Running @   81.156% of real-time (8 threads)
[0m  [35m
 RAIJU
      UT   = 2001-06-01 23:26:05
      Time =    26.083 [min]
     dtCpl =  5.00E+00 [sec]
     Max/Min dt @ k:
        Max 3.22E+01 [sec] @ 58
        Min 1.38E-01 [sec] @ 160
     Flav : max Press/Den @ L,MLT; DPS-dst
        0: P =   0.00, D =9075.91 @  1.54 Rp,12.07 MLT; DPS:   0.00
        1: P =   0.09, D =   0.25 @  6.79 Rp,20.25 MLT; DPS:  -0.45
        2: P =   3.08, D =   0.28 @  3.94 Rp,20.20 MLT; DPS:  -5.05
[0m [32m<Writing HDF5 DATA @ t =    26.001 [min] >[0m 
[32m<Writing RAIJU HDF5 DATA @ t =    26.083 [min] >[0m 
 [36m
 GAMERA
      Time =    26.084 [min]
        ts =    21057
        dt =  8.43E-02 [sec]
    dt/dt0 =   70.807%
    Spent     0.0% of time waiting for Voltron
      kZCs =   3581.09 /   1471.52 [MHD/TOT] (8 threads)
[0m       CPCP =   72.879  68.876 [kV, N/S]
 [34m
 VOLTRON
      UT   = 2001-06-01 23:26:05
      tilt =    0.000 [deg]
    Sym-H  =   -5.000 [nT]
    BSDst  ~   16.916 [nT]
           dSMRs  ~     0.95   -0.11   -0.97    0.13 [nT, 12/18/00/06]
   DPSDst  ~   -4.601 [nT]
   Spent    46.0% of time waiting for Gamera
            11.3% of time processing Chimp(Helpers)
             9.2% of time processing IMAG
            12.3% of time processing Remix
            21.0% of time processing Tubes(Helpers)
             0.0% of time writing files
    Running @   81.204% of real-time (8 threads)
[0m  [35m
 RAIJU
      UT   = 2001-06-01 23:26:10
      Time =    26.167 [min]
     dtCpl =  5.00E+00 [sec]
     Max/Min dt @ k:
        Max 3.21E+01 [sec] @ 58
        Min 1.38E-01 [sec] @ 160
     Flav : max Press/Den @ L,MLT; DPS-dst
        0: P =   0.00, D =9075.91 @  1.54 Rp,12.07 MLT; DPS:   0.00
        1: P =   0.09, D =   0.25 @  6.79 Rp,20.25 MLT; DPS:  -0.45
        2: P =   3.08, D =   0.28 @  3.96 Rp,23.34 MLT; DPS:  -5.04
[0m [32m<Writing HDF5 DATA @ t =    26.084 [min] >[0m 
[32m<Writing RAIJU HDF5 DATA @ t =    26.167 [min] >[0m 
 [36m
 GAMERA
      Time =    26.167 [min]
        ts =    21116
        dt =  8.43E-02 [sec]
    dt/dt0 =   70.781%
    Spent     0.0% of time waiting for Voltron
      kZCs =   3581.39 /   1472.04 [MHD/TOT] (8 threads)
[0m       CPCP =   72.909  68.863 [kV, N/S]
 [34m
 VOLTRON
      UT   = 2001-06-01 23:26:10
      tilt =    0.000 [deg]
    Sym-H  =   -5.000 [nT]
    BSDst  ~   16.901 [nT]
           dSMRs  ~     0.95   -0.11   -0.97    0.13 [nT, 12/18/00/06]
   DPSDst  ~   -4.597 [nT]
   Spent    46.0% of time waiting for Gamera
            11.3% of time processing Chimp(Helpers)
             9.3% of time processing IMAG
            12.3% of time processing Remix
            21.0% of time processing Tubes(Helpers)
             0.0% of time writing files
    Running @   81.241% of real-time (8 threads)
[0m  [35m
 RAIJU
      UT   = 2001-06-01 23:26:15
      Time =    26.250 [min]
     dtCpl =  5.00E+00 [sec]
     Max/Min dt @ k:
        Max 3.20E+01 [sec] @ 58
        Min 1.38E-01 [sec] @ 160
     Flav : max Press/Den @ L,MLT; DPS-dst
        0: P =   0.00, D =9075.91 @  1.54 Rp,12.07 MLT; DPS:   0.00
        1: P =   0.09, D =   0.25 @  6.79 Rp,20.25 MLT; DPS:  -0.45
        2: P =   3.08, D =   0.28 @  3.96 Rp,23.34 MLT; DPS:  -5.04
[0m [32m<Writing HDF5 DATA @ t =    26.167 [min] >[0m 
[32m<Writing RAIJU HDF5 DATA @ t =    26.250 [min] >[0m 
 [36m
 GAMERA
      Time =    26.251 [min]
        ts =    21176
        dt =  8.42E-02 [sec]
    dt/dt0 =   70.751%
    Spent     0.0% of time waiting for Voltron
      kZCs =   3580.19 /   1485.45 [MHD/TOT] (8 threads)
[0m       CPCP =   72.934  68.871 [kV, N/S]
 [34m
 VOLTRON
      UT   = 2001-06-01 23:26:15
      tilt =    0.000 [deg]
    Sym-H  =   -5.000 [nT]
    BSDst  ~   16.888 [nT]
           dSMRs  ~     0.96   -0.11   -0.97    0.13 [nT, 12/18/00/06]
   DPSDst  ~   -4.594 [nT]
   Spent    46.0% of time waiting for Gamera
            11.2% of time processing Chimp(Helpers)
             9.2% of time processing IMAG
            12.3% of time processing Remix
            21.0% of time processing Tubes(Helpers)
             0.0% of time writing files
    Running @   81.213% of real-time (8 threads)
[0m  [35m
 RAIJU
      UT   = 2001-06-01 23:26:20
      Time =    26.333 [min]
     dtCpl =  5.00E+00 [sec]
     Max/Min dt @ k:
        Max 3.19E+01 [sec] @ 58
        Min 1.38E-01 [sec] @ 160
     Flav : max Press/Den @ L,MLT; DPS-dst
        0: P =   0.00, D =9075.91 @  1.54 Rp,12.07 MLT; DPS:   0.00
        1: P =   0.09, D =   0.25 @  6.79 Rp,20.25 MLT; DPS:  -0.45
        2: P =   3.08, D =   0.28 @  3.96 Rp,23.34 MLT; DPS:  -5.04
[0m [32m<Writing HDF5 DATA @ t =    26.251 [min] >[0m 
[32m<Writing RAIJU HDF5 DATA @ t =    26.333 [min] >[0m 
 [36m
 GAMERA
      Time =    26.334 [min]
        ts =    21235
        dt =  8.42E-02 [sec]
    dt/dt0 =   70.721%
    Spent     0.0% of time waiting for Voltron
      kZCs =   3580.80 /   1472.71 [MHD/TOT] (8 threads)
[0m       CPCP =   72.963  68.924 [kV, N/S]
 [34m
 VOLTRON
      UT   = 2001-06-01 23:26:20
      tilt =    0.000 [deg]
    Sym-H  =   -5.000 [nT]
    BSDst  ~   16.877 [nT]
           dSMRs  ~     0.96   -0.11   -0.98    0.12 [nT, 12/18/00/06]
   DPSDst  ~   -4.593 [nT]
   Spent    46.0% of time waiting for Gamera
            11.3% of time processing Chimp(Helpers)
             9.2% of time processing IMAG
            12.3% of time processing Remix
            21.0% of time processing Tubes(Helpers)
             0.0% of time writing files
    Running @   81.260% of real-time (8 threads)
[0m  [35m
 RAIJU
      UT   = 2001-06-01 23:26:25
      Time =    26.417 [min]
     dtCpl =  5.00E+00 [sec]
     Max/Min dt @ k:
        Max 3.19E+01 [sec] @ 58
        Min 1.38E-01 [sec] @ 160
     Flav : max Press/Den @ L,MLT; DPS-dst
        0: P =   0.00, D =9075.91 @  1.54 Rp,12.07 MLT; DPS:   0.00
        1: P =   0.09, D =   0.25 @  6.79 Rp,20.25 MLT; DPS:  -0.45
        2: P =   3.08, D =   0.28 @  3.96 Rp,23.34 MLT; DPS:  -5.04
[0m [32m<Writing HDF5 DATA @ t =    26.334 [min] >[0m 
[32m<Writing RAIJU HDF5 DATA @ t =    26.417 [min] >[0m 
 [36m
 GAMERA
      Time =    26.417 [min]
        ts =    21294
        dt =  8.42E-02 [sec]
    dt/dt0 =   70.691%
    Spent     0.0% of time waiting for Voltron
      kZCs =   3580.06 /   1472.89 [MHD/TOT] (8 threads)
[0m       CPCP =   72.981  68.986 [kV, N/S]
 [34m
 VOLTRON
      UT   = 2001-06-01 23:26:25
      tilt =    0.000 [deg]
    Sym-H  =   -5.000 [nT]
    BSDst  ~   16.866 [nT]
           dSMRs  ~     0.97   -0.11   -0.98    0.12 [nT, 12/18/00/06]
   DPSDst  ~   -4.601 [nT]
   Spent    46.0% of time waiting for Gamera
            11.3% of time processing Chimp(Helpers)
             9.3% of time processing IMAG
            12.2% of time processing Remix
            21.0% of time processing Tubes(Helpers)
             0.0% of time writing files
    Running @   81.283% of real-time (8 threads)
[0m  [35m
 RAIJU
      UT   = 2001-06-01 23:26:30
      Time =    26.500 [min]
     dtCpl =  5.00E+00 [sec]
     Max/Min dt @ k:
        Max 3.18E+01 [sec] @ 58
        Min 1.38E-01 [sec] @ 160
     Flav : max Press/Den @ L,MLT; DPS-dst
        0: P =   0.00, D =9075.91 @  1.54 Rp,12.07 MLT; DPS:   0.00
        1: P =   0.09, D =   0.25 @  6.79 Rp,20.25 MLT; DPS:  -0.45
        2: P =   3.08, D =   0.28 @  3.96 Rp,23.34 MLT; DPS:  -5.05
[0m [32m<Writing HDF5 DATA @ t =    26.417 [min] >[0m 
[32m<Writing RAIJU HDF5 DATA @ t =    26.500 [min] >[0m 
 [36m
 GAMERA
      Time =    26.501 [min]
        ts =    21354
        dt =  8.41E-02 [sec]
    dt/dt0 =   70.663%
    Spent     0.0% of time waiting for Voltron
      kZCs =   3579.32 /   1486.88 [MHD/TOT] (8 threads)
[0m       CPCP =   72.986  69.048 [kV, N/S]
 [34m
 VOLTRON
      UT   = 2001-06-01 23:26:30
      tilt =    0.000 [deg]
    Sym-H  =   -5.000 [nT]
    BSDst  ~   16.853 [nT]
           dSMRs  ~     0.97   -0.11   -0.98    0.12 [nT, 12/18/00/06]
   DPSDst  ~   -4.596 [nT]
   Spent    46.1% of time waiting for Gamera
            11.2% of time processing Chimp(Helpers)
             9.2% of time processing IMAG
            12.2% of time processing Remix
            21.0% of time processing Tubes(Helpers)
             0.0% of time writing files
    Running @   81.328% of real-time (8 threads)
[0m  [35m
 RAIJU
      UT   = 2001-06-01 23:26:35
      Time =    26.583 [min]
     dtCpl =  5.00E+00 [sec]
     Max/Min dt @ k:
        Max 3.17E+01 [sec] @ 58
        Min 1.38E-01 [sec] @ 160
     Flav : max Press/Den @ L,MLT; DPS-dst
        0: P =   0.00, D =9075.91 @  1.54 Rp,12.07 MLT; DPS:   0.00
        1: P =   0.09, D =   0.25 @  6.79 Rp,20.25 MLT; DPS:  -0.45
        2: P =   3.08, D =   0.28 @  3.96 Rp,23.60 MLT; DPS:  -5.04
[0m [32m<Writing HDF5 DATA @ t =    26.501 [min] >[0m 
[32m<Writing RAIJU HDF5 DATA @ t =    26.583 [min] >[0m 
 [36m
 GAMERA
      Time =    26.584 [min]
        ts =    21413
        dt =  8.41E-02 [sec]
    dt/dt0 =   70.636%
    Spent     0.0% of time waiting for Voltron
      kZCs =   3582.12 /   1473.99 [MHD/TOT] (8 threads)
[0m       CPCP =   72.979  69.096 [kV, N/S]
 [34m
 VOLTRON
      UT   = 2001-06-01 23:26:35
      tilt =    0.000 [deg]
    Sym-H  =   -5.000 [nT]
    BSDst  ~   16.840 [nT]
           dSMRs  ~     0.97   -0.11   -0.98    0.12 [nT, 12/18/00/06]
   DPSDst  ~   -4.592 [nT]
   Spent    46.1% of time waiting for Gamera
            11.2% of time processing Chimp(Helpers)
             9.3% of time processing IMAG
            12.2% of time processing Remix
            21.0% of time processing Tubes(Helpers)
             0.0% of time writing files
    Running @   81.348% of real-time (8 threads)
[0m  [35m
 RAIJU
      UT   = 2001-06-01 23:26:40
      Time =    26.667 [min]
     dtCpl =  5.00E+00 [sec]
     Max/Min dt @ k:
        Max 3.17E+01 [sec] @ 58
        Min 1.38E-01 [sec] @ 160
     Flav : max Press/Den @ L,MLT; DPS-dst
        0: P =   0.00, D =9075.91 @  1.54 Rp,12.07 MLT; DPS:   0.00
        1: P =   0.09, D =   0.25 @  6.79 Rp,20.25 MLT; DPS:  -0.44
        2: P =   3.08, D =   0.28 @  3.96 Rp,23.60 MLT; DPS:  -5.04
[0m [32m<Writing HDF5 DATA @ t =    26.584 [min] >[0m 
[32m<Writing RAIJU HDF5 DATA @ t =    26.667 [min] >[0m 
 [36m
 GAMERA
      Time =    26.668 [min]
        ts =    21473
        dt =  8.41E-02 [sec]
    dt/dt0 =   70.608%
    Spent     0.0% of time waiting for Voltron
      kZCs =   3579.46 /   1485.23 [MHD/TOT] (8 threads)
[0m       CPCP =   72.968  69.142 [kV, N/S]
 [34m
 VOLTRON
      UT   = 2001-06-01 23:26:40
      tilt =    0.000 [deg]
    Sym-H  =   -5.000 [nT]
    BSDst  ~   16.828 [nT]
           dSMRs  ~     0.97   -0.11   -0.97    0.12 [nT, 12/18/00/06]
   DPSDst  ~   -4.590 [nT]
   Spent    46.1% of time waiting for Gamera
            11.2% of time processing Chimp(Helpers)
             9.2% of time processing IMAG
            12.2% of time processing Remix
            21.0% of time processing Tubes(Helpers)
             0.0% of time writing files
    Running @   81.400% of real-time (8 threads)
[0m  [35m
 RAIJU
      UT   = 2001-06-01 23:26:45
      Time =    26.750 [min]
     dtCpl =  5.00E+00 [sec]
     Max/Min dt @ k:
        Max 3.16E+01 [sec] @ 58
        Min 1.38E-01 [sec] @ 160
     Flav : max Press/Den @ L,MLT; DPS-dst
        0: P =   0.00, D =9075.91 @  1.54 Rp,12.07 MLT; DPS:   0.00
        1: P =   0.09, D =   0.25 @  6.79 Rp,20.25 MLT; DPS:  -0.44
        2: P =   3.08, D =   0.28 @  3.96 Rp,23.60 MLT; DPS:  -5.04
[0m [32m<Writing HDF5 DATA @ t =    26.668 [min] >[0m 
[32m<Writing RAIJU HDF5 DATA @ t =    26.750 [min] >[0m 
 [36m
 GAMERA
      Time =    26.751 [min]
        ts =    21532
        dt =  8.40E-02 [sec]
    dt/dt0 =   70.579%
    Spent     0.0% of time waiting for Voltron
      kZCs =   3581.53 /   1474.49 [MHD/TOT] (8 threads)
[0m       CPCP =   72.966  69.179 [kV, N/S]
 [34m
 VOLTRON
      UT   = 2001-06-01 23:26:45
      tilt =    0.000 [deg]
    Sym-H  =   -5.000 [nT]
    BSDst  ~   16.816 [nT]
           dSMRs  ~     0.97   -0.11   -0.98    0.12 [nT, 12/18/00/06]
   DPSDst  ~   -4.588 [nT]
   Spent    46.1% of time waiting for Gamera
            11.2% of time processing Chimp(Helpers)
             9.2% of time processing IMAG
            12.2% of time processing Remix
            21.0% of time processing Tubes(Helpers)
             0.0% of time writing files
    Running @   81.430% of real-time (8 threads)
[0m  [35m
 RAIJU
      UT   = 2001-06-01 23:26:50
      Time =    26.833 [min]
     dtCpl =  5.00E+00 [sec]
     Max/Min dt @ k:
        Max 3.16E+01 [sec] @ 58
        Min 1.38E-01 [sec] @ 160
     Flav : max Press/Den @ L,MLT; DPS-dst
        0: P =   0.00, D =9075.91 @  1.54 Rp,12.07 MLT; DPS:   0.00
        1: P =   0.09, D =   0.25 @  6.80 Rp,20.25 MLT; DPS:  -0.44
        2: P =   3.08, D =   0.28 @  3.96 Rp,23.60 MLT; DPS:  -5.03
[0m [32m<Writing HDF5 DATA @ t =    26.751 [min] >[0m 
[32m<Writing RAIJU HDF5 DATA @ t =    26.833 [min] >[0m 
 [36m
 GAMERA
      Time =    26.835 [min]
        ts =    21592
        dt =  8.40E-02 [sec]
    dt/dt0 =   70.548%
    Spent     0.0% of time waiting for Voltron
      kZCs =   3580.77 /   1487.43 [MHD/TOT] (8 threads)
[0m       CPCP =   72.958  69.201 [kV, N/S]
 [34m
 VOLTRON
      UT   = 2001-06-01 23:26:50
      tilt =    0.000 [deg]
    Sym-H  =   -5.000 [nT]
    BSDst  ~   16.806 [nT]
           dSMRs  ~     0.97   -0.11   -0.98    0.11 [nT, 12/18/00/06]
   DPSDst  ~   -4.585 [nT]
   Spent    46.1% of time waiting for Gamera
            11.2% of time processing Chimp(Helpers)
             9.2% of time processing IMAG
            12.2% of time processing Remix
            21.0% of time processing Tubes(Helpers)
             0.0% of time writing files
    Running @   81.488% of real-time (8 threads)
[0m  [35m
 RAIJU
      UT   = 2001-06-01 23:26:55
      Time =    26.917 [min]
     dtCpl =  5.00E+00 [sec]
     Max/Min dt @ k:
        Max 3.15E+01 [sec] @ 58
        Min 1.38E-01 [sec] @ 160
     Flav : max Press/Den @ L,MLT; DPS-dst
        0: P =   0.00, D =9075.91 @  1.54 Rp,12.07 MLT; DPS:   0.00
        1: P =   0.09, D =   0.25 @  6.80 Rp,20.25 MLT; DPS:  -0.44
        2: P =   3.08, D =   0.28 @  3.96 Rp,23.60 MLT; DPS:  -5.03
[0m [32m<Writing HDF5 DATA @ t =    26.835 [min] >[0m 
[32m<Writing RAIJU HDF5 DATA @ t =    26.917 [min] >[0m 
 [36m
 GAMERA
      Time =    26.917 [min]
        ts =    21651
        dt =  8.40E-02 [sec]
    dt/dt0 =   70.519%
    Spent     0.0% of time waiting for Voltron
      kZCs =   3581.53 /   1475.01 [MHD/TOT] (8 threads)
[0m       CPCP =   72.954  69.216 [kV, N/S]
 [34m
 VOLTRON
      UT   = 2001-06-01 23:26:55
      tilt =    0.000 [deg]
    Sym-H  =   -5.000 [nT]
    BSDst  ~   16.797 [nT]
           dSMRs  ~     0.98   -0.11   -0.98    0.11 [nT, 12/18/00/06]
   DPSDst  ~   -4.584 [nT]
   Spent    46.1% of time waiting for Gamera
            11.2% of time processing Chimp(Helpers)
             9.2% of time processing IMAG
            12.2% of time processing Remix
            21.0% of time processing Tubes(Helpers)
             0.0% of time writing files
    Running @   81.521% of real-time (8 threads)
[0m  [35m
 RAIJU
      UT   = 2001-06-01 23:26:59
      Time =    27.000 [min]
     dtCpl =  5.00E+00 [sec]
     Max/Min dt @ k:
        Max 3.15E+01 [sec] @ 58
        Min 1.38E-01 [sec] @ 160
     Flav : max Press/Den @ L,MLT; DPS-dst
        0: P =   0.00, D =9075.91 @  1.54 Rp,12.07 MLT; DPS:   0.00
        1: P =   0.09, D =   0.25 @  6.80 Rp,20.25 MLT; DPS:  -0.44
        2: P =   3.08, D =   0.28 @  3.96 Rp,23.60 MLT; DPS:  -5.03
[0m [32m<Writing HDF5 DATA @ t =    26.917 [min] >[0m 
[32m<Writing RAIJU HDF5 DATA @ t =    27.000 [min] >[0m 
 [36m
 GAMERA
      Time =    27.001 [min]
        ts =    21711
        dt =  8.39E-02 [sec]
    dt/dt0 =   70.491%
    Spent     0.0% of time waiting for Voltron
      kZCs =   3582.22 /   1487.55 [MHD/TOT] (8 threads)
[0m       CPCP =   72.942  69.234 [kV, N/S]
 [34m
 VOLTRON
      UT   = 2001-06-01 23:27:00
      tilt =    0.000 [deg]
    Sym-H  =   -5.000 [nT]
    BSDst  ~   16.786 [nT]
           dSMRs  ~     0.98   -0.11   -0.98    0.11 [nT, 12/18/00/06]
   DPSDst  ~   -4.582 [nT]
   Spent    46.2% of time waiting for Gamera
            11.2% of time processing Chimp(Helpers)
             9.2% of time processing IMAG
            12.2% of time processing Remix
            21.0% of time processing Tubes(Helpers)
             0.0% of time writing files
    Running @   81.566% of real-time (8 threads)
[0m  [35m
 RAIJU
      UT   = 2001-06-01 23:27:05
      Time =    27.083 [min]
     dtCpl =  5.00E+00 [sec]
     Max/Min dt @ k:
        Max 3.14E+01 [sec] @ 58
        Min 1.38E-01 [sec] @ 160
     Flav : max Press/Den @ L,MLT; DPS-dst
        0: P =   0.00, D =9075.91 @  1.54 Rp,12.07 MLT; DPS:   0.00
        1: P =   0.09, D =   0.26 @  6.80 Rp,20.25 MLT; DPS:  -0.44
        2: P =   3.08, D =   0.28 @  3.96 Rp,23.60 MLT; DPS:  -5.03
[0m [32m<Writing HDF5 DATA @ t =    27.001 [min] >[0m 
[32m<Writing RAIJU HDF5 DATA @ t =    27.083 [min] >[0m 
 [36m
 GAMERA
      Time =    27.084 [min]
        ts =    21770
        dt =  8.39E-02 [sec]
    dt/dt0 =   70.463%
    Spent     0.0% of time waiting for Voltron
      kZCs =   3581.39 /   1474.71 [MHD/TOT] (8 threads)
[0m       CPCP =   72.923  69.230 [kV, N/S]
 [34m
 VOLTRON
      UT   = 2001-06-01 23:27:05
      tilt =    0.000 [deg]
    Sym-H  =   -5.000 [nT]
    BSDst  ~   16.772 [nT]
           dSMRs  ~     0.99   -0.11   -0.99    0.10 [nT, 12/18/00/06]
   DPSDst  ~   -4.581 [nT]
   Spent    46.2% of time waiting for Gamera
            11.2% of time processing Chimp(Helpers)
             9.3% of time processing IMAG
            12.2% of time processing Remix
            21.0% of time processing Tubes(Helpers)
             0.0% of time writing files
    Running @   81.582% of real-time (8 threads)
[0m  [35m
 RAIJU
      UT   = 2001-06-01 23:27:10
      Time =    27.167 [min]
     dtCpl =  5.00E+00 [sec]
     Max/Min dt @ k:
        Max 3.14E+01 [sec] @ 58
        Min 1.38E-01 [sec] @ 160
     Flav : max Press/Den @ L,MLT; DPS-dst
        0: P =   0.00, D =9075.91 @  1.54 Rp,12.07 MLT; DPS:   0.00
        1: P =   0.09, D =   0.26 @  6.80 Rp,20.25 MLT; DPS:  -0.44
        2: P =   3.08, D =   0.28 @  3.96 Rp,23.60 MLT; DPS:  -5.03
[0m [32m<Writing HDF5 DATA @ t =    27.084 [min] >[0m 
[32m<Writing RAIJU HDF5 DATA @ t =    27.167 [min] >[0m 
 [36m
 GAMERA
      Time =    27.167 [min]
        ts =    21830
        dt =  8.39E-02 [sec]
    dt/dt0 =   70.434%
    Spent     0.0% of time waiting for Voltron
      kZCs =   3581.64 /   1486.20 [MHD/TOT] (8 threads)
[0m       CPCP =   72.911  69.205 [kV, N/S]
 [34m
 VOLTRON
      UT   = 2001-06-01 23:27:10
      tilt =    0.000 [deg]
    Sym-H  =   -5.000 [nT]
    BSDst  ~   16.757 [nT]
           dSMRs  ~     0.99   -0.11   -0.99    0.10 [nT, 12/18/00/06]
   DPSDst  ~   -4.578 [nT]
   Spent    46.2% of time waiting for Gamera
            11.2% of time processing Chimp(Helpers)
             9.3% of time processing IMAG
            12.2% of time processing Remix
            20.9% of time processing Tubes(Helpers)
             0.0% of time writing files
    Running @   81.549% of real-time (8 threads)
[0m  [35m
 RAIJU
      UT   = 2001-06-01 23:27:15
      Time =    27.250 [min]
     dtCpl =  5.00E+00 [sec]
     Max/Min dt @ k:
        Max 3.13E+01 [sec] @ 58
        Min 1.38E-01 [sec] @ 160
     Flav : max Press/Den @ L,MLT; DPS-dst
        0: P =   0.00, D =9075.91 @  1.54 Rp,12.07 MLT; DPS:   0.00
        1: P =   0.09, D =   0.26 @  6.80 Rp,20.25 MLT; DPS:  -0.44
        2: P =   3.08, D =   0.28 @  3.96 Rp,23.60 MLT; DPS:  -5.03
[0m [32m<Writing HDF5 DATA @ t =    27.167 [min] >[0m 
[32m<Writing RAIJU HDF5 DATA @ t =    27.250 [min] >[0m 
 [36m
 GAMERA
      Time =    27.251 [min]
        ts =    21890
        dt =  8.38E-02 [sec]
    dt/dt0 =   70.404%
    Spent     0.0% of time waiting for Voltron
      kZCs =   3581.64 /   1488.93 [MHD/TOT] (8 threads)
[0m       CPCP =   72.887  69.176 [kV, N/S]
 [34m
 VOLTRON
      UT   = 2001-06-01 23:27:15
      tilt =    0.000 [deg]
    Sym-H  =   -5.000 [nT]
    BSDst  ~   16.742 [nT]
           dSMRs  ~     1.00   -0.11   -0.99    0.10 [nT, 12/18/00/06]
   DPSDst  ~   -4.572 [nT]
   Spent    46.2% of time waiting for Gamera
            11.2% of time processing Chimp(Helpers)
             9.2% of time processing IMAG
            12.1% of time processing Remix
            20.9% of time processing Tubes(Helpers)
             0.0% of time writing files
    Running @   81.597% of real-time (8 threads)
[0m  [35m
 RAIJU
      UT   = 2001-06-01 23:27:20
      Time =    27.333 [min]
     dtCpl =  5.00E+00 [sec]
     Max/Min dt @ k:
        Max 3.12E+01 [sec] @ 58
        Min 1.38E-01 [sec] @ 160
     Flav : max Press/Den @ L,MLT; DPS-dst
        0: P =   0.00, D =9075.91 @  1.54 Rp,12.07 MLT; DPS:   0.00
        1: P =   0.09, D =   0.26 @  6.80 Rp,20.25 MLT; DPS:  -0.43
        2: P =   3.08, D =   0.28 @  3.96 Rp,23.60 MLT; DPS:  -5.03
[0m [32m<Writing HDF5 DATA @ t =    27.251 [min] >[0m 
[32m<Writing RAIJU HDF5 DATA @ t =    27.333 [min] >[0m 
 [36m
 GAMERA
      Time =    27.334 [min]
        ts =    21949
        dt =  8.38E-02 [sec]
    dt/dt0 =   70.372%
    Spent     0.0% of time waiting for Voltron
      kZCs =   3580.50 /   1475.39 [MHD/TOT] (8 threads)
[0m       CPCP =   72.849  69.182 [kV, N/S]
 [34m
 VOLTRON
      UT   = 2001-06-01 23:27:20
      tilt =    0.000 [deg]
    Sym-H  =   -5.000 [nT]
    BSDst  ~   16.728 [nT]
           dSMRs  ~     1.00   -0.11   -0.99    0.10 [nT, 12/18/00/06]
   DPSDst  ~   -4.570 [nT]
   Spent    46.2% of time waiting for Gamera
            11.2% of time processing Chimp(Helpers)
             9.2% of time processing IMAG
            12.1% of time processing Remix
            20.9% of time processing Tubes(Helpers)
             0.0% of time writing files
    Running @   81.458% of real-time (8 threads)
[0m  [35m
 RAIJU
      UT   = 2001-06-01 23:27:25
      Time =    27.417 [min]
     dtCpl =  5.00E+00 [sec]
     Max/Min dt @ k:
        Max 3.12E+01 [sec] @ 58
        Min 1.38E-01 [sec] @ 160
     Flav : max Press/Den @ L,MLT; DPS-dst
        0: P =   0.00, D =9075.91 @  1.54 Rp,12.07 MLT; DPS:   0.00
        1: P =   0.09, D =   0.26 @  6.80 Rp,20.25 MLT; DPS:  -0.43
        2: P =   3.08, D =   0.28 @  3.96 Rp,23.60 MLT; DPS:  -5.02
[0m [32m<Writing HDF5 DATA @ t =    27.334 [min] >[0m 
[32m<Writing RAIJU HDF5 DATA @ t =    27.417 [min] >[0m 
 [36m
 GAMERA
      Time =    27.417 [min]
        ts =    22009
        dt =  8.37E-02 [sec]
    dt/dt0 =   70.341%
    Spent     0.0% of time waiting for Voltron
      kZCs =   3580.48 /   1487.93 [MHD/TOT] (8 threads)
[0m       CPCP =   72.787  69.172 [kV, N/S]
 [34m
 VOLTRON
      UT   = 2001-06-01 23:27:25
      tilt =    0.000 [deg]
    Sym-H  =   -5.000 [nT]
    BSDst  ~   16.714 [nT]
           dSMRs  ~     1.00   -0.10   -0.99    0.10 [nT, 12/18/00/06]
   DPSDst  ~   -4.567 [nT]
   Spent    46.2% of time waiting for Gamera
            11.2% of time processing Chimp(Helpers)
             9.2% of time processing IMAG
            12.1% of time processing Remix
            20.9% of time processing Tubes(Helpers)
             0.0% of time writing files
    Running @   81.485% of real-time (8 threads)
[0m  [35m
 RAIJU
      UT   = 2001-06-01 23:27:30
      Time =    27.500 [min]
     dtCpl =  5.00E+00 [sec]
     Max/Min dt @ k:
        Max 3.12E+01 [sec] @ 58
        Min 1.38E-01 [sec] @ 160
     Flav : max Press/Den @ L,MLT; DPS-dst
        0: P =   0.00, D =9075.91 @  1.54 Rp,12.07 MLT; DPS:   0.00
        1: P =   0.09, D =   0.26 @  6.80 Rp,20.25 MLT; DPS:  -0.43
        2: P =   3.08, D =   0.28 @  3.96 Rp,23.60 MLT; DPS:  -5.02
[0m [32m<Writing HDF5 DATA @ t =    27.417 [min] >[0m 
[32m<Writing RAIJU HDF5 DATA @ t =    27.500 [min] >[0m 
 [36m
 GAMERA
      Time =    27.501 [min]
        ts =    22069
        dt =  8.37E-02 [sec]
    dt/dt0 =   70.307%
    Spent     0.0% of time waiting for Voltron
      kZCs =   3580.62 /   1492.72 [MHD/TOT] (8 threads)
[0m       CPCP =   72.712  69.109 [kV, N/S]
 [34m
 VOLTRON
      UT   = 2001-06-01 23:27:30
      tilt =    0.000 [deg]
    Sym-H  =   -5.000 [nT]
    BSDst  ~   16.701 [nT]
           dSMRs  ~     1.00   -0.10   -0.99    0.09 [nT, 12/18/00/06]
   DPSDst  ~   -4.564 [nT]
   Spent    46.3% of time waiting for Gamera
            11.2% of time processing Chimp(Helpers)
             9.2% of time processing IMAG
            12.1% of time processing Remix
            20.9% of time processing Tubes(Helpers)
             0.0% of time writing files
    Running @   81.512% of real-time (8 threads)
[0m  [35m
 RAIJU
      UT   = 2001-06-01 23:27:35
      Time =    27.583 [min]
     dtCpl =  5.00E+00 [sec]
     Max/Min dt @ k:
        Max 3.12E+01 [sec] @ 58
        Min 1.38E-01 [sec] @ 160
     Flav : max Press/Den @ L,MLT; DPS-dst
        0: P =   0.00, D =9075.91 @  1.54 Rp,12.07 MLT; DPS:   0.00
        1: P =   0.09, D =   0.26 @  6.80 Rp,20.25 MLT; DPS:  -0.43
        2: P =   3.08, D =   0.28 @  3.96 Rp,23.34 MLT; DPS:  -5.02
[0m [32m<Writing HDF5 DATA @ t =    27.501 [min] >[0m 
[32m<Writing RAIJU HDF5 DATA @ t =    27.583 [min] >[0m 
 [36m
 GAMERA
      Time =    27.584 [min]
        ts =    22128
        dt =  8.37E-02 [sec]
    dt/dt0 =   70.274%
    Spent     0.0% of time waiting for Voltron
      kZCs =   3581.24 /   1479.00 [MHD/TOT] (8 threads)
[0m       CPCP =   72.616  69.044 [kV, N/S]
 [34m
 VOLTRON
      UT   = 2001-06-01 23:27:35
      tilt =    0.000 [deg]
    Sym-H  =   -5.000 [nT]
    BSDst  ~   16.690 [nT]
           dSMRs  ~     1.01   -0.10   -1.00    0.09 [nT, 12/18/00/06]
   DPSDst  ~   -4.565 [nT]
   Spent    46.3% of time waiting for Gamera
            11.2% of time processing Chimp(Helpers)
             9.3% of time processing IMAG
            12.1% of time processing Remix
            20.9% of time processing Tubes(Helpers)
             0.0% of time writing files
    Running @   81.544% of real-time (8 threads)
[0m  [35m
 RAIJU
      UT   = 2001-06-01 23:27:40
      Time =    27.667 [min]
     dtCpl =  5.00E+00 [sec]
     Max/Min dt @ k:
        Max 3.12E+01 [sec] @ 58
        Min 1.38E-01 [sec] @ 160
     Flav : max Press/Den @ L,MLT; DPS-dst
        0: P =   0.00, D =9075.91 @  1.54 Rp,12.07 MLT; DPS:   0.00
        1: P =   0.09, D =   0.26 @  6.80 Rp,20.25 MLT; DPS:  -0.43
        2: P =   3.08, D =   0.28 @  3.96 Rp,23.34 MLT; DPS:  -5.02
[0m [32m<Writing HDF5 DATA @ t =    27.584 [min] >[0m 
[32m<Writing RAIJU HDF5 DATA @ t =    27.667 [min] >[0m 
 [36m
 GAMERA
      Time =    27.667 [min]
        ts =    22188
        dt =  8.36E-02 [sec]
    dt/dt0 =   70.240%
    Spent     0.0% of time waiting for Voltron
      kZCs =   3579.90 /   1492.09 [MHD/TOT] (8 threads)
[0m       CPCP =   72.498  68.981 [kV, N/S]
 [34m
 VOLTRON
      UT   = 2001-06-01 23:27:40
      tilt =    0.000 [deg]
    Sym-H  =   -5.000 [nT]
    BSDst  ~   16.679 [nT]
           dSMRs  ~     1.02   -0.10   -1.00    0.09 [nT, 12/18/00/06]
   DPSDst  ~   -4.563 [nT]
   Spent    46.3% of time waiting for Gamera
            11.2% of time processing Chimp(Helpers)
             9.3% of time processing IMAG
            12.0% of time processing Remix
            20.9% of time processing Tubes(Helpers)
             0.0% of time writing files
    Running @   81.490% of real-time (8 threads)
[0m  [35m
 RAIJU
      UT   = 2001-06-01 23:27:45
      Time =    27.750 [min]
     dtCpl =  5.00E+00 [sec]
     Max/Min dt @ k:
        Max 3.13E+01 [sec] @ 58
        Min 1.38E-01 [sec] @ 160
     Flav : max Press/Den @ L,MLT; DPS-dst
        0: P =   0.00, D =9075.91 @  1.54 Rp,12.07 MLT; DPS:   0.00
        1: P =   0.09, D =   0.26 @  6.80 Rp,20.25 MLT; DPS:  -0.43
        2: P =   3.08, D =   0.28 @  3.96 Rp,23.34 MLT; DPS:  -5.02
[0m [32m<Writing HDF5 DATA @ t =    27.667 [min] >[0m 
[32m<Writing RAIJU HDF5 DATA @ t =    27.750 [min] >[0m 
 [36m
 GAMERA
      Time =    27.751 [min]
        ts =    22248
        dt =  8.36E-02 [sec]
    dt/dt0 =   70.204%
    Spent     0.0% of time waiting for Voltron
      kZCs =   3582.22 /   1488.63 [MHD/TOT] (8 threads)
[0m       CPCP =   72.347  68.920 [kV, N/S]
 [34m
 VOLTRON
      UT   = 2001-06-01 23:27:45
      tilt =    0.000 [deg]
    Sym-H  =   -5.000 [nT]
    BSDst  ~   16.667 [nT]
           dSMRs  ~     1.02   -0.10   -1.00    0.08 [nT, 12/18/00/06]
   DPSDst  ~   -4.561 [nT]
   Spent    46.3% of time waiting for Gamera
            11.2% of time processing Chimp(Helpers)
             9.2% of time processing IMAG
            12.1% of time processing Remix
            20.9% of time processing Tubes(Helpers)
             0.0% of time writing files
    Running @   81.522% of real-time (8 threads)
[0m  [35m
 RAIJU
      UT   = 2001-06-01 23:27:50
      Time =    27.833 [min]
     dtCpl =  5.00E+00 [sec]
     Max/Min dt @ k:
        Max 3.13E+01 [sec] @ 58
        Min 1.38E-01 [sec] @ 160
     Flav : max Press/Den @ L,MLT; DPS-dst
        0: P =   0.00, D =9075.91 @  1.54 Rp,12.07 MLT; DPS:   0.00
        1: P =   0.09, D =   0.26 @  6.80 Rp,20.25 MLT; DPS:  -0.43
        2: P =   3.08, D =   0.28 @  3.96 Rp,23.34 MLT; DPS:  -5.02
[0m [32m<Writing HDF5 DATA @ t =    27.751 [min] >[0m 
[32m<Writing RAIJU HDF5 DATA @ t =    27.833 [min] >[0m 
 [36m
 GAMERA
      Time =    27.834 [min]
        ts =    22308
        dt =  8.35E-02 [sec]
    dt/dt0 =   70.168%
    Spent     0.0% of time waiting for Voltron
      kZCs =   3581.49 /   1489.38 [MHD/TOT] (8 threads)
[0m       CPCP =   72.285  68.883 [kV, N/S]
 [34m
 VOLTRON
      UT   = 2001-06-01 23:27:50
      tilt =    0.000 [deg]
    Sym-H  =   -5.000 [nT]
    BSDst  ~   16.655 [nT]
           dSMRs  ~     1.03   -0.10   -1.01    0.08 [nT, 12/18/00/06]
   DPSDst  ~   -4.559 [nT]
   Spent    46.4% of time waiting for Gamera
            11.2% of time processing Chimp(Helpers)
             9.2% of time processing IMAG
            12.1% of time processing Remix
            20.9% of time processing Tubes(Helpers)
             0.0% of time writing files
    Running @   81.565% of real-time (8 threads)
[0m  [35m
 RAIJU
      UT   = 2001-06-01 23:27:55
      Time =    27.917 [min]
     dtCpl =  5.00E+00 [sec]
     Max/Min dt @ k:
        Max 3.14E+01 [sec] @ 58
        Min 1.38E-01 [sec] @ 160
     Flav : max Press/Den @ L,MLT; DPS-dst
        0: P =   0.00, D =9075.91 @  1.54 Rp,12.07 MLT; DPS:   0.00
        1: P =   0.09, D =   0.26 @  6.80 Rp,20.25 MLT; DPS:  -0.42
        2: P =   3.08, D =   0.28 @  3.96 Rp,23.34 MLT; DPS:  -5.01
[0m [32m<Writing HDF5 DATA @ t =    27.834 [min] >[0m 
[32m<Writing RAIJU HDF5 DATA @ t =    27.917 [min] >[0m 
 [36m
 GAMERA
      Time =    27.918 [min]
        ts =    22368
        dt =  8.35E-02 [sec]
    dt/dt0 =   70.133%
    Spent     0.0% of time waiting for Voltron
      kZCs =   3582.22 /   1488.25 [MHD/TOT] (8 threads)
[0m       CPCP =   72.286  68.865 [kV, N/S]
 [34m
 VOLTRON
      UT   = 2001-06-01 23:27:55
      tilt =    0.000 [deg]
    Sym-H  =   -5.000 [nT]
    BSDst  ~   16.640 [nT]
           dSMRs  ~     1.03   -0.10   -1.01    0.08 [nT, 12/18/00/06]
   DPSDst  ~   -4.555 [nT]
   Spent    46.4% of time waiting for Gamera
            11.2% of time processing Chimp(Helpers)
             9.2% of time processing IMAG
            12.1% of time processing Remix
            20.9% of time processing Tubes(Helpers)
             0.0% of time writing files
    Running @   81.589% of real-time (8 threads)
[0m  [35m
 RAIJU
      UT   = 2001-06-01 23:27:59
      Time =    28.000 [min]
     dtCpl =  5.00E+00 [sec]
     Max/Min dt @ k:
        Max 3.14E+01 [sec] @ 58
        Min 1.38E-01 [sec] @ 160
     Flav : max Press/Den @ L,MLT; DPS-dst
        0: P =   0.00, D =9075.91 @  1.54 Rp,12.07 MLT; DPS:   0.00
        1: P =   0.09, D =   0.26 @  6.81 Rp,20.25 MLT; DPS:  -0.42
        2: P =   3.08, D =   0.28 @  3.96 Rp,23.27 MLT; DPS:  -5.01
[0m [32m<Writing HDF5 DATA @ t =    27.918 [min] >[0m 
[32m<Writing RAIJU HDF5 DATA @ t =    28.000 [min] >[0m 
 [36m
 GAMERA
      Time =    28.001 [min]
        ts =    22428
        dt =  8.35E-02 [sec]
    dt/dt0 =   70.100%
    Spent     0.0% of time waiting for Voltron
      kZCs =   3581.49 /   1489.40 [MHD/TOT] (8 threads)
[0m       CPCP =   72.313  68.832 [kV, N/S]
 [34m
 VOLTRON
      UT   = 2001-06-01 23:28:00
      tilt =    0.000 [deg]
    Sym-H  =   -5.000 [nT]
    BSDst  ~   16.621 [nT]
           dSMRs  ~     1.04   -0.09   -1.02    0.07 [nT, 12/18/00/06]
   DPSDst  ~   -4.551 [nT]
   Spent    46.4% of time waiting for Gamera
            11.2% of time processing Chimp(Helpers)
             9.2% of time processing IMAG
            12.1% of time processing Remix
            20.9% of time processing Tubes(Helpers)
             0.0% of time writing files
    Running @   81.624% of real-time (8 threads)
[0m  [35m
 RAIJU
      UT   = 2001-06-01 23:28:05
      Time =    28.083 [min]
     dtCpl =  5.00E+00 [sec]
     Max/Min dt @ k:
        Max 3.14E+01 [sec] @ 58
        Min 1.38E-01 [sec] @ 160
     Flav : max Press/Den @ L,MLT; DPS-dst
        0: P =   0.00, D =9075.91 @  1.54 Rp,12.07 MLT; DPS:   0.00
        1: P =   0.09, D =   0.26 @  6.81 Rp,20.25 MLT; DPS:  -0.42
        2: P =   3.08, D =   0.28 @  3.96 Rp,23.27 MLT; DPS:  -5.01
[0m [32m<Writing HDF5 DATA @ t =    28.001 [min] >[0m 
[32m<Writing RAIJU HDF5 DATA @ t =    28.083 [min] >[0m 
 [36m
 GAMERA
      Time =    28.083 [min]
        ts =    22487
        dt =  8.34E-02 [sec]
    dt/dt0 =   70.068%
    Spent     0.0% of time waiting for Voltron
      kZCs =   3582.27 /   1476.06 [MHD/TOT] (8 threads)
[0m       CPCP =   72.360  68.801 [kV, N/S]
 [34m
 VOLTRON
      UT   = 2001-06-01 23:28:05
      tilt =    0.000 [deg]
    Sym-H  =   -5.000 [nT]
    BSDst  ~   16.602 [nT]
           dSMRs  ~     1.04   -0.09   -1.02    0.07 [nT, 12/18/00/06]
   DPSDst  ~   -4.549 [nT]
   Spent    46.3% of time waiting for Gamera
            11.2% of time processing Chimp(Helpers)
             9.3% of time processing IMAG
            12.1% of time processing Remix
            20.9% of time processing Tubes(Helpers)
             0.0% of time writing files
    Running @   81.619% of real-time (8 threads)
[0m  [35m
 RAIJU
      UT   = 2001-06-01 23:28:10
      Time =    28.167 [min]
     dtCpl =  5.00E+00 [sec]
     Max/Min dt @ k:
        Max 3.13E+01 [sec] @ 58
        Min 1.38E-01 [sec] @ 160
     Flav : max Press/Den @ L,MLT; DPS-dst
        0: P =   0.00, D =9075.91 @  1.54 Rp,12.07 MLT; DPS:   0.00
        1: P =   0.09, D =   0.26 @  6.81 Rp,20.25 MLT; DPS:  -0.42
        2: P =   3.08, D =   0.28 @  3.96 Rp,23.27 MLT; DPS:  -5.01
[0m [32m<Writing HDF5 DATA @ t =    28.083 [min] >[0m 
[32m<Writing RAIJU HDF5 DATA @ t =    28.167 [min] >[0m 
 [36m
 GAMERA
      Time =    28.167 [min]
        ts =    22547
        dt =  8.34E-02 [sec]
    dt/dt0 =   70.034%
    Spent     0.0% of time waiting for Voltron
      kZCs =   3580.48 /   1489.71 [MHD/TOT] (8 threads)
[0m       CPCP =   72.401  68.788 [kV, N/S]
 [34m
 VOLTRON
      UT   = 2001-06-01 23:28:10
      tilt =    0.000 [deg]
    Sym-H  =   -5.000 [nT]
    BSDst  ~   16.585 [nT]
           dSMRs  ~     1.05   -0.09   -1.02    0.07 [nT, 12/18/00/06]
   DPSDst  ~   -4.547 [nT]
   Spent    46.4% of time waiting for Gamera
            11.2% of time processing Chimp(Helpers)
             9.2% of time processing IMAG
            12.1% of time processing Remix
            20.9% of time processing Tubes(Helpers)
             0.0% of time writing files
    Running @   81.408% of real-time (8 threads)
[0m  [35m
 RAIJU
      UT   = 2001-06-01 23:28:15
      Time =    28.250 [min]
     dtCpl =  5.00E+00 [sec]
     Max/Min dt @ k:
        Max 3.13E+01 [sec] @ 58
        Min 1.38E-01 [sec] @ 160
     Flav : max Press/Den @ L,MLT; DPS-dst
        0: P =   0.00, D =9075.91 @  1.54 Rp,12.07 MLT; DPS:   0.00
        1: P =   0.09, D =   0.26 @  6.81 Rp,20.25 MLT; DPS:  -0.42
        2: P =   3.08, D =   0.28 @  3.96 Rp,23.27 MLT; DPS:  -5.00
[0m [32m<Writing HDF5 DATA @ t =    28.167 [min] >[0m 
[32m<Writing RAIJU HDF5 DATA @ t =    28.250 [min] >[0m 
 [36m
 GAMERA
      Time =    28.250 [min]
        ts =    22607
        dt =  8.33E-02 [sec]
    dt/dt0 =   70.000%
    Spent     0.0% of time waiting for Voltron
      kZCs =   3578.45 /   1486.05 [MHD/TOT] (8 threads)
[0m       CPCP =   72.436  68.770 [kV, N/S]
 [34m
 VOLTRON
      UT   = 2001-06-01 23:28:15
      tilt =    0.000 [deg]
    Sym-H  =   -5.000 [nT]
    BSDst  ~   16.572 [nT]
           dSMRs  ~     1.05   -0.09   -1.03    0.07 [nT, 12/18/00/06]
   DPSDst  ~   -4.541 [nT]
   Spent    46.4% of time waiting for Gamera
            11.2% of time processing Chimp(Helpers)
             9.2% of time processing IMAG
            12.1% of time processing Remix
            20.9% of time processing Tubes(Helpers)
             0.0% of time writing files
    Running @   81.427% of real-time (8 threads)
[0m  [35m
 RAIJU
      UT   = 2001-06-01 23:28:20
      Time =    28.333 [min]
     dtCpl =  5.00E+00 [sec]
     Max/Min dt @ k:
        Max 3.13E+01 [sec] @ 58
        Min 1.38E-01 [sec] @ 160
     Flav : max Press/Den @ L,MLT; DPS-dst
        0: P =   0.00, D =9075.91 @  1.54 Rp,12.07 MLT; DPS:   0.00
        1: P =   0.09, D =   0.27 @  6.81 Rp,20.25 MLT; DPS:  -0.42
        2: P =   3.08, D =   0.28 @  3.96 Rp,23.27 MLT; DPS:  -5.00
[0m [32m<Writing HDF5 DATA @ t =    28.250 [min] >[0m 
[32m<Writing RAIJU HDF5 DATA @ t =    28.333 [min] >[0m 
 [36m
 GAMERA
      Time =    28.333 [min]
        ts =    22667
        dt =  8.33E-02 [sec]
    dt/dt0 =   69.971%
    Spent     0.0% of time waiting for Voltron
      kZCs =   3580.77 /   1489.33 [MHD/TOT] (8 threads)
[0m       CPCP =   72.472  68.737 [kV, N/S]
 [34m
 VOLTRON
      UT   = 2001-06-01 23:28:20
      tilt =    0.000 [deg]
    Sym-H  =   -5.000 [nT]
    BSDst  ~   16.560 [nT]
           dSMRs  ~     1.06   -0.09   -1.03    0.07 [nT, 12/18/00/06]
   DPSDst  ~   -4.540 [nT]
   Spent    46.4% of time waiting for Gamera
            11.2% of time processing Chimp(Helpers)
             9.2% of time processing IMAG
            12.1% of time processing Remix
            20.8% of time processing Tubes(Helpers)
             0.0% of time writing files
    Running @   81.437% of real-time (8 threads)
[0m  [35m
 RAIJU
      UT   = 2001-06-01 23:28:25
      Time =    28.417 [min]
     dtCpl =  5.00E+00 [sec]
     Max/Min dt @ k:
        Max 3.13E+01 [sec] @ 58
        Min 1.38E-01 [sec] @ 160
     Flav : max Press/Den @ L,MLT; DPS-dst
        0: P =   0.00, D =9075.91 @  1.54 Rp,12.07 MLT; DPS:   0.00
        1: P =   0.09, D =   0.27 @  6.81 Rp,20.25 MLT; DPS:  -0.42
        2: P =   3.08, D =   0.28 @  3.96 Rp,23.27 MLT; DPS:  -5.00
[0m [32m<Writing HDF5 DATA @ t =    28.333 [min] >[0m 
[32m<Writing RAIJU HDF5 DATA @ t =    28.417 [min] >[0m 
 [36m
 GAMERA
      Time =    28.417 [min]
        ts =    22727
        dt =  8.33E-02 [sec]
    dt/dt0 =   69.941%
    Spent     0.0% of time waiting for Voltron
      kZCs =   3583.96 /   1490.16 [MHD/TOT] (8 threads)
[0m       CPCP =   72.506  68.687 [kV, N/S]
 [34m
 VOLTRON
      UT   = 2001-06-01 23:28:25
      tilt =    0.000 [deg]
    Sym-H  =   -5.000 [nT]
    BSDst  ~   16.548 [nT]
           dSMRs  ~     1.06   -0.09   -1.03    0.06 [nT, 12/18/00/06]
   DPSDst  ~   -4.540 [nT]
   Spent    46.4% of time waiting for Gamera
            11.2% of time processing Chimp(Helpers)
             9.2% of time processing IMAG
            12.1% of time processing Remix
            20.8% of time processing Tubes(Helpers)
             0.0% of time writing files
    Running @   81.472% of real-time (8 threads)
[0m  [35m
 RAIJU
      UT   = 2001-06-01 23:28:30
      Time =    28.500 [min]
     dtCpl =  5.00E+00 [sec]
     Max/Min dt @ k:
        Max 3.13E+01 [sec] @ 58
        Min 1.38E-01 [sec] @ 160
     Flav : max Press/Den @ L,MLT; DPS-dst
        0: P =   0.00, D =9075.91 @  1.54 Rp,12.07 MLT; DPS:   0.00
        1: P =   0.09, D =   0.27 @  6.81 Rp,20.24 MLT; DPS:  -0.42
        2: P =   3.08, D =   0.28 @  3.96 Rp,23.14 MLT; DPS:  -5.00
[0m [32m<Writing HDF5 DATA @ t =    28.417 [min] >[0m 
[32m<Writing RAIJU HDF5 DATA @ t =    28.500 [min] >[0m 
 [36m
 GAMERA
      Time =    28.500 [min]
        ts =    22787
        dt =  8.32E-02 [sec]
    dt/dt0 =   69.910%
    Spent     0.0% of time waiting for Voltron
      kZCs =   3583.09 /   1490.31 [MHD/TOT] (8 threads)
[0m       CPCP =   72.543  68.615 [kV, N/S]
 [34m
 VOLTRON
      UT   = 2001-06-01 23:28:30
      tilt =    0.000 [deg]
    Sym-H  =   -5.000 [nT]
    BSDst  ~   16.538 [nT]
           dSMRs  ~     1.06   -0.09   -1.04    0.06 [nT, 12/18/00/06]
   DPSDst  ~   -4.539 [nT]
   Spent    46.4% of time waiting for Gamera
            11.2% of time processing Chimp(Helpers)
             9.2% of time processing IMAG
            12.1% of time processing Remix
            20.8% of time processing Tubes(Helpers)
             0.0% of time writing files
    Running @   81.483% of real-time (8 threads)
[0m  [35m
 RAIJU
      UT   = 2001-06-01 23:28:35
      Time =    28.583 [min]
     dtCpl =  5.00E+00 [sec]
     Max/Min dt @ k:
        Max 3.13E+01 [sec] @ 58
        Min 1.38E-01 [sec] @ 160
     Flav : max Press/Den @ L,MLT; DPS-dst
        0: P =   0.00, D =9075.91 @  1.54 Rp,12.07 MLT; DPS:   0.00
        1: P =   0.09, D =   0.27 @  6.81 Rp,20.24 MLT; DPS:  -0.41
        2: P =   3.08, D =   0.28 @  3.96 Rp,23.14 MLT; DPS:  -5.00
[0m [32m<Writing HDF5 DATA @ t =    28.500 [min] >[0m 
[32m<Writing RAIJU HDF5 DATA @ t =    28.583 [min] >[0m 
 [36m
 GAMERA
      Time =    28.585 [min]
        ts =    22848
        dt =  8.32E-02 [sec]
    dt/dt0 =   69.877%
    Spent     0.0% of time waiting for Voltron
      kZCs =   3581.59 /   1499.26 [MHD/TOT] (8 threads)
[0m       CPCP =   72.579  68.527 [kV, N/S]
 [34m
 VOLTRON
      UT   = 2001-06-01 23:28:35
      tilt =    0.000 [deg]
    Sym-H  =   -5.000 [nT]
    BSDst  ~   16.527 [nT]
           dSMRs  ~     1.07   -0.09   -1.04    0.06 [nT, 12/18/00/06]
   DPSDst  ~   -4.536 [nT]
   Spent    46.5% of time waiting for Gamera
            11.2% of time processing Chimp(Helpers)
             9.2% of time processing IMAG
            12.1% of time processing Remix
            20.8% of time processing Tubes(Helpers)
             0.0% of time writing files
    Running @   81.306% of real-time (8 threads)
[0m  [35m
 RAIJU
      UT   = 2001-06-01 23:28:40
      Time =    28.667 [min]
     dtCpl =  5.00E+00 [sec]
     Max/Min dt @ k:
        Max 3.13E+01 [sec] @ 58
        Min 1.38E-01 [sec] @ 160
     Flav : max Press/Den @ L,MLT; DPS-dst
        0: P =   0.00, D =9075.91 @  1.54 Rp,12.07 MLT; DPS:   0.00
        1: P =   0.09, D =   0.27 @  6.81 Rp,20.24 MLT; DPS:  -0.41
        2: P =   3.08, D =   0.28 @  3.96 Rp,23.14 MLT; DPS:  -4.99
[0m [32m<Writing HDF5 DATA @ t =    28.585 [min] >[0m 
[32m<Writing RAIJU HDF5 DATA @ t =    28.667 [min] >[0m 
 [36m
 GAMERA
      Time =    28.668 [min]
        ts =    22908
        dt =  8.32E-02 [sec]
    dt/dt0 =   69.844%
    Spent     0.0% of time waiting for Voltron
      kZCs =   3581.06 /   1488.25 [MHD/TOT] (8 threads)
[0m       CPCP =   72.607  68.433 [kV, N/S]
 [34m
 VOLTRON
      UT   = 2001-06-01 23:28:40
      tilt =    0.000 [deg]
    Sym-H  =   -5.000 [nT]
    BSDst  ~   16.518 [nT]
           dSMRs  ~     1.07   -0.08   -1.04    0.06 [nT, 12/18/00/06]
   DPSDst  ~   -4.531 [nT]
   Spent    46.5% of time waiting for Gamera
            11.2% of time processing Chimp(Helpers)
             9.2% of time processing IMAG
            12.1% of time processing Remix
            20.8% of time processing Tubes(Helpers)
             0.0% of time writing files
    Running @   81.326% of real-time (8 threads)
[0m  [35m
 RAIJU
      UT   = 2001-06-01 23:28:45
      Time =    28.750 [min]
     dtCpl =  5.00E+00 [sec]
     Max/Min dt @ k:
        Max 3.13E+01 [sec] @ 58
        Min 1.38E-01 [sec] @ 160
     Flav : max Press/Den @ L,MLT; DPS-dst
        0: P =   0.00, D =9075.91 @  1.54 Rp,12.07 MLT; DPS:   0.00
        1: P =   0.09, D =   0.27 @  6.81 Rp,20.24 MLT; DPS:  -0.41
        2: P =   3.08, D =   0.28 @  3.96 Rp,23.14 MLT; DPS:  -4.99
[0m [32m<Writing HDF5 DATA @ t =    28.668 [min] >[0m 
[32m<Writing RAIJU HDF5 DATA @ t =    28.750 [min] >[0m 
 [36m
 GAMERA
      Time =    28.751 [min]
        ts =    22968
        dt =  8.31E-02 [sec]
    dt/dt0 =   69.812%
    Spent     0.0% of time waiting for Voltron
      kZCs =   3581.78 /   1488.63 [MHD/TOT] (8 threads)
[0m       CPCP =   72.622  68.342 [kV, N/S]
 [34m
 VOLTRON
      UT   = 2001-06-01 23:28:45
      tilt =    0.000 [deg]
    Sym-H  =   -5.000 [nT]
    BSDst  ~   16.510 [nT]
           dSMRs  ~     1.08   -0.08   -1.05    0.05 [nT, 12/18/00/06]
   DPSDst  ~   -4.525 [nT]
   Spent    46.5% of time waiting for Gamera
            11.2% of time processing Chimp(Helpers)
             9.2% of time processing IMAG
            12.1% of time processing Remix
            20.8% of time processing Tubes(Helpers)
             0.0% of time writing files
    Running @   81.361% of real-time (8 threads)
[0m  [35m
 RAIJU
      UT   = 2001-06-01 23:28:50
      Time =    28.833 [min]
     dtCpl =  5.00E+00 [sec]
     Max/Min dt @ k:
        Max 3.13E+01 [sec] @ 58
        Min 1.38E-01 [sec] @ 160
     Flav : max Press/Den @ L,MLT; DPS-dst
        0: P =   0.00, D =9075.91 @  1.54 Rp,12.07 MLT; DPS:   0.00
        1: P =   0.09, D =   0.27 @  6.81 Rp,20.24 MLT; DPS:  -0.41
        2: P =   3.08, D =   0.28 @  3.96 Rp,23.14 MLT; DPS:  -4.99
[0m [32m<Writing HDF5 DATA @ t =    28.751 [min] >[0m 
[32m<Writing RAIJU HDF5 DATA @ t =    28.833 [min] >[0m 
 [36m
 GAMERA
      Time =    28.834 [min]
        ts =    23028
        dt =  8.31E-02 [sec]
    dt/dt0 =   69.779%
    Spent     0.0% of time waiting for Voltron
      kZCs =   3582.36 /   1489.45 [MHD/TOT] (8 threads)
[0m       CPCP =   72.673  68.271 [kV, N/S]
 [34m
 VOLTRON
      UT   = 2001-06-01 23:28:50
      tilt =    0.000 [deg]
    Sym-H  =   -5.000 [nT]
    BSDst  ~   16.501 [nT]
           dSMRs  ~     1.08   -0.08   -1.05    0.05 [nT, 12/18/00/06]
   DPSDst  ~   -4.514 [nT]
   Spent    46.5% of time waiting for Gamera
            11.2% of time processing Chimp(Helpers)
             9.2% of time processing IMAG
            12.1% of time processing Remix
            20.8% of time processing Tubes(Helpers)
             0.0% of time writing files
    Running @   81.383% of real-time (8 threads)
[0m  [35m
 RAIJU
      UT   = 2001-06-01 23:28:55
      Time =    28.917 [min]
     dtCpl =  5.00E+00 [sec]
     Max/Min dt @ k:
        Max 3.13E+01 [sec] @ 58
        Min 1.38E-01 [sec] @ 160
     Flav : max Press/Den @ L,MLT; DPS-dst
        0: P =   0.00, D =9075.91 @  1.54 Rp,12.07 MLT; DPS:   0.00
        1: P =   0.09, D =   0.27 @  6.81 Rp,20.24 MLT; DPS:  -0.41
        2: P =   3.08, D =   0.28 @  3.96 Rp,23.34 MLT; DPS:  -4.98
[0m [32m<Writing HDF5 DATA @ t =    28.834 [min] >[0m 
[32m<Writing RAIJU HDF5 DATA @ t =    28.917 [min] >[0m 
 [36m
 GAMERA
      Time =    28.917 [min]
        ts =    23088
        dt =  8.30E-02 [sec]
    dt/dt0 =   69.745%
    Spent     0.0% of time waiting for Voltron
      kZCs =   3579.03 /   1489.93 [MHD/TOT] (8 threads)
[0m       CPCP =   72.712  68.224 [kV, N/S]
 [34m
 VOLTRON
      UT   = 2001-06-01 23:28:55
      tilt =    0.000 [deg]
    Sym-H  =   -5.000 [nT]
    BSDst  ~   16.491 [nT]
           dSMRs  ~     1.08   -0.08   -1.05    0.05 [nT, 12/18/00/06]
   DPSDst  ~   -4.511 [nT]
   Spent    46.5% of time waiting for Gamera
            11.2% of time processing Chimp(Helpers)
             9.2% of time processing IMAG
            12.1% of time processing Remix
            20.8% of time processing Tubes(Helpers)
             0.0% of time writing files
    Running @   81.357% of real-time (8 threads)
[0m  [35m
 RAIJU
      UT   = 2001-06-01 23:28:59
      Time =    29.000 [min]
     dtCpl =  5.00E+00 [sec]
     Max/Min dt @ k:
        Max 3.14E+01 [sec] @ 58
        Min 1.38E-01 [sec] @ 160
     Flav : max Press/Den @ L,MLT; DPS-dst
        0: P =   0.00, D =9075.91 @  1.54 Rp,12.07 MLT; DPS:   0.00
        1: P =   0.09, D =   0.27 @  6.81 Rp,20.24 MLT; DPS:  -0.40
        2: P =   3.08, D =   0.28 @  3.96 Rp,23.34 MLT; DPS:  -4.97
[0m [32m<Writing HDF5 DATA @ t =    28.917 [min] >[0m 
[32m<Writing RAIJU HDF5 DATA @ t =    29.000 [min] >[0m 
 [36m
 GAMERA
      Time =    29.000 [min]
        ts =    23148
        dt =  8.30E-02 [sec]
    dt/dt0 =   69.708%
    Spent     0.0% of time waiting for Voltron
      kZCs =   3579.61 /   1487.95 [MHD/TOT] (8 threads)
[0m       CPCP =   72.730  68.208 [kV, N/S]
 [34m
 VOLTRON
      UT   = 2001-06-01 23:29:00
      tilt =    0.000 [deg]
    Sym-H  =   -5.000 [nT]
    BSDst  ~   16.479 [nT]
           dSMRs  ~     1.09   -0.08   -1.05    0.05 [nT, 12/18/00/06]
   DPSDst  ~   -4.505 [nT]
   Spent    46.5% of time waiting for Gamera
            11.2% of time processing Chimp(Helpers)
             9.2% of time processing IMAG
            12.1% of time processing Remix
            20.8% of time processing Tubes(Helpers)
             0.0% of time writing files
    Running @   81.381% of real-time (8 threads)
[0m  [35m
 RAIJU
      UT   = 2001-06-01 23:29:05
      Time =    29.083 [min]
     dtCpl =  5.00E+00 [sec]
     Max/Min dt @ k:
        Max 3.14E+01 [sec] @ 58
        Min 1.38E-01 [sec] @ 160
     Flav : max Press/Den @ L,MLT; DPS-dst
        0: P =   0.00, D =9075.91 @  1.54 Rp,12.07 MLT; DPS:   0.00
        1: P =   0.09, D =   0.27 @  6.81 Rp,20.24 MLT; DPS:  -0.40
        2: P =   3.08, D =   0.28 @  3.96 Rp,23.34 MLT; DPS:  -4.97
[0m [32m<Writing HDF5 DATA @ t =    29.000 [min] >[0m 
[32m<Writing RAIJU HDF5 DATA @ t =    29.083 [min] >[0m 
 [36m
 GAMERA
      Time =    29.084 [min]
        ts =    23209
        dt =  8.30E-02 [sec]
    dt/dt0 =   69.672%
    Spent     0.0% of time waiting for Voltron
      kZCs =   3579.74 /   1503.62 [MHD/TOT] (8 threads)
[0m       CPCP =   72.739  68.232 [kV, N/S]
 [34m
 VOLTRON
      UT   = 2001-06-01 23:29:05
      tilt =    0.000 [deg]
    Sym-H  =   -5.000 [nT]
    BSDst  ~   16.468 [nT]
           dSMRs  ~     1.09   -0.08   -1.06    0.05 [nT, 12/18/00/06]
   DPSDst  ~   -4.500 [nT]
   Spent    46.6% of time waiting for Gamera
            11.2% of time processing Chimp(Helpers)
             9.2% of time processing IMAG
            12.1% of time processing Remix
            20.7% of time processing Tubes(Helpers)
             0.0% of time writing files
    Running @   81.424% of real-time (8 threads)
[0m  [35m
 RAIJU
      UT   = 2001-06-01 23:29:10
      Time =    29.167 [min]
     dtCpl =  5.00E+00 [sec]
     Max/Min dt @ k:
        Max 3.15E+01 [sec] @ 58
        Min 1.38E-01 [sec] @ 160
     Flav : max Press/Den @ L,MLT; DPS-dst
        0: P =   0.00, D =9075.91 @  1.54 Rp,12.07 MLT; DPS:   0.00
        1: P =   0.09, D =   0.28 @  6.82 Rp,20.24 MLT; DPS:  -0.40
        2: P =   3.08, D =   0.28 @  3.96 Rp,23.34 MLT; DPS:  -4.96
[0m [32m<Writing HDF5 DATA @ t =    29.084 [min] >[0m 
[32m<Writing RAIJU HDF5 DATA @ t =    29.167 [min] >[0m 
 [36m
 GAMERA
      Time =    29.167 [min]
        ts =    23269
        dt =  8.29E-02 [sec]
    dt/dt0 =   69.638%
    Spent     0.0% of time waiting for Voltron
      kZCs =   3581.35 /   1491.06 [MHD/TOT] (8 threads)
[0m       CPCP =   72.766  68.275 [kV, N/S]
 [34m
 VOLTRON
      UT   = 2001-06-01 23:29:10
      tilt =    0.000 [deg]
    Sym-H  =   -5.000 [nT]
    BSDst  ~   16.457 [nT]
           dSMRs  ~     1.09   -0.08   -1.06    0.05 [nT, 12/18/00/06]
   DPSDst  ~   -4.500 [nT]
   Spent    46.6% of time waiting for Gamera
            11.2% of time processing Chimp(Helpers)
             9.2% of time processing IMAG
            12.1% of time processing Remix
            20.7% of time processing Tubes(Helpers)
             0.0% of time writing files
    Running @   81.447% of real-time (8 threads)
[0m  [35m
 RAIJU
      UT   = 2001-06-01 23:29:15
      Time =    29.250 [min]
     dtCpl =  5.00E+00 [sec]
     Max/Min dt @ k:
        Max 3.15E+01 [sec] @ 58
        Min 1.38E-01 [sec] @ 160
     Flav : max Press/Den @ L,MLT; DPS-dst
        0: P =   0.00, D =9075.91 @  1.54 Rp,12.07 MLT; DPS:   0.00
        1: P =   0.09, D =   0.28 @  6.82 Rp,20.24 MLT; DPS:  -0.40
        2: P =   3.08, D =   0.28 @  3.96 Rp,23.34 MLT; DPS:  -4.96
[0m [32m<Writing HDF5 DATA @ t =    29.167 [min] >[0m 
[32m<Writing RAIJU HDF5 DATA @ t =    29.250 [min] >[0m 
 [36m
 GAMERA
      Time =    29.250 [min]
        ts =    23329
        dt =  8.29E-02 [sec]
    dt/dt0 =   69.606%
    Spent     0.0% of time waiting for Voltron
      kZCs =   3582.07 /   1491.89 [MHD/TOT] (8 threads)
[0m       CPCP =   72.805  68.318 [kV, N/S]
 [34m
 VOLTRON
      UT   = 2001-06-01 23:29:15
      tilt =    0.000 [deg]
    Sym-H  =   -5.000 [nT]
    BSDst  ~   16.447 [nT]
           dSMRs  ~     1.09   -0.08   -1.06    0.05 [nT, 12/18/00/06]
   DPSDst  ~   -4.494 [nT]
   Spent    46.6% of time waiting for Gamera
            11.2% of time processing Chimp(Helpers)
             9.2% of time processing IMAG
            12.0% of time processing Remix
            20.7% of time processing Tubes(Helpers)
             0.0% of time writing files
    Running @   81.345% of real-time (8 threads)
[0m  [35m
 RAIJU
      UT   = 2001-06-01 23:29:20
      Time =    29.333 [min]
     dtCpl =  5.00E+00 [sec]
     Max/Min dt @ k:
        Max 3.16E+01 [sec] @ 58
        Min 1.38E-01 [sec] @ 160
     Flav : max Press/Den @ L,MLT; DPS-dst
        0: P =   0.00, D =9075.91 @  1.54 Rp,12.07 MLT; DPS:   0.00
        1: P =   0.09, D =   0.28 @  6.82 Rp,20.24 MLT; DPS:  -0.39
        2: P =   3.08, D =   0.28 @  3.96 Rp,23.34 MLT; DPS:  -4.95
[0m [32m<Writing HDF5 DATA @ t =    29.250 [min] >[0m 
[32m<Writing RAIJU HDF5 DATA @ t =    29.333 [min] >[0m 
 [36m
 GAMERA
      Time =    29.335 [min]
        ts =    23390
        dt =  8.28E-02 [sec]
    dt/dt0 =   69.576%
    Spent     0.0% of time waiting for Voltron
      kZCs =   3580.88 /   1505.66 [MHD/TOT] (8 threads)
[0m       CPCP =   72.856  68.362 [kV, N/S]
 [34m
 VOLTRON
      UT   = 2001-06-01 23:29:20
      tilt =    0.000 [deg]
    Sym-H  =   -5.000 [nT]
    BSDst  ~   16.439 [nT]
           dSMRs  ~     1.10   -0.09   -1.06    0.05 [nT, 12/18/00/06]
   DPSDst  ~   -4.492 [nT]
   Spent    46.6% of time waiting for Gamera
            11.2% of time processing Chimp(Helpers)
             9.2% of time processing IMAG
            12.0% of time processing Remix
            20.7% of time processing Tubes(Helpers)
             0.0% of time writing files
    Running @   81.391% of real-time (8 threads)
[0m  [35m
 RAIJU
      UT   = 2001-06-01 23:29:25
      Time =    29.417 [min]
     dtCpl =  5.00E+00 [sec]
     Max/Min dt @ k:
        Max 3.16E+01 [sec] @ 58
        Min 1.38E-01 [sec] @ 160
     Flav : max Press/Den @ L,MLT; DPS-dst
        0: P =   0.00, D =9075.91 @  1.54 Rp,12.07 MLT; DPS:   0.00
        1: P =   0.09, D =   0.28 @  6.82 Rp,20.24 MLT; DPS:  -0.39
        2: P =   3.08, D =   0.28 @  3.96 Rp,23.27 MLT; DPS:  -4.95
[0m [32m<Writing HDF5 DATA @ t =    29.335 [min] >[0m 
[32m<Writing RAIJU HDF5 DATA @ t =    29.417 [min] >[0m 
 [36m
 GAMERA
      Time =    29.417 [min]
        ts =    23450
        dt =  8.28E-02 [sec]
    dt/dt0 =   69.554%
    Spent     0.0% of time waiting for Voltron
      kZCs =   3580.04 /   1495.93 [MHD/TOT] (8 threads)
[0m       CPCP =   72.925  68.405 [kV, N/S]
 [34m
 VOLTRON
      UT   = 2001-06-01 23:29:25
      tilt =    0.000 [deg]
    Sym-H  =   -5.000 [nT]
    BSDst  ~   16.431 [nT]
           dSMRs  ~     1.10   -0.09   -1.06    0.05 [nT, 12/18/00/06]
   DPSDst  ~   -4.495 [nT]
   Spent    46.6% of time waiting for Gamera
            11.2% of time processing Chimp(Helpers)
             9.2% of time processing IMAG
            12.0% of time processing Remix
            20.7% of time processing Tubes(Helpers)
             0.0% of time writing files
    Running @   81.398% of real-time (8 threads)
[0m  [35m
 RAIJU
      UT   = 2001-06-01 23:29:30
      Time =    29.500 [min]
     dtCpl =  5.00E+00 [sec]
     Max/Min dt @ k:
        Max 3.17E+01 [sec] @ 58
        Min 1.38E-01 [sec] @ 160
     Flav : max Press/Den @ L,MLT; DPS-dst
        0: P =   0.00, D =9075.91 @  1.54 Rp,12.07 MLT; DPS:   0.00
        1: P =   0.09, D =   0.28 @  6.82 Rp,20.24 MLT; DPS:  -0.39
        2: P =   3.08, D =   0.28 @  3.96 Rp,23.27 MLT; DPS:  -4.96
[0m [32m<Writing HDF5 DATA @ t =    29.417 [min] >[0m 
[32m<Writing RAIJU HDF5 DATA @ t =    29.500 [min] >[0m 
 [36m
 GAMERA
      Time =    29.500 [min]
        ts =    23510
        dt =  8.28E-02 [sec]
    dt/dt0 =   69.533%
    Spent     0.0% of time waiting for Voltron
      kZCs =   3579.32 /   1497.57 [MHD/TOT] (8 threads)
[0m       CPCP =   73.003  68.443 [kV, N/S]
 [34m
 VOLTRON
      UT   = 2001-06-01 23:29:30
      tilt =    0.000 [deg]
    Sym-H  =   -5.000 [nT]
    BSDst  ~   16.425 [nT]
           dSMRs  ~     1.10   -0.09   -1.06    0.05 [nT, 12/18/00/06]
   DPSDst  ~   -4.495 [nT]
   Spent    46.7% of time waiting for Gamera
            11.2% of time processing Chimp(Helpers)
             9.2% of time processing IMAG
            11.9% of time processing Remix
            20.8% of time processing Tubes(Helpers)
             0.0% of time writing files
    Running @   81.416% of real-time (8 threads)
[0m  [35m
 RAIJU
      UT   = 2001-06-01 23:29:35
      Time =    29.583 [min]
     dtCpl =  5.00E+00 [sec]
     Max/Min dt @ k:
        Max 3.16E+01 [sec] @ 58
        Min 1.38E-01 [sec] @ 160
     Flav : max Press/Den @ L,MLT; DPS-dst
        0: P =   0.00, D =9075.91 @  1.54 Rp,12.07 MLT; DPS:   0.00
        1: P =   0.09, D =   0.28 @  6.82 Rp,20.24 MLT; DPS:  -0.39
        2: P =   3.08, D =   0.28 @  3.96 Rp,23.27 MLT; DPS:  -4.96
[0m [32m<Writing HDF5 DATA @ t =    29.500 [min] >[0m 
[32m<Writing RAIJU HDF5 DATA @ t =    29.583 [min] >[0m 
 [36m
 GAMERA
      Time =    29.584 [min]
        ts =    23571
        dt =  8.28E-02 [sec]
    dt/dt0 =   69.517%
    Spent     0.0% of time waiting for Voltron
      kZCs =   3581.17 /   1512.57 [MHD/TOT] (8 threads)
[0m       CPCP =   73.079  68.479 [kV, N/S]
 [34m
 VOLTRON
      UT   = 2001-06-01 23:29:35
      tilt =    0.000 [deg]
    Sym-H  =   -5.000 [nT]
    BSDst  ~   16.419 [nT]
           dSMRs  ~     1.11   -0.09   -1.07    0.05 [nT, 12/18/00/06]
   DPSDst  ~   -4.493 [nT]
   Spent    46.8% of time waiting for Gamera
            11.2% of time processing Chimp(Helpers)
             9.2% of time processing IMAG
            11.9% of time processing Remix
            20.7% of time processing Tubes(Helpers)
             0.0% of time writing files
    Running @   81.472% of real-time (8 threads)
[0m  [35m
 RAIJU
      UT   = 2001-06-01 23:29:40
      Time =    29.667 [min]
     dtCpl =  5.00E+00 [sec]
     Max/Min dt @ k:
        Max 3.16E+01 [sec] @ 58
        Min 1.38E-01 [sec] @ 160
     Flav : max Press/Den @ L,MLT; DPS-dst
        0: P =   0.00, D =9075.91 @  1.54 Rp,12.07 MLT; DPS:   0.00
        1: P =   0.09, D =   0.28 @  6.82 Rp,20.24 MLT; DPS:  -0.39
        2: P =   3.08, D =   0.28 @  3.96 Rp,23.27 MLT; DPS:  -4.95
[0m [32m<Writing HDF5 DATA @ t =    29.584 [min] >[0m 
[32m<Writing RAIJU HDF5 DATA @ t =    29.667 [min] >[0m 
 [36m
 GAMERA
      Time =    29.667 [min]
        ts =    23631
        dt =  8.27E-02 [sec]
    dt/dt0 =   69.500%
    Spent     0.0% of time waiting for Voltron
      kZCs =   3583.38 /   1498.89 [MHD/TOT] (8 threads)
[0m       CPCP =   73.137  68.527 [kV, N/S]
 [34m
 VOLTRON
      UT   = 2001-06-01 23:29:40
      tilt =    0.000 [deg]
    Sym-H  =   -5.000 [nT]
    BSDst  ~   16.413 [nT]
           dSMRs  ~     1.11   -0.09   -1.07    0.05 [nT, 12/18/00/06]
   DPSDst  ~   -4.488 [nT]
   Spent    46.8% of time waiting for Gamera
            11.2% of time processing Chimp(Helpers)
             9.2% of time processing IMAG
            11.8% of time processing Remix
            20.8% of time processing Tubes(Helpers)
             0.0% of time writing files
    Running @   81.362% of real-time (8 threads)
[0m  [35m
 RAIJU
      UT   = 2001-06-01 23:29:45
      Time =    29.750 [min]
     dtCpl =  5.00E+00 [sec]
     Max/Min dt @ k:
        Max 3.16E+01 [sec] @ 58
        Min 1.38E-01 [sec] @ 160
     Flav : max Press/Den @ L,MLT; DPS-dst
        0: P =   0.00, D =9075.91 @  1.54 Rp,12.07 MLT; DPS:   0.00
        1: P =   0.09, D =   0.29 @  6.82 Rp,20.24 MLT; DPS:  -0.39
        2: P =   3.08, D =   0.28 @  3.96 Rp,23.27 MLT; DPS:  -4.95
[0m [32m<Writing HDF5 DATA @ t =    29.667 [min] >[0m 
[32m<Writing RAIJU HDF5 DATA @ t =    29.750 [min] >[0m 
 [36m
 GAMERA
      Time =    29.751 [min]
        ts =    23692
        dt =  8.27E-02 [sec]
    dt/dt0 =   69.484%
    Spent     0.0% of time waiting for Voltron
      kZCs =   3582.02 /   1512.42 [MHD/TOT] (8 threads)
[0m       CPCP =   73.199  68.570 [kV, N/S]
 [34m
 VOLTRON
      UT   = 2001-06-01 23:29:45
      tilt =    0.000 [deg]
    Sym-H  =   -5.000 [nT]
    BSDst  ~   16.407 [nT]
           dSMRs  ~     1.11   -0.09   -1.07    0.05 [nT, 12/18/00/06]
   DPSDst  ~   -4.484 [nT]
   Spent    46.8% of time waiting for Gamera
            11.2% of time processing Chimp(Helpers)
             9.2% of time processing IMAG
            11.8% of time processing Remix
            20.7% of time processing Tubes(Helpers)
             0.0% of time writing files
    Running @   81.419% of real-time (8 threads)
[0m  [35m
 RAIJU
      UT   = 2001-06-01 23:29:50
      Time =    29.833 [min]
     dtCpl =  5.00E+00 [sec]
     Max/Min dt @ k:
        Max 3.16E+01 [sec] @ 58
        Min 1.38E-01 [sec] @ 160
     Flav : max Press/Den @ L,MLT; DPS-dst
        0: P =   0.00, D =9075.91 @  1.54 Rp,12.07 MLT; DPS:   0.00
        1: P =   0.09, D =   0.29 @  6.82 Rp,20.24 MLT; DPS:  -0.39
        2: P =   3.08, D =   0.28 @  3.96 Rp,23.27 MLT; DPS:  -4.95
[0m [32m<Writing HDF5 DATA @ t =    29.751 [min] >[0m 
[32m<Writing RAIJU HDF5 DATA @ t =    29.833 [min] >[0m 
 [36m
 GAMERA
      Time =    29.834 [min]
        ts =    23752
        dt =  8.27E-02 [sec]
    dt/dt0 =   69.469%
    Spent     0.0% of time waiting for Voltron
      kZCs =   3583.96 /   1500.04 [MHD/TOT] (8 threads)
[0m       CPCP =   73.218  68.613 [kV, N/S]
 [34m
 VOLTRON
      UT   = 2001-06-01 23:29:50
      tilt =    0.000 [deg]
    Sym-H  =   -5.000 [nT]
    BSDst  ~   16.399 [nT]
           dSMRs  ~     1.11   -0.09   -1.07    0.05 [nT, 12/18/00/06]
   DPSDst  ~   -4.478 [nT]
   Spent    46.8% of time waiting for Gamera
            11.2% of time processing Chimp(Helpers)
             9.2% of time processing IMAG
            11.8% of time processing Remix
            20.8% of time processing Tubes(Helpers)
             0.0% of time writing files
    Running @   81.426% of real-time (8 threads)
[0m  [35m
 RAIJU
      UT   = 2001-06-01 23:29:55
      Time =    29.917 [min]
     dtCpl =  5.00E+00 [sec]
     Max/Min dt @ k:
        Max 3.16E+01 [sec] @ 55
        Min 1.38E-01 [sec] @ 160
     Flav : max Press/Den @ L,MLT; DPS-dst
        0: P =   0.00, D =9075.91 @  1.54 Rp,12.07 MLT; DPS:   0.00
        1: P =   0.09, D =   0.28 @  6.82 Rp,20.38 MLT; DPS:  -0.38
        2: P =   3.08, D =   0.28 @  3.96 Rp,23.27 MLT; DPS:  -4.94
[0m [32m<Writing HDF5 DATA @ t =    29.834 [min] >[0m 
[32m<Writing RAIJU HDF5 DATA @ t =    29.917 [min] >[0m 
 [36m
 GAMERA
      Time =    29.918 [min]
        ts =    23813
        dt =  8.27E-02 [sec]
    dt/dt0 =   69.453%
    Spent     0.0% of time waiting for Voltron
      kZCs =   3582.31 /   1513.26 [MHD/TOT] (8 threads)
[0m       CPCP =   73.274  68.662 [kV, N/S]
 [34m
 VOLTRON
      UT   = 2001-06-01 23:29:55
      tilt =    0.000 [deg]
    Sym-H  =   -5.000 [nT]
    BSDst  ~   16.391 [nT]
           dSMRs  ~     1.12   -0.09   -1.07    0.05 [nT, 12/18/00/06]
   DPSDst  ~   -4.478 [nT]
   Spent    46.9% of time waiting for Gamera
            11.2% of time processing Chimp(Helpers)
             9.2% of time processing IMAG
            11.7% of time processing Remix
            20.7% of time processing Tubes(Helpers)
             0.0% of time writing files
    Running @   81.482% of real-time (8 threads)
[0m  [35m
 RAIJU
      UT   = 2001-06-01 23:29:59
      Time =    30.000 [min]
     dtCpl =  5.00E+00 [sec]
     Max/Min dt @ k:
        Max 3.16E+01 [sec] @ 6
        Min 1.38E-01 [sec] @ 160
     Flav : max Press/Den @ L,MLT; DPS-dst
        0: P =   0.00, D =9075.91 @  1.54 Rp,12.07 MLT; DPS:   0.00
        1: P =   0.09, D =   0.28 @  6.82 Rp,20.38 MLT; DPS:  -0.38
        2: P =   3.08, D =   0.28 @  3.96 Rp,23.27 MLT; DPS:  -4.94
[0m [32m<Writing HDF5 DATA @ t =    29.918 [min] >[0m 
[32m<Writing RAIJU HDF5 DATA @ t =    30.000 [min] >[0m 
 [36m
 GAMERA
      Time =    30.001 [min]
        ts =    23873
        dt =  8.27E-02 [sec]
    dt/dt0 =   69.427%
    Spent     0.0% of time waiting for Voltron
      kZCs =   3581.64 /   1498.16 [MHD/TOT] (8 threads)
[0m       CPCP =   73.349  68.703 [kV, N/S]
 [34m
 VOLTRON
      UT   = 2001-06-01 23:30:00
      tilt =    0.000 [deg]
    Sym-H  =   -5.000 [nT]
    BSDst  ~   16.381 [nT]
           dSMRs  ~     1.12   -0.09   -1.08    0.05 [nT, 12/18/00/06]
   DPSDst  ~   -4.478 [nT]
   Spent    46.9% of time waiting for Gamera
            11.2% of time processing Chimp(Helpers)
             9.2% of time processing IMAG
            11.7% of time processing Remix
            20.8% of time processing Tubes(Helpers)
             0.0% of time writing files
    Running @   81.499% of real-time (8 threads)
[0m  [35m
 RAIJU
      UT   = 2001-06-01 23:30:05
      Time =    30.083 [min]
     dtCpl =  5.00E+00 [sec]
     Max/Min dt @ k:
        Max 3.16E+01 [sec] @ 49
        Min 1.38E-01 [sec] @ 160
     Flav : max Press/Den @ L,MLT; DPS-dst
        0: P =   0.00, D =9075.91 @  1.54 Rp,12.07 MLT; DPS:   0.00
        1: P =   0.09, D =   0.28 @  6.82 Rp,20.38 MLT; DPS:  -0.38
        2: P =   3.08, D =   0.28 @  3.96 Rp,23.14 MLT; DPS:  -4.94
[0m [32m<Writing HDF5 DATA @ t =    30.001 [min] >[0m 
[32m<Writing RAIJU HDF5 DATA @ t =    30.083 [min] >[0m 
 Fin
